DTXSID,PREFERRED NAME,CASRN,MOLECULAR FORMULA,MONOISOTOPIC MASS,ToxCast Active,ToxCast Total,% ToxCast Active,HIT CALL,TOP,SCALED TOP,AC50,LOGAC50
https://comptox.epa.gov/dashboard/chemical/details/DTXSID0020076,Amitrole,61-82-5,C2H4N4,84.043596,2,385,1.0,Inactive,1.4847948406581822e-11,7.423974203290911E-13,50,1.6989700043360187
https://comptox.epa.gov/dashboard/chemical/details/DTXSID0020105,Sodium L-ascorbate,134-03-2,C6H7NaO6,198.014032,14,620,2.0,Inactive,0.3472714262569113,0.017363571312845567,50,1.6989700043360187
https://comptox.epa.gov/dashboard/chemical/details/DTXSID0020022,Acifluorfen,50594-66-6,C14H7ClF3NO5,360.996485,48,680,7.0,Inactive,1.9301619525275129,0.09650809762637565,50,1.6989700043360187
https://comptox.epa.gov/dashboard/chemical/details/DTXSID0020107,Aspartame,22839-47-0,C14H18N2O5,294.121572,2,409,0.0,Inactive,2.8494658640559526e-10,1.4247329320279763E-11,50,1.6989700043360187
https://comptox.epa.gov/dashboard/chemical/details/DTXSID0020151,Benzyl acetate,140-11-4,C9H10O2,150.068080,12,355,3.0,Inactive,2.048745655908035,0.10243728279540174,0.008224140710649584,-2.084909467738892
https://comptox.epa.gov/dashboard/chemical/details/DTXSID0020286,3-Chloro-4-methylaniline,95-74-9,C7H8ClN,141.034527,9,357,3.0,Inactive,3.5588878208011896,0.1779443910400595,50,1.6989700043360187
https://comptox.epa.gov/dashboard/chemical/details/DTXSID0020311,Monuron,150-68-5,C9H11ClN2O,198.055991,16,598,3.0,Inactive,5.525502672669149e-11,2.7627513363345745E-12,50,1.6989700043360187
https://comptox.epa.gov/dashboard/chemical/details/DTXSID0020232,Caffeine,58-08-2,C8H10N4O2,194.080376,49,652,8.0,Inactive,1.8008570141715045e-8,9.004285070857523E-10,50,1.6989700043360187
https://comptox.epa.gov/dashboard/chemical/details/DTXSID0020319,Chlorothalonil,1897-45-6,C8Cl4N2,263.881559,341,737,46.0,Inactive,12.203358607522365,0.6101679303761183,7.580758182493175,0.8797126433637781
https://comptox.epa.gov/dashboard/chemical/details/DTXSID0020494,Dimethyl methylphosphonate,756-79-6,C3H9O3P,124.028931,2,356,1.0,Inactive,0.9326460565623388,0.04663230282811694,50,1.6989700043360187
https://comptox.epa.gov/dashboard/chemical/details/DTXSID0020440,Dichlorprop,120-36-5,C9H8Cl2O3,233.985050,10,654,2.0,Inactive,0.8203033712594248,0.04101516856297124,0.05505145093795659,-1.2592312302609099
https://comptox.epa.gov/dashboard/chemical/details/DTXSID0020442,"2,4-Dichlorophenoxyacetic acid",94-75-7,C8H6Cl2O3,219.969400,25,666,4.0,Inactive,3.063703618795966e-10,1.531851809397983E-11,50,1.6989700043360187
https://comptox.epa.gov/dashboard/chemical/details/DTXSID0020446,Diuron,330-54-1,C9H10Cl2N2O,232.017018,86,701,12.0,Inactive,5.055481273863631e-9,2.5277406369318156E-10,50,1.6989700043360187
https://comptox.epa.gov/dashboard/chemical/details/DTXSID0020498,Dimethyl terephthalate,120-61-6,C10H10O4,194.057909,25,570,4.0,Inactive,2.580818151517429e-8,1.2904090757587145E-9,50,1.6989700043360187
https://comptox.epa.gov/dashboard/chemical/details/DTXSID0020523,"2,4-Dinitrophenol",51-28-5,C6H4N2O5,184.012021,129,572,23.0,Inactive,5.2718432773376675e-11,2.6359216386688337E-12,50,1.6989700043360187
https://comptox.epa.gov/dashboard/chemical/details/DTXSID0020529,"2,4-Dinitrotoluene",121-14-2,C7H6N2O4,182.032757,21,601,3.0,Inactive,15.05497081688809,0.7527485408444046,0.027666414115210328,-1.5580471267606184
https://comptox.epa.gov/dashboard/chemical/details/DTXSID0020604,4-Vinyl-1-cyclohexene diepoxide,106-87-6,C8H12O2,140.083730,10,579,2.0,Inactive,0.6166357882182839,0.030831789410914197,50,1.6989700043360187
https://comptox.epa.gov/dashboard/chemical/details/DTXSID0020573,17beta-Estradiol,50-28-2,C18H24O2,272.177630,188,657,29.0,Active,74.22635199690959,3.7113175998454793,0.002291554756204916,-2.6398697609225636
https://comptox.epa.gov/dashboard/chemical/details/DTXSID0020575,Estragole,140-67-0,C10H12O,148.088815,3,345,1.0,Inactive,6.58241510965743e-13,3.291207554828715E-14,50,1.6989700043360187
https://comptox.epa.gov/dashboard/chemical/details/DTXSID0020606,Bis(2-ethylhexyl)hexanedioate,103-23-1,C22H42O4,370.308310,6,582,1.0,Inactive,1.055942744303064,0.0527971372151532,0.03026052191906549,-1.5191235857439156
https://comptox.epa.gov/dashboard/chemical/details/DTXSID0020652,Gemfibrozil,25812-30-0,C15H22O3,250.156895,18,379,5.0,Inactive,0.6677648123917603,0.03338824061958802,50,1.6989700043360187
https://comptox.epa.gov/dashboard/chemical/details/DTXSID0020654,Geranyl acetate,105-87-3,C12H20O2,196.146330,7,584,1.0,Inactive,1.9944396654691757e-10,9.972198327345878E-12,50,1.6989700043360187
https://comptox.epa.gov/dashboard/chemical/details/DTXSID0020737,Indole,120-72-9,C8H7N,117.057849,5,354,1.0,Inactive,9.664038092986763,0.48320190464933815,50,1.6989700043360187
https://comptox.epa.gov/dashboard/chemical/details/DTXSID0020656,Gibberellic acid,77-06-5,C19H22O6,346.141638,1,345,0.0,Inactive,3.3799767335547806,0.16899883667773902,50,1.6989700043360187
https://comptox.epa.gov/dashboard/chemical/details/DTXSID0020814,Mestranol,72-33-3,C21H26O2,310.193280,131,527,25.0,Inactive,8.362037944203045,0.4181018972101523,49.99999999999999,1.6989700043360187
https://comptox.epa.gov/dashboard/chemical/details/DTXSID0020862,3-Methylcholanthrene,56-49-5,C21H16,268.125201,28,244,11.0,Inactive,1.204304471751168e-11,6.02152235875584E-13,50,1.6989700043360187
https://comptox.epa.gov/dashboard/chemical/details/DTXSID0020941,Sodium nitrite,7632-00-0,NNaO2,68.982673,1,575,0.0,Inactive,3.1794939721033373e-7,1.5897469860516687E-8,50,1.6989700043360187
https://comptox.epa.gov/dashboard/chemical/details/DTXSID0020943,5-Nitro-o-anisidine,99-59-2,C7H8N2O3,168.053492,21,601,3.0,Inactive,18.432047966306556,0.9216023983153278,0.02672354077559862,-1.5731059998855974
https://comptox.epa.gov/dashboard/chemical/details/DTXSID0021125,Phenolphthalein,77-09-8,C20H14O4,318.089209,208,659,32.0,Active,45.413825524749434,2.270691276237472,83.53994368146826,1.921894178149167
https://comptox.epa.gov/dashboard/chemical/details/DTXSID0021094,"4,4'-Oxydianiline",101-80-4,C12H12N2O,200.094963,44,614,7.0,Inactive,2.1335736189137693,0.10667868094568847,0.04331797756319761,-1.36333182798501
https://comptox.epa.gov/dashboard/chemical/details/DTXSID0021123,Phenobarbital sodium,57-30-7,C12H11N2NaO3,254.066736,14,663,2.0,Inactive,4.53520086868145,0.2267600434340725,93.14175116150234,1.9691443988600588
https://comptox.epa.gov/dashboard/chemical/details/DTXSID0021206,"1,2-Propylene glycol",57-55-6,C3H8O2,76.052429,5,605,1.0,Inactive,16.82757633597566,0.841378816798783,0.4736239904300226,-0.3245663074517354
https://comptox.epa.gov/dashboard/chemical/details/DTXSID0021254,Safrole,94-59-7,C10H10O2,162.068080,8,591,1.0,Inactive,4.20650349051404e-11,2.10325174525702E-12,50,1.6989700043360187
https://comptox.epa.gov/dashboard/chemical/details/DTXSID0021175,Polysorbate 80,9005-65-6,, ,12,346,3.0,Inactive,3.532712327902474,0.1766356163951237,15.511170085865164,1.1906445600745659
https://comptox.epa.gov/dashboard/chemical/details/DTXSID0021256,Sulfasalazine,599-79-1,C18H14N4O5S,398.068491,45,660,7.0,Inactive,2.0293020111574713,0.10146510055787357,50,1.6989700043360187
https://comptox.epa.gov/dashboard/chemical/details/DTXSID0021337,Thiabendazole,148-79-8,C10H7N3S,201.036068,63,677,9.0,Inactive,3.9374880592460836e-13,1.9687440296230418E-14,50,1.6989700043360187
https://comptox.epa.gov/dashboard/chemical/details/DTXSID0021385,Folpet,133-07-3,C9H4Cl3NO2S,294.902833,177,700,25.0,Inactive,18.693008488412875,0.9346504244206437,94.15388494145932,1.9738382444145992
https://comptox.epa.gov/dashboard/chemical/details/DTXSID0021389,Trichlorfon,52-68-6,C4H8Cl3O4P,255.922579,87,701,12.0,Inactive,10.733582139820452,0.5366791069910226,0.02744279785662296,-1.5615716133825746
https://comptox.epa.gov/dashboard/chemical/details/DTXSID0021597,Heptanal,111-71-7,C7H14O,114.104465,9,458,2.0,Inactive,2.8972568744333344e-11,1.4486284372166672E-12,50,1.6989700043360187
https://comptox.epa.gov/dashboard/chemical/details/DTXSID0021460,Zearalenone,17924-92-4,C18H22O5,318.146724,150,416,36.0,Active,42.551469368205126,2.1275734684102563,83.69952879687047,1.9227230130530564
https://comptox.epa.gov/dashboard/chemical/details/DTXSID0021414,Tris(2-ethylhexyl) phosphate,78-42-2,C24H51O4P,434.352497,65,628,10.0,Inactive,6.818043324352068e-10,3.409021662176034E-11,50,1.6989700043360187
https://comptox.epa.gov/dashboard/chemical/details/DTXSID0021464,Ziram,137-30-4,C6H12N2S4Zn,303.917475,368,632,58.0,Active,107.42961730147013,5.371480865073506,34.87556732156895,1.5425212810163602
https://comptox.epa.gov/dashboard/chemical/details/DTXSID0021888,2-Pentanone,107-87-9,C5H10O,86.073165,3,349,1.0,Inactive,4.777076339000129e-10,2.3885381695000644E-11,50,1.6989700043360187
https://comptox.epa.gov/dashboard/chemical/details/DTXSID0021759,2-Methyl-1-propanol,78-83-1,C4H10O,74.073165,1,327,0.0,Inactive,7.553649496399831e-11,3.776824748199916E-12,50,1.6989700043360187
https://comptox.epa.gov/dashboard/chemical/details/DTXSID0021834,4-Nitrophenol,100-02-7,C6H5NO3,139.026943,39,599,7.0,Inactive,2.5187607441725444,0.12593803720862723,50.00000000000001,1.6989700043360187
https://comptox.epa.gov/dashboard/chemical/details/DTXSID0021836,"1,4-Dinitrobenzene",100-25-4,C6H4N2O4,168.017107,85,313,27.0,Inactive,5.28298759166586,0.264149379583293,77.31513320090914,1.8882645084383567
https://comptox.epa.gov/dashboard/chemical/details/DTXSID0021832,"N,N,4-Trimethylaniline",99-97-8,C9H13N,135.104799,11,577,2.0,Inactive,0.9829406614916963,0.04914703307458482,50,1.6989700043360187
https://comptox.epa.gov/dashboard/chemical/details/DTXSID0021965,"1,2,4-Trichlorobenzene",120-82-1,C6H3Cl3,179.930033,26,616,4.0,Inactive,4.1164307923588954e-11,2.0582153961794477E-12,50,1.6989700043360187
https://comptox.epa.gov/dashboard/chemical/details/DTXSID0021961,Benzophenone,119-61-9,C13H10O,182.073165,21,590,4.0,Inactive,1.6410405912986388,0.08205202956493193,50,1.6989700043360187
https://comptox.epa.gov/dashboard/chemical/details/DTXSID0021969,4-Hydroxy-3-methoxybenzaldehyde,121-33-5,C8H8O3,152.047344,20,590,3.0,Inactive,1.018962919850505e-9,5.094814599252525E-11,50,1.6989700043360187
https://comptox.epa.gov/dashboard/chemical/details/DTXSID0022353,"3-Chloro[1,1′-biphenyl]-4-ol",92-04-6,C12H9ClO,204.034193,106,402,26.0,Inactive,35.63592280560325,1.7817961402801625,50,1.6989700043360187
https://comptox.epa.gov/dashboard/chemical/details/DTXSID0022014,Hydroquinone dimethyl ether,150-78-7,C8H10O2,138.068080,0,345,0.0,Inactive,1.1103475532875649e-10,5.551737766437825E-12,50,1.6989700043360187
https://comptox.epa.gov/dashboard/chemical/details/DTXSID0022018,Disulfoton,298-04-4,C8H19O2PS3,274.028480,51,731,7.0,Inactive,1.7804207862050603e-12,8.902103931025302E-14,50,1.6989700043360187
https://comptox.epa.gov/dashboard/chemical/details/DTXSID0022068,2-Hexanone,591-78-6,C6H12O,100.088815,0,7,0.0,Inactive,0.3583464568400628,0.01791732284200314,50,1.6989700043360187
https://comptox.epa.gov/dashboard/chemical/details/DTXSID0022480,3-Ethylphenol,620-17-7,C8H10O,122.073165,5,351,1.0,Inactive,1.0056341195283895,0.050281705976419476,0.08656055347875183,-1.0626799752966638
https://comptox.epa.gov/dashboard/chemical/details/DTXSID0022436,"4,4-Bis(4-hydroxyphenyl)valeric acid",126-00-1,C17H18O4,286.120509,28,507,6.0,Inactive,2.548942379780411,0.12744711898902056,49.99999999999999,1.6989700043360187
https://comptox.epa.gov/dashboard/chemical/details/DTXSID0022519,Folic acid,59-30-3,C19H19N7O6,441.139681,17,615,3.0,Inactive,2.9153050869575288,0.14576525434787643,50,1.6989700043360187
https://comptox.epa.gov/dashboard/chemical/details/DTXSID0022777,Celecoxib,169590-42-5,C17H14F3N3O2S,381.075882,254,635,40.0,Inactive,10.518857204814545,0.5259428602407272,49.99999999999999,1.6989700043360187
https://comptox.epa.gov/dashboard/chemical/details/DTXSID0022933,Digitoxin,71-63-6,C41H64O13,764.434692,100,325,31.0,Inactive,2.1053114209630994e-12,1.0526557104815497E-13,35.000000000000256,1.5440680443502788
https://comptox.epa.gov/dashboard/chemical/details/DTXSID0023113,2-Methoxyphenol,90-05-1,C7H8O2,124.052429,2,353,1.0,Inactive,4.224081236960488,0.21120406184802437,4.596676453975081,0.6624439361631153
https://comptox.epa.gov/dashboard/chemical/details/DTXSID0023296,Methylene blue,61-73-4,C16H18ClN3S,319.090997,162,375,43.0,Active,95.104614035643,4.75523070178215,71.16684654086906,1.8522777223220568
https://comptox.epa.gov/dashboard/chemical/details/DTXSID0023745,D-Xylose,58-86-6,C5H10O5,150.052823,3,468,1.0,Inactive,2.7685970537329148,0.13842985268664573,0.002011023952388535,-2.696582756689076
https://comptox.epa.gov/dashboard/chemical/details/DTXSID0023581,Simvastatin,79902-63-9,C25H38O5,418.271924,219,667,33.0,Inactive,0.6633679099800385,0.033168395499001926,50,1.6989700043360187
https://comptox.epa.gov/dashboard/chemical/details/DTXSID0023826,Isophorone diisocyanate,4098-71-9,C12H18N2O2,222.136828,19,612,3.0,Inactive,2.2396288350844498,0.11198144175422249,0.02227848970176521,-1.6521142540917417
https://comptox.epa.gov/dashboard/chemical/details/DTXSID0023878,Anthracene,120-12-7,C14H10,178.078250,38,651,6.0,Inactive,5.866629478214596,0.2933314739107298,50,1.6989700043360187
https://comptox.epa.gov/dashboard/chemical/details/DTXSID0023901,Bentazone,25057-89-0,C10H12N2O3S,240.056863,16,658,2.0,Inactive,1.713089322899486,0.0856544661449743,50,1.6989700043360187
https://comptox.epa.gov/dashboard/chemical/details/DTXSID0023907,Benzo(b)fluoranthene,205-99-2,C20H12,252.093900,160,624,26.0,Inactive,0.9732400684063917,0.04866200342031958,25.000000000000075,1.3979400086720388
https://comptox.epa.gov/dashboard/chemical/details/DTXSID0023909,Benzo[k]fluoranthene,207-08-9,C20H12,252.093900,58,267,22.0,Inactive,0.5584507855813995,0.027922539279069975,0.08204706390725106,-1.0859369557649952
https://comptox.epa.gov/dashboard/chemical/details/DTXSID0023951,Carboxin,5234-68-4,C12H13NO2S,235.066700,69,667,10.0,Inactive,1.529312464426562e-10,7.64656232213281E-12,50,1.6989700043360187
https://comptox.epa.gov/dashboard/chemical/details/DTXSID0024052,Dimethipin,55290-64-7,C6H10O4S2,210.002051,94,608,15.0,Inactive,1.7984961384157966e-10,8.992480692078983E-12,50,1.6989700043360187
https://comptox.epa.gov/dashboard/chemical/details/DTXSID0024000,Chlorthal-dimethyl,1861-32-1,C10H6Cl4O4,329.902019,28,592,5.0,Inactive,2.7968760334507823e-9,1.3984380167253912E-10,50,1.6989700043360187
https://comptox.epa.gov/dashboard/chemical/details/DTXSID0024266,Pirimiphos-methyl,29232-93-7,C11H20N3O3PS,305.096300,138,716,19.0,Inactive,4.671007783910111e-12,2.3355038919550556E-13,50,1.6989700043360187
https://comptox.epa.gov/dashboard/chemical/details/DTXSID0024002,Fenpropathrin,39515-41-8,C22H23NO3,349.167794,115,677,17.0,Inactive,4.627014815902484,0.23135074079512422,0.035940175664432014,-1.4444198045251238
https://comptox.epa.gov/dashboard/chemical/details/DTXSID0024216,Nitrapyrin,1929-82-4,C6H3Cl4N,228.901960,20,638,3.0,Inactive,1.3060004221877755,0.06530002110938878,50,1.6989700043360187
https://comptox.epa.gov/dashboard/chemical/details/DTXSID0024553,Azodicarbonamide,123-77-3,C2H4N4O2,116.033425,5,348,1.0,Inactive,1.5575724539911771e-10,7.787862269955886E-12,50,1.6989700043360187
https://comptox.epa.gov/dashboard/chemical/details/DTXSID0025363,Glycolic acid,79-14-1,C2H4O3,76.016044,3,347,1.0,Inactive,3.0264993399620175,0.15132496699810088,50,1.6989700043360187
https://comptox.epa.gov/dashboard/chemical/details/DTXSID0025101,3-Dimethylaminophenol,99-07-0,C8H11NO,137.084064,35,351,10.0,Inactive,3.0769734914026866e-8,1.5384867457013433E-9,50,1.6989700043360187
https://comptox.epa.gov/dashboard/chemical/details/DTXSID0025234,Eosin,17372-87-1,C20H6Br4Na2O5,687.674414,91,360,25.0,Inactive,4.0011272795029615,0.2000563639751481,50.00000000000001,1.6989700043360187
https://comptox.epa.gov/dashboard/chemical/details/DTXSID0025523,Maltol,118-71-8,C6H6O3,126.031694,9,608,1.0,Inactive,2.3247580786317712e-11,1.1623790393158856E-12,50,1.6989700043360187
https://comptox.epa.gov/dashboard/chemical/details/DTXSID0025527,Medroxyprogesterone acetate,71-58-9,C24H34O4,386.245710,70,455,15.0,Active,41.70359704322952,2.085179852161476,0.0003000000195861723,-3.52287871692645
https://comptox.epa.gov/dashboard/chemical/details/DTXSID0025816,Oxalic acid,144-62-7,C2H2O4,89.995309,5,349,1.0,Inactive,2.3150895620598044,0.11575447810299022,50,1.6989700043360187
https://comptox.epa.gov/dashboard/chemical/details/DTXSID0025864,4-Ethoxyaniline,156-43-4,C8H11NO,137.084064,18,358,5.0,Inactive,6.61526860369786,0.330763430184893,50,1.6989700043360187
https://comptox.epa.gov/dashboard/chemical/details/DTXSID0026171,Tolyltriazole,29385-43-1,C7H7N3,133.063997,12,355,3.0,Inactive,9.390258175077716e-9,4.695129087538858E-10,50,1.6989700043360187
https://comptox.epa.gov/dashboard/chemical/details/DTXSID0026252,Triphenyl phosphite,101-02-0,C18H15O3P,310.075881,12,620,2.0,Inactive,5.614844822996176e-12,2.807422411498088E-13,50,1.6989700043360187
https://comptox.epa.gov/dashboard/chemical/details/DTXSID0026258,Tris(2-chloroethyl) phosphite,140-08-9,C6H12Cl3O3P,267.958964,1,347,0.0,Inactive,6.1893598726502885,0.3094679936325144,50,1.6989700043360187
https://comptox.epa.gov/dashboard/chemical/details/DTXSID0026880,"1,2-Ethanediol diacetate",111-55-7,C6H10O4,146.057909,4,355,1.0,Inactive,4.0248558943952095e-11,2.0124279471976047E-12,50,1.6989700043360187
https://comptox.epa.gov/dashboard/chemical/details/DTXSID0026915,1-Undecanol,112-42-5,C11H24O,172.182715,57,593,10.0,Active,65.36881653517742,3.2684408267588707,92.6872382389654,1.9670199418690621
https://comptox.epa.gov/dashboard/chemical/details/DTXSID0026838,Isopropyl tetradecanoate,110-27-0,C17H34O2,270.255880,1,359,0.0,Inactive,9.45432175341294,0.472716087670647,95.93946353689212,1.9819972856994126
https://comptox.epa.gov/dashboard/chemical/details/DTXSID0027014,2-Octanol,123-96-6,C8H18O,130.135765,5,362,1.0,Inactive,14.050586851668614,0.7025293425834307,50,1.6989700043360187
https://comptox.epa.gov/dashboard/chemical/details/DTXSID0027149,Cyanoacetic acid,372-09-8,C3H3NO2,85.016378,0,241,0.0,Inactive,9.119514870343545,0.4559757435171773,0.053624155632307144,-1.270639533168371
https://comptox.epa.gov/dashboard/chemical/details/DTXSID0027191,"1,3-Cyclopentadiene",542-92-7,C5H6,66.046950,0,349,0.0,Inactive,2.0664874216714093,0.10332437108357047,50.00000000000001,1.6989700043360187
https://comptox.epa.gov/dashboard/chemical/details/DTXSID0026967,Diethylene glycol dibenzoate,120-55-8,C18H18O5,314.115424,21,601,3.0,Inactive,9.91658063844825,0.4958290319224125,50.00000000000001,1.6989700043360187
https://comptox.epa.gov/dashboard/chemical/details/DTXSID0027195,Hexadecane,544-76-3,C16H34,226.266051,2,569,0.0,Inactive,0.0781098297510721,0.0039054914875536048,50,1.6989700043360187
https://comptox.epa.gov/dashboard/chemical/details/DTXSID0027222,Terpinolene,586-62-9,C10H16,136.125201,7,352,2.0,Inactive,1.4113640178901122e-9,7.056820089450561E-11,50,1.6989700043360187
https://comptox.epa.gov/dashboard/chemical/details/DTXSID0027270,1-Pentadecanol,629-76-5,C15H32O,228.245316,57,585,10.0,Inactive,0.13554924132560706,0.0067774620662803525,49.99999999999999,1.6989700043360187
https://comptox.epa.gov/dashboard/chemical/details/DTXSID0027640,Malic acid,6915-15-7,C4H6O5,134.021523,6,615,1.0,Inactive,2.0138668017349572e-10,1.0069334008674786E-11,50,1.6989700043360187
https://comptox.epa.gov/dashboard/chemical/details/DTXSID0027721,4-(2-Phenylpropan-2-yl)-N-[4-(2-phenylpropan-2-yl)phenyl]aniline,10081-67-1,C30H31N,405.245650,43,362,12.0,Inactive,1.229825686631963,0.06149128433159815,49.99999999999999,1.6989700043360187
https://comptox.epa.gov/dashboard/chemical/details/DTXSID0028038,3-Iodo-2-propynyl-N-butylcarbamate,55406-53-6,C8H12INO2,280.991270,317,790,40.0,Active,58.16993981763768,2.908496990881884,21.74712258878622,1.3374018026019079
https://comptox.epa.gov/dashboard/chemical/details/DTXSID0027983,Dipropylene glycol monomethyl ether,34590-94-8,C7H16O3,148.109944,12,621,2.0,Inactive,6.325581778264276,0.31627908891321377,2.5234677131346746,0.4019977524629475
https://comptox.epa.gov/dashboard/chemical/details/DTXSID0027856,Dipropylene glycol,25265-71-8,C6H14O3,134.094294,3,575,1.0,Inactive,3.165653385766286,0.1582826692883143,50,1.6989700043360187
https://comptox.epa.gov/dashboard/chemical/details/DTXSID0027852,Chlorotoluene,25168-05-2,, ,2,346,1.0,Inactive,0.09495961429970332,0.004747980714985165,50.00000000000001,1.6989700043360187
https://comptox.epa.gov/dashboard/chemical/details/DTXSID0029210,Butyltin trichloride,1118-46-3,C4H9Cl3Sn,281.879185,5,348,1.0,Inactive,2.6911132425507365,0.13455566212753683,50.00000000000001,1.6989700043360187
https://comptox.epa.gov/dashboard/chemical/details/DTXSID0029214,Methylionone,1335-46-2,, ,23,355,6.0,Inactive,0.8906863897152975,0.044534319485764876,50,1.6989700043360187
https://comptox.epa.gov/dashboard/chemical/details/DTXSID0028666,"1,2-Benzenedicarboxylic acid, di-C9-11-branched alkyl esters, C10-rich",68515-49-1,, ,7,579,1.0,Inactive,3.032315412931767,0.15161577064658835,50,1.6989700043360187
https://comptox.epa.gov/dashboard/chemical/details/DTXSID0029133,4-Hydroxyacetophenone,99-93-4,C8H8O2,136.052429,2,345,1.0,Inactive,1.9807039896458315e-10,9.903519948229157E-12,50,1.6989700043360187
https://comptox.epa.gov/dashboard/chemical/details/DTXSID0029187,"2,6-Dimethylnaphthalene",581-42-0,C12H12,156.093900,0,241,0.0,Inactive,1.1512308887544047,0.057561544437720234,0.020899974360462665,-1.6798542466696356
https://comptox.epa.gov/dashboard/chemical/details/DTXSID0029761,Sodium dichloroisocyanurate dihydrate,51580-86-0,C3H4Cl2N3NaO5,254.942570,1,347,0.0,Inactive,4.192808761744485,0.20964043808722424,50,1.6989700043360187
https://comptox.epa.gov/dashboard/chemical/details/DTXSID0029848,"Acetic acid, C8-10-branched alkyl esters, C9-rich",108419-33-6,, ,1,344,0.0,Inactive,1.0110175310650615,0.05055087655325308,0.0005000007404378889,-3.301029352528279
https://comptox.epa.gov/dashboard/chemical/details/DTXSID0029262,"2,6-Di-tert-butyl-4-ethylphenol",4130-42-1,C16H26O,234.198365,47,364,13.0,Inactive,7.015163340876452,0.35075816704382257,50,1.6989700043360187
https://comptox.epa.gov/dashboard/chemical/details/DTXSID0029559,Diazolidinyl urea,78491-02-8,C8H14N4O7,278.086249,3,349,1.0,Inactive,9.639653611067097,0.4819826805533548,50,1.6989700043360187
https://comptox.epa.gov/dashboard/chemical/details/DTXSID0032316,"4-Chloro-3,5-dimethylphenol",88-04-0,C8H9ClO,156.034193,50,397,13.0,Active,60.31421390141243,3.0157106950706214,87.40695220989143,1.9415459771002415
https://comptox.epa.gov/dashboard/chemical/details/DTXSID0032493,Triadimenol,55219-65-3,C14H18ClN3O2,295.108754,111,723,15.0,Inactive,4.662959144272722,0.23314795721363607,0.0005000035394948736,-3.301026921308678
https://comptox.epa.gov/dashboard/chemical/details/DTXSID0032497,Triclopyr,55335-06-3,C7H4Cl3NO3,254.925676,20,644,3.0,Inactive,3.8521007763622994,0.19260503881811497,50,1.6989700043360187
https://comptox.epa.gov/dashboard/chemical/details/DTXSID0032520,Azoxystrobin,131860-33-8,C22H17N3O5,403.116821,253,836,30.0,Inactive,0.5824997625196733,0.029124988125983665,0.0005000100496732558,-3.301021266716424
https://comptox.epa.gov/dashboard/chemical/details/DTXSID0032572,Prallethrin,23031-36-9,C19H24O3,300.172545,210,782,27.0,Inactive,2.560430547922522,0.1280215273961261,50,1.6989700043360187
https://comptox.epa.gov/dashboard/chemical/details/DTXSID0032601,Cyproconazole,94361-06-5,C15H18ClN3O,291.113840,99,705,14.0,Inactive,4.0320297229621005,0.20160148614810502,50,1.6989700043360187
https://comptox.epa.gov/dashboard/chemical/details/DTXSID0032578,Thiodicarb,59669-26-0,C10H18N4O4S3,354.049019,170,672,25.0,Active,24.18320063837366,1.209160031918683,82.76544735561883,1.9178490668007449
https://comptox.epa.gov/dashboard/chemical/details/DTXSID0032605,(+-)-Diclofop-methyl,51338-27-3,C16H14Cl2O4,340.026914,54,660,8.0,Inactive,0.6650261538932253,0.03325130769466127,50,1.6989700043360187
https://comptox.epa.gov/dashboard/chemical/details/DTXSID0032651,Thidiazuron,51707-55-2,C9H8N4OS,220.041882,149,690,22.0,Inactive
https://comptox.epa.gov/dashboard/chemical/details/DTXSID0032655,Triticonazole,131983-72-7,C17H20ClN3O,317.129490,91,755,12.0,Active,55.41035822967672,2.770517911483836,15.32000285520293,1.1852588462364522
https://comptox.epa.gov/dashboard/chemical/details/DTXSID0034223,Tebufenpyrad,119168-77-3,C18H24ClN3O,333.160790,302,667,45.0,Inactive,2.05012661758252,0.102506330879126,50,1.6989700043360187
https://comptox.epa.gov/dashboard/chemical/details/DTXSID0034227,Icaridin,119515-38-7,C12H23NO3,229.167794,11,663,2.0,Inactive,3.4051264248771766e-8,1.7025632124385884E-9,50.00000000000001,1.6989700043360187
https://comptox.epa.gov/dashboard/chemical/details/DTXSID0034192,17beta-Trenbolone,10161-33-8,C18H22O2,270.161980,180,705,26.0,Active,109.53315883823268,5.476657941911634,0.002707032839085247,-2.5675064757599673
https://comptox.epa.gov/dashboard/chemical/details/DTXSID0034300,Acetamiprid,135410-20-7,C10H11ClN4,222.067224,16,702,2.0,Inactive,1.6427455550905647,0.08213727775452824,50,1.6989700043360187
https://comptox.epa.gov/dashboard/chemical/details/DTXSID0034229,gamma-Nonanolactone,104-61-0,C9H16O2,156.115030,0,350,0.0,Inactive,4.646509629482373,0.23232548147411863,49.99999999999999,1.6989700043360187
https://comptox.epa.gov/dashboard/chemical/details/DTXSID0034518,Desmedipham,13684-56-5,C16H16N2O4,300.111007,31,369,8.0,Inactive,2.3811673251713725,0.11905836625856862,50,1.6989700043360187
https://comptox.epa.gov/dashboard/chemical/details/DTXSID0034566,Emamectin benzoate,155569-91-8,, ,486,827,59.0,Active,58.49756522058318,2.9248782610291593,15.73788488777277,1.1969463644084923
https://comptox.epa.gov/dashboard/chemical/details/DTXSID0034695,Mancozeb,8018-01-7,C8H12MnN4S8Zn,538.749952,242,898,27.0,Inactive,2.83057224526272,0.141528612263136,25.000000000000075,1.3979400086720388
https://comptox.epa.gov/dashboard/chemical/details/DTXSID0034803,Penoxsulam,219714-96-2,C16H14F5N5O5S,483.063581,42,669,6.0,Inactive,2.5880567419617106,0.12940283709808553,50,1.6989700043360187
https://comptox.epa.gov/dashboard/chemical/details/DTXSID0034851,Dichlorprop-P,15165-67-0,C9H8Cl2O3,233.985050,2,201,1.0,Inactive,12.125975271113374,0.6062987635556687,8.0461675212252,0.9055890703414241
https://comptox.epa.gov/dashboard/chemical/details/DTXSID0034855,Fuazifop-P-butyl,79241-46-6,C19H20F3NO4,383.134443,31,664,5.0,Inactive,1.768641932964255,0.08843209664821275,50,1.6989700043360187
https://comptox.epa.gov/dashboard/chemical/details/DTXSID0035160,alpha-Ionone,127-41-3,C13H20O,192.151415,7,352,2.0,Inactive,0.0962938102826624,0.00481469051413312,50.00000000000001,1.6989700043360187
https://comptox.epa.gov/dashboard/chemical/details/DTXSID0034930,Fosthiazate,98886-44-3,C9H18NO3PS2,283.046573,32,683,5.0,Inactive,9.760336630811076e-12,4.880168315405538E-13,50,1.6989700043360187
https://comptox.epa.gov/dashboard/chemical/details/DTXSID0034722,Topramezone,210631-68-8,C16H17N3O5S,363.088892,1,418,0.0,Inactive,6.73237753598693e-9,3.366188767993465E-10,19.999999999999893,1.3010299956639788
https://comptox.epa.gov/dashboard/chemical/details/DTXSID0035748,Chloroallyl methenamine chloride,51229-78-8,C9H16Cl2N4,250.075202,33,350,9.0,Inactive,1.0047699282599214,0.05023849641299607,50,1.6989700043360187
https://comptox.epa.gov/dashboard/chemical/details/DTXSID0038881,C.I. Acid Orange 7,633-96-5,C16H11N2NaO4S,350.033722,78,361,22.0,Inactive,3.492005687826336e-9,1.746002843913168E-10,50,1.6989700043360187
https://comptox.epa.gov/dashboard/chemical/details/DTXSID0037730,"1,4-Dihydroxy-2-naphthoic acid",31519-22-9,C11H8O4,204.042259,148,381,39.0,Inactive,10.927432811494667,0.5463716405747333,93.67142895019484,1.9716071454083552
https://comptox.epa.gov/dashboard/chemical/details/DTXSID0038700,2-Methoxy-4-nitroaniline,97-52-9,C7H8N2O3,168.053492,32,369,9.0,Inactive,0.9815030929899684,0.04907515464949842,0.0005000006472866605,-3.3010294334382952
https://comptox.epa.gov/dashboard/chemical/details/DTXSID0039223,Aldicarb,116-06-3,C7H14N2O2S,190.077599,23,722,3.0,Inactive,1.6336084590385477e-8,8.168042295192738E-10,50,1.6989700043360187
https://comptox.epa.gov/dashboard/chemical/details/DTXSID0038887,Fluorescein,2321-07-5,C20H12O5,332.068473,75,489,15.0,Inactive,1.6418130416829364e-10,8.209065208414682E-12,50,1.6989700043360187
https://comptox.epa.gov/dashboard/chemical/details/DTXSID0040701,Triethyl citrate,77-93-0,C12H20O7,276.120903,4,575,1.0,Inactive,2.4621264346111857,0.12310632173055928,92.77677266723816,1.967439261077894
https://comptox.epa.gov/dashboard/chemical/details/DTXSID0040707,4-Pentylaniline,33228-44-3,C11H17N,163.136100,49,601,8.0,Inactive,5.4040736083521256e-8,2.702036804176063E-9,50,1.6989700043360187
https://comptox.epa.gov/dashboard/chemical/details/DTXSID0037495,Deisopropylatrazine,1007-28-9,C5H8ClN5,173.046823,24,716,3.0,Inactive,4.746906678023882,0.2373453339011941,50,1.6989700043360187
https://comptox.epa.gov/dashboard/chemical/details/DTXSID0041270,"3,5,5-Trimethylhexyl acetate",58430-94-7,C11H22O2,186.161980,6,477,1.0,Inactive,4.0167587150812046e-11,2.0083793575406023E-12,50,1.6989700043360187
https://comptox.epa.gov/dashboard/chemical/details/DTXSID0041274,"1-Phenyl-1H-pyrrole-2,5-dione",941-69-5,C10H7NO2,173.047678,151,369,41.0,Inactive,5.010320818951541,0.25051604094757707,10.137939606285759,1.0059496997168402
https://comptox.epa.gov/dashboard/chemical/details/DTXSID0041357,"Ethyl (2E,4Z)-deca-2,4-dienoate",3025-30-7,C12H20O2,196.146330,114,357,32.0,Inactive,14.68795157670167,0.7343975788350835,26.11657346064231,1.4169161961576604
https://comptox.epa.gov/dashboard/chemical/details/DTXSID0041141,o-(Chloroacetylcarbamoyl)fumagillol,129298-91-5,C19H28ClNO6,401.160515,103,607,17.0,Inactive,0.7448102625162836,0.03724051312581418,14.999999999999913,1.1760912590556787
https://comptox.epa.gov/dashboard/chemical/details/DTXSID0041484,(3Z)-3-Hexenyl acetate,3681-71-8,C8H14O2,142.099380,1,353,0.0,Inactive,1.403159413634745,0.07015797068173725,50,1.6989700043360187
https://comptox.epa.gov/dashboard/chemical/details/DTXSID0041721,C.I. Acid Yellow 3 disodium salt,8004-92-0,, ,47,363,13.0,Inactive,8.562858670904277e-12,4.2814293354521386E-13,50,1.6989700043360187
https://comptox.epa.gov/dashboard/chemical/details/DTXSID0041981,2-Fluoroacetic acid,144-49-0,C2H3FO2,78.011707,2,353,1.0,Inactive,6.447277818314924e-9,3.223638909157462E-10,50,1.6989700043360187
https://comptox.epa.gov/dashboard/chemical/details/DTXSID0041567,"(9Z,12R)-12-Hydroxyoctadec-9-enoic acid",141-22-0,C18H34O3,298.250795,60,360,17.0,Inactive,1.5302613042749205,0.07651306521374603,0.0003596116166648582,-3.44416628753959
https://comptox.epa.gov/dashboard/chemical/details/DTXSID0042086,Laurocapram,59227-89-3,C18H35NO,281.271865,56,352,16.0,Inactive,3.525048116575676,0.17625240582878382,50,1.6989700043360187
https://comptox.epa.gov/dashboard/chemical/details/DTXSID0041646,"C.I. Acid Yellow 34, monosodium salt",6359-90-6,C16H12ClN4NaO4S,414.016548,19,354,5.0,Inactive,0.8041645717277526,0.04020822858638763,50,1.6989700043360187
https://comptox.epa.gov/dashboard/chemical/details/DTXSID0042169,Monotridecyl phosphate,5116-94-9,C13H29O4P,280.180346,39,373,10.0,Inactive,1.2627635187759398e-10,6.313817593879699E-12,50,1.6989700043360187
https://comptox.epa.gov/dashboard/chemical/details/DTXSID0042038,Heptyl butyrate,5870-93-9,C11H22O2,186.161980,3,346,1.0,Inactive,0.589230049983709,0.02946150249918545,50,1.6989700043360187
https://comptox.epa.gov/dashboard/chemical/details/DTXSID0042167,Monopotassium phthalate,877-24-7,C8H5KO4,203.982490,2,356,1.0,Inactive,1.4761193951531065e-8,7.380596975765533E-10,50,1.6989700043360187
https://comptox.epa.gov/dashboard/chemical/details/DTXSID0042325,4-Propylanisole,104-45-0,C10H14O,150.104465,0,348,0.0,Inactive,4.511299712012126e-10,2.255649856006063E-11,50,1.6989700043360187
https://comptox.epa.gov/dashboard/chemical/details/DTXSID0042400,Sodium hexyldecyl sulfate,1120-01-0,C16H33NaO4S,344.199725,121,615,20.0,Inactive,1.7850069173549374e-10,8.925034586774687E-12,25.000000000000075,1.3979400086720388
https://comptox.epa.gov/dashboard/chemical/details/DTXSID0042327,Dipropylene glycol dimethyl ether,111109-77-4,, ,3,320,1.0,Inactive,3.0311554926454494e-10,1.5155777463227248E-11,50,1.6989700043360187
https://comptox.epa.gov/dashboard/chemical/details/DTXSID0042379,Dimethoxydimethylsilane,1112-39-6,C4H12O2Si,120.060656,5,354,1.0,Inactive,6.261542329863748e-12,3.130771164931874E-13,50,1.6989700043360187
https://comptox.epa.gov/dashboard/chemical/details/DTXSID0042406,Sodium methyl sulfate,512-42-5,CH3NaO4S,133.964974,4,345,1.0,Inactive,5.377625834686027e-10,2.6888129173430138E-11,50.00000000000001,1.6989700043360187
https://comptox.epa.gov/dashboard/chemical/details/DTXSID0042454,"(+/-)-2,3-Dihydroxypropyl tetradecanoate",589-68-4,C17H34O4,302.245710,9,353,3.0,Inactive,1.4651124589843882,0.07325562294921942,49.99999999999999,1.6989700043360187
https://comptox.epa.gov/dashboard/chemical/details/DTXSID0044575,MON-4660,71526-07-3,C10H15Cl2NO2,251.047984,28,353,8.0,Inactive,1.046084613198077e-9,5.230423065990385E-11,50,1.6989700043360187
https://comptox.epa.gov/dashboard/chemical/details/DTXSID0044571,3-Isopropylphenol,618-45-1,C9H12O,136.088815,10,365,3.0,Inactive,3.4995485112196647,0.17497742556098322,50,1.6989700043360187
https://comptox.epa.gov/dashboard/chemical/details/DTXSID0044818,2-Butyloctan-1-ol,3913-02-8,C12H26O,186.198365,43,463,9.0,Inactive,2.9926721097713065,0.14963360548856533,50,1.6989700043360187
https://comptox.epa.gov/dashboard/chemical/details/DTXSID0047167,N-Methylacetamide,79-16-3,C3H7NO,73.052764,2,573,0.0,Inactive,2.262052724714298,0.1131026362357149,50,1.6989700043360187
https://comptox.epa.gov/dashboard/chemical/details/DTXSID0047246,Darbufelone mesylate,139340-56-0,C19H28N2O5S2,428.143964,317,626,51.0,Active,180.33590439685932,9.016795219842965,44.869798300426254,1.6519541172886179
https://comptox.epa.gov/dashboard/chemical/details/DTXSID0047290,UK-416244,402910-27-4,C17H22N2O3S2,366.107185,144,654,22.0,Active,79.99848783953796,3.999924391976898,68.08261693062953,1.8330362406236693
https://comptox.epa.gov/dashboard/chemical/details/DTXSID0047248,CI-1018,NOCAS_47248,C24H20N4O2,396.158626,106,628,17.0,Inactive,0.8002149694824847,0.04001074847412424,50,1.6989700043360187
https://comptox.epa.gov/dashboard/chemical/details/DTXSID0047296,Zenarestat,112733-06-9,C17H11BrClFN2O4,439.957476,45,598,8.0,Inactive,0.1045982883609166,0.00522991441804583,25.000000000000075,1.3979400086720388
https://comptox.epa.gov/dashboard/chemical/details/DTXSID0047292,"3-((1-(Aminomethyl)cyclohexyl)methyl)-1,2,4-oxadiazol-5(2H)-one dihydrochloride",227626-75-7,C10H18ClN3O2,247.108755,4,599,1.0,Inactive,9.141452486392945e-10,4.570726243196473E-11,50,1.6989700043360187
https://comptox.epa.gov/dashboard/chemical/details/DTXSID0047375,AVE9423,862243-29-6,C23H12Cl2F2N2O5,504.009133,23,591,4.0,Inactive,4.017586540523273e-9,2.0087932702616363E-10,50,1.6989700043360187
https://comptox.epa.gov/dashboard/chemical/details/DTXSID0047325,SB413217A,NOCAS_47325,C30H36ClFN4O2,538.251082,106,630,17.0,Inactive,0.30794630214854135,0.015397315107427067,25.000000000000075,1.3979400086720388
https://comptox.epa.gov/dashboard/chemical/details/DTXSID0047371,AVE5638,725228-45-5,C25H23FN2O2,402.174356,404,692,58.0,Active,162.06197144865772,8.103098572432886,50,1.6989700043360187
https://comptox.epa.gov/dashboard/chemical/details/DTXSID0047294,CP-863187,668981-02-0,C18H14F2N4O,340.113567,111,605,18.0,Active,30.729907751718542,1.536495387585927,0.0008368113218821312,-3.0773724525235613
https://comptox.epa.gov/dashboard/chemical/details/DTXSID0047327,MK-578,313994-79-5,C35H47FN4O2,574.368305,90,599,15.0,Inactive,11.438846126094159,0.571942306304708,72.25269972355258,1.858854079153658
https://comptox.epa.gov/dashboard/chemical/details/DTXSID0047377,AVE6324,NOCAS_47377,C31H36Cl2N4O7S,678.168176,349,659,53.0,Inactive,6.0414823843080905,0.3020741192154045,50,1.6989700043360187
https://comptox.epa.gov/dashboard/chemical/details/DTXSID0047379,"3-Chloro-2-((3R)-5-chloro-1-(2,4-dimethoxybenzyl)-3-methyl-2-oxo-2,3-dihydro-1H-indol-3-yl)-N-ethyl-N-(3-pyridinylmethyl)benzamide hydrochloride (1:1)",1437319-51-1,C33H32Cl3N3O4,639.145840,300,643,47.0,Inactive,0.8478429493436058,0.04239214746718029,44.9999999999995,1.6532125137753388
https://comptox.epa.gov/dashboard/chemical/details/DTXSID0047456,"2-Norbornene-5,6-dicarboxylic anhydride",826-62-0,C9H8O3,164.047344,2,573,0.0,Inactive,1.4109179476343543,0.07054589738171771,50,1.6989700043360187
https://comptox.epa.gov/dashboard/chemical/details/DTXSID0047539,"Hexane-1,6-diyl dibenzoate",22915-73-7,C20H22O4,326.151809,27,575,5.0,Inactive,2.005795915404172e-10,1.002897957702086E-11,50,1.6989700043360187
https://comptox.epa.gov/dashboard/chemical/details/DTXSID0047537,Dioctyl sebacate,2432-87-3,C26H50O4,426.370910,8,577,1.0,Inactive,0.26335108296402476,0.013167554148201237,50,1.6989700043360187
https://comptox.epa.gov/dashboard/chemical/details/DTXSID0047535,Butyryl-n-trihexylcitrate,82469-79-2,C28H50O8,514.350569,8,579,1.0,Inactive,1.5057663435118637e-10,7.528831717559319E-12,50,1.6989700043360187
https://comptox.epa.gov/dashboard/chemical/details/DTXSID0047533,Tri-n-octyl trimellitate,89-04-3,C33H54O6,546.392039,11,591,2.0,Inactive,4.667231248955883e-12,2.3336156244779414E-13,50,1.6989700043360187
https://comptox.epa.gov/dashboard/chemical/details/DTXSID0047741,Dibenzothiophene,132-65-0,C12H8S,184.034671,15,460,3.0,Inactive,6.071403041773448e-12,3.035701520886724E-13,50,1.6989700043360187
https://comptox.epa.gov/dashboard/chemical/details/DTXSID0047749,Methylcyclohexane,108-87-2,C7H14,98.109550,0,214,0.0,Inactive,3.268028392361392e-12,1.634014196180696E-13,50,1.6989700043360187
https://comptox.epa.gov/dashboard/chemical/details/DTXSID0047957,Octylparaben,1219-38-1,C15H22O3,250.156895,146,394,37.0,Active,81.61409372661899,4.080704686330949,50,1.6989700043360187
https://comptox.epa.gov/dashboard/chemical/details/DTXSID0048181,4-tert-Butylaniline,769-92-6,C10H15N,149.120449,7,347,2.0,Inactive,4.688826278188924e-11,2.344413139094462E-12,50,1.6989700043360187
https://comptox.epa.gov/dashboard/chemical/details/DTXSID0048185,Apomorphine hydrochloride,41372-20-7,C34H38Cl2N2O5,624.215778,147,359,41.0,Inactive,4.299799502838139e-10,2.1498997514190697E-11,19.999999999999893,1.3010299956639788
https://comptox.epa.gov/dashboard/chemical/details/DTXSID0048187,1-Methoxy-4-tert-pentylcyclohexane,199584-38-8,C12H24O,184.182715,5,345,1.0,Inactive,9.3010396811215,0.465051984056075,6.327937431496705,0.8012621763540226
https://comptox.epa.gov/dashboard/chemical/details/DTXSID0048189,Lauryl gallate,1166-52-5,C19H30O5,338.209324,179,365,49.0,Inactive,19.889024529623445,0.9944512264811722,94.67664281097458,1.976242849652923
https://comptox.epa.gov/dashboard/chemical/details/DTXSID0048183,(-)-Enterolactone,77756-20-8,C18H18O4,298.120509,30,468,6.0,Inactive,1.7849926301424461,0.08924963150712231,14.999999999999913,1.1760912590556787
https://comptox.epa.gov/dashboard/chemical/details/DTXSID0048210,Phenyl benzoate,93-99-2,C13H10O2,198.068080,6,348,2.0,Inactive,2.970499112322365e-10,1.4852495561611826E-11,50,1.6989700043360187
https://comptox.epa.gov/dashboard/chemical/details/DTXSID0048505,PharmaGSID_48505,NOCAS_48505,C17H12ClN5O2,353.067952,291,623,47.0,Inactive,2.179146920747649,0.10895734603738245,0.6426106126553597,-0.19205210639171813
https://comptox.epa.gov/dashboard/chemical/details/DTXSID0048507,PharmaGSID_48507,NOCAS_48507,C18H19ClF2N4O3,412.111375,100,626,16.0,Inactive,2.6765773428466066,0.13382886714233033,50,1.6989700043360187
https://comptox.epa.gov/dashboard/chemical/details/DTXSID0048509,PharmaGSID_48509,NOCAS_48509,C25H39N3O2,413.304228,153,627,24.0,Inactive,3.422277477263428e-11,1.711138738631714E-12,50,1.6989700043360187
https://comptox.epa.gov/dashboard/chemical/details/DTXSID0051570,2-Chloroethyl vinyl ether,110-75-8,C4H7ClO,106.018542,1,203,0.0,Inactive,2.780771764160712e-10,1.390385882080356E-11,50,1.6989700043360187
https://comptox.epa.gov/dashboard/chemical/details/DTXSID00872663,Bisdemethoxycurcumin,33171-05-0,C19H16O4,308.104859,101,229,44.0,Inactive,7.230599948251777,0.36152999741258884,50,1.6989700043360187
https://comptox.epa.gov/dashboard/chemical/details/DTXSID1020194,Boric acid (H3BO3),10043-35-3,BH3O3,62.017524,3,677,0.0,Inactive,2.7536044879817637e-10,1.3768022439908819E-11,50,1.6989700043360187
https://comptox.epa.gov/dashboard/chemical/details/DTXSID1020069,o-Aminoazotoluene,97-56-3,C14H15N3,225.126597,308,646,48.0,Active,197.47427378899488,9.873713689449744,84.42702780491123,1.9264815005056386
https://comptox.epa.gov/dashboard/chemical/details/DTXSID1020148,Benzotrichloride,98-07-7,C7H5Cl3,193.945683,5,598,1.0,Inactive,20.52150470775267,1.0260752353876335,0.027944951612291276,-1.5536966380442503
https://comptox.epa.gov/dashboard/chemical/details/DTXSID1020140,Sodium benzoate,532-32-1,C7H5NaO2,144.018724,0,658,0.0,Inactive,0.4988801902805961,0.024944009514029804,50,1.6989700043360187
https://comptox.epa.gov/dashboard/chemical/details/DTXSID1020190,C.I. Acid Blue 74,860-22-0,C16H8N2Na2O8S2,465.951746,15,353,4.0,Inactive,23.01490842783833,1.1507454213919164,0.026398870362857683,-1.5784146566784216
https://comptox.epa.gov/dashboard/chemical/details/DTXSID1020144,Benzoin,119-53-9,C14H12O2,212.083730,3,349,1.0,Inactive,4.822070077123909,0.24110350385619544,0.00857972382729835,-2.066526691429935
https://comptox.epa.gov/dashboard/chemical/details/DTXSID1020350,2-Methoxy-5-methylaniline,120-71-8,C8H11NO,137.084064,15,596,3.0,Inactive,5.965175439249006e-8,2.982587719624503E-9,50,1.6989700043360187
https://comptox.epa.gov/dashboard/chemical/details/DTXSID1020352,Cupferron,135-20-6,C6H9N3O2,155.069477,23,357,6.0,Inactive,1.31190002672216,0.065595001336108,0.0005000006344240179,-3.3010294446106303
https://comptox.epa.gov/dashboard/chemical/details/DTXSID1020221,"4-(1,1-Dimethylethyl)phenol",98-54-4,C10H14O,150.104465,60,635,9.0,Active,204.52949571688782,10.226474785844392,82.7155401219694,1.9175871099781692
https://comptox.epa.gov/dashboard/chemical/details/DTXSID1020354,Cyanoguanidine,461-58-5,C2H4N4,84.043596,0,347,0.0,Inactive,1.151869062726811,0.05759345313634055,50,1.6989700043360187
https://comptox.epa.gov/dashboard/chemical/details/DTXSID1020431,"1,4-Dichlorobenzene",106-46-7,C6H4Cl2,145.969006,3,582,1.0,Inactive,1.3127350482547074e-10,6.563675241273537E-12,50,1.6989700043360187
https://comptox.epa.gov/dashboard/chemical/details/DTXSID1020510,"7,12-Dimethylbenz(a)anthracene",57-97-6,C20H16,256.125201,349,702,50.0,Inactive,4.003930485012786,0.2001965242506393,50.00000000000001,1.6989700043360187
https://comptox.epa.gov/dashboard/chemical/details/DTXSID1020512,Dimethylcarbamoyl chloride,79-44-7,C3H6ClNO,107.013791,3,571,1.0,Inactive,2.5561300417583076e-11,1.2780650208791538E-12,50,1.6989700043360187
https://comptox.epa.gov/dashboard/chemical/details/DTXSID1020433,"3,3'-Dichlorobenzidine dihydrochloride",612-83-9,C12H12Cl4N2,323.975459,156,477,33.0,Inactive,23.433441820850646,1.1716720910425322,26.501546774156658,1.4232712224604667
https://comptox.epa.gov/dashboard/chemical/details/DTXSID1020647,Furfural,98-01-1,C5H4O2,96.021129,10,586,2.0,Inactive,9.198939139694151e-12,4.599469569847076E-13,50,1.6989700043360187
https://comptox.epa.gov/dashboard/chemical/details/DTXSID1020439,"2,4-Dichlorophenol",120-83-2,C6H4Cl2O,161.963920,19,595,3.0,Inactive,3.2590884633614653e-12,1.6295442316807326E-13,50,1.6989700043360187
https://comptox.epa.gov/dashboard/chemical/details/DTXSID1020485,C.I. Disperse Black 6 dihydrochloride,20325-40-0,C14H18Cl2N2O2,316.074533,224,619,36.0,Inactive,2.142224155211743,0.10711120776058716,50.00000000000001,1.6989700043360187
https://comptox.epa.gov/dashboard/chemical/details/DTXSID1020699,4-Hexylresorcinol,136-77-6,C12H18O2,194.130680,241,645,37.0,Active,29.248200644231556,1.4624100322115778,13.193418766406474,1.1203573474037802
https://comptox.epa.gov/dashboard/chemical/details/DTXSID1020516,"1,1-Dimethylhydrazine",57-14-7,C2H8N2,60.068748,4,352,1.0,Inactive,0.5103696060005394,0.025518480300026968,49.99999999999999,1.6989700043360187
https://comptox.epa.gov/dashboard/chemical/details/DTXSID1020560,Endosulfan,115-29-7,C9H6Cl6O3S,403.816881,339,800,42.0,Inactive,3.0488817966709745e-9,1.5244408983354873E-10,50,1.6989700043360187
https://comptox.epa.gov/dashboard/chemical/details/DTXSID1020770,Kepone,143-50-0,C10Cl10O,485.683442,441,758,58.0,Active,34.38437847188175,1.7192189235940876,3.064665024192455,0.4863830119392407
https://comptox.epa.gov/dashboard/chemical/details/DTXSID1020805,dl-Menthol,89-78-1,C10H20O,156.151415,2,350,1.0,Inactive,2.174522896685514e-10,1.087261448342757E-11,50,1.6989700043360187
https://comptox.epa.gov/dashboard/chemical/details/DTXSID1020855,Methyl parathion,298-00-0,C8H10NO5PS,263.001731,129,807,16.0,Inactive,10.569127600717573,0.5284563800358787,0.03185987659577933,-1.4967559107029937
https://comptox.epa.gov/dashboard/chemical/details/DTXSID1020807,2-Mercaptobenzothiazole,149-30-4,C7H5NS2,166.986342,82,620,13.0,Inactive,3.9955067645940923,0.1997753382297046,50,1.6989700043360187
https://comptox.epa.gov/dashboard/chemical/details/DTXSID1021031,4-Nitrosodiphenylamine,156-10-5,C12H10N2O,198.079313,176,362,49.0,Inactive,8.85202355100412,0.442601177550206,3.4245521401645727,0.5346037829019905
https://comptox.epa.gov/dashboard/chemical/details/DTXSID1020930,(-)-Nicotine,54-11-5,C10H14N2,162.115698,13,678,2.0,Inactive,9.179700364534776e-11,4.589850182267388E-12,50,1.6989700043360187
https://comptox.epa.gov/dashboard/chemical/details/DTXSID1021087,Oxazepam,604-75-1,C15H11ClN2O2,286.050905,25,358,7.0,Active,58.17873926036149,2.9089369630180744,22.725531955293313,1.3565140579025676
https://comptox.epa.gov/dashboard/chemical/details/DTXSID1020932,Nicotinic acid,59-67-6,C6H5NO2,123.032028,1,594,0.0,Inactive,7.968841446096708,0.3984420723048354,50,1.6989700043360187
https://comptox.epa.gov/dashboard/chemical/details/DTXSID1021116,Phenacetin,62-44-2,C10H13NO2,179.094629,1,327,0.0,Inactive,1.6105713335610257,0.08052856667805128,50,1.6989700043360187
https://comptox.epa.gov/dashboard/chemical/details/DTXSID1021160,Picloram,1918-02-1,C6H3Cl3N2O2,239.926010,14,659,2.0,Inactive,2.68581776489804,0.134290888244902,50,1.6989700043360187
https://comptox.epa.gov/dashboard/chemical/details/DTXSID1021243,Rhodamine 6G,989-38-8,C28H31ClN2O3,478.202321,209,366,57.0,Active,504.39091802578685,25.219545901289344,34.450877471458455,1.5372002879608953
https://comptox.epa.gov/dashboard/chemical/details/DTXSID1021164,Piperazine,110-85-0,C4H10N2,86.084398,9,569,2.0,Inactive,0.11547972693906217,0.005773986346953109,50,1.6989700043360187
https://comptox.epa.gov/dashboard/chemical/details/DTXSID1021166,Piperonyl butoxide,51-03-6,C19H30O5,338.209324,117,705,17.0,Inactive,0.7371297236073565,0.036856486180367826,50,1.6989700043360187
https://comptox.epa.gov/dashboard/chemical/details/DTXSID1021322,Tetraethylthiuram disulfide,97-77-8,C10H20N2S4,296.050933,313,757,41.0,Active,149.0223437185316,7.45111718592658,62.32272087479332,1.7946464054333453
https://comptox.epa.gov/dashboard/chemical/details/DTXSID1021374,Bromoform,75-25-2,CHBr3,249.762839,3,241,1.0,Inactive,0.7027114437011626,0.035135572185058125,0.015728323663442206,-1.80331756234252
https://comptox.epa.gov/dashboard/chemical/details/DTXSID1021378,Trichloroacetic acid,76-03-9,C2HCl3O2,161.904212,4,591,1.0,Inactive,2.0453968136735935e-11,1.0226984068367968E-12,50,1.6989700043360187
https://comptox.epa.gov/dashboard/chemical/details/DTXSID1021403,Trimethyl orthophosphate,512-56-1,C3H9O4P,140.023846,16,352,5.0,Inactive,2.847759234652645e-12,1.4238796173263226E-13,50,1.6989700043360187
https://comptox.epa.gov/dashboard/chemical/details/DTXSID1021409,Triphenyltin hydroxide,76-87-9,C18H16OSn,368.022317,398,695,57.0,Inactive,8.513737614082718,0.4256868807041359,0.3344653000166694,-0.4756489325837353
https://comptox.epa.gov/dashboard/chemical/details/DTXSID1021455,C.I. Acid Yellow 23,1934-21-0,C16H9N4Na3O9S2,533.950403,39,605,6.0,Inactive,4.0402970250157235,0.20201485125078616,44.999999999999496,1.6532125137753388
https://comptox.epa.gov/dashboard/chemical/details/DTXSID1021871,4-Chlorophenol,106-48-9,C6H5ClO,128.002893,12,352,3.0,Inactive,2.3369256526259675e-9,1.1684628263129838E-10,50,1.6989700043360187
https://comptox.epa.gov/dashboard/chemical/details/DTXSID1021798,Quinoline,91-22-5,C9H7N,129.057849,15,581,3.0,Inactive,1.2916948003723516e-8,6.458474001861758E-10,50,1.6989700043360187
https://comptox.epa.gov/dashboard/chemical/details/DTXSID1021740,1-Butanol,71-36-3,C4H10O,74.073165,1,327,0.0,Inactive,1.4607149113970395,0.07303574556985197,0.0005000000357051834,-3.301029964650854
https://comptox.epa.gov/dashboard/chemical/details/DTXSID1021877,2-Chloroethanol,107-07-3,C2H5ClO,80.002893,3,564,1.0,Inactive,1.3869652980963958,0.0693482649048198,50,1.6989700043360187
https://comptox.epa.gov/dashboard/chemical/details/DTXSID1021792,Salicylaldehyde,90-02-8,C7H6O2,122.036779,5,347,1.0,Inactive,2.992717990737318e-11,1.496358995368659E-12,50,1.6989700043360187
https://comptox.epa.gov/dashboard/chemical/details/DTXSID1021790,2-Nitrophenol,88-75-5,C6H5NO3,139.026943,2,351,1.0,Inactive,4.035070099448591,0.20175350497242955,0.9283031193166708,-0.03231019021269906
https://comptox.epa.gov/dashboard/chemical/details/DTXSID1021821,2-Butanone oxime,96-29-7,C4H9NO,87.068414,4,558,1.0,Inactive,1.9908468100585582e-9,9.954234050292791E-11,50,1.6989700043360187
https://comptox.epa.gov/dashboard/chemical/details/DTXSID1021956,Di-n-octyl phthalate,117-84-0,C24H38O4,390.277010,15,599,3.0,Inactive,5.424541348939164e-9,2.712270674469582E-10,50,1.6989700043360187
https://comptox.epa.gov/dashboard/chemical/details/DTXSID1021952,Triphenyl phosphate,115-86-6,C18H15O4P,326.070796,176,737,24.0,Inactive,2.0327754581964434e-10,1.0163877290982217E-11,50,1.6989700043360187
https://comptox.epa.gov/dashboard/chemical/details/DTXSID1022053,"4,6-Dinitro-o-cresol",534-52-1,C7H6N2O5,198.027671,222,629,35.0,Inactive,1.2358125435465408,0.06179062717732704,50,1.6989700043360187
https://comptox.epa.gov/dashboard/chemical/details/DTXSID1022055,tert-Butyl acetate,540-88-5,C6H12O2,116.083730,1,347,0.0,Inactive,0.691929537585315,0.034596476879265745,50,1.6989700043360187
https://comptox.epa.gov/dashboard/chemical/details/DTXSID1022396,Chrysin,480-40-0,C15H10O4,254.057909,119,411,29.0,Inactive,1.1694922027078731,0.05847461013539366,0.07649742393867325,-1.1163531895268581
https://comptox.epa.gov/dashboard/chemical/details/DTXSID1022421,Melatonin,73-31-4,C13H16N2O2,232.121178,7,364,2.0,Inactive,9.377424900651709e-11,4.6887124503258546E-12,50,1.6989700043360187
https://comptox.epa.gov/dashboard/chemical/details/DTXSID1022265,Alachlor,15972-60-8,C14H20ClNO2,269.118257,120,654,18.0,Inactive,0.717811013753378,0.0358905506876689,50,1.6989700043360187
https://comptox.epa.gov/dashboard/chemical/details/DTXSID1022479,2-Ethylphenol,90-00-6,C8H10O,122.073165,13,350,4.0,Inactive,0.8641422649363832,0.04320711324681916,50,1.6989700043360187
https://comptox.epa.gov/dashboard/chemical/details/DTXSID1022508,4-Dodecylphenol,104-43-8,C18H30O,262.229666,189,395,48.0,Inactive,23.106381140630305,1.1553190570315153,50,1.6989700043360187
https://comptox.epa.gov/dashboard/chemical/details/DTXSID1022267,Methomyl,16752-77-5,C5H10N2O2S,162.046299,9,659,1.0,Inactive,2.0454406375488689e-10,1.0227203187744344E-11,50,1.6989700043360187
https://comptox.epa.gov/dashboard/chemical/details/DTXSID1022394,Biochanin A,491-80-5,C16H12O5,284.068473,141,419,34.0,Active,33.217667830029626,1.6608833915014813,91.31179078464638,1.9605268601420467
https://comptox.epa.gov/dashboard/chemical/details/DTXSID1023235,D-Mannitol,69-65-8,C6H14O6,182.079038,5,650,1.0,Inactive,1.496707217927722,0.07483536089638611,50,1.6989700043360187
https://comptox.epa.gov/dashboard/chemical/details/DTXSID1023819,Stavudine,3056-17-5,C10H12N2O4,224.079707,6,577,1.0,Inactive,7.704080831706024,0.3852040415853012,0.06365611479738945,-1.1961598717399293
https://comptox.epa.gov/dashboard/chemical/details/DTXSID1024045,Ethyl sulfate (Et2SO4),64-67-5,C4H10O4S,154.029980,1,575,0.0,Inactive,3.187649519181346e-9,1.593824759590673E-10,50,1.6989700043360187
https://comptox.epa.gov/dashboard/chemical/details/DTXSID1023990,Cyanazine,21725-46-2,C9H13ClN6,240.089022,39,669,6.0,Inactive,2.0299583845302425,0.10149791922651212,50,1.6989700043360187
https://comptox.epa.gov/dashboard/chemical/details/DTXSID1023998,Cypermethrin,52315-07-8,C22H19Cl2NO3,415.074199,131,846,15.0,Inactive,5.660311197786401,0.28301555988932003,0.0261626617033757,-1.5823180744041698
https://comptox.epa.gov/dashboard/chemical/details/DTXSID1023869,Ametryn,834-12-8,C9H17N5S,227.120467,63,664,9.0,Inactive,8.689242851222798e-11,4.344621425611399E-12,50,1.6989700043360187
https://comptox.epa.gov/dashboard/chemical/details/DTXSID1024049,Diflubenzuron,35367-38-5,C14H9ClF2N2O2,310.032062,11,350,3.0,Inactive,1.4410517312506972,0.07205258656253485,0.7287171498653537,-0.13744100952797916
https://comptox.epa.gov/dashboard/chemical/details/DTXSID1023996,Cyclohexylamine,108-91-8,C6H13N,99.104799,1,577,0.0,Inactive,3.1070425326806247e-10,1.5535212663403124E-11,50,1.6989700043360187
https://comptox.epa.gov/dashboard/chemical/details/DTXSID1024091,S-Ethyl dipropylthiocarbamate,759-94-4,C9H19NOS,189.118735,12,696,2.0,Inactive,1.3234023144432887e-10,6.6170115722164435E-12,50,1.6989700043360187
https://comptox.epa.gov/dashboard/chemical/details/DTXSID1024126,Heptachlor epoxide B,1024-57-3,C10H5Cl7O,385.816009,187,632,30.0,Inactive,3.9318255703384812,0.19659127851692407,93.40065781413755,1.970349934945768
https://comptox.epa.gov/dashboard/chemical/details/DTXSID1024176,Methacrylonitrile,126-98-7,C4H5N,67.042199,7,352,2.0,Inactive,2.175213000745843,0.10876065003729214,50,1.6989700043360187
https://comptox.epa.gov/dashboard/chemical/details/DTXSID1024170,"1,1-Dimethylpiperidinium chloride",24307-26-4,C7H16ClN,149.097127,13,725,2.0,Inactive,0.8523852054975634,0.04261926027487817,50,1.6989700043360187
https://comptox.epa.gov/dashboard/chemical/details/DTXSID1024097,2-Butoxyethanol,111-76-2,C6H14O2,118.099380,2,575,0.0,Inactive,0.5855950741475713,0.029279753707378564,50,1.6989700043360187
https://comptox.epa.gov/dashboard/chemical/details/DTXSID1024209,Naled,300-76-5,C4H7Br2Cl2O4P,377.782577,218,697,31.0,Active,42.22205621895253,2.1111028109476266,93.95460719192667,1.9729180811791962
https://comptox.epa.gov/dashboard/chemical/details/DTXSID1024124,Thifensulfuron methyl,79277-27-3,C12H13N5O6S2,387.030726,2,459,0.0,Inactive,1.3402878971499325e-9,6.701439485749663E-11,50,1.6989700043360187
https://comptox.epa.gov/dashboard/chemical/details/DTXSID1024255,Phenmedipham,13684-63-4,C16H16N2O4,300.111007,28,367,8.0,Inactive,4.2779297855119033e-10,2.1389648927559517E-11,50,1.6989700043360187
https://comptox.epa.gov/dashboard/chemical/details/DTXSID1024259,Phosalone,2310-17-0,C12H15ClNO4PS2,366.986865,170,778,22.0,Inactive,0.13216467131229873,0.006608233565614937,50,1.6989700043360187
https://comptox.epa.gov/dashboard/chemical/details/DTXSID1024174,Tribufos,78-48-8,C12H27OPS3,314.096166,153,684,22.0,Inactive,5.916559716061177e-10,2.9582798580305886E-11,50,1.6989700043360187
https://comptox.epa.gov/dashboard/chemical/details/DTXSID1024338,Thiophanate-methyl,23564-05-8,C12H14N4O4S2,342.045647,75,654,11.0,Inactive,0.8912034889332368,0.04456017444666184,50,1.6989700043360187
https://comptox.epa.gov/dashboard/chemical/details/DTXSID1024598,Benzyl salicylate,118-58-1,C14H12O3,228.078644,38,367,10.0,Inactive,1.0254020843087632,0.051270104215438164,0.003207736942793195,-2.493801254158957
https://comptox.epa.gov/dashboard/chemical/details/DTXSID1024704,4-tert-Butyltoluene,98-51-1,C11H16,148.125201,6,348,2.0,Inactive,2.2456880906657264e-11,1.1228440453328632E-12,50,1.6989700043360187
https://comptox.epa.gov/dashboard/chemical/details/DTXSID1024621,Diethylene glycol dimethyl ether,111-96-6,C6H14O3,134.094294,66,580,11.0,Inactive,1.7299020283680235e-11,8.649510141840117E-13,50,1.6989700043360187
https://comptox.epa.gov/dashboard/chemical/details/DTXSID1025148,"3,5-Dimethylphenol",108-68-9,C8H10O,122.073165,2,349,1.0,Inactive,1.1914972738899907,0.05957486369449953,50,1.6989700043360187
https://comptox.epa.gov/dashboard/chemical/details/DTXSID1025017,Dicumyl peroxide,80-43-3,C18H22O2,270.161980,143,599,24.0,Inactive,5.931305469672873,0.29656527348364364,50,1.6989700043360187
https://comptox.epa.gov/dashboard/chemical/details/DTXSID1025271,N-Ethylaniline,103-69-5,C8H11N,121.089149,6,573,1.0,Inactive,1.985342398316398e-9,9.92671199158199E-11,50,1.6989700043360187
https://comptox.epa.gov/dashboard/chemical/details/DTXSID1025306,5-Ethylidene-2-norbornene,16219-75-3,C9H12,120.093900,13,351,4.0,Inactive,8.462016252122133e-12,4.2310081260610666E-13,50,1.6989700043360187
https://comptox.epa.gov/dashboard/chemical/details/DTXSID1025300,2-Ethylhexyl diphenyl phosphate,1241-94-7,C20H27O4P,362.164696,138,546,25.0,Inactive,1.1181099107203158,0.055905495536015794,50,1.6989700043360187
https://comptox.epa.gov/dashboard/chemical/details/DTXSID1025805,Octhilinone,26530-20-1,C11H19NOS,213.118735,370,661,56.0,Inactive,7.301438113833919,0.36507190569169595,7.427749633601863,0.8708572565947129
https://comptox.epa.gov/dashboard/chemical/details/DTXSID1025726,2-Nitrobenzenamine,88-74-4,C6H6N2O2,138.042927,3,357,1.0,Inactive,6.462097604906061,0.32310488024530304,50,1.6989700043360187
https://comptox.epa.gov/dashboard/chemical/details/DTXSID1026035,Sodium 2-mercaptobenzothiolate,2492-26-4,C7H4NNaS2,188.968286,53,474,11.0,Inactive,2.741544337964538e-10,1.370772168982269E-11,50,1.6989700043360187
https://comptox.epa.gov/dashboard/chemical/details/DTXSID1026031,Sodium dodecyl sulfate,151-21-3,C12H25NaO4S,288.137125,171,669,26.0,Inactive,15.099271578461332,0.7549635789230666,93.23724170944146,1.9695894170569463
https://comptox.epa.gov/dashboard/chemical/details/DTXSID1026033,Sodium ethasulfate,126-92-1,C8H17NaO4S,232.074524,2,345,1.0,Inactive,2.8377130465301477,0.14188565232650738,50,1.6989700043360187
https://comptox.epa.gov/dashboard/chemical/details/DTXSID1026118,Tetralin,119-64-2,C10H12,132.093900,2,344,1.0,Inactive,1.8825710241494067,0.09412855120747034,50,1.6989700043360187
https://comptox.epa.gov/dashboard/chemical/details/DTXSID1025809,Oleic acid,112-80-1,C18H34O2,282.255880,30,362,8.0,Inactive,3.341241192558209e-11,1.6706205962791045E-12,50,1.6989700043360187
https://comptox.epa.gov/dashboard/chemical/details/DTXSID1025857,"1,10-Phenanthroline",66-71-7,C12H8N2,180.068748,115,357,32.0,Inactive,10.20188237115801,0.5100941185579005,50,1.6989700043360187
https://comptox.epa.gov/dashboard/chemical/details/DTXSID1026164,2-Methylaniline,95-53-4,C7H9N,107.073499,4,580,1.0,Inactive,9.661579772071678e-10,4.830789886035839E-11,50,1.6989700043360187
https://comptox.epa.gov/dashboard/chemical/details/DTXSID1026241,"3,3,5-Trimethylcyclohexyl salicylate",118-56-9,C16H22O3,262.156895,28,362,8.0,Inactive,17.451726616275224,0.8725863308137611,83.14837847880707,1.9198537842281418
https://comptox.epa.gov/dashboard/chemical/details/DTXSID1026081,"3,3',5,5'-Tetrabromobisphenol A",79-94-7,C15H12Br4O2,539.757082,306,735,42.0,Active,123.94968855969839,6.19748442798492,71.36462080779651,1.853482962533389
https://comptox.epa.gov/dashboard/chemical/details/DTXSID1026879,Hexamethyleneimine,111-49-9,C6H13N,99.104799,2,351,1.0,Inactive,5.2183349575832486e-11,2.6091674787916243E-12,50,1.6989700043360187
https://comptox.epa.gov/dashboard/chemical/details/DTXSID1026900,Dodecyltrimethylammonium chloride,112-00-5,C15H34ClN,263.237978,318,646,49.0,Inactive,1.818814876953673e-9,9.094074384768365E-11,50,1.6989700043360187
https://comptox.epa.gov/dashboard/chemical/details/DTXSID1026904,2-Butoxyethyl acetate,112-07-2,C8H16O3,160.109944,2,348,1.0,Inactive,1.853948525208045e-11,9.269742626040225E-13,50,1.6989700043360187
https://comptox.epa.gov/dashboard/chemical/details/DTXSID1026665,3-Pyridinecarbonitrile,100-54-9,C6H4N2,104.037448,3,652,0.0,Inactive,6.73873119160281e-12,3.369365595801405E-13,50,1.6989700043360187
https://comptox.epa.gov/dashboard/chemical/details/DTXSID1026792,3-Methylaniline,108-44-1,C7H9N,107.073499,8,595,1.0,Inactive,7.06487768662757,0.3532438843313785,76.6735513655106,1.8846455793736847
https://comptox.epa.gov/dashboard/chemical/details/DTXSID1027184,Decamethylcyclopentasiloxane,541-02-6,C10H30O5Si5,370.093957,4,346,1.0,Inactive,1.4511346312077485e-10,7.2556731560387425E-12,50,1.6989700043360187
https://comptox.epa.gov/dashboard/chemical/details/DTXSID1026906,"N,N-Dimethyldodecan-1-amine",112-18-5,C14H31N,213.245650,29,472,6.0,Inactive,1.8615179376968512e-11,9.307589688484256E-13,50,1.6989700043360187
https://comptox.epa.gov/dashboard/chemical/details/DTXSID1026908,2-Hexyloxyethanol,112-25-4,C8H18O2,146.130680,2,572,0.0,Inactive,0.22070559212652663,0.011035279606326331,50,1.6989700043360187
https://comptox.epa.gov/dashboard/chemical/details/DTXSID1027390,Phenolsulfonic acid,1333-39-7,C6H6O4S,173.998680,4,355,1.0,Inactive,5.640328800883506,0.2820164400441753,50,1.6989700043360187
https://comptox.epa.gov/dashboard/chemical/details/DTXSID1027134,Bis(2-ethylhexyl) phosphate,298-07-7,C16H35O4P,322.227297,158,471,34.0,Inactive,7.85571575347279,0.3927857876736395,12.216937689727281,1.0869623588425403
https://comptox.epa.gov/dashboard/chemical/details/DTXSID1027263,Pentyl acetate,628-63-7,C7H14O2,130.099380,26,577,5.0,Inactive,4.315393273714122,0.2157696636857061,77.04279721169556,1.8867320424387855
https://comptox.epa.gov/dashboard/chemical/details/DTXSID1027479,2-(2H-Benzotriazol-2-yl)-4-methylphenol,2440-22-4,C13H11N3O,225.090212,37,472,8.0,Inactive,4.994168544714721e-10,2.4970842723573604E-11,50,1.6989700043360187
https://comptox.epa.gov/dashboard/chemical/details/DTXSID1027500,2-Propoxyethanol,2807-30-9,C5H12O2,104.083730,0,347,0.0,Inactive,2.3212226667175314e-10,1.1606113333587657E-11,50,1.6989700043360187
https://comptox.epa.gov/dashboard/chemical/details/DTXSID1027429,Cyclododecanol,1724-39-6,C12H24O,184.182715,31,351,9.0,Inactive,2.475576836280407,0.12377884181402035,50,1.6989700043360187
https://comptox.epa.gov/dashboard/chemical/details/DTXSID1027550,Sodium chloroacetate,3926-62-3,C2H2ClNaO2,115.964101,1,353,0.0,Inactive,2.5606001645617145e-10,1.2803000822808572E-11,50,1.6989700043360187
https://comptox.epa.gov/dashboard/chemical/details/DTXSID1027633,Irganox 1010,6683-19-8,C73H108O12,1176.784079,10,350,3.0,Inactive,9.465516588725249e-10,4.7327582943626246E-11,19.999999999999893,1.3010299956639788
https://comptox.epa.gov/dashboard/chemical/details/DTXSID1027635,"2,2,4-Trimethyl-1,3-pentanediol diisobutyrate",6846-50-0,C16H30O4,286.214409,27,624,4.0,Inactive,3.532942851146891e-8,1.7664714255734455E-9,50,1.6989700043360187
https://comptox.epa.gov/dashboard/chemical/details/DTXSID1027891,Calcium dodecylbenzene sulfonate,26264-06-2,, ,149,489,30.0,Inactive,24.171671374664612,1.2085835687332307,11.118213441182263,1.0460350071227513
https://comptox.epa.gov/dashboard/chemical/details/DTXSID1027924,Diisodecyl hexanedioate,27178-16-1,C26H50O4,426.370910,10,588,2.0,Inactive,1.1760276831495107,0.05880138415747553,0.7325277342928309,-0.13517592780345355
https://comptox.epa.gov/dashboard/chemical/details/DTXSID1027899,Ammonium xylene sulfonate,26447-10-9,C8H13NO3S,203.061614,1,350,0.0,Inactive,5.309217546029373,0.26546087730146867,92.52478444428881,1.9662580819890898
https://comptox.epa.gov/dashboard/chemical/details/DTXSID1027920,"N,N,N',N'-Tetrabutyl-1,6-hexanediamine",27090-63-7,C22H48N2,340.381750,0,345,0.0,Inactive,3.459390743557277e-10,1.7296953717786384E-11,50.00000000000001,1.6989700043360187
https://comptox.epa.gov/dashboard/chemical/details/DTXSID1027926,n-Dodecylphenol,27193-86-8,C18H30O,262.229666,192,393,49.0,Active,68.00480886142759,3.4002404430713797,84.45969278538541,1.9266494973842414
https://comptox.epa.gov/dashboard/chemical/details/DTXSID1029124,"1,2,4,5-Tetramethylbenzene",95-93-2,C10H14,134.109550,2,348,1.0,Inactive,2.1854376055891793e-10,1.0927188027945896E-11,50,1.6989700043360187
https://comptox.epa.gov/dashboard/chemical/details/DTXSID1029128,Tetrahydrofurfuryl alcohol,97-99-4,C5H10O2,102.068080,1,349,0.0,Inactive,6.030344998119081e-8,3.0151724990595407E-9,50,1.6989700043360187
https://comptox.epa.gov/dashboard/chemical/details/DTXSID1029170,4-Methylpent-3-en-2-one,141-79-7,C6H10O,98.073165,9,381,2.0,Inactive,1.3422649303194891,0.06711324651597446,50,1.6989700043360187
https://comptox.epa.gov/dashboard/chemical/details/DTXSID1029677,Silica,7631-86-9,O2Si,59.966756,5,573,1.0,Inactive,1.3216213367976865e-9,6.608106683988432E-11,50,1.6989700043360187
https://comptox.epa.gov/dashboard/chemical/details/DTXSID1032303,(Z)-11-Hexadecenal,53939-28-9,C16H30O,238.229666,6,346,2.0,Inactive,2.3739395947268852e-11,1.1869697973634426E-12,50,1.6989700043360187
https://comptox.epa.gov/dashboard/chemical/details/DTXSID1030606,Acesulfame potassium,55589-62-3,C4H4KNO4S,200.949810,2,344,1.0,Inactive,8.103585674051436e-11,4.051792837025718E-12,50,1.6989700043360187
https://comptox.epa.gov/dashboard/chemical/details/DTXSID1032355,Clomazone,81777-89-1,C12H14ClNO2,239.071306,46,658,7.0,Inactive,0.44624076343298297,0.02231203817164915,50,1.6989700043360187
https://comptox.epa.gov/dashboard/chemical/details/DTXSID1032309,"2,4-D-Butotyl",1929-73-3,C14H18Cl2O4,320.058215,4,348,1.0,Inactive,9.409465443900651e-12,4.704732721950325E-13,50,1.6989700043360187
https://comptox.epa.gov/dashboard/chemical/details/DTXSID1032305,(Z)-Dichloropropene,10061-01-5,C3H4Cl2,109.969005,0,203,0.0,Inactive,7.30998643331628,0.365499321665814,50,1.6989700043360187
https://comptox.epa.gov/dashboard/chemical/details/DTXSID1032511,"1,3,5-Triethylhexahydro-s-triazine",7779-27-3,C9H21N3,171.173548,28,466,6.0,Inactive,0.3981307683606394,0.019906538418031968,50,1.6989700043360187
https://comptox.epa.gov/dashboard/chemical/details/DTXSID1032513,"(3,5-Dimethyl-1H-pyrazol-1-yl)methanol",85264-33-1,C6H10N2O,126.079313,1,352,0.0,Inactive,5.621362098182129,0.28106810490910644,0.10860728333963346,-0.9641410494419317
https://comptox.epa.gov/dashboard/chemical/details/DTXSID1032519,Acibenzolar-S-methyl,135158-54-2,C8H6N2OS2,209.992155,42,780,5.0,Inactive,8.650506041550873,0.43252530207754364,50,1.6989700043360187
https://comptox.epa.gov/dashboard/chemical/details/DTXSID1032359,Cyprodinil,121552-61-2,C14H15N3,225.126597,164,660,25.0,Active,76.34410243017373,3.8172051215086866,81.50055256639,1.9111605532273452
https://comptox.epa.gov/dashboard/chemical/details/DTXSID1032482,Tebupirimfos,96182-53-5,C13H23N2O3PS,318.116701,180,705,26.0,Inactive,3.947616287104058,0.19738081435520288,0.06738478802344189,-1.1714381334813158
https://comptox.epa.gov/dashboard/chemical/details/DTXSID1032484,Temephos,3383-96-8,C16H20O6P2S3,465.989726,128,492,26.0,Inactive,1.5676433748553977,0.07838216874276989,0.0027999321414755715,-2.5528524939934334
https://comptox.epa.gov/dashboard/chemical/details/DTXSID1032488,Thiazopyr,117718-60-2,C16H17F5N2O2S,396.093090,98,668,15.0,Inactive,1.773860732643142,0.0886930366321571,50,1.6989700043360187
https://comptox.epa.gov/dashboard/chemical/details/DTXSID1032569,Pirimicarb,23103-98-2,C11H18N4O2,238.142976,31,669,5.0,Inactive,5.450697222109704e-11,2.725348611054852E-12,50,1.6989700043360187
https://comptox.epa.gov/dashboard/chemical/details/DTXSID1032640,Pyriproxyfen,95737-68-1,C20H19NO3,321.136493,101,695,15.0,Inactive,7.122334155864596e-10,3.561167077932298E-11,50,1.6989700043360187
https://comptox.epa.gov/dashboard/chemical/details/DTXSID1032690,Indoxacarb,173584-44-6,C22H17ClF3N3O7,527.070712,174,730,24.0,Inactive,0.15921384268233005,0.007960692134116503,39.999999999999666,1.6020599913279587
https://comptox.epa.gov/dashboard/chemical/details/DTXSID1032646,N-Ethylperfluorooctane sulfonamide,4151-50-2,C10H6F17NO2S,526.984778,201,733,27.0,Inactive,2.1506348305301994,0.10753174152650997,0.3861255372795108,-0.4132714743852435
https://comptox.epa.gov/dashboard/chemical/details/DTXSID1032648,Z-Tetrachlorvinphos,22248-79-9,C10H9Cl4O4P,363.899257,113,481,23.0,Active,48.24388237758399,2.4121941188791993,50,1.6989700043360187
https://comptox.epa.gov/dashboard/chemical/details/DTXSID1033664,17-Methyltestosterone,58-18-4,C20H30O2,302.224580,157,696,23.0,Active,103.56925124734565,5.178462562367282,0.0005000000081227121,-3.301029988608683
https://comptox.epa.gov/dashboard/chemical/details/DTXSID1033161,Aldicarb sulfoxide,1646-87-3,C7H14N2O3S,206.072513,9,358,3.0,Inactive,1.844367796005359,0.09221838980026795,50,1.6989700043360187
https://comptox.epa.gov/dashboard/chemical/details/DTXSID1033371,Cyclopentanol,96-41-3,C5H10O,86.073165,3,352,1.0,Inactive,2.064508776460936,0.1032254388230468,50.00000000000001,1.6989700043360187
https://comptox.epa.gov/dashboard/chemical/details/DTXSID1034503,Cyhalofop-butyl,122008-85-9,C20H20FNO4,357.137636,40,650,6.0,Inactive,1.07713245252077e-10,5.38566226260385E-12,50,1.6989700043360187
https://comptox.epa.gov/dashboard/chemical/details/DTXSID1034634,Forchlorfenuron,68157-60-8,C12H10ClN3O,247.051240,237,681,35.0,Inactive,13.095127497349607,0.6547563748674803,94.37437134891404,1.9748540717036605
https://comptox.epa.gov/dashboard/chemical/details/DTXSID1034210,Prodiamine,29091-21-2,C13H17F3N4O4,350.120190,292,673,43.0,Inactive,5.1061347336047925e-9,2.5530673668023963E-10,50,1.6989700043360187
https://comptox.epa.gov/dashboard/chemical/details/DTXSID1034260,Oxytetracycline,79-57-2,C22H24N2O9,460.148180,52,493,11.0,Inactive,0.12881422160811476,0.006440711080405738,50.00000000000001,1.6989700043360187
https://comptox.epa.gov/dashboard/chemical/details/DTXSID1034181,Raloxifene hydrochloride,82640-04-8,C28H28ClNO4S,509.142757,398,724,55.0,Inactive,7.037622022365188,0.3518811011182594,50,1.6989700043360187
https://comptox.epa.gov/dashboard/chemical/details/DTXSID1034187,Tamoxifen,10540-29-1,C26H29NO,371.224915,356,739,48.0,Inactive,15.703713659067262,0.7851856829533631,40.28133131914547,1.60510381577939
https://comptox.epa.gov/dashboard/chemical/details/DTXSID1034212,Spiroxamine,118134-30-8,C18H35NO2,297.266779,124,713,17.0,Inactive,5.84646131496038e-8,2.92323065748019E-9,50,1.6989700043360187
https://comptox.epa.gov/dashboard/chemical/details/DTXSID1034501,gamma-Cyhalothrin,76703-62-3,C23H19ClF3NO3,449.100556,24,310,8.0,Inactive,3.6089035148216336e-11,1.8044517574108168E-12,50,1.6989700043360187
https://comptox.epa.gov/dashboard/chemical/details/DTXSID1035288,"(8E,10E)-8,10-Dodecadien-1-ol",33956-49-9,C12H22O,182.167065,55,359,15.0,Inactive,9.785599051395078,0.4892799525697539,50,1.6989700043360187
https://comptox.epa.gov/dashboard/chemical/details/DTXSID1034973,Tralkoxydim,87820-88-0,C20H27NO3,329.199094,34,662,5.0,Inactive,1.8123075282650597e-9,9.061537641325298E-11,50,1.6989700043360187
https://comptox.epa.gov/dashboard/chemical/details/DTXSID1034929,Spiromesifen,283594-90-1,C23H30O4,370.214409,36,364,10.0,Inactive,6.518520281558954,0.3259260140779477,50,1.6989700043360187
https://comptox.epa.gov/dashboard/chemical/details/DTXSID1037303,Perfluoroheptanoic acid,375-85-9,C7HF13O2,363.976895,38,675,6.0,Inactive,6.989972253221935e-11,3.4949861266109674E-12,50,1.6989700043360187
https://comptox.epa.gov/dashboard/chemical/details/DTXSID1037565,Mepronil,55814-41-0,C17H19NO2,269.141579,29,354,8.0,Inactive,2.1798585220854774,0.10899292610427387,50,1.6989700043360187
https://comptox.epa.gov/dashboard/chemical/details/DTXSID1038298,1-Hydroxypyrene,5315-79-7,C16H10O,218.073165,227,679,33.0,Active,113.54813617544998,5.677406808772499,76.01822748653001,1.8809177389609333
https://comptox.epa.gov/dashboard/chemical/details/DTXSID1038321,3-Phenoxybenzoic acid,3739-38-6,C13H10O3,214.062994,12,632,2.0,Inactive,9.61482885390668,0.480741442695334,0.0005000001160132916,-3.301029894896128
https://comptox.epa.gov/dashboard/chemical/details/DTXSID1038666,Chlorpyrifos oxon,5598-15-2,C9H11Cl3NO4P,332.949128,215,756,28.0,Inactive,5.73937507301438,0.286968753650719,92.89843252060946,1.968008386185322
https://comptox.epa.gov/dashboard/chemical/details/DTXSID1038795,"1,1,1,3,5,5,5-Heptamethyltrisiloxane",1873-88-7,C7H22O2Si3,222.092760,3,344,1.0,Inactive,8.311713145323997e-9,4.1558565726619983E-10,50,1.6989700043360187
https://comptox.epa.gov/dashboard/chemical/details/DTXSID1040110,Ethyl propionate,105-37-3,C5H10O2,102.068080,0,350,0.0,Inactive,1.6699880728707177e-9,8.349940364353589E-11,50,1.6989700043360187
https://comptox.epa.gov/dashboard/chemical/details/DTXSID1040112,Ethyl heptanoate,106-30-9,C9H18O2,158.130680,11,584,2.0,Inactive,1.2623223715020515e-9,6.311611857510257E-11,50,1.6989700043360187
https://comptox.epa.gov/dashboard/chemical/details/DTXSID1040611,"3-Oxa-2,4-disilaheptan-1-ol, 2,2,4-trimethyl-4-(trimethylsiloxy)-, monoether with polyethylene glycol",27306-78-1,(C2H4O)nC11H30O3Si3, ,79,353,22.0,Inactive,22.351409604232746,1.1175704802116373,50.00000000000001,1.6989700043360187
https://comptox.epa.gov/dashboard/chemical/details/DTXSID1040324,m-Cumenyl methylcarbamate,64-00-6,C11H15NO2,193.110279,2,241,1.0,Inactive,0.9926924483552106,0.04963462241776053,50,1.6989700043360187
https://comptox.epa.gov/dashboard/chemical/details/DTXSID1040742,Triamcinolone,124-94-7,C21H27FO6,394.179167,66,639,10.0,Inactive,0.4913974285485902,0.02456987142742951,50,1.6989700043360187
https://comptox.epa.gov/dashboard/chemical/details/DTXSID1040792,Pyridoxine hydrochloride,58-56-0,C8H12ClNO3,205.050571,0,355,0.0,Inactive,1.6378349406984438e-10,8.189174703492219E-12,50,1.6989700043360187
https://comptox.epa.gov/dashboard/chemical/details/DTXSID1040794,Sodium 2-phenylphenate tetrahydrate,6152-33-6,C12H17NaO5,264.097368,52,374,14.0,Inactive,1.8653071360506206,0.09326535680253104,50,1.6989700043360187
https://comptox.epa.gov/dashboard/chemical/details/DTXSID1040372,Epoxiconazole,133855-98-8,C17H13ClFN3O,329.073118,71,381,19.0,Inactive,1.240212524807727,0.06201062624038635,0.07920624023956621,-1.1012406013038236
https://comptox.epa.gov/dashboard/chemical/details/DTXSID1041184,(-)-beta-Pinene,18172-67-3,C10H16,136.125201,3,346,1.0,Inactive,0.9060642540816033,0.045303212704080165,50,1.6989700043360187
https://comptox.epa.gov/dashboard/chemical/details/DTXSID1041188,1-Phenyl-2-nitropropene,705-60-2,C9H9NO2,163.063329,121,361,34.0,Inactive,4.487713942518722,0.2243856971259361,13.11321265238103,1.1177091040680665
https://comptox.epa.gov/dashboard/chemical/details/DTXSID1041265,2-Hexyl-1-decanol,2425-77-6,C16H34O,242.260966,32,458,7.0,Inactive,2.4416205245954536,0.12208102622977268,50,1.6989700043360187
https://comptox.epa.gov/dashboard/chemical/details/DTXSID1041425,(2E)-2-Hexenal,6728-26-3,C6H10O,98.073165,4,346,1.0,Inactive,0.8480529824990953,0.04240264912495477,50,1.6989700043360187
https://comptox.epa.gov/dashboard/chemical/details/DTXSID1041346,"2,4-D-ethyl ester",533-23-3,C10H10Cl2O3,248.000700,0,348,0.0,Inactive,1.032681220377596,0.051634061018879795,50,1.6989700043360187
https://comptox.epa.gov/dashboard/chemical/details/DTXSID1041421,"5,7-Dimethoxy-2H-chromen-2-one",487-06-9,C11H10O4,206.057909,16,360,4.0,Inactive,3.8887159958389157e-8,1.944357997919458E-9,50,1.6989700043360187
https://comptox.epa.gov/dashboard/chemical/details/DTXSID1041508,4-Chloro-2-methylaniline,95-69-2,C7H8ClN,141.034527,13,444,3.0,Inactive,0.12449440597559949,0.006224720298779974,50,1.6989700043360187
https://comptox.epa.gov/dashboard/chemical/details/DTXSID1041550,(S)-(-)-beta-Citronellol,7540-51-4,C10H20O,156.151415,5,344,1.0,Inactive,1.4168983191443132,0.07084491595721566,50,1.6989700043360187
https://comptox.epa.gov/dashboard/chemical/details/DTXSID1041506,4-Chloro-2-cyclopentylphenol,13347-42-7,C11H13ClO,196.065493,83,323,26.0,Active,125.372984315732,6.2686492157866,21.58971124497421,1.3342468338324736
https://comptox.epa.gov/dashboard/chemical/details/DTXSID1041267,1-Ethoxy-2-propanol,1569-02-4,C5H12O2,104.083730,2,347,1.0,Inactive,3.584178395189076e-10,1.792089197594538E-11,50,1.6989700043360187
https://comptox.epa.gov/dashboard/chemical/details/DTXSID1041639,Sodium m-xylene-4-sulfonate,827-21-4,C8H9NaO3S,208.017010,7,349,2.0,Inactive,2.440584230080618e-11,1.220292115040309E-12,50,1.6989700043360187
https://comptox.epa.gov/dashboard/chemical/details/DTXSID1041847,Dibutyl decanedioate,109-43-3,C18H34O4,314.245710,5,586,1.0,Inactive,1.045272108175796,0.052263605408789805,50.00000000000001,1.6989700043360187
https://comptox.epa.gov/dashboard/chemical/details/DTXSID1041891,Diphenylmethane,101-81-5,C13H12,168.093900,7,353,2.0,Inactive,1.0525706039578298,0.05262853019789149,50,1.6989700043360187
https://comptox.epa.gov/dashboard/chemical/details/DTXSID1041920,2-(2-Ethylhexyloxy)ethanol,1559-35-9,C10H22O2,174.161980,2,348,1.0,Inactive,3.727085300649496e-12,1.8635426503247478E-13,50,1.6989700043360187
https://comptox.epa.gov/dashboard/chemical/details/DTXSID1041978,Flufenoxuron,101463-69-8,C21H11ClF6N2O3,488.036239,54,369,15.0,Inactive,0.9738622995147068,0.04869311497573534,50,1.6989700043360187
https://comptox.epa.gov/dashboard/chemical/details/DTXSID1041970,Fenchol,1632-73-1,C10H18O,154.135765,10,352,3.0,Inactive,1.3047896290057086,0.06523948145028544,50,1.6989700043360187
https://comptox.epa.gov/dashboard/chemical/details/DTXSID1042154,Methyl red,493-52-7,C15H15N3O2,269.116427,101,354,29.0,Inactive,5.8333953706050734e-12,2.9166976853025367E-13,50,1.6989700043360187
https://comptox.epa.gov/dashboard/chemical/details/DTXSID1042491,Triethoxypentylsilane,2761-24-2,C11H26O3Si,234.165121,6,347,2.0,Inactive,0.36944446145909327,0.018472223072954663,50,1.6989700043360187
https://comptox.epa.gov/dashboard/chemical/details/DTXSID1044435,Procaine hydrochloride,51-05-8,C13H21ClN2O2,272.129156,3,351,1.0,Inactive,1.3955496676248127e-11,6.977748338124063E-13,50,1.6989700043360187
https://comptox.epa.gov/dashboard/chemical/details/DTXSID1044487,Methyltrioctylammonium chloride,5137-55-3,C25H54ClN,403.394478,184,373,49.0,Active,69.72738963157057,3.486369481578529,20.987924084300996,1.3219694846368029
https://comptox.epa.gov/dashboard/chemical/details/DTXSID1044697,4-Ethyloct-1-yn-3-ol,5877-42-9,C10H18O,154.135765,31,574,5.0,Inactive,3.054111057489054,0.1527055528744527,93.60094275051165,1.971280222982583
https://comptox.epa.gov/dashboard/chemical/details/DTXSID1044643,Glycidyl trimethylammonium chloride,3033-77-0,C6H14ClNO,151.076392,10,597,2.0,Inactive,1.0332696916763615,0.05166348458381807,0.02689435223848305,-1.5703389114170947
https://comptox.epa.gov/dashboard/chemical/details/DTXSID1044564,"2,6,10-Trimethyl-2,6,10-triazaundecane",3855-32-1,C11H27N3,201.220498,3,582,1.0,Inactive,3.49995006826965e-12,1.749975034134825E-13,50,1.6989700043360187
https://comptox.epa.gov/dashboard/chemical/details/DTXSID1044693,Magnesium dibenzoate,553-70-8,C14H10MgO4,266.042951,0,346,0.0,Inactive,3.490218538750234e-9,1.745109269375117E-10,50,1.6989700043360187
https://comptox.epa.gov/dashboard/chemical/details/DTXSID1046970,"2-(2,6-Diisopropylphenyl)-5-hydroxy-1H-isoindole-1,3-dione",105624-86-0,C20H21NO3,323.152144,312,688,45.0,Active,172.72238051559495,8.636119025779747,90.12377484673074,1.9548393739169905
https://comptox.epa.gov/dashboard/chemical/details/DTXSID1047281,CP-612372,353280-07-6,C22H20N4O4,404.148455,54,603,9.0,Inactive,0.8200227025299076,0.04100113512649538,1.2063415541105662,0.08147028795694604
https://comptox.epa.gov/dashboard/chemical/details/DTXSID1047283,CP-728663,368832-42-2,C26H33N3O2,419.257277,148,637,23.0,Active,35.286136216935624,1.7643068108467812,26.601273292251758,1.424902424998137
https://comptox.epa.gov/dashboard/chemical/details/DTXSID1047285,PHA-00568487,527680-56-4,C16H20N2O3,288.147393,9,617,1.0,Inactive,1.5853704405043216,0.07926852202521609,50,1.6989700043360187
https://comptox.epa.gov/dashboard/chemical/details/DTXSID1047289,UK-343664,215297-27-1,C28H35N7O4S,565.247124,79,598,13.0,Inactive,4.803115039118856e-11,2.4015575195594282E-12,25.000000000000075,1.3979400086720388
https://comptox.epa.gov/dashboard/chemical/details/DTXSID1047316,Aplaviroc hydrochloride,461023-63-2,C33H44ClN3O6,613.291864,161,580,28.0,Inactive,15.811637785047864,0.7905818892523933,0.006851901519558696,-2.164188887653344
https://comptox.epa.gov/dashboard/chemical/details/DTXSID1047318,SB202235,139149-55-6,C16H16N2O4,300.111007,37,590,6.0,Inactive,0.6164972544909024,0.03082486272454512,50,1.6989700043360187
https://comptox.epa.gov/dashboard/chemical/details/DTXSID1047364,SSR 103800,1075752-90-7,, ,231,641,36.0,Active,149.00588619089547,7.450294309544773,64.50519459689153,1.809594689734898
https://comptox.epa.gov/dashboard/chemical/details/DTXSID1047310,Farglitazar,196808-45-4,C34H30N2O5,546.215472,338,710,48.0,Inactive,0.5459328759596608,0.02729664379798304,44.9999999999995,1.6532125137753388
https://comptox.epa.gov/dashboard/chemical/details/DTXSID1047287,UK-333747,197077-55-7,C17H12Cl2N6O4,434.029708,15,604,2.0,Inactive,18.246765260527695,0.9123382630263848,0.00005605594684460207,-4.2513783073367115
https://comptox.epa.gov/dashboard/chemical/details/DTXSID1047360,SR58611,929601-09-2,C22H27Cl2NO4,439.131714,176,620,28.0,Inactive,18.09943097706976,0.904971548853488,44.99999999999951,1.6532125137753388
https://comptox.epa.gov/dashboard/chemical/details/DTXSID1047362,SSR150106,NOCAS_47362,C17H17NO3,283.120843,252,670,38.0,Inactive,7.331771072536202e-11,3.665885536268101E-12,50,1.6989700043360187
https://comptox.epa.gov/dashboard/chemical/details/DTXSID1047312,GSK232420A,864283-48-7,C12H9F6N3O,325.064981,38,604,6.0,Active,94.83869500556963,4.741934750278482,0.04635809012183385,-1.3338744645685456
https://comptox.epa.gov/dashboard/chemical/details/DTXSID1047366,SAR115740,NOCAS_47366,C24H17F2N3O,401.133969,312,628,50.0,Inactive,8.936595175044548,0.4468297587522274,81.93834610882553,1.9134871936534947
https://comptox.epa.gov/dashboard/chemical/details/DTXSID1047368,SSR69071,344930-95-6,C27H32N4O7S,556.199171,221,631,35.0,Inactive,7.406067807910399,0.37030339039551996,18.676250146362527,1.271289682160534
https://comptox.epa.gov/dashboard/chemical/details/DTXSID1047526,C10-21 alkanesulfonic acids phenyl esters,91082-17-6,, ,27,608,4.0,Inactive,2.51927687132307,0.1259638435661535,25000.000000000047,4.397940008672038
https://comptox.epa.gov/dashboard/chemical/details/DTXSID1047528,Benzyloctyl adipate,58394-64-2,C21H32O4,348.230060,7,579,1.0,Inactive,0.789078154464545,0.03945390772322725,50,1.6989700043360187
https://comptox.epa.gov/dashboard/chemical/details/DTXSID1047497,Octyl decyl phthalate,119-07-3,C26H42O4,418.308310,9,358,3.0,Inactive,4.129721746198458,0.20648608730992288,0.025637850158775212,-1.591118395039555
https://comptox.epa.gov/dashboard/chemical/details/DTXSID1047576,Cotinine,486-56-6,C10H12N2O,176.094963,2,631,0.0,Inactive,2.9709573215844074,0.14854786607922038,50,1.6989700043360187
https://comptox.epa.gov/dashboard/chemical/details/DTXSID1048122,Benzyl-C8-18-alkyldimethylammonium chlorides,63449-41-2,, ,174,362,48.0,Inactive,6.861160701258635,0.34305803506293175,14.477059827707976,1.1606803691637855
https://comptox.epa.gov/dashboard/chemical/details/DTXSID1048170,FR150011,149413-74-1,C24H23NO4S,421.134779,287,623,46.0,Inactive,19.4756032877244,0.9737801643862201,96.13952324379846,1.982901964130251
https://comptox.epa.gov/dashboard/chemical/details/DTXSID1048172,PharmaGSID_48172,NOCAS_48172,C27H28N4O7S,552.167870,128,655,20.0,Inactive,4.517080241850995,0.22585401209254977,39.99999999999967,1.6020599913279587
https://comptox.epa.gov/dashboard/chemical/details/DTXSID1048174,FR167356,174185-16-1,C19H17Cl2NO3,377.058549,200,612,33.0,Inactive,4.9140163477544623e-11,2.457008173877231E-12,50,1.6989700043360187
https://comptox.epa.gov/dashboard/chemical/details/DTXSID1048176,YM 218,387816-82-2,C74H80F4N8O12,1348.583183,144,615,23.0,Inactive,0.2537010822564796,0.012685054112823979,29.999999999999755,1.4771212547196588
https://comptox.epa.gov/dashboard/chemical/details/DTXSID1048203,Ethyl 4-chlorophenyl ketone,6285-05-8,C9H9ClO,168.034193,1,346,0.0,Inactive,2.8324537882484524,0.14162268941242262,2.893219419450075,0.461381371443641
https://comptox.epa.gov/dashboard/chemical/details/DTXSID1048178,FR130739,136042-19-8,C24H22N7Na,431.183438,94,609,15.0,Inactive,0.3147744180163838,0.015738720900819188,50,1.6989700043360187
https://comptox.epa.gov/dashboard/chemical/details/DTXSID1048207,Diphenyl phosphate,838-85-7,C12H11O4P,250.039496,1,350,0.0,Inactive,7.570796571330983,0.37853982856654916,50,1.6989700043360187
https://comptox.epa.gov/dashboard/chemical/details/DTXSID1048201,Cyclobutyl phenyl ketone,5407-98-7,C11H12O,160.088815,16,350,5.0,Inactive,2.3602284993256767e-9,1.1801142496628384E-10,50,1.6989700043360187
https://comptox.epa.gov/dashboard/chemical/details/DTXSID1048209,tert-Butyl phenyl ketone,938-16-9,C11H14O,162.104465,2,348,1.0,Inactive,1.7385965708597287e-11,8.692982854298644E-13,50,1.6989700043360187
https://comptox.epa.gov/dashboard/chemical/details/DTXSID2020006,Acetaminophen,103-90-2,C8H9NO2,151.063329,2,649,0.0,Inactive,1.1303131871476013e-8,5.651565935738006E-10,50.00000000000001,1.6989700043360187
https://comptox.epa.gov/dashboard/chemical/details/DTXSID2020137,"4,4′-Diamino-1,1′-biphenyl",92-87-5,C12H12N2,184.100048,57,617,9.0,Inactive,2.359118454993517,0.11795592274967585,0.027237875408056212,-1.5648267710082404
https://comptox.epa.gov/dashboard/chemical/details/DTXSID2020262,Chloramben,133-90-4,C7H5Cl2NO2,204.969734,6,613,1.0,Inactive,4.730810212308288e-12,2.365405106154144E-13,50,1.6989700043360187
https://comptox.epa.gov/dashboard/chemical/details/DTXSID2020268,Chlorendic acid,115-28-6,C9H4Cl6O4,385.824075,2,620,0.0,Inactive,13.288936125889645,0.6644468062944823,50,1.6989700043360187
https://comptox.epa.gov/dashboard/chemical/details/DTXSID2020212,4-Methyl-2-tert-butylphenol,2409-55-4,C11H16O,164.120115,174,470,37.0,Active,536.0611210176635,26.803056050883175,93.11410740896844,1.9690154844799703
https://comptox.epa.gov/dashboard/chemical/details/DTXSID2020189,FD&C Blue No. 1,3844-45-9,C37H34N2Na2O9S3,792.122183,88,616,14.0,Inactive,2.5524929700720523e-9,1.2762464850360262E-10,29.99999999999976,1.477121254719659
https://comptox.epa.gov/dashboard/chemical/details/DTXSID2020216,Butylated hydroxytoluene,128-37-0,C15H24O,220.182715,42,349,12.0,Inactive,14.362421662966236,0.7181210831483118,93.66207248182593,1.9715637632844423
https://comptox.epa.gov/dashboard/chemical/details/DTXSID2020426,Dichloran,99-30-9,C6H4Cl2N2O2,205.964983,177,719,25.0,Inactive,2.224030974344884,0.11120154871724419,9.94776366701701,0.9977254590134993
https://comptox.epa.gov/dashboard/chemical/details/DTXSID2020347,Coumaphos,56-72-4,C14H16ClO5PS,362.014459,188,808,23.0,Inactive,11.41483845416718,0.570741922708359,50,1.6989700043360187
https://comptox.epa.gov/dashboard/chemical/details/DTXSID2020420,Propyzamide,23950-58-5,C12H11Cl2NO,255.021769,80,732,11.0,Inactive,4.375843338930328e-11,2.187921669465164E-12,50,1.6989700043360187
https://comptox.epa.gov/dashboard/chemical/details/DTXSID2020505,Dimethylaminoethanol,108-01-0,C4H11NO,89.084064,3,600,1.0,Inactive,4.155655944440883e-9,2.0778279722204414E-10,50,1.6989700043360187
https://comptox.epa.gov/dashboard/chemical/details/DTXSID2020428,Dichloroacetic acid,79-43-6,C2H2Cl2O2,127.943185,1,595,0.0,Inactive,0.5075912284977987,0.025379561424889934,50,1.6989700043360187
https://comptox.epa.gov/dashboard/chemical/details/DTXSID2020634,5-Fluorouracil,51-21-8,C4H3FN2O2,130.017856,93,636,15.0,Inactive,6.700978154601345e-10,3.3504890773006725E-11,50,1.6989700043360187
https://comptox.epa.gov/dashboard/chemical/details/DTXSID2020501,Methadone hydrochloride,1095-90-5,C21H28ClNO,345.185942,116,647,18.0,Inactive,2.179315785933107,0.10896578929665535,2.130973431650517,0.3285780350921923
https://comptox.epa.gov/dashboard/chemical/details/DTXSID2020507,"N,N-Dimethylaniline",121-69-7,C8H11N,121.089149,8,579,1.0,Inactive,1.485933272100728,0.0742966636050364,50,1.6989700043360187
https://comptox.epa.gov/dashboard/chemical/details/DTXSID2020686,Lindane,58-89-9,C6H6Cl6,287.860066,85,700,12.0,Inactive,1.871503640194817e-10,9.357518200974085E-12,50,1.6989700043360187
https://comptox.epa.gov/dashboard/chemical/details/DTXSID2020688,Hexachlorocyclopentadiene,77-47-4,C5Cl6,269.813116,180,604,30.0,Inactive,0.9888257425027528,0.04944128712513764,50,1.6989700043360187
https://comptox.epa.gov/dashboard/chemical/details/DTXSID2020713,Hydrochlorothiazide,58-93-5,C7H8ClN3O4S2,296.964476,4,593,1.0,Inactive,6.099684651119467e-10,3.0498423255597335E-11,50,1.6989700043360187
https://comptox.epa.gov/dashboard/chemical/details/DTXSID2020894,Bis(4-(dimethylamino)phenyl)methanone,90-94-8,C17H20N2O,268.157563,157,609,26.0,Inactive,7.198398855281487e-12,3.5991994276407433E-13,50,1.6989700043360187
https://comptox.epa.gov/dashboard/chemical/details/DTXSID2020921,2-Naphthylamine,91-59-8,C10H9N,143.073499,62,625,10.0,Inactive,6.37908186581386,0.318954093290693,50,1.6989700043360187
https://comptox.epa.gov/dashboard/chemical/details/DTXSID2020890,6-Methyl-2-thiouracil,56-04-2,C5H6N2OS,142.020084,10,602,2.0,Inactive,6.30649287754841,0.31532464387742054,0.026835432822375452,-1.5712913956870478
https://comptox.epa.gov/dashboard/chemical/details/DTXSID2021028,N-Nitrosodiethylamine,55-18-5,C4H10N2O,102.079313,4,637,1.0,Inactive,0.5253229205103882,0.02626614602551941,50,1.6989700043360187
https://comptox.epa.gov/dashboard/chemical/details/DTXSID2021026,N-Nitrosodibutylamine,924-16-3,C8H18N2O,158.141913,5,582,1.0,Inactive,1.3125392680532966,0.06562696340266483,1.3575559633227723,0.13275774180512137
https://comptox.epa.gov/dashboard/chemical/details/DTXSID2020929,Niacinamide,98-92-0,C6H6N2O,122.048013,3,349,1.0,Inactive,1.127351347683763e-9,5.636756738418815E-11,50,1.6989700043360187
https://comptox.epa.gov/dashboard/chemical/details/DTXSID2021103,Pentachloroanisole,1825-21-4,C7H3Cl5O,277.862653,13,344,4.0,Inactive,3.1323596452747626,0.15661798226373813,9.921256967171313,0.9965666982957249
https://comptox.epa.gov/dashboard/chemical/details/DTXSID2021105,Fartox,82-68-8,C6Cl5NO2,292.837167,91,664,14.0,Inactive,7.330337049067614e-11,3.665168524533807E-12,50,1.6989700043360187
https://comptox.epa.gov/dashboard/chemical/details/DTXSID2021151,2-Phenylphenol,90-43-7,C12H10O,170.073165,55,692,8.0,Active,173.90538802354075,8.695269401177038,91.51592767378435,1.9614966864035686
https://comptox.epa.gov/dashboard/chemical/details/DTXSID2021238,Resorcinol,108-46-3,C6H6O2,110.036779,11,585,2.0,Inactive,2.2367123510390687e-12,1.1183561755195344E-13,50,1.6989700043360187
https://comptox.epa.gov/dashboard/chemical/details/DTXSID2021286,Styrene oxide,96-09-3,C8H8O,120.057515,6,576,1.0,Inactive,0.3113625017452406,0.01556812508726203,50,1.6989700043360187
https://comptox.epa.gov/dashboard/chemical/details/DTXSID2021234,FD&C Red 4,4548-53-2,C18H14N2Na2O7S2,480.003782,45,352,13.0,Inactive,8.97009451326965e-9,4.485047256634825E-10,50,1.6989700043360187
https://comptox.epa.gov/dashboard/chemical/details/DTXSID2021288,Sucrose,57-50-1,C12H22O11,342.116212,2,575,0.0,Inactive,8.957334390130856e-11,4.478667195065428E-12,50,1.6989700043360187
https://comptox.epa.gov/dashboard/chemical/details/DTXSID2021440,Vinylpyrrolidone,88-12-0,C6H9NO,111.068414,4,569,1.0,Inactive,1.4949136138953047e-9,7.474568069476523E-11,50,1.6989700043360187
https://comptox.epa.gov/dashboard/chemical/details/DTXSID2021311,"2,4,6-Tris(tert-butyl)phenol",732-26-3,C18H30O,262.229666,115,606,19.0,Inactive,5.241025685010629e-10,2.6205128425053144E-11,50.00000000000001,1.6989700043360187
https://comptox.epa.gov/dashboard/chemical/details/DTXSID2021600,Heptanoic acid,111-14-8,C7H14O2,130.099380,3,578,1.0,Inactive,5.4219271444822934e-11,2.7109635722411467E-12,50,1.6989700043360187
https://comptox.epa.gov/dashboard/chemical/details/DTXSID2021575,Dalapon,75-99-0,C3H4Cl2O2,141.958835,2,596,0.0,Inactive,1.3576313226710985,0.06788156613355492,50,1.6989700043360187
https://comptox.epa.gov/dashboard/chemical/details/DTXSID2021602,Hexadecanoic acid,57-10-3,C16H32O2,256.240230,5,350,1.0,Inactive,2.471011982872302,0.1235505991436151,50,1.6989700043360187
https://comptox.epa.gov/dashboard/chemical/details/DTXSID2021739,1-Propanol,71-23-8,C3H8O,60.057515,1,353,0.0,Inactive,6.0219318278541704e-9,3.010965913927085E-10,50,1.6989700043360187
https://comptox.epa.gov/dashboard/chemical/details/DTXSID2021735,Dimethyl sulfoxide,67-68-5,C2H6OS,78.013936,4,356,1.0,Inactive,1.2016241822796913e-10,6.0081209113984565E-12,50,1.6989700043360187
https://comptox.epa.gov/dashboard/chemical/details/DTXSID2021781,"Dibutyl 1,2-benzenedicarboxylate",84-74-2,C16H22O4,278.151809,80,759,11.0,Inactive,3.518013873886139e-11,1.7590069369430696E-12,50,1.6989700043360187
https://comptox.epa.gov/dashboard/chemical/details/DTXSID2021864,"2,4-Dimethylphenol",105-67-9,C8H10O,122.073165,16,606,3.0,Inactive,1.4707763259938536,0.07353881629969268,1.2508843067949846,0.09721714403073825
https://comptox.epa.gov/dashboard/chemical/details/DTXSID2021866,Dibutyl adipate,105-99-7,C14H26O4,258.183109,6,583,1.0,Inactive,9.39631494817082,0.46981574740854104,49.99999999999999,1.6989700043360187
https://comptox.epa.gov/dashboard/chemical/details/DTXSID2021941,2-(2-Ethoxyethoxy)ethanol,111-90-0,C6H14O3,134.094294,0,577,0.0,Inactive,4.809622752636778,0.2404811376318389,50,1.6989700043360187
https://comptox.epa.gov/dashboard/chemical/details/DTXSID2021943,2-Undecanone,112-12-9,C11H22O,170.167065,2,349,1.0,Inactive,3.9738657232639936,0.19869328616319967,0.17933163376576317,-0.7463430949435055
https://comptox.epa.gov/dashboard/chemical/details/DTXSID2021997,1-(2-Aminoethyl)piperazine,140-31-8,C6H15N3,129.126597,4,346,1.0,Inactive,8.929720874703465e-10,4.4648604373517326E-11,50,1.6989700043360187
https://comptox.epa.gov/dashboard/chemical/details/DTXSID2021995,DEET,134-62-3,C12H17NO,191.131014,24,643,4.0,Inactive,3.9216705494140554,0.19608352747070276,50,1.6989700043360187
https://comptox.epa.gov/dashboard/chemical/details/DTXSID2022048,Flavone,525-82-6,C15H10O2,222.068080,59,361,16.0,Inactive,9.395584312861135e-10,4.6977921564305675E-11,50,1.6989700043360187
https://comptox.epa.gov/dashboard/chemical/details/DTXSID2021993,Dibenzofuran,132-64-9,C12H8O,168.057515,8,579,1.0,Inactive,3.1926213224396554,0.15963106612198277,0.09005702456712385,-1.0454824059787506
https://comptox.epa.gov/dashboard/chemical/details/DTXSID2021947,1-Tridecanol,112-70-9,C13H28O,200.214016,91,578,16.0,Active,126.7032266550048,6.33516133275024,92.53450936214625,1.966303726583095
https://comptox.epa.gov/dashboard/chemical/details/DTXSID2022123,2-Hydroxyethyl acrylate,818-61-1,C5H8O3,116.047344,40,359,11.0,Inactive,0.7167820319310179,0.03583910159655089,0.026340764303187564,-1.579371627709803
https://comptox.epa.gov/dashboard/chemical/details/DTXSID2022254,Terbufos,13071-79-9,C9H21O2PS3,288.044130,86,633,14.0,Inactive,4.221306875706132,0.2110653437853066,49.99999999999999,1.6989700043360187
https://comptox.epa.gov/dashboard/chemical/details/DTXSID2022331,2-(Butan-2-yl)phenol,89-72-5,C10H14O,150.104465,33,579,6.0,Inactive,7.391134475001837,0.36955672375009185,77.2469109021157,1.88788112104199
https://comptox.epa.gov/dashboard/chemical/details/DTXSID2022179,Pentachloropyridine,2176-62-7,C5Cl5N,248.847338,72,620,12.0,Inactive,1.4890455749373882e-10,7.445227874686941E-12,50,1.6989700043360187
https://comptox.epa.gov/dashboard/chemical/details/DTXSID2022333,sec-Butylbenzene,135-98-8,C10H14,134.109550,2,203,1.0,Inactive,0.537175670463234,0.0268587835231617,49.99999999999999,1.6989700043360187
https://comptox.epa.gov/dashboard/chemical/details/DTXSID2022381,Hexestrol,84-16-2,C18H22O2,270.161980,324,709,46.0,Active,33.417079597833,1.6708539798916502,50.00000000000001,1.6989700043360187
https://comptox.epa.gov/dashboard/chemical/details/DTXSID2022171,1-Decanamine,2016-57-1,C10H23N,157.183050,10,347,3.0,Inactive,3.265885078666401,0.16329425393332003,0.0005028029853538983,-3.2986021523884754
https://comptox.epa.gov/dashboard/chemical/details/DTXSID2022678,Bicalutamide,90357-06-5,C18H14F4N2O4S,430.061041,54,398,14.0,Active,28.06868292265355,1.4034341461326776,5.699309011242105,0.7558222046557179
https://comptox.epa.gov/dashboard/chemical/details/DTXSID2022628,Atenolol,29122-68-7,C14H22N2O3,266.163043,1,355,0.0,Inactive,4.199564814552439,0.20997824072762197,50,1.6989700043360187
https://comptox.epa.gov/dashboard/chemical/details/DTXSID2023193,Lactose,63-42-3,C12H22O11,342.116212,1,353,0.0,Inactive,5.100503757796186e-10,2.550251878898093E-11,50,1.6989700043360187
https://comptox.epa.gov/dashboard/chemical/details/DTXSID2023430,Pentaerythritol tetranitrate,78-11-5,C5H8N4O12,316.013872,6,357,2.0,Inactive,0.3484853467728412,0.01742426733864206,50,1.6989700043360187
https://comptox.epa.gov/dashboard/chemical/details/DTXSID2023723,Tromethamine,77-86-1,C4H11NO3,121.073893,2,354,1.0,Inactive,2.140970652515247e-9,1.0704853262576235E-10,50,1.6989700043360187
https://comptox.epa.gov/dashboard/chemical/details/DTXSID2024086,Ethion,563-12-2,C9H22O4P2S4,383.987618,95,608,16.0,Inactive,6.082595316731472e-9,3.041297658365736E-10,50,1.6989700043360187
https://comptox.epa.gov/dashboard/chemical/details/DTXSID2024242,Paclobutrazol,76738-62-0,C15H20ClN3O,293.129490,91,686,13.0,Inactive,4.795122503330429,0.23975612516652145,50,1.6989700043360187
https://comptox.epa.gov/dashboard/chemical/details/DTXSID2024163,Linuron,330-55-2,C9H10Cl2N2O2,248.011933,120,787,15.0,Inactive,6.0531785345397715,0.3026589267269886,50,1.6989700043360187
https://comptox.epa.gov/dashboard/chemical/details/DTXSID2024793,Chloroneb,2675-77-6,C8H8Cl2O2,205.990135,14,641,2.0,Inactive,1.458205112403071e-11,7.291025562015355E-13,50,1.6989700043360187
https://comptox.epa.gov/dashboard/chemical/details/DTXSID2024662,Brucine,357-57-3,C23H26N2O4,394.189257,16,330,5.0,Active,41.92471336522437,2.0962356682612184,2.4286560101395382,0.3853660065805189
https://comptox.epa.gov/dashboard/chemical/details/DTXSID2024664,Butyraldehyde oxime,110-69-0,C4H9NO,87.068414,2,349,1.0,Inactive,4.384393208009864,0.21921966040049318,50,1.6989700043360187
https://comptox.epa.gov/dashboard/chemical/details/DTXSID2024666,"1,4-Butanediol",110-63-4,C4H10O2,90.068080,2,466,0.0,Inactive,5.592697087096926e-9,2.796348543548463E-10,50,1.6989700043360187
https://comptox.epa.gov/dashboard/chemical/details/DTXSID2025135,"1,3-Dimethyl-4-nitrobenzene",89-87-2,C8H9NO2,151.063329,13,345,4.0,Inactive,1.542916722454712e-8,7.71458361227356E-10,50,1.6989700043360187
https://comptox.epa.gov/dashboard/chemical/details/DTXSID2024955,Di-tert-butyl peroxide,110-05-4,C8H18O2,146.130680,2,622,0.0,Inactive,4.134171257792793e-13,2.0670856288963964E-14,50,1.6989700043360187
https://comptox.epa.gov/dashboard/chemical/details/DTXSID2025050,Diethylenetriamine,111-40-0,C4H13N3,103.110947,6,467,1.0,Inactive,5.008193548303738,0.2504096774151869,50,1.6989700043360187
https://comptox.epa.gov/dashboard/chemical/details/DTXSID2025133,"1,2-Dimethyl-4-nitrobenzene",99-51-4,C8H9NO2,151.063329,14,579,2.0,Inactive,0.09568112398778236,0.004784056199389118,50,1.6989700043360187
https://comptox.epa.gov/dashboard/chemical/details/DTXSID2025216,Divinylbenzene,1321-74-0,C10H10,130.078250,8,349,2.0,Inactive,7.644333739044737e-12,3.8221668695223687E-13,50,1.6989700043360187
https://comptox.epa.gov/dashboard/chemical/details/DTXSID2025347,Furfuryl alcohol,98-00-0,C5H6O2,98.036779,17,457,4.0,Inactive,1.6419615768583898e-11,8.209807884291949E-13,50,1.6989700043360187
https://comptox.epa.gov/dashboard/chemical/details/DTXSID2025395,Hexamethyldisilazane,999-97-3,C6H19NSi2,161.105603,1,353,0.0,Inactive,0.8172501784309218,0.040862508921546095,50,1.6989700043360187
https://comptox.epa.gov/dashboard/chemical/details/DTXSID2025478,Isopropyl acetate,108-21-4,C5H10O2,102.068080,4,358,1.0,Inactive,2.780094476571507e-10,1.3900472382857535E-11,50,1.6989700043360187
https://comptox.epa.gov/dashboard/chemical/details/DTXSID2025505,Linoleic acid,60-33-3,C18H32O2,280.240230,70,373,19.0,Inactive,1.4051080599947554,0.07025540299973777,50,1.6989700043360187
https://comptox.epa.gov/dashboard/chemical/details/DTXSID2025680,Mono(2-ethylhexyl) phthalate,4376-20-9,C16H22O4,278.151809,69,737,9.0,Inactive,5.616197620103279,0.2808098810051639,50,1.6989700043360187
https://comptox.epa.gov/dashboard/chemical/details/DTXSID2025688,Morpholine,110-91-8,C4H9NO,87.068414,1,347,0.0,Inactive,2.9577900322638204e-11,1.4788950161319102E-12,50,1.6989700043360187
https://comptox.epa.gov/dashboard/chemical/details/DTXSID2026076,Tannic acid,1401-55-4,, ,252,611,41.0,Inactive,1.3329636159593194e-8,6.664818079796597E-10,50,1.6989700043360187
https://comptox.epa.gov/dashboard/chemical/details/DTXSID2026238,Trimethylamine,75-50-3,C3H9N,59.073499,1,348,0.0,Inactive,4.688571783184027e-10,2.3442858915920136E-11,50,1.6989700043360187
https://comptox.epa.gov/dashboard/chemical/details/DTXSID2026446,Acetyl tributyl citrate,77-90-7,C20H34O8,402.225368,33,588,6.0,Inactive,6.796608682017574e-10,3.398304341008787E-11,50,1.6989700043360187
https://comptox.epa.gov/dashboard/chemical/details/DTXSID2025892,N-Phenyl-1-naphthylamine,90-30-2,C16H13N,219.104799,225,475,47.0,Inactive,1.1200512191265673e-9,5.6002560956328365E-11,50,1.6989700043360187
https://comptox.epa.gov/dashboard/chemical/details/DTXSID2026496,alpha-Terpinyl acetate,80-26-2,C12H20O2,196.146330,44,457,10.0,Inactive,2.9066319887754827e-10,1.4533159943877413E-11,50,1.6989700043360187
https://comptox.epa.gov/dashboard/chemical/details/DTXSID2026523,Symclosene,87-90-1,C3Cl3N3O3,230.900524,14,648,2.0,Inactive,2.635253566477975,0.13176267832389874,50,1.6989700043360187
https://comptox.epa.gov/dashboard/chemical/details/DTXSID2026602,"2,4-Di-tert-butylphenol",96-76-4,C14H22O,206.167065,267,602,44.0,Active,45.781965673170845,2.289098283658542,50,1.6989700043360187
https://comptox.epa.gov/dashboard/chemical/details/DTXSID2026525,2-tert-Butylphenol,88-18-6,C10H14O,150.104465,62,610,10.0,Active,432.8424846146388,21.64212423073194,92.44575760051008,1.9658869858795778
https://comptox.epa.gov/dashboard/chemical/details/DTXSID2026529,2-Tert-Butyl-5-methylphenol,88-60-8,C11H16O,164.120115,113,612,18.0,Active,270.6898083825384,13.53449041912692,75.90385927707793,1.8802638578471174
https://comptox.epa.gov/dashboard/chemical/details/DTXSID2026789,Propylene carbonate,108-32-7,C4H6O3,102.031694,8,344,2.0,Inactive,1.127235171183043,0.05636175855915215,50,1.6989700043360187
https://comptox.epa.gov/dashboard/chemical/details/DTXSID2026864,Methyl octanoate,111-11-5,C9H18O2,158.130680,2,577,0.0,Inactive,2.7763668398847706e-11,1.3881834199423853E-12,50,1.6989700043360187
https://comptox.epa.gov/dashboard/chemical/details/DTXSID2026997,4-Methoxybenzaldehyde,123-11-5,C8H8O2,136.052429,0,354,0.0,Inactive,2.128446797591378,0.10642233987956891,84.08855199194213,1.9247368739768713
https://comptox.epa.gov/dashboard/chemical/details/DTXSID2026943,Pentaerythritol,115-77-5,C5H12O4,136.073559,6,585,1.0,Inactive,9.418330492586478e-12,4.709165246293239E-13,50,1.6989700043360187
https://comptox.epa.gov/dashboard/chemical/details/DTXSID2026781,4-Methyl-2-pentanol,108-11-2,C6H14O,102.104465,7,573,1.0,Inactive,1.1539901953367074e-9,5.769950976683537E-11,50,1.6989700043360187
https://comptox.epa.gov/dashboard/chemical/details/DTXSID2027200,"4,4'-Bipyridine",553-26-4,C10H8N2,156.068748,10,605,2.0,Inactive,9.961998381874136e-9,4.980999190937068E-10,50,1.6989700043360187
https://comptox.epa.gov/dashboard/chemical/details/DTXSID2027204,Methyl isothiocyanate,556-61-6,C2H3NS,72.998620,28,660,4.0,Inactive,0.07469165234337313,0.0037345826171686566,49.99999999999999,1.6989700043360187
https://comptox.epa.gov/dashboard/chemical/details/DTXSID2027094,Bis(2-ethylhexyl) maleate,142-16-5,C20H36O4,340.261360,45,461,10.0,Inactive,7.106900973602892,0.3553450486801446,50,1.6989700043360187
https://comptox.epa.gov/dashboard/chemical/details/DTXSID2027466,ECC,2386-87-0,C14H20O4,252.136159,7,348,2.0,Inactive,0.9314771928038235,0.04657385964019117,50,1.6989700043360187
https://comptox.epa.gov/dashboard/chemical/details/DTXSID2027593,4-Chlorobenzotrichloride,5216-25-1,C7H4Cl4,227.906711,8,603,1.0,Inactive,2.3503491699386747e-10,1.1751745849693374E-11,50,1.6989700043360187
https://comptox.epa.gov/dashboard/chemical/details/DTXSID2027414,"2,3-Dihydro-2,2-dimethyl-7-benzofuranol",1563-38-8,C10H12O2,164.083730,5,462,1.0,Inactive,2.445923349600707e-10,1.2229616748003534E-11,50,1.6989700043360187
https://comptox.epa.gov/dashboard/chemical/details/DTXSID2027258,Isopropyl formate,625-55-8,C4H8O2,88.052429,17,352,5.0,Inactive,2.6869676715270003,0.13434838357635,0.027866850956375984,-1.5549121051847425
https://comptox.epa.gov/dashboard/chemical/details/DTXSID2027333,3-Aminopropyltriethoxysilane,919-30-2,C9H23NO3Si,221.144720,3,357,1.0,Inactive,1.0426278092450427e-10,5.213139046225213E-12,50,1.6989700043360187
https://comptox.epa.gov/dashboard/chemical/details/DTXSID2027412,"3,6,9,12-Tetraoxahexadecan-1-ol",1559-34-8,C12H26O5,250.178024,3,345,1.0,Inactive,1.0776761150894825,0.05388380575447412,50.00000000000001,1.6989700043360187
https://comptox.epa.gov/dashboard/chemical/details/DTXSID2027963,Isooctadecanoic acid,30399-84-9,, ,18,360,5.0,Inactive,2.140180066738268,0.1070090033369134,93.18182349151921,1.9693312049805838
https://comptox.epa.gov/dashboard/chemical/details/DTXSID2029290,(-)-alpha-Pinene,7785-26-4,C10H16,136.125201,7,344,2.0,Inactive,1.506873229679524,0.0753436614839762,50,1.6989700043360187
https://comptox.epa.gov/dashboard/chemical/details/DTXSID2029167,Metam-sodium,137-42-8,C2H4NNaS2,128.968286,5,353,1.0,Inactive,6.399522456936529e-11,3.1997612284682645E-12,50,1.6989700043360187
https://comptox.epa.gov/dashboard/chemical/details/DTXSID2029329,Tripropylene glycol monomethyl ether,25498-49-1,, ,3,580,1.0,Inactive,8.398203226694228,0.41991016133471143,50,1.6989700043360187
https://comptox.epa.gov/dashboard/chemical/details/DTXSID2029298,"alpha-Sulfo-omega-(dodecyloxy)poly(oxy-1,2-ethanediyl) sodium salt",9004-82-4,(C2H4O)nC12H25NaO4S, ,57,367,16.0,Inactive,2.3268165659982167,0.11634082829991084,50,1.6989700043360187
https://comptox.epa.gov/dashboard/chemical/details/DTXSID2029325,Methyl dihydrojasmonate,24851-98-7,C13H22O3,226.156895,4,361,1.0,Inactive,2.4975423219842285e-10,1.2487711609921142E-11,49.99999999999999,1.6989700043360187
https://comptox.epa.gov/dashboard/chemical/details/DTXSID2029612,Limonene,138-86-3,C10H16,136.125201,3,355,1.0,Inactive,1.078607393436076,0.0539303696718038,0.0026620226031429245,-2.574788261266088
https://comptox.epa.gov/dashboard/chemical/details/DTXSID2029616,Imidazole,288-32-4,C3H4N2,68.037448,1,347,0.0,Inactive,0.1701600264001265,0.008508001320006325,50,1.6989700043360187
https://comptox.epa.gov/dashboard/chemical/details/DTXSID2029874,Fenofibrate,49562-28-9,C20H21ClO4,360.112837,153,638,24.0,Inactive,3.528913460949685e-11,1.7644567304748424E-12,50,1.6989700043360187
https://comptox.epa.gov/dashboard/chemical/details/DTXSID2029246,Triethoxyoctylsilane,2943-75-1,C14H32O3Si,276.212071,46,597,8.0,Inactive,1.5244314985176606e-9,7.622157492588303E-11,50,1.6989700043360187
https://comptox.epa.gov/dashboard/chemical/details/DTXSID2032348,Chlorophacinone,3691-35-8,C23H15ClO3,374.070972,151,371,41.0,Inactive,1.8465199265720478,0.09232599632860239,50,1.6989700043360187
https://comptox.epa.gov/dashboard/chemical/details/DTXSID2032390,Fenarimol,60168-88-9,C17H12Cl2N2O,330.032668,275,778,35.0,Inactive,0.8353680857477712,0.04176840428738856,50,1.6989700043360187
https://comptox.epa.gov/dashboard/chemical/details/DTXSID2032344,Chlorethoxyfos,54593-83-8,C6H11Cl4O3PS,333.892063,109,684,16.0,Inactive,2.0134016121935143e-8,1.0067008060967571E-9,50,1.6989700043360187
https://comptox.epa.gov/dashboard/chemical/details/DTXSID2032552,Flufenacet,142459-58-3,C14H13F4N3O2S,363.066460,118,742,16.0,Inactive,0.25998613943319543,0.012999306971659772,50,1.6989700043360187
https://comptox.epa.gov/dashboard/chemical/details/DTXSID2032550,"Fenpyroximate (Z,E)",111812-58-9,C24H27N3O4,421.200156,234,690,34.0,Inactive,9.80157705591783e-12,4.900788527958915E-13,50,1.6989700043360187
https://comptox.epa.gov/dashboard/chemical/details/DTXSID2032392,Fenoxaprop-ethyl,66441-23-4,C18H16ClNO5,361.071700,61,650,9.0,Inactive,5.818059984715076e-11,2.909029992357538E-12,50,1.6989700043360187
https://comptox.epa.gov/dashboard/chemical/details/DTXSID2032554,Flumiclorac-pentyl,87546-18-7,C21H23ClFNO5,423.124879,56,668,8.0,Inactive,3.0712621642297715,0.15356310821148858,5.813494767379009,0.7644372859012754
https://comptox.epa.gov/dashboard/chemical/details/DTXSID2032637,Pymetrozine,123312-89-0,C10H11N5O,217.096360,17,737,2.0,Inactive,3.4400655372686046e-9,1.7200327686343023E-10,50,1.6989700043360187
https://comptox.epa.gov/dashboard/chemical/details/DTXSID2032639,Pyridate,55512-33-9,C19H23ClN2O2S,378.116877,31,355,9.0,Inactive,9.733024644029295e-12,4.866512322014648E-13,50,1.6989700043360187
https://comptox.epa.gov/dashboard/chemical/details/DTXSID2032683,Mevinphos,7786-34-7,C7H13O6P,224.044975,22,642,3.0,Inactive,25.391109503424197,1.26955547517121,0.06371400640698272,-1.19576508514338
https://comptox.epa.gov/dashboard/chemical/details/DTXSID2032556,Fluthiacet-methyl,117337-19-6,C15H15ClFN3O3S2,403.022740,40,659,6.0,Inactive,5.27958550278436,0.263979275139218,93.34815617766796,1.970105744140772
https://comptox.epa.gov/dashboard/chemical/details/DTXSID2032500,Triflumizole,68694-11-1,C15H15ClF3N3O,345.085574,375,792,47.0,Active,42.54035084369566,2.1270175421847832,14.436707111239102,1.1594681456920104
https://comptox.epa.gov/dashboard/chemical/details/DTXSID2032558,Kresoxim-methyl,143390-89-0,C18H19NO4,313.131408,93,404,23.0,Inactive,8.416808535831911e-11,4.2084042679159555E-12,50,1.6989700043360187
https://comptox.epa.gov/dashboard/chemical/details/DTXSID2032398,Fludioxonil,131341-86-1,C12H6F2N2O2,248.039734,227,735,31.0,Inactive,11.996163290200563,0.5998081645100282,0.002992298532808138,-2.5239950803652067
https://comptox.epa.gov/dashboard/chemical/details/DTXSID2034465,Clothianidin,210880-92-5,C6H8ClN5O2S,249.008723,20,674,3.0,Inactive,2.9214772822822596e-9,1.4607386411411298E-10,50,1.6989700043360187
https://comptox.epa.gov/dashboard/chemical/details/DTXSID2034255,2-Fluoroacetamide,640-19-7,C2H4FNO,77.027692,1,243,0.0,Inactive
https://comptox.epa.gov/dashboard/chemical/details/DTXSID2034598,Fenoxaprop-P-ethyl,71283-80-2,C18H16ClNO5,361.071700,38,368,10.0,Inactive,7.286881959874259,0.364344097993713,0.0014942871245006667,-2.8255659456227735
https://comptox.epa.gov/dashboard/chemical/details/DTXSID2034542,Dimethenamid-P,163515-14-8,C12H18ClNO2S,275.074678,4,311,1.0,Inactive,1.3607036579674339,0.0680351828983717,0.3155757107493622,-0.5008964309805741
https://comptox.epa.gov/dashboard/chemical/details/DTXSID2034625,Fluoxastrobin,361377-29-9,C21H16ClFN4O5,458.079325,249,712,35.0,Inactive,6.943237458685057e-10,3.471618729342529E-11,49.99999999999999,1.6989700043360187
https://comptox.epa.gov/dashboard/chemical/details/DTXSID2034590,Fenamidone,161326-34-7,C17H17N3OS,311.109233,193,742,26.0,Inactive,1.2109039263895526e-10,6.054519631947763E-12,50,1.6989700043360187
https://comptox.epa.gov/dashboard/chemical/details/DTXSID2034338,Ancymidol,12771-68-5,C15H16N2O2,256.121178,1,243,0.0,Inactive,0.656641238101236,0.0328320619050618,50,1.6989700043360187
https://comptox.epa.gov/dashboard/chemical/details/DTXSID2034881,Quinoxyfen,124495-18-7,C15H8Cl2FNO,306.996697,175,666,26.0,Inactive,6.829543278807983,0.3414771639403992,50,1.6989700043360187
https://comptox.epa.gov/dashboard/chemical/details/DTXSID2034962,Thiamethoxam,153719-23-4,C8H10ClN5O3S,291.019288,4,705,1.0,Inactive,1.6351997857909e-10,8.1759989289545E-12,50,1.6989700043360187
https://comptox.epa.gov/dashboard/chemical/details/DTXSID2034673,Iodosulfuron methyl ester sodium salt,144550-36-7,C14H13IN5NaO6S,528.952890,15,650,2.0,Inactive,1.0344884235683029e-10,5.1724421178415145E-12,50,1.6989700043360187
https://comptox.epa.gov/dashboard/chemical/details/DTXSID2034700,"Acetic acid, 2-(4-chloro-2-methylphenoxy)-, sodium salt (1:1)",3653-48-3,C9H8ClNaO3,222.005966,0,348,0.0,Inactive,0.5796121511804211,0.028980607559021054,49.99999999999999,1.6989700043360187
https://comptox.epa.gov/dashboard/chemical/details/DTXSID2034885,Fenchlorphos,299-84-3,C8H8Cl3O3PS,319.899735,56,439,13.0,Inactive,0.9317296775169716,0.04658648387584858,50,1.6989700043360187
https://comptox.epa.gov/dashboard/chemical/details/DTXSID2034627,Fluroxypyr,69377-81-7,C7H5Cl2FN2O3,253.966126,4,654,1.0,Inactive,4.295785589987048,0.2147892794993524,0.0005000000170765971,-3.3010299808314376
https://comptox.epa.gov/dashboard/chemical/details/DTXSID2036112,2-(8-Heptadecenyl)-2-imidazoline-1-ethanol,95-38-5,C22H42N2O,350.329714,151,366,41.0,Active,28.641495431717477,1.432074771585874,12.421710124259581,1.0941813902369024
https://comptox.epa.gov/dashboard/chemical/details/DTXSID2036299,"N,N-Dimethyloctylamine",7378-99-6,C10H23N,157.183050,6,600,1.0,Inactive,2.7326713266459297,0.13663356633229648,0.18553729296858956,-0.7315687841478397
https://comptox.epa.gov/dashboard/chemical/details/DTXSID2036588,"Glycols, polyethylene, mono(p-nonylphenyl) ether",26027-38-3,(C2H4O)nC15H24O, ,146,373,39.0,Inactive,26.220839399865564,1.3110419699932783,50,1.6989700043360187
https://comptox.epa.gov/dashboard/chemical/details/DTXSID2037712,"4,4',4''-Ethane-1,1,1-triyltriphenol",27955-94-8,C20H18O3,306.125594,288,635,45.0,Active,63.26229694925448,3.1631148474627238,0.04482731018005841,-1.3484573197780811
https://comptox.epa.gov/dashboard/chemical/details/DTXSID2038732,Diethyl butanedioate,123-25-1,C8H14O4,174.089209,19,642,3.0,Inactive,7.555589972294637,0.37777949861473187,6.874076891122845,0.8372143857010603
https://comptox.epa.gov/dashboard/chemical/details/DTXSID2037714,4-Heptylphenol,1987-50-4,C13H20O,192.151415,156,599,26.0,Active,82.86487811644176,4.143243905822088,26.069400029420173,1.416131036273413
https://comptox.epa.gov/dashboard/chemical/details/DTXSID2038788,"1,4-Cyclohexanedicarboxylic acid",1076-97-7,C8H12O4,172.073559,7,356,2.0,Inactive,3.937435795285167e-9,1.9687178976425836E-10,50,1.6989700043360187
https://comptox.epa.gov/dashboard/chemical/details/DTXSID2040363,Diniconazole,83657-24-3,C15H17Cl2N3O,325.074868,293,725,40.0,Active,51.04754230959263,2.5523771154796315,92.19172292820303,1.9646919313793307
https://comptox.epa.gov/dashboard/chemical/details/DTXSID2040151,Imidazolidinyl urea,39236-46-9,C11H16N8O8,388.109110,14,345,4.0,Inactive,5.59045012896639,0.2795225064483195,50,1.6989700043360187
https://comptox.epa.gov/dashboard/chemical/details/DTXSID2039336,S-Bioallethrin,28434-00-6,C19H26O3,302.188195,196,728,27.0,Inactive,2.189185707298559,0.10945928536492795,50,1.6989700043360187
https://comptox.epa.gov/dashboard/chemical/details/DTXSID2040731,Diisopropyl phthalate,605-45-8,C14H18O4,250.120509,19,358,5.0,Inactive,7.974112873969298e-9,3.987056436984649E-10,50,1.6989700043360187
https://comptox.epa.gov/dashboard/chemical/details/DTXSID2040361,Metam-sodium hydrate,6734-80-1,C2H10NNaO3S2,182.999980,62,733,8.0,Inactive,1.7917013960268513,0.08958506980134257,50,1.6989700043360187
https://comptox.epa.gov/dashboard/chemical/details/DTXSID2041252,"1,4-Diaminoanthraquinone",128-95-0,C14H10N2O2,238.074228,76,368,21.0,Inactive,1.7768561180421816,0.08884280590210908,0.0015353937512766103,-2.813780231211006
https://comptox.epa.gov/dashboard/chemical/details/DTXSID2041389,2'-Acetonaphthone,93-08-3,C12H10O,170.073165,8,362,2.0,Inactive,1.9864434633042223,0.09932217316521111,50,1.6989700043360187
https://comptox.epa.gov/dashboard/chemical/details/DTXSID2041208,Decyl beta-D-glucopyranoside,58846-77-8,C16H32O6,320.219889,19,346,5.0,Inactive,13.032465331013876,0.6516232665506938,50,1.6989700043360187
https://comptox.epa.gov/dashboard/chemical/details/DTXSID2041250,"1,4-Bis(N-isopropylamino)anthraquinone",14233-37-5,C20H22N2O2,322.168128,49,353,14.0,Inactive,0.16762728572575178,0.00838136428628759,25.000000000000075,1.3979400086720388
https://comptox.epa.gov/dashboard/chemical/details/DTXSID2041125,Sodium iodide,7681-82-5,INa,149.894240,5,351,1.0,Inactive,0.8057064441328813,0.04028532220664406,50,1.6989700043360187
https://comptox.epa.gov/dashboard/chemical/details/DTXSID2041200,"N,N′-Disalicylidene-1,2-diaminopropane",94-91-7,C17H18N2O2,282.136828,31,486,6.0,Inactive,4.3867435315132496e-10,2.1933717657566248E-11,50,1.6989700043360187
https://comptox.epa.gov/dashboard/chemical/details/DTXSID2041703,Butylnaphthalenesulfonic acid sodium salt,25638-17-9,, ,14,353,4.0,Inactive,4.3619076550013725e-11,2.1809538275006862E-12,50,1.6989700043360187
https://comptox.epa.gov/dashboard/chemical/details/DTXSID2041709,"C.I. Acid Orange 8, monosodium salt",5850-86-2,C17H13N2NaO4S,364.049372,41,358,11.0,Inactive,1.2123987808281513e-9,6.061993904140757E-11,50,1.6989700043360187
https://comptox.epa.gov/dashboard/chemical/details/DTXSID2042220,Nuarimol,63284-71-9,C17H12ClFN2O,314.062219,12,244,5.0,Inactive,0.532141256325472,0.0266070628162736,49.99999999999999,1.6989700043360187
https://comptox.epa.gov/dashboard/chemical/details/DTXSID2042276,o-Ethoxyphenol,94-71-3,C8H10O2,138.068080,13,351,4.0,Inactive,9.061311640180572,0.4530655820090286,1.1962969225702156,0.07783898552986712
https://comptox.epa.gov/dashboard/chemical/details/DTXSID2042436,Sulisobenzone,4065-45-6,C14H12O6S,308.035459,1,348,0.0,Inactive,2.580869979975667e-10,1.2904349899878336E-11,50,1.6989700043360187
https://comptox.epa.gov/dashboard/chemical/details/DTXSID2042060,Isoborneol,124-76-5,C10H18O,154.135765,1,353,0.0,Inactive,0.9552751437978239,0.04776375718989119,50,1.6989700043360187
https://comptox.epa.gov/dashboard/chemical/details/DTXSID2042062,Isobornyl propanoate,2756-56-1,C13H22O2,210.161980,0,350,0.0,Inactive,4.888992916776947e-10,2.4444964583884736E-11,50,1.6989700043360187
https://comptox.epa.gov/dashboard/chemical/details/DTXSID2042191,"N,N'-Dimethylthiourea",534-13-4,C3H8N2S,104.040819,19,355,5.0,Inactive,7.58481937084961e-11,3.792409685424805E-12,50,1.6989700043360187
https://comptox.epa.gov/dashboard/chemical/details/DTXSID2044391,2-Isopropylphenol,88-69-7,C9H12O,136.088815,3,353,1.0,Inactive,1.7133701270290882,0.08566850635145441,50,1.6989700043360187
https://comptox.epa.gov/dashboard/chemical/details/DTXSID2044553,Sodium 2-methylbenzenesulfonate,15046-75-0,C7H7NaO3S,194.001360,1,344,0.0,Inactive,9.241921822609486e-11,4.620960911304743E-12,50,1.6989700043360187
https://comptox.epa.gov/dashboard/chemical/details/DTXSID2044713,Acid Red 337,67786-14-5,C17H11F3N3NaO4S,433.032006,38,362,10.0,Inactive,7.128764785087087,0.35643823925435436,0.5714066990870474,-0.24305467231959732
https://comptox.epa.gov/dashboard/chemical/details/DTXSID2045232,Tiratricol,51-24-1,C14H9I3O4,621.763490,210,676,31.0,Inactive,3.1131624128935926,0.15565812064467963,94.88663577255203,1.9772050488978214
https://comptox.epa.gov/dashboard/chemical/details/DTXSID2047270,Besonprodil,253450-09-8,C21H23FN2O3S,402.141342,121,634,19.0,Inactive,0.5579992519992184,0.02789996259996092,50.00000000000001,1.6989700043360187
https://comptox.epa.gov/dashboard/chemical/details/DTXSID2047272,CJ-013610,249296-43-3,C23H27N3O5S2,489.139213,232,629,37.0,Inactive,1.1334421816054646e-10,5.667210908027323E-12,50,1.6989700043360187
https://comptox.epa.gov/dashboard/chemical/details/DTXSID2047274,CP-114271,113734-18-2,C17H19F3N2O4S,404.101763,13,595,2.0,Inactive,1.7736922998624898,0.0886846149931245,50,1.6989700043360187
https://comptox.epa.gov/dashboard/chemical/details/DTXSID2047278,CP-457677,214535-77-0,C22H21FN2O3,380.153621,48,609,8.0,Inactive,1.162715330542178,0.058135766527108904,50.00000000000001,1.6989700043360187
https://comptox.epa.gov/dashboard/chemical/details/DTXSID2047301,CP-456773,210826-40-7,C20H24N2O5S,404.140593,34,601,6.0,Inactive,2.2825351252203885,0.11412675626101942,50,1.6989700043360187
https://comptox.epa.gov/dashboard/chemical/details/DTXSID2047276,CP-409092,194098-25-4,C17H19N3O2,297.147727,36,610,6.0,Inactive,2.7862108911451013,0.13931054455725506,50,1.6989700043360187
https://comptox.epa.gov/dashboard/chemical/details/DTXSID2047303,CJ-013790,179465-71-5,C18H17FN2O4,344.117235,197,667,30.0,Inactive,11.623888735316743,0.5811944367658372,38.44855857907254,1.5848800629179696
https://comptox.epa.gov/dashboard/chemical/details/DTXSID2047307,PD-0333941,501027-49-2,C23H22N2O4,390.157957,134,619,22.0,Inactive,4.047177646564944e-11,2.023588823282472E-12,50,1.6989700043360187
https://comptox.epa.gov/dashboard/chemical/details/DTXSID2047305,CP-608039,NOCAS_47305,C23H25ClN8O5,528.163644,5,593,1.0,Inactive,7.494683016391316,0.3747341508195658,44.9999999999995,1.6532125137753388
https://comptox.epa.gov/dashboard/chemical/details/DTXSID2047357,Surinabant,288104-79-0,C23H23BrCl2N4O,520.043230,262,657,40.0,Inactive,2.0346366988611377,0.10173183494305689,0.0005000000777196725,-3.3010299281575364
https://comptox.epa.gov/dashboard/chemical/details/DTXSID2047309,UK-156819,162706-14-1,C19H20N2O2,308.152478,35,601,6.0,Inactive,5.150236873714708,0.25751184368573543,0.009518102675065455,-2.0214496146272123
https://comptox.epa.gov/dashboard/chemical/details/DTXSID2047351,SSR 240612,464930-42-5,C42H53ClN4O7S,792.332349,332,646,51.0,Inactive,1.1133393339719095,0.05566696669859548,19.999999999999893,1.3010299956639788
https://comptox.epa.gov/dashboard/chemical/details/DTXSID2047355,Trelanserin,189003-92-7,C24H24FN5O2S,465.163474,124,627,20.0,Inactive,1.6302230321576705,0.08151115160788353,1.072132723479402,0.03024855168769306
https://comptox.epa.gov/dashboard/chemical/details/DTXSID2047359,"4-Bromophenyl 1,4-diazabicyclo(3.2.2)nonane-4-carboxylate",298198-52-4,C14H17BrN2O2,324.047341,58,640,9.0,Inactive,7.28838875992303e-11,3.644194379961515E-12,50,1.6989700043360187
https://comptox.epa.gov/dashboard/chemical/details/DTXSID2047565,"1H,1H,2H,2H-Perfluorooctyl iodide",2043-57-4,C8H4F13I,473.915010,4,661,1.0,Inactive,0.06329800465281041,0.0031649002326405206,9.99999999999997,0.9999999999999987
https://comptox.epa.gov/dashboard/chemical/details/DTXSID2047517,"Hexanedioic acid, di-C7-9-branched and linear alkyl esters",68515-75-3,, ,14,352,4.0,Inactive,2.2869622773164267e-11,1.1434811386582133E-12,50,1.6989700043360187
https://comptox.epa.gov/dashboard/chemical/details/DTXSID2047696,Cremophor EL,61791-12-6,, ,12,353,3.0,Inactive,0.6665122977460685,0.03332561488730342,25000.000000000047,4.397940008672038
https://comptox.epa.gov/dashboard/chemical/details/DTXSID2048167,FR 409,138472-01-2,C8H13N3O4,215.090606,21,586,4.0,Inactive,2.4300563018984227,0.12150281509492114,50,1.6989700043360187
https://comptox.epa.gov/dashboard/chemical/details/DTXSID2052447,4-Chlorodiphenyl ether,7005-72-3,C12H9ClO,204.034193,7,203,3.0,Inactive,3.7668738709159866e-8,1.8834369354579933E-9,50,1.6989700043360187
https://comptox.epa.gov/dashboard/chemical/details/DTXSID3020091,Aniline hydrochloride,142-04-1,C6H8ClN,129.034527,7,357,2.0,Inactive,1.1015399841663755e-11,5.507699920831877E-13,50,1.6989700043360187
https://comptox.epa.gov/dashboard/chemical/details/DTXSID3020043,Allantoin,97-59-6,C4H6N4O3,158.043990,0,356,0.0,Inactive,1.9943408329003037e-11,9.971704164501519E-13,50,1.6989700043360187
https://comptox.epa.gov/dashboard/chemical/details/DTXSID3020093,p-Anisidinium chloride,20265-97-8,C7H10ClNO,159.045092,19,364,5.0,Inactive,1.2364737120799632e-9,6.182368560399816E-11,50,1.6989700043360187
https://comptox.epa.gov/dashboard/chemical/details/DTXSID3020047,Allyl isothiocyanate,57-06-7,C4H5NS,99.014270,3,347,1.0,Inactive,1.8269087092621095e-9,9.134543546310547E-11,50,1.6989700043360187
https://comptox.epa.gov/dashboard/chemical/details/DTXSID3020122,Azinphos-methyl,86-50-0,C10H12N3O3PS2,317.005771,172,825,21.0,Inactive,1.8891867398196783e-10,9.445933699098391E-12,50,1.6989700043360187
https://comptox.epa.gov/dashboard/chemical/details/DTXSID3020207,Dinoseb,88-85-7,C10H12N2O5,240.074621,245,614,40.0,Inactive,3.26772808724363e-11,1.633864043621815E-12,50,1.6989700043360187
https://comptox.epa.gov/dashboard/chemical/details/DTXSID3020209,Butylparaben,94-26-8,C11H14O3,194.094294,102,657,16.0,Inactive,15.218267668328613,0.7609133834164307,77.1523470477222,1.8873491422510162
https://comptox.epa.gov/dashboard/chemical/details/DTXSID3020205,Benzyl butyl phthalate,85-68-7,C19H20O4,312.136159,94,700,13.0,Inactive,1.792767001850906,0.08963835009254531,50,1.6989700043360187
https://comptox.epa.gov/dashboard/chemical/details/DTXSID3020257,"1,​2-​Benzenediol",120-80-9,C6H6O2,110.036779,117,593,20.0,Inactive,2.7262371970938517,0.13631185985469257,50,1.6989700043360187
https://comptox.epa.gov/dashboard/chemical/details/DTXSID3020332,Citric acid,77-92-9,C6H8O7,192.027003,5,599,1.0,Inactive,9.425686139301045e-12,4.712843069650523E-13,50,1.6989700043360187
https://comptox.epa.gov/dashboard/chemical/details/DTXSID3020336,Clofibrate,637-07-0,C12H15ClO3,242.070972,17,647,3.0,Inactive,1.5973419101200184e-11,7.986709550600092E-13,50,1.6989700043360187
https://comptox.epa.gov/dashboard/chemical/details/DTXSID3020384,Dexamethasone,50-02-2,C22H29FO5,392.199902,22,296,7.0,Inactive,9.300195203767979,0.46500976018839896,50,1.6989700043360187
https://comptox.epa.gov/dashboard/chemical/details/DTXSID3020415,"1,2-Dibromoethane",106-93-4,C2H4Br2,185.867976,4,458,1.0,Inactive,1.6762848327402475,0.08381424163701237,0.000500000372627672,-3.301029672003818
https://comptox.epa.gov/dashboard/chemical/details/DTXSID3020465,Diethylstilbestrol,56-53-1,C18H20O2,268.146330,394,806,49.0,Inactive,1.4725913676790476,0.07362956838395238,93.15185387560412,1.9691915024950983
https://comptox.epa.gov/dashboard/chemical/details/DTXSID3020627,Fluconazole,86386-73-4,C13H12F2N6O,306.104065,3,613,0.0,Inactive,9.144172699777723e-10,4.5720863498888614E-11,50,1.6989700043360187
https://comptox.epa.gov/dashboard/chemical/details/DTXSID3020673,FD&C Green No. 3,2353-45-9,C37H34N2Na2O10S3,808.117097,77,370,21.0,Inactive,0.5339606532256084,0.02669803266128042,35.000000000000256,1.5440680443502788
https://comptox.epa.gov/dashboard/chemical/details/DTXSID3020625,Finasteride,98319-26-7,C23H36N2O2,372.277678,41,436,9.0,Inactive,1.7728873913973722,0.08864436956986861,50,1.6989700043360187
https://comptox.epa.gov/dashboard/chemical/details/DTXSID3020621,"(R,R)-Fenvalerate",67614-33-9,C25H22ClNO3,419.128821,47,363,13.0,Inactive,2.3655956047817157e-11,1.1827978023908578E-12,50,1.6989700043360187
https://comptox.epa.gov/dashboard/chemical/details/DTXSID3020881,4-(N-Methyl-N-nitrosamino)-1-(3-pyridyl)-1-butanone,64091-91-4,C10H13N3O2,207.100777,2,218,1.0,Inactive,0.5454488825796278,0.027272444128981388,50,1.6989700043360187
https://comptox.epa.gov/dashboard/chemical/details/DTXSID3020679,Heptachlor,76-44-8,C10H5Cl7,369.821094,276,639,43.0,Inactive,9.794033037781006,0.4897016518890503,95.48309895906283,1.9799265058414204
https://comptox.epa.gov/dashboard/chemical/details/DTXSID3020887,6-Methylquinoline,91-62-3,C10H9N,143.073499,7,616,1.0,Inactive,0.0889644360902221,0.004448221804511105,50,1.6989700043360187
https://comptox.epa.gov/dashboard/chemical/details/DTXSID3020889,4-Methylstyrene,622-97-9,C9H10,118.078250,5,345,1.0,Inactive,8.265900539100288,0.4132950269550144,0.0004999997485344634,-3.301030214084226
https://comptox.epa.gov/dashboard/chemical/details/DTXSID3020671,FD&C Green No. 1,4680-78-8,C37H35N2NaO6S2,690.183423,10,325,3.0,Inactive,3.843175721033141e-11,1.9215878605165704E-12,35.000000000000256,1.5440680443502788
https://comptox.epa.gov/dashboard/chemical/details/DTXSID3020916,"1,5-Naphthalenediamine",2243-62-1,C10H10N2,158.084398,88,627,14.0,Inactive,0.059782698383086995,0.00298913491915435,50,1.6989700043360187
https://comptox.epa.gov/dashboard/chemical/details/DTXSID3020910,Busulfan,55-98-1,C6H14O6S2,246.023181,16,603,3.0,Inactive,1.2188744414362102e-10,6.094372207181051E-12,50,1.6989700043360187
https://comptox.epa.gov/dashboard/chemical/details/DTXSID3020964,Nitrobenzene,98-95-3,C6H5NO2,123.032028,5,590,1.0,Inactive,1.5938094243991148,0.07969047121995573,50,1.6989700043360187
https://comptox.epa.gov/dashboard/chemical/details/DTXSID3020966,4-Nitrobenzoic acid,62-23-7,C7H5NO4,167.021858,5,567,1.0,Inactive,2.4639704573388562e-11,1.231985228669428E-12,50,1.6989700043360187
https://comptox.epa.gov/dashboard/chemical/details/DTXSID3021196,"2,4-Bis(isopropylamino)-6-chloro-1,3,5-triazine",139-40-2,C9H16ClN5,229.109423,42,654,6.0,Inactive,1.6551193324726398e-7,8.275596662363199E-9,50,1.6989700043360187
https://comptox.epa.gov/dashboard/chemical/details/DTXSID3021277,"2E,4E-Hexadienoic acid",110-44-1,C6H8O2,112.052429,21,590,4.0,Inactive,2.4684733478372634e-10,1.2342366739186317E-11,50,1.6989700043360187
https://comptox.epa.gov/dashboard/chemical/details/DTXSID3021356,dl-alpha-Tocopheryl acetate,52225-20-4,C31H52O3,472.391646,2,351,1.0,Inactive,8.533065195005591e-9,4.2665325975027957E-10,50,1.6989700043360187
https://comptox.epa.gov/dashboard/chemical/details/DTXSID3021358,Tolazamide,1156-19-0,C14H21N3O3S,311.130363,9,578,2.0,Inactive,3.598233994696129,0.17991169973480645,50,1.6989700043360187
https://comptox.epa.gov/dashboard/chemical/details/DTXSID3021483,Phenylacetaldehyde,122-78-1,C8H8O,120.057515,22,353,6.0,Inactive,0.901089311729052,0.045054465586452604,50,1.6989700043360187
https://comptox.epa.gov/dashboard/chemical/details/DTXSID3021516,Methyl ethyl ketone,78-93-3,C4H8O,72.057515,1,328,0.0,Inactive,2.5390235141500167e-10,1.2695117570750084E-11,50,1.6989700043360187
https://comptox.epa.gov/dashboard/chemical/details/DTXSID3021641,Nonanoic acid,112-05-0,C9H18O2,158.130680,7,590,1.0,Inactive,0.19176928373642793,0.009588464186821397,50,1.6989700043360187
https://comptox.epa.gov/dashboard/chemical/details/DTXSID3021643,Octanal,124-13-0,C8H16O,128.120115,13,586,2.0,Inactive,4.211065066997195e-11,2.1055325334985975E-12,50,1.6989700043360187
https://comptox.epa.gov/dashboard/chemical/details/DTXSID3021485,"1,3-Benzenedicarboxylic acid",121-91-5,C8H6O4,166.026609,5,569,1.0,Inactive,1.6807880201509868,0.08403940100754934,50,1.6989700043360187
https://comptox.epa.gov/dashboard/chemical/details/DTXSID3021645,Octanoic acid,124-07-2,C8H16O2,144.115030,10,633,2.0,Inactive,1.6505026933693184e-11,8.252513466846592E-13,50,1.6989700043360187
https://comptox.epa.gov/dashboard/chemical/details/DTXSID3021518,Fumaric acid,110-17-8,C4H4O4,116.010959,5,353,1.0,Inactive,3.2256900454637865e-12,1.6128450227318933E-13,50,1.6989700043360187
https://comptox.epa.gov/dashboard/chemical/details/DTXSID3021726,Salicylamide,65-45-2,C7H7NO2,137.047678,0,349,0.0,Inactive,7.281591259020932e-9,3.640795629510466E-10,50,1.6989700043360187
https://comptox.epa.gov/dashboard/chemical/details/DTXSID3021853,1-Piperazineethanol,103-76-4,C6H14N2O,130.110613,18,348,5.0,Inactive,0.4790880875464192,0.023954404377320958,50,1.6989700043360187
https://comptox.epa.gov/dashboard/chemical/details/DTXSID3021770,"2,2',6,6'-Tetrachlorobisphenol A",79-95-8,C15H12Cl4O2,363.959140,235,554,42.0,Inactive,15.850326454426853,0.7925163227213426,91.91750246620846,1.963398215420439
https://comptox.epa.gov/dashboard/chemical/details/DTXSID3021774,Acenaphthene,83-32-9,C12H10,154.078250,18,589,3.0,Inactive,1.0711916940142143,0.05355958470071072,50,1.6989700043360187
https://comptox.epa.gov/dashboard/chemical/details/DTXSID3021807,o-Xylene,95-47-6,C8H10,106.078250,1,323,0.0,Inactive,7.686582369686118e-10,3.843291184843059E-11,50,1.6989700043360187
https://comptox.epa.gov/dashboard/chemical/details/DTXSID3021986,Tributyl phosphate,126-73-8,C12H27O4P,266.164696,68,705,10.0,Inactive,0.22086886302121791,0.011043443151060896,50,1.6989700043360187
https://comptox.epa.gov/dashboard/chemical/details/DTXSID3021932,Diethanolamine,111-42-2,C4H11NO2,105.078979,30,595,5.0,Inactive,3.4641673378070575e-10,1.7320836689035288E-11,50,1.6989700043360187
https://comptox.epa.gov/dashboard/chemical/details/DTXSID3021936,Hexanedinitrile,111-69-3,C6H8N2,108.068748,1,586,0.0,Inactive,0.26589683988969176,0.013294841994484588,50,1.6989700043360187
https://comptox.epa.gov/dashboard/chemical/details/DTXSID3021984,1-Dodecanamine,124-22-1,C12H27N,185.214350,49,376,13.0,Active,46.62806906460758,2.331403453230379,2.247351282094371,0.3516709620280677
https://comptox.epa.gov/dashboard/chemical/details/DTXSID3021980,Ethyl hexanoate,123-66-0,C8H16O2,144.115030,2,352,1.0,Inactive,4.000155293226998,0.2000077646613499,50,1.6989700043360187
https://comptox.epa.gov/dashboard/chemical/details/DTXSID3022162,Bromoxynil,1689-84-5,C7H3Br2NO,274.858140,179,662,27.0,Inactive,1.8665058990950903e-7,9.332529495475452E-9,39.999999999999666,1.6020599913279587
https://comptox.epa.gov/dashboard/chemical/details/DTXSID3022320,Triphenylethylene,58-72-0,C20H16,256.125201,59,426,14.0,Inactive,4.701351661459702,0.2350675830729851,1.0008619830017622,0.00037419321022570917
https://comptox.epa.gov/dashboard/chemical/details/DTXSID3022370,Progesterone,57-83-0,C21H30O2,314.224580,253,649,39.0,Active,57.006163136493356,2.850308156824668,1.0217541973671398,0.009346430469408524
https://comptox.epa.gov/dashboard/chemical/details/DTXSID3022247,Nerolidol,7212-44-4,C15H26O,222.198365,63,345,18.0,Active,52.374455552490375,2.6187227776245185,83.53714977489511,1.9218796533788027
https://comptox.epa.gov/dashboard/chemical/details/DTXSID3022455,Dimethyl phthalate,131-11-3,C10H10O4,194.057909,2,673,0.0,Inactive,1.2850997769072656,0.06425498884536328,91.35377294162348,1.9607264885674887
https://comptox.epa.gov/dashboard/chemical/details/DTXSID3022536,4-Cumylphenol,599-64-4,C15H16O,212.120115,287,711,40.0,Active,313.1755417641362,15.65877708820681,10.457743998303904,1.019438006255849
https://comptox.epa.gov/dashboard/chemical/details/DTXSID3022405,2-Hydroxy-4-methoxybenzophenone,131-57-7,C14H12O3,228.078644,64,509,13.0,Inactive,1.2361599456204249e-8,6.180799728102124E-10,50,1.6989700043360187
https://comptox.epa.gov/dashboard/chemical/details/DTXSID3022409,"4,4'-Sulfonyldiphenol",80-09-1,C12H10O4S,250.029980,52,417,12.0,Inactive,1.8801702243143656e-10,9.400851121571828E-12,50,1.6989700043360187
https://comptox.epa.gov/dashboard/chemical/details/DTXSID3022588,Aminopterin,54-62-6,C19H20N8O5,440.155666,86,624,14.0,Inactive,1.4656143698631609e-8,7.328071849315804E-10,50,1.6989700043360187
https://comptox.epa.gov/dashboard/chemical/details/DTXSID3023556,Retinol,68-26-8,C20H30O,286.229666,148,638,23.0,Inactive,1.9326023678164475,0.09663011839082238,50,1.6989700043360187
https://comptox.epa.gov/dashboard/chemical/details/DTXSID3023764,Benzo[e]pyrene,192-97-2,C20H12,252.093900,54,460,12.0,Inactive,3.8542867259629516e-10,1.9271433629814758E-11,50,1.6989700043360187
https://comptox.epa.gov/dashboard/chemical/details/DTXSID3023845,Acenaphthylene,208-96-8,C12H8,152.062600,26,608,4.0,Inactive,3.196353454863563e-11,1.5981767274317814E-12,50,1.6989700043360187
https://comptox.epa.gov/dashboard/chemical/details/DTXSID3023897,Triadimefon,43121-43-3,C14H16ClN3O2,293.093104,114,688,17.0,Inactive,1.1179572680766166,0.05589786340383083,50.00000000000001,1.6989700043360187
https://comptox.epa.gov/dashboard/chemical/details/DTXSID3023899,Benfluralin,1861-40-1,C13H16F3N3O4,335.109290,67,668,10.0,Inactive,1.4512161633997166e-10,7.256080816998583E-12,50,1.6989700043360187
https://comptox.epa.gov/dashboard/chemical/details/DTXSID3024154,Iprodione,36734-19-7,C13H13Cl2N3O3,329.033397,109,730,15.0,Inactive,4.572680484429575e-11,2.2863402422147876E-12,50,1.6989700043360187
https://comptox.epa.gov/dashboard/chemical/details/DTXSID3024152,Imazaquin,81335-37-7,C17H17N3O3,311.126991,10,629,2.0,Inactive,3.3681701987878077,0.16840850993939038,0.0005000002495642764,-3.301029778895259
https://comptox.epa.gov/dashboard/chemical/details/DTXSID3024104,Fluoranthene,206-44-0,C16H10,202.078250,83,631,13.0,Inactive,7.809656123998495,0.39048280619992476,50,1.6989700043360187
https://comptox.epa.gov/dashboard/chemical/details/DTXSID3024102,Fenamiphos,22224-92-6,C13H22NO3PS,303.105802,93,732,13.0,Inactive,1.2925366805413352,0.06462683402706676,50,1.6989700043360187
https://comptox.epa.gov/dashboard/chemical/details/DTXSID3024287,Imazethapyr,81335-77-5,C15H19N3O3,289.142641,5,651,1.0,Inactive,1.094084783749829e-11,5.470423918749145E-13,50,1.6989700043360187
https://comptox.epa.gov/dashboard/chemical/details/DTXSID3024316,Tebuthiuron,34014-18-1,C9H16N4OS,228.104482,10,632,2.0,Inactive,0.5686390424628979,0.028431952123144894,50.00000000000001,1.6989700043360187
https://comptox.epa.gov/dashboard/chemical/details/DTXSID3024235,Flusilazole,85509-19-9,C16H15F2N3Si,315.100330,276,755,37.0,Active,98.72016451649615,4.936008225824808,82.74006634475037,1.9177158647967116
https://comptox.epa.gov/dashboard/chemical/details/DTXSID3024289,Pyrene,129-00-0,C16H10,202.078250,60,659,9.0,Inactive,0.937199758529284,0.0468599879264642,50,1.6989700043360187
https://comptox.epa.gov/dashboard/chemical/details/DTXSID3024239,Oxadiazon,19666-30-9,C15H18Cl2N2O3,344.069448,217,735,30.0,Inactive,0.882922122461435,0.04414610612307175,50,1.6989700043360187
https://comptox.epa.gov/dashboard/chemical/details/DTXSID3024364,Cresol,1319-77-3,, ,5,197,3.0,Inactive,1.6768390669138007,0.08384195334569003,0.10301449718504233,-0.9871016529217576
https://comptox.epa.gov/dashboard/chemical/details/DTXSID3024368,2-[2-(2-Ethoxyethoxy)ethoxy]ethanol,112-50-5,C8H18O4,178.120509,1,575,0.0,Inactive,1.2460482640142496e-11,6.230241320071248E-13,50,1.6989700043360187
https://comptox.epa.gov/dashboard/chemical/details/DTXSID3024528,Anise oil,8007-70-3,, ,26,353,7.0,Inactive,0.632252026548116,0.0316126013274058,25000.000000000047,4.397940008672038
https://comptox.epa.gov/dashboard/chemical/details/DTXSID3024869,Cumene hydroperoxide,80-15-9,C9H12O2,152.083730,59,612,10.0,Inactive,1.4473525131500686e-8,7.236762565750343E-10,50,1.6989700043360187
https://comptox.epa.gov/dashboard/chemical/details/DTXSID3024657,3-Bromo-1-propanol,627-18-9,C3H7BrO,137.968028,3,582,1.0,Inactive,3.482242441552435e-11,1.7411212207762175E-12,50,1.6989700043360187
https://comptox.epa.gov/dashboard/chemical/details/DTXSID3024940,Dibromoacetonitrile,3252-43-5,C2HBr2N,196.847575,16,592,3.0,Inactive,4.305033743910387e-10,2.1525168719551934E-11,50,1.6989700043360187
https://comptox.epa.gov/dashboard/chemical/details/DTXSID3024994,Sodium dichloroisocyanurate,2893-78-9,C3Cl2N3NaO3,218.921441,3,352,1.0,Inactive,4.54399230732489e-11,2.271996153662445E-12,50,1.6989700043360187
https://comptox.epa.gov/dashboard/chemical/details/DTXSID3024944,"1,2-Dibromo-2,4-dicyanobutane",35691-65-7,C6H6Br2N2,263.889774,246,473,52.0,Inactive,18.561184689039614,0.9280592344519807,5.551914510313092,0.7444427701295916
https://comptox.epa.gov/dashboard/chemical/details/DTXSID3025091,C.I. Disperse Black 6,119-90-4,C14H16N2O2,244.121178,80,602,13.0,Inactive,5.290459233997491e-9,2.6452296169987455E-10,50,1.6989700043360187
https://comptox.epa.gov/dashboard/chemical/details/DTXSID3025253,Ergotamine D-tartrate,379-79-3,C70H76N10O16,1312.544076,79,320,25.0,Inactive,1.4359953604903267e-10,7.179976802451633E-12,39.999999999999666,1.6020599913279587
https://comptox.epa.gov/dashboard/chemical/details/DTXSID3025049,Diethylene glycol monomethyl ether,111-77-3,C5H12O3,120.078644,8,595,1.0,Inactive,0.6345849134979897,0.03172924567489949,50.00000000000001,1.6989700043360187
https://comptox.epa.gov/dashboard/chemical/details/DTXSID3025178,"1,3-Diphenylguanidine",102-06-7,C13H13N3,211.110947,88,633,14.0,Inactive,1.4897746429909287e-9,7.448873214954643E-11,50,1.6989700043360187
https://comptox.epa.gov/dashboard/chemical/details/DTXSID3025122,Dimethyl glutarate,1119-40-0,C7H12O4,160.073559,3,576,1.0,Inactive,11.346662883045612,0.5673331441522806,50,1.6989700043360187
https://comptox.epa.gov/dashboard/chemical/details/DTXSID3025469,Isopentyl alcohol,123-51-3,C5H12O,88.088815,3,589,1.0,Inactive,3.802333772367186,0.19011668861835931,50,1.6989700043360187
https://comptox.epa.gov/dashboard/chemical/details/DTXSID3026223,Triethylene glycol diacetate,111-21-7,C10H18O6,234.110338,6,574,1.0,Inactive,5.83923598425284e-9,2.91961799212642E-10,50,1.6989700043360187
https://comptox.epa.gov/dashboard/chemical/details/DTXSID3026065,"C.I. Acid Blue 1, sodium salt",129-17-9,C27H31N2NaO6S2,566.152123,70,349,20.0,Inactive,0.854447538869209,0.04272237694346045,0.20760872834302485,-0.6827543917121803
https://comptox.epa.gov/dashboard/chemical/details/DTXSID3026302,Sodium xylenesulfonate,1300-72-7,, ,4,574,1.0,Inactive,1.3235855082103707,0.06617927541051853,50,1.6989700043360187
https://comptox.epa.gov/dashboard/chemical/details/DTXSID3025881,"1,2-Phenylenediamine",95-54-5,C6H8N2,108.068748,165,630,26.0,Inactive,0.33757278668530716,0.01687863933426536,50.00000000000001,1.6989700043360187
https://comptox.epa.gov/dashboard/chemical/details/DTXSID3026566,"Dimethyl cyclohexane-1,4-dicarboxylate",94-60-0,C10H16O4,200.104859,3,358,1.0,Inactive,2.296069869437845e-9,1.1480349347189226E-10,50,1.6989700043360187
https://comptox.epa.gov/dashboard/chemical/details/DTXSID3026641,"1,3-Benzenedicarbonyl dichloride",99-63-8,C8H4Cl2O2,201.958835,7,354,2.0,Inactive,6.743591352231528e-10,3.371795676115764E-11,50,1.6989700043360187
https://comptox.epa.gov/dashboard/chemical/details/DTXSID3026564,Triethylene glycol bis(2-ethylhexanoate),94-28-0,C22H42O6,402.298139,31,621,5.0,Inactive,5.360457554966283,0.2680228777483141,0.0005000000301200523,-3.301029969502037
https://comptox.epa.gov/dashboard/chemical/details/DTXSID3026645,p-Cymene,99-87-6,C10H14,134.109550,1,576,0.0,Inactive,2.277132160103606,0.1138566080051803,50,1.6989700043360187
https://comptox.epa.gov/dashboard/chemical/details/DTXSID3026514,Phthalimide,85-41-6,C8H5NO2,147.032028,2,349,1.0,Inactive,0.9744915033472961,0.0487245751673648,50,1.6989700043360187
https://comptox.epa.gov/dashboard/chemical/details/DTXSID3026726,Citronellol,106-22-9,C10H20O,156.151415,23,582,4.0,Inactive,1.297818185893334e-8,6.48909092946667E-10,50,1.6989700043360187
https://comptox.epa.gov/dashboard/chemical/details/DTXSID3026647,4-Hydroxybenzoic acid,99-96-7,C7H6O3,138.031694,1,356,0.0,Inactive,8.822561484539087e-11,4.411280742269543E-12,50,1.6989700043360187
https://comptox.epa.gov/dashboard/chemical/details/DTXSID3026691,Triacetin,102-76-1,C9H14O6,218.079038,4,584,1.0,Inactive,0.9862975922691413,0.04931487961345706,50,1.6989700043360187
https://comptox.epa.gov/dashboard/chemical/details/DTXSID3026697,Bis(2-ethylhexyl) nonanedioate,103-24-2,C25H48O4,412.355260,48,580,8.0,Inactive,0.6464382681280111,0.03232191340640055,50,1.6989700043360187
https://comptox.epa.gov/dashboard/chemical/details/DTXSID3026728,(Z)-Nerol,106-25-2,C10H18O,154.135765,21,617,3.0,Inactive,1.20492572567666,0.060246286283832995,0.0005000000292051492,-3.3010299702967116
https://comptox.epa.gov/dashboard/chemical/details/DTXSID3027320,Sodium 4-nitrophenolate,824-78-2,C6H4NNaO3,161.008887,28,583,5.0,Inactive,2.0717889083587906,0.10358944541793953,50,1.6989700043360187
https://comptox.epa.gov/dashboard/chemical/details/DTXSID3027403,Tributyltin chloride,1461-22-9,C12H27ClSn,326.082331,544,817,67.0,Active,104.63409764388551,5.2317048821942755,0.00024054484035866537,-3.618803954196015
https://comptox.epa.gov/dashboard/chemical/details/DTXSID3027746,Pentacarbonyl iron,13463-40-6,C5FeO5,195.909509,0,7,0.0,Inactive,1.3741874326442027,0.06870937163221014,50,1.6989700043360187
https://comptox.epa.gov/dashboard/chemical/details/DTXSID3027875,Glyceryl monooleate,25496-72-4,, ,24,359,7.0,Inactive,3.2069046786794537,0.16034523393397268,50,1.6989700043360187
https://comptox.epa.gov/dashboard/chemical/details/DTXSID3027877,Diisodecylphenyl phosphite,25550-98-5,, ,21,349,6.0,Active,168.14137465754266,8.407068732877132,89.84510242682897,1.9534944081342045
https://comptox.epa.gov/dashboard/chemical/details/DTXSID3029289,"7a-Ethyldihydro-1H,3H,5H-oxazolo(3,4-c)oxazole",7747-35-5,C7H13NO2,143.094629,11,574,2.0,Inactive,0.5108949264593252,0.02554474632296626,50.00000000000001,1.6989700043360187
https://comptox.epa.gov/dashboard/chemical/details/DTXSID3029653,Ammonium isothiocyanate,1762-95-4,CH4N2S,76.009519,4,365,1.0,Inactive,4.0605337335896365,0.20302668667948182,0.0005000001277806412,-3.3010298846751405
https://comptox.epa.gov/dashboard/chemical/details/DTXSID3029154,Cyclopentanone,120-92-3,C5H8O,84.057515,2,353,1.0,Inactive,7.691753291268465e-10,3.845876645634232E-11,50,1.6989700043360187
https://comptox.epa.gov/dashboard/chemical/details/DTXSID3029572,Benoxacor,98730-04-2,C11H11Cl2NO2,259.016684,129,470,27.0,Inactive,4.853269425583755,0.24266347127918775,50,1.6989700043360187
https://comptox.epa.gov/dashboard/chemical/details/DTXSID3032412,Imazamethabenz-methyl,81405-85-8,C16H20N2O3,288.147393,3,347,1.0,Inactive,6.420183833675038e-11,3.210091916837519E-12,50,1.6989700043360187
https://comptox.epa.gov/dashboard/chemical/details/DTXSID3030636,Doxorubicin hydrochloride,25316-40-9,C27H30ClNO11,579.150738,166,406,41.0,Inactive,6.503752081030605,0.32518760405153024,3.8743869726672875,0.5882029957586402
https://comptox.epa.gov/dashboard/chemical/details/DTXSID3032416,Cybutryne,28159-98-0,C11H19N5S,253.136117,37,362,10.0,Inactive,1.841258495220786e-11,9.20629247610393E-13,50,1.6989700043360187
https://comptox.epa.gov/dashboard/chemical/details/DTXSID3031860,Perfluorodecanoic acid,335-76-2,C10HF19O2,513.967314,269,705,38.0,Inactive,1.4307934698087326e-10,7.153967349043663E-12,50,1.6989700043360187
https://comptox.epa.gov/dashboard/chemical/details/DTXSID3031862,Perfluorohexanoic acid,307-24-4,C6HF11O2,313.980089,24,701,3.0,Inactive,6.134387251326206,0.3067193625663103,0.09106120270248616,-1.0406666179900106
https://comptox.epa.gov/dashboard/chemical/details/DTXSID3032464,Profenofos,41198-08-7,C11H15BrClO3PS,371.935143,104,721,14.0,Inactive,1.4335772307877949e-10,7.167886153938974E-12,25.000000000000078,1.397940008672039
https://comptox.epa.gov/dashboard/chemical/details/DTXSID3031864,Perfluorooctanesulfonic acid,1763-23-1,C8HF17O3S,499.937494,264,978,27.0,Inactive,1.3701306726355909,0.06850653363177954,6.491724252257216,0.8123600641014411
https://comptox.epa.gov/dashboard/chemical/details/DTXSID3032337,Butralin,33629-47-9,C14H21N3O4,295.153206,126,692,18.0,Inactive,6.281497824568828,0.3140748912284414,50,1.6989700043360187
https://comptox.epa.gov/dashboard/chemical/details/DTXSID3032389,Farnesol,4602-84-0,C15H26O,222.198365,54,371,15.0,Inactive,3.6640078598980554e-9,1.8320039299490277E-10,50,1.6989700043360187
https://comptox.epa.gov/dashboard/chemical/details/DTXSID3032547,Etridiazole,2593-15-9,C5H5Cl3N2OS,245.918817,90,652,14.0,Inactive,0.20893338318927177,0.010446669159463589,50,1.6989700043360187
https://comptox.epa.gov/dashboard/chemical/details/DTXSID3032591,"1-Bromo-3-chloro-5,5-dimethylhydantoin",16079-88-2,C5H6BrClN2O2,239.930118,6,359,2.0,Inactive,8.388209174794175e-10,4.1941045873970874E-11,50,1.6989700043360187
https://comptox.epa.gov/dashboard/chemical/details/DTXSID3032549,Fenhexamid,126833-17-8,C14H17Cl2NO2,301.063634,101,686,15.0,Inactive,2.843379205690963,0.14216896028454815,92.13940643796815,1.964445410200735
https://comptox.epa.gov/dashboard/chemical/details/DTXSID3032620,Hexaflumuron,86479-06-3,C16H8Cl2F6N2O3,459.981616,33,605,5.0,Inactive,0.30687641321497605,0.015343820660748802,50,1.6989700043360187
https://comptox.epa.gov/dashboard/chemical/details/DTXSID3032626,Methiocarb,2032-65-7,C11H15NO2S,225.082350,73,323,23.0,Active,32.4353229782274,1.62176614891137,69.46581746946734,1.841771150830397
https://comptox.epa.gov/dashboard/chemical/details/DTXSID3032628,Methoxyfenozide,161050-58-4,C22H28N2O3,368.209993,64,658,10.0,Inactive,0.9135997754621702,0.04567998877310851,50,1.6989700043360187
https://comptox.epa.gov/dashboard/chemical/details/DTXSID3032670,(R)-2-(4-Chloro-2-methylphenoxy)propionate,16484-77-8,C10H11ClO3,214.039672,3,205,1.0,Inactive,0.8106958401990223,0.040534792009951116,50,1.6989700043360187
https://comptox.epa.gov/dashboard/chemical/details/DTXSID3034165,"5,5-Dimethyl-3-(alpha,alpha,alpha-trifluoro-4-nitro-m-tolyl)hydantoin",63612-50-0,C12H10F3N3O4,317.062340,110,637,17.0,Active,81.80655423399182,4.090327711699591,24.384207087067097,1.3871086379956536
https://comptox.epa.gov/dashboard/chemical/details/DTXSID3034402,Butachlor,23184-66-9,C17H26ClNO2,311.165207,210,686,31.0,Inactive,2.1733025152636866e-10,1.0866512576318433E-11,50,1.6989700043360187
https://comptox.epa.gov/dashboard/chemical/details/DTXSID3034456,Cinmethylin,87818-31-3,C18H26O2,274.193280,73,660,11.0,Inactive,2.5612974963480135,0.12806487481740067,0.10646909190362258,-0.9727764501022538
https://comptox.epa.gov/dashboard/chemical/details/DTXSID3034531,Thiophanate,23564-06-9,C14H18N4O4S2,370.076947,32,354,9.0,Inactive,4.500733881071145,0.22503669405355725,50,1.6989700043360187
https://comptox.epa.gov/dashboard/chemical/details/DTXSID3034612,Fluazifop-butyl,69806-50-4,C19H20F3NO4,383.134443,18,652,3.0,Inactive,1.244235721121804e-7,6.22117860560902E-9,50,1.6989700043360187
https://comptox.epa.gov/dashboard/chemical/details/DTXSID3034113,4-Hydroxyandrostenedione,566-48-3,C19H26O3,302.188195,36,338,11.0,Active,56.74271879460467,2.8371359397302336,0.0023135701194290075,-2.6357173334151702
https://comptox.epa.gov/dashboard/chemical/details/DTXSID3034614,Flucarbazone-sodium,181274-17-9,C12H10F3N4NaO6S,418.017084,20,358,6.0,Inactive,9.33787137911716e-10,4.66893568955858E-11,44.9999999999995,1.6532125137753388
https://comptox.epa.gov/dashboard/chemical/details/DTXSID3034618,Flufenpyr-ethyl,188489-07-8,C16H13ClF4N2O4,408.049997,15,645,2.0,Inactive,0.00956461766808356,4.78230883404178E-4,50,1.6989700043360187
https://comptox.epa.gov/dashboard/chemical/details/DTXSID3034583,Ethyl 1-naphthaleneacetate,2122-70-5,C14H14O2,214.099380,19,359,5.0,Inactive,10.33499265669092,0.516749632834546,50,1.6989700043360187
https://comptox.epa.gov/dashboard/chemical/details/DTXSID3034458,Clethodim,99129-21-2,C17H26ClNO3S,359.132193,10,310,3.0,Inactive,1.2321757990964748,0.06160878995482374,25.000000000000075,1.3979400086720388
https://comptox.epa.gov/dashboard/chemical/details/DTXSID3034799,Paraquat,4685-14-7,C12H14N2,186.114601,0,4,0.0,Inactive,0.4234707817275969,0.021173539086379846,9.99999999999997,0.9999999999999987
https://comptox.epa.gov/dashboard/chemical/details/DTXSID3035341,"1,3-Dibromo-5,5-dimethylhydantoin",77-48-5,C5H6Br2N2O2,283.879603,11,581,2.0,Inactive,0.2985750185102587,0.014928750925512935,50,1.6989700043360187
https://comptox.epa.gov/dashboard/chemical/details/DTXSID3036105,2-tert-Butylcyclohexyl acetate,88-41-5,C12H22O2,198.161980,2,347,1.0,Inactive,2.240558548497519,0.11202792742487595,50,1.6989700043360187
https://comptox.epa.gov/dashboard/chemical/details/DTXSID3034872,Chloridazon,1698-60-8,C10H8ClN3O,221.035590,17,656,3.0,Inactive,1.1151271012869249e-9,5.5756355064346243E-11,50,1.6989700043360187
https://comptox.epa.gov/dashboard/chemical/details/DTXSID3035214,1-Octen-3-ol,3391-86-4,C8H16O,128.120115,14,345,4.0,Inactive,2.273625980155467e-11,1.1368129900777335E-12,50,1.6989700043360187
https://comptox.epa.gov/dashboard/chemical/details/DTXSID3036286,Citralva,5146-66-7,C10H15N,149.120449,3,352,1.0,Inactive,1.0966066765703972,0.05483033382851986,50,1.6989700043360187
https://comptox.epa.gov/dashboard/chemical/details/DTXSID3036496,Levonorgestrel,797-63-7,C21H28O2,312.208930,80,660,12.0,Active,178.2336414009437,8.911682070047185,0.0036385048015683667,-2.4390770476235875
https://comptox.epa.gov/dashboard/chemical/details/DTXSID3036288,2-Octyl-1-dodecanol,5333-42-6,C20H42O,298.323566,2,349,1.0,Inactive,1.3658663940445812,0.06829331970222906,50,1.6989700043360187
https://comptox.epa.gov/dashboard/chemical/details/DTXSID3034664,Imazamox,114311-32-9,C15H19N3O4,305.137556,5,672,1.0,Inactive,0.05098606185878553,0.0025493030929392762,50,1.6989700043360187
https://comptox.epa.gov/dashboard/chemical/details/DTXSID3037709,Potassium perfluorohexanesulfonate,3871-99-6,C6F13KO3S,437.899763,50,677,7.0,Inactive,3.457996565735243,0.17289982828676215,50,1.6989700043360187
https://comptox.epa.gov/dashboard/chemical/details/DTXSID3037541,Endosulfan sulfate,1031-07-8,C9H6Cl6O4S,419.811796,139,505,28.0,Inactive,12.73922209449782,0.636961104724891,9.921274832841538,0.9965674803493532
https://comptox.epa.gov/dashboard/chemical/details/DTXSID3037208,Diclofenac sodium,15307-79-6,C14H10Cl2NNaO2,316.998628,79,597,13.0,Inactive,3.2714697410660762,0.16357348705330382,0.00050000004994168,-3.3010299522851914
https://comptox.epa.gov/dashboard/chemical/details/DTXSID3037094,4-Hydroxytamoxifen,68392-35-8,C26H29NO2,387.219829,352,705,50.0,Active,36.31239191864543,1.8156195959322716,26.292395963077123,1.4198301641257702
https://comptox.epa.gov/dashboard/chemical/details/DTXSID3037707,Potassium perfluorobutanesulfonate,29420-49-3,C4F9KO3S,337.906150,5,592,1.0,Inactive,1.5960191014253216,0.07980095507126608,0.2557413980598185,-0.5921989649979362
https://comptox.epa.gov/dashboard/chemical/details/DTXSID3038696,Ethyl benzoate,93-89-0,C9H10O2,150.068080,11,346,3.0,Inactive,2.389420655818137,0.11947103279090684,0.1483773065458684,-0.8286325168167497
https://comptox.epa.gov/dashboard/chemical/details/DTXSID3038939,Perfluorooctanesulfonamide,754-91-6,C8H2F17NO2S,498.953478,322,693,46.0,Active,187.89795309452768,9.394897654726384,29.33126080782288,1.4673307315830595
https://comptox.epa.gov/dashboard/chemical/details/DTXSID3038808,"1,3,5,7-Tetramethyl-1,3,5,7-tetravinylcyclotetrasiloxane",2554-06-5,C12H24O4Si4,344.075165,27,361,7.0,Inactive,3.410305643043842,0.17051528215219208,50,1.6989700043360187
https://comptox.epa.gov/dashboard/chemical/details/DTXSID3040352,Dinocap,39300-45-3,, ,302,497,61.0,Inactive,15.243643792882217,0.7621821896441109,93.2926992624035,1.9698476588149765
https://comptox.epa.gov/dashboard/chemical/details/DTXSID3041293,2-((Dimethylamino)methyl)phenol,120-65-0,C9H13NO,151.099714,3,347,1.0,Inactive,4.475480717751896,0.2237740358875948,50,1.6989700043360187
https://comptox.epa.gov/dashboard/chemical/details/DTXSID3040776,Morin hydrate,654055-01-3,C15H14O9,338.063782,43,368,12.0,Inactive,2.6998826805235994,0.13499413402617996,1.3894221677240233,0.14283422360370215
https://comptox.epa.gov/dashboard/chemical/details/DTXSID3041299,Dihydrojasmone lactone,7011-83-8,C11H20O2,184.146330,6,345,2.0,Inactive,1.654698276323685e-9,8.273491381618425E-11,50,1.6989700043360187
https://comptox.epa.gov/dashboard/chemical/details/DTXSID3041247,"1,3-Diphenyl-1,3-propanedione",120-46-7,C15H12O2,224.083730,66,352,19.0,Inactive,2.6283045279932957,0.1314152263996648,0.06214644522081152,-1.2065837079738797
https://comptox.epa.gov/dashboard/chemical/details/DTXSID3041035,(6)-Gingerol,23513-14-6,C17H26O4,294.183109,12,143,8.0,Inactive,7.716201640378115e-12,3.8581008201890577E-13,50,1.6989700043360187
https://comptox.epa.gov/dashboard/chemical/details/DTXSID3040722,4-Cyclohexylcyclohexanol,2433-14-9,C12H22O,182.167065,34,617,6.0,Active,49.53787239480383,2.476893619740191,80.3842735384818,1.9051710912419901
https://comptox.epa.gov/dashboard/chemical/details/DTXSID3041376,"2,6-Dimethyl-4-tridecylmorpholine",24602-86-6,C19H39NO,297.303165,40,603,7.0,Inactive,4.5253481791304715e-12,2.2626740895652358E-13,50,1.6989700043360187
https://comptox.epa.gov/dashboard/chemical/details/DTXSID3041409,2-Chloro-N-phenylacetamide,587-65-5,C8H8ClNO,169.029442,129,355,36.0,Inactive,3.529534955771566,0.1764767477885783,14.749202348746042,1.168768533879934
https://comptox.epa.gov/dashboard/chemical/details/DTXSID3041530,"7-Ethyl-2-methyl-4-undecanolsulfate, sodium salt",139-88-8,C14H29NaO4S,316.168425,12,354,3.0,Inactive,5.108667857182798e-10,2.5543339285913988E-11,50,1.6989700043360187
https://comptox.epa.gov/dashboard/chemical/details/DTXSID3041611,Ascorbyl palmitate,137-66-6,C22H38O7,414.261754,46,361,13.0,Inactive,5.699256370421365,0.28496281852106825,50,1.6989700043360187
https://comptox.epa.gov/dashboard/chemical/details/DTXSID3041877,Dimethylbenzylcarbinyl acetate,151-05-3,C12H16O2,192.115030,3,349,1.0,Inactive,6.802546359946908e-10,3.401273179973454E-11,49.99999999999999,1.6989700043360187
https://comptox.epa.gov/dashboard/chemical/details/DTXSID3041954,3-Octanone,106-68-3,C8H16O,128.120115,1,345,0.0,Inactive,1.0197549507404344,0.05098774753702172,50,1.6989700043360187
https://comptox.epa.gov/dashboard/chemical/details/DTXSID3042007,Glyceryl monoricinoleate,1323-38-2,, ,47,352,13.0,Inactive,12.532127862421511,0.6266063931210756,50,1.6989700043360187
https://comptox.epa.gov/dashboard/chemical/details/DTXSID3041790,Citronellal,106-23-0,C10H18O,154.135765,1,352,0.0,Inactive,0.5858558296407863,0.029292791482039317,50,1.6989700043360187
https://comptox.epa.gov/dashboard/chemical/details/DTXSID3041794,Cloquintocet-mexyl,99607-70-2,C18H22ClNO3,335.128821,48,370,13.0,Inactive,4.1963025892524014e-9,2.0981512946262007E-10,50,1.6989700043360187
https://comptox.epa.gov/dashboard/chemical/details/DTXSID3041663,Benzyl cinnamate,103-41-3,C16H14O2,238.099380,23,365,6.0,Inactive,1.713046065141892,0.0856523032570946,50,1.6989700043360187
https://comptox.epa.gov/dashboard/chemical/details/DTXSID3041661,2-Hydroxybenzonitrile,611-20-1,C7H5NO,119.037114,6,362,2.0,Inactive,2.5562211788587628,0.12781105894293815,50,1.6989700043360187
https://comptox.epa.gov/dashboard/chemical/details/DTXSID3042059,Isopentyl butyrate,106-27-4,C9H18O2,158.130680,5,580,1.0,Inactive,4.938439653988593,0.24692198269942964,50.00000000000001,1.6989700043360187
https://comptox.epa.gov/dashboard/chemical/details/DTXSID3042130,Diphenylmercury(II),587-85-9,C12H10Hg,356.048893,97,368,26.0,Inactive,22.615839252552966,1.1307919626276484,50,1.6989700043360187
https://comptox.epa.gov/dashboard/chemical/details/DTXSID3042390,Sodium (2-pyridylthio)-N-oxide,3811-73-2,C5H4NNaOS,148.991129,204,608,34.0,Inactive,2.3174863352623656,0.11587431676311828,50,1.6989700043360187
https://comptox.epa.gov/dashboard/chemical/details/DTXSID3042394,Sodium 1-naphthalenesulfonate,130-14-3,C10H7NaO3S,230.001360,1,345,0.0,Inactive,6.206420474346204e-10,3.103210237173102E-11,50,1.6989700043360187
https://comptox.epa.gov/dashboard/chemical/details/DTXSID3042423,Sucrose octaacetate,126-14-7,C28H38O19,678.200729,2,570,0.0,Inactive,0.3062712860651798,0.015313564303258989,39.999999999999666,1.6020599913279587
https://comptox.epa.gov/dashboard/chemical/details/DTXSID3042219,Propylbenzene,103-65-1,C9H12,120.093900,2,593,0.0,Inactive,1.6653077321066873e-11,8.326538660533436E-13,50,1.6989700043360187
https://comptox.epa.gov/dashboard/chemical/details/DTXSID3044203,Pioglitazone hydrochloride,112529-15-4,C19H21ClN2O3S,392.096141,114,610,19.0,Inactive,2.295675917976169e-11,1.1478379589880845E-12,50,1.6989700043360187
https://comptox.epa.gov/dashboard/chemical/details/DTXSID3044833,Terpinyl propionate,80-27-3,C13H22O2,210.161980,10,353,3.0,Inactive,2.096408600188653e-9,1.0482043000943266E-10,50,1.6989700043360187
https://comptox.epa.gov/dashboard/chemical/details/DTXSID3047180,Triisodecyl trimellitate,36631-30-8,, ,7,348,2.0,Inactive,5.70323209438854e-10,2.8516160471942698E-11,39.999999999999666,1.6020599913279587
https://comptox.epa.gov/dashboard/chemical/details/DTXSID3047138,tert-Butylbenzene,98-06-6,C10H14,134.109550,6,592,1.0,Inactive,2.682978534403328e-10,1.341489267201664E-11,50,1.6989700043360187
https://comptox.epa.gov/dashboard/chemical/details/DTXSID3047263,PharmaGSID_47263,349495-42-7,C15H16N4O2,284.127326,48,663,7.0,Inactive,11.606480709736092,0.5803240354868046,0.0005868270486454532,-3.231489876412378
https://comptox.epa.gov/dashboard/chemical/details/DTXSID3047348,SSR504734,742693-38-5,C20H20ClF3N2O,396.121625,270,638,42.0,Active,73.17141696045188,3.658570848022594,49.99999999999999,1.6989700043360187
https://comptox.epa.gov/dashboard/chemical/details/DTXSID3047394,Grinstad Soft-N-Safe,NOCAS_47394,, ,28,597,5.0,Inactive,2.5522512499631618,0.12761256249815808,25000.000000000047,4.397940008672038
https://comptox.epa.gov/dashboard/chemical/details/DTXSID3047261,"(2S,3S)-3-Methyl-2-(3-oxo-1,2-benzothiazol-2(3H)-yl)pentanoic acid",177785-47-6,C13H15NO3S,265.077265,25,595,4.0,Inactive,5.230297934411997e-9,2.6151489672059983E-10,50,1.6989700043360187
https://comptox.epa.gov/dashboard/chemical/details/DTXSID3047342,SR125047,NOCAS_47342,C22H27Cl2NO,391.146970,314,695,45.0,Active,129.02664592777413,6.451332296388706,83.67679949380005,1.9226050607588165
https://comptox.epa.gov/dashboard/chemical/details/DTXSID3047265,CP-471358,NOCAS_47265,C21H23FN2O7S,466.121000,10,603,2.0,Inactive,4.5523171099697004e-8,2.27615855498485E-9,50,1.6989700043360187
https://comptox.epa.gov/dashboard/chemical/details/DTXSID3047267,CP-642931,NOCAS_47267,C17H25N7O,343.212058,16,587,3.0,Inactive,0.034169005695764455,0.0017084502847882228,25.000000000000075,1.3979400086720388
https://comptox.epa.gov/dashboard/chemical/details/DTXSID3047344,Cariporide mesylate,159138-81-5,C13H21N3O6S2,379.087178,82,612,13.0,Inactive,1.4854820229291377,0.07427410114645688,35.000000000000256,1.5440680443502788
https://comptox.epa.gov/dashboard/chemical/details/DTXSID3047425,4-Butylphenol,1638-22-8,C10H14O,150.104465,54,402,13.0,Active,34.18945758747124,1.7094728793735618,50,1.6989700043360187
https://comptox.epa.gov/dashboard/chemical/details/DTXSID3047346,SSR162369,NOCAS_47346,C18H22F2N6O,376.182316,27,605,4.0,Inactive,4.755369790931297e-12,2.3776848954656483E-13,50,1.6989700043360187
https://comptox.epa.gov/dashboard/chemical/details/DTXSID3047473,Polymethylene polyphenyl polyisocyanate,9016-87-9,, ,11,363,3.0,Inactive,2.547662583871317,0.12738312919356584,50,1.6989700043360187
https://comptox.epa.gov/dashboard/chemical/details/DTXSID3047558,2-(Perfluorohexyl)ethyl methacrylate,2144-53-8,C12H9F13O2,432.039496,10,672,1.0,Inactive,0.4316672506857305,0.021583362534286523,50,1.6989700043360187
https://comptox.epa.gov/dashboard/chemical/details/DTXSID3047477,dl-Norgestrel,6533-00-2,C21H28O2,312.208930,74,385,19.0,Active,93.60765557638206,4.680382778819103,0.0009668520449111228,-3.014639979893106
https://comptox.epa.gov/dashboard/chemical/details/DTXSID3047429,Dexamethasone sodium phosphate,2392-39-4,C22H28FNa2O8P,516.130122,87,717,12.0,Inactive,0.377930530096532,0.0188965265048266,50,1.6989700043360187
https://comptox.epa.gov/dashboard/chemical/details/DTXSID3047712,Cornmint oil,68917-18-0,, ,8,344,2.0,Inactive,1.565003086133728e-9,7.82501543066864E-11,25000.000000000047,4.397940008672038
https://comptox.epa.gov/dashboard/chemical/details/DTXSID3047633,Ethyl oleate,111-62-6,C20H38O2,310.287180,2,345,1.0,Inactive,2.560291482832066,0.1280145741416033,0.24220773562207065,-0.6158119904897031
https://comptox.epa.gov/dashboard/chemical/details/DTXSID3048522,HMR1171 trifluoroacetate (1:1),NOCAS_48522,C37H49F3N4O5S,718.337576,174,408,43.0,Inactive,18.524076905245565,0.9262038452622783,14.900277431623985,1.1731943547144021
https://comptox.epa.gov/dashboard/chemical/details/DTXSID3048520,Piragliatin,625114-41-2,C19H20ClN3O4S,421.086305,72,577,12.0,Inactive,8.669600718930082e-9,4.334800359465041E-10,9.99999999999997,0.9999999999999987
https://comptox.epa.gov/dashboard/chemical/details/DTXSID30865801,Tetrahydrocurcumin,36062-04-1,C21H24O6,372.157288,35,162,22.0,Inactive,0.8644222552413114,0.04322111276206557,0.048165680961623214,-1.317262295322075
https://comptox.epa.gov/dashboard/chemical/details/DTXSID4020161,Biphenyl,92-52-4,C12H10,154.078250,12,603,2.0,Inactive,1.1529291247070108e-10,5.764645623535054E-12,50,1.6989700043360187
https://comptox.epa.gov/dashboard/chemical/details/DTXSID4020240,Caprolactam,105-60-2,C6H11NO,113.084064,19,575,3.0,Inactive,9.935579962399602e-10,4.967789981199801E-11,50,1.6989700043360187
https://comptox.epa.gov/dashboard/chemical/details/DTXSID4020248,Carbazole,86-74-8,C12H9N,167.073499,25,447,6.0,Inactive,8.295865088457104,0.4147932544228552,50,1.6989700043360187
https://comptox.epa.gov/dashboard/chemical/details/DTXSID4020242,Captafol,2425-06-1,C10H9Cl4NO2S,346.910811,279,674,41.0,Active,40.80498869137443,2.0402494345687217,64.69494422385574,1.8108703427788473
https://comptox.epa.gov/dashboard/chemical/details/DTXSID4020290,"[4-Chloro-6-(2,3-xylidino)-2-pyrimidinylthio]acetic acid",50892-23-4,C14H14ClN3O2S,323.049526,54,628,9.0,Inactive,15.925265027394312,0.7962632513697157,0.07487712751546949,-1.1256508246346604
https://comptox.epa.gov/dashboard/chemical/details/DTXSID4020119,Azathioprine,446-86-6,C9H7N7O2S,277.038194,139,663,21.0,Inactive,1.4828394089750063,0.07414197044875032,50,1.6989700043360187
https://comptox.epa.gov/dashboard/chemical/details/DTXSID4020371,Dapsone,80-08-0,C12H12N2O2S,248.061949,14,593,2.0,Inactive,5.013652893518373,0.2506826446759186,1.684493020877519,0.2264692159697594
https://comptox.epa.gov/dashboard/chemical/details/DTXSID4020292,2-Chloroacetaldehyde,107-20-0,C2H3ClO,77.987242,24,348,7.0,Inactive,0.22352456320289915,0.011176228160144958,50,1.6989700043360187
https://comptox.epa.gov/dashboard/chemical/details/DTXSID4020373,"p,p'-DDD",72-54-8,C14H10Cl4,317.953661,309,693,45.0,Inactive,2.3092042564981,0.115460212824905,50,1.6989700043360187
https://comptox.epa.gov/dashboard/chemical/details/DTXSID4020450,Dicofol,115-32-2,C14H9Cl5O,367.909603,262,679,39.0,Inactive,12.789182312045398,0.6394591156022699,91.63269458717355,1.9620504577876905
https://comptox.epa.gov/dashboard/chemical/details/DTXSID4020458,Chlorpyrifos,2921-88-2,C9H11Cl3NO3PS,348.926285,157,649,24.0,Inactive,7.226867086584567e-11,3.6134335432922833E-12,50,1.6989700043360187
https://comptox.epa.gov/dashboard/chemical/details/DTXSID4020375,DDT,50-29-3,C14H9Cl5,351.914689,268,702,38.0,Inactive,6.906871792074504,0.34534358960372524,24.192629110978046,1.3836830674666898
https://comptox.epa.gov/dashboard/chemical/details/DTXSID4020379,Dehydroepiandrosterone,53-43-0,C19H28O2,288.208930,75,412,18.0,Inactive,3.1891896762926306,0.15945948381463154,50,1.6989700043360187
https://comptox.epa.gov/dashboard/chemical/details/DTXSID4020537,Diphenhydramine hydrochloride,147-24-0,C17H22ClNO,291.138992,116,664,17.0,Inactive,1.5089524561604963,0.07544762280802482,50,1.6989700043360187
https://comptox.epa.gov/dashboard/chemical/details/DTXSID4020664,"3-Chloro-1,2-propanediol",96-24-2,C3H7ClO2,110.013457,4,349,1.0,Inactive,0.7025404289761039,0.035127021448805196,50,1.6989700043360187
https://comptox.epa.gov/dashboard/chemical/details/DTXSID4020666,Glycidol,556-52-5,C3H6O2,74.036779,12,584,2.0,Inactive,1.2689045356993758,0.06344522678496879,50,1.6989700043360187
https://comptox.epa.gov/dashboard/chemical/details/DTXSID4020402,"2,4-Diaminotoluene",95-80-7,C7H10N2,122.084398,31,634,5.0,Inactive,6.090997034687718e-10,3.045498517343859E-11,50,1.6989700043360187
https://comptox.epa.gov/dashboard/chemical/details/DTXSID4020616,"1,8-Cineol",470-82-6,C10H18O,154.135765,1,348,0.0,Inactive,1.180080205861604e-8,5.90040102930802E-10,50,1.6989700043360187
https://comptox.epa.gov/dashboard/chemical/details/DTXSID4020618,"4-(5,6,7,8-Tetrahydroimidazo(1,5-a)pyridin-5-yl)benzonitrile monohydrochloride",102676-31-3,C14H14ClN3,259.087625,21,395,5.0,Inactive,3.643496382123024e-10,1.821748191061512E-11,25.000000000000075,1.3979400086720388
https://comptox.epa.gov/dashboard/chemical/details/DTXSID4020791,Malathion,121-75-5,C10H19O6PS2,330.036068,131,765,17.0,Inactive,6.260193446521802e-11,3.130096723260901E-12,50,1.6989700043360187
https://comptox.epa.gov/dashboard/chemical/details/DTXSID4020820,Methimazole,60-56-0,C4H6N2S,114.025169,11,663,2.0,Inactive,17.07775558666099,0.8538877793330496,0.017992103444689326,-1.7449180606110744
https://comptox.epa.gov/dashboard/chemical/details/DTXSID4020959,C.I. Azoic Diazo Component 12,99-55-8,C7H8N2O2,152.058578,26,583,4.0,Inactive,2.8039195814948705,0.14019597907474352,9.921256604296348,0.9965666824111854
https://comptox.epa.gov/dashboard/chemical/details/DTXSID4020870,"2,2'-Methylenebis(4-methyl-6-tert-butylphenol)",119-47-1,C23H32O2,340.240230,202,364,55.0,Inactive,20.20947783900669,1.0104738919503347,92.36922074249856,1.965527279785463
https://comptox.epa.gov/dashboard/chemical/details/DTXSID4020828,4-Methoxyphenol,150-76-5,C7H8O2,124.052429,11,355,3.0,Inactive,6.116943198344371e-9,3.0584715991721855E-10,50,1.6989700043360187
https://comptox.epa.gov/dashboard/chemical/details/DTXSID4020822,Methotrexate,59-05-2,C20H22N8O5,454.171316,114,726,16.0,Inactive,1.2043581794374808e-10,6.021790897187404E-12,50,1.6989700043360187
https://comptox.epa.gov/dashboard/chemical/details/DTXSID4021006,N-Nitroso-N-methylurea,684-93-5,C2H5N3O2,103.038176,7,350,2.0,Inactive,5.829207957686276e-12,2.914603978843138E-13,50,1.6989700043360187
https://comptox.epa.gov/dashboard/chemical/details/DTXSID4021056,N-Nitrosomorpholine,59-89-2,C4H8N2O2,116.058578,9,323,3.0,Inactive,0.9085143263487021,0.045425716317435104,1.8365737792534753,0.26400837960701745
https://comptox.epa.gov/dashboard/chemical/details/DTXSID4021135,C.I. Solvent Yellow 14,842-07-9,C16H12N2O,248.094963,170,645,26.0,Inactive,7.440359929041218,0.3720179964520609,50,1.6989700043360187
https://comptox.epa.gov/dashboard/chemical/details/DTXSID4021137,"1,3-Benzenediamine",108-45-2,C6H8N2,108.068748,17,584,3.0,Inactive,1.072174544348333e-11,5.360872721741665E-13,50,1.6989700043360187
https://comptox.epa.gov/dashboard/chemical/details/DTXSID4021218,Quercetin,117-39-5,C15H10O7,302.042653,176,641,27.0,Inactive,0.47303636931214366,0.023651818465607183,50,1.6989700043360187
https://comptox.epa.gov/dashboard/chemical/details/DTXSID4021393,Triethylene glycol,112-27-6,C6H14O4,150.089209,9,599,2.0,Inactive,5.1723561334431795e-9,2.5861780667215897E-10,50,1.6989700043360187
https://comptox.epa.gov/dashboard/chemical/details/DTXSID4021185,Prednisone,53-03-2,C21H26O5,358.178024,43,641,7.0,Inactive,2.653365660087417,0.13266828300437086,12.70328974789914,1.1039162039754093
https://comptox.epa.gov/dashboard/chemical/details/DTXSID4021268,Simazine,122-34-9,C7H12ClN5,201.078123,20,684,3.0,Inactive,3.828545678171212,0.19142728390856062,50,1.6989700043360187
https://comptox.epa.gov/dashboard/chemical/details/DTXSID4021395,Trifluralin,1582-09-8,C13H16F3N3O4,335.109290,94,750,13.0,Inactive,1.5641334551407196e-11,7.820667275703598E-13,50,1.6989700043360187
https://comptox.epa.gov/dashboard/chemical/details/DTXSID4021391,Tris(methylphenyl) phosphate,1330-78-5,C21H21O4P,368.117746,94,545,17.0,Inactive,3.023320492706103,0.15116602463530515,0.005169661155024737,-2.286537921765945
https://comptox.epa.gov/dashboard/chemical/details/DTXSID4021426,Urea,57-13-6,CH4N2O,60.032363,28,577,5.0,Inactive,7.67499581288792e-12,3.8374979064439597E-13,50,1.6989700043360187
https://comptox.epa.gov/dashboard/chemical/details/DTXSID4021717,4-Chloro-3-methylphenol,59-50-7,C7H7ClO,142.018542,18,614,3.0,Inactive,8.268246936435107,0.4134123468217553,50,1.6989700043360187
https://comptox.epa.gov/dashboard/chemical/details/DTXSID4021553,Decanal,112-31-2,C10H20O,156.151415,23,463,5.0,Inactive,3.825028133370207,0.19125140666851034,50,1.6989700043360187
https://comptox.epa.gov/dashboard/chemical/details/DTXSID4021892,4-Methylpyridine,108-89-4,C6H7N,93.057849,0,328,0.0,Inactive,0.8536113136420297,0.04268056568210148,50,1.6989700043360187
https://comptox.epa.gov/dashboard/chemical/details/DTXSID4021921,"2-Butyne-1,4-diol",110-65-6,C4H6O2,86.036779,10,350,3.0,Inactive,2.2071536213619285,0.11035768106809643,50,1.6989700043360187
https://comptox.epa.gov/dashboard/chemical/details/DTXSID4021842,Cyclohexanone oxime,100-64-1,C6H11NO,113.084064,16,352,5.0,Inactive,6.889991557902452e-12,3.444995778951226E-13,50,1.6989700043360187
https://comptox.epa.gov/dashboard/chemical/details/DTXSID4021975,Diphenylamine,122-39-4,C12H11N,169.089149,70,671,10.0,Inactive,19.77880015114483,0.9889400075572414,92.86408760344564,1.9678477961140237
https://comptox.epa.gov/dashboard/chemical/details/DTXSID4021977,4-Ethylphenol,123-07-9,C8H10O,122.073165,4,355,1.0,Inactive,2.6201798951225485e-9,1.3100899475612742E-10,50,1.6989700043360187
https://comptox.epa.gov/dashboard/chemical/details/DTXSID4021894,Cyclohexanol,108-93-0,C6H12O,100.088815,4,579,1.0,Inactive,2.6711045534358315,0.13355522767179157,95.36172282002256,1.9793740885000877
https://comptox.epa.gov/dashboard/chemical/details/DTXSID4021848,N-Ethyl-3-methylaniline,102-27-2,C9H13N,135.104799,4,581,1.0,Inactive,1.2125909465763414,0.06062954732881707,49.99999999999999,1.6989700043360187
https://comptox.epa.gov/dashboard/chemical/details/DTXSID4022109,gamma-Decanolactone,706-14-9,C10H18O2,170.130680,4,351,1.0,Inactive,0.006823508892987018,3.411754446493509E-4,50,1.6989700043360187
https://comptox.epa.gov/dashboard/chemical/details/DTXSID4022153,Tetrabutyltin,1461-25-2,C16H36Sn,348.183903,181,367,49.0,Active,68.64912345972361,3.4324561729861807,90.94700661841846,1.9587884094962944
https://comptox.epa.gov/dashboard/chemical/details/DTXSID4022020,Bromacil,314-40-9,C9H13BrN2O2,260.016041,59,670,9.0,Inactive,0.013086870063087685,6.543435031543842E-4,50,1.6989700043360187
https://comptox.epa.gov/dashboard/chemical/details/DTXSID4022288,4-Hexyloxyaniline,39905-57-2,C12H19NO,193.146664,44,354,12.0,Active,103.62791044081969,5.181395522040985,78.4948907392847,1.8948413892809346
https://comptox.epa.gov/dashboard/chemical/details/DTXSID4022313,"o,p'-DDE",3424-82-6,C14H8Cl4,315.938011,139,321,43.0,Inactive,0.9013833867861966,0.04506916933930983,7.681761359662355,0.8854608113176218
https://comptox.epa.gov/dashboard/chemical/details/DTXSID4022361,Vinclozolin,50471-44-8,C12H9Cl2NO3,284.995949,99,768,13.0,Inactive,3.4724020234496753e-12,1.7362010117248377E-13,50,1.6989700043360187
https://comptox.epa.gov/dashboard/chemical/details/DTXSID4022442,Bisphenol B,77-40-7,C16H18O2,242.130680,231,674,34.0,Active,58.85226888433137,2.9426134442165686,18.41179806235067,1.2650962029758073
https://comptox.epa.gov/dashboard/chemical/details/DTXSID4022446,"2,2′-Methylenebis[phenol]",2467-02-9,C13H12O2,200.083730,87,504,17.0,Inactive,13.649532081456021,0.6824766040728011,79.20787995404773,1.8987683892956302
https://comptox.epa.gov/dashboard/chemical/details/DTXSID4022525,2-Ethylhexyl p-hydroxybenzoate,5153-25-3,C15H22O3,250.156895,184,428,43.0,Active,42.51129841233418,2.125564920616709,10.848925773162643,1.035386737826555
https://comptox.epa.gov/dashboard/chemical/details/DTXSID4022448,Metolachlor,51218-45-2,C15H22ClNO2,283.133907,104,749,14.0,Inactive,1.2750506398102127e-10,6.375253199051064E-12,50,1.6989700043360187
https://comptox.epa.gov/dashboard/chemical/details/DTXSID4022529,Methylparaben,99-76-3,C8H8O3,152.047344,17,616,3.0,Inactive,2.1885035119225962e-9,1.0942517559612981E-10,50.00000000000001,1.6989700043360187
https://comptox.epa.gov/dashboard/chemical/details/DTXSID4022523,Heptyl p-hydroxybenzoate,1085-12-7,C14H20O3,236.141245,125,362,35.0,Inactive,3.8735816882117065,0.19367908441058532,50,1.6989700043360187
https://comptox.epa.gov/dashboard/chemical/details/DTXSID4022521,Diisononyl phthalate,28553-12-0,, ,8,434,2.0,Inactive,2.98500488313326e-11,1.49250244156663E-12,50,1.6989700043360187
https://comptox.epa.gov/dashboard/chemical/details/DTXSID4022731,Carbamazepine,298-46-4,C15H12N2O,236.094963,24,639,4.0,Inactive,0.48689341327769786,0.024344670663884894,50,1.6989700043360187
https://comptox.epa.gov/dashboard/chemical/details/DTXSID4022527,Propylparaben,94-13-3,C10H12O3,180.078644,89,640,14.0,Inactive,9.218677379074296e-11,4.609338689537148E-12,50,1.6989700043360187
https://comptox.epa.gov/dashboard/chemical/details/DTXSID4022367,Estrone,53-16-7,C18H22O2,270.161980,120,674,18.0,Inactive,2.828185497425115,0.14140927487125574,0.0017684492156366716,-2.7524074072574503
https://comptox.epa.gov/dashboard/chemical/details/DTXSID4022369,Fulvestrant,129453-61-8,C32H47F5O3S,606.316607,136,643,21.0,Inactive,9.303808026065052,0.4651904013032526,0.0592095022316281,-1.2276085899729883
https://comptox.epa.gov/dashboard/chemical/details/DTXSID4022991,Erythromycin,114-07-8,C37H67NO13,733.461241,11,630,2.0,Inactive,3.2095859123791175e-8,1.6047929561895587E-9,9.99999999999997,0.9999999999999987
https://comptox.epa.gov/dashboard/chemical/details/DTXSID4023202,"4,4'-(1H-1,2,4-Triazol-1-ylmethylene)dibenzonitrile",112809-51-5,C17H11N5,285.101445,8,377,2.0,Inactive,0.5651260441580093,0.028256302207900465,35.000000000000256,1.5440680443502788
https://comptox.epa.gov/dashboard/chemical/details/DTXSID4023412,Oxytetracycline dihydrate,6153-64-6,C22H28N2O11,496.169310,86,717,12.0,Inactive,1.1720207597157397,0.05860103798578699,49.99999999999999,1.6989700043360187
https://comptox.epa.gov/dashboard/chemical/details/DTXSID4023541,Pyridoxine,65-23-6,C8H11NO3,169.073893,3,579,1.0,Inactive,6.851542220355906e-10,3.425771110177953E-11,50,1.6989700043360187
https://comptox.epa.gov/dashboard/chemical/details/DTXSID4024143,"1,6-Diisocyanatohexane",822-06-0,C8H12N2O2,168.089878,6,571,1.0,Inactive,7.9576770985422725,0.39788385492711364,0.13503036835889903,-0.869568547597587
https://comptox.epa.gov/dashboard/chemical/details/DTXSID4024193,Thitrol,94-81-5,C11H13ClO3,228.055322,6,352,2.0,Inactive,6.662548191326737,0.33312740956633685,50,1.6989700043360187
https://comptox.epa.gov/dashboard/chemical/details/DTXSID4024145,Hexazinone,51235-04-2,C12H20N4O2,252.158626,13,635,2.0,Inactive,0.7749112995501354,0.038745564977506766,50,1.6989700043360187
https://comptox.epa.gov/dashboard/chemical/details/DTXSID4024018,Dicamba,1918-00-9,C8H6Cl2O3,219.969400,4,637,1.0,Inactive,1.8560005589811398e-11,9.2800027949057E-13,50,1.6989700043360187
https://comptox.epa.gov/dashboard/chemical/details/DTXSID4024062,"3,4-Dimethylphenol",95-65-8,C8H10O,122.073165,14,601,2.0,Inactive,1.2258114727345963e-10,6.1290573636729815E-12,50,1.6989700043360187
https://comptox.epa.gov/dashboard/chemical/details/DTXSID4024274,Propachlor,1918-16-7,C11H14ClNO,211.076392,218,468,47.0,Inactive,0.6893713873732736,0.03446856936866368,2.4095140750556485,0.381929467554076
https://comptox.epa.gov/dashboard/chemical/details/DTXSID4024066,"1,2-Dinitrobenzene",528-29-0,C6H4N2O4,168.017107,113,601,19.0,Inactive,1.957213341302734,0.0978606670651367,50,1.6989700043360187
https://comptox.epa.gov/dashboard/chemical/details/DTXSID4024195,2-(4-Chloro-2-methylphenoxy)acetic acid,94-74-6,C9H9ClO3,200.024022,22,650,3.0,Inactive,0.8461641365883504,0.04230820682941752,50,1.6989700043360187
https://comptox.epa.gov/dashboard/chemical/details/DTXSID4024272,Prometryn,7287-19-6,C10H19N5S,241.136117,79,672,12.0,Inactive,7.791476669518261e-11,3.8957383347591305E-12,50,1.6989700043360187
https://comptox.epa.gov/dashboard/chemical/details/DTXSID4024270,Prochloraz,67747-09-5,C15H16Cl3N3O2,375.030810,306,842,36.0,Inactive,7.366535285744409,0.36832676428722044,0.036674442505647824,-1.4356364792177694
https://comptox.epa.gov/dashboard/chemical/details/DTXSID4024436,Allura Red C.I.16035,25956-17-6,C18H14N2Na2O8S2,495.998696,80,616,13.0,Inactive,1.772457192358629e-10,8.862285961793145E-12,50,1.6989700043360187
https://comptox.epa.gov/dashboard/chemical/details/DTXSID4024276,Propargite,2312-35-8,C19H26O4S,350.155180,322,760,42.0,Inactive,3.5232945604099175,0.17616472802049588,0.0022515868708932706,-2.6475112923955755
https://comptox.epa.gov/dashboard/chemical/details/DTXSID4024721,D-Camphor,464-49-3,C10H16O,152.120115,0,357,0.0,Inactive,7.087356535641532e-12,3.543678267820766E-13,50,1.6989700043360187
https://comptox.epa.gov/dashboard/chemical/details/DTXSID4024359,"2,4,5-Trichlorophenol",95-95-4,C6H3Cl3O,195.924948,154,649,24.0,Inactive,2.5665630125808927,0.12832815062904462,50,1.6989700043360187
https://comptox.epa.gov/dashboard/chemical/details/DTXSID4024729,Carbendazim,10605-21-7,C9H9N3O2,191.069477,74,619,12.0,Inactive,7.594296025388952e-8,3.797148012694476E-9,49.99999999999999,1.6989700043360187
https://comptox.epa.gov/dashboard/chemical/details/DTXSID4024985,"1,3-Dichloro-5,5-dimethylhydantoin",118-52-5,C5H6Cl2N2O2,195.980633,3,567,1.0,Inactive,1.7682090380122568e-9,8.841045190061284E-11,50,1.6989700043360187
https://comptox.epa.gov/dashboard/chemical/details/DTXSID4025080,Diisobutyl ketone,108-83-8,C9H18O,142.135765,2,353,1.0,Inactive,3.4148040521042605e-10,1.7074020260521303E-11,50,1.6989700043360187
https://comptox.epa.gov/dashboard/chemical/details/DTXSID4025082,Diisodecyl phthalate,26761-40-0,, ,8,507,2.0,Inactive,8.308391081077093e-10,4.1541955405385467E-11,50,1.6989700043360187
https://comptox.epa.gov/dashboard/chemical/details/DTXSID4025296,2-Ethyl-2-hexenal,645-62-5,C8H14O,126.104465,4,357,1.0,Inactive,2.7044112425139958e-12,1.352205621256998E-13,50,1.6989700043360187
https://comptox.epa.gov/dashboard/chemical/details/DTXSID4025612,2-Methylpentanedinitrile,4553-62-2,C6H8N2,108.068748,0,345,0.0,Inactive,1.1241607151086667e-10,5.620803575543333E-12,50,1.6989700043360187
https://comptox.epa.gov/dashboard/chemical/details/DTXSID4025791,2-Nitrotoluene,88-72-2,C7H7NO2,137.047678,4,563,1.0,Inactive,1.352434437225042,0.06762172186125211,0.08569657468212213,-1.0670365366110208
https://comptox.epa.gov/dashboard/chemical/details/DTXSID4025292,"2-Ethyl-1,3-hexanediol",94-96-2,C8H18O2,146.130680,1,344,0.0,Inactive,6.795958388127591e-10,3.3979791940637957E-11,50,1.6989700043360187
https://comptox.epa.gov/dashboard/chemical/details/DTXSID4025662,Methyl styryl ketone,122-57-6,C10H10O,146.073165,26,349,7.0,Inactive,3.3102390808728632,0.16551195404364316,0.010998558634741773,-1.9586642255684588
https://comptox.epa.gov/dashboard/chemical/details/DTXSID4026183,Tributylamine,102-82-9,C12H27N,185.214350,4,575,1.0,Inactive,2.4762808951050385e-10,1.2381404475525193E-11,50,1.6989700043360187
https://comptox.epa.gov/dashboard/chemical/details/DTXSID4026214,Triclocarban,101-20-2,C13H9Cl3N2O,313.978046,252,637,40.0,Inactive,1.5187899634980683e-10,7.593949817490342E-12,50,1.6989700043360187
https://comptox.epa.gov/dashboard/chemical/details/DTXSID4025799,Octachlorodibenzo-p-dioxin,3268-87-9,C12Cl8O2,455.740651,0,7,0.0,Inactive,6.195764740112008e-9,3.097882370056004E-10,25.000000000000075,1.3979400086720388
https://comptox.epa.gov/dashboard/chemical/details/DTXSID4026262,"Tris(2,3-epoxypropyl)isocyanurate",2451-62-9,C12H15N3O6,297.096085,160,583,27.0,Inactive,0.3443413599409538,0.01721706799704769,50,1.6989700043360187
https://comptox.epa.gov/dashboard/chemical/details/DTXSID4026501,alpha-Pinene,80-56-8,C10H16,136.125201,1,345,0.0,Inactive,1.4146397987952088,0.07073198993976045,50,1.6989700043360187
https://comptox.epa.gov/dashboard/chemical/details/DTXSID4026684,2-(Phenylmethylene)octanal,101-86-0,C15H20O,216.151415,78,591,13.0,Inactive,2.625174358530529e-10,1.3125871792652645E-11,50,1.6989700043360187
https://comptox.epa.gov/dashboard/chemical/details/DTXSID4026769,Hexamethyldisiloxane,107-46-0,C6H18OSi2,162.089618,1,344,0.0,Inactive,0.8436614022053368,0.04218307011026684,0.0034108913727295864,-2.4671321114267664
https://comptox.epa.gov/dashboard/chemical/details/DTXSID4026842,Methyl decanoate,110-42-9,C11H22O2,186.161980,5,352,1.0,Inactive,4.123062879469883,0.20615314397349413,50,1.6989700043360187
https://comptox.epa.gov/dashboard/chemical/details/DTXSID4027072,Sodium phenolate,139-02-6,C6H5NaO,116.023809,3,356,1.0,Inactive,4.583981251178194,0.2291990625589097,50,1.6989700043360187
https://comptox.epa.gov/dashboard/chemical/details/DTXSID4027236,"2,3-Dinitrotoluene",602-01-7,C7H6N2O4,182.032757,55,606,9.0,Inactive,5.258734929539568,0.2629367464769784,53.594211149780115,1.7291178829487857
https://comptox.epa.gov/dashboard/chemical/details/DTXSID4027076,Dodecyl sulfate triethanolamine salt,139-96-8,C18H41NO7S,415.260374,20,356,6.0,Inactive,11.769904678379135,0.5884952339189568,50,1.6989700043360187
https://comptox.epa.gov/dashboard/chemical/details/DTXSID4027282,Phenyl phosphorus dichloride,644-97-3,C6H5Cl2P,177.950593,2,357,1.0,Inactive,2.4088563767002706,0.12044281883501354,50,1.6989700043360187
https://comptox.epa.gov/dashboard/chemical/details/DTXSID4027153,1-Bromo-4-fluorobenzene,460-00-4,C6H4BrF,173.948041,5,460,1.0,Inactive,0.16542317745937746,0.008271158872968873,50,1.6989700043360187
https://comptox.epa.gov/dashboard/chemical/details/DTXSID4027367,1-Tetradecene,1120-36-1,C14H28,196.219101,13,580,2.0,Inactive,0.009293206915967708,4.646603457983854E-4,49.99999999999999,1.6989700043360187
https://comptox.epa.gov/dashboard/chemical/details/DTXSID4027494,"2,3-Diaminotoluene",2687-25-4,C7H10N2,122.084398,140,622,23.0,Inactive,2.0773290432358027,0.10386645216179013,50,1.6989700043360187
https://comptox.epa.gov/dashboard/chemical/details/DTXSID4027527,"1,2,5,6,9,10-Hexabromocyclododecane",3194-55-6,C12H18Br6,635.650879,161,465,35.0,Inactive,0.8774635694766693,0.043873178473833464,44.9999999999995,1.6532125137753388
https://comptox.epa.gov/dashboard/chemical/details/DTXSID4027496,"2,4-D sodium salt",2702-72-9,C8H5Cl2NaO3,241.951344,1,349,0.0,Inactive,2.3382986085468156,0.11691493042734077,50,1.6989700043360187
https://comptox.epa.gov/dashboard/chemical/details/DTXSID4027525,Potassium 2-ethylhexanoate,3164-85-0,C8H15KO2,182.070911,3,355,1.0,Inactive,3.838760951264774e-9,1.9193804756323868E-10,50,1.6989700043360187
https://comptox.epa.gov/dashboard/chemical/details/DTXSID4027866,Diethylbenzene,25340-17-4,C10H14,134.109550,0,241,0.0,Inactive,0.7541762810341308,0.03770881405170654,9.99999999999997,0.9999999999999987
https://comptox.epa.gov/dashboard/chemical/details/DTXSID4027650,Diallyldimethylammonium chloride,7398-69-8,C8H16ClN,161.097127,0,345,0.0,Inactive,6.289264658359448,0.3144632329179724,1.2929677548533245,0.11158769420453292
https://comptox.epa.gov/dashboard/chemical/details/DTXSID4027868,tert-Nonanethiol,25360-10-5,, ,2,350,1.0,Inactive,4.684387488345006e-10,2.3421937441725028E-11,50,1.6989700043360187
https://comptox.epa.gov/dashboard/chemical/details/DTXSID4027656,2-Ethylhexyl thioglycolate,7659-86-1,C10H20O2S,204.118401,13,350,4.0,Inactive,1.679484400362,0.0839742200181,0.0005000006228568447,-3.301029454657737
https://comptox.epa.gov/dashboard/chemical/details/DTXSID4027608,Terbutylazine,5915-41-3,C9H16ClN5,229.109423,41,593,7.0,Inactive,1.661300235035815,0.08306501175179075,50,1.6989700043360187
https://comptox.epa.gov/dashboard/chemical/details/DTXSID4027991,1-Hexadecanol,36653-82-4,C16H34O,242.260966,23,590,4.0,Inactive,0.8901726550532926,0.04450863275266463,25.000000000000075,1.3979400086720388
https://comptox.epa.gov/dashboard/chemical/details/DTXSID4027997,Dichlormid,37764-25-3,C8H11Cl2NO,207.021769,4,460,1.0,Inactive,3.2829527084701615,0.16414763542350808,0.005804209273113728,-2.2362569372887444
https://comptox.epa.gov/dashboard/chemical/details/DTXSID4029145,Dimethyl malonate,108-59-8,C5H8O4,132.042259,14,577,2.0,Inactive,1.3174277898082698,0.06587138949041349,50,1.6989700043360187
https://comptox.epa.gov/dashboard/chemical/details/DTXSID4029565,"1,2-Benzenedicarboxylic acid, diundecyl ester, branched and linear",85507-79-5,, ,6,350,2.0,Inactive,9.299595405278978e-12,4.649797702639489E-13,50,1.6989700043360187
https://comptox.epa.gov/dashboard/chemical/details/DTXSID4029353,Acetylcedrene,32388-55-9,C17H26O,246.198365,60,373,16.0,Inactive,2.841313276717008,0.1420656638358504,0.0005000001237850424,-3.3010298881456728
https://comptox.epa.gov/dashboard/chemical/details/DTXSID4028880,Triphenyl phosphates isopropylated,68937-41-7,, ,182,540,34.0,Inactive,2.041263578419135e-11,1.0206317892095675E-12,50,1.6989700043360187
https://comptox.epa.gov/dashboard/chemical/details/DTXSID4029692,Potassium nitrate,7757-79-1,KNO3,100.951524,9,468,2.0,Inactive,1.9437772918353606,0.09718886459176804,92.99687212520874,1.9684683416549422
https://comptox.epa.gov/dashboard/chemical/details/DTXSID4029698,Sodium persulfate,7775-27-1,Na2O8S2,237.882998,5,352,1.0,Inactive,1.0341128506922797,0.05170564253461398,50,1.6989700043360187
https://comptox.epa.gov/dashboard/chemical/details/DTXSID4031980,Resveratrol,501-36-0,C14H12O3,228.078644,113,475,24.0,Inactive,4.158856687599442e-11,2.079428343799721E-12,50,1.6989700043360187
https://comptox.epa.gov/dashboard/chemical/details/DTXSID4032372,Difenoconazole,119446-68-3,C19H17Cl2N3O3,405.064697,328,722,45.0,Inactive,0.41800785886822794,0.020900392943411398,50,1.6989700043360187
https://comptox.epa.gov/dashboard/chemical/details/DTXSID4032376,Dimethenamid,87674-68-8,C12H18ClNO2S,275.074678,103,670,15.0,Inactive,7.779259615071771e-11,3.889629807535885E-12,50,1.6989700043360187
https://comptox.epa.gov/dashboard/chemical/details/DTXSID4032405,Formetanate hydrochloride,23422-53-9,C11H16ClN3O2,257.093104,57,651,9.0,Inactive,2.7730548958568484,0.13865274479284243,1.3489572929871376,0.1299982004401618
https://comptox.epa.gov/dashboard/chemical/details/DTXSID4032580,Trifloxystrobin,141517-21-7,C20H19F3N2O4,408.129692,193,721,27.0,Inactive,8.02437855065095e-11,4.012189275325475E-12,50,1.6989700043360187
https://comptox.epa.gov/dashboard/chemical/details/DTXSID4032611,Ethoprop,13194-48-4,C8H19O2PS2,242.056409,46,703,7.0,Inactive,4.071935389208464e-10,2.035967694604232E-11,50,1.6989700043360187
https://comptox.epa.gov/dashboard/chemical/details/DTXSID4032459,Phorate,298-02-2,C7H17O2PS3,260.012830,51,628,8.0,Inactive,0.506089990802369,0.02530449954011845,50,1.6989700043360187
https://comptox.epa.gov/dashboard/chemical/details/DTXSID4032532,Carfentrazone-ethyl,128639-02-1,C15H14Cl2F3N3O3,411.036431,61,657,9.0,Inactive,1.3487273560315656,0.06743636780157827,50,1.6989700043360187
https://comptox.epa.gov/dashboard/chemical/details/DTXSID4032613,Fenitrothion,122-14-5,C9H12NO5PS,277.017381,138,775,18.0,Inactive,6.548823765314377,0.32744118826571883,50,1.6989700043360187
https://comptox.epa.gov/dashboard/chemical/details/DTXSID4032615,Flumetsulam,98967-40-9,C12H9F2N5O2S,325.044502,6,680,1.0,Inactive,1.862897670300547e-7,9.314488351502735E-9,50,1.6989700043360187
https://comptox.epa.gov/dashboard/chemical/details/DTXSID4032619,Halofenozide,112226-61-6,C18H19ClN2O2,330.113506,33,350,9.0,Inactive,4.1644965011543785e-11,2.0822482505771892E-12,50,1.6989700043360187
https://comptox.epa.gov/dashboard/chemical/details/DTXSID4032667,Es-fenvalerate,66230-04-4,C25H22ClNO3,419.128821,118,714,17.0,Inactive,7.4444305094980265,0.37222152547490134,50,1.6989700043360187
https://comptox.epa.gov/dashboard/chemical/details/DTXSID4034528,Diclosulam,145701-21-9,C13H10Cl2FN5O3S,404.986544,46,674,7.0,Inactive,1.3320902582481022e-9,6.660451291240511E-11,50,1.6989700043360187
https://comptox.epa.gov/dashboard/chemical/details/DTXSID4034150,Haloperidol,52-86-8,C21H23ClFNO2,375.140135,272,741,37.0,Inactive,9.120722748289884e-11,4.560361374144942E-12,50,1.6989700043360187
https://comptox.epa.gov/dashboard/chemical/details/DTXSID4034287,5-Heptyldihydro-2(3H)-furanone,104-67-6,C11H20O2,184.146330,8,607,1.0,Inactive,3.305727596865663e-8,1.6528637984328315E-9,50,1.6989700043360187
https://comptox.epa.gov/dashboard/chemical/details/DTXSID4034576,2-Bromo-4-hydroxyacetophenone,2491-38-5,C8H7BrO2,213.962942,31,358,9.0,Inactive,3.6302926276788625,0.18151463138394314,50,1.6989700043360187
https://comptox.epa.gov/dashboard/chemical/details/DTXSID4034601,"(2R,6S)-Fenpropimorph",67564-91-4,C20H33NO,303.256215,56,365,15.0,Inactive,0.8573194898722448,0.04286597449361224,50,1.6989700043360187
https://comptox.epa.gov/dashboard/chemical/details/DTXSID4034497,Metconazole,125116-23-6,C17H22ClN3O,319.145140,112,456,25.0,Active,161.87441133434348,8.093720566717174,78.297492682067,1.8937478548832611
https://comptox.epa.gov/dashboard/chemical/details/DTXSID4034948,Tebufenozide,112410-23-8,C22H28N2O2,352.215078,93,660,14.0,Inactive,1.5441109158981816,0.07720554579490908,50,1.6989700043360187
https://comptox.epa.gov/dashboard/chemical/details/DTXSID4035708,Methylbenzethonium chloride,25155-18-4,C28H44ClNO2,461.306057,198,385,51.0,Active,43.27041640603376,2.163520820301688,8.727330347576332,0.9408814152258248
https://comptox.epa.gov/dashboard/chemical/details/DTXSID4034609,Fipronil,120068-37-3,C12H4Cl2F6N4OS,435.938706,280,749,37.0,Inactive,3.045094990719167e-11,1.5225474953595834E-12,50,1.6989700043360187
https://comptox.epa.gov/dashboard/chemical/details/DTXSID4036229,Sodium decyl sulfate,142-87-0,C10H21NaO4S,260.105825,16,352,5.0,Inactive,0.5877632138569362,0.02938816069284681,50,1.6989700043360187
https://comptox.epa.gov/dashboard/chemical/details/DTXSID4034788,Orthosulfamuron,213464-77-8,C16H20N6O6S,424.116504,5,309,2.0,Inactive,5.4485385462701676e-12,2.724269273135084E-13,50,1.6989700043360187
https://comptox.epa.gov/dashboard/chemical/details/DTXSID4034653,Hexaconazole,79983-71-4,C14H17Cl2N3O,313.074868,264,714,37.0,Active,35.38713610649057,1.7693568053245285,82.627569179108,1.9171249764327307
https://comptox.epa.gov/dashboard/chemical/details/DTXSID4034869,Prothioconazole,178928-70-6,C14H15Cl2N3OS,343.031289,93,326,29.0,Inactive,9.442329624346067e-11,4.7211648121730334E-12,50,1.6989700043360187
https://comptox.epa.gov/dashboard/chemical/details/DTXSID4036435,1-Octyl-2-pyrrolidone,2687-94-7,C12H23NO,197.177964,14,357,4.0,Inactive,0.9731626563554752,0.04865813281777376,50,1.6989700043360187
https://comptox.epa.gov/dashboard/chemical/details/DTXSID4038924,Hexyl salicylate,6259-76-3,C13H18O3,222.125594,66,465,14.0,Inactive,6.3222334968956755,0.31611167484478375,50,1.6989700043360187
https://comptox.epa.gov/dashboard/chemical/details/DTXSID4040343,Benzyl bromoacetate,5437-45-6,C9H9BrO2,227.978593,13,345,4.0,Inactive,1.0801699882851247e-10,5.4008499414256234E-12,50,1.6989700043360187
https://comptox.epa.gov/dashboard/chemical/details/DTXSID4040002,Monobutyl phthalate,131-70-4,C12H14O4,222.089209,11,682,2.0,Inactive,3.6094163901208947,0.18047081950604474,0.000556198721259632,-3.254770013944574
https://comptox.epa.gov/dashboard/chemical/details/DTXSID4040711,Ethyl 2-methylbenzoate,87-24-1,C10H12O2,164.083730,11,345,3.0,Inactive,0.2790384705355654,0.01395192352677827,50,1.6989700043360187
https://comptox.epa.gov/dashboard/chemical/details/DTXSID4040713,Octyl gallate,1034-01-1,C15H22O5,282.146724,336,701,48.0,Inactive,15.59632427080297,0.7798162135401485,18.123366352397383,1.2582388695263513
https://comptox.epa.gov/dashboard/chemical/details/DTXSID4041232,"1,3,5-Triisopropylbenzene",717-74-8,C15H24,204.187801,30,351,9.0,Inactive,0.05689184541733095,0.0028445922708665475,50,1.6989700043360187
https://comptox.epa.gov/dashboard/chemical/details/DTXSID4041521,4-Morpholinepropanamine,123-00-2,C7H16N2O,144.126263,1,349,0.0,Inactive,6.761814820630801e-11,3.3809074103154004E-12,50,1.6989700043360187
https://comptox.epa.gov/dashboard/chemical/details/DTXSID4041492,3-Phenylhexane,4468-42-2,C12H18,162.140851,12,352,3.0,Inactive,0.89490483951499,0.0447452419757495,50,1.6989700043360187
https://comptox.epa.gov/dashboard/chemical/details/DTXSID4041440,2-Methylbutyl isovalerate,2445-77-4,C10H20O2,172.146330,20,352,6.0,Inactive,2.7687426643126276,0.1384371332156314,50,1.6989700043360187
https://comptox.epa.gov/dashboard/chemical/details/DTXSID4041442,Sodium 2-naphthalenesulfonate,532-02-5,C10H7NaO3S,230.001360,6,359,2.0,Inactive,1.284129201884356,0.0642064600942178,50,1.6989700043360187
https://comptox.epa.gov/dashboard/chemical/details/DTXSID4041604,n-Amyl butyrate,540-18-1,C9H18O2,158.130680,6,350,2.0,Inactive,7.472744454698865e-10,3.736372227349432E-11,50,1.6989700043360187
https://comptox.epa.gov/dashboard/chemical/details/DTXSID4042094,Levomenol,23089-26-1,C15H26O,222.198365,22,349,6.0,Active,67.51845474122904,3.375922737061452,82.8659966226942,1.9183763579498851
https://comptox.epa.gov/dashboard/chemical/details/DTXSID4042121,Mepanipyrim,110235-47-7,C14H13N3,223.110947,113,615,18.0,Inactive,8.190506053070889,0.4095253026535445,0.0005000008648536737,-3.3010292444622746
https://comptox.epa.gov/dashboard/chemical/details/DTXSID4042096,L-Glucitol,6706-59-8,C6H14O6,182.079038,4,346,1.0,Inactive,7.710907560358777e-11,3.8554537801793884E-12,50,1.6989700043360187
https://comptox.epa.gov/dashboard/chemical/details/DTXSID4041818,2-sec-Butylcyclohexan-1-one,14765-30-1,C10H18O,154.135765,0,344,0.0,Inactive,0.6210356146177303,0.031051780730886512,50.00000000000001,1.6989700043360187
https://comptox.epa.gov/dashboard/chemical/details/DTXSID4041991,Formothion,2540-82-1,C6H12NO4PS2,256.994537,0,7,0.0,Inactive,1.1330645356408686e-10,5.665322678204343E-12,50,1.6989700043360187
https://comptox.epa.gov/dashboard/chemical/details/DTXSID4042171,4-Dodecylmorpholine,1541-81-7,C16H33NO,255.256215,31,368,8.0,Inactive,3.1860700544979212,0.15930350272489607,0.0008678401543884566,-3.0615602592242266
https://comptox.epa.gov/dashboard/chemical/details/DTXSID4042206,1-Dodecyl-2-pyrrolidinone,2687-96-9,C16H31NO,253.240565,190,604,31.0,Inactive,8.088279251791468e-10,4.044139625895734E-11,50,1.6989700043360187
https://comptox.epa.gov/dashboard/chemical/details/DTXSID4042418,Sodium tridecyl sulfate,3026-63-9,C13H27NaO4S,302.152775,66,368,18.0,Inactive,3.849430787705032e-11,1.924715393852516E-12,50,1.6989700043360187
https://comptox.epa.gov/dashboard/chemical/details/DTXSID4042335,Butyl (2S)-2-hydroxypropanoate,34451-19-9,C7H14O3,146.094294,0,344,0.0,Inactive,6.338550263039406e-11,3.169275131519703E-12,50,1.6989700043360187
https://comptox.epa.gov/dashboard/chemical/details/DTXSID4042416,Sodium myristyl sulfate,1191-50-0,C14H29NaO4S,316.168425,186,633,29.0,Inactive,12.686144816171145,0.6343072408085573,71.49125313130565,1.8542529096446803
https://comptox.epa.gov/dashboard/chemical/details/DTXSID4044581,2-tert-Butyl-4-ethylphenol,96-70-8,C12H18O,178.135765,142,616,23.0,Active,21.582370346738145,1.0791185173369073,24.033313265180052,1.380813647357941
https://comptox.epa.gov/dashboard/chemical/details/DTXSID4044537,Sodium triisopropyl naphthalene sulfonate,1323-19-9,, ,25,354,7.0,Inactive,0.9062316216417639,0.045311581082088194,50,1.6989700043360187
https://comptox.epa.gov/dashboard/chemical/details/DTXSID4044901,Triallyl trimellitate,2694-54-4,C18H18O6,330.110338,14,356,4.0,Inactive,0.22438306358133095,0.011219153179066547,50,1.6989700043360187
https://comptox.epa.gov/dashboard/chemical/details/DTXSID4044828,Ethyl undec-10-enoate,692-86-4,C13H24O2,212.177630,4,345,1.0,Inactive,3.4083196090405836e-9,1.7041598045202918E-10,50,1.6989700043360187
https://comptox.epa.gov/dashboard/chemical/details/DTXSID4047127,4-(tert-Pentyl)-cyclohexanone,16587-71-6,C11H20O,168.151415,9,350,3.0,Inactive,0.23418515300934903,0.011709257650467451,50,1.6989700043360187
https://comptox.epa.gov/dashboard/chemical/details/DTXSID4047252,Ingliforib,186392-65-4,C23H24ClN3O5,457.140449,79,602,13.0,Active,45.0821836726071,2.254109183630355,81.42455543172642,1.910755396047778
https://comptox.epa.gov/dashboard/chemical/details/DTXSID4047254,CP-457920,220860-50-4,C18H17N3O3,323.126991,57,616,9.0,Inactive,6.274447017464144e-12,3.137223508732072E-13,50,1.6989700043360187
https://comptox.epa.gov/dashboard/chemical/details/DTXSID4047258,Enadoline,124378-77-4,C24H32N2O3,396.241293,46,623,7.0,Inactive,0.9258718179119705,0.04629359089559852,50,1.6989700043360187
https://comptox.epa.gov/dashboard/chemical/details/DTXSID4047333,PharmaGSID_47333,NOCAS_47333,C22H30N4O2,382.236876,68,659,10.0,Inactive,14.133375946400012,0.7066687973200005,0.0422177426209069,-1.374504992096418
https://comptox.epa.gov/dashboard/chemical/details/DTXSID4047331,MK-547,331623-06-4,C31H31NNa2O7,575.189591,10,598,2.0,Inactive,10.155969271429594,0.5077984635714797,0.00876562496912003,-2.0572171142576794
https://comptox.epa.gov/dashboard/chemical/details/DTXSID4047337,PharmaGSID_47337,1061517-62-1,C34H31N4NaO4,582.224300,286,636,45.0,Inactive,2.9286875504302734,0.14643437752151367,8.5760001602465,0.9332847804636866
https://comptox.epa.gov/dashboard/chemical/details/DTXSID4047389,SAR 150640,433212-21-6,C25H35ClN2O7S,542.185350,257,685,38.0,Inactive,6.608172478669481,0.33040862393347403,0.0033887808791288002,-2.4699565120306706
https://comptox.epa.gov/dashboard/chemical/details/DTXSID4047385,SAR377142,NOCAS_47385,C28H37ClN6O6,588.246311,112,603,19.0,Inactive,3.1527052593885112e-9,1.5763526296942557E-10,44.9999999999995,1.6532125137753388
https://comptox.epa.gov/dashboard/chemical/details/DTXSID4047387,SAR102779,NOCAS_47387,C35H38Cl2FN3O7,701.207084,308,643,48.0,Inactive,4.358237779751078,0.2179118889875539,39.999999999999666,1.6020599913279587
https://comptox.epa.gov/dashboard/chemical/details/DTXSID4047381,AVE8923,NOCAS_47381,C21H27BrClFN2O2S,504.064918,331,650,51.0,Active,86.01977799458948,4.300988899729473,8.600987784480015,0.934548330861509
https://comptox.epa.gov/dashboard/chemical/details/DTXSID4047339,SR144190,181640-09-5,C33H39ClF2N4O3,612.267875,107,641,17.0,Inactive,4.322155152506286,0.2161077576253143,50.00000000000001,1.6989700043360187
https://comptox.epa.gov/dashboard/chemical/details/DTXSID4047335,MK-812,851916-42-2,C28H40F3N3O7,587.281835,13,582,2.0,Inactive,0.5713355016514582,0.02856677508257291,39.99999999999967,1.6020599913279587
https://comptox.epa.gov/dashboard/chemical/details/DTXSID4047383,AVE3247,1437319-46-4,C25H23ClN5NaO4S,547.105697,22,597,4.0,Inactive,6.524138547346668,0.3262069273673334,0.001189109980289324,-2.924777975806981
https://comptox.epa.gov/dashboard/chemical/details/DTXSID4047597,Poloxalene,9003-11-6,, ,1,348,0.0,Inactive,1.710654393517828,0.0855327196758914,50,1.6989700043360187
https://comptox.epa.gov/dashboard/chemical/details/DTXSID4047628,Dicyclohexyl disulfide,2550-40-5,C12H22S2,230.116293,61,585,10.0,Inactive,0.4164870842429596,0.02082435421214798,50,1.6989700043360187
https://comptox.epa.gov/dashboard/chemical/details/DTXSID4047882,Phenylparaben,17696-62-7,C13H10O3,214.062994,58,397,15.0,Inactive,4.665843926519915,0.23329219632599574,70.29506363466254,1.8469248284124442
https://comptox.epa.gov/dashboard/chemical/details/DTXSID4048513,PharmaGSID_48513,825643-57-0,C30H30F7N3O3,613.217539,321,609,53.0,Active,65.43350844840865,3.271675422420432,61.48780938063569,1.7887890207589283
https://comptox.epa.gov/dashboard/chemical/details/DTXSID4048191,"4,4'-Methylenebis(2,6-diethylaniline)",13680-35-8,C21H30N2,310.240899,118,353,33.0,Inactive,1.687536339521086e-10,8.43768169760543E-12,50,1.6989700043360187
https://comptox.epa.gov/dashboard/chemical/details/DTXSID4048193,"4,4'-Di-tert-butylbiphenyl",1625-91-8,C20H26,266.203451,6,349,2.0,Inactive,4.701958362944726e-10,2.3509791814723628E-11,50,1.6989700043360187
https://comptox.epa.gov/dashboard/chemical/details/DTXSID4048519,PharmaGSID_48519,686756-87-6,C22H20BrN5O4,497.069867,321,630,51.0,Inactive,5.662186643749347,0.28310933218746737,9.921261624928865,0.9965669021850037
https://comptox.epa.gov/dashboard/chemical/details/DTXSID4048195,4-(Hexyloxy)phenol,18979-55-0,C12H18O2,194.130680,115,356,32.0,Active,109.86741155190488,5.493370577595244,18.88434680057728,1.2761019674102476
https://comptox.epa.gov/dashboard/chemical/details/DTXSID4048199,4-Butyloxyaniline,4344-55-2,C10H15NO,165.115364,10,348,3.0,Inactive,1.0292536248342385,0.051462681241711924,50.00000000000001,1.6989700043360187
https://comptox.epa.gov/dashboard/chemical/details/DTXSID4048511,Ro 3280,1062243-51-9,C27H35F2N7O3,543.276944,398,696,57.0,Inactive,22.424201274742472,1.1212100637371236,44.9999999999995,1.6532125137753388
https://comptox.epa.gov/dashboard/chemical/details/DTXSID5020106,L-Ascorbic acid,50-81-7,C6H8O6,176.032088,3,393,1.0,Inactive,4.438015589050854,0.22190077945254272,11.883025803275535,1.0749270401693154
https://comptox.epa.gov/dashboard/chemical/details/DTXSID5020108,Aspirin,50-78-2,C9H8O4,180.042259,21,669,3.0,Inactive,0.8033713877096662,0.04016856938548331,0.0005000000330410181,-3.3010299669649186
https://comptox.epa.gov/dashboard/chemical/details/DTXSID5020152,Benzyl alcohol,100-51-6,C7H8O,108.057515,4,597,1.0,Inactive,1.0870637868325475e-8,5.435318934162737E-10,50,1.6989700043360187
https://comptox.epa.gov/dashboard/chemical/details/DTXSID5020154,Clorophene,120-32-1,C13H11ClO,218.049843,327,856,38.0,Inactive,17.39130890878705,0.8695654454393524,5.907815500445031,0.7714269239469873
https://comptox.epa.gov/dashboard/chemical/details/DTXSID5020233,Ergocalciferol,50-14-6,C28H44O,396.339216,104,387,27.0,Inactive,1.7627757418014551,0.08813878709007275,50,1.6989700043360187
https://comptox.epa.gov/dashboard/chemical/details/DTXSID5020027,Acrylamide,79-06-1,C3H5NO,71.037114,11,668,2.0,Inactive,14.719482675527415,0.7359741337763708,0.1351494847769886,-0.8691856055992722
https://comptox.epa.gov/dashboard/chemical/details/DTXSID5020029,Acrylonitrile,107-13-1,C3H3N,53.026549,3,357,1.0,Inactive,1.3905091969509207,0.06952545984754603,50,1.6989700043360187
https://comptox.epa.gov/dashboard/chemical/details/DTXSID5020449,Dichlorvos,62-73-7,C4H7Cl2O4P,219.945901,46,698,7.0,Inactive,1.3045619541153513,0.06522809770576757,25.000000000000075,1.3979400086720388
https://comptox.epa.gov/dashboard/chemical/details/DTXSID5020499,"N,N-Dimethylacetamide",127-19-5,C4H9NO,87.068414,6,365,2.0,Inactive,0.007525345057683388,3.762672528841694E-4,50,1.6989700043360187
https://comptox.epa.gov/dashboard/chemical/details/DTXSID5020443,"2,4-D Butyl ester",94-80-4,C12H14Cl2O3,276.032000,4,362,1.0,Inactive,3.9179506696907705e-9,1.9589753348453853E-10,50,1.6989700043360187
https://comptox.epa.gov/dashboard/chemical/details/DTXSID5020366,Cyproterone acetate,427-51-0,C24H29ClO4,416.175437,169,686,25.0,Active,45.11900356870899,2.2559501784354494,0.004221697928107662,-2.3745128446544332
https://comptox.epa.gov/dashboard/chemical/details/DTXSID5020528,"2,6-Dinitrotoluene",606-20-2,C7H6N2O4,182.032757,13,599,2.0,Inactive,1.513069329463236e-9,7.56534664731618E-11,50,1.6989700043360187
https://comptox.epa.gov/dashboard/chemical/details/DTXSID5020493,Dimethyl phosphonate,868-85-9,C2H7O3P,110.013281,7,354,2.0,Inactive,4.16047583286293,0.2080237916431465,50,1.6989700043360187
https://comptox.epa.gov/dashboard/chemical/details/DTXSID5020281,1-Chloro-4-nitrobenzene,100-00-5,C6H4ClNO2,156.993056,1,582,0.0,Inactive,1.2219250320205721,0.061096251601028606,50,1.6989700043360187
https://comptox.epa.gov/dashboard/chemical/details/DTXSID5020283,"4-Chloro-1,2-diaminobenzene",95-83-0,C6H7ClN2,142.029776,205,624,33.0,Inactive,2.4018264180767783,0.12009132090383892,50,1.6989700043360187
https://comptox.epa.gov/dashboard/chemical/details/DTXSID5020601,"4,5-Dihydro-2-mercaptoimidazole",96-45-7,C3H6N2S,102.025169,20,800,3.0,Inactive,1.7416676696647286,0.08708338348323644,50,1.6989700043360187
https://comptox.epa.gov/dashboard/chemical/details/DTXSID5020607,Di(2-ethylhexyl) phthalate,117-81-7,C24H38O4,390.277010,77,775,10.0,Inactive,0.04900548897768527,0.0024502744488842636,50,1.6989700043360187
https://comptox.epa.gov/dashboard/chemical/details/DTXSID5020570,Sodium erythorbate,6381-77-7,C6H7NaO6,198.014032,8,586,1.0,Inactive,3.9279780536678066,0.19639890268339033,9.921267416183115,0.9965671556919794
https://comptox.epa.gov/dashboard/chemical/details/DTXSID5020603,Nabam-sodium,142-59-6,C4H6N2Na2S4,255.920921,6,325,2.0,Active,25.551789990266613,1.2775894995133306,11.17877354991675,1.0483941586737453
https://comptox.epa.gov/dashboard/chemical/details/DTXSID5020576,17alpha-Ethinylestradiol,57-63-6,C20H24O2,296.177630,218,721,30.0,Inactive,1.2914217968183406,0.06457108984091703,0.05,-1.3010299956639813
https://comptox.epa.gov/dashboard/chemical/details/DTXSID5020653,Gentian Violet,548-62-9,C25H30ClN3,407.212826,475,711,67.0,Inactive,4.977530238014072,0.24887651190070362,11.589884560997604,1.0640791102714982
https://comptox.epa.gov/dashboard/chemical/details/DTXSID5020605,2-Ethyl-1-hexanol,104-76-7,C8H18O,130.135765,5,584,1.0,Inactive,2.2975419675537184e-11,1.1487709837768592E-12,50,1.6989700043360187
https://comptox.epa.gov/dashboard/chemical/details/DTXSID5020811,Mercuric chloride,7487-94-7,Cl2Hg,271.908348,397,709,56.0,Inactive,19.090383861023344,0.9545191930511672,50,1.6989700043360187
https://comptox.epa.gov/dashboard/chemical/details/DTXSID5020730,8-Hydroxyquinoline,148-24-3,C9H7NO,145.052764,163,598,27.0,Inactive,8.328508813191834e-9,4.164254406595917E-10,50,1.6989700043360187
https://comptox.epa.gov/dashboard/chemical/details/DTXSID5020784,Lovastatin,75330-75-5,C24H36O5,404.256274,190,659,29.0,Inactive,6.03050728017218e-11,3.01525364008609E-12,50,1.6989700043360187
https://comptox.epa.gov/dashboard/chemical/details/DTXSID5020819,Methidathion,950-37-8,C6H11N2O4PS3,301.961857,75,678,11.0,Inactive,6.3463762431863385e-12,3.1731881215931693E-13,50,1.6989700043360187
https://comptox.epa.gov/dashboard/chemical/details/DTXSID5020863,Methyldopa sesquihydrate,41372-08-1,C20H32N2O11,476.200610,22,589,4.0,Inactive,2.6193022866194617,0.13096511433097308,49.99999999999999,1.6989700043360187
https://comptox.epa.gov/dashboard/chemical/details/DTXSID5020867,"4,4'-Methylenebis(o-toluidine)",838-88-0,C15H18N2,226.146999,72,632,11.0,Inactive,3.266239198318942e-12,1.633119599159471E-13,50,1.6989700043360187
https://comptox.epa.gov/dashboard/chemical/details/DTXSID5021124,Phenol,108-95-2,C6H6O,94.041865,3,626,0.0,Inactive,2.1299664396510645,0.10649832198255323,49.99999999999999,1.6989700043360187
https://comptox.epa.gov/dashboard/chemical/details/DTXSID5020869,"4,4'-Methylenebis(N,N-dimethylaniline)",101-61-1,C17H22N2,254.178299,99,601,16.0,Inactive,1.0317508334197103e-10,5.1587541670985515E-12,50,1.6989700043360187
https://comptox.epa.gov/dashboard/chemical/details/DTXSID5021097,Oxytetracycline hydrochloride,2058-46-0,C22H25ClN2O9,496.124858,42,649,6.0,Inactive,5.635804576392061e-9,2.8179022881960304E-10,50,1.6989700043360187
https://comptox.epa.gov/dashboard/chemical/details/DTXSID5021126,Phenothiazine,92-84-2,C12H9NS,199.045570,106,659,16.0,Inactive,13.420723783886695,0.6710361891943347,0.05579218412461881,-1.253426636712901
https://comptox.epa.gov/dashboard/chemical/details/DTXSID5020944,Nitrofurazone,59-87-0,C6H6N4O4,198.038905,83,592,14.0,Inactive,4.686936717000579e-7,2.3434683585002894E-8,50,1.6989700043360187
https://comptox.epa.gov/dashboard/chemical/details/DTXSID5021201,Gallic acid n-propyl ester,121-79-9,C10H12O5,212.068473,106,606,17.0,Inactive,3.0167568613217115e-11,1.5083784306608557E-12,50,1.6989700043360187
https://comptox.epa.gov/dashboard/chemical/details/DTXSID5021209,6-Propyl-2-thiouracil,51-52-5,C7H10N2OS,170.051384,25,702,4.0,Inactive,2.1848639194455304,0.10924319597227652,49.99999999999999,1.6989700043360187
https://comptox.epa.gov/dashboard/chemical/details/DTXSID5021251,Saccharin,81-07-2,C7H5NO3S,182.999014,10,489,2.0,Inactive,3.913544786500604,0.1956772393250302,50,1.6989700043360187
https://comptox.epa.gov/dashboard/chemical/details/DTXSID5021332,Bis(dimethylaminothiocarbonyl) disulfide,137-26-8,C6H12N2S4,239.988333,245,707,35.0,Inactive,4.661637180509804,0.23308185902549022,50,1.6989700043360187
https://comptox.epa.gov/dashboard/chemical/details/DTXSID5021336,Theophylline,58-55-9,C7H8N4O2,180.064726,11,612,2.0,Inactive,1.5703361445800634e-8,7.851680722900317E-10,50,1.6989700043360187
https://comptox.epa.gov/dashboard/chemical/details/DTXSID5021386,"2,4,6-Trichlorophenol",88-06-2,C6H3Cl3O,195.924948,31,600,5.0,Inactive,8.729653843438878e-10,4.364826921719439E-11,50,1.6989700043360187
https://comptox.epa.gov/dashboard/chemical/details/DTXSID5021388,"2,4,5-Trichlorophenoxyacetic acid",93-76-5,C8H5Cl3O3,253.930427,15,458,3.0,Inactive,0.1388929824982079,0.006944649124910394,50,1.6989700043360187
https://comptox.epa.gov/dashboard/chemical/details/DTXSID5021411,Tris(2-chloroethyl) phosphate,115-96-8,C6H12Cl3O4P,283.953879,10,660,2.0,Inactive,0.0400192378864544,0.00200096189432272,50,1.6989700043360187
https://comptox.epa.gov/dashboard/chemical/details/DTXSID5021590,Dodecanoic acid,143-07-7,C12H24O2,200.177630,25,352,7.0,Inactive,0.5313513021483827,0.026567565107419134,50,1.6989700043360187
https://comptox.epa.gov/dashboard/chemical/details/DTXSID5021413,"Tris(2,3-dibromopropyl) phosphate",126-72-7,C9H15Br6O4P,691.580824,132,476,28.0,Inactive,1.22550270734986,0.061275135367493,0.013429749753906747,-1.8719320797743204
https://comptox.epa.gov/dashboard/chemical/details/DTXSID5021415,Triisopropanolamine,122-20-3,C9H21NO3,191.152144,1,344,0.0,Inactive,0.7038250872632887,0.035191254363164434,50,1.6989700043360187
https://comptox.epa.gov/dashboard/chemical/details/DTXSID5021419,L-Tryptophan,73-22-3,C11H12N2O2,204.089878,9,573,2.0,Inactive,5.494137487672552e-10,2.7470687438362762E-11,50,1.6989700043360187
https://comptox.epa.gov/dashboard/chemical/details/DTXSID5021544,2-Chlorophenol,95-57-8,C6H5ClO,128.002893,2,579,0.0,Inactive,1.4682647963199017e-11,7.341323981599509E-13,50,1.6989700043360187
https://comptox.epa.gov/dashboard/chemical/details/DTXSID5021754,"5,5-Dimethylhydantoin",77-71-4,C5H8N2O2,128.058578,2,588,0.0,Inactive,1.6333903127751138e-10,8.16695156387557E-12,50,1.6989700043360187
https://comptox.epa.gov/dashboard/chemical/details/DTXSID5021758,Tris(2-butoxyethyl) phosphate,78-51-3,C18H39O7P,398.243341,42,495,8.0,Inactive,1.0312502034021276,0.05156251017010638,50,1.6989700043360187
https://comptox.epa.gov/dashboard/chemical/details/DTXSID5021831,3-Nitrotoluene,99-08-1,C7H7NO2,137.047678,3,584,1.0,Inactive,1.2322334881058914,0.06161167440529457,50,1.6989700043360187
https://comptox.epa.gov/dashboard/chemical/details/DTXSID5021837,"N,N-Diethylethanolamine",100-37-8,C6H15NO,117.115364,0,598,0.0,Inactive,4.417904594886144,0.2208952297443072,0.4289763000507614,-0.367566700918996
https://comptox.epa.gov/dashboard/chemical/details/DTXSID5021885,"2-Methyl-2,4-pentanediol",107-41-5,C6H14O2,118.099380,9,599,2.0,Inactive,6.824767329323247e-11,3.4123836646616234E-12,50,1.6989700043360187
https://comptox.epa.gov/dashboard/chemical/details/DTXSID5021839,Benzylamine,100-46-9,C7H9N,107.073499,3,325,1.0,Inactive,6.870858916082795e-11,3.4354294580413973E-12,50,1.6989700043360187
https://comptox.epa.gov/dashboard/chemical/details/DTXSID5021916,2-Heptanone,110-43-0,C7H14O,114.104465,24,345,7.0,Inactive,2.1622295514987927e-9,1.0811147757493963E-10,50,1.6989700043360187
https://comptox.epa.gov/dashboard/chemical/details/DTXSID5022308,Genistein,446-72-0,C15H10O5,270.052823,180,660,27.0,Inactive,9.60170200936705e-11,4.800851004683525E-12,50,1.6989700043360187
https://comptox.epa.gov/dashboard/chemical/details/DTXSID5021968,3-Ethoxy-4-hydroxybenzaldehyde,121-32-4,C9H10O3,166.062994,1,348,0.0,Inactive,5.240834633363772e-11,2.6204173166818862E-12,50,1.6989700043360187
https://comptox.epa.gov/dashboard/chemical/details/DTXSID5021914,5-Methyl-2-hexanone,110-12-3,C7H14O,114.104465,18,356,5.0,Inactive,1.9530174896081597e-11,9.765087448040799E-13,50,1.6989700043360187
https://comptox.epa.gov/dashboard/chemical/details/DTXSID5022437,Nordihydroguaiaretic acid,500-38-9,C18H22O4,302.151809,144,382,38.0,Inactive,3.78271363945882,0.189135681972941,25.579984443323234,1.407900276022974
https://comptox.epa.gov/dashboard/chemical/details/DTXSID5022439,Phenolphthalin,81-90-3,C20H16O4,320.104859,32,630,5.0,Inactive,1.365974956607455e-9,6.829874783037275E-11,50,1.6989700043360187
https://comptox.epa.gov/dashboard/chemical/details/DTXSID5022489,E-Cinnamic acid,140-10-3,C9H8O2,148.052429,9,379,2.0,Inactive,8.502580211467069e-11,4.251290105733534E-12,50,1.6989700043360187
https://comptox.epa.gov/dashboard/chemical/details/DTXSID5022510,4-Chloro-2-methylphenol,1570-64-5,C7H7ClO,142.018542,12,360,3.0,Inactive,0.2792818330413718,0.013964091652068588,50.00000000000001,1.6989700043360187
https://comptox.epa.gov/dashboard/chemical/details/DTXSID5022934,Digoxin,20830-75-5,C41H64O14,780.429607,107,359,30.0,Inactive,8.300878287398831e-10,4.1504391436994154E-11,35.000000000000256,1.5440680443502788
https://comptox.epa.gov/dashboard/chemical/details/DTXSID5023322,Mifepristone,84371-65-3,C29H35NO2,429.266779,336,709,47.0,Inactive,16.274779236490126,0.8137389618245063,0.0008129863438457229,-3.0899167494148587
https://comptox.epa.gov/dashboard/chemical/details/DTXSID5023588,D-Glucitol,50-70-4,C6H14O6,182.079038,4,401,1.0,Inactive,1.5233498624113118,0.07616749312056559,0.0027071864602365558,-2.567481830722651
https://comptox.epa.gov/dashboard/chemical/details/DTXSID5023742,Warfarin,81-81-2,C19H16O4,308.104859,30,643,5.0,Inactive,4.389690444808027e-9,2.1948452224040134E-10,50,1.6989700043360187
https://comptox.epa.gov/dashboard/chemical/details/DTXSID5023792,4-Nitrotoluene,99-99-0,C7H7NO2,137.047678,14,582,2.0,Inactive,2.4602932861264986,0.12301466430632493,50,1.6989700043360187
https://comptox.epa.gov/dashboard/chemical/details/DTXSID5023796,Pentamidine isethionate,140-64-7,C23H36N4O10S2,592.187286,243,652,37.0,Inactive,0.6406718391026387,0.03203359195513193,44.9999999999995,1.6532125137753388
https://comptox.epa.gov/dashboard/chemical/details/DTXSID5023825,Indium arsenide,1303-11-3,AsIn,189.825474,6,580,1.0,Inactive,2.154467955934752e-11,1.077233977967376E-12,50,1.6989700043360187
https://comptox.epa.gov/dashboard/chemical/details/DTXSID5023875,Ammonium sulfamate,7773-06-0,H6N2O3S,114.009913,3,349,1.0,Inactive,1.7206404198393885,0.08603202099196942,50,1.6989700043360187
https://comptox.epa.gov/dashboard/chemical/details/DTXSID5023877,2-Anisidine,90-04-0,C7H9NO,123.068414,13,583,2.0,Inactive,1.606148309989266e-9,8.03074154994633E-11,50,1.6989700043360187
https://comptox.epa.gov/dashboard/chemical/details/DTXSID5023902,Benz(a)anthracene,56-55-3,C18H12,228.093900,157,653,24.0,Inactive,3.393032652865513e-8,1.6965163264327566E-9,50,1.6989700043360187
https://comptox.epa.gov/dashboard/chemical/details/DTXSID5023900,Benomyl,17804-35-2,C14H18N4O3,290.137890,90,724,12.0,Inactive,8.24360810829465,0.4121804054147325,0.024942737380958577,-1.6030558858932507
https://comptox.epa.gov/dashboard/chemical/details/DTXSID5023950,Carbosulfan,55285-14-8,C20H32N2O3S,380.213364,150,601,25.0,Inactive,9.415764472202568e-9,4.707882236101284E-10,50,1.6989700043360187
https://comptox.epa.gov/dashboard/chemical/details/DTXSID5023871,Amitraz,33089-61-1,C19H23N3,293.189198,162,676,24.0,Inactive,1.8123784485232004e-9,9.061892242616002E-11,50,1.6989700043360187
https://comptox.epa.gov/dashboard/chemical/details/DTXSID5024055,Dimethyl sulfate,77-78-1,C2H6O4S,125.998680,7,607,1.0,Inactive,7.8691837007170555,0.39345918503585275,0.0057991070511479665,-2.2366388741292247
https://comptox.epa.gov/dashboard/chemical/details/DTXSID5024182,2-Methoxyethanol,109-86-4,C3H8O2,76.052429,3,695,0.0,Inactive,5.767489593236622,0.2883744796618311,0.0015183428684469123,-2.818630146055513
https://comptox.epa.gov/dashboard/chemical/details/DTXSID5024057,Dimethylamine,124-40-3,C2H7N,45.057849,0,353,0.0,Inactive,4.0319690259622304e-11,2.0159845129811152E-12,50,1.6989700043360187
https://comptox.epa.gov/dashboard/chemical/details/DTXSID5024059,"3,3'-Dimethylbenzidine",119-93-7,C14H16N2,212.131349,85,631,13.0,Inactive,1.8961039271650553,0.09480519635825277,50,1.6989700043360187
https://comptox.epa.gov/dashboard/chemical/details/DTXSID5024051,Bis(1-methylethyl) methylphosphonate,1445-75-6,C7H17O3P,180.091531,14,598,2.0,Inactive,2.5604675699441216e-10,1.2802337849720608E-11,50,1.6989700043360187
https://comptox.epa.gov/dashboard/chemical/details/DTXSID5024134,delta-Hexachlorocyclohexane,319-86-8,C6H6Cl6,287.860066,74,313,24.0,Inactive,17.245093532893556,0.8622546766446778,0.00805709064996496,-2.0938217501007577
https://comptox.epa.gov/dashboard/chemical/details/DTXSID5024211,Napropamide,15299-99-7,C17H21NO2,271.157229,152,758,20.0,Inactive,2.0477701943992566,0.10238850971996283,50,1.6989700043360187
https://comptox.epa.gov/dashboard/chemical/details/DTXSID5024263,Phosphoric acid,7664-38-2,H3O4P,97.976896,3,353,1.0,Inactive,6.289477357273899e-10,3.1447386786369494E-11,50,1.6989700043360187
https://comptox.epa.gov/dashboard/chemical/details/DTXSID5024261,Phosmet,732-11-6,C11H12NO4PS2,316.994537,59,660,9.0,Inactive,1.4632592290893975,0.07316296145446988,0.0743992050635667,-1.1284317047545356
https://comptox.epa.gov/dashboard/chemical/details/DTXSID5024344,Tri-allate,2303-17-5,C10H16Cl3NOS,303.001818,156,750,21.0,Inactive,10.78776161063943,0.5393880805319715,1.9126792291621117,0.28164214164998974
https://comptox.epa.gov/dashboard/chemical/details/DTXSID5024681,tert-Butylamine,75-64-9,C4H11N,73.089149,2,350,1.0,Inactive,9.952636435083585e-11,4.976318217541792E-12,50,1.6989700043360187
https://comptox.epa.gov/dashboard/chemical/details/DTXSID5024394,Acetic acid,64-19-7,C2H4O2,60.021129,16,574,3.0,Inactive,6.477845483396924e-9,3.238922741698462E-10,50,1.6989700043360187
https://comptox.epa.gov/dashboard/chemical/details/DTXSID5024891,Cytarabine hydrochloride,69-74-9,C9H14ClN3O5,279.062198,90,651,14.0,Inactive,3.907941859485951e-11,1.9539709297429754E-12,50,1.6989700043360187
https://comptox.epa.gov/dashboard/chemical/details/DTXSID5024922,"1,6-Hexanediamine",124-09-4,C6H16N2,116.131349,3,352,1.0,Inactive,3.887924236820765e-11,1.9439621184103825E-12,50,1.6989700043360187
https://comptox.epa.gov/dashboard/chemical/details/DTXSID5024845,Colchicine,64-86-8,C22H25NO6,399.168188,216,678,32.0,Inactive,16.077594818164542,0.8038797409082271,50,1.6989700043360187
https://comptox.epa.gov/dashboard/chemical/details/DTXSID5025021,Dicyclohexyl phthalate,84-61-7,C20H26O4,330.183109,165,487,34.0,Inactive,0.13399340398765355,0.0066996701993826775,50,1.6989700043360187
https://comptox.epa.gov/dashboard/chemical/details/DTXSID5025023,Dicyclopentadiene,77-73-6,C10H12,132.093900,5,465,1.0,Inactive,8.881924924307254e-11,4.440962462153627E-12,50,1.6989700043360187
https://comptox.epa.gov/dashboard/chemical/details/DTXSID5025152,Dimethyl succinate,106-65-0,C6H10O4,146.057909,5,579,1.0,Inactive,0.6666563564129517,0.033332817820647585,50,1.6989700043360187
https://comptox.epa.gov/dashboard/chemical/details/DTXSID5025102,3-(Dimethylamino)propylamine,109-55-7,C5H14N2,102.115698,0,350,0.0,Inactive,4.537451763928322,0.22687258819641612,93.15409351345075,1.969201944055037
https://comptox.epa.gov/dashboard/chemical/details/DTXSID5025607,"1,2-Dimethoxy-4-(2-propen-1-yl)benzene",93-15-2,C11H14O2,178.099380,16,594,3.0,Inactive,2.8313304330908874e-9,1.4156652165454436E-10,50.00000000000001,1.6989700043360187
https://comptox.epa.gov/dashboard/chemical/details/DTXSID5025659,Methyl salicylate,119-36-8,C8H8O3,152.047344,7,574,1.0,Inactive,5.442325427492238,0.2721162713746119,49.99999999999999,1.6989700043360187
https://comptox.epa.gov/dashboard/chemical/details/DTXSID5026251,Triphenylphosphine,603-35-0,C18H15P,262.091137,33,350,9.0,Inactive,0.18469922494099064,0.009234961247049532,50,1.6989700043360187
https://comptox.epa.gov/dashboard/chemical/details/DTXSID5026259,Tris(2-chloroisopropyl)phosphate,13674-84-5,C9H18Cl3O4P,326.000829,20,513,4.0,Inactive,1.4172806826147237,0.07086403413073619,0.002923738420085008,-2.5340614852693717
https://comptox.epa.gov/dashboard/chemical/details/DTXSID5026178,Potassium dichloroisocyanurate,2244-21-5,C3Cl2KN3O3,234.895378,0,345,0.0,Inactive,1.6126082721040158,0.08063041360520079,50,1.6989700043360187
https://comptox.epa.gov/dashboard/chemical/details/DTXSID5026461,2-Methylpropanenitrile,78-82-0,C4H7N,69.057849,4,344,1.0,Inactive,0.8657039845804139,0.043285199229020695,50,1.6989700043360187
https://comptox.epa.gov/dashboard/chemical/details/DTXSID5026548,"2,4,6-Tris(dimethylaminomethyl)phenol",90-72-2,C15H27N3O,265.215413,1,347,0.0,Inactive,1.608505953079594,0.0804252976539797,6.188972104030734,0.7916185251725647
https://comptox.epa.gov/dashboard/chemical/details/DTXSID5026623,4-tert-Butylcyclohexanol,98-52-2,C10H20O,156.151415,3,351,1.0,Inactive,6.337893949736667e-10,3.168946974868334E-11,50,1.6989700043360187
https://comptox.epa.gov/dashboard/chemical/details/DTXSID5026912,2-[2-(2-Methoxyethoxy)ethoxy]ethanol,112-35-6,C7H16O4,164.104859,1,353,0.0,Inactive,1.2555952590024256e-10,6.277976295012128E-12,50,1.6989700043360187
https://comptox.epa.gov/dashboard/chemical/details/DTXSID5026889,Methyl dodecanoate,111-82-0,C13H26O2,214.193280,9,578,2.0,Inactive,0.18094423153857334,0.009047211576928667,50,1.6989700043360187
https://comptox.epa.gov/dashboard/chemical/details/DTXSID5026706,"1,2-Diphenoxyethane",104-66-5,C14H14O2,214.099380,23,483,5.0,Inactive,2.921014114578259e-11,1.4605070572891294E-12,50,1.6989700043360187
https://comptox.epa.gov/dashboard/chemical/details/DTXSID5026918,1-Dodecanol,112-53-8,C12H26O,186.198365,83,594,14.0,Inactive,30.992507149509088,1.5496253574754544,9.862019756799214,0.9939658682275955
https://comptox.epa.gov/dashboard/chemical/details/DTXSID5027142,"1,2-Dichloro-4-(trifluoromethyl)benzene",328-84-7,C7H3Cl2F3,213.956390,1,350,0.0,Inactive,4.345104860640872e-9,2.172552430320436E-10,50,1.6989700043360187
https://comptox.epa.gov/dashboard/chemical/details/DTXSID5027061,2-Naphthalenol,135-19-3,C10H8O,144.057515,98,616,16.0,Inactive,0.7359274887529816,0.03679637443764908,50,1.6989700043360187
https://comptox.epa.gov/dashboard/chemical/details/DTXSID5027198,N-Methylphthalimide,550-44-7,C9H7NO2,161.047678,1,356,0.0,Inactive,7.889873931205876e-12,3.944936965602938E-13,50,1.6989700043360187
https://comptox.epa.gov/dashboard/chemical/details/DTXSID5027356,Tris(2-methoxyethoxy)vinylsilane,1067-53-4,C11H24O6Si,280.134215,7,348,2.0,Inactive,8.558210211956199e-11,4.2791051059781E-12,50,1.6989700043360187
https://comptox.epa.gov/dashboard/chemical/details/DTXSID5027304,Dimethyltin dichloride,753-73-1,C2H6Cl2Sn,219.886858,50,346,14.0,Inactive,1.549865973521778e-10,7.74932986760889E-12,50,1.6989700043360187
https://comptox.epa.gov/dashboard/chemical/details/DTXSID5027433,"N-[3-(Trimethoxysilyl)propyl]ethane-1,2-diamine",1760-24-3,C8H22N2O3Si,222.139969,7,344,2.0,Inactive,0.8973272941858904,0.04486636470929452,50,1.6989700043360187
https://comptox.epa.gov/dashboard/chemical/details/DTXSID5027774,Ethylenediaminetetraacetic acid ferric sodium salt,15708-41-5,C10H12FeN2NaO8,366.984071,5,352,1.0,Inactive,0.10157409205842846,0.005078704602921423,50,1.6989700043360187
https://comptox.epa.gov/dashboard/chemical/details/DTXSID5027932,Dodecylbenzene sulfonate triethanolamine(1:1),27323-41-7,C24H45NO6S,475.296759,175,674,26.0,Active,40.58272977718457,2.0291364888592285,66.15577866587678,1.8205677855317133
https://comptox.epa.gov/dashboard/chemical/details/DTXSID5027770,2-Acrylamido-2-methyl-1-propanesulfonic acid,15214-89-8,C7H13NO4S,207.056529,22,353,6.0,Inactive,1.4002660026335021e-12,7.00133001316751E-14,50,1.6989700043360187
https://comptox.epa.gov/dashboard/chemical/details/DTXSID5029055,"4-Nonylphenol, branched",84852-15-3,, ,332,783,42.0,Inactive,13.916755234479455,0.6958377617239727,50,1.6989700043360187
https://comptox.epa.gov/dashboard/chemical/details/DTXSID5028033,Triisononyl trimellitate,53894-23-8,, ,5,576,1.0,Inactive,1.8931010983531966,0.09465505491765983,50,1.6989700043360187
https://comptox.epa.gov/dashboard/chemical/details/DTXSID5027982,Diisononyl adipate,33703-08-1,, ,8,603,1.0,Inactive,3.2206150586689926e-11,1.6103075293344963E-12,50,1.6989700043360187
https://comptox.epa.gov/dashboard/chemical/details/DTXSID5029217,1-Propoxy-2-propanol,1569-01-3,C6H14O2,118.099380,4,350,1.0,Inactive,7.976562863462383e-10,3.9882814317311916E-11,50,1.6989700043360187
https://comptox.epa.gov/dashboard/chemical/details/DTXSID5028665,DINP branched,68515-48-0,, ,3,373,1.0,Inactive,13.05467290032133,0.6527336450160666,0.027809782096326098,-1.555802414038894
https://comptox.epa.gov/dashboard/chemical/details/DTXSID5030030,Perfluorobutanesulfonic acid,375-73-5,C4HF9O3S,299.950269,5,259,2.0,Inactive,0.6652074004377588,0.03326037002188794,50,1.6989700043360187
https://comptox.epa.gov/dashboard/chemical/details/DTXSID5032365,"2,6-Dichlorobenzonitrile",1194-65-6,C7H3Cl2N,170.964255,14,672,2.0,Inactive,3.7231850711370558,0.18615925355685278,50,1.6989700043360187
https://comptox.epa.gov/dashboard/chemical/details/DTXSID5032498,Triclosan,3380-34-5,C12H7Cl3O2,287.951163,370,870,43.0,Active,72.01931402118613,3.6009657010593066,15.960432763605167,1.203044662973207
https://comptox.epa.gov/dashboard/chemical/details/DTXSID5032523,"1,2-Benzisothiazolin-3-one",2634-33-5,C7H5NOS,151.009185,260,625,42.0,Inactive,1.6693052162941793,0.08346526081470897,50,1.6989700043360187
https://comptox.epa.gov/dashboard/chemical/details/DTXSID5032361,"2,2-Dibromo-3-nitrilopropionamide",10222-01-2,C3H2Br2N2O,239.853389,22,599,4.0,Inactive,5.891585938695528e-10,2.945792969347764E-11,49.99999999999999,1.6989700043360187
https://comptox.epa.gov/dashboard/chemical/details/DTXSID5031131,Dipentyl phthalate,131-18-0,C18H26O4,306.183109,84,705,12.0,Inactive,0.3333949815775449,0.016669749078877243,49.99999999999999,1.6989700043360187
https://comptox.epa.gov/dashboard/chemical/details/DTXSID5032315,"4,5-Dichloro-2-octyl-3(2H)-isothiazolone",64359-81-5,C11H17Cl2NOS,281.040791,153,366,42.0,Inactive,7.338085141136121,0.36690425705680607,9.012940319151822,0.9548664953149135
https://comptox.epa.gov/dashboard/chemical/details/DTXSID5032442,Imidacloprid,138261-41-3,C9H10ClN5O2,255.052302,57,743,8.0,Inactive,7.183047766720945,0.35915238833604723,50,1.6989700043360187
https://comptox.epa.gov/dashboard/chemical/details/DTXSID5032525,Bifenazate,149877-41-8,C17H20N2O3,300.147393,100,673,15.0,Inactive,1.0238666154061775,0.051193330770308874,50.00000000000001,1.6989700043360187
https://comptox.epa.gov/dashboard/chemical/details/DTXSID5032577,Tefluthrin,79538-32-2,C17H14ClF7O2,418.057054,88,692,13.0,Inactive,5.0921637747066657e-11,2.546081887353333E-12,50,1.6989700043360187
https://comptox.epa.gov/dashboard/chemical/details/DTXSID5032579,Triclopyr 2-butoxyethyl ester,64700-56-7,C13H16Cl3NO4,355.014491,3,347,1.0,Inactive,0.5013140132850721,0.025065700664253603,50,1.6989700043360187
https://comptox.epa.gov/dashboard/chemical/details/DTXSID5032600,Cyclanilide,113136-77-9,C11H9Cl2NO3,272.995949,140,688,20.0,Inactive,6.986284762032355,0.34931423810161777,50,1.6989700043360187
https://comptox.epa.gov/dashboard/chemical/details/DTXSID5032654,"N,N'-Bis(1-formamido-2,2,2-trichloroethyl)piperazine",26644-46-2,C10H14Cl6N4O2,431.924792,16,366,4.0,Inactive,1.9439786534989145,0.09719893267494573,0.05616038168800054,-1.2505699492324331
https://comptox.epa.gov/dashboard/chemical/details/DTXSID5032573,Pyridaben,96489-71-3,C19H25ClN2OS,364.137612,249,760,33.0,Inactive,0.9354951524529361,0.04677475762264681,50,1.6989700043360187
https://comptox.epa.gov/dashboard/chemical/details/DTXSID5033836,4-Nonylphenol,104-40-5,C15H24O,220.182715,202,636,32.0,Inactive,32.9279373890727,1.646396869453635,50,1.6989700043360187
https://comptox.epa.gov/dashboard/chemical/details/DTXSID5034357,Lufenuron,103055-07-8,C17H8Cl2F8N2O3,509.978423,32,347,9.0,Inactive,2.9762337572520195e-11,1.4881168786260098E-12,50,1.6989700043360187
https://comptox.epa.gov/dashboard/chemical/details/DTXSID5034270,Imazapic,104098-48-8,C14H17N3O3,275.126991,6,635,1.0,Inactive,0.9462208769692098,0.047311043848460486,50,1.6989700043360187
https://comptox.epa.gov/dashboard/chemical/details/DTXSID5034303,Fluroxypyr-meptyl,81406-37-3,C15H21Cl2FN2O3,366.091326,129,660,20.0,Active,120.88410867834574,6.044205433917287,84.03981594930035,1.9244850926119401
https://comptox.epa.gov/dashboard/chemical/details/DTXSID5034723,Isoxaflutole,141112-29-0,C15H12F3NO4S,359.043914,19,649,3.0,Inactive,1.062362535775315e-9,5.311812678876575E-11,50,1.6989700043360187
https://comptox.epa.gov/dashboard/chemical/details/DTXSID5034773,Novaluron,116714-46-6,C17H9ClF8N2O4,492.012310,22,651,3.0,Inactive,4.236702216815372,0.21183511084076861,50.00000000000001,1.6989700043360187
https://comptox.epa.gov/dashboard/chemical/details/DTXSID5035589,Didecylmethyl(3-(trimethoxysilyl)propyl)ammonium chloride,68959-20-6,C27H60ClNO3Si,509.403099,145,366,40.0,Active,33.38417363483633,1.6692086817418166,84.94328000688961,1.929129026861745
https://comptox.epa.gov/dashboard/chemical/details/DTXSID5037494,Desethyl atrazine,6190-65-4,C6H10ClN5,187.062473,3,362,1.0,Inactive,7.821579397970182e-10,3.910789698985091E-11,50,1.6989700043360187
https://comptox.epa.gov/dashboard/chemical/details/DTXSID5035616,Sodium 2-nitrophenolate,824-39-5,C6H4NNaO3,161.008887,2,352,1.0,Inactive,2.260338458358864,0.11301692291794321,50.00000000000001,1.6989700043360187
https://comptox.epa.gov/dashboard/chemical/details/DTXSID5035957,Cyfluthrin,68359-37-5,C22H18Cl2FNO3,433.064777,122,794,15.0,Inactive,1.441845825797799,0.07209229128988995,1.8203334699027791,0.2601509543985697
https://comptox.epa.gov/dashboard/chemical/details/DTXSID5037028,Hexadecyltrimethylammonium bromide,57-09-0,C19H42BrN,363.250063,193,368,52.0,Inactive,16.222430308917964,0.8111215154458982,7.454225507911603,0.8724025270494561
https://comptox.epa.gov/dashboard/chemical/details/DTXSID5034981,Tributyltin benzoate,4342-36-3,C19H32O2Sn,412.142432,207,363,57.0,Inactive,17.71188769027868,0.885594384513934,0.0005000000081905832,-3.301029988549731
https://comptox.epa.gov/dashboard/chemical/details/DTXSID5037523,Diazoxon,962-58-3,C12H21N2O4P,288.123894,25,694,4.0,Inactive,7.129778286864902,0.3564889143432451,50,1.6989700043360187
https://comptox.epa.gov/dashboard/chemical/details/DTXSID5038830,"alpha,alpha-Dimethylphenethyl butyrate",10094-34-5,C14H20O2,220.146330,7,345,2.0,Inactive,0.588896035076654,0.0294448017538327,50,1.6989700043360187
https://comptox.epa.gov/dashboard/chemical/details/DTXSID5038888,Basic Blue 7,2390-60-5,C33H40ClN3,513.291076,315,494,64.0,Inactive,4.434287350616223e-10,2.2171436753081115E-11,50,1.6989700043360187
https://comptox.epa.gov/dashboard/chemical/details/DTXSID5040700,Trimethoxyphenylsilane,2996-92-1,C9H14O3Si,198.071221,1,471,0.0,Inactive,0.022220847987906762,0.001111042399395338,50,1.6989700043360187
https://comptox.epa.gov/dashboard/chemical/details/DTXSID5041275,1-Monolaurin,142-18-7,C15H30O4,274.214409,33,353,9.0,Inactive,9.580966191919526,0.4790483095959763,49.99999999999999,1.6989700043360187
https://comptox.epa.gov/dashboard/chemical/details/DTXSID5041302,(Dicyclopentadienyloxy)ethyl methacrylate,68169-03-9,C16H22O3,262.156895,8,349,2.0,Inactive,8.629297689461362e-10,4.314648844730681E-11,50,1.6989700043360187
https://comptox.epa.gov/dashboard/chemical/details/DTXSID5041273,Pyrazolone T,118-47-8,C10H8N2O6S,284.010307,4,352,1.0,Inactive,1.996829475300091e-12,9.984147376500455E-14,50,1.6989700043360187
https://comptox.epa.gov/dashboard/chemical/details/DTXSID5040708,4-Hexylaniline,33228-45-4,C12H19N,177.151750,45,357,13.0,Active,28.103370027725248,1.4051685013862625,92.45775099454899,1.965943325155098
https://comptox.epa.gov/dashboard/chemical/details/DTXSID5041306,"2,2',4,4'-Tetrahydroxybenzophenone",131-55-5,C13H10O5,246.052823,141,726,19.0,Inactive,6.911806634120679,0.3455903317060339,2.7967821642704767,0.44665864136634725
https://comptox.epa.gov/dashboard/chemical/details/DTXSID5041512,4-Chlorophenylurea,140-38-5,C7H7ClN2O,170.024691,2,360,1.0,Inactive,8.847978835904518,0.44239894179522593,50,1.6989700043360187
https://comptox.epa.gov/dashboard/chemical/details/DTXSID5041514,(4Z)-4-Decenal,21662-09-9,C10H18O,154.135765,5,362,1.0,Inactive,6.212738653982163e-11,3.1063693269910817E-12,50,1.6989700043360187
https://comptox.epa.gov/dashboard/chemical/details/DTXSID5041516,2-Ethyl-3-hydroxy-4-pyrone,4940-11-8,C7H8O3,140.047344,7,351,2.0,Inactive,4.18011330446614,0.209005665223307,0.12283348948233333,-0.910683210438248
https://comptox.epa.gov/dashboard/chemical/details/DTXSID5041487,"3,7-Dimethyloctan-3-yl acetate",20780-48-7,C12H24O2,200.177630,2,346,1.0,Inactive,3.176167667219796,0.1588083833609898,50,1.6989700043360187
https://comptox.epa.gov/dashboard/chemical/details/DTXSID5041641,"2,5-Dimethylbenzenesulfonic acid",609-54-1,C8H10O3S,186.035065,3,347,1.0,Inactive,1.2170494684108029,0.06085247342054014,0.0005000003330892466,-3.301029706346434
https://comptox.epa.gov/dashboard/chemical/details/DTXSID5041643,Sodium 2-formylbenzenesulfonate,1008-72-6,C7H5NaO4S,207.980624,4,359,1.0,Inactive,0.9775498504262634,0.04887749252131317,50,1.6989700043360187
https://comptox.epa.gov/dashboard/chemical/details/DTXSID5041691,Butam,35256-85-0,C15H23NO,233.177964,34,595,6.0,Inactive,7.76867893030579e-10,3.884339465152895E-11,50,1.6989700043360187
https://comptox.epa.gov/dashboard/chemical/details/DTXSID5041726,C.I. Direct Red 81 disodium salt,2610-11-9,C29H19N5Na2O8S2,675.047043,77,488,16.0,Inactive,5.576899590693786,0.27884497953468934,50,1.6989700043360187
https://comptox.epa.gov/dashboard/chemical/details/DTXSID5041728,C.I. Direct Yellow 12,2870-32-8,C30H26N4Na2O8S2,680.098745,48,366,13.0,Inactive,1.4526073197211616e-8,7.263036598605808E-10,50,1.6989700043360187
https://comptox.epa.gov/dashboard/chemical/details/DTXSID5042243,Oleyl sarcosine,110-25-8,C21H39NO3,353.292994,97,375,26.0,Inactive,18.048617168693,0.90243085843465,93.45990223186719,1.9706253223743335
https://comptox.epa.gov/dashboard/chemical/details/DTXSID5042299,4-Isopropylphenol,99-89-8,C9H12O,136.088815,15,353,4.0,Inactive,3.80825143703254,0.19041257185162702,0.0005000012926754672,-3.301028872861788
https://comptox.epa.gov/dashboard/chemical/details/DTXSID5044443,"N,N-Dibutyl-N-methylbutan-1-aminium chloride",56375-79-2,C13H30ClN,235.206678,2,349,1.0,Inactive,3.7472752075239617,0.1873637603761981,50,1.6989700043360187
https://comptox.epa.gov/dashboard/chemical/details/DTXSID5044493,1-[3-(Triethoxysilyl)propyl]urea,23779-32-0,C10H24N2O4Si,264.150534,2,575,0.0,Inactive,0.22844397936803523,0.011422198968401761,50,1.6989700043360187
https://comptox.epa.gov/dashboard/chemical/details/DTXSID5044570,"1,2-Ethanediamine dihydroiodide",5700-49-2,C2H10I2N2,315.893340,6,347,2.0,Inactive,1.2794904145379474e-10,6.397452072689737E-12,50,1.6989700043360187
https://comptox.epa.gov/dashboard/chemical/details/DTXSID5044572,Fluorotelomer alcohol 6:2,647-42-7,C8H5F13O,364.013281,54,673,8.0,Inactive,0.36004182797972695,0.01800209139898635,50,1.6989700043360187
https://comptox.epa.gov/dashboard/chemical/details/DTXSID5044576,"Citric acid, triethyl ester, acetate",77-89-4,C14H22O8,318.131468,10,575,2.0,Inactive,6.906145340465494e-12,3.453072670232747E-13,50,1.6989700043360187
https://comptox.epa.gov/dashboard/chemical/details/DTXSID5044578,"Sodium 2,5-dimethylbenzenesulfonate",827-19-0,C8H9NaO3S,208.017010,2,344,1.0,Inactive,3.9109283118618954e-9,1.9554641559309477E-10,50,1.6989700043360187
https://comptox.epa.gov/dashboard/chemical/details/DTXSID5044815,Dibutyl azelate,2917-73-9,C17H32O4,300.230060,4,462,1.0,Inactive,1.810904060445899,0.09054520302229495,50,1.6989700043360187
https://comptox.epa.gov/dashboard/chemical/details/DTXSID5044865,"2,2'-(Tetradecylimino)diethanol",18924-66-8,C18H39NO2,301.298079,149,368,40.0,Active,66.71807996550028,3.335903998275014,4.450942621696462,0.6484519957111394
https://comptox.epa.gov/dashboard/chemical/details/DTXSID5044788,Naphthalene-2-sulfonic acid,120-18-3,C10H8O3S,208.019415,13,348,4.0,Inactive,3.8215141829105466e-11,1.9107570914552733E-12,50,1.6989700043360187
https://comptox.epa.gov/dashboard/chemical/details/DTXSID5044784,1-Methyltrimethylene dimethacrylate,1189-08-8,C12H18O4,226.120509,5,347,1.0,Inactive,1.1369503443057677e-8,5.684751721528838E-10,50,1.6989700043360187
https://comptox.epa.gov/dashboard/chemical/details/DTXSID5047033,gamma-Cyclodextrin,17465-86-0,C48H80O40,1296.422587,2,349,1.0,Inactive,1.5247629440620327,0.07623814720310164,19.999999999999893,1.3010299956639788
https://comptox.epa.gov/dashboard/chemical/details/DTXSID5047299,CP-422935,NOCAS_47299,C26H38N2O4S,474.255229,15,600,3.0,Inactive,7.417266667918572,0.3708633333959286,0.37374827439896247,-0.42742080380661385
https://comptox.epa.gov/dashboard/chemical/details/DTXSID5047297,CP-085958,134002-60-1,C25H20FNO5S,465.104622,77,590,13.0,Inactive,7.048147995924177,0.35240739979620883,25.000000000000075,1.3979400086720388
https://comptox.epa.gov/dashboard/chemical/details/DTXSID5047291,CI-1044,NOCAS_47291,C23H19N5O2,397.153875,45,601,7.0,Inactive,0.9666634764563303,0.048333173822816516,50,1.6989700043360187
https://comptox.epa.gov/dashboard/chemical/details/DTXSID5047249,Fandosentan potassium salt,221246-12-4,C25H17F3KNO6S,555.036574,146,625,23.0,Inactive,7.55466138513145e-10,3.777330692565725E-11,25.000000000000075,1.3979400086720388
https://comptox.epa.gov/dashboard/chemical/details/DTXSID5047295,UK-373911,291305-06-1,C17H18Cl2N2O2S,384.046604,276,608,45.0,Inactive,33.91165124036245,1.6955825620181226,3.984314806245882,0.6003536453174616
https://comptox.epa.gov/dashboard/chemical/details/DTXSID5047328,"Potassium 5-carbamoyl-3-[5'-fluoro-2'-(2,2,3,3,3-pentafluoropropoxy)-3-biphenylyl]-1,2,4-triazol-1-ide hydrate (1:1:1)",NOCAS_47328,C18H13F6KN4O3,486.052891,295,622,47.0,Inactive,30.163396480109853,1.5081698240054926,1.4368672393190516,0.15741664294653307
https://comptox.epa.gov/dashboard/chemical/details/DTXSID5047322,SB243213A,200940-23-4,C22H20ClF3N4O2,464.122688,168,623,27.0,Inactive,4.970789341776078e-10,2.4853946708880392E-11,44.9999999999995,1.6532125137753388
https://comptox.epa.gov/dashboard/chemical/details/DTXSID5047324,SB281832,219790-72-4,C22H19FN4O3,406.144119,64,588,11.0,Inactive,9.848368015240522,0.49241840076202614,49.99999999999999,1.6989700043360187
https://comptox.epa.gov/dashboard/chemical/details/DTXSID5047372,AVE3295,478263-98-8,C25H21FN3NaO3S,485.118535,92,600,15.0,Inactive,1.1637289421997399e-10,5.818644710998699E-12,44.9999999999995,1.6532125137753388
https://comptox.epa.gov/dashboard/chemical/details/DTXSID5047374,SSR161421,477706-73-3,C25H20N4O2,408.158626,150,586,26.0,Inactive,2.7993236302282205,0.13996618151141102,16.95347962591073,1.2292588486889415
https://comptox.epa.gov/dashboard/chemical/details/DTXSID5047376,AVE2865,648917-13-9,C20H17ClF3N3O4,455.085968,20,575,3.0,Inactive,8.91385012821355e-11,4.456925064106775E-12,25.000000000000075,1.3979400086720388
https://comptox.epa.gov/dashboard/chemical/details/DTXSID5047451,"C.I. Acid Yellow 11, sodium salt",6359-82-6,C16H13N4NaO4S,380.055520,27,359,8.0,Inactive,7.564647358003354e-11,3.782323679001677E-12,50,1.6989700043360187
https://comptox.epa.gov/dashboard/chemical/details/DTXSID5047611,gamma-Heptalactone,105-21-5,C7H12O2,128.083730,1,349,0.0,Inactive,9.13330429858774e-11,4.56665214929387E-12,50,1.6989700043360187
https://comptox.epa.gov/dashboard/chemical/details/DTXSID5047538,"Pentane-1,5-diyl dibenzoate",6624-73-3,C19H20O4,312.136159,82,623,13.0,Inactive,4.10256376889822e-11,2.05128188444911E-12,50,1.6989700043360187
https://comptox.epa.gov/dashboard/chemical/details/DTXSID5047879,2-Hydroxybenzophenone,117-99-7,C13H10O2,198.068080,29,344,8.0,Inactive,23.616022718509193,1.1808011359254595,50,1.6989700043360187
https://comptox.epa.gov/dashboard/chemical/details/DTXSID5047796,Formalin,NOCAS_47796,, ,0,349,0.0,Inactive,1.1006768753922005,0.05503384376961003,0.31367921035697177,-0.5035142639813815
https://comptox.epa.gov/dashboard/chemical/details/DTXSID5048184,Melengestrol acetate,2919-66-6,C25H32O4,396.230060,78,394,20.0,Inactive,18.787802979103596,0.9393901489551798,0.23482163540661286,-0.6292618916457454
https://comptox.epa.gov/dashboard/chemical/details/DTXSID5048180,4-Propylaniline,2696-84-6,C9H13N,135.104799,4,347,1.0,Inactive,1.5590880135732026e-9,7.795440067866013E-11,50,1.6989700043360187
https://comptox.epa.gov/dashboard/chemical/details/DTXSID5048182,Cyclohexylphenylketone,712-50-5,C13H16O,188.120115,24,597,4.0,Inactive,3.055666477400416,0.1527833238700208,93.65873668935109,1.9715482955286583
https://comptox.epa.gov/dashboard/chemical/details/DTXSID5048211,Ethyl 4-methylbenzoate,94-08-6,C10H12O2,164.083730,2,346,1.0,Inactive,2.75662349701122e-9,1.37831174850561E-10,50,1.6989700043360187
https://comptox.epa.gov/dashboard/chemical/details/DTXSID5048188,4-Thiocresol,106-45-6,C7H8S,124.034671,26,346,8.0,Inactive,3.2392919013937362,0.1619645950696868,50,1.6989700043360187
https://comptox.epa.gov/dashboard/chemical/details/DTXSID5048506,PharmaGSID_48506,588941-45-1,C19H22ClN3O3S,407.107040,153,594,26.0,Inactive,4.323145604394188e-11,2.161572802197094E-12,50,1.6989700043360187
https://comptox.epa.gov/dashboard/chemical/details/DTXSID5048186,Tetrac,67-30-1,C14H8I4O4,747.660140,273,735,37.0,Inactive,5.152365155659585,0.25761825778297925,29.999999999999755,1.4771212547196588
https://comptox.epa.gov/dashboard/chemical/details/DTXSID5052254,"3,5-Dimethylpyridine",591-22-0,C7H9N,107.073499,5,203,2.0,Inactive,2.9840813413483026e-10,1.4920406706741513E-11,50,1.6989700043360187
https://comptox.epa.gov/dashboard/chemical/details/DTXSID5052709,trans-Nonachlor,39765-80-5,C10H5Cl9,439.758800,0,7,0.0,Inactive,8.669171697486254e-11,4.334585848743127E-12,50,1.6989700043360187
https://comptox.epa.gov/dashboard/chemical/details/DTXSID6020014,Dehydroacetic acid,520-45-6,C8H8O4,168.042259,1,352,0.0,Inactive,0.1660385014468987,0.008301925072344934,50,1.6989700043360187
https://comptox.epa.gov/dashboard/chemical/details/DTXSID6020068,2-Aminoanthraquinone,117-79-3,C14H9NO2,223.063329,109,640,17.0,Inactive,0.022756261319921225,0.0011378130659960612,50,1.6989700043360187
https://comptox.epa.gov/dashboard/chemical/details/DTXSID6020141,"2,3-Benzofuran",271-89-6,C8H6O,118.041865,3,595,1.0,Inactive,7.269734669153423e-11,3.6348673345767117E-12,50,1.6989700043360187
https://comptox.epa.gov/dashboard/chemical/details/DTXSID6020143,Benzoic acid,65-85-0,C7H6O2,122.036779,5,601,1.0,Inactive,0.5199436472722825,0.025997182363614126,49.99999999999999,1.6989700043360187
https://comptox.epa.gov/dashboard/chemical/details/DTXSID6020197,Bromocriptine mesylate,22260-51-1,C33H44BrN5O8S,749.209398,69,355,19.0,Inactive,1.5276865588990174,0.07638432794495087,0.16694574657868616,-0.7774246413651507
https://comptox.epa.gov/dashboard/chemical/details/DTXSID6020147,"1,2,3-Benzotriazole",95-14-7,C6H5N3,119.048347,7,597,1.0,Inactive,5.45883915673631e-11,2.729419578368155E-12,50,1.6989700043360187
https://comptox.epa.gov/dashboard/chemical/details/DTXSID6020220,tert-Butylhydroquinone,1948-33-0,C10H14O2,166.099380,189,717,26.0,Active,59.769978553862664,2.9884989276931333,86.4814714308866,1.9369230702708566
https://comptox.epa.gov/dashboard/chemical/details/DTXSID6020224,gamma-Butyrolactone,96-48-0,C4H6O2,86.036779,20,579,3.0,Inactive,2.837514083103708e-10,1.418757041551854E-11,50,1.6989700043360187
https://comptox.epa.gov/dashboard/chemical/details/DTXSID6020307,Chloromethyl methyl ether,107-30-2,C2H5ClO,80.002893,12,378,3.0,Inactive,6.426901062002685,0.3213450531001342,14.999999999999913,1.1760912590556787
https://comptox.epa.gov/dashboard/chemical/details/DTXSID6020359,Cyclohexanone,108-94-1,C6H10O,98.073165,5,584,1.0,Inactive,4.3797647027289255,0.21898823513644627,93.31615638375996,1.9699568422552245
https://comptox.epa.gov/dashboard/chemical/details/DTXSID6020278,"1-Chloro-2,4-dinitrobenzene",97-00-7,C6H3ClN2O4,201.978134,170,360,47.0,Active,42.542130009487245,2.1271065004743623,4.701862543449213,0.672269928597066
https://comptox.epa.gov/dashboard/chemical/details/DTXSID6020561,Endrin,72-20-8,C12H8Cl6O,377.870631,126,636,20.0,Inactive,0.08366461418042342,0.004183230709021171,50.00000000000001,1.6989700043360187
https://comptox.epa.gov/dashboard/chemical/details/DTXSID6020430,"1,2-Dichlorobenzene",95-50-1,C6H4Cl2,145.969006,6,576,1.0,Inactive,0.09891608576864887,0.0049458042884324436,50,1.6989700043360187
https://comptox.epa.gov/dashboard/chemical/details/DTXSID6020515,"N,N-Dimethylformamide",68-12-2,C3H7NO,73.052764,3,590,1.0,Inactive,1.7509110104047827,0.08754555052023913,50,1.6989700043360187
https://comptox.epa.gov/dashboard/chemical/details/DTXSID6020511,"3,3'-Dimethylbenzidine dihydrochloride",612-82-8,C14H18Cl2N2,284.084704,71,388,18.0,Inactive,3.934698495671481,0.19673492478357404,50,1.6989700043360187
https://comptox.epa.gov/dashboard/chemical/details/DTXSID6020480,Dimethoxane,828-00-2,C8H14O4,174.089209,15,574,3.0,Inactive,1.652411062021813e-10,8.262055310109064E-12,50,1.6989700043360187
https://comptox.epa.gov/dashboard/chemical/details/DTXSID6020779,Lithocholic acid,434-13-9,C24H40O3,376.297745,106,328,32.0,Inactive,0.3735615653561795,0.018678078267808977,50,1.6989700043360187
https://comptox.epa.gov/dashboard/chemical/details/DTXSID6020692,Methenamine,100-97-0,C6H12N4,140.106196,2,572,0.0,Inactive,1.8031603666533433,0.09015801833266716,0.031976251245975855,-1.4951724523664078
https://comptox.epa.gov/dashboard/chemical/details/DTXSID6020856,N-Methyl-2-pyrrolidone,872-50-4,C5H9NO,99.068414,6,598,1.0,Inactive,3.586226627845016e-10,1.793113313922508E-11,50,1.6989700043360187
https://comptox.epa.gov/dashboard/chemical/details/DTXSID6020939,Nitrilotriacetic acid,139-13-9,C6H9NO6,191.042987,12,616,2.0,Inactive,0.5063185340767712,0.02531592670383856,44.9999999999995,1.6532125137753388
https://comptox.epa.gov/dashboard/chemical/details/DTXSID6021030,N-Nitrosodiphenylamine,86-30-6,C12H10N2O,198.079313,38,585,6.0,Inactive,4.659820202249007e-10,2.3299101011245033E-11,50,1.6989700043360187
https://comptox.epa.gov/dashboard/chemical/details/DTXSID6021086,Oxamyl,23135-22-0,C7H13N3O3S,219.067762,26,677,4.0,Inactive,1.6715902935924872e-10,8.357951467962436E-12,50,1.6989700043360187
https://comptox.epa.gov/dashboard/chemical/details/DTXSID6021082,C.I. Acid Orange 10,1936-15-8,C16H10N2Na2O7S2,451.972482,29,350,8.0,Inactive,4.578450432773357e-10,2.2892252163866785E-11,50,1.6989700043360187
https://comptox.epa.gov/dashboard/chemical/details/DTXSID6021113,Peppermint oil,8006-90-4,, ,6,346,2.0,Inactive,3.4034254614534686e-11,1.7017127307267343E-12,25000.000000000047,4.397940008672038
https://comptox.epa.gov/dashboard/chemical/details/DTXSID6021240,Retinol acetate,127-47-9,C22H32O2,328.240230,61,372,16.0,Inactive,8.474181818706425,0.4237090909353213,19.50404462449265,1.2901246819242629
https://comptox.epa.gov/dashboard/chemical/details/DTXSID6021244,Rifampicin,13292-46-1,C43H58N4O12,822.405123,95,635,15.0,Inactive,0.019557660871925165,9.778830435962583E-4,49.99999999999999,1.6989700043360187
https://comptox.epa.gov/dashboard/chemical/details/DTXSID6021248,Rotenone,83-79-4,C23H22O6,394.141638,318,768,41.0,Inactive,13.853192157662825,0.6926596078831413,50,1.6989700043360187
https://comptox.epa.gov/dashboard/chemical/details/DTXSID6021032,N-Nitrosodi-n-propylamine,621-64-7,C6H14N2O,130.110613,5,621,1.0,Inactive,0.12326560433680751,0.006163280216840376,50,1.6989700043360187
https://comptox.epa.gov/dashboard/chemical/details/DTXSID6021402,"1,2,4-Trimethylbenzene",95-63-6,C9H12,120.093900,1,580,0.0,Inactive,0.27820240571980853,0.013910120285990427,50,1.6989700043360187
https://comptox.epa.gov/dashboard/chemical/details/DTXSID6021666,Tetradecanoic acid,544-63-8,C14H28O2,228.208930,19,361,5.0,Inactive,5.1813962856729054e-11,2.5906981428364527E-12,50,1.6989700043360187
https://comptox.epa.gov/dashboard/chemical/details/DTXSID6021456,FD&C Yellow 6,2783-94-0,C16H10N2Na2O7S2,451.972482,55,630,9.0,Inactive,1.2642168675873862e-8,6.321084337936931E-10,50,1.6989700043360187
https://comptox.epa.gov/dashboard/chemical/details/DTXSID6021793,1-Naphthol,90-15-3,C10H8O,144.057515,52,491,11.0,Inactive,6.545850526985601e-8,3.2729252634928005E-9,50,1.6989700043360187
https://comptox.epa.gov/dashboard/chemical/details/DTXSID6021907,Propanedinitrile,109-77-3,C3H2N2,66.021798,32,359,9.0,Inactive,7.032509440111159e-10,3.5162547200555796E-11,50,1.6989700043360187
https://comptox.epa.gov/dashboard/chemical/details/DTXSID6021953,Fensulfothion,115-90-2,C11H17O4PS2,308.030588,8,440,2.0,Inactive,4.000219707869305e-11,2.0001098539346526E-12,50,1.6989700043360187
https://comptox.epa.gov/dashboard/chemical/details/DTXSID6021824,Dichlorophen,97-23-4,C13H10Cl2O2,268.005785,172,400,43.0,Inactive,23.872957957502667,1.1936478978751333,1.7445370728132374,0.24168020298856754
https://comptox.epa.gov/dashboard/chemical/details/DTXSID6021872,4-Methylbenzenamine,106-49-0,C7H9N,107.073499,15,591,3.0,Inactive,1.344429473111389e-10,6.722147365556945E-12,50,1.6989700043360187
https://comptox.epa.gov/dashboard/chemical/details/DTXSID6021957,Phenyl salicylate,118-55-8,C13H10O3,214.062994,7,356,2.0,Inactive,0.8258602825517041,0.0412930141275852,50,1.6989700043360187
https://comptox.epa.gov/dashboard/chemical/details/DTXSID6021828,Acetophenone,98-86-2,C8H8O,120.057515,3,583,1.0,Inactive,1.2368757737860965,0.061843788689304825,50,1.6989700043360187
https://comptox.epa.gov/dashboard/chemical/details/DTXSID6021959,"2,4,6-Tribromophenol",118-79-6,C6H3Br3O,327.773404,79,476,17.0,Inactive,1.2687282109182366e-10,6.343641054591183E-12,50,1.6989700043360187
https://comptox.epa.gov/dashboard/chemical/details/DTXSID6022056,"1,3-Dichlorobenzene",541-73-1,C6H4Cl2,145.969006,18,580,3.0,Inactive,4.60753625848586e-12,2.30376812924293E-13,50,1.6989700043360187
https://comptox.epa.gov/dashboard/chemical/details/DTXSID6022187,"2,3,6-Trimethylphenol",2416-94-6,C9H12O,136.088815,15,599,3.0,Inactive,5.056536665629179,0.25282683328145894,0.002846706785994968,-2.5456572633701935
https://comptox.epa.gov/dashboard/chemical/details/DTXSID6022000,Ethanolamine,141-43-5,C2H7NO,61.052764,3,633,0.0,Inactive,2.2131109767971937e-8,1.1065554883985969E-9,50,1.6989700043360187
https://comptox.epa.gov/dashboard/chemical/details/DTXSID6022008,1-Nonanol,143-08-8,C9H20O,144.151415,1,355,0.0,Inactive,2.638936878870515e-10,1.3194684394352574E-11,50,1.6989700043360187
https://comptox.epa.gov/dashboard/chemical/details/DTXSID6022391,Apigenin,520-36-5,C15H10O5,270.052823,155,411,38.0,Inactive,0.41906826869728053,0.020953413434864027,50,1.6989700043360187
https://comptox.epa.gov/dashboard/chemical/details/DTXSID6022341,Prometon,1610-18-0,C10H19N5O,225.158960,40,664,6.0,Inactive,1.8897202958338013,0.09448601479169007,0.023576549287650093,-1.6275197588252297
https://comptox.epa.gov/dashboard/chemical/details/DTXSID6022137,(Z)-3-Hexen-1-ol,928-96-1,C6H12O,100.088815,2,352,1.0,Inactive,1.2010948107001382,0.06005474053500691,0.1056087029364673,-0.9763002912572745
https://comptox.epa.gov/dashboard/chemical/details/DTXSID6022345,"o,p'-DDT",789-02-6,C14H9Cl5,351.914689,284,698,41.0,Inactive,2.744627126622194,0.1372313563311097,0.11101069622706128,-0.9546351735684098
https://comptox.epa.gov/dashboard/chemical/details/DTXSID6022422,"4,4'-Diaminobiphenyl methane",101-77-9,C13H14N2,198.115698,41,601,7.0,Inactive,1.0316251631507688e-9,5.158125815753844E-11,50,1.6989700043360187
https://comptox.epa.gov/dashboard/chemical/details/DTXSID6022472,Butylbenzene,104-51-8,C10H14,134.109550,3,571,1.0,Inactive,5.808820090200085e-10,2.9044100451000427E-11,50,1.6989700043360187
https://comptox.epa.gov/dashboard/chemical/details/DTXSID6022474,Corticosterone,50-22-6,C21H30O4,346.214409,91,651,14.0,Active,29.80869721434844,1.490434860717422,45.62450788956595,1.6591981931467537
https://comptox.epa.gov/dashboard/chemical/details/DTXSID6022927,Didanosine,69655-05-6,C10H12N4O3,236.090940,11,647,2.0,Inactive,2.6141295196259033,0.13070647598129517,50,1.6989700043360187
https://comptox.epa.gov/dashboard/chemical/details/DTXSID6023159,Iopanoic acid,96-83-3,C11H12I3NO2,570.800210,45,354,13.0,Inactive,5.216981385462161,0.2608490692731081,44.9999999999995,1.6532125137753388
https://comptox.epa.gov/dashboard/chemical/details/DTXSID6023999,Cyromazine,66215-27-8,C6H10N6,166.096694,6,649,1.0,Inactive,4.207386192431963,0.21036930962159817,0.0005000012361670282,-3.3010289219442703
https://comptox.epa.gov/dashboard/chemical/details/DTXSID6024046,Paraoxon,311-45-5,C10H14NO6P,275.055874,27,365,7.0,Inactive,4.24173818945847e-10,2.120869094729235E-11,50,1.6989700043360187
https://comptox.epa.gov/dashboard/chemical/details/DTXSID6023652,6-Thioguanine,154-42-7,C5H5N5S,167.026566,166,630,26.0,Inactive,3.121465594525697,0.15607327972628485,50,1.6989700043360187
https://comptox.epa.gov/dashboard/chemical/details/DTXSID6023868,Hydramethylnon,67485-29-4,C25H24F6N4,494.190516,197,379,52.0,Inactive,9.914767653048335,0.49573838265241676,50,1.6989700043360187
https://comptox.epa.gov/dashboard/chemical/details/DTXSID6023523,Propofol,2078-54-8,C12H18O,178.135765,18,352,5.0,Inactive,5.0037824259282315,0.2501891212964116,50,1.6989700043360187
https://comptox.epa.gov/dashboard/chemical/details/DTXSID6023600,Strychnine,57-24-9,C21H22N2O2,334.168128,1,169,1.0,Inactive,1.117863560600453e-11,5.589317803002265E-13,9.99999999999997,0.9999999999999987
https://comptox.epa.gov/dashboard/chemical/details/DTXSID6023602,Butanedioic acid,110-15-6,C4H6O4,118.026609,0,355,0.0,Inactive,0.6094786128050977,0.030473930640254887,50,1.6989700043360187
https://comptox.epa.gov/dashboard/chemical/details/DTXSID6023862,Aldicarb sulfone,1646-88-4,C7H14N2O4S,222.067428,1,353,0.0,Inactive,1.355254840721414,0.0677627420360707,0.12543338048567282,-0.9015868731417832
https://comptox.epa.gov/dashboard/chemical/details/DTXSID6023733,Valproic acid,99-66-1,C8H16O2,144.115030,16,663,2.0,Inactive,1.0897042188420363,0.05448521094210181,0.07809985953054595,-1.1073497472387512
https://comptox.epa.gov/dashboard/chemical/details/DTXSID6024175,Metalaxyl,57837-19-1,C15H21NO4,279.147058,27,678,4.0,Inactive,2.422870987359874,0.1211435493679937,0.5052475129324856,-0.29649581561049326
https://comptox.epa.gov/dashboard/chemical/details/DTXSID6024204,Metribuzin,21087-64-9,C8H14N4OS,214.088832,18,669,3.0,Inactive,2.989256957532172,0.1494628478766086,0.004913512084326051,-2.3086079715037515
https://comptox.epa.gov/dashboard/chemical/details/DTXSID6024206,Molinate,2212-67-1,C9H17NOS,187.103085,20,677,3.0,Inactive,1.1726730579552233e-10,5.863365289776117E-12,50.00000000000001,1.6989700043360187
https://comptox.epa.gov/dashboard/chemical/details/DTXSID6024177,Methamidophos,10265-92-6,C2H8NO2PS,141.001337,3,732,0.0,Inactive,9.294177617549266e-11,4.647088808774633E-12,50,1.6989700043360187
https://comptox.epa.gov/dashboard/chemical/details/DTXSID6024200,m-Cresol,108-39-4,C7H8O,108.057515,2,361,1.0,Inactive,2.9824936790492576,0.14912468395246287,50,1.6989700043360187
https://comptox.epa.gov/dashboard/chemical/details/DTXSID6024254,Phenanthrene,85-01-8,C14H10,178.078250,49,647,8.0,Inactive,3.286017657166747,0.16430088285833735,84.08936484852805,1.9247410721395848
https://comptox.epa.gov/dashboard/chemical/details/DTXSID6024048,Difenzoquat metilsulfate,43222-48-6,C18H20N2O4S,360.114378,169,681,25.0,Inactive,5.143090059616367,0.2571545029808183,50,1.6989700043360187
https://comptox.epa.gov/dashboard/chemical/details/DTXSID6024460,C.I. Solvent Yellow 1,60-09-3,C12H11N3,197.095297,189,626,30.0,Inactive,1.8801636390667813,0.09400818195333907,50,1.6989700043360187
https://comptox.epa.gov/dashboard/chemical/details/DTXSID6024466,4-Aminobenzoic acid,150-13-0,C7H7NO2,137.047678,7,561,1.0,Active,45.98284392160655,2.2991421960803278,82.17390072550977,1.9147339030543806
https://comptox.epa.gov/dashboard/chemical/details/DTXSID6024337,Thiobencarb,28249-77-6,C12H16ClNOS,257.064113,57,648,9.0,Inactive,8.44601516678488e-10,4.22300758339244E-11,50,1.6989700043360187
https://comptox.epa.gov/dashboard/chemical/details/DTXSID6024123,Haloxyfop-methyl,69806-40-2,C16H13ClF3NO4,375.048520,43,366,12.0,Inactive,3.0405420617410295,0.15202710308705147,0.0005000028927320554,-3.301027483076111
https://comptox.epa.gov/dashboard/chemical/details/DTXSID6024591,Benzoyl peroxide,94-36-0,C14H10O4,242.057909,1,241,0.0,Inactive,2.4949130420922243,0.12474565210461122,50,1.6989700043360187
https://comptox.epa.gov/dashboard/chemical/details/DTXSID6024624,Bisphenol A diglycidyl ether,1675-54-3,C21H24O4,340.167459,104,372,28.0,Inactive,19.844651495273457,0.9922325747636729,0.008797555978934841,-2.0556379610639377
https://comptox.epa.gov/dashboard/chemical/details/DTXSID6024836,"3,7-Dimethyl-2,6-octadienal",5392-40-5,C10H16O,152.120115,28,621,5.0,Inactive,4.476400235896016e-12,2.2382001179480082E-13,50,1.6989700043360187
https://comptox.epa.gov/dashboard/chemical/details/DTXSID6024834,(2E)-3-Phenylprop-2-enal,14371-10-9,C9H8O,132.057515,10,347,3.0,Inactive,0.17597617311857613,0.008798808655928806,50,1.6989700043360187
https://comptox.epa.gov/dashboard/chemical/details/DTXSID6024676,Butyl acrylate,141-32-2,C7H12O2,128.083730,5,358,1.0,Inactive,5.830396277493198,0.29151981387465986,50,1.6989700043360187
https://comptox.epa.gov/dashboard/chemical/details/DTXSID6024882,Cycloheximide,66-81-9,C15H23NO4,281.162708,255,621,41.0,Inactive,2.848038712999015e-7,1.4240193564995076E-8,50,1.6989700043360187
https://comptox.epa.gov/dashboard/chemical/details/DTXSID6024913,Decane,124-18-5,C10H22,142.172151,12,690,2.0,Inactive,1.0666429082622577,0.05333214541311289,50,1.6989700043360187
https://comptox.epa.gov/dashboard/chemical/details/DTXSID6024888,Cyclophosphamide monohydrate,6055-19-2,C7H17Cl2N2O3P,278.035385,7,619,1.0,Inactive,1.6820436320096065e-9,8.410218160048033E-11,50,1.6989700043360187
https://comptox.epa.gov/dashboard/chemical/details/DTXSID6025018,Dicyclohexylamine,101-83-7,C12H23N,181.183050,7,360,2.0,Inactive,2.5198939536215945e-9,1.2599469768107972E-10,50,1.6989700043360187
https://comptox.epa.gov/dashboard/chemical/details/DTXSID6025014,Benzal chloride,98-87-3,C7H6Cl2,159.984656,7,581,1.0,Inactive,0.22723620047201315,0.011361810023600658,50,1.6989700043360187
https://comptox.epa.gov/dashboard/chemical/details/DTXSID6024917,Diacetone alcohol,123-42-2,C6H12O2,116.083730,16,574,3.0,Inactive,1.193864463950584,0.0596932231975292,0.015561512718693693,-1.807948187973011
https://comptox.epa.gov/dashboard/chemical/details/DTXSID6025010,"1,3-Dichloro-2-propanol",96-23-1,C3H6Cl2O,127.979570,4,593,1.0,Inactive,0.05417940615564682,0.002708970307782341,50,1.6989700043360187
https://comptox.epa.gov/dashboard/chemical/details/DTXSID6025220,1-Dodecanethiol,112-55-0,C12H26S,202.175522,85,456,19.0,Inactive,2.780676301757949,0.13903381508789744,50,1.6989700043360187
https://comptox.epa.gov/dashboard/chemical/details/DTXSID6025226,Econazole nitrate,24169-02-6,C18H16Cl3N3O4,443.020639,172,366,47.0,Active,31.89591834528455,1.5947959172642274,72.49562904008643,1.8603118225572517
https://comptox.epa.gov/dashboard/chemical/details/DTXSID6025141,"1,3-Dimethylolurea",140-95-4,C3H8N2O3,120.053492,2,353,1.0,Inactive,2.716618852144765,0.13583094260723824,0.0005000012118649636,-3.3010289430527235
https://comptox.epa.gov/dashboard/chemical/details/DTXSID6025272,Ethyl anthranilate,87-25-2,C9H11NO2,165.078979,11,358,3.0,Inactive,2.1047550343807843e-12,1.0523775171903921E-13,50,1.6989700043360187
https://comptox.epa.gov/dashboard/chemical/details/DTXSID6025145,"2,5-Dimethylphenol",95-87-4,C8H10O,122.073165,7,578,1.0,Inactive,2.931297366972245,0.14656486834861224,50,1.6989700043360187
https://comptox.epa.gov/dashboard/chemical/details/DTXSID6025143,"2,3-Dimethylphenol",526-75-0,C8H10O,122.073165,15,460,3.0,Inactive,1.2965271840114795e-9,6.482635920057398E-11,50,1.6989700043360187
https://comptox.epa.gov/dashboard/chemical/details/DTXSID6025068,Dihexyl phthalate,84-75-3,C20H30O4,334.214409,53,611,9.0,Inactive,1.0325152528998479e-10,5.162576264499239E-12,50,1.6989700043360187
https://comptox.epa.gov/dashboard/chemical/details/DTXSID6025436,8-Hydroxyquinoline sulfate,134-31-6,C18H16N2O6S,388.072907,91,356,26.0,Inactive,2.5182765413398568e-8,1.2591382706699284E-9,50,1.6989700043360187
https://comptox.epa.gov/dashboard/chemical/details/DTXSID6025438,Hydroxyurea,127-07-1,CH4N2O2,76.027277,15,633,2.0,Inactive,6.729065991875752,0.33645329959378756,0.010891536784906456,-1.9629108374052366
https://comptox.epa.gov/dashboard/chemical/details/DTXSID6025567,Methyl 2-aminobenzoate,134-20-3,C8H9NO2,151.063329,3,583,1.0,Inactive,0.1349109790283243,0.006745548951416215,50,1.6989700043360187
https://comptox.epa.gov/dashboard/chemical/details/DTXSID6025692,Myrcene,123-35-3,C10H16,136.125201,12,583,2.0,Inactive,0.22130845873353958,0.01106542293667698,50,1.6989700043360187
https://comptox.epa.gov/dashboard/chemical/details/DTXSID6025355,Glutaraldehyde,111-30-8,C5H8O2,100.052429,83,587,14.0,Inactive,0.824045391121732,0.0412022695560866,50,1.6989700043360187
https://comptox.epa.gov/dashboard/chemical/details/DTXSID6025486,Isoproterenol hydrochloride,51-30-9,C11H18ClNO3,247.097521,84,620,14.0,Inactive,2.338591568222968e-11,1.169295784111484E-12,50,1.6989700043360187
https://comptox.epa.gov/dashboard/chemical/details/DTXSID6026080,Terephthalic acid,100-21-0,C8H6O4,166.026609,6,352,2.0,Inactive,0.36930886996870554,0.018465443498435277,50,1.6989700043360187
https://comptox.epa.gov/dashboard/chemical/details/DTXSID6026088,"1,2,3,4-Tetrachlorobenzene",634-66-2,C6H2Cl4,213.891061,11,327,3.0,Inactive,0.34496770306245894,0.017248385153122946,50,1.6989700043360187
https://comptox.epa.gov/dashboard/chemical/details/DTXSID6026797,"1,3,5-Trimethylbenzene",108-67-8,C9H12,120.093900,1,581,0.0,Inactive,2.4460911629089295,0.12230455814544647,50.00000000000001,1.6989700043360187
https://comptox.epa.gov/dashboard/chemical/details/DTXSID6026799,"2,4,6-Trichloro-s-triazine",108-77-0,C3Cl3N3,182.915780,10,344,3.0,Inactive,5.021121905941911,0.25105609529709555,92.44716504109476,1.9658935977462821
https://comptox.epa.gov/dashboard/chemical/details/DTXSID6026298,m-Xylene,108-38-3,C8H10,106.078250,4,348,1.0,Inactive,4.007888845013169e-11,2.0039444225065846E-12,50,1.6989700043360187
https://comptox.epa.gov/dashboard/chemical/details/DTXSID6027050,Sodium dimethyldithiocarbamate,128-04-1,C3H6NNaS2,142.983936,147,632,23.0,Inactive,10.162326120510105,0.5081163060255053,0.04660419769081081,-1.3315749641715433
https://comptox.epa.gov/dashboard/chemical/details/DTXSID6027052,"2,6-Di-tert-butylphenol",128-39-2,C14H22O,206.167065,77,580,13.0,Inactive,2.8495618503443778e-11,1.424780925172189E-12,50,1.6989700043360187
https://comptox.epa.gov/dashboard/chemical/details/DTXSID6027131,"1H-1,2,4-Triazole",288-88-0,C2H3N3,69.032697,32,581,6.0,Inactive,0.16277930590507247,0.008138965295253623,50,1.6989700043360187
https://comptox.epa.gov/dashboard/chemical/details/DTXSID6027218,"2,6-Diethylaniline",579-66-8,C10H15N,149.120449,10,581,2.0,Inactive,2.5773398417502725e-10,1.2886699208751362E-11,50,1.6989700043360187
https://comptox.epa.gov/dashboard/chemical/details/DTXSID6027268,Pentadecane,629-62-9,C15H32,212.250401,10,570,2.0,Inactive,7.570346104126877e-10,3.7851730520634387E-11,50,1.6989700043360187
https://comptox.epa.gov/dashboard/chemical/details/DTXSID6027345,Triphenylborane,960-71-4,C18H15B,242.126680,68,397,17.0,Inactive,3.3001793657415357,0.16500896828707678,22.30537629092204,1.3484095541722363
https://comptox.epa.gov/dashboard/chemical/details/DTXSID6027713,Poly(oxyethylene) monoleate,9004-96-0,(C2H4O)nC18H34O2, ,38,352,11.0,Inactive,2.6868010582280886e-10,1.3434005291140443E-11,25000.000000000047,4.397940008672038
https://comptox.epa.gov/dashboard/chemical/details/DTXSID6027397,"Sorbitan, mono-(9Z)-9-octadecenoate",1338-43-8,C24H44O6,428.313789,10,654,2.0,Inactive,1.6570507636671767e-10,8.285253818335883E-12,25.000000000000075,1.3979400086720388
https://comptox.epa.gov/dashboard/chemical/details/DTXSID6028022,1-(Bromomethyl)-3-phenoxybenzene,51632-16-7,C13H11BrO,261.999328,48,393,12.0,Inactive,2.4708259382208384,0.12354129691104192,49.99999999999999,1.6989700043360187
https://comptox.epa.gov/dashboard/chemical/details/DTXSID6027923,Dodecylbenzenesulfonic acid,27176-87-0,,0.000000,268,655,41.0,Active,245.29739386923615,12.264869693461808,35.054699999979675,1.5447462547481248
https://comptox.epa.gov/dashboard/chemical/details/DTXSID6027921,"Dipropylene glycol, dibenzoate",27138-31-4,C20H22O5,342.146724,27,597,5.0,Inactive,1.3353467696757988e-9,6.676733848378994E-11,50,1.6989700043360187
https://comptox.epa.gov/dashboard/chemical/details/DTXSID6029755,"1,2-Propanediol monobutyl ether",29387-86-8,, ,1,352,0.0,Inactive,8.591495708308688e-9,4.295747854154344E-10,50,1.6989700043360187
https://comptox.epa.gov/dashboard/chemical/details/DTXSID6031380,Glycoluril,496-46-8,C4H6N4O2,142.049075,6,350,2.0,Inactive,3.27013601186759,0.1635068005933795,50,1.6989700043360187
https://comptox.epa.gov/dashboard/chemical/details/DTXSID6032354,Clodinafop-propargyl,105512-06-9,C17H13ClFNO4,349.051714,44,706,6.0,Inactive,1.7961805091890703e-10,8.980902545945351E-12,50,1.6989700043360187
https://comptox.epa.gov/dashboard/chemical/details/DTXSID6032352,Chlorpyrifos-methyl,5598-13-0,C7H7Cl3NO3PS,320.894984,110,811,14.0,Inactive,1.2934270585742706,0.06467135292871354,50.00000000000001,1.6989700043360187
https://comptox.epa.gov/dashboard/chemical/details/DTXSID6032356,Cycloate,1134-23-2,C11H21NOS,215.134385,22,674,3.0,Inactive,2.6341265691412444e-10,1.3170632845706222E-11,50,1.6989700043360187
https://comptox.epa.gov/dashboard/chemical/details/DTXSID6032431,S-Metolachlor,87392-12-9,C15H22ClNO2,283.133907,41,354,12.0,Inactive,0.13923357995345148,0.006961678997672574,50,1.6989700043360187
https://comptox.epa.gov/dashboard/chemical/details/DTXSID6032358,Cymoxanil,57966-95-7,C7H10N4O3,198.075290,40,732,5.0,Inactive,1.5596678335485563,0.07798339167742782,50,1.6989700043360187
https://comptox.epa.gov/dashboard/chemical/details/DTXSID6032514,"1,2-Benzenedicarboxaldehyde",643-79-8,C8H6O2,134.036779,128,612,21.0,Inactive,9.64441721430894e-10,4.8222086071544704E-11,50,1.6989700043360187
https://comptox.epa.gov/dashboard/chemical/details/DTXSID6032516,2-Hydroxyethyl octyl sulfide,3547-33-9,C10H22OS,190.139137,15,351,4.0,Inactive,9.507821928414927,0.47539109642074634,49.99999999999999,1.6989700043360187
https://comptox.epa.gov/dashboard/chemical/details/DTXSID6032641,Quinclorac,84087-01-4,C10H5Cl2NO2,240.969734,3,628,0.0,Inactive,1.3702527758395704,0.06851263879197853,50,1.6989700043360187
https://comptox.epa.gov/dashboard/chemical/details/DTXSID6032562,Octylbicycloheptenedicarboximide,113-48-4,C17H25NO2,275.188529,175,772,23.0,Inactive,0.6085019357928326,0.030425096789641632,50,1.6989700043360187
https://comptox.epa.gov/dashboard/chemical/details/DTXSID6032518,"4,5-Dichloro-3H-1,2-dithiol-3-one",1192-52-5,C3Cl2OS2,185.876762,235,481,49.0,Inactive,8.92487080652921,0.4462435403264605,5.459938869981443,0.7371877803277488
https://comptox.epa.gov/dashboard/chemical/details/DTXSID6032647,2-(Thiocyanomethylthio)benzothiazole,21564-17-0,C9H6N2S3,237.969312,352,746,47.0,Inactive,3.2035518518472847,0.16017759259236425,2.0080920436240173,0.30278361540617843
https://comptox.epa.gov/dashboard/chemical/details/DTXSID6032645,Sulfentrazone,122836-35-5,C11H10Cl2F2N4O3S,385.981873,24,636,4.0,Inactive,6.275591888930884e-10,3.137795944465442E-11,50,1.6989700043360187
https://comptox.epa.gov/dashboard/chemical/details/DTXSID6032649,Tetramethrin,7696-12-0,C19H25NO4,331.178358,133,706,19.0,Inactive,6.3477442609161375e-9,3.1738721304580687E-10,50,1.6989700043360187
https://comptox.epa.gov/dashboard/chemical/details/DTXSID6034005,Sulfamic acid,5329-14-6,H3NO3S,96.983364,2,347,1.0,Inactive,9.44158902901044e-12,4.72079451450522E-13,50,1.6989700043360187
https://comptox.epa.gov/dashboard/chemical/details/DTXSID6034186,Spironolactone,52-01-7,C24H32O4S,416.202131,213,680,31.0,Active,63.42759417973495,3.1713797089867475,0.14185412346187262,-0.8481580354711629
https://comptox.epa.gov/dashboard/chemical/details/DTXSID6034392,Boscalid,188425-85-6,C18H12Cl2N2O,342.032668,58,727,8.0,Inactive,0.4067112334974813,0.020335561674874065,50,1.6989700043360187
https://comptox.epa.gov/dashboard/chemical/details/DTXSID6034265,Clopyralid-olamine,57754-85-5,C8H10Cl2N2O3,252.006848,12,655,2.0,Inactive,4.709351371888793e-10,2.3546756859443965E-11,50,1.6989700043360187
https://comptox.epa.gov/dashboard/chemical/details/DTXSID6034924,Sodium trichloroacetate,650-51-1,C2Cl3NaO2,183.886157,11,566,2.0,Inactive,3.0769639036133842,0.15384819518066922,50,1.6989700043360187
https://comptox.epa.gov/dashboard/chemical/details/DTXSID6034764,Nicosulfuron,111991-09-4,C15H18N6O6S,410.100853,3,454,1.0,Inactive,6.434019008993519e-11,3.2170095044967593E-12,50,1.6989700043360187
https://comptox.epa.gov/dashboard/chemical/details/DTXSID6034849,Propamocarb hydrochloride,25606-41-1,C9H21ClN2O2,224.129156,7,638,1.0,Inactive,0.6184035444368458,0.030920177221842288,50.00000000000001,1.6989700043360187
https://comptox.epa.gov/dashboard/chemical/details/DTXSID6034928,Spirodiclofen,148477-71-8,C21H24Cl2O4,410.105165,151,728,21.0,Inactive,7.957405787599567e-10,3.9787028937997834E-11,50,1.6989700043360187
https://comptox.epa.gov/dashboard/chemical/details/DTXSID6034972,Thymol,89-83-8,C10H14O,150.104465,22,608,4.0,Inactive,6.721944232032784e-12,3.360972116016392E-13,50,1.6989700043360187
https://comptox.epa.gov/dashboard/chemical/details/DTXSID6035152,"1-(Hydroxymethyl)-5,5-dimethylhydantoin",116-25-6,C6H10N2O3,158.069142,12,582,2.0,Inactive,5.366754486338976,0.2683377243169488,50,1.6989700043360187
https://comptox.epa.gov/dashboard/chemical/details/DTXSID6036467,"Disodium 4,4'-bis(2-sulfostyryl)biphenyl",27344-41-8,C28H20Na2O6S2,562.049669,58,366,16.0,Inactive,1.0891614889463114e-11,5.445807444731557E-13,50,1.6989700043360187
https://comptox.epa.gov/dashboard/chemical/details/DTXSID6040111,Ethyl butyrate,105-54-4,C6H12O2,116.083730,9,574,2.0,Active,95.28192248615116,4.764096124307558,50,1.6989700043360187
https://comptox.epa.gov/dashboard/chemical/details/DTXSID6040371,Fenaminosulf,140-56-7,C8H10N3NaO3S,251.034057,87,643,14.0,Inactive,1.6670133333171082e-9,8.335066666585541E-11,50,1.6989700043360187
https://comptox.epa.gov/dashboard/chemical/details/DTXSID6040747,17alpha-Hydroxyprogesterone,68-96-2,C21H30O3,330.219495,87,641,14.0,Inactive,12.02731627926283,0.6013658139631415,16.846025569012987,1.2264974555311585
https://comptox.epa.gov/dashboard/chemical/details/DTXSID6041210,gamma-Terpinene,99-85-4,C10H16,136.125201,2,344,1.0,Inactive,2.739355039204714e-10,1.3696775196023571E-11,50.00000000000001,1.6989700043360187
https://comptox.epa.gov/dashboard/chemical/details/DTXSID6040795,Chloramine-T trihydrate,7080-50-4,C7H13ClNNaO5S,281.010066,2,346,1.0,Inactive,1.250789912733883e-8,6.253949563669415E-10,50,1.6989700043360187
https://comptox.epa.gov/dashboard/chemical/details/DTXSID6041426,"3,4-Dihydro-2H-pyran",110-87-2,C5H8O,84.057515,0,344,0.0,Inactive,4.781203111741617e-12,2.3906015558708086E-13,50,1.6989700043360187
https://comptox.epa.gov/dashboard/chemical/details/DTXSID6041472,"3,5-Dimethyl-1-hexyn-3-ol",107-54-0,C8H14O,126.104465,0,348,0.0,Inactive,2.655235987964299e-10,1.3276179939821496E-11,50,1.6989700043360187
https://comptox.epa.gov/dashboard/chemical/details/DTXSID6041422,7-(Dimethylamino)-4-methylcoumarin,87-01-4,C12H13NO2,203.094629,93,399,23.0,Inactive,2.783540224913285,0.13917701124566423,4.029704585288482,0.6052732094955389
https://comptox.epa.gov/dashboard/chemical/details/DTXSID6041424,"2,6-Dimethyl-2-heptanol",13254-34-7,C9H20O,144.151415,0,464,0.0,Inactive,5.182906287424104e-11,2.591453143712052E-12,50,1.6989700043360187
https://comptox.epa.gov/dashboard/chemical/details/DTXSID6041682,Bromophenol blue,115-39-9,C19H10Br4O5S,665.698247,88,373,24.0,Inactive,4.889888391746348e-9,2.444944195873174E-10,44.9999999999995,1.6532125137753388
https://comptox.epa.gov/dashboard/chemical/details/DTXSID6041636,(+/-)-alpha-Methylbenzyl acetate,93-92-5,C10H12O2,164.083730,2,351,1.0,Inactive,4.764237002001934e-10,2.3821185010009668E-11,50,1.6989700043360187
https://comptox.epa.gov/dashboard/chemical/details/DTXSID6041715,"C.I. Acid Violet 12, disodium salt",6625-46-3,C19H15N3Na2O9S2,539.004510,43,357,12.0,Inactive,5.973429009150276e-9,2.986714504575138E-10,50,1.6989700043360187
https://comptox.epa.gov/dashboard/chemical/details/DTXSID6041719,"C.I. Acid Yellow 17, disodium salt",6359-98-4,C16H10Cl2N4Na2O7S2,549.916335,21,352,6.0,Inactive,4.423015596835582,0.2211507798417791,49.99999999999999,1.6989700043360187
https://comptox.epa.gov/dashboard/chemical/details/DTXSID6041688,Bupirimate,41483-43-6,C13H24N4O3S,316.156912,40,241,17.0,Inactive,0.7437245030117732,0.037186225150588656,50,1.6989700043360187
https://comptox.epa.gov/dashboard/chemical/details/DTXSID6041557,Dihydromyrcenol,53219-21-9,, ,3,349,1.0,Inactive,6.2274605451598815,0.3113730272579941,50,1.6989700043360187
https://comptox.epa.gov/dashboard/chemical/details/DTXSID6042234,Octyl beta-D-glucopyranoside,29836-26-8,C14H28O6,292.188589,1,345,0.0,Inactive,1.0117366839948625,0.05058683419974312,50,1.6989700043360187
https://comptox.epa.gov/dashboard/chemical/details/DTXSID6042074,Isopropyl-o-cresol,499-75-2,C10H14O,150.104465,15,364,4.0,Inactive,9.88847587966648,0.494423793983324,50,1.6989700043360187
https://comptox.epa.gov/dashboard/chemical/details/DTXSID6041927,Ethirimol,23947-60-6,C11H19N3O,209.152812,6,241,2.0,Inactive,0.21586168440292475,0.010793084220146238,50,1.6989700043360187
https://comptox.epa.gov/dashboard/chemical/details/DTXSID6042232,Hydroxycitronellal,107-75-5,C10H20O2,172.146330,5,348,1.0,Inactive,3.9044803899461466e-11,1.9522401949730735E-12,49.99999999999999,1.6989700043360187
https://comptox.epa.gov/dashboard/chemical/details/DTXSID6042490,Triethoxymethylsilane,2031-67-6,C7H18O3Si,178.102521,1,462,0.0,Inactive,1.5762302188784694e-10,7.881151094392347E-12,50,1.6989700043360187
https://comptox.epa.gov/dashboard/chemical/details/DTXSID6042494,Trimethoxypropylsilane,1067-25-0,C6H16O3Si,164.086871,1,346,0.0,Inactive,1.6120468306246332e-9,8.060234153123166E-11,50,1.6989700043360187
https://comptox.epa.gov/dashboard/chemical/details/DTXSID6043709,Cyclopamine,4449-51-8,C27H41NO2,411.313730,84,651,13.0,Inactive,9.818307427706591,0.49091537138532954,0.030663765245199794,-1.5133745186005798
https://comptox.epa.gov/dashboard/chemical/details/DTXSID6042369,Rhodamine B,81-88-9,C28H31ClN2O3,478.202321,120,357,34.0,Inactive,1.9472588626863944e-10,9.736294313431972E-12,50,1.6989700043360187
https://comptox.epa.gov/dashboard/chemical/details/DTXSID6044303,Atorvastatin calcium,134523-03-8,C66H68CaF2N4O10,1154.452942,58,368,16.0,Inactive,14.693208347758837,0.7346604173879419,44.9999999999995,1.6532125137753388
https://comptox.epa.gov/dashboard/chemical/details/DTXSID6043915,"17-((1-Oxohexyl)oxy)pregn-4-ene-3,20-dione",630-56-8,C27H40O4,428.292660,153,397,39.0,Inactive,8.438388850767382,0.4219194425383691,3.749704643027935,0.5739970605397477
https://comptox.epa.gov/dashboard/chemical/details/DTXSID6044430,"1,2-Diphenylethanone",451-40-1,C14H12O,196.088815,18,368,5.0,Inactive,1.971580598928737e-9,9.857902994643686E-11,50,1.6989700043360187
https://comptox.epa.gov/dashboard/chemical/details/DTXSID6045400,Ronidazole,7681-76-7,C6H8N4O4,200.054555,1,347,0.0,Inactive,0.2632112072117528,0.01316056036058764,50,1.6989700043360187
https://comptox.epa.gov/dashboard/chemical/details/DTXSID6047103,Octadecyl sulfate sodium salt,1120-04-3,C18H37NaO4S,372.231025,106,360,29.0,Inactive,12.491281920382548,0.6245640960191274,83.70420187568955,1.9227472597330677
https://comptox.epa.gov/dashboard/chemical/details/DTXSID6047280,CP-607366,289716-94-5,C14H12Cl2FNO,299.027998,190,612,31.0,Active,216.00495370010137,10.800247685005068,75.12110459412436,1.8757619652485498
https://comptox.epa.gov/dashboard/chemical/details/DTXSID6047288,UK-337312,203942-49-8,C34H42Cl2F6N2O4S,758.214653,373,648,58.0,Active,35.301527490141105,1.7650763745070552,28.778579207553033,1.4590693491019406
https://comptox.epa.gov/dashboard/chemical/details/DTXSID6047311,GSK163929B,NOCAS_47311,C36H40ClF2N5O3S,695.250845,241,648,37.0,Inactive,7.46264421917332e-8,3.73132210958666E-9,50,1.6989700043360187
https://comptox.epa.gov/dashboard/chemical/details/DTXSID6047282,CP-671305,445295-04-5,C23H19FN2O7,454.117629,14,598,2.0,Inactive,1.5046956265165195e-11,7.523478132582597E-13,50,1.6989700043360187
https://comptox.epa.gov/dashboard/chemical/details/DTXSID6047284,"(R)-N-(Quinuclidin-3-yl)furo(2,3-C)pyridine-5-carboxamide",478149-53-0,C15H17N3O2,271.132077,20,610,3.0,Inactive,8.336128955793374,0.4168064477896687,49.99999999999999,1.6989700043360187
https://comptox.epa.gov/dashboard/chemical/details/DTXSID6047313,GW473178E methyl benzene sulphonic acid,263553-33-9,C28H37N3O5S,527.245392,98,601,16.0,Inactive,4.636934621332987e-11,2.3184673106664936E-12,35.000000000000256,1.5440680443502788
https://comptox.epa.gov/dashboard/chemical/details/DTXSID6047315,PharmaGSID_47315,444610-91-7,C33H34F3N3O4S2,657.194283,364,634,57.0,Inactive,1.2664620925677004e-10,6.332310462838502E-12,50,1.6989700043360187
https://comptox.epa.gov/dashboard/chemical/details/DTXSID6047319,Carabersat,184653-84-7,C20H20FNO4,357.137636,17,570,3.0,Inactive,0.18315590651087113,0.009157795325543557,50,1.6989700043360187
https://comptox.epa.gov/dashboard/chemical/details/DTXSID6047363,Volinanserin,139290-65-6,C22H28FNO3,373.205322,103,662,16.0,Inactive,7.473069202214024,0.3736534601107012,50,1.6989700043360187
https://comptox.epa.gov/dashboard/chemical/details/DTXSID6047367,HMR1171,328392-46-7,C35H48N4O3S,604.344713,142,289,49.0,Inactive,15.51271298011761,0.7756356490058806,16.733018495476237,1.2235742910928653
https://comptox.epa.gov/dashboard/chemical/details/DTXSID6047525,Pravastatin sodium,81131-70-6,C23H35NaO7,446.228048,40,657,6.0,Inactive,3.5126202213276914,0.17563101106638457,46.3187788938967,1.665757101526097
https://comptox.epa.gov/dashboard/chemical/details/DTXSID6047448,Potassium chlorate,3811-04-9,ClKO3,121.917303,3,356,1.0,Inactive,2.5920846614406993e-9,1.2960423307203498E-10,49.99999999999999,1.6989700043360187
https://comptox.epa.gov/dashboard/chemical/details/DTXSID6047369,SR146131 trifluoroacetate (1:1),221671-62-1,C34H37ClF3N3O7S,723.199284,362,603,60.0,Inactive,5.032966396453392,0.2516483198226696,96.19630850997856,1.9831584065023988
https://comptox.epa.gov/dashboard/chemical/details/DTXSID6047527,"Adipic acid, polypropyleneglycol, laurate",66456-53-9,, ,16,587,3.0,Inactive,1.0335841034788582e-8,5.167920517394292E-10,25000.000000000047,4.397940008672038
https://comptox.epa.gov/dashboard/chemical/details/DTXSID6048171,FR145237,146011-65-6,C30H22ClF3N2O2,534.132190,73,604,12.0,Inactive,14.046763440551077,0.7023381720275539,0.11358352398496863,-0.9446846612425887
https://comptox.epa.gov/dashboard/chemical/details/DTXSID6048175,Difpas-pyrazole,151506-44-4,C18H16F2N2O2S,362.090055,80,622,13.0,Inactive,3.1408606506547966e-10,1.5704303253273983E-11,50,1.6989700043360187
https://comptox.epa.gov/dashboard/chemical/details/DTXSID6048204,4-Butylcyclohexanol,70568-60-4,C10H20O,156.151415,2,345,1.0,Inactive,2.0826451549065036e-10,1.0413225774532518E-11,50,1.6989700043360187
https://comptox.epa.gov/dashboard/chemical/details/DTXSID6048200,"2,4,6-Trimethylbenzoic acid",480-63-7,C10H12O2,164.083730,3,345,1.0,Inactive,0.08378559762449517,0.004189279881224759,50.00000000000001,1.6989700043360187
https://comptox.epa.gov/dashboard/chemical/details/DTXSID6048206,4-Chloropentylbenzene,79098-20-7,C11H15Cl,182.086228,9,349,3.0,Inactive,2.787979284615246e-10,1.393989642307623E-11,50,1.6989700043360187
https://comptox.epa.gov/dashboard/chemical/details/DTXSID6048202,Isopropyl phenyl ketone,611-70-1,C10H12O,148.088815,3,350,1.0,Inactive,1.1433645489140891,0.057168227445704455,50.00000000000001,1.6989700043360187
https://comptox.epa.gov/dashboard/chemical/details/DTXSID6048208,Methyl 2-methylbenzoate,89-71-4,C9H10O2,150.068080,2,353,1.0,Inactive,1.642148608776679,0.08210743043883395,50,1.6989700043360187
https://comptox.epa.gov/dashboard/chemical/details/DTXSID7020182,Bisphenol A,80-05-7,C15H16O2,228.115030,221,951,23.0,Active,160.31090973212264,8.015545486606133,83.88009918972348,1.9236589353546332
https://comptox.epa.gov/dashboard/chemical/details/DTXSID7020005,Acetamide,60-35-5,C2H5NO,59.037114,9,598,2.0,Inactive,5.917661952189748,0.2958830976094874,0.022537323380340802,-1.6470976637190788
https://comptox.epa.gov/dashboard/chemical/details/DTXSID7020348,Coumarin,91-64-5,C9H6O2,146.036779,10,578,2.0,Inactive,5.845856186172094,0.2922928093086047,0.3953395710102665,-0.40302971332893817
https://comptox.epa.gov/dashboard/chemical/details/DTXSID7020267,Chlordane,57-74-9,C10H6Cl8,405.797772,303,639,47.0,Inactive,0.2700498392427857,0.013502491962139285,50.00000000000001,1.6989700043360187
https://comptox.epa.gov/dashboard/chemical/details/DTXSID7020392,Diallyl phthalate,131-17-9,C14H14O4,246.089209,44,653,7.0,Inactive,0.00000822853988657039,4.114269943285195E-7,50,1.6989700043360187
https://comptox.epa.gov/dashboard/chemical/details/DTXSID7020508,Dimethylarsinic acid,75-60-5,C2H7AsO2,137.966199,25,639,4.0,Inactive,1.3871438489273302,0.06935719244636651,2.32142398454255,0.3657544671819413
https://comptox.epa.gov/dashboard/chemical/details/DTXSID7020479,Dimethoate,60-51-5,C5H12NO3PS2,228.999623,33,751,4.0,Inactive,1.0402685248804428e-10,5.201342624402214E-12,50,1.6989700043360187
https://comptox.epa.gov/dashboard/chemical/details/DTXSID7020425,Dichlone,117-80-6,C10H4Cl2O2,225.958835,154,362,43.0,Inactive,21.93278434182972,1.096639217091486,1.1645859960849205,0.06617156349859905
https://comptox.epa.gov/dashboard/chemical/details/DTXSID7020685,beta-Hexachlorocyclohexane,319-85-7,C6H6Cl6,287.860066,40,585,7.0,Inactive,2.5760454096034695,0.12880227048017348,0.026497872153752225,-1.576788999609872
https://comptox.epa.gov/dashboard/chemical/details/DTXSID7020687,"1,2,3,4,5,6-Hexachlorocyclohexane",608-73-1,C6H6Cl6,287.860066,95,446,21.0,Active,171.902930073605,8.595146503680251,93.93841987104649,1.9728432506837559
https://comptox.epa.gov/dashboard/chemical/details/DTXSID7020683,"Hexachloro-1,3-butadiene",87-68-3,C4Cl6,257.813116,84,476,18.0,Inactive,1.7413318760872634,0.08706659380436317,50,1.6989700043360187
https://comptox.epa.gov/dashboard/chemical/details/DTXSID7020766,Propham,122-42-9,C10H13NO2,179.094629,8,367,2.0,Inactive,2.789485236511295,0.13947426182556474,0.002692335362518555,-2.5698708445149667
https://comptox.epa.gov/dashboard/chemical/details/DTXSID7020716,Hydroquinone,123-31-9,C6H6O2,110.036779,118,617,19.0,Inactive,5.427053106604693,0.27135265533023467,86.87110146395202,1.9388753280938975
https://comptox.epa.gov/dashboard/chemical/details/DTXSID7020760,Ifosfamide,3778-73-2,C7H15Cl2N2O2P,260.024820,3,434,1.0,Inactive,1.5693387833548426e-9,7.846693916774213E-11,50,1.6989700043360187
https://comptox.epa.gov/dashboard/chemical/details/DTXSID7020768,Kaempferol,520-18-3,C15H10O6,286.047738,90,399,23.0,Inactive,1.3616315984405261e-11,6.80815799220263E-13,50,1.6989700043360187
https://comptox.epa.gov/dashboard/chemical/details/DTXSID7020764,Chlorpropham,101-21-3,C10H12ClNO2,213.055656,74,676,11.0,Inactive,1.8966427628055147,0.09483213814027573,50,1.6989700043360187
https://comptox.epa.gov/dashboard/chemical/details/DTXSID7020710,"1,2-Diphenylhydrazine",122-66-7,C12H12N2,184.100048,52,613,8.0,Inactive,1.3908431678583431e-11,6.954215839291715E-13,50,1.6989700043360187
https://comptox.epa.gov/dashboard/chemical/details/DTXSID7020843,Methyl linoleate,112-63-0,C19H34O2,294.255880,178,481,37.0,Active,34.7659933396292,1.7382996669814599,50,1.6989700043360187
https://comptox.epa.gov/dashboard/chemical/details/DTXSID7020970,Nitrofen,1836-75-5,C12H7Cl2NO3,282.980299,122,685,18.0,Inactive,8.667761540680644,0.4333880770340322,9.921263128406887,0.9965669679984237
https://comptox.epa.gov/dashboard/chemical/details/DTXSID7020895,Mirex,2385-85-5,C10Cl12,539.626232,38,637,6.0,Inactive,5.952895654718767e-11,2.9764478273593835E-12,50,1.6989700043360187
https://comptox.epa.gov/dashboard/chemical/details/DTXSID7020845,Methyl methanesulfonate,66-27-3,C2H6O3S,110.003765,6,587,1.0,Inactive,0.1374480735071456,0.0068724036753572805,50,1.6989700043360187
https://comptox.epa.gov/dashboard/chemical/details/DTXSID7020972,Nitrofurantoin,67-20-9,C8H6N4O5,238.033819,105,591,18.0,Inactive,1.7183170230152651,0.08591585115076325,50,1.6989700043360187
https://comptox.epa.gov/dashboard/chemical/details/DTXSID7021150,Phenylmercuric acetate,62-38-4,C8H8HgO2,338.023072,492,730,67.0,Inactive,4.277214265782705,0.21386071328913525,0.087864191768942,-1.0561880815317102
https://comptox.epa.gov/dashboard/chemical/details/DTXSID7021106,Pentachlorophenol,87-86-5,C6HCl5O,263.847003,248,608,41.0,Inactive,0.23150480328990924,0.011575240164495463,25.000000000000075,1.3979400086720388
https://comptox.epa.gov/dashboard/chemical/details/DTXSID7021152,4-Phenylphenol,92-69-3,C12H10O,170.073165,128,526,24.0,Active,135.03808803203717,6.751904401601858,78.69017061246676,1.8959204869286783
https://comptox.epa.gov/dashboard/chemical/details/DTXSID7021233,FD&C Red 3,16423-68-0,C20H6I4Na2O5,879.618940,201,477,42.0,Inactive,1.1328060742793025,0.056640303713965126,29.999999999999755,1.4771212547196588
https://comptox.epa.gov/dashboard/chemical/details/DTXSID7021029,N-Nitrosodimethylamine,62-75-9,C2H6N2O,74.048013,5,584,1.0,Inactive,6.474932452364199e-11,3.2374662261820994E-12,50,1.6989700043360187
https://comptox.epa.gov/dashboard/chemical/details/DTXSID7021100,Parathion,56-38-2,C10H14NO5PS,291.033031,110,741,15.0,Inactive,8.91003012954941,0.4455015064774705,50,1.6989700043360187
https://comptox.epa.gov/dashboard/chemical/details/DTXSID7021239,Retinoic acid,302-79-4,C20H28O2,300.208930,239,689,35.0,Inactive,1.5261905839536463,0.07630952919768232,50,1.6989700043360187
https://comptox.epa.gov/dashboard/chemical/details/DTXSID7021364,2-Methylaniline hydrochloride,636-21-5,C7H10ClN,143.050177,6,350,2.0,Inactive,9.138167237325254e-12,4.569083618662627E-13,50,1.6989700043360187
https://comptox.epa.gov/dashboard/chemical/details/DTXSID7021237,Reserpine,50-55-5,C33H40N2O9,608.273381,255,677,38.0,Inactive,11.762826072678875,0.5881413036339438,50,1.6989700043360187
https://comptox.epa.gov/dashboard/chemical/details/DTXSID7021520,2-[2-(2-Butoxyethoxy)ethoxy]ethanol,143-22-6,C10H22O4,206.151809,15,355,4.0,Inactive,2.3654038973270743e-11,1.1827019486635372E-12,50,1.6989700043360187
https://comptox.epa.gov/dashboard/chemical/details/DTXSID7021491,Benzonitrile,100-47-0,C7H5N,103.042199,1,332,0.0,Inactive,9.61168263657671e-9,4.805841318288355E-10,50,1.6989700043360187
https://comptox.epa.gov/dashboard/chemical/details/DTXSID7021605,Hexanedioic acid,124-04-9,C6H10O4,146.057909,7,595,1.0,Inactive,0.156037357474662,0.007801867873733099,50,1.6989700043360187
https://comptox.epa.gov/dashboard/chemical/details/DTXSID7021607,Hexanoic acid,142-62-1,C6H12O2,116.083730,8,584,1.0,Inactive,5.404762105489349e-8,2.7023810527446745E-9,50,1.6989700043360187
https://comptox.epa.gov/dashboard/chemical/details/DTXSID7021780,Diethyl phthalate,84-66-2,C12H14O4,222.089209,6,596,1.0,Inactive,2.9521849041385946,0.14760924520692972,50,1.6989700043360187
https://comptox.epa.gov/dashboard/chemical/details/DTXSID7021861,5-Ethyl-2-methylpyridine,104-90-5,C8H11N,121.089149,0,202,0.0,Inactive,0.5834964723446099,0.029174823617230495,1.8827956388755944,0.2748031836782954
https://comptox.epa.gov/dashboard/chemical/details/DTXSID7021655,Pentanoic acid,109-52-4,C5H10O2,102.068080,3,345,1.0,Inactive,7.507163177576167e-12,3.7535815887880833E-13,50,1.6989700043360187
https://comptox.epa.gov/dashboard/chemical/details/DTXSID7021863,Diethyl propanedioate,105-53-3,C7H12O4,160.073559,1,354,0.0,Inactive,0.780747731271097,0.03903738656355485,50,1.6989700043360187
https://comptox.epa.gov/dashboard/chemical/details/DTXSID7021788,3-(Trifluoromethyl)-4-nitrophenol,88-30-2,C7H4F3NO3,207.014327,98,361,27.0,Inactive,4.723833576899819e-11,2.3619167884499094E-12,50,1.6989700043360187
https://comptox.epa.gov/dashboard/chemical/details/DTXSID7021653,Pentanal,110-62-3,C5H10O,86.073165,13,598,2.0,Inactive,4.482287090944428,0.22411435454722142,50,1.6989700043360187
https://comptox.epa.gov/dashboard/chemical/details/DTXSID7021815,"3,4-Dichloroaniline",95-76-1,C6H5Cl2N,160.979905,22,369,6.0,Inactive,6.869254562037659,0.34346272810188294,50,1.6989700043360187
https://comptox.epa.gov/dashboard/chemical/details/DTXSID7021946,1-Decanol,112-30-1,C10H22O,158.167065,20,598,3.0,Inactive,11.827675027929356,0.5913837513964678,93.92928476382912,1.9728010153600535
https://comptox.epa.gov/dashboard/chemical/details/DTXSID7021948,Propoxur,114-26-1,C11H15NO3,209.105193,20,653,3.0,Inactive,8.939328441008579,0.4469664220504289,50,1.6989700043360187
https://comptox.epa.gov/dashboard/chemical/details/DTXSID7021869,p-Cresol,106-44-5,C7H8O,108.057515,6,591,1.0,Inactive,4.3140245300534645e-10,2.1570122650267322E-11,50,1.6989700043360187
https://comptox.epa.gov/dashboard/chemical/details/DTXSID7021940,1-Octanol,111-87-5,C8H18O,130.135765,4,585,1.0,Inactive,6.246898280429644e-10,3.123449140214822E-11,50,1.6989700043360187
https://comptox.epa.gov/dashboard/chemical/details/DTXSID7022043,"2,6-Pyridinedicarboxylic acid",499-83-2,C7H5NO4,167.021858,1,348,0.0,Inactive,0.5626396275228673,0.028131981376143367,50,1.6989700043360187
https://comptox.epa.gov/dashboard/chemical/details/DTXSID7022120,Carbophenothion,786-19-6,C11H16ClO2PS3,341.973858,63,449,14.0,Inactive,0.3266170004134652,0.01633085002067326,50,1.6989700043360187
https://comptox.epa.gov/dashboard/chemical/details/DTXSID7022049,"2,4,6-Trimethylphenol",527-60-6,C9H12O,136.088815,20,585,3.0,Inactive,2.7927293246424675e-8,1.3963646623212338E-9,50,1.6989700043360187
https://comptox.epa.gov/dashboard/chemical/details/DTXSID7021992,Sodium saccharin hydrate,82385-42-0,C7H6NNaO4S,222.991523,4,607,1.0,Inactive,2.281566210111582e-10,1.140783105055791E-11,50,1.6989700043360187
https://comptox.epa.gov/dashboard/chemical/details/DTXSID7022413,Isoeugenol,97-54-1,C10H12O2,164.083730,35,604,6.0,Inactive,4.5281730164628705e-11,2.2640865082314353E-12,50,1.6989700043360187
https://comptox.epa.gov/dashboard/chemical/details/DTXSID7022332,4-(Butan-2-yl)phenol,99-71-8,C10H14O,150.104465,76,652,12.0,Active,160.1269641724698,8.00634820862349,82.76462516813454,1.9178447525213866
https://comptox.epa.gov/dashboard/chemical/details/DTXSID7022253,Resmethrin,10453-86-8,C22H26O3,338.188195,142,714,20.0,Inactive,3.848911914386484,0.1924455957193242,50,1.6989700043360187
https://comptox.epa.gov/dashboard/chemical/details/DTXSID7022411,"4,4'-Methylenebis(2,6-di-t-butylphenol)",118-82-1,C29H44O2,424.334131,8,357,2.0,Inactive,1.5857617401585575,0.07928808700792787,0.0005000000099890339,-3.3010299869876167
https://comptox.epa.gov/dashboard/chemical/details/DTXSID7022174,O-Ethyl O-(p-nitrophenyl phenyl)phosphonothioate,2104-64-5,C14H14NO4PS,323.038116,93,640,15.0,Inactive,3.2550967041492964e-10,1.6275483520746483E-11,50,1.6989700043360187
https://comptox.epa.gov/dashboard/chemical/details/DTXSID7022679,Biotin,58-85-5,C10H16N2O3S,244.088164,0,354,0.0,Inactive,8.458251493836481e-11,4.229125746918241E-12,50,1.6989700043360187
https://comptox.epa.gov/dashboard/chemical/details/DTXSID7023192,Lactic acid,50-21-5,C3H6O3,90.031694,0,348,0.0,Inactive,1.0979846103352564,0.05489923051676282,0.0005035242383643276,-3.297979618785612
https://comptox.epa.gov/dashboard/chemical/details/DTXSID7023645,Tetracycline,60-54-8,C22H24N2O8,444.153266,30,643,5.0,Inactive,9.790834367485523e-11,4.895417183742762E-12,50,1.6989700043360187
https://comptox.epa.gov/dashboard/chemical/details/DTXSID7023936,Butylate,2008-41-5,C11H23NOS,217.150036,3,641,0.0,Inactive,2.2839299065950174,0.11419649532975087,50,1.6989700043360187
https://comptox.epa.gov/dashboard/chemical/details/DTXSID7024085,2-Cloroethylphosphonic acid,16672-87-0,C2H6ClO3P,143.974309,18,633,3.0,Inactive,1.169818601627529e-10,5.8490930081376455E-12,50,1.6989700043360187
https://comptox.epa.gov/dashboard/chemical/details/DTXSID7024087,2-Ethoxyethanol,110-80-5,C4H10O2,90.068080,0,571,0.0,Inactive,3.175124427072257e-11,1.5875622135361284E-12,50,1.6989700043360187
https://comptox.epa.gov/dashboard/chemical/details/DTXSID7024081,Endothal,145-73-3,C8H10O5,186.052823,141,573,25.0,Inactive,2.9191412687322303e-9,1.4595706343661152E-10,50,1.6989700043360187
https://comptox.epa.gov/dashboard/chemical/details/DTXSID7024035,"2,4-Dichlorophenoxybutyric acid",94-82-6,C10H10Cl2O3,248.000700,30,669,4.0,Inactive,1.7006929238145,0.08503464619072501,9.801732123924076,0.9913028293037983
https://comptox.epa.gov/dashboard/chemical/details/DTXSID7024031,"(E)-1,2-Dichloroethylene",156-60-5,C2H2Cl2,95.953356,2,350,1.0,Inactive,3.595861156786942e-11,1.797930578393471E-12,50,1.6989700043360187
https://comptox.epa.gov/dashboard/chemical/details/DTXSID7024247,Pentachlorobenzene,608-93-5,C6HCl5,247.852089,21,433,5.0,Inactive,1.5176110082049652,0.07588055041024826,50,1.6989700043360187
https://comptox.epa.gov/dashboard/chemical/details/DTXSID7024166,"2,5-Furandione",108-31-6,C4H2O3,98.000394,0,327,0.0,Inactive,4.4147958819414255,0.22073979409707128,50,1.6989700043360187
https://comptox.epa.gov/dashboard/chemical/details/DTXSID7024376,Vernolate,1929-77-7,C10H21NOS,203.134385,6,574,1.0,Inactive,2.3181836116324006,0.11590918058162003,50,1.6989700043360187
https://comptox.epa.gov/dashboard/chemical/details/DTXSID7024328,Sulfotep,3689-24-5,C8H20O5P2S2,322.022740,41,442,9.0,Inactive,0.4410946886744726,0.02205473443372363,50,1.6989700043360187
https://comptox.epa.gov/dashboard/chemical/details/DTXSID7024112,Fomesafen,72178-02-0,C15H10ClF3N2O6S,437.990019,32,595,5.0,Inactive,1.9093920561999305,0.09546960280999653,50,1.6989700043360187
https://comptox.epa.gov/dashboard/chemical/details/DTXSID7024160,Lactofen,77501-63-4,C19H15ClF3NO7,461.048914,138,731,19.0,Inactive,1.0200382896133384,0.05100191448066692,50,1.6989700043360187
https://comptox.epa.gov/dashboard/chemical/details/DTXSID7024538,Anthralin,1143-38-0,C14H10O3,226.062994,56,615,9.0,Inactive,0.24216519503078743,0.012108259751539372,50,1.6989700043360187
https://comptox.epa.gov/dashboard/chemical/details/DTXSID7024299,Hexythiazox,78587-05-0,C17H21ClN2O2S,352.101227,186,676,28.0,Inactive,4.839967001502673,0.24199835007513365,50,1.6989700043360187
https://comptox.epa.gov/dashboard/chemical/details/DTXSID7024320,"1,2,4,5-Tetrachlorobenzene",95-94-3,C6H2Cl4,213.891061,6,596,1.0,Active,118.32741021535821,5.91637051076791,0.7062525172571386,-0.15103999123772766
https://comptox.epa.gov/dashboard/chemical/details/DTXSID7024827,Chlorpromazine hydrochloride,69-09-0,C17H20Cl2N2S,354.072425,399,732,55.0,Active,63.22229390757585,3.1611146953787927,50,1.6989700043360187
https://comptox.epa.gov/dashboard/chemical/details/DTXSID7024241,Oxyfluorfen,42874-03-3,C15H11ClF3NO4,361.032870,134,651,21.0,Inactive,0.9448118972813813,0.04724059486406906,50,1.6989700043360187
https://comptox.epa.gov/dashboard/chemical/details/DTXSID7024873,Cyanuric acid,108-80-5,C3H3N3O3,129.017441,5,579,1.0,Inactive,4.4657071895517673e-10,2.2328535947758837E-11,50,1.6989700043360187
https://comptox.epa.gov/dashboard/chemical/details/DTXSID7024821,1-Chloro-4-(trifluoromethyl)benzene,98-56-6,C7H4ClF3,179.995362,2,349,1.0,Inactive,5.5021965884879353e-11,2.7510982942439677E-12,50,1.6989700043360187
https://comptox.epa.gov/dashboard/chemical/details/DTXSID7024245,Pendimethalin,40487-42-1,C13H19N3O4,281.137556,142,691,21.0,Inactive,2.7609757102482675,0.13804878551241337,50,1.6989700043360187
https://comptox.epa.gov/dashboard/chemical/details/DTXSID7024902,Dazomet,533-74-4,C5H10N2S2,162.028541,168,663,25.0,Inactive,8.117102951681595,0.40585514758407976,0.01751444765763737,-1.7566035542082719
https://comptox.epa.gov/dashboard/chemical/details/DTXSID7025003,"2,5-Dichlorophenol",583-78-8,C6H4Cl2O,161.963920,9,472,2.0,Inactive,1.180144875143409e-10,5.900724375717045E-12,50,1.6989700043360187
https://comptox.epa.gov/dashboard/chemical/details/DTXSID7025055,Bis(2-ethylhexyl) decanedioate,122-62-3,C26H50O4,426.370910,18,595,3.0,Inactive,16.377660367558093,0.8188830183779047,0.008071685046657576,-2.093035792406333
https://comptox.epa.gov/dashboard/chemical/details/DTXSID7024586,Benzothiazole,95-16-9,C7H5NS,135.014270,6,356,2.0,Inactive,1.247663373298544e-9,6.23831686649272E-11,50,1.6989700043360187
https://comptox.epa.gov/dashboard/chemical/details/DTXSID7025217,(2-Dodecenyl)succinic anhydride,19780-11-1,C16H26O3,266.188195,24,360,7.0,Inactive,8.698395377939987,0.43491976889699935,0.0009811961025973813,-3.0082441855204958
https://comptox.epa.gov/dashboard/chemical/details/DTXSID7025219,Sodium dodecylbenzenesulfonate,25155-30-0,, ,267,717,37.0,Active,83.11648645512594,4.155824322756297,90.0982528240914,1.9547163692674854
https://comptox.epa.gov/dashboard/chemical/details/DTXSID7025132,"1,2-Dimethyl-3-nitrobenzene",83-41-0,C8H9NO2,151.063329,6,584,1.0,Inactive,0.34238047702878577,0.017119023851439288,50,1.6989700043360187
https://comptox.epa.gov/dashboard/chemical/details/DTXSID7025130,Dimethylnaphthalene,28804-88-8,, ,13,349,4.0,Inactive,8.677152136518328e-11,4.338576068259164E-12,50,1.6989700043360187
https://comptox.epa.gov/dashboard/chemical/details/DTXSID7025502,Linalool,78-70-6,C10H18O,154.135765,3,476,1.0,Inactive,0.474368759934954,0.0237184379967477,50,1.6989700043360187
https://comptox.epa.gov/dashboard/chemical/details/DTXSID7025429,6-Hydroxy-2-naphthyl disulfide,6088-51-3,C20H14O2S2,350.043522,153,394,39.0,Inactive,0.5325775795270158,0.02662887897635079,49.99999999999999,1.6989700043360187
https://comptox.epa.gov/dashboard/chemical/details/DTXSID7025506,Linolenic acid,463-40-1,C18H30O2,278.224580,52,365,14.0,Inactive,1.577282249887614,0.0788641124943807,0.45941710504342803,-0.3377928391634562
https://comptox.epa.gov/dashboard/chemical/details/DTXSID7025427,2-Hydroxy-2-methylpropanenitrile,75-86-5,C4H7NO,85.052764,5,355,1.0,Inactive,3.0135221173952063e-10,1.506761058697603E-11,50,1.6989700043360187
https://comptox.epa.gov/dashboard/chemical/details/DTXSID7025895,"N-Phenyl-1,4-benzenediamine",101-54-2,C12H12N2,184.100048,200,650,31.0,Inactive,11.010654225891312,0.5505327112945656,50,1.6989700043360187
https://comptox.epa.gov/dashboard/chemical/details/DTXSID7026102,Tetrachlorophthalic anhydride,117-08-8,C8Cl4O3,283.860155,6,350,2.0,Inactive,2.7994197591549597,0.13997098795774798,50,1.6989700043360187
https://comptox.epa.gov/dashboard/chemical/details/DTXSID7026235,Trimellitic anhydride,552-30-7,C9H4O5,192.005873,1,353,0.0,Inactive,4.16339542913072e-10,2.08169771456536E-11,50,1.6989700043360187
https://comptox.epa.gov/dashboard/chemical/details/DTXSID7026285,Veratraldehyde,120-14-9,C9H10O3,166.062994,7,347,2.0,Inactive,4.262082759328803e-11,2.1310413796644014E-12,50,1.6989700043360187
https://comptox.epa.gov/dashboard/chemical/details/DTXSID7026156,"Toluene 2,4-diisocyanate",584-84-9,C9H6N2O2,174.042927,72,604,12.0,Inactive,2.0614106071601916e-9,1.0307053035800958E-10,50,1.6989700043360187
https://comptox.epa.gov/dashboard/chemical/details/DTXSID7026029,Sodium dehydroacetate,4418-26-2,C8H7NaO4,190.024203,3,591,1.0,Inactive,17.19950904140258,0.859975452070129,49.99999999999999,1.6989700043360187
https://comptox.epa.gov/dashboard/chemical/details/DTXSID7026314,Zinc pyrithione,13463-41-7,C10H8N2O2S2Zn,315.931862,172,373,46.0,Active,172.49204855806076,8.624602427903039,29.289661754852578,1.466714356357281
https://comptox.epa.gov/dashboard/chemical/details/DTXSID7026499,"4,4'-Oxybis(benzenesulfohydrazide)",80-51-3,C12H14N4O5S2,358.040562,2,326,1.0,Inactive,1.7932918935813815,0.08966459467906908,50,1.6989700043360187
https://comptox.epa.gov/dashboard/chemical/details/DTXSID7026368,Salicylic acid,69-72-7,C7H6O3,138.031694,6,357,2.0,Inactive,5.909537884774995e-12,2.9547689423874974E-13,50,1.6989700043360187
https://comptox.epa.gov/dashboard/chemical/details/DTXSID7026946,Linalyl acetate,115-95-7,C12H20O2,196.146330,42,461,9.0,Inactive,1.2156943596508845,0.06078471798254422,0.020882281811797028,-1.680222047617668
https://comptox.epa.gov/dashboard/chemical/details/DTXSID7026994,n-Dodecylbenzene,123-01-3,C18H30,246.234751,12,595,2.0,Inactive,4.456052207382011e-10,2.2280261036910054E-11,50,1.6989700043360187
https://comptox.epa.gov/dashboard/chemical/details/DTXSID7026811,Benzenethiol,108-98-5,C6H6S,110.019021,22,358,6.0,Inactive,6.070783804873292,0.3035391902436646,0.0004999997485614757,-3.3010302140607632
https://comptox.epa.gov/dashboard/chemical/details/DTXSID7026867,Decanedioic acid,111-20-6,C10H18O4,202.120509,4,350,1.0,Inactive,1.1167877111242791e-11,5.583938555621396E-13,50,1.6989700043360187
https://comptox.epa.gov/dashboard/chemical/details/DTXSID7027041,"2,4,7,9-Tetramethyl-5-decyne-4,7-diol",126-86-3,C14H26O2,226.193280,39,597,7.0,Inactive,4.555554316921617e-11,2.2777771584608084E-12,50,1.6989700043360187
https://comptox.epa.gov/dashboard/chemical/details/DTXSID7027047,alpha-Isomethylionone,127-51-5,C14H22O,206.167065,26,630,4.0,Inactive,7.440327025669055,0.3720163512834528,50,1.6989700043360187
https://comptox.epa.gov/dashboard/chemical/details/DTXSID7027205,Octamethylcyclotetrasiloxane,556-67-2,C8H24O4Si4,296.075165,7,658,1.0,Inactive,1.2293596592828309,0.06146798296414154,50,1.6989700043360187
https://comptox.epa.gov/dashboard/chemical/details/DTXSID7027388,Diisooctyl adipate,1330-86-5,, ,6,462,1.0,Inactive,0.21496443420542544,0.010748221710271271,50,1.6989700043360187
https://comptox.epa.gov/dashboard/chemical/details/DTXSID7027461,Thiocarbazide,2231-57-4,CH6N4S,106.031317,43,385,11.0,Inactive,2.455567200144694,0.1227783600072347,0.0005000000042284834,-3.301029991991167
https://comptox.epa.gov/dashboard/chemical/details/DTXSID7027540,N-Butylbenzenesulfonamide,3622-84-2,C10H15NO2S,213.082350,11,354,3.0,Inactive,2.112781958486457,0.10563909792432284,0.6304392551652988,-0.2003567527347186
https://comptox.epa.gov/dashboard/chemical/details/DTXSID7027833,2-Ethyl-6-methylaniline,24549-06-2,C9H13N,135.104799,5,346,1.0,Inactive,3.240191377837719e-10,1.6200956889188594E-11,50,1.6989700043360187
https://comptox.epa.gov/dashboard/chemical/details/DTXSID7027887,Bis(2-ethylhexyl) tetrabromophthalate,26040-51-7,C24H34Br4O4,701.919062,14,476,3.0,Inactive,4.449540734930439,0.22247703674652194,0.0004000001087587456,-3.397939890588746
https://comptox.epa.gov/dashboard/chemical/details/DTXSID7027916,Neodecanoic acid,26896-20-8,, ,3,352,1.0,Inactive,0.1269961416605969,0.006349807083029844,50,1.6989700043360187
https://comptox.epa.gov/dashboard/chemical/details/DTXSID7027837,Tripropylene glycol,24800-44-0,C9H20O4,192.136159,3,465,1.0,Inactive,3.2742203457442145e-9,1.6371101728721071E-10,50,1.6989700043360187
https://comptox.epa.gov/dashboard/chemical/details/DTXSID7027625,Bis(2-ethylhexyl) terephthalate,6422-86-2,C24H38O4,390.277010,6,591,1.0,Inactive,2.0600519182561974e-12,1.0300259591280987E-13,50,1.6989700043360187
https://comptox.epa.gov/dashboard/chemical/details/DTXSID7027756,3-Phenoxybenzenemethanol,13826-35-2,C13H12O2,200.083730,43,399,11.0,Inactive,7.605621502798263,0.38028107513991316,50,1.6989700043360187
https://comptox.epa.gov/dashboard/chemical/details/DTXSID7029110,"3,7-Dimethyl-3-octanol",78-69-3,C10H22O,158.167065,2,351,1.0,Inactive,4.673966744424721e-12,2.3369833722123605E-13,50,1.6989700043360187
https://comptox.epa.gov/dashboard/chemical/details/DTXSID7028774,Alkyl (C12-C14) glycidyl ether,68609-97-2,, ,22,348,6.0,Inactive,10.15086408348895,0.5075432041744474,29.999999999999755,1.4771212547196588
https://comptox.epa.gov/dashboard/chemical/details/DTXSID7029162,"3-Bromo-1-chloro-5,5-dimethylhydantoin",126-06-7,C5H6BrClN2O2,239.930118,11,353,3.0,Inactive,1.4676292714334669e-10,7.338146357167334E-12,50,1.6989700043360187
https://comptox.epa.gov/dashboard/chemical/details/DTXSID7029164,"Sodium 1,4-diisobutyl sulfosuccinate",127-39-9,C12H21NaO7S,332.090568,4,345,1.0,Inactive,1.303089933766521,0.06515449668832604,0.5250899190549019,-0.2797663194407181
https://comptox.epa.gov/dashboard/chemical/details/DTXSID7029241,"2,4-Bis(1-methyl-1-phenylethyl)phenol",2772-45-4,C24H26O,330.198365,336,631,53.0,Active,107.71158008692281,5.38557900434614,87.35121733386887,1.9412689617253378
https://comptox.epa.gov/dashboard/chemical/details/DTXSID7029611,Ethylenebis(oxyethylene) dibenzoate,120-56-9,C20H22O6,358.141638,15,382,4.0,Inactive,1.8803095694657605e-11,9.401547847328802E-13,50,1.6989700043360187
https://comptox.epa.gov/dashboard/chemical/details/DTXSID7029661,"3,5,5-Trimethyl-1-hexanol",3452-97-9,C9H20O,144.151415,2,349,1.0,Inactive,1.3555580959481518e-9,6.777790479740759E-11,49.99999999999999,1.6989700043360187
https://comptox.epa.gov/dashboard/chemical/details/DTXSID7029320,4-(Dimethylamino)benzoic acid 2-ethylhexyl ester,21245-02-3,C17H27NO2,277.204179,27,367,7.0,Inactive,0.01112058579902233,5.560292899511165E-4,50,1.6989700043360187
https://comptox.epa.gov/dashboard/chemical/details/DTXSID7029871,Clotrimazole,23593-75-1,C22H17ClN2,344.108026,384,642,60.0,Inactive,3.520366307997828e-11,1.7601831539989139E-12,50,1.6989700043360187
https://comptox.epa.gov/dashboard/chemical/details/DTXSID7029879,Ketoconazole,65277-42-1,C26H28Cl2N4O4,530.148761,339,629,54.0,Inactive,4.369985883430933e-9,2.1849929417154665E-10,50,1.6989700043360187
https://comptox.epa.gov/dashboard/chemical/details/DTXSID7029904,Fluorotelomer alcohol 8:2,678-39-7,C10H5F17O,464.006894,178,687,26.0,Inactive,0.830124697517871,0.04150623487589355,50,1.6989700043360187
https://comptox.epa.gov/dashboard/chemical/details/DTXSID7030307,"3,5-Dichloroaniline",626-43-7,C6H5Cl2N,160.979905,4,350,1.0,Inactive,9.74521099165962e-9,4.87260549582981E-10,50,1.6989700043360187
https://comptox.epa.gov/dashboard/chemical/details/DTXSID7030060,"2,2-Dichloropropane",594-20-7,C3H6Cl2,111.984656,1,347,0.0,Inactive,2.3201287731955724,0.11600643865977862,50,1.6989700043360187
https://comptox.epa.gov/dashboard/chemical/details/DTXSID7030698,alpha-Cyclodextrin,10016-20-3,C36H60O30,972.316941,10,578,2.0,Inactive,1.8402723975069404e-10,9.201361987534702E-12,25.000000000000075,1.3979400086720388
https://comptox.epa.gov/dashboard/chemical/details/DTXSID7031248,Diquat dibromide monohydrate,6385-62-2,C12H14Br2N2O,359.947289,33,396,8.0,Inactive,3.828271604569776e-12,1.9141358022848878E-13,25.000000000000075,1.3979400086720388
https://comptox.epa.gov/dashboard/chemical/details/DTXSID7031290,Isocyclemone E,54464-57-2,C16H26O,234.198365,138,433,32.0,Inactive,4.8321418613399105,0.24160709306699552,93.87568844036038,1.9725531349363614
https://comptox.epa.gov/dashboard/chemical/details/DTXSID7032004,Flutamide,13311-84-7,C11H11F3N2O3,276.072177,197,710,28.0,Inactive,10.346893398229016,0.5173446699114508,50,1.6989700043360187
https://comptox.epa.gov/dashboard/chemical/details/DTXSID7032345,Chlorhexidine diacetate,56-95-1,C26H38Cl2N10O4,624.245455,198,381,52.0,Inactive,17.33568386282193,0.8667841931410966,6.131579900397719,0.787572391911452
https://comptox.epa.gov/dashboard/chemical/details/DTXSID7032393,Fenoxycarb,72490-01-8,C17H19NO4,301.131408,164,653,25.0,Inactive,0.7281460502608937,0.036407302513044686,50,1.6989700043360187
https://comptox.epa.gov/dashboard/chemical/details/DTXSID7032424,Mesotrione,104206-82-8,C14H13NO7S,339.041273,20,645,3.0,Inactive,5.326675751968748,0.2663337875984374,0.0030027548381926514,-2.522480124599717
https://comptox.epa.gov/dashboard/chemical/details/DTXSID7032553,Flumetralin,62924-70-3,C16H12ClF4N3O4,421.045246,166,683,24.0,Inactive,2.8930513558638554e-10,1.4465256779319278E-11,50,1.6989700043360187
https://comptox.epa.gov/dashboard/chemical/details/DTXSID7032470,Propetamphos,31218-83-4,C10H20NO4PS,281.085066,96,684,14.0,Inactive,6.564716109737046e-10,3.282358054868523E-11,50,1.6989700043360187
https://comptox.epa.gov/dashboard/chemical/details/DTXSID7032555,Flumioxazin,103361-09-7,C19H15FN2O4,354.101585,64,663,10.0,Inactive,4.708705736681977,0.23543528683409884,50,1.6989700043360187
https://comptox.epa.gov/dashboard/chemical/details/DTXSID7032559,lambda-Cyhalothrin,91465-08-6,C23H19ClF3NO3,449.100556,89,541,16.0,Inactive,7.591772758111553e-12,3.7958863790557767E-13,44.9999999999995,1.6532125137753388
https://comptox.epa.gov/dashboard/chemical/details/DTXSID7032630,N-Benzyl-1H-purin-6-amine,1214-39-7,C12H11N5,225.101445,16,360,4.0,Inactive,3.853123726814231e-11,1.9265618634071155E-12,50,1.6989700043360187
https://comptox.epa.gov/dashboard/chemical/details/DTXSID7032638,Pyraclostrobin,175013-18-0,C19H18ClN3O4,387.098584,320,804,40.0,Inactive,6.686318368299078e-11,3.343159184149539E-12,50,1.6989700043360187
https://comptox.epa.gov/dashboard/chemical/details/DTXSID7034252,Tepraloxydim,149979-41-9,C17H24ClNO4,341.139386,7,652,1.0,Inactive,1.6901518484935871,0.08450759242467935,0.02519896226453377,-1.5986173438242681
https://comptox.epa.gov/dashboard/chemical/details/DTXSID7034383,Bispyribac-sodium,125401-92-5,C19H17N4NaO8,452.094408,3,353,1.0,Inactive,8.967580793977267e-10,4.483790396988634E-11,50,1.6989700043360187
https://comptox.epa.gov/dashboard/chemical/details/DTXSID7032688,Phenothrin,26002-80-2,C23H26O3,350.188195,48,472,10.0,Inactive,0.15292309319648767,0.007646154659824383,50,1.6989700043360187
https://comptox.epa.gov/dashboard/chemical/details/DTXSID7034545,Dimethomorph,110488-70-5,C21H22ClNO4,387.123736,125,717,17.0,Inactive,2.8559622551889032,0.14279811275944515,22.113386094288945,1.3446552486605698
https://comptox.epa.gov/dashboard/chemical/details/DTXSID7034624,Fluopicolide,239110-15-7,C14H8Cl3F3N2O,381.965431,43,322,13.0,Inactive,3.12955166222896,0.156477583111448,0.21381221942583625,-0.669967478371551
https://comptox.epa.gov/dashboard/chemical/details/DTXSID7034549,1-Methyl-2-nitro-3-((tetrahydrofuran-3-yl)methyl)guanidine,165252-70-0,C7H14N4O3,202.106590,3,407,1.0,Inactive,9.725961127857065e-10,4.862980563928532E-11,50,1.6989700043360187
https://comptox.epa.gov/dashboard/chemical/details/DTXSID7034674,Ipconazole,125225-28-7,C18H24ClN3O,333.160790,166,404,41.0,Active,229.7430620211132,11.48715310105566,77.37771168599865,1.8886158820557029
https://comptox.epa.gov/dashboard/chemical/details/DTXSID7034961,Thiacloprid,111988-49-9,C10H9ClN4S,252.023645,22,732,3.0,Inactive,8.297481746718124e-11,4.148740873359062E-12,50,1.6989700043360187
https://comptox.epa.gov/dashboard/chemical/details/DTXSID7035010,Sodium warfarin,129-06-6,C19H15NaO4,330.086803,6,354,2.0,Inactive,1.804543419849231,0.09022717099246155,0.0046037949360057655,-2.3368840291222925
https://comptox.epa.gov/dashboard/chemical/details/DTXSID7034676,Isazofos,42509-80-8,C9H17ClN3O3PS,313.041677,87,678,13.0,Inactive,1.8461974773245224,0.09230987386622612,50,1.6989700043360187
https://comptox.epa.gov/dashboard/chemical/details/DTXSID7035272,"2,6-Diisopropylnaphthalene",24157-81-1,C16H20,212.156501,17,344,5.0,Inactive,4.678269917534119e-12,2.3391349587670595E-13,50,1.6989700043360187
https://comptox.epa.gov/dashboard/chemical/details/DTXSID7037185,Amiodarone hydrochloride,19774-82-4,C25H30ClI2NO3,681.000360,364,687,53.0,Active,87.13296129626846,4.356648064813423,29.27578661761506,1.466508573056099
https://comptox.epa.gov/dashboard/chemical/details/DTXSID7037262,Pregnenolone carbonitrile,1434-54-4,C22H31NO2,341.235479,27,363,7.0,Inactive,2.2147891926286642,0.11073945963143321,29.99999999999975,1.4771212547196588
https://comptox.epa.gov/dashboard/chemical/details/DTXSID7037551,Fenuron,101-42-8,C9H12N2O,164.094963,2,356,1.0,Inactive,9.499346656260219,0.47496733281301096,0.02855526641141528,-1.5443137836530234
https://comptox.epa.gov/dashboard/chemical/details/DTXSID7037717,Bisphenol AF,1478-61-1,C15H10F6O2,336.058499,401,794,51.0,Inactive,7.409013230181452,0.37045066150907263,50,1.6989700043360187
https://comptox.epa.gov/dashboard/chemical/details/DTXSID7038864,"2,2'-Methylenebis(ethyl-6-tert-butylphenol)",88-24-4,C25H36O2,368.271530,182,361,50.0,Active,86.14260295812161,4.307130147906081,90.63577130457462,1.9572996349187786
https://comptox.epa.gov/dashboard/chemical/details/DTXSID7038810,Divinyltetramethyldisiloxane,2627-95-4,C8H18OSi2,186.089618,3,346,1.0,Inactive,0.628591931952725,0.03142959659763625,50,1.6989700043360187
https://comptox.epa.gov/dashboard/chemical/details/DTXSID7040285,2-Hydroxyacetophenone,118-93-4,C8H8O2,136.052429,0,347,0.0,Inactive,8.369784144804367,0.4184892072402183,0.002903602273526696,-2.5370628722151127
https://comptox.epa.gov/dashboard/chemical/details/DTXSID7040360,"Ethyl 5,5-diphenyl-2-isoxazoline-3-carboxylate",163520-33-0,C18H17NO3,295.120843,20,469,4.0,Inactive,3.446340022789555e-11,1.7231700113947775E-12,50,1.6989700043360187
https://comptox.epa.gov/dashboard/chemical/details/DTXSID7040362,5-Chloro-N-(2-chloro-4-nitrophenyl)-2-hydroxybenzamide,50-65-7,C13H8Cl2N2O4,325.986112,320,704,45.0,Inactive,1.4028913614035379e-9,7.01445680701769E-11,25.000000000000075,1.3979400086720388
https://comptox.epa.gov/dashboard/chemical/details/DTXSID7041097,1-(2-Chlorophenyl)-N-methyl-N-(1-methylpropyl)-3-isoquinolinecarboxamide,85532-75-8,C21H21ClN2O,352.134241,129,630,20.0,Inactive,0.10451661265558843,0.005225830632779422,29.999999999999755,1.4771212547196588
https://comptox.epa.gov/dashboard/chemical/details/DTXSID7040788,2-tert-Butyl-4-methoxyphenol,121-00-6,C11H16O2,180.115030,64,623,10.0,Active,355.124568439508,17.7562284219754,91.98133992710025,1.9636997318167013
https://comptox.epa.gov/dashboard/chemical/details/DTXSID7041413,R-(-)-Carvone,6485-40-1,C10H14O,150.104465,4,355,1.0,Inactive,0.11568227092450586,0.005784113546225293,50,1.6989700043360187
https://comptox.epa.gov/dashboard/chemical/details/DTXSID7041675,(±)-Bornyl acetate,76-49-3,C12H20O2,196.146330,0,348,0.0,Inactive,3.392716846437188e-10,1.696358423218594E-11,50,1.6989700043360187
https://comptox.epa.gov/dashboard/chemical/details/DTXSID7041544,Tonalide,21145-77-7,C18H26O,258.198365,94,439,21.0,Inactive,6.813923728416406,0.34069618642082033,50,1.6989700043360187
https://comptox.epa.gov/dashboard/chemical/details/DTXSID7041623,Benodanil,15310-01-7,C13H10INO,322.980710,88,603,15.0,Inactive,0.8619747131624472,0.04309873565812236,50,1.6989700043360187
https://comptox.epa.gov/dashboard/chemical/details/DTXSID7041708,"C.I. Acid Orange 24, monosodium salt",1320-07-6,C20H17N4NaO5S,448.081735,45,358,13.0,Inactive,2.2408197200511464,0.11204098600255732,0.015407962719821994,-1.8122547810110243
https://comptox.epa.gov/dashboard/chemical/details/DTXSID7041962,Ethyltriethoxysilane,78-07-9,C8H20O3Si,192.118171,9,347,3.0,Inactive,1.6053839909480652,0.08026919954740326,50,1.6989700043360187
https://comptox.epa.gov/dashboard/chemical/details/DTXSID7041889,Diphenyl phosphite,4712-55-4,C12H11O3P,234.044581,21,385,5.0,Inactive,6.595600135653796e-11,3.297800067826898E-12,50,1.6989700043360187
https://comptox.epa.gov/dashboard/chemical/details/DTXSID7042011,N-Dodecanoyl-N-methylglycine,97-78-9,C15H29NO3,271.214744,56,469,12.0,Inactive,0.04567993972848706,0.0022839969864243527,50,1.6989700043360187
https://comptox.epa.gov/dashboard/chemical/details/DTXSID7042190,"N,N-Dimethyldecylamine oxide",2605-79-0,C12H27NO,201.209264,28,598,5.0,Inactive,0.33618642188896225,0.01680932109444811,50,1.6989700043360187
https://comptox.epa.gov/dashboard/chemical/details/DTXSID7042198,N-Butyl-p-toluenesulfonamide,1907-65-9,C11H17NO2S,227.098000,7,354,2.0,Inactive,9.095389140151687e-12,4.547694570075843E-13,50,1.6989700043360187
https://comptox.epa.gov/dashboard/chemical/details/DTXSID7042065,"rel-(1R,4S,4aS,5R,8S,8aR)-1,2,3,4,10,10-Hexachloro-1,4,4a,5,8,8a-hexahydro-1,4:5,8-dimethanonaphthalene",465-73-6,C12H8Cl6,361.875717,89,437,20.0,Inactive,3.649462178136235e-11,1.8247310890681174E-12,50,1.6989700043360187
https://comptox.epa.gov/dashboard/chemical/details/DTXSID7042273,"2,4-Diisopropylphenol",2934-05-6,C12H18O,178.135765,63,367,17.0,Inactive,15.959181956778718,0.7979590978389359,19.667495640450408,1.2937490625743049
https://comptox.epa.gov/dashboard/chemical/details/DTXSID7042356,2-(3-Phenylpropyl)pyridine,2110-18-1,C14H15N,197.120449,16,359,4.0,Inactive,2.338922553906033,0.11694612769530166,50,1.6989700043360187
https://comptox.epa.gov/dashboard/chemical/details/DTXSID7042196,Butyl lactate,138-22-7,C7H14O3,146.094294,1,352,0.0,Inactive,4.058433511672358e-11,2.0292167558361787E-12,50,1.6989700043360187
https://comptox.epa.gov/dashboard/chemical/details/DTXSID7042061,Isobornyl acetate,125-12-2,C12H20O2,196.146330,1,348,0.0,Inactive,4.1501035078563464e-11,2.0750517539281732E-12,50,1.6989700043360187
https://comptox.epa.gov/dashboard/chemical/details/DTXSID7044394,4-tert-Butylcyclohexanone,98-53-3,C10H18O,154.135765,27,348,8.0,Inactive,4.695865018434323,0.23479325092171616,50,1.6989700043360187
https://comptox.epa.gov/dashboard/chemical/details/DTXSID7044390,N-Methylhydrazinecarbothioamide,6610-29-3,C2H7N3S,105.036068,58,349,17.0,Inactive,4.363820905062698e-10,2.181910452531349E-11,50,1.6989700043360187
https://comptox.epa.gov/dashboard/chemical/details/DTXSID7044718,C.I. Acid Orange 156,68555-86-2,C21H19N4NaO5S,462.097385,61,376,16.0,Inactive,1.6019628373362968e-9,8.009814186681484E-11,50,1.6989700043360187
https://comptox.epa.gov/dashboard/chemical/details/DTXSID7044928,Isopropyl triethanolamine titanate,36673-16-2,C18H42N2O8Ti,462.242058,54,621,9.0,Inactive,6.488225426063813e-11,3.2441127130319066E-12,50,1.6989700043360187
https://comptox.epa.gov/dashboard/chemical/details/DTXSID7047277,Elzasonan,361343-19-3,C22H23Cl2N3OS,447.093889,288,621,46.0,Active,59.5867632353812,2.9793381617690597,94.25759001812806,1.9743163315066994
https://comptox.epa.gov/dashboard/chemical/details/DTXSID7047279,CP-532623,261947-38-0,C27H27F9N2O3,598.187796,39,598,7.0,Inactive,2.1172000886994833,0.10586000443497416,0.12242637656163317,-0.9121250040770691
https://comptox.epa.gov/dashboard/chemical/details/DTXSID7047304,CP-100829,135080-03-4,C14H7Cl2FN2O3S,371.953847,285,618,46.0,Inactive,2.1498015606964835,0.10749007803482417,25.000000000000075,1.3979400086720388
https://comptox.epa.gov/dashboard/chemical/details/DTXSID7047271,PD 0343701,676116-04-4,C26H34N4O4S2,530.202148,360,641,56.0,Inactive,1.9079118572593277,0.09539559286296638,50,1.6989700043360187
https://comptox.epa.gov/dashboard/chemical/details/DTXSID7047306,CP-634384,290352-28-2,C19H19NO5,341.126323,64,636,10.0,Inactive,2.3174194597929882,0.1158709729896494,50,1.6989700043360187
https://comptox.epa.gov/dashboard/chemical/details/DTXSID7047308,CP-105696,158081-99-3,C28H28O4,428.198759,213,598,36.0,Inactive,9.119041648829585,0.4559520824414792,38.18556933555664,1.5818992701893
https://comptox.epa.gov/dashboard/chemical/details/DTXSID7047356,Ilepatril,473289-62-2,C22H28N2O5S,432.171893,3,573,1.0,Inactive,2.929509131314771e-10,1.4647545656573856E-11,50,1.6989700043360187
https://comptox.epa.gov/dashboard/chemical/details/DTXSID7047358,Nelivaptan,439687-69-1,C30H32ClN3O8S,629.159864,248,645,38.0,Inactive,4.128248900549951,0.20641244502749756,85.03788412320735,1.9296124457174118
https://comptox.epa.gov/dashboard/chemical/details/DTXSID7047433,Equilin,474-86-2,C18H20O2,268.146330,130,560,23.0,Inactive,3.9573719481541914,0.19786859740770957,9.921257613736334,0.9965667265985511
https://comptox.epa.gov/dashboard/chemical/details/DTXSID7047487,Sodium nonyl sulfate,1072-15-7,C9H19NaO4S,246.090175,7,349,2.0,Inactive,0.023825351830814603,0.0011912675915407302,50,1.6989700043360187
https://comptox.epa.gov/dashboard/chemical/details/DTXSID7048166,PharmaGSID_48166,NOCAS_48166,C19H21N3O8,419.132865,272,593,46.0,Inactive,2.104070593839303e-11,1.0520352969196514E-12,50,1.6989700043360187
https://comptox.epa.gov/dashboard/chemical/details/DTXSID7048168,Fabesetron hydrochloride,129299-90-7,C18H20ClN3O,329.129490,284,669,42.0,Inactive,0.29258454656278055,0.014629227328139028,44.9999999999995,1.6532125137753388
https://comptox.epa.gov/dashboard/chemical/details/DTXSID7051557,"2,6-Dimethylpyridine",108-48-5,C7H9N,107.073499,0,214,0.0,Inactive,0.5929427089555394,0.029647135447776966,50,1.6989700043360187
https://comptox.epa.gov/dashboard/chemical/details/DTXSID8020040,Aldrin,309-00-2,C12H8Cl6,361.875717,240,633,38.0,Inactive,2.4789633060116838e-11,1.2394816530058419E-12,50,1.6989700043360187
https://comptox.epa.gov/dashboard/chemical/details/DTXSID8020044,Allyl alcohol,107-18-6,C3H6O,58.041865,14,344,4.0,Inactive,5.207153968609162e-9,2.603576984304581E-10,50,1.6989700043360187
https://comptox.epa.gov/dashboard/chemical/details/DTXSID8020123,Azobenzene,103-33-3,C12H10N2,182.084398,24,615,4.0,Inactive,6.325633302188338,0.3162816651094169,50,1.6989700043360187
https://comptox.epa.gov/dashboard/chemical/details/DTXSID8020127,3'-Azido-3'-deoxythymidine,30516-87-1,C10H13N5O4,267.096754,7,597,1.0,Inactive,14.07702228546115,0.7038511142730575,50,1.6989700043360187
https://comptox.epa.gov/dashboard/chemical/details/DTXSID8020121,Sodium azide,26628-22-8,N3Na,64.998991,52,602,9.0,Inactive,4.64800738496204,0.23240036924810198,50,1.6989700043360187
https://comptox.epa.gov/dashboard/chemical/details/DTXSID8020179,Diisopropanolamine,110-97-4,C6H15NO2,133.110279,8,345,2.0,Inactive,1.8470890377403144e-11,9.235445188701572E-13,50,1.6989700043360187
https://comptox.epa.gov/dashboard/chemical/details/DTXSID8020331,Ciprofibrate,52214-84-3,C13H14Cl2O3,288.032000,12,352,3.0,Inactive,0.3555732807807457,0.017778664039037283,50,1.6989700043360187
https://comptox.epa.gov/dashboard/chemical/details/DTXSID8020337,Clomiphene citrate (1:1),50-41-9,C32H36ClNO8,597.212945,439,795,55.0,Inactive,24.56355256618207,1.2281776283091035,0.0022755897369969424,-2.6429060335857772
https://comptox.epa.gov/dashboard/chemical/details/DTXSID8020381,Deltamethrin,52918-63-5,C22H19Br2NO3,502.973169,106,541,20.0,Inactive,6.296486501253929,0.3148243250626964,0.000499970029118223,-3.301056028821373
https://comptox.epa.gov/dashboard/chemical/details/DTXSID8020591,Ethyl methylphenylglycidate,77-83-8,C12H14O3,206.094294,8,344,2.0,Inactive,0.17471681483663112,0.008735840741831556,50.00000000000001,1.6989700043360187
https://comptox.epa.gov/dashboard/chemical/details/DTXSID8020541,"5,5-Diphenylhydantoin",57-41-0,C15H12N2O2,252.089878,26,672,4.0,Inactive,4.668815200108915,0.23344076000544572,92.0890955289833,1.9642082074827891
https://comptox.epa.gov/dashboard/chemical/details/DTXSID8020466,"N,N'-Diethylthiourea",105-55-5,C5H12N2S,132.072120,1,348,0.0,Inactive,0.6731283430516712,0.033656417152583565,50.00000000000001,1.6989700043360187
https://comptox.epa.gov/dashboard/chemical/details/DTXSID8020462,Diethylene glycol,111-46-6,C4H10O3,106.062994,3,630,0.0,Inactive,1.0979250369706623e-8,5.489625184853312E-10,50,1.6989700043360187
https://comptox.epa.gov/dashboard/chemical/details/DTXSID8020597,Ethylene glycol,107-21-1,C2H6O2,62.036779,21,585,4.0,Inactive,5.48245752112879,0.2741228760564395,0.022936996172307586,-1.6394634578911285
https://comptox.epa.gov/dashboard/chemical/details/DTXSID8020622,Ferric chloride,7705-08-0,Cl3Fe,160.841494,2,241,1.0,Inactive,3.2808908563993793,0.16404454281996897,9.921266620086918,0.9965671208435891
https://comptox.epa.gov/dashboard/chemical/details/DTXSID8020620,Fenthion,55-38-9,C10H15O3PS2,278.020024,110,740,15.0,Inactive,1.9970457478609855e-11,9.985228739304927E-13,50,1.6989700043360187
https://comptox.epa.gov/dashboard/chemical/details/DTXSID8020628,Fluometuron,2164-17-2,C10H11F3N2O,232.082347,38,659,6.0,Inactive,1.4940174131126565e-10,7.470087065563282E-12,50.00000000000001,1.6989700043360187
https://comptox.epa.gov/dashboard/chemical/details/DTXSID8020830,8-Methoxypsoralen,298-81-7,C12H8O4,216.042259,12,325,4.0,Inactive,3.451846725228404,0.1725923362614202,92.77832213886528,1.967446514201051
https://comptox.epa.gov/dashboard/chemical/details/DTXSID8020834,Methyl carbamate,598-55-0,C2H5NO2,75.032028,12,350,3.0,Inactive,3.146804113323169e-11,1.5734020566615845E-12,50,1.6989700043360187
https://comptox.epa.gov/dashboard/chemical/details/DTXSID8020755,Isoniazid,54-85-3,C6H7N3O,137.058912,11,623,2.0,Inactive,0.40163186803170625,0.020081593401585312,50,1.6989700043360187
https://comptox.epa.gov/dashboard/chemical/details/DTXSID8020759,Isophorone,78-59-1,C9H14O,138.104465,10,596,2.0,Inactive,3.107492711617317,0.15537463558086587,0.000673294639354812,-3.17179484328921
https://comptox.epa.gov/dashboard/chemical/details/DTXSID8020915,1-Naphthaleneacetic acid,86-87-3,C12H10O2,186.068080,4,355,1.0,Inactive,0.2575649072819258,0.012878245364096291,50,1.6989700043360187
https://comptox.epa.gov/dashboard/chemical/details/DTXSID8020913,Naphthalene,91-20-3,C10H8,128.062600,18,628,3.0,Inactive,0.27505476647949784,0.013752738323974893,50,1.6989700043360187
https://comptox.epa.gov/dashboard/chemical/details/DTXSID8020961,4-Nitrobenzenamine,100-01-6,C6H6N2O2,138.042927,36,587,6.0,Inactive,1.1464966185035459e-8,5.732483092517729E-10,50,1.6989700043360187
https://comptox.epa.gov/dashboard/chemical/details/DTXSID8020969,Nitroethane,79-24-3,C2H5NO2,75.032028,3,346,1.0,Inactive,1.0500733685478691,0.05250366842739346,50,1.6989700043360187
https://comptox.epa.gov/dashboard/chemical/details/DTXSID8021062,N-Nitrosopyrrolidine,930-55-2,C4H8N2O,100.063663,11,351,3.0,Inactive,2.896102164720987,0.14480510823604936,50,1.6989700043360187
https://comptox.epa.gov/dashboard/chemical/details/DTXSID8021199,Pebulate,1114-71-2,C10H21NOS,203.134385,15,359,4.0,Inactive,9.144546573621896e-11,4.572273286810948E-12,50,1.6989700043360187
https://comptox.epa.gov/dashboard/chemical/details/DTXSID8021195,"1,3-Propane sultone",1120-71-4,C3H6O3S,122.003765,3,575,1.0,Inactive,5.0160236273749005e-11,2.5080118136874503E-12,50,1.6989700043360187
https://comptox.epa.gov/dashboard/chemical/details/DTXSID8021224,C.I. Acid Red 114,6459-94-5,C37H28N4Na2O10S3,830.076295,94,366,26.0,Inactive
https://comptox.epa.gov/dashboard/chemical/details/DTXSID8021301,Tamoxifen citrate,54965-24-1,C32H37NO8,563.251917,385,690,56.0,Active,33.834007631233526,1.6917003815616762,74.65228005023924,1.873043076603784
https://comptox.epa.gov/dashboard/chemical/details/DTXSID8021519,2-(2-Butoxyethoxy)ethanol,112-34-5,C8H18O3,162.125594,3,578,1.0,Inactive,5.801868916012677e-11,2.9009344580063385E-12,50,1.6989700043360187
https://comptox.epa.gov/dashboard/chemical/details/DTXSID8021515,Butanoic acid,107-92-6,C4H8O2,88.052429,7,590,1.0,Inactive,0.2651570207307392,0.01325785103653696,49.99999999999999,1.6989700043360187
https://comptox.epa.gov/dashboard/chemical/details/DTXSID8021272,Sodium chlorite,7758-19-2,ClNaO2,89.948451,11,629,2.0,Inactive,2.901355857420266e-10,1.4506779287101329E-11,50,1.6989700043360187
https://comptox.epa.gov/dashboard/chemical/details/DTXSID8021517,Maleic acid,110-16-7,C4H4O4,116.010959,1,350,0.0,Inactive,2.1374170737615696e-11,1.0687085368807848E-12,50,1.6989700043360187
https://comptox.epa.gov/dashboard/chemical/details/DTXSID8021640,Nonanedioic acid,123-99-9,C9H16O4,188.104859,0,350,0.0,Inactive,8.186360015776989e-10,4.0931800078884945E-11,50,1.6989700043360187
https://comptox.epa.gov/dashboard/chemical/details/DTXSID8021642,Octadecanoic acid,57-11-4,C18H36O2,284.271530,25,602,4.0,Inactive,1.534854992488117e-10,7.674274962440585E-12,25.000000000000075,1.3979400086720388
https://comptox.epa.gov/dashboard/chemical/details/DTXSID8021777,Riboflavin,83-88-5,C17H20N4O6,376.138284,40,360,11.0,Inactive,1.5039445294928198e-9,7.519722647464099E-11,44.9999999999995,1.6532125137753388
https://comptox.epa.gov/dashboard/chemical/details/DTXSID8021771,4-(2-Methylbutan-2-yl)phenol,80-46-6,C11H16O,164.120115,123,665,18.0,Inactive,6.443288720461672,0.3221644360230836,74.82767383135275,1.8740622445159651
https://comptox.epa.gov/dashboard/chemical/details/DTXSID8021800,"N,N-Diethylaniline",91-66-7,C10H15N,149.120449,5,578,1.0,Inactive,9.42269507540603e-12,4.711347537703015E-13,50,1.6989700043360187
https://comptox.epa.gov/dashboard/chemical/details/DTXSID8021931,1-Hexanol,111-27-3,C6H14O,102.104465,0,348,0.0,Inactive,1.1730451256896506,0.05865225628448253,50,1.6989700043360187
https://comptox.epa.gov/dashboard/chemical/details/DTXSID8021937,1-Heptanol,111-70-6,C7H16O,116.120115,7,457,2.0,Inactive,4.353255000134677,0.21766275000673385,50,1.6989700043360187
https://comptox.epa.gov/dashboard/chemical/details/DTXSID8021804,Benzocaine,94-09-7,C9H11NO2,165.078979,12,355,3.0,Inactive,1.013650180518594e-7,5.06825090259297E-9,50,1.6989700043360187
https://comptox.epa.gov/dashboard/chemical/details/DTXSID8021856,4-Butylaniline,104-13-2,C10H15N,149.120449,14,348,4.0,Inactive,6.926319218710273e-11,3.4631596093551366E-12,50,1.6989700043360187
https://comptox.epa.gov/dashboard/chemical/details/DTXSID8021808,o-Cresol,95-48-7,C7H8O,108.057515,3,574,1.0,Inactive,4.119098368270881e-11,2.0595491841354404E-12,50,1.6989700043360187
https://comptox.epa.gov/dashboard/chemical/details/DTXSID8022113,"3,4-Dichloro-1-butene",760-23-6,C4H6Cl2,123.984656,22,459,5.0,Inactive,7.071294933020587e-10,3.5356474665102935E-11,50,1.6989700043360187
https://comptox.epa.gov/dashboard/chemical/details/DTXSID8022325,"2,2-Bis(4-hydroxyphenyl)-1,1,1-trichloroethane",2971-36-0,C14H11Cl3O2,315.982463,378,849,45.0,Active,202.59625040529565,10.129812520264782,0.001690592390048174,-2.7719610902684026
https://comptox.epa.gov/dashboard/chemical/details/DTXSID8022292,Permethrin,52645-53-1,C21H20Cl2O3,390.078950,103,792,13.0,Inactive,13.467828105441875,0.6733914052720937,0.026054177587890838,-1.5841226309861054
https://comptox.epa.gov/dashboard/chemical/details/DTXSID8022111,"N-(3,4-Dichlorophenyl)propanamide",709-98-8,C9H9Cl2NO,217.006119,115,733,16.0,Inactive,8.19678707151847,0.4098393535759235,50,1.6989700043360187
https://comptox.epa.gov/dashboard/chemical/details/DTXSID8022828,Cladribine,4291-63-8,C10H12ClN5O3,285.062867,170,647,26.0,Inactive,8.245163602360758,0.41225818011803794,50,1.6989700043360187
https://comptox.epa.gov/dashboard/chemical/details/DTXSID8022408,Phenol red,143-74-8,C19H14O5S,354.056195,38,362,10.0,Inactive,6.289503064361543e-10,3.1447515321807714E-11,50,1.6989700043360187
https://comptox.epa.gov/dashboard/chemical/details/DTXSID8022589,Aminoglutethimide,125-84-8,C13H16N2O2,232.121178,8,373,2.0,Inactive,3.3825278266239508e-9,1.6912639133119754E-10,50,1.6989700043360187
https://comptox.epa.gov/dashboard/chemical/details/DTXSID8022406,"2,4-Dihydroxybenzophenone",131-56-6,C13H10O3,214.062994,88,570,15.0,Inactive,2.0764441822803703,0.10382220911401852,93.72697461187019,1.9718645987762302
https://comptox.epa.gov/dashboard/chemical/details/DTXSID8022377,17alpha-Estradiol,57-91-0,C18H24O2,272.177630,195,652,30.0,Active,50.47066359017155,2.5235331795085774,0.005907265188000027,-2.2286135324264666
https://comptox.epa.gov/dashboard/chemical/details/DTXSID8022959,Docusate sodium,577-11-7,C20H37NaO7S,444.215769,329,673,49.0,Active,30.62970947286154,1.531485473643077,70.46229495694324,1.8479567840468336
https://comptox.epa.gov/dashboard/chemical/details/DTXSID8023632,L-Tartaric acid,87-69-4,C4H6O6,150.016438,0,576,0.0,Inactive,1.389063051634458,0.0694531525817229,50,1.6989700043360187
https://comptox.epa.gov/dashboard/chemical/details/DTXSID8023719,Troglitazone,97322-87-7,C24H27NO5S,441.160994,262,699,37.0,Inactive,3.7871737480952143,0.18935868740476072,50,1.6989700043360187
https://comptox.epa.gov/dashboard/chemical/details/DTXSID8023846,Acephate,30560-19-1,C4H10NO3PS,183.011901,16,747,2.0,Inactive,3.495275020283988e-8,1.747637510141994E-9,50,1.6989700043360187
https://comptox.epa.gov/dashboard/chemical/details/DTXSID8023848,Acetochlor,34256-82-1,C14H20ClNO2,269.118257,168,723,23.0,Inactive,1.6281677873719965e-11,8.140838936859982E-13,50,1.6989700043360187
https://comptox.epa.gov/dashboard/chemical/details/DTXSID8023890,Asulam,3337-71-1,C8H10N2O4S,230.036128,6,643,1.0,Inactive,0.12049786364433006,0.006024893182216503,50,1.6989700043360187
https://comptox.epa.gov/dashboard/chemical/details/DTXSID8023892,Abamectin,71751-41-2,, ,393,756,52.0,Inactive,19.021119822175056,0.9510559911087528,50,1.6989700043360187
https://comptox.epa.gov/dashboard/chemical/details/DTXSID8023977,2-Chlorotoluene,95-49-8,C7H7Cl,126.023628,3,572,1.0,Inactive,3.047778447957853e-11,1.5238892239789266E-12,50,1.6989700043360187
https://comptox.epa.gov/dashboard/chemical/details/DTXSID8024072,Diphenamid,957-51-7,C16H17NO,239.131014,7,356,2.0,Inactive,5.964515085443621e-11,2.9822575427218107E-12,50,1.6989700043360187
https://comptox.epa.gov/dashboard/chemical/details/DTXSID8023216,"3,5,3'-Triiodothyronine",6893-02-3,C15H12I3NO4,650.790040,151,700,22.0,Inactive,14.098377530702349,0.7049188765351174,44.9999999999995,1.6532125137753388
https://comptox.epa.gov/dashboard/chemical/details/DTXSID8024107,1-Methyl-3-phenyl-5-(3-(trifluoromethyl)phenyl)-4-pyridone,59756-60-4,C19H14F3NO,329.102749,75,595,13.0,Inactive,17.884097103432232,0.8942048551716116,0.0775488665278064,-1.1104245455527173
https://comptox.epa.gov/dashboard/chemical/details/DTXSID8023927,p-Bromodiphenyl ether,101-55-3,C12H9BrO,247.983678,52,590,9.0,Inactive,5.93340924799761e-12,2.966704623998805E-13,50,1.6989700043360187
https://comptox.epa.gov/dashboard/chemical/details/DTXSID8024109,Flutolanil,66332-96-5,C17H16F3NO2,323.113313,92,672,14.0,Inactive,1.0129720750460064e-9,5.064860375230032E-11,50,1.6989700043360187
https://comptox.epa.gov/dashboard/chemical/details/DTXSID8024105,Fluorene,86-73-7,C13H10,166.078250,17,617,3.0,Inactive,3.8183839772225685,0.19091919886112843,96.13736350004602,1.982892207733526
https://comptox.epa.gov/dashboard/chemical/details/DTXSID8024153,"Indeno[1,2,3-cd]pyrene",193-39-5,C22H12,276.093900,59,311,19.0,Inactive,3.5412753750623356,0.17706376875311677,25.000000000000075,1.3979400086720388
https://comptox.epa.gov/dashboard/chemical/details/DTXSID8024151,Imazalil,35554-44-0,C14H14Cl2N2O,296.048318,338,820,41.0,Inactive,9.057317056004036,0.4528658528002018,50.00000000000001,1.6989700043360187
https://comptox.epa.gov/dashboard/chemical/details/DTXSID8024157,Isopropalin,33820-53-0,C15H23N3O4,309.168856,134,590,23.0,Inactive,8.495486400668313e-9,4.2477432003341565E-10,50.00000000000001,1.6989700043360187
https://comptox.epa.gov/dashboard/chemical/details/DTXSID8024159,Isoxaben,82558-50-7,C18H24N2O4,332.173607,102,677,15.0,Inactive,9.976429417077334,0.4988214708538667,0.05688927254806985,-1.2449696195874582
https://comptox.epa.gov/dashboard/chemical/details/DTXSID8024234,Norflurazon,27314-13-2,C12H9ClF3N3O,303.038624,76,668,11.0,Inactive,4.6441801619492514e-11,2.3220900809746257E-12,50,1.6989700043360187
https://comptox.epa.gov/dashboard/chemical/details/DTXSID8024284,1-Methoxy-2-propanol,107-98-2,C4H10O2,90.068080,4,583,1.0,Inactive,0.44972622979278404,0.022486311489639203,50,1.6989700043360187
https://comptox.epa.gov/dashboard/chemical/details/DTXSID8024315,Myclobutanil,88671-89-0,C15H17ClN4,288.114174,119,712,17.0,Inactive,3.219794287299509,0.16098971436497544,9.52264622123889,0.9787576500218403
https://comptox.epa.gov/dashboard/chemical/details/DTXSID8024280,Propiconazole,60207-90-1,C15H17Cl2N3O2,341.069782,242,789,31.0,Active,137.2779536301297,6.863897681506485,88.05973079586072,1.9447773534599717
https://comptox.epa.gov/dashboard/chemical/details/DTXSID8024317,Terbacil,5902-51-2,C9H13ClN2O2,216.066555,42,646,7.0,Inactive,1.6878741290052541,0.0843937064502627,0.11671899459711606,-0.9328584620570753
https://comptox.epa.gov/dashboard/chemical/details/DTXSID8024238,Oryzalin,19044-88-3,C12H18N4O6S,346.094705,322,803,40.0,Inactive,12.982618887565728,0.6491309443782864,77.51730403999959,1.8893986600577812
https://comptox.epa.gov/dashboard/chemical/details/DTXSID8024311,Sodium fluoroacetate,62-74-8,C2H2FNaO2,99.993652,1,353,0.0,Inactive,1.2257884518174185e-8,6.128942259087092E-10,50,1.6989700043360187
https://comptox.epa.gov/dashboard/chemical/details/DTXSID8024652,Bronopol,52-51-7,C3H6BrNO4,198.948021,178,623,29.0,Inactive,1.1933004079678582,0.05966502039839291,50,1.6989700043360187
https://comptox.epa.gov/dashboard/chemical/details/DTXSID8024814,4-Chlorotoluene,106-43-4,C7H7Cl,126.023628,2,575,0.0,Inactive,1.7253377737017974e-9,8.626688868508987E-11,50,1.6989700043360187
https://comptox.epa.gov/dashboard/chemical/details/DTXSID8024523,"4-Androstene-3,17-dione",63-05-8,C19H26O2,286.193280,145,687,21.0,Active,74.03948142907751,3.7019740714538756,0.0029254309603308614,-2.5338101467076433
https://comptox.epa.gov/dashboard/chemical/details/DTXSID8025096,Dimethyl adipate,627-93-0,C8H14O4,174.089209,1,596,0.0,Inactive,0.037241969293362175,0.0018620984646681086,50,1.6989700043360187
https://comptox.epa.gov/dashboard/chemical/details/DTXSID8024999,"3,4-Dichloronitrobenzene",99-54-7,C6H3Cl2NO2,190.954084,10,579,2.0,Inactive,2.081737946642575e-9,1.0408689733212874E-10,50,1.6989700043360187
https://comptox.epa.gov/dashboard/chemical/details/DTXSID8024993,"Dichloro-1,3,5-triazinetrione",2782-57-2,C3HCl2N3O3,196.939496,4,352,1.0,Inactive,1.0152723054189184e-9,5.076361527094592E-11,50,1.6989700043360187
https://comptox.epa.gov/dashboard/chemical/details/DTXSID8025337,Formamide,75-12-7,CH3NO,45.021464,6,573,1.0,Inactive,3.4137116610144664,0.17068558305072332,50,1.6989700043360187
https://comptox.epa.gov/dashboard/chemical/details/DTXSID8025886,"Ethyl 2,3-epoxy-3-phenylpropionate",121-39-1,C11H12O3,192.078644,16,353,5.0,Inactive,1.0911374525073658,0.05455687262536829,93.45889228097612,1.9706206292550554
https://comptox.epa.gov/dashboard/chemical/details/DTXSID8025961,Propionic acid,79-09-4,C3H6O2,74.036779,1,204,0.0,Inactive,3.2707003556938113e-10,1.6353501778469057E-11,50,1.6989700043360187
https://comptox.epa.gov/dashboard/chemical/details/DTXSID8025595,"N,N'-Methylenebisacrylamide",110-26-9,C7H10N2O2,154.074228,24,580,4.0,Inactive,0.5431030487429777,0.02715515243714888,50.00000000000001,1.6989700043360187
https://comptox.epa.gov/dashboard/chemical/details/DTXSID8026060,Sulfacetamide,144-80-9,C8H10N2O3S,214.041213,0,326,0.0,Inactive,0.0014011240952465887,7.005620476232944E-5,50,1.6989700043360187
https://comptox.epa.gov/dashboard/chemical/details/DTXSID8026193,"1,2,3-Trichlorobenzene",87-61-6,C6H3Cl3,179.930033,4,622,1.0,Inactive,1.3639293254681284,0.06819646627340642,50,1.6989700043360187
https://comptox.epa.gov/dashboard/chemical/details/DTXSID8026224,Triethylene glycol dimethyl ether,112-49-2,C8H18O4,178.120509,3,588,1.0,Inactive,2.7868754231401677e-12,1.3934377115700839E-13,50,1.6989700043360187
https://comptox.epa.gov/dashboard/chemical/details/DTXSID8025599,Methylene bis(thiocyanate),6317-18-6,C3H2N2S2,129.965940,297,693,43.0,Inactive,9.117872358388774e-8,4.558936179194387E-9,50,1.6989700043360187
https://comptox.epa.gov/dashboard/chemical/details/DTXSID8026141,Thioglycolic acid,68-11-1,C2H4O2S,91.993201,0,348,0.0,Inactive,1.3544760559023876,0.06772380279511939,50.00000000000001,1.6989700043360187
https://comptox.epa.gov/dashboard/chemical/details/DTXSID8026228,Triethyl phosphate,78-40-0,C6H15O4P,182.070796,6,345,2.0,Inactive,1.0862890594273387e-8,5.431445297136693E-10,50,1.6989700043360187
https://comptox.epa.gov/dashboard/chemical/details/DTXSID8026307,"2,6-Dimethylaniline",87-62-7,C8H11N,121.089149,5,592,1.0,Inactive,0.17126130368754466,0.008563065184377234,50,1.6989700043360187
https://comptox.epa.gov/dashboard/chemical/details/DTXSID8026513,"1,2,3,6-Tetrahydrophthalimide",85-40-5,C8H9NO2,151.063329,1,349,0.0,Inactive,8.808391611260211e-10,4.4041958056301056E-11,50,1.6989700043360187
https://comptox.epa.gov/dashboard/chemical/details/DTXSID8026488,Camphene,79-92-5,C10H16,136.125201,2,352,1.0,Inactive,4.5923355660625353e-10,2.2961677830312676E-11,50,1.6989700043360187
https://comptox.epa.gov/dashboard/chemical/details/DTXSID8026698,"4,4'-Dithiodimorpholine",103-34-4,C8H16N2O2S2,236.065320,66,356,19.0,Active,33.999601941927146,1.6999800970963572,93.15180438538667,1.9691912717607312
https://comptox.epa.gov/dashboard/chemical/details/DTXSID8026694,2-Ethylhexyl acetate,103-09-3,C10H20O2,172.146330,2,353,1.0,Inactive,1.3415931703671382,0.06707965851835691,50,1.6989700043360187
https://comptox.epa.gov/dashboard/chemical/details/DTXSID8026640,"1,3-Diisopropylbenzene",99-62-7,C12H18,162.140851,3,577,1.0,Inactive,1.0331892485064563e-9,5.1659462425322815E-11,49.99999999999999,1.6989700043360187
https://comptox.epa.gov/dashboard/chemical/details/DTXSID8027036,"2,2-Dimethylpropane-1,3-diol",126-30-7,C5H12O2,104.083730,4,465,1.0,Inactive,8.362200235341247e-11,4.181100117670624E-12,50,1.6989700043360187
https://comptox.epa.gov/dashboard/chemical/details/DTXSID8027032,2-Amino-2-methylpropan-1-ol,124-68-5,C4H11NO,89.084064,2,345,1.0,Inactive,2.596426172488265e-10,1.2982130862441324E-11,50,1.6989700043360187
https://comptox.epa.gov/dashboard/chemical/details/DTXSID8026773,"1,3-Butanediol",107-88-0,C4H10O2,90.068080,9,572,2.0,Inactive,0.12706145697390517,0.006353072848695259,50,1.6989700043360187
https://comptox.epa.gov/dashboard/chemical/details/DTXSID8027034,"2-(Hydroxymethyl)-2-nitro-1,3-propanediol",126-11-4,C4H9NO5,151.048072,20,577,3.0,Inactive,1.3862431344878543,0.06931215672439271,50,1.6989700043360187
https://comptox.epa.gov/dashboard/chemical/details/DTXSID8026727,"(2E)-3,7-Dimethyl-2,6-octadien-1-ol",106-24-1,C10H18O,154.135765,12,578,2.0,Inactive,9.515897064251758e-10,4.757948532125879E-11,50,1.6989700043360187
https://comptox.epa.gov/dashboard/chemical/details/DTXSID8027402,Dimethyl isophthalate,1459-93-4,C10H10O4,194.057909,20,356,6.0,Inactive,1.712914472471945e-10,8.564572362359725E-12,50,1.6989700043360187
https://comptox.epa.gov/dashboard/chemical/details/DTXSID8027246,2-Pyrrolidinone,616-45-5,C4H7NO,85.052764,3,355,1.0,Inactive,0.67912307117216,0.033956153558607996,0.0005000002878607175,-3.3010297456314106
https://comptox.epa.gov/dashboard/chemical/details/DTXSID8027581,"1,5,9-Cyclododecatriene",4904-61-4,C12H18,162.140851,8,575,1.0,Inactive,2.4598899082150476,0.12299449541075239,50,1.6989700043360187
https://comptox.epa.gov/dashboard/chemical/details/DTXSID8027373,"1,3,4,6,7,8-Hexahydro-4,6,6,7,8,8-hexamethylcyclopenta[g]-2-benzopyran",1222-05-5,C18H26O,258.198365,30,88,34.0,Inactive,3.721645673318686e-12,1.8608228366593431E-13,50,1.6989700043360187
https://comptox.epa.gov/dashboard/chemical/details/DTXSID8027292,Dibutyltin dichloride,683-18-1,C8H18Cl2Sn,303.980758,195,379,51.0,Inactive,6.770720178028286,0.33853600890141433,50,1.6989700043360187
https://comptox.epa.gov/dashboard/chemical/details/DTXSID8027377,Dimethylaniline,1300-73-8,, ,10,456,2.0,Inactive,4.82447255345046e-8,2.41223627672523E-9,50,1.6989700043360187
https://comptox.epa.gov/dashboard/chemical/details/DTXSID8027454,"N,N-Dimethylacetoacetamide",2044-64-6,C6H11NO2,129.078979,1,356,0.0,Inactive,0.6174173994784569,0.030870869973922844,50,1.6989700043360187
https://comptox.epa.gov/dashboard/chemical/details/DTXSID8027793,N-(Cyclohexylthio)phthalimide,17796-82-6,C14H15NO2S,261.082350,135,350,39.0,Inactive,10.36953023432207,0.5184765117161035,22.582998759745585,1.3537816106774392
https://comptox.epa.gov/dashboard/chemical/details/DTXSID8027826,Dicyclohexyl sodium sulfosuccinate,23386-52-9,C16H25NaO7S,384.121869,10,351,3.0,Inactive,6.15601360892373,0.30780068044618647,50,1.6989700043360187
https://comptox.epa.gov/dashboard/chemical/details/DTXSID8029105,4-Toluenesulfonamide,70-55-3,C7H9NO2S,171.035400,1,349,0.0,Inactive,1.4518099972714462,0.07259049986357231,50,1.6989700043360187
https://comptox.epa.gov/dashboard/chemical/details/DTXSID8029153,Benzyl benzoate,120-51-4,C14H12O2,212.083730,5,351,1.0,Inactive,3.1395025559735266,0.15697512779867634,50,1.6989700043360187
https://comptox.epa.gov/dashboard/chemical/details/DTXSID8027955,Isooctyl acrylate,29590-42-9,, ,22,576,4.0,Inactive,7.639707847943419e-10,3.8198539239717095E-11,50,1.6989700043360187
https://comptox.epa.gov/dashboard/chemical/details/DTXSID8029157,alpha-Amyl cinnamaldehyde,122-40-7,C14H18O,202.135765,74,467,16.0,Inactive,3.1916141598038807e-10,1.5958070799019403E-11,50,1.6989700043360187
https://comptox.epa.gov/dashboard/chemical/details/DTXSID8029600,Methacrylamide,79-39-0,C4H7NO,85.052764,1,559,0.0,Inactive,1.2875345253966684,0.06437672626983341,50,1.6989700043360187
https://comptox.epa.gov/dashboard/chemical/details/DTXSID8029650,Menthol,1490-04-6,C10H20O,156.151415,2,350,1.0,Inactive,3.521260391005096e-9,1.7606301955025481E-10,50,1.6989700043360187
https://comptox.epa.gov/dashboard/chemical/details/DTXSID8029159,"2,6,8-Trimethyl-4-nonanol",123-17-1,C12H26O,186.198365,6,352,2.0,Inactive,0.43297378738143266,0.021648689369071633,50,1.6989700043360187
https://comptox.epa.gov/dashboard/chemical/details/DTXSID8031077,Curcumin,458-37-7,C21H20O6,368.125988,248,463,54.0,Inactive,1.5972807161600302,0.07986403580800151,50,1.6989700043360187
https://comptox.epa.gov/dashboard/chemical/details/DTXSID8032386,Ethalfluralin,55283-68-6,C13H14F3N3O4,333.093640,71,693,10.0,Inactive,3.7471280064227344,0.1873564003211367,20.903781682155312,1.3202248609973803
https://comptox.epa.gov/dashboard/chemical/details/DTXSID8032544,"Dipropyl 2,5-pyridinedicarboxylate",136-45-8,C13H17NO4,251.115758,19,633,3.0,Inactive,1.6985689994747911e-10,8.492844997373956E-12,50,1.6989700043360187
https://comptox.epa.gov/dashboard/chemical/details/DTXSID8032548,"4-(4-Chlorophenyl)-2-phenyl-2-(1H-1,2,4-triazol-1-ylmethyl)butyronitrile",114369-43-6,C19H17ClN4,336.114174,191,706,27.0,Inactive,5.55519913849387,0.27775995692469346,95.19767324898832,1.9786263338101684
https://comptox.epa.gov/dashboard/chemical/details/DTXSID8031865,Perfluorooctanoic acid,335-67-1,C8HF15O2,413.973702,93,898,10.0,Inactive,1.4320136058101046e-10,7.160068029050523E-12,50,1.6989700043360187
https://comptox.epa.gov/dashboard/chemical/details/DTXSID8031863,Perfluorononanoic acid,375-95-1,C9HF17O2,463.970508,223,726,31.0,Inactive,14.86891396897696,0.743445698448848,50,1.6989700043360187
https://comptox.epa.gov/dashboard/chemical/details/DTXSID8032671,Metalaxyl-M,70630-17-0,C15H21NO4,279.147058,2,311,1.0,Inactive,0.1305627195299099,0.006528135976495495,50,1.6989700043360187
https://comptox.epa.gov/dashboard/chemical/details/DTXSID8034538,Diflufenzopyr,109293-97-2,C15H12F2N4O3,334.087747,5,205,2.0,Active,31.078937697663513,1.5539468848831757,0.02703969893570949,-1.5679981482070275
https://comptox.epa.gov/dashboard/chemical/details/DTXSID8034580,Ethofumesate,26225-79-6,C13H18O5S,286.087495,134,661,20.0,Inactive,1.002471279299734,0.0501235639649867,50,1.6989700043360187
https://comptox.epa.gov/dashboard/chemical/details/DTXSID8032675,Sulprofos,35400-43-2,C12H19O2PS3,322.028480,28,376,7.0,Inactive,4.982722966767334e-11,2.491361483383667E-12,50,1.6989700043360187
https://comptox.epa.gov/dashboard/chemical/details/DTXSID8032673,Pyrithiobac sodium,123343-16-8,C13H10ClN2NaO4S,347.994750,6,647,1.0,Inactive,4.39762491714249e-9,2.1988124585712448E-10,50,1.6989700043360187
https://comptox.epa.gov/dashboard/chemical/details/DTXSID8034376,Denatonium benzoate,3734-33-6,C28H34N2O3,446.256943,15,468,3.0,Inactive,9.445723945071379e-11,4.7228619725356895E-12,50,1.6989700043360187
https://comptox.epa.gov/dashboard/chemical/details/DTXSID8034586,Etoxazole,153233-91-1,C21H23F2NO2,359.169685,198,674,29.0,Inactive,6.311582563447462e-10,3.155791281723731E-11,50,1.6989700043360187
https://comptox.epa.gov/dashboard/chemical/details/DTXSID8034324,Phoxim,14816-18-3,C12H15N2O3PS,298.054101,62,400,16.0,Inactive,0.16323111981845084,0.008161555990922543,50.00000000000001,1.6989700043360187
https://comptox.epa.gov/dashboard/chemical/details/DTXSID8034588,Famoxadone,131807-57-3,C22H18N2O4,374.126657,266,659,40.0,Inactive,1.6589930714988481,0.08294965357494241,50,1.6989700043360187
https://comptox.epa.gov/dashboard/chemical/details/DTXSID8034401,Buprofezin,69327-76-0,C16H23N3OS,305.156184,220,666,33.0,Inactive,0.2730448315034882,0.013652241575174409,50,1.6989700043360187
https://comptox.epa.gov/dashboard/chemical/details/DTXSID8034665,Imazapyr,81334-34-1,C13H15N3O3,261.111341,9,675,1.0,Inactive,0.8449264341599292,0.042246321707996456,50,1.6989700043360187
https://comptox.epa.gov/dashboard/chemical/details/DTXSID8034742,"Milbemectin (mixture of 70% Milbemcin A4, 30% Milbemycin A3)",NOCAS_34742,, ,401,724,55.0,Inactive,14.89130546580496,0.744565273290248,3.131680344973977,0.4957774265983339
https://comptox.epa.gov/dashboard/chemical/details/DTXSID8034823,Pinoxaden,243973-20-8,C23H32N2O4,400.236208,35,309,11.0,Inactive,1.162856212505975,0.058142810625298746,50,1.6989700043360187
https://comptox.epa.gov/dashboard/chemical/details/DTXSID8034871,Pyraflufen-ethyl,129630-19-9,C15H13Cl2F3N2O4,412.020447,34,647,5.0,Inactive,6.475836815633093e-10,3.237918407816547E-11,49.99999999999999,1.6989700043360187
https://comptox.epa.gov/dashboard/chemical/details/DTXSID8034877,Pyrimethanil,53112-28-0,C12H13N3,199.110947,55,648,8.0,Inactive,0.6907392938356931,0.034536964691784654,0.0005000001459870475,-3.3010298688612614
https://comptox.epa.gov/dashboard/chemical/details/DTXSID8034956,Tetraconazole,112281-77-3,C13H11Cl2F4N3O,371.021530,282,715,39.0,Active,61.95908198320805,3.0979540991604027,78.58111654259785,1.8953181953188016
https://comptox.epa.gov/dashboard/chemical/details/DTXSID8035001,10-Undecenoic acid,112-38-9,C11H20O2,184.146330,18,596,3.0,Inactive,1.8979521606215664,0.09489760803107831,50,1.6989700043360187
https://comptox.epa.gov/dashboard/chemical/details/DTXSID8035180,Allethrin,584-79-2,C19H26O3,302.188195,235,760,31.0,Inactive,1.710985153744913e-9,8.554925768724565E-11,50,1.6989700043360187
https://comptox.epa.gov/dashboard/chemical/details/DTXSID8035423,"1,4-Dimethylnaphthalene",571-58-4,C12H12,156.093900,5,350,1.0,Inactive,1.0668185239163455,0.053340926195817276,50,1.6989700043360187
https://comptox.epa.gov/dashboard/chemical/details/DTXSID8037540,Endosulfan II,33213-65-9,C9H6Cl6O3S,403.816881,0,7,0.0,Inactive,0.057107151497075924,0.0028553575748537963,50,1.6989700043360187
https://comptox.epa.gov/dashboard/chemical/details/DTXSID8037752,Diphenyl isophthalate,744-45-6,C20H14O4,318.089209,24,625,4.0,Inactive,1.0937699092736757,0.05468849546368378,46.86106289275809,1.6708121349486222
https://comptox.epa.gov/dashboard/chemical/details/DTXSID8037708,Ammonium perfluorooctanoate,3825-26-1,C8H4F15NO2,431.000251,53,666,8.0,Inactive,1.8763929186509125e-10,9.381964593254563E-12,50,1.6989700043360187
https://comptox.epa.gov/dashboard/chemical/details/DTXSID8037754,"2,4,6-Tris(allyloxy)-1,3,5-triazine",101-37-1,C12H15N3O3,249.111341,19,365,5.0,Inactive,3.718775279679385,0.18593876398396925,0.00010100206708198774,-3.995669737968698
https://comptox.epa.gov/dashboard/chemical/details/DTXSID8037706,Potassium perfluorooctanesulfonate,2795-39-3,C8F17KO3S,537.893375,179,742,24.0,Inactive,0.6047904046722564,0.030239520233612822,50,1.6989700043360187
https://comptox.epa.gov/dashboard/chemical/details/DTXSID8040694,Butyl benzoate,136-60-7,C11H14O2,178.099380,4,581,1.0,Inactive,8.517348697291656,0.4258674348645828,30.991785390589932,1.4912465960181287
https://comptox.epa.gov/dashboard/chemical/details/DTXSID8040484,Forskolin,66575-29-9,C22H34O7,410.230453,91,371,25.0,Inactive,0.5631495171211147,0.028157475856055734,50,1.6989700043360187
https://comptox.epa.gov/dashboard/chemical/details/DTXSID8040222,Trifloxysulfuron-sodium,199119-58-9,C14H13F3N5NaO6S,459.043633,24,641,4.0,Inactive,3.73547165919903e-10,1.867735829599515E-11,50,1.6989700043360187
https://comptox.epa.gov/dashboard/chemical/details/DTXSID8040721,4-Cyclohexylcyclohexanone,92-68-2,C12H20O,180.151415,54,617,9.0,Inactive,1.026614626120052e-9,5.13307313060026E-11,50,1.6989700043360187
https://comptox.epa.gov/dashboard/chemical/details/DTXSID8040775,Terpineol,8000-41-7,, ,1,346,0.0,Inactive,0.30158326911167005,0.015079163455583503,49.99999999999999,1.6989700043360187
https://comptox.epa.gov/dashboard/chemical/details/DTXSID8041248,"2,5-Di-tert-butylbenzene-1,4-diol",88-58-4,C14H22O2,222.161980,250,676,37.0,Inactive,4.746867285775566,0.23734336428877828,0.17522588181781612,-0.7564017457678853
https://comptox.epa.gov/dashboard/chemical/details/DTXSID8041379,"2,6-Di-tert-butyl-4-methoxyphenol",489-01-0,C15H24O2,236.177630,35,353,10.0,Inactive,1.0302612320078806,0.051513061600394025,49.99999999999999,1.6989700043360187
https://comptox.epa.gov/dashboard/chemical/details/DTXSID8041298,gamma-Caprolactone,695-06-7,C6H10O2,114.068080,3,346,1.0,Inactive,7.559245951210533,0.3779622975605267,50,1.6989700043360187
https://comptox.epa.gov/dashboard/chemical/details/DTXSID8041610,Arabinose,147-81-9,C5H10O5,150.052823,1,353,0.0,Inactive,2.8933443656364495e-11,1.4466721828182248E-12,50,1.6989700043360187
https://comptox.epa.gov/dashboard/chemical/details/DTXSID8041909,Dysprosium(III) chloride,10025-74-8,Cl3Dy,268.835740,4,350,1.0,Inactive,2.2344378625918976e-10,1.1172189312959488E-11,44.9999999999995,1.6532125137753388
https://comptox.epa.gov/dashboard/chemical/details/DTXSID8042052,1H-Indene,95-13-6,C9H8,116.062600,11,351,3.0,Inactive,6.779884645756445e-11,3.3899423228782225E-12,50,1.6989700043360187
https://comptox.epa.gov/dashboard/chemical/details/DTXSID8041955,Ethyl diethanolamine,139-87-7,C6H15NO2,133.110279,3,349,1.0,Inactive,3.3662164252275145e-9,1.6831082126137572E-10,50,1.6989700043360187
https://comptox.epa.gov/dashboard/chemical/details/DTXSID8042006,Glyceryl monooctanoate,26402-26-6,, ,0,348,0.0,Inactive,1.8227966756012242e-10,9.11398337800612E-12,50,1.6989700043360187
https://comptox.epa.gov/dashboard/chemical/details/DTXSID8041957,Ethyl orthoformate,122-51-0,C7H16O3,148.109944,2,352,1.0,Inactive,1.7379334042450404e-10,8.689667021225202E-12,50,1.6989700043360187
https://comptox.epa.gov/dashboard/chemical/details/DTXSID8042187,"N,N'-Dibutylthiourea",109-46-6,C9H20N2S,188.134720,38,351,11.0,Inactive,1.6972103488972452,0.08486051744486225,0.0005000000644050605,-3.30102993972246
https://comptox.epa.gov/dashboard/chemical/details/DTXSID8042189,"N,N-Diisopropylaniline",4107-98-6,C12H19N,177.151750,0,350,0.0,Inactive,2.3429347975447503,0.11714673987723752,50,1.6989700043360187
https://comptox.epa.gov/dashboard/chemical/details/DTXSID8042507,1-Phenylurea,64-10-8,C7H8N2O,136.063663,2,345,1.0,Inactive,1.4561879394663844,0.07280939697331922,1.4385901805266912,0.15793709158437846
https://comptox.epa.gov/dashboard/chemical/details/DTXSID8042399,Sodium abietate,14351-66-7,C20H29NaO2,324.206524,55,352,16.0,Inactive
https://comptox.epa.gov/dashboard/chemical/details/DTXSID8042422,Styrene glycol,93-56-1,C8H10O2,138.068080,2,345,1.0,Inactive,7.498255194851641,0.37491275974258204,0.12060272300797896,-0.9186428864413989
https://comptox.epa.gov/dashboard/chemical/details/DTXSID8042424,Sulfaquinoxaline,59-40-5,C14H12N4O2S,300.068097,6,351,2.0,Inactive,0.8590704295673801,0.042953521478369006,50,1.6989700043360187
https://comptox.epa.gov/dashboard/chemical/details/DTXSID8042503,Tripropylene glycol butyl ether,55934-93-5,C13H28O4,248.198759,0,344,0.0,Inactive,0.8541501497179463,0.042707507485897314,1.582721097997232,0.19940439163282442
https://comptox.epa.gov/dashboard/chemical/details/DTXSID8042426,Sulfosuccinic acid,5138-18-1,C4H6O7S,197.983424,1,351,0.0,Inactive,2.4598240648360026,0.12299120324180013,1.258668034408446,0.09991120283622965
https://comptox.epa.gov/dashboard/chemical/details/DTXSID8044175,Clove leaf oil,8000-34-8,, ,63,623,10.0,Inactive,4.5367138292049525,0.22683569146024762,0.09284812497574174,-1.0322268622086497
https://comptox.epa.gov/dashboard/chemical/details/DTXSID8044202,Octyl acetate,112-14-1,C10H20O2,172.146330,2,345,1.0,Inactive,2.0205047300285113e-10,1.0102523650142557E-11,50,1.6989700043360187
https://comptox.epa.gov/dashboard/chemical/details/DTXSID8044593,1-Benzylquinolinium chloride,15619-48-4,C16H14ClN,255.081477,124,614,20.0,Inactive,4.582449454124764e-11,2.291224727062382E-12,50,1.6989700043360187
https://comptox.epa.gov/dashboard/chemical/details/DTXSID8044888,Barium bis(2-ethylhexanoate),2457-01-4,C16H30BaO4,424.119656,7,344,2.0,Inactive,6.221754463988996e-10,3.110877231994498E-11,50,1.6989700043360187
https://comptox.epa.gov/dashboard/chemical/details/DTXSID8045191,Ranitidine,66357-35-5,C13H22N4O3S,314.141262,2,352,1.0,Inactive,6.294356704949987e-10,3.1471783524749936E-11,50,1.6989700043360187
https://comptox.epa.gov/dashboard/chemical/details/DTXSID8046666,C.I. Basic Violet 1,8004-87-3,, ,46,85,54.0,Inactive,9.01949757552131,0.4509748787760655,12.173637500365684,1.0854203654361447
https://comptox.epa.gov/dashboard/chemical/details/DTXSID8047185,Isopentyl benzoate,94-46-2,C12H16O2,192.115030,2,347,1.0,Inactive,2.7804865348992367e-10,1.3902432674496184E-11,50,1.6989700043360187
https://comptox.epa.gov/dashboard/chemical/details/DTXSID8047264,CP-283097,171866-31-2,C20H22FNO4,359.153286,36,657,5.0,Inactive,2.6380588149189346e-11,1.3190294074594672E-12,25.000000000000075,1.3979400086720388
https://comptox.epa.gov/dashboard/chemical/details/DTXSID8047266,CP-544439,230954-09-3,C18H19FN2O6S,410.094786,67,621,11.0,Inactive,1.0168565535872204e-11,5.084282767936102E-13,50,1.6989700043360187
https://comptox.epa.gov/dashboard/chemical/details/DTXSID8047268,CI-959,104795-68-8,C14H14N5NaO3S,355.071505,242,629,38.0,Inactive,1.564351610588196e-8,7.82175805294098E-10,50,1.6989700043360187
https://comptox.epa.gov/dashboard/chemical/details/DTXSID8047341,SSR146977,264618-44-2,C35H42Cl2N4O2,620.268482,183,677,27.0,Inactive,8.094396061448318,0.4047198030724159,15.702125430523663,1.1959584422355178
https://comptox.epa.gov/dashboard/chemical/details/DTXSID8047262,CI-1029,207736-05-8,C28H37NO4S,483.244330,54,668,8.0,Inactive,2.029898750095775,0.10149493750478875,49.99999999999999,1.6989700043360187
https://comptox.epa.gov/dashboard/chemical/details/DTXSID8047347,SR271425,155990-20-8,C22H27N3O3S,413.177313,358,686,52.0,Active,24.165838363796045,1.2082919181898022,67.92098975792682,1.8320040059060099
https://comptox.epa.gov/dashboard/chemical/details/DTXSID8047391,SAR102608,1068967-96-3,C20H16FN5O,361.133888,95,636,15.0,Inactive,1.728903404482631e-10,8.644517022413155E-12,50,1.6989700043360187
https://comptox.epa.gov/dashboard/chemical/details/DTXSID8047349,AVE8488,NOCAS_47349,C23H25ClFN3O4,461.151762,186,615,30.0,Inactive,8.440574352891183,0.4220287176445591,39.999999999999666,1.6020599913279587
https://comptox.epa.gov/dashboard/chemical/details/DTXSID8047395,"Diisononyl cyclohexane-1,2-dicarboxylate",166412-78-8,, ,17,584,3.0,Inactive,0.046752609607987064,0.0023376304803993534,50,1.6989700043360187
https://comptox.epa.gov/dashboard/chemical/details/DTXSID8047553,Perfluoroundecanoic acid,2058-94-8,C11HF21O2,563.964121,189,728,26.0,Inactive,0.9942242569635927,0.049711212848179635,25.000000000000075,1.3979400086720388
https://comptox.epa.gov/dashboard/chemical/details/DTXSID8047769,"1,2,3-Trimethylbenzene",526-73-8,C9H12,120.093900,1,216,0.0,Inactive,1.1113827530767258e-10,5.556913765383629E-12,50,1.6989700043360187
https://comptox.epa.gov/dashboard/chemical/details/DTXSID8048521,PharmaGSID_48521,1191914-21-2,C31H49N5O4,555.378455,9,580,2.0,Inactive,0.747779795173894,0.0373889897586947,44.9999999999995,1.6532125137753388
https://comptox.epa.gov/dashboard/chemical/details/DTXSID9020089,Anilazine,101-05-3,C9H5Cl3N4,273.957979,35,680,5.0,Inactive,5.475506740329899e-10,2.7377533701649496E-11,50,1.6989700043360187
https://comptox.epa.gov/dashboard/chemical/details/DTXSID9020112,Atrazine,1912-24-9,C8H14ClN5,215.093773,56,749,7.0,Inactive,1.9244687262398907,0.09622343631199454,50,1.6989700043360187
https://comptox.epa.gov/dashboard/chemical/details/DTXSID9020160,Bifenthrin,82657-04-3,C23H22ClF3O2,422.126042,125,778,16.0,Inactive,1.4095507652472835e-9,7.047753826236418E-11,50,1.6989700043360187
https://comptox.epa.gov/dashboard/chemical/details/DTXSID9020114,Auramine hydrochloride,2465-27-2,C17H22ClN3,303.150225,152,398,38.0,Active,65.7776944875301,3.288884724376505,50,1.6989700043360187
https://comptox.epa.gov/dashboard/chemical/details/DTXSID9020087,(E)-Anethole,4180-23-8,C10H12O,148.088815,7,595,1.0,Inactive,1.550310295663008e-9,7.75155147831504E-11,50,1.6989700043360187
https://comptox.epa.gov/dashboard/chemical/details/DTXSID9020164,Pentaerythritol dibromide,3296-90-0,C5H10Br2O2,259.904756,7,604,1.0,Inactive,7.976668970561228e-11,3.988334485280614E-12,50,1.6989700043360187
https://comptox.epa.gov/dashboard/chemical/details/DTXSID9020293,2-Chloroacetophenone,532-27-4,C8H7ClO,154.018542,166,566,29.0,Active,30.121156081997867,1.5060578040998933,29.33355523257525,1.4673647027459085
https://comptox.epa.gov/dashboard/chemical/details/DTXSID9020168,Bis(chloroethyl) ether,111-44-4,C4H8Cl2O,141.995220,3,615,0.0,Inactive,5.452263056240991e-12,2.7261315281204955E-13,50,1.6989700043360187
https://comptox.epa.gov/dashboard/chemical/details/DTXSID9020249,Carbofuran,1563-66-2,C12H15NO3,221.105193,42,616,7.0,Inactive,6.972615682319361e-10,3.4863078411596804E-11,50,1.6989700043360187
https://comptox.epa.gov/dashboard/chemical/details/DTXSID9020243,Captan,133-06-2,C9H8Cl3NO2S,298.934133,241,730,33.0,Inactive,15.845542696885072,0.7922771348442537,86.36300341283595,1.9363277372163914
https://comptox.epa.gov/dashboard/chemical/details/DTXSID9020247,Carbaryl,63-25-2,C12H11NO2,201.078979,98,741,13.0,Inactive,2.5443459167266936e-11,1.2721729583633468E-12,50,1.6989700043360187
https://comptox.epa.gov/dashboard/chemical/details/DTXSID9020295,4-Chloroaniline,106-47-8,C6H6ClN,127.018877,19,596,3.0,Inactive,1.6820694954156455e-10,8.410347477078228E-12,50,1.6989700043360187
https://comptox.epa.gov/dashboard/chemical/details/DTXSID9020299,Chlorobenzilate,510-15-6,C16H14Cl2O3,324.032000,215,616,35.0,Active,75.3661601155216,3.76830800577608,67.71650862199228,1.830694558336909
https://comptox.epa.gov/dashboard/chemical/details/DTXSID9020374,"p,p'-DDE",72-55-9,C14H8Cl4,315.938011,225,700,32.0,Inactive,11.224968997713228,0.5612484498856614,26.272663448489478,1.4195041025670858
https://comptox.epa.gov/dashboard/chemical/details/DTXSID9020370,Daminozide,1596-84-5,C6H12N2O3,160.084792,6,657,1.0,Inactive,2.914184752795297,0.14570923763976484,0.0005000034851712705,-3.301026968493229
https://comptox.epa.gov/dashboard/chemical/details/DTXSID9020372,Mitotane,53-19-0,C14H10Cl4,317.953661,152,405,38.0,Inactive,2.283708917130394,0.11418544585651971,50,1.6989700043360187
https://comptox.epa.gov/dashboard/chemical/details/DTXSID9020409,"Dibenz[a,h]anthracene",53-70-3,C22H14,278.109550,49,498,10.0,Inactive,1.5293049724706969,0.07646524862353485,44.9999999999995,1.6532125137753388
https://comptox.epa.gov/dashboard/chemical/details/DTXSID9020376,"2,2',3,3',4,4',5,5',6,6'-Decabromodiphenyl ether",1163-19-5,C12Br10O,949.178295,0,204,0.0,Inactive,0.6451024663711163,0.03225512331855582,9.99999999999997,0.9999999999999987
https://comptox.epa.gov/dashboard/chemical/details/DTXSID9020453,Dieldrin,60-57-1,C12H8Cl6O,377.870631,202,659,31.0,Inactive,5.412699954229675,0.27063499771148375,50,1.6989700043360187
https://comptox.epa.gov/dashboard/chemical/details/DTXSID9020407,Diazinon,333-41-5,C12H21N2O3PS,304.101051,82,731,11.0,Inactive,1.0918441753419571e-10,5.4592208767097855E-12,50,1.6989700043360187
https://comptox.epa.gov/dashboard/chemical/details/DTXSID9020582,Ethoxyquin,91-53-2,C14H19NO,217.146664,128,642,20.0,Inactive,3.1629722380018905,0.15814861190009452,93.87770019194123,1.9725624417469272
https://comptox.epa.gov/dashboard/chemical/details/DTXSID9020663,Glycerol,56-81-5,C3H8O3,92.047344,9,637,1.0,Inactive,1.438093233412534e-10,7.1904661670626705E-12,50,1.6989700043360187
https://comptox.epa.gov/dashboard/chemical/details/DTXSID9020617,Eugenol,97-53-0,C10H12O2,164.083730,16,630,3.0,Inactive,6.620179185451603,0.3310089592725801,50,1.6989700043360187
https://comptox.epa.gov/dashboard/chemical/details/DTXSID9020740,Indomethacin,53-86-1,C19H16ClNO4,357.076786,35,624,6.0,Inactive,0.6338254532250026,0.03169127266125013,50,1.6989700043360187
https://comptox.epa.gov/dashboard/chemical/details/DTXSID9020794,Maneb,12427-38-2,C4H6MnN2S4,264.879427,213,838,25.0,Inactive,1.1542990531193347,0.05771495265596673,50,1.6989700043360187
https://comptox.epa.gov/dashboard/chemical/details/DTXSID9020790,Malaoxon,1634-78-2,C10H19O7PS,314.058911,37,766,5.0,Inactive,0.07024827549645948,0.0035124137748229743,49.99999999999999,1.6989700043360187
https://comptox.epa.gov/dashboard/chemical/details/DTXSID9020827,Methoxychlor,72-43-5,C16H15Cl3O2,344.013763,219,828,26.0,Inactive,2.058066689885166e-13,1.029033344942583E-14,50,1.6989700043360187
https://comptox.epa.gov/dashboard/chemical/details/DTXSID9020792,Maleic hydrazide,123-33-1,C4H4N2O2,112.027277,7,644,1.0,Inactive,0.19869824059756502,0.009934912029878252,50,1.6989700043360187
https://comptox.epa.gov/dashboard/chemical/details/DTXSID9020877,1-Methylnaphthalene,90-12-0,C11H10,142.078250,1,570,0.0,Inactive,3.4879636519481103,0.17439818259740553,50,1.6989700043360187
https://comptox.epa.gov/dashboard/chemical/details/DTXSID9021138,"1,4-Benzenediamine",106-50-3,C6H8N2,108.068748,61,370,16.0,Active,110.53469580504647,5.526734790252323,80.56289198664733,1.906135047804988
https://comptox.epa.gov/dashboard/chemical/details/DTXSID9021217,Pyrimethamine,58-14-0,C12H13ClN4,248.082874,142,623,23.0,Inactive,9.620484367556568,0.4810242183778284,0.014928971289239444,-1.8259701171777873
https://comptox.epa.gov/dashboard/chemical/details/DTXSID9021340,Thioacetamide,62-55-5,C2H5NS,75.014270,1,243,0.0,Inactive,0.20516358132618087,0.010258179066309044,50,1.6989700043360187
https://comptox.epa.gov/dashboard/chemical/details/DTXSID9021427,Urethane,51-79-6,C3H7NO2,89.047678,1,582,0.0,Inactive,0.2059992901345579,0.010299964506727894,50,1.6989700043360187
https://comptox.epa.gov/dashboard/chemical/details/DTXSID9021392,Triethanolamine,102-71-6,C6H15NO3,149.105193,4,577,1.0,Inactive,2.6366078835228544e-9,1.3183039417614272E-10,50,1.6989700043360187
https://comptox.epa.gov/dashboard/chemical/details/DTXSID9021348,Thiourea,62-56-6,CH4N2S,76.009519,3,356,1.0,Inactive,16.742602780878336,0.8371301390439168,0.0075473271592734524,-2.122206823933655
https://comptox.epa.gov/dashboard/chemical/details/DTXSID9021390,"1,2,3-Trichloropropane",96-18-4,C3H5Cl3,145.945683,5,600,1.0,Inactive,9.433350419126906e-11,4.716675209563453E-12,50,1.6989700043360187
https://comptox.epa.gov/dashboard/chemical/details/DTXSID9021477,Sodium tetrafluoroborate,13755-29-8,BF4Na,109.992687,1,347,0.0,Inactive,0.6957227932144397,0.034786139660721985,50,1.6989700043360187
https://comptox.epa.gov/dashboard/chemical/details/DTXSID9021689,Undecane,1120-21-4,C11H24,156.187801,4,602,1.0,Inactive,3.2310758078622888,0.16155379039311443,4.13175387825328,0.6161344434138889
https://comptox.epa.gov/dashboard/chemical/details/DTXSID9021639,Nonanal,124-19-6,C9H18O,142.135765,6,478,1.0,Inactive,9.968829110308704e-12,4.984414555154352E-13,50,1.6989700043360187
https://comptox.epa.gov/dashboard/chemical/details/DTXSID9021554,Decanoic acid,334-48-5,C10H20O2,172.146330,19,602,3.0,Inactive,2.2354982211804053,0.11177491105902027,0.007317288395400577,-2.135649827833514
https://comptox.epa.gov/dashboard/chemical/details/DTXSID9021922,2-(Ethylamino)ethanol,110-73-6,C4H11NO,89.084064,3,349,1.0,Inactive,1.819765579202109e-9,9.098827896010545E-11,50,1.6989700043360187
https://comptox.epa.gov/dashboard/chemical/details/DTXSID9021928,Ethylene glycol monoethyl ether acetate,111-15-9,C6H12O3,132.078644,2,596,0.0,Inactive,2.17977207070913e-9,1.089886035354565E-10,50,1.6989700043360187
https://comptox.epa.gov/dashboard/chemical/details/DTXSID9021764,1-Amino-2-propanol,78-96-6,C3H9NO,75.068414,0,350,0.0,Inactive,3.364927466954999e-9,1.6824637334774994E-10,50,1.6989700043360187
https://comptox.epa.gov/dashboard/chemical/details/DTXSID9021847,Diphenyl oxide,101-84-8,C12H10O,170.073165,29,462,6.0,Inactive,1.47478947544772,0.073739473772386,50,1.6989700043360187
https://comptox.epa.gov/dashboard/chemical/details/DTXSID9021897,3-Methylpyridine,108-99-6,C6H7N,93.057849,7,455,2.0,Inactive,8.872572215730671e-11,4.436286107865335E-12,50,1.6989700043360187
https://comptox.epa.gov/dashboard/chemical/details/DTXSID9022360,"4-(1,1,3,3-Tetramethylbutyl)phenol",140-66-9,C14H22O,206.167065,307,695,44.0,Active,25.35650996725301,1.2678254983626505,5.9024730713643745,0.7710340143895558
https://comptox.epa.gov/dashboard/chemical/details/DTXSID9022310,Daidzein,486-66-8,C15H10O4,254.057909,95,656,14.0,Inactive,1.9669236164842355e-9,9.834618082421178E-11,50,1.6989700043360187
https://comptox.epa.gov/dashboard/chemical/details/DTXSID9022100,4-Propylphenol,645-56-7,C9H12O,136.088815,15,368,4.0,Inactive,22.834848071924128,1.1417424035962065,92.28536047845931,1.9651328129687045
https://comptox.epa.gov/dashboard/chemical/details/DTXSID9022312,4-Octylphenol,1806-26-4,C14H22O,206.167065,190,609,31.0,Active,32.404818082079856,1.620240904103993,58.96755532950936,1.7706131232176587
https://comptox.epa.gov/dashboard/chemical/details/DTXSID9022364,5alpha-Dihydrotestosterone,521-18-6,C19H30O2,290.224580,138,697,20.0,Active,192.04635249516647,9.602317624758324,0.00039003362418475496,-3.408897951515969
https://comptox.epa.gov/dashboard/chemical/details/DTXSID9021976,2-Phenoxyethanol,122-99-6,C8H10O2,138.068080,6,634,1.0,Inactive,0.8883423449034838,0.04441711724517419,50,1.6989700043360187
https://comptox.epa.gov/dashboard/chemical/details/DTXSID9022366,Estriol,50-27-1,C18H24O3,288.172545,70,551,13.0,Inactive,9.909137268454066e-9,4.954568634227033E-10,50,1.6989700043360187
https://comptox.epa.gov/dashboard/chemical/details/DTXSID9022522,Diisobutyl phthalate,84-69-5,C16H22O4,278.151809,90,626,14.0,Inactive,2.263719823903712e-11,1.1318599119518559E-12,50.00000000000001,1.6989700043360187
https://comptox.epa.gov/dashboard/chemical/details/DTXSID9022607,Anastrozole,120511-73-1,C17H19N5,293.164046,7,349,2.0,Inactive,1.2916933302147302,0.06458466651073651,0.024510517009117612,-1.610647527922187
https://comptox.epa.gov/dashboard/chemical/details/DTXSID9022526,Benzyl 4-hydroxybenzoate,94-18-8,C14H12O3,228.078644,94,372,25.0,Active,123.67271427651315,6.183635713825657,89.94725876406896,1.9539879323088167
https://comptox.epa.gov/dashboard/chemical/details/DTXSID9022524,Thalidomide,50-35-1,C13H10N2O4,258.064057,5,619,1.0,Inactive,0.9273919745163216,0.04636959872581608,50,1.6989700043360187
https://comptox.epa.gov/dashboard/chemical/details/DTXSID9022528,Ethylparaben,120-47-8,C9H10O3,166.062994,19,602,3.0,Inactive,1.1924847608322737,0.05962423804161369,49.99999999999999,1.6989700043360187
https://comptox.epa.gov/dashboard/chemical/details/DTXSID9022817,Carminic acid,1260-17-9,C22H20O13,492.090391,61,610,10.0,Inactive,0.7929356229381266,0.039646781146906326,50,1.6989700043360187
https://comptox.epa.gov/dashboard/chemical/details/DTXSID9023380,Norethindrone,68-22-4,C20H26O2,298.193280,152,665,23.0,Active,82.75545809162819,4.137772904581409,0.0013473844292849254,-2.8705084757711608
https://comptox.epa.gov/dashboard/chemical/details/DTXSID9023889,Quizalofop-ethyl,76578-14-8,C19H17ClN2O4,372.087685,47,651,7.0,Inactive,8.783285073405317e-11,4.391642536702658E-12,44.9999999999995,1.6532125137753388
https://comptox.epa.gov/dashboard/chemical/details/DTXSID9023881,Clofentezine,74115-24-5,C14H8Cl2N4,302.012602,56,662,8.0,Inactive,0.057765532111320336,0.002888276605566017,50,1.6989700043360187
https://comptox.epa.gov/dashboard/chemical/details/DTXSID9023833,Poly[oxy(dimethylsilylene)],9016-00-6,(C2H6OSi)n, ,4,351,1.0,Inactive,1.4192650989384614e-10,7.096325494692307E-12,50,1.6989700043360187
https://comptox.epa.gov/dashboard/chemical/details/DTXSID9024065,"1,3-Dinitrobenzene",99-65-0,C6H4N2O4,168.017107,21,611,3.0,Inactive,0.264614936138494,0.0132307468069247,50,1.6989700043360187
https://comptox.epa.gov/dashboard/chemical/details/DTXSID9024194,(+/-)-2-(4-Chloro-2-methylphenoxy)propionic acid,93-65-2,C10H11ClO3,214.039672,3,462,1.0,Inactive,1.8659285180588143e-10,9.329642590294072E-12,50,1.6989700043360187
https://comptox.epa.gov/dashboard/chemical/details/DTXSID9024063,"2,6-Dimethylphenol",576-26-1,C8H10O,122.073165,4,590,1.0,Inactive,1.091019704007002e-10,5.45509852003501E-12,50,1.6989700043360187
https://comptox.epa.gov/dashboard/chemical/details/DTXSID9024304,Sethoxydim,74051-80-2,C17H29NO3S,327.186815,37,689,5.0,Inactive,2.4890486730485616e-10,1.2445243365242808E-11,50,1.6989700043360187
https://comptox.epa.gov/dashboard/chemical/details/DTXSID9024431,Aldicarb oxime,1646-75-9,C5H11NOS,133.056135,3,632,0.0,Inactive,0.9300535426934219,0.04650267713467109,50,1.6989700043360187
https://comptox.epa.gov/dashboard/chemical/details/DTXSID9023914,Dicrotophos,141-66-2,C8H16NO5P,237.076610,5,672,1.0,Inactive,2.0449301780761724,0.10224650890380863,49.99999999999999,1.6989700043360187
https://comptox.epa.gov/dashboard/chemical/details/DTXSID9024489,5-Amino-2-methylphenol,2835-95-2,C7H9NO,123.068414,54,650,8.0,Inactive,1.7684224073280728,0.08842112036640364,50,1.6989700043360187
https://comptox.epa.gov/dashboard/chemical/details/DTXSID9024691,Butyl glycidyl ether,2426-08-6,C7H14O2,130.099380,15,359,4.0,Inactive,4.627266315532904e-11,2.313633157766452E-12,50,1.6989700043360187
https://comptox.epa.gov/dashboard/chemical/details/DTXSID9024930,"3,4-Diaminotoluene",496-72-0,C7H10N2,122.084398,87,628,14.0,Inactive,0.6685517705884411,0.033427588529422056,50,1.6989700043360187
https://comptox.epa.gov/dashboard/chemical/details/DTXSID9024699,tert-Butyl perbenzoate,614-45-9,C11H14O3,194.094294,46,574,8.0,Inactive,3.220701865394694,0.1610350932697347,50,1.6989700043360187
https://comptox.epa.gov/dashboard/chemical/details/DTXSID9025110,"2,5-Dimethyl-2,5-di-(tert-butylperoxy)hexane",78-63-7,C16H34O4,290.245710,22,576,4.0,Inactive,1.9906469003530836,0.09953234501765418,0.004447826062383525,-2.3518522047047883
https://comptox.epa.gov/dashboard/chemical/details/DTXSID9024986,"4,4'-Dichlorodiphenyl sulfone",80-07-9,C12H8Cl2O2S,285.962206,40,500,8.0,Inactive,8.521694145059111,0.42608470725295555,0.002135541686958335,-2.6704919464852175
https://comptox.epa.gov/dashboard/chemical/details/DTXSID9025291,2-Ethylhexaldehyde,123-05-7,C8H16O,128.120115,1,348,0.0,Inactive,1.1972107045530973,0.05986053522765487,50,1.6989700043360187
https://comptox.epa.gov/dashboard/chemical/details/DTXSID9025293,2-Ethylhexanoic acid,149-57-5,C8H16O2,144.115030,3,580,1.0,Inactive,6.536775126259676e-11,3.268387563129838E-12,50,1.6989700043360187
https://comptox.epa.gov/dashboard/chemical/details/DTXSID9025403,Hexyl benzoate,6789-88-4,C13H18O2,206.130680,12,346,3.0,Inactive,4.1191143022650114e-11,2.0595571511325057E-12,50,1.6989700043360187
https://comptox.epa.gov/dashboard/chemical/details/DTXSID9025451,"4-(2,6,6-Trimethyl-cyclohex-1-enyl)-but-3-en-2-one",14901-07-6,C13H20O,192.151415,11,344,3.0,Inactive,2.9115764547567426,0.14557882273783712,50.00000000000001,1.6989700043360187
https://comptox.epa.gov/dashboard/chemical/details/DTXSID9025297,2-Ethylhexyl acrylate,103-11-7,C11H20O2,184.146330,39,463,8.0,Inactive,1.239229715331522,0.0619614857665761,50,1.6989700043360187
https://comptox.epa.gov/dashboard/chemical/details/DTXSID9025453,3-Methylbutyl acetate,123-92-2,C7H14O2,130.099380,5,601,1.0,Inactive,6.626227261713413e-11,3.3131136308567064E-12,50,1.6989700043360187
https://comptox.epa.gov/dashboard/chemical/details/DTXSID9025796,Nonane,111-84-2,C9H20,128.156501,4,352,1.0,Inactive,3.784249347607481e-11,1.8921246738037406E-12,50,1.6989700043360187
https://comptox.epa.gov/dashboard/chemical/details/DTXSID9026132,Theobromine,83-67-0,C7H8N4O2,180.064726,4,628,1.0,Inactive,2.5927606057636237e-8,1.2963803028818118E-9,19.999999999999893,1.3010299956639788
https://comptox.epa.gov/dashboard/chemical/details/DTXSID9026261,"Tris(1,3-dichloro-2-propyl) phosphate",13674-87-8,C9H15Cl6O4P,427.883912,226,779,29.0,Inactive,13.117654836705182,0.6558827418352591,0.03707501474592821,-1.430918667566634
https://comptox.epa.gov/dashboard/chemical/details/DTXSID9026689,"1,1′,1′′,1′′′-(Ethylenedinitrilo)tetrakis(2-propanol)",102-60-3,C14H32N2O4,292.236208,3,568,1.0,Inactive,1.2096767624245168,0.06048383812122584,50.00000000000001,1.6989700043360187
https://comptox.epa.gov/dashboard/chemical/details/DTXSID9026265,Tris(2-ethylhexyl) trimellitate,3319-31-1,C33H54O6,546.392039,28,621,5.0,Inactive,1.1155987403049576e-10,5.577993701524788E-12,50,1.6989700043360187
https://comptox.epa.gov/dashboard/chemical/details/DTXSID9026841,Dihexyl hexanedioate,110-33-8,C18H34O4,314.245710,4,456,1.0,Inactive,3.6933617462422204,0.184668087312111,0.1784093977495783,-0.748582272811419
https://comptox.epa.gov/dashboard/chemical/details/DTXSID9026922,Tetraethylene glycol,112-60-7,C8H18O5,194.115424,9,354,3.0,Inactive,1.509861260514846,0.0754930630257423,50,1.6989700043360187
https://comptox.epa.gov/dashboard/chemical/details/DTXSID9026342,2-Phenylethanol,60-12-8,C8H10O,122.073165,1,348,0.0,Inactive,1.7181196767937244e-10,8.590598383968622E-12,50,1.6989700043360187
https://comptox.epa.gov/dashboard/chemical/details/DTXSID9026500,2-(4-Tert-Butylbenzyl)propionaldehyde,80-54-6,C14H20O,204.151415,62,459,14.0,Inactive,2.98849875366882,0.149424937683441,50,1.6989700043360187
https://comptox.epa.gov/dashboard/chemical/details/DTXSID9026926,1-Tetradecanol,112-72-1,C14H30O,214.229666,103,582,18.0,Inactive,2.2408350421879503e-10,1.1204175210939752E-11,50,1.6989700043360187
https://comptox.epa.gov/dashboard/chemical/details/DTXSID9027312,1-Phenoxy-2-propanol,770-35-4,C9H12O2,152.083730,3,355,1.0,Inactive,0.6954871192519647,0.03477435596259824,50,1.6989700043360187
https://comptox.epa.gov/dashboard/chemical/details/DTXSID9026974,"2,4-Di-tert-pentylphenol",120-95-6,C16H26O,234.198365,283,618,46.0,Active,38.64892971411936,1.932446485705968,50,1.6989700043360187
https://comptox.epa.gov/dashboard/chemical/details/DTXSID9027441,Octabenzone,1843-05-6,C21H26O3,326.188195,33,586,6.0,Inactive,12.265180992368393,0.6132590496184196,2.1637802890636966,0.3352131602739326
https://comptox.epa.gov/dashboard/chemical/details/DTXSID9027360,Ammonium carbamate,1111-78-0,CH6N2O2,78.042927,18,586,3.0,Inactive,4.673111066597928e-10,2.336555533298964E-11,50,1.6989700043360187
https://comptox.epa.gov/dashboard/chemical/details/DTXSID9027364,"N,N-Dimethyloctanamide",1118-92-9,C10H21NO,171.162314,1,345,0.0,Inactive,1.3613595717956164,0.06806797858978082,50,1.6989700043360187
https://comptox.epa.gov/dashboard/chemical/details/DTXSID9027522,Octrizole,3147-75-9,C20H25N3O,323.199762,88,578,15.0,Inactive,1.0762447995049985e-10,5.381223997524992E-12,50,1.6989700043360187
https://comptox.epa.gov/dashboard/chemical/details/DTXSID9027528,3-(Methylthio)propanal,3268-49-3,C4H8OS,104.029586,9,464,2.0,Inactive,2.79487449118863e-11,1.397437245594315E-12,50,1.6989700043360187
https://comptox.epa.gov/dashboard/chemical/details/DTXSID9027738,(Methylcyclopentadienyl)tricarbonylmanganese,12108-13-3,C9H7MnO3,217.977563,9,371,2.0,Inactive,0.0000010858942464531562,5.429471232265781E-8,50,1.6989700043360187
https://comptox.epa.gov/dashboard/chemical/details/DTXSID9027863,Polypropylene glycol,25322-69-4,(C3H6O)nHO, ,0,348,0.0,Inactive,1.3169901716722202e-10,6.584950858361101E-12,50,1.6989700043360187
https://comptox.epa.gov/dashboard/chemical/details/DTXSID9029146,4-Methylmorpholine,109-02-4,C5H11NO,101.084064,1,349,0.0,Inactive,3.4495333709447626,0.17247666854723814,50,1.6989700043360187
https://comptox.epa.gov/dashboard/chemical/details/DTXSID9029221,Clopyralid,1702-17-6,C6H3Cl2NO2,190.954084,11,641,2.0,Inactive,1.010762472545734,0.0505381236272867,50,1.6989700043360187
https://comptox.epa.gov/dashboard/chemical/details/DTXSID9029223,"1,1-Bis(3,4-dimethylphenyl)ethane",1742-14-9,C18H22,238.172151,40,376,11.0,Inactive,0.6712258672266417,0.03356129336133208,50,1.6989700043360187
https://comptox.epa.gov/dashboard/chemical/details/DTXSID9029649,"1,3-Benzenedimethanamine",1477-55-0,C8H12N2,136.100048,6,348,2.0,Inactive,6.559848927682262e-9,3.279924463841131E-10,50,1.6989700043360187
https://comptox.epa.gov/dashboard/chemical/details/DTXSID9029302,2-Propyl-1-heptanol,10042-59-8,C10H22O,158.167065,0,352,0.0,Inactive,1.8309927095260508,0.09154963547630254,50,1.6989700043360187
https://comptox.epa.gov/dashboard/chemical/details/DTXSID9029304,Glyceryl stearate,11099-07-3,, ,2,352,1.0,Inactive,3.2614158786123175,0.16307079393061588,93.77731707620319,1.97209780362497
https://comptox.epa.gov/dashboard/chemical/details/DTXSID9032329,Bensulide,741-58-2,C14H24NO4PS3,397.060509,287,778,37.0,Inactive,5.2819253495885375e-11,2.6409626747942687E-12,50,1.6989700043360187
https://comptox.epa.gov/dashboard/chemical/details/DTXSID9032113,Tebuconazole,107534-96-3,C16H22ClN3O,307.145140,174,735,24.0,Active,51.685177015353055,2.584258850767653,76.95661722760086,1.8862459692210902
https://comptox.epa.gov/dashboard/chemical/details/DTXSID9032531,Bromuconazole,116255-48-2,C13H12BrCl2N3O,374.954080,101,427,24.0,Inactive,3.06072621833138,0.153036310916569,50,1.6989700043360187
https://comptox.epa.gov/dashboard/chemical/details/DTXSID9032327,Bendiocarb,22781-23-3,C11H13NO4,223.084458,58,655,9.0,Inactive,1.4290540240828196,0.07145270120414098,1.1854575126687192,0.07388599328326109
https://comptox.epa.gov/dashboard/chemical/details/DTXSID9032533,Chlorfenapyr,122453-73-0,C15H11BrClF3N2O,405.969538,178,367,49.0,Inactive,3.7430110317533973,0.18715055158766986,50,1.6989700043360187
https://comptox.epa.gov/dashboard/chemical/details/DTXSID9032610,Etofenprox,80844-07-1,C25H28O3,376.203845,63,659,10.0,Inactive,4.030941185730616e-9,2.015470592865308E-10,50,1.6989700043360187
https://comptox.epa.gov/dashboard/chemical/details/DTXSID9032581,Zoxamide,156052-68-5,C14H16Cl3NO2,335.024662,288,648,44.0,Inactive,7.802223499166949,0.39011117495834746,62.74512240343849,1.797579970860569
https://comptox.epa.gov/dashboard/chemical/details/DTXSID9032535,Trinexapac-ethyl,95266-40-3,C13H16O5,252.099774,1,347,0.0,Inactive,3.0186790135464756,0.1509339506773238,50,1.6989700043360187
https://comptox.epa.gov/dashboard/chemical/details/DTXSID9032379,Dithiopyr,97886-45-8,C15H16F5NO2S2,401.054262,145,698,21.0,Inactive,11.45099777985327,0.5725498889926635,50.00000000000001,1.6989700043360187
https://comptox.epa.gov/dashboard/chemical/details/DTXSID9032537,Didecyldimethylammonium chloride,7173-51-5,C22H48ClN,361.347528,423,683,62.0,Inactive,31.116615989323613,1.5558307994661806,30.054218821664247,1.4779054441379527
https://comptox.epa.gov/dashboard/chemical/details/DTXSID9033058,"4-Amino-1,2,4-triazole",584-13-4,C2H4N4,84.043596,7,585,1.0,Inactive,1.686068917755071e-9,8.430344588775355E-11,50,1.6989700043360187
https://comptox.epa.gov/dashboard/chemical/details/DTXSID9034232,2-(m-Chlorophenoxy)propionic acid,101-10-0,C9H9ClO3,200.024022,14,652,2.0,Inactive,6.606010309170439e-11,3.3030051545852194E-12,50,1.6989700043360187
https://comptox.epa.gov/dashboard/chemical/details/DTXSID9034317,Benzalkonium chloride,8001-54-5,, ,172,382,45.0,Inactive,6.619010100110895,0.33095050500554474,7.924406922331122,0.8989667686819378
https://comptox.epa.gov/dashboard/chemical/details/DTXSID9034361,Denatonium saccharide,90823-38-4,C28H33N3O4S,507.219178,14,475,3.0,Inactive,3.736589254169745e-10,1.8682946270848725E-11,50,1.6989700043360187
https://comptox.epa.gov/dashboard/chemical/details/DTXSID9034282,4-Chlorophenoxyacetic acid,122-88-3,C8H7ClO3,186.008372,0,353,0.0,Inactive,5.278189341103527,0.26390946705517637,50,1.6989700043360187
https://comptox.epa.gov/dashboard/chemical/details/DTXSID9033923,Procymidone,32809-16-8,C13H11Cl2NO2,283.016684,62,684,9.0,Inactive,0.02868283924088791,0.0014341419620443954,50,1.6989700043360187
https://comptox.epa.gov/dashboard/chemical/details/DTXSID9034286,5-Chloro-2-methyl-3(2H)-isothiazolone,26172-55-4,C4H4ClNOS,148.970213,103,636,16.0,Active,33.73990742633703,1.6869953713168513,32.356038207728055,1.5099553395825338
https://comptox.epa.gov/dashboard/chemical/details/DTXSID9034365,Butafenacil,134605-64-4,C20H18ClF3N2O6,474.080549,61,645,9.0,Inactive,6.966362725707998e-10,3.483181362853999E-11,50,1.6989700043360187
https://comptox.epa.gov/dashboard/chemical/details/DTXSID9034490,Cyanamide,420-04-2,CH2N2,42.021798,3,647,0.0,Inactive,4.26298547860681e-11,2.131492739303405E-12,50,1.6989700043360187
https://comptox.epa.gov/dashboard/chemical/details/DTXSID9034492,"4-Chloro-2-cyano-N,N-dimethyl-5-(4-methylphenyl)-1H-imidazole-1-sulfonamide",120116-88-3,C13H13ClN4O2S,324.044775,259,699,37.0,Inactive,2.9621993994327917e-10,1.481099699716396E-11,50,1.6989700043360187
https://comptox.epa.gov/dashboard/chemical/details/DTXSID9036226,Sodium octyl sulfate,142-31-4,C8H17NaO4S,232.074524,5,348,1.0,Inactive,1.1190139870194864,0.05595069935097432,50,1.6989700043360187
https://comptox.epa.gov/dashboard/chemical/details/DTXSID9034816,Monocrotophos,6923-22-4,C7H14NO5P,223.060960,5,672,1.0,Inactive,0.7581055480078154,0.03790527740039077,50,1.6989700043360187
https://comptox.epa.gov/dashboard/chemical/details/DTXSID9035204,Tributyltin methacrylate,2155-70-6,C16H32O2Sn,376.142432,511,754,68.0,Active,105.0576200452564,5.25288100226282,0.000052054464909568755,-4.283542013465181
https://comptox.epa.gov/dashboard/chemical/details/DTXSID9034818,Azamethiphos,35575-96-3,C9H10ClN2O5PS,323.973657,147,645,23.0,Inactive,3.4325163937576733,0.17162581968788365,0.24166500558614618,-0.6167862332545306
https://comptox.epa.gov/dashboard/chemical/details/DTXSID9034997,Tributyltetradecylphosphonium chloride,81741-28-8,C26H56ClP,434.380816,218,386,56.0,Inactive,14.611387422881009,0.7305693711440504,2.694432900960373,0.4304673728993882
https://comptox.epa.gov/dashboard/chemical/details/DTXSID9035175,Kinetin,525-79-1,C10H9N5O,215.080710,6,359,2.0,Inactive,0.3566528539362935,0.017832642696814675,50,1.6989700043360187
https://comptox.epa.gov/dashboard/chemical/details/DTXSID9034864,Propoxycarbazone-sodium,181274-15-7,C15H17N4NaO7S,420.071564,11,635,2.0,Inactive,3.4899033094194785,0.17449516547097393,0.10037552524317932,-0.9983721691392391
https://comptox.epa.gov/dashboard/chemical/details/DTXSID9036515,Testosterone propionate,57-85-2,C22H32O3,344.235145,252,661,38.0,Active,92.4802448184809,4.624012240924045,0.0004999992064053525,-3.3010306849720807
https://comptox.epa.gov/dashboard/chemical/details/DTXSID9036690,Diisobutyl adipate,141-04-8,C14H26O4,258.183109,4,597,1.0,Inactive,1.669999591895432e-12,8.34999795947716E-14,50,1.6989700043360187
https://comptox.epa.gov/dashboard/chemical/details/DTXSID9037745,4-tert-Butylphenyl salicylate,87-18-3,C17H18O3,270.125594,36,350,10.0,Inactive,6.6641669514626685,0.33320834757313345,9.116259685450903,0.9598166879817933
https://comptox.epa.gov/dashboard/chemical/details/DTXSID9037539,Endosulfan I,959-98-8,C9H6Cl6O3S,403.816881,95,388,24.0,Inactive,5.766543194573557e-10,2.8832715972867787E-11,50,1.6989700043360187
https://comptox.epa.gov/dashboard/chemical/details/DTXSID9036933,Sodium hexafluorosilicate,16893-85-9,F6Na2Si,187.946884,0,343,0.0,Inactive,1.2573705538819261e-10,6.286852769409631E-12,50,1.6989700043360187
https://comptox.epa.gov/dashboard/chemical/details/DTXSID9040342,"4-Ethyl-1,3-dioxolan-2-one",4437-85-8,C5H8O3,116.047344,2,349,1.0,Inactive,2.6043285890556387,0.13021642945278195,50.00000000000001,1.6989700043360187
https://comptox.epa.gov/dashboard/chemical/details/DTXSID9037749,5-Chlorosalicylanilide,4638-48-6,C13H10ClNO2,247.040006,118,356,33.0,Inactive,2.579957387935356,0.1289978693967678,0.03685822533612983,-1.4334655791896627
https://comptox.epa.gov/dashboard/chemical/details/DTXSID9040001,Monomethyl phthalate,4376-18-5,C9H8O4,180.042259,13,688,2.0,Inactive,0.02738784039604092,0.001369392019802046,50,1.6989700043360187
https://comptox.epa.gov/dashboard/chemical/details/DTXSID9041237,alpha-Terpinene,99-86-5,C10H16,136.125201,12,453,3.0,Inactive,7.154612286943444e-10,3.577306143471722E-11,50,1.6989700043360187
https://comptox.epa.gov/dashboard/chemical/details/DTXSID9040710,Octamethyltrisiloxane,107-51-7,C8H24O2Si3,236.108410,0,345,0.0,Inactive,1.7357320264335164e-13,8.678660132167582E-15,50,1.6989700043360187
https://comptox.epa.gov/dashboard/chemical/details/DTXSID9040716,4-(2-Methylbutan-2-yl)cyclohexanol,5349-51-9,C11H22O,170.167065,30,637,5.0,Active,27.012802018513476,1.3506401009256739,93.06758561122282,1.9687984474540212
https://comptox.epa.gov/dashboard/chemical/details/DTXSID9041289,Myristyltrimethylammonium chloride,4574-04-3,C17H38ClN,291.269278,169,365,46.0,Inactive,8.222403328653273,0.4111201664326637,25.92627052090471,1.4137400482509648
https://comptox.epa.gov/dashboard/chemical/details/DTXSID9041368,5-Ethyl-5-methylhydantoin,5394-36-5,C6H10N2O2,142.074228,0,350,0.0,Inactive,1.2099633249537407,0.06049816624768704,0.0005000000974367536,-3.3010299110315007
https://comptox.epa.gov/dashboard/chemical/details/DTXSID9042093,Lenacil,2164-08-1,C13H18N2O2,234.136828,0,7,0.0,Inactive,0.8906410384618361,0.0445320519230918,25.000000000000075,1.3979400086720388
https://comptox.epa.gov/dashboard/chemical/details/DTXSID9041491,3-Phenyl-2-propen-1-ol,104-54-1,C9H10O,134.073165,7,359,2.0,Inactive,1.501253689749296,0.07506268448746481,49.99999999999999,1.6989700043360187
https://comptox.epa.gov/dashboard/chemical/details/DTXSID9041815,"3,3,5-Trimethylcyclohexanol",116-02-9,C9H18O,142.135765,3,344,1.0,Inactive,1.0735288600268775,0.053676443001343874,50,1.6989700043360187
https://comptox.epa.gov/dashboard/chemical/details/DTXSID9041861,Diethyl phosphite,762-04-9,C4H11O3P,138.044581,2,349,1.0,Inactive,2.8822501502685e-10,1.44112507513425E-11,50,1.6989700043360187
https://comptox.epa.gov/dashboard/chemical/details/DTXSID9041653,Methyl 3-methylorsellinate,4707-47-5,C10H12O4,196.073559,43,394,11.0,Inactive,9.14340216250047,0.4571701081250235,50,1.6989700043360187
https://comptox.epa.gov/dashboard/chemical/details/DTXSID9042209,N-Methyldioctylamine,4455-26-9,C17H37N,255.292600,13,608,2.0,Inactive,0.5645074748718398,0.02822537374359199,50,1.6989700043360187
https://comptox.epa.gov/dashboard/chemical/details/DTXSID9042415,Sodium 4-methylbenzenesulfonate,657-84-1,C7H7NaO3S,194.001360,1,350,0.0,Inactive,5.603937599026958,0.2801968799513479,50,1.6989700043360187
https://comptox.epa.gov/dashboard/chemical/details/DTXSID9042382,Tetrapropyl orthosilicate,682-01-9,C12H28O4Si,264.175686,11,466,2.0,Inactive,1.7965966125293204e-10,8.982983062646602E-12,50,1.6989700043360187
https://comptox.epa.gov/dashboard/chemical/details/DTXSID9043938,Monobenzyl phthalate,2528-16-7,C15H12O4,256.073559,11,583,2.0,Inactive,1.1194963433788367,0.055974817168941836,50,1.6989700043360187
https://comptox.epa.gov/dashboard/chemical/details/DTXSID9044164,4-Pentylphenol,14938-35-3,C11H16O,164.120115,152,325,47.0,Inactive,13.805762483256048,0.6902881241628024,50,1.6989700043360187
https://comptox.epa.gov/dashboard/chemical/details/DTXSID9044536,Celestolide,13171-00-1,C17H24O,244.182715,57,354,16.0,Active,28.83001824807048,1.441500912403524,80.54716163561324,1.90605024112135
https://comptox.epa.gov/dashboard/chemical/details/DTXSID9044538,C.I. Disperse Orange 37,13301-61-6,C17H15Cl2N5O2,391.060280,70,367,19.0,Inactive,0.7956664092319784,0.03978332046159892,50,1.6989700043360187
https://comptox.epa.gov/dashboard/chemical/details/DTXSID9044663,C.I. Acid Red 1,3734-67-6,C18H13N3Na2O8S2,508.993945,38,351,11.0,Inactive,1.3663256053427368,0.06831628026713685,50,1.6989700043360187
https://comptox.epa.gov/dashboard/chemical/details/DTXSID9044742,"2,2'-[Ethane-1,2-diylbis(oxy)]diethanamine",929-59-9,C6H16N2O2,148.121178,31,575,5.0,Inactive,5.830201685201892e-11,2.915100842600946E-12,50,1.6989700043360187
https://comptox.epa.gov/dashboard/chemical/details/DTXSID9044902,Calcium neodecanoate,27253-33-4,, ,15,344,4.0,Inactive,7.955216079096479e-10,3.9776080395482395E-11,50,1.6989700043360187
https://comptox.epa.gov/dashboard/chemical/details/DTXSID9044825,3-tert-Butylphenol,585-34-2,C10H14O,150.104465,21,470,4.0,Active,54.003583864384886,2.7001791932192445,50,1.6989700043360187
https://comptox.epa.gov/dashboard/chemical/details/DTXSID9044823,Sodium methacrylate,5536-61-8,C4H5NaO2,108.018724,0,344,0.0,Inactive,2.2243337336113873,0.11121668668056936,49.99999999999999,1.6989700043360187
https://comptox.epa.gov/dashboard/chemical/details/DTXSID9044904,C.I. Acid Blue 22,28631-66-5,, ,12,354,3.0,Inactive,3.6213349265117225,0.18106674632558611,35.000000000000256,1.5440680443502788
https://comptox.epa.gov/dashboard/chemical/details/DTXSID9047178,2-Ethylhexyl octadecanoate,22047-49-0,C26H52O2,396.396731,4,455,1.0,Inactive,3.350667193670837,0.16753335968354185,0.0005000002863423025,-3.3010297469502885
https://comptox.epa.gov/dashboard/chemical/details/DTXSID9047205,2-Ethylhexyl trans-4-methoxycinnamate,83834-59-7,C18H26O3,290.188195,4,345,1.0,Inactive,2.3807794523790116,0.11903897261895058,50,1.6989700043360187
https://comptox.epa.gov/dashboard/chemical/details/DTXSID9047259,"1,3-Dichloro-6,7,8,9,10,12-hexahydroazepino[2,1-b]quinazoline hydrochloride (1:1)",149062-75-9,C13H15Cl3N2,304.030082,82,640,13.0,Active,33.37555899115595,1.6687779495577975,3.3879097534615807,0.5299318331534575
https://comptox.epa.gov/dashboard/chemical/details/DTXSID9047255,CP-465394,NOCAS_47255,C20H27N2NaO5S,430.153837,25,573,4.0,Inactive,1.4404227674457848,0.07202113837228924,25.000000000000075,1.3979400086720388
https://comptox.epa.gov/dashboard/chemical/details/DTXSID9047257,Zamifenacin,127308-82-1,C27H29NO3,415.214744,267,674,40.0,Inactive,0.6432536314816462,0.03216268157408231,50,1.6989700043360187
https://comptox.epa.gov/dashboard/chemical/details/DTXSID9047251,CP-122721,145742-28-5,C20H23F3N2O2,380.171162,262,677,39.0,Active,86.59242739073449,4.329621369536724,71.09670987949873,1.8518495034830724
https://comptox.epa.gov/dashboard/chemical/details/DTXSID9047253,CP-401387,199171-88-5,C23H29N3O2,379.225977,224,598,37.0,Inactive,1.4553290209930098e-9,7.276645104965049E-11,25.000000000000075,1.3979400086720388
https://comptox.epa.gov/dashboard/chemical/details/DTXSID9047330,PharmaGSID_47330,NOCAS_47330,C21H15F2N5O,391.124466,196,643,30.0,Inactive,0.8067872070619156,0.04033936035309578,50,1.6989700043360187
https://comptox.epa.gov/dashboard/chemical/details/DTXSID9047334,MK-968,NOCAS_47334,C19H21F2N5O,373.171417,206,610,34.0,Inactive,3.84103739233015e-12,1.9205186961650748E-13,50,1.6989700043360187
https://comptox.epa.gov/dashboard/chemical/details/DTXSID9047338,HMR1426,262376-75-0,C16H12ClNOS,301.032813,170,632,27.0,Inactive,2.377390973228419,0.11886954866142094,3.071940515146129,0.48741280179114277
https://comptox.epa.gov/dashboard/chemical/details/DTXSID9047542,Picoxystrobin,117428-22-5,C18H16F3NO4,367.103142,268,647,41.0,Inactive,2.395513345501369e-9,1.1977566727506846E-10,50,1.6989700043360187
https://comptox.epa.gov/dashboard/chemical/details/DTXSID9047540,3-Hydroxyfluorene,6344-67-8,C13H10O,182.073165,179,650,28.0,Inactive,16.78714963907861,0.8393574819539305,66.11191220358549,1.8202797187621647
https://comptox.epa.gov/dashboard/chemical/details/DTXSID9047590,2-Phenylethyl benzoate,94-47-3,C15H14O2,226.099380,9,346,3.0,Inactive,2.373222842405914,0.1186611421202957,49.99999999999999,1.6989700043360187
https://comptox.epa.gov/dashboard/chemical/details/DTXSID9047592,9-Phenanthrol,484-17-3,C14H10O,194.073165,319,667,48.0,Inactive,11.176579043919844,0.5588289521959922,50,1.6989700043360187
https://comptox.epa.gov/dashboard/chemical/details/DTXSID9047594,Sodium 4-octylbenzenesulfonate,6149-03-7,C14H21NaO3S,292.110910,54,357,15.0,Inactive,0.04166161342194452,0.002083080671097226,50,1.6989700043360187
https://comptox.epa.gov/dashboard/chemical/details/DTXSID9047598,"4,4'-Sulfonylbis[2-(prop-2-en-1-yl)phenol]",41481-66-7,C18H18O4S,330.092580,322,728,44.0,Inactive,19.897429343959615,0.9948714671979808,91.71472255163002,1.9624390566047119
https://comptox.epa.gov/dashboard/chemical/details/DTXSID9047708,Igepal CO-890,NOCAS_47708,, ,8,350,2.0,Inactive,6.554771275234933e-10,3.277385637617467E-11,25000.000000000047,4.397940008672038
https://comptox.epa.gov/dashboard/chemical/details/DTXSID9048190,Methyl abietate,127-25-3,C21H32O2,316.240230,59,354,17.0,Inactive,3.4530159426757225,0.17265079713378612,50,1.6989700043360187
https://comptox.epa.gov/dashboard/chemical/details/DTXSID9048192,4-Butylchlorobenzene,15499-27-1,C10H13Cl,168.070578,1,345,0.0,Inactive,3.111906072139652,0.1555953036069826,0.06781102370067453,-1.1686996993009402
https://comptox.epa.gov/dashboard/chemical/details/DTXSID9048194,Heptanophenone,1671-75-6,C13H18O,190.135765,10,350,3.0,Inactive,1.1596627718108297e-8,5.798313859054149E-10,50,1.6989700043360187
https://comptox.epa.gov/dashboard/chemical/details/DTXSID9048198,4-Propylcyclohexanone,40649-36-3,C9H16O,140.120115,2,350,1.0,Inactive,3.3580501714133804,0.16790250857066902,93.15840268332772,1.9692220334074713
https://comptox.epa.gov/dashboard/chemical/details/DTXSID9048510,PharmaGSID_48510,460081-99-6,C21H16F4N2O4,436.104620,120,613,20.0,Inactive,12.423206699619044,0.6211603349809522,50,1.6989700043360187
https://comptox.epa.gov/dashboard/chemical/details/DTXSID9048196,4-tert-Butylbenzenethiol,2396-68-1,C10H14S,166.081622,15,379,4.0,Inactive,1.52313044373087e-10,7.61565221865435E-12,50,1.6989700043360187
https://comptox.epa.gov/dashboard/chemical/details/DTXSID9048512,Ro 23-7637,107071-66-9,C33H40N2O,480.314064,274,591,46.0,Inactive,3.947061687985314e-10,1.973530843992657E-11,44.9999999999995,1.6532125137753388
https://comptox.epa.gov/dashboard/chemical/details/DTXSID9048518,PharmaGSID_48518,NOCAS_48518,C13H9BrFNO3S2,388.919127,65,582,11.0,Inactive,1.4495404275726037e-10,7.247702137863019E-12,50,1.6989700043360187
https://comptox.epa.gov/dashboard/chemical/details/DTXSID9048516,PharmaGSID_48516,NOCAS_48516,C15H10ClFNNaO3S,360.995164,68,585,12.0,Inactive,1.198996452886519,0.05994982264432595,49.99999999999999,1.6989700043360187
https://comptox.epa.gov/dashboard/chemical/details/DTXSID9048514,PharmaGSID_48514,NOCAS_48514,C17H15ClNNaO4S,387.030801,63,595,11.0,Inactive,2.2186397276321816,0.11093198638160909,50,1.6989700043360187
https://comptox.epa.gov/dashboard/chemical/details/DTXSID9052555,Pigment Violet 29,81-33-4,C24H10N2O4,390.064057,0,7,0.0,Inactive,0.4798128836887419,0.023990644184437096,50,1.6989700043360187
https://comptox.epa.gov/dashboard/chemical/details/DTXSID9052686,"2-Ethylhexyl 2,3,4,5-tetrabromobenzoate",183658-27-7,C15H18Br4O2,545.804032,12,26,46.0,Inactive,1.307641844740153e-10,6.5382092237007644E-12,50,1.6989700043360187