compound	PC1	PC2	PC3	PC4	PC5	PC6	PC7	PC8	PC9	PC10	PC11	PC12	PC13	PC14	PC15	PC16	PC17	PC18	PC19	PC20	PC21	PC22	PC23	PC24	PC25	PC26	PC27	PC28	PC29	PC30	PC31	PC32	PC33	PC34	PC35	PC36	PC37	PC38	PC39	PC40	PC41	PC42	PC43	PC44	PC45	PC46	PC47	PC48	PC49	PC50	PC51	PC52	PC53	PC54	PC55	PC56	PC57	PC58	PC59	PC60	PC61	PC62	PC63	PC64	PC65	PC66	PC67	PC68	PC69	PC70	PC71	PC72	PC73	PC74	PC75	PC76	PC77	PC78	PC79	PC80	PC81	PC82	PC83	PC84	PC85	PC86	PC87	PC88	PC89	PC90	PC91	PC92	PC93	PC94	PC95	PC96	PC97	PC98	PC99	PC100
DTXSID0020022	-14.784993014416475	12.838176635135786	-4.157789614484119	-1.8222043998177675	-0.11002140275203312	4.307941246955923	-2.098666494509701	-0.08941588939902113	-3.0805481083615645	-2.7811751029411975	-7.099712005796398	-0.5711958310663596	1.2140128680515432	0.32250298904703945	-2.030814315420568	-2.678054921560626	-0.7495638011810858	1.5307903257577906	-1.4132758115703128	2.5508439274698556	2.72078065404972	0.6309071355022584	0.46768181454946506	0.06417634513124963	1.846339298483826	-2.30270307710123	-2.7124273570749855	1.6459413078858074	0.7665910301062636	0.17511623660489045	-0.12653702057073885	-0.2376135308815383	-0.686962586658572	1.0382563681298667	2.185100267998818	0.04159858006702873	2.49824960544802	1.6533018733061746	0.5366122454810274	-1.4005162588350564	1.083148305508751	0.37941465258589907	1.402944379535013	-1.0941601946327029	0.14416423879331786	2.955860583453111	0.8001798477611972	-1.133291291073447	-1.946797561752959	-0.3462002550279053	-0.1652861160666812	-0.43642716546134575	0.08520460723122873	1.9793404376524695	-1.1796791220019607	-0.02529961174401743	-0.9907835747188823	-0.8427882345566582	0.7510020495180436	-0.1850321387790917	0.4977857582912818	0.4993892106163334	-1.3083747543050948	-0.5695725340711963	-0.42794886481890226	-0.9621388821436587	-0.6170702600667934	0.9941760372710939	-2.3526233549348854	0.6329360399387445	-0.24683925884497357	-0.22985357642151114	-0.003366110616392677	0.8576575708206352	-0.549578412586588	-0.030566166306249334	0.026686355132486916	-1.0305094835240065	-0.3219686951350287	0.4633435680973777	0.08699958682591791	-0.5370579273136731	-0.1096233174374727	0.9392665227420568	0.9546052095547934	-0.8869999817047979	0.7976460430721974	-0.4169707237573428	0.16973968040932474	-0.07837608382466532	-0.48403815867962857	0.5489107431508867	0.6719871752838673	-1.0008007800954468	0.5056406790123705	-0.18118129959604803	-0.9814670366250444	-0.4928656520356465	0.9255474191472599	1.5875903944535
DTXSID0020814	-9.91072163533962	-29.223331875363385	0.9212028148970125	4.657732503762288	-1.0183791057927203	-0.9271926257327684	1.8235365885870092	-3.4128996679049943	-1.4719328964542855	0.15878723743790446	-2.4417458499252342	-2.31643905320242	-0.1507387431787892	1.342779905887079	0.9783914470150734	2.3535560204503305	-0.5720872369653605	2.092424585582193	0.05483147800070643	0.5396133347680334	0.8772782979284182	1.3741577906599443	-0.2520831265120344	-0.46703711283376975	-0.10423107528846783	-0.7820040072810021	0.3180233609640507	1.546942851101975	0.2912878757086297	1.22624905552511	1.3612603856645054	0.4746725365083244	-0.1796571236184666	-1.355129240458997	1.3942795777970387	-0.644319425225203	1.4118374913381473	-1.0109573497982598	-0.4094183325310623	-0.5183018518885306	-0.873259583150997	0.21110524282241439	-0.3023427129129417	-0.7352843154537558	-0.1563363107066854	0.3521060815758045	-0.6441007188510709	0.6190131610344816	-0.8083932397215413	-0.4020580292436016	-0.7378610420306616	-1.1688965819185868	-0.5944635986071264	-0.15100746081820796	-1.5202455072248202	0.8937748009489483	-0.3224703324244026	0.13039558021942121	0.45298635582912106	0.2538250752289249	-0.45744834924323075	0.7009373255954597	-0.8860527107625041	1.573577033044112	-1.3962469071832422	-0.34927169435290095	-0.11976922901483912	0.5175256775308593	1.2657562715054076	-0.3336978502297955	-0.38206611721575073	0.666535837432886	0.3212208566780072	-0.2104140424744756	0.6410397751150938	-0.8177875464005784	0.533041444468046	-0.4982046532962221	-0.2737558339882278	-1.6623924126062093	0.13934474751881737	0.15341968378362492	-0.5695706318189374	-0.3216981661146806	0.3384412141849021	0.33339817121700777	-0.44464485630941003	-0.4963995939840853	-0.9102244300170371	-0.13896392081439926	0.4559939759151859	-0.47252975755832327	-0.7898377093902662	0.4669518631366018	0.8321417026697794	0.3956569741565519	1.4323497152469196	1.204450141246436	-1.317191433822452	-0.7091449972216911
DTXSID0021094	16.985067816060166	1.3912936551501964	-15.61723806091109	-0.39077817231411666	2.66180875607293	-1.9834202541266597	1.9042286364043037	-5.9747849866233125	-1.0374233931994608	6.667634028933669	0.07019196096187057	3.6613902904604987	-2.2004004143749705	-6.125202584432085	-0.1216773738069783	-2.89434813595658	1.7063088893367226	1.188634404398111	1.5793556999032374	-1.6922508553392053	-0.3117450868367727	-0.006366362519413104	-0.29007620135655093	0.3135217446802901	0.5718121206607291	0.24635715346202397	0.1431083439817217	-1.6095747403111065	-1.325649823572702	1.4365702585011297	0.019348781238013358	-1.8796177535059737	0.4624343752052136	-0.458374647790819	1.6743457739030891	-0.09580560575526219	0.6297083671003826	-0.8535875929158746	1.014095747495358	-0.8677457295310621	-0.3616344444438579	0.2833033279010064	0.7517744120453701	0.38195421305939603	1.2631488961516393	-1.0390202292819644	1.6253017773193164	-1.0695696640864572	-0.6914185332641962	0.40927484838388706	-0.19315744651892225	-0.5758473393459367	-0.11358046743597021	-0.4354152409623512	0.6368942895526711	-0.7684749278806954	-1.916615673436691	-0.3409037176352748	-0.11990342043286702	0.3480683648812973	0.357146906816303	-0.3535116435006369	-0.5596935533242264	-0.8345260282168623	0.9091579156907132	-0.8220988278596536	0.5371375660162419	0.029197245184885864	-0.1318146987423493	-0.39030563661084366	-1.044219611186845	-0.02764636132688443	-0.7197371591310052	-0.18328192291129816	0.22305521449790455	-1.1935392741988446	0.004036609589600403	-0.019273907200262924	-1.2654366667713077	-0.3570998950996814	-0.088098056267428	0.3518330848041037	0.17856659470276864	1.6468712081541605	-1.2461945218808803	-0.17991337222520648	-0.7006435172512301	-0.5531477793977634	-0.42599575181728483	0.5226517784582206	0.8281422448468216	0.7493708673726652	0.619877630298621	-0.16761007700620023	0.1533884458696085	0.09703541437514628	-0.5348292930646733	-0.12564027481363832	1.4545732493923895	-0.16328502796505076
DTXSID0021125	-7.926892471843908	6.728071647372017	-13.366310261393114	3.2428853130835447	-11.065363745688316	1.4238058733248184	-6.729202080193906	-0.0025728232518011517	9.640052343540699	0.5047428028354656	-0.2730662117293779	0.04577871342690734	-2.128496935972324	-1.1339453952987748	0.5544029484235476	1.118111055730245	-1.108263577057048	-2.6155294841933747	2.572057842910377	2.635703267761618	-1.8789470505144767	-0.5210802924970772	0.4548682141786507	-1.3417305726724795	1.3396782827159246	-1.848043345561053	-1.8164458770826992	-1.6921268793091753	-1.9278517084101008	-1.4420006624279764	0.3522156425084662	3.732606936151165	-2.3495180556405644	-0.6446292083433565	2.192808830331997	1.398834691245089	1.8189208948665638	1.3683825992763432	-1.0660926814235026	3.1353182482127893	1.4776195845354363	-2.8204691679887732	0.20603690157300997	-1.4355097962669146	1.6786671023805235	-3.657108123212396	0.1981999157689819	1.6058247348422283	-0.45790398240793434	2.101798718667781	-0.36672091533623474	-1.4628790165062049	-0.6276435300452501	-0.8262973590333015	-1.4004733471246797	-0.9737892714451937	0.8643442289372985	1.3870357598157643	-1.1019641985965585	0.7516821434101706	-0.2312113945016807	0.5846230160078566	-0.41059221624905984	-1.4543586586140356	0.3078278078918985	-0.018750249351795426	-1.210403332810699	-1.1588395518774148	1.4248613059241493	-0.5236046260828774	1.7885980009687166	-0.4931307795588353	0.9408687432171957	0.3177620046937659	-0.6298630718881584	0.8900137090598462	0.3272856651315798	-0.07049105318473456	-0.29735101067331143	-0.5193663883468624	-1.5435310813637675	1.2578079113355498	-0.08816623918746122	0.8475844315047038	-0.17195852056846284	-0.23636222644272564	-2.1056460594033584	1.1706125352363013	-0.07311766761867844	-0.6621090697022569	-0.23075695334945917	-0.3267843699338933	2.032623963009489	-0.6285720295447712	-0.043164328773049966	0.6145710512298516	0.34019693462369527	-0.4303257572829305	-0.8143255510840516	-0.7897062120451575
DTXSID0021385	2.146148895326456	7.349185136449252	12.56450512217825	13.448086362813275	-3.309582879257696	9.906182615610163	4.0701715274115	0.4141547761143916	-1.433084541066287	-2.20647246784255	1.0986569639001604	-0.6129718341800129	-0.12863404760878613	-0.22263486875111385	1.3887011638257285	0.47538913101557534	-1.288546453103795	0.5258131926897897	1.7377493768283858	-1.0788342694884863	2.057941814791125	-0.43166990409371975	-2.1651938703790963	1.2937385910697161	0.7249640893365655	1.4383940815372553	-0.034689830028011896	-1.780608054545925	1.2530124479466744	-0.9951533610436895	-1.1605053236984026	-0.9044270036013096	-0.3911475680087535	0.6495985621359835	0.20036944627046652	-1.9983641212786754	-0.3890595468701001	0.29329232794504784	0.05942101157241681	-0.8605117707454033	0.77462258916754	-0.10649146145236738	0.36543768508119434	0.4748190135699896	0.4827510610530654	-1.9402328003069118	-2.961022681448312	-1.3228572622654484	0.7188784035636924	0.8478360804646534	-2.9012035482768077	-0.4053934304930462	2.1015014096770304	0.312841935825682	0.2527082590138567	0.832738534528191	-0.4553876826615027	1.1457378541600405	0.3483779383793953	0.028005496795960774	1.1611057418071697	-0.41996497648764386	-0.7907127551012822	-0.7024644005132226	-0.37484455165792024	0.8967670533282384	-1.612587707610599	0.6092355543618626	-0.7665505337361841	0.6076158477052326	-0.7754255091129012	-1.7032369167102632	-0.5868322463536085	1.0975386423819853	0.9092603203868468	-0.32810926301188	0.011446437236660233	0.9612278897949365	0.14517307582223885	-0.3415807816797848	-0.5915417523982223	1.0516574172226203	1.4800534027216334	1.438047188948611	0.4217300404265485	-1.8116078691582533	-0.7280025244452223	-0.9900215708003691	-0.6582833151751541	-0.9431910627684669	-0.6186114113196307	-0.090772543380218	0.14004324304336863	-0.1020783318278715	0.5066137282425269	-0.8434622008529736	0.16307412552443545	0.667246686614109	1.400273369249131	0.3100049256248647
DTXSID0021963	18.168553194618767	-6.354285921275169	4.1892925588274625	-4.0475649104286955	-3.5756820074639464	-3.489582936792719	-2.1120882514464334	3.4043672576253208	-0.6204934887894759	-1.8040311524340482	1.2929685550803387	-0.17450919512818205	-3.4983168960356856	1.6787308053449272	-3.2381549964940954	1.2344510431662894	0.28649261182994196	-2.93471644875495	-1.3272240305570722	-0.14527177098558058	-0.5953962945813208	2.181960463000355	-2.6565973633805657	-3.0770699482035404	-0.03560480561432615	1.0961177557336685	0.5001113855983388	-1.2606826325210476	-0.04780235032279148	0.9513704677003946	0.43919691653113624	-1.2240173732937631	0.5944237161185635	-1.6663761795659764	0.5339857377010359	-1.834574025077151	1.146517517985472	1.1852306184259758	0.07359949908611742	-0.28424606021582266	-0.6187683162269041	-1.059647256102886	-0.27111740801097467	-0.10669481921555443	-0.9937253003384249	0.021923207538577565	1.120607970355602	-0.10437237036454128	-1.3014519659293398	-0.028966902819402812	-1.9172643509181366	-0.007857405457589948	0.7719875936505245	0.4079383044730957	0.8878153425888161	1.2417852100181515	1.2651522192529403	-0.5901258434652531	0.977878299538269	-0.6845345113403374	-0.7487759110659332	-0.31252507574060656	0.49764898506667105	-0.1463043943665617	-1.7083063986091638	-0.554274602764967	1.259143403385253	0.6495760904203265	0.2840494276183018	1.2010802029142045	-1.0563560838512351	-0.6062091802784455	1.0574944232594383	0.7007385854358428	-1.0306383549627234	1.0297037133438982	-0.5224795781011442	0.029408711807738824	0.2869888248883643	-1.1182999632421544	0.8819631805562929	1.0842559787032355	0.7567776704192948	0.022194892701483088	0.26362577828193595	0.8188971800134424	-0.4148965036316463	0.4415874378648107	-0.14066112200975234	0.21672010315307053	-0.07365513647678035	0.534950329561945	0.2695735153359394	0.44784392621717783	1.0278526098450143	-0.48738518517474827	0.34090621266664567	-0.3806155732543991	-1.358493873797669	0.14054174815217693
DTXSID0022012	22.093765066277477	-3.6063372972692243	-7.842996507802682	-4.090186450354805	-2.4524138934951822	1.6142919110287233	-2.891433268822584	3.9663733204806535	-1.6553979942456851	1.0469097547530166	0.13482937960354546	-0.9490207892081074	3.2194403602655646	3.005598882094233	-0.29175833026081566	0.02602437546521916	1.1260639935665868	1.7020724219537338	-1.7203557379240675	-0.5028826193679335	-0.31720174994414885	2.086794719296134	-0.8865101873080697	-2.3396258520038096	0.6166411436741964	0.6223654534441753	-0.6350758411501669	-1.0487177518000768	0.10231399193602561	0.6966563358443053	0.48266409546860284	-0.7996035391238333	0.7823665299756662	-1.3625762036021176	-0.23418812805495118	-0.05704172318462326	-0.676296778598918	-1.6851126679490362	0.02217514018093687	-2.4955388266564276	1.0951074711970186	-0.12502210944792258	-1.53004045607697	1.366792465841782	-0.10282338037220783	-2.2363420669511136	0.07314829085878512	-0.1319997559952285	1.0910876285661093	-0.8398361497796348	0.22035651413637497	-0.47533597569302366	1.4175500020811744	0.7876026499078681	0.22010933511928088	-1.0971866732080713	0.8319098010653838	-0.4084888536996448	0.18020896230448094	-0.3895537967266287	1.9108803037388606	0.28110750927395695	-0.8316854056838239	0.5244114755901875	-0.4073456894225735	1.8988525546438033	0.2767114764677453	0.07324147345246002	0.5081729705592382	-0.9652114073925742	-1.577793619194639	-0.7335802795815478	0.7240450284172607	-1.8572297787858962	0.8036056265131568	-2.3595334996087916	-0.13880343457651773	-1.8587523703240956	1.5531087327233934	-0.8691228543830947	-1.2138853013404716	0.04746131692036832	-1.6232678561413696	-2.601586728274439	-0.7704755953419143	-0.6524200302813732	0.7844269068578832	-1.2326003280721416	-0.3036017467958385	-0.6707610469395607	-0.47249396509081415	-0.4646296747261613	-0.2131119911843962	0.5636153927850773	-0.5942407798376225	0.10383815444745102	0.7211156864984257	-0.40656118549291687	0.42169789819949854	0.5598865317212722
DTXSID0023296	-5.632632383430115	-2.790110231494787	0.32077816011101823	4.328379958704754	-1.2508563661124368	-12.982399366070089	-1.0826095041682995	-4.4096953358865925	5.872733638630367	-7.43230523819389	0.3973845514984631	1.9167219969113247	-1.485026981882024	2.9857531861708364	-4.0941393609120285	-1.251409439270496	-4.263288573206307	1.0677497452485938	1.1800694214271956	-0.30116801255895365	-1.182990739173771	1.1134223380825503	1.9054785497475544	-2.8405065304094266	-0.8097784968213929	0.9503819002470976	1.1991854813074083	3.695021191899964	-0.11264052421740353	-2.154773972845197	2.614352812201971	0.11201799211035957	3.9660883691264286	-2.193165171543164	-0.3732330037972517	-1.4420728414233064	0.815710197281758	0.6479633613773114	-4.464753949310412	-2.9098408503101023	-2.864139327661202	3.50102223188056	1.0469132319718997	0.48534331602672276	-1.657087848859257	0.3882250497392643	-0.36041025083190575	0.3120434431854865	2.915081212285817	-0.406611189842604	0.8161691398868335	2.1790422761543704	-1.5824108458303456	-0.18141377329331007	1.6178614816373185	0.012871288166643936	-0.9576136930130654	-1.9251272673738662	-1.3323728954179335	2.6133282081178617	0.5688239754537755	-0.858178350519639	0.3532707512090663	-2.281781365867132	-0.2725940910812477	1.6293021373348229	-1.9263433382201054	0.4092586196023809	-0.8005106773742833	-1.0029440027990946	1.5966503457333363	-0.5781718342105571	2.199549552327068	0.056640333799904304	-1.6885452994384413	0.9145236613955842	-0.8907839542927672	0.7261752767100274	0.0822720894500794	0.17326933237744785	-0.29549612420755994	0.447710795793245	0.15469788336249624	0.6172424537922513	-1.4168727397647054	-0.3716071852400825	0.598749624812349	-0.07830831897656589	0.23496958704688453	0.6235843551495502	0.4222455727287983	-0.08050524043066391	-1.2046659327981906	-0.07882167369213498	1.8270751091423307	0.2134509170112199	-0.21457199750508582	-0.5890664015592348	-0.6057970643305546	0.7208029922613486
DTXSID0023581	-22.797266919083363	-19.094002043187533	-1.701139020648159	-2.4376507526420377	3.2355887746058984	2.3207546043678873	-0.18321430301629713	1.0234287870892576	-0.3969086704630862	2.6520961810647257	0.07077259191362541	1.4875160586435745	2.5220918217604122	-1.3698292714141318	0.378344276887249	-2.4782404173295687	0.8809965270757247	-2.724996665804495	1.3791031063343517	-0.8994099663386153	-1.0084583755730494	-0.2983296939584215	0.05251426451310194	-0.8115158064732756	-0.8483848960855319	0.3817324890371064	-0.0903835574243863	0.5089535250502781	-1.0667442718593478	-0.5176840999858561	0.041549916422867886	-0.4056665717345075	-0.16129556037333723	0.43860634257113945	-0.9486265650319089	-0.008745039844143192	-0.30910728858992703	1.0545038152466744	-0.1687719329988507	-0.057278179848952455	0.4215404492522025	-0.3211202629179216	0.012037396753354237	-0.44123130388754905	-0.3409888773793268	1.5838046763203995	-0.698361695940184	-0.34918076641453133	-0.2547636768923469	-1.2863819036301736	0.5879135729492161	-0.26273127648859196	0.20309179086449017	-0.7755995179028689	-0.5712090560892141	-1.1425891946863191	0.26511969173878863	1.4450898333648223	0.6543414506424501	-0.4481846398244537	0.18017580437682396	0.03695423780566622	0.8053979821317045	0.31781394068475777	0.2599123706627097	-0.08744673546629245	-0.42460189813647486	1.5059820167953357	-0.8598422613524583	0.4781253328998186	0.24916843777598402	-0.32269669205816615	0.2606872828250497	-0.03235890214699324	0.6085026966278441	-0.873678082702319	1.3726199868572402	-0.6434146197556482	0.3286799380689722	-0.32708079948990204	1.2284119436077798	-1.1174238511338004	0.6266029756466265	-0.01717863991485527	0.22542197219845744	1.908134216048325	-0.5269295604269484	1.1186485793599494	-1.4132823882477668	-0.8638146380870839	0.15403400665852146	0.7337787093343301	1.6732943256930701	0.09187925751607685	1.2394198842473132	0.8901970637190484	0.42396742850653835	0.7312936700140258	-0.29382661066640603	0.029729346702020664
DTXSID0023826	6.07856952766893	-5.299625833802902	15.171199041392587	7.1046408428665995	4.467874002718695	-4.081057836748768	-1.4404319845757565	3.230224771324953	2.153335745332028	-4.17443000415134	4.028436089779147	1.5209382901665274	-2.1458597889549074	-1.8133323477797814	-0.9174317541524826	2.2612061294597035	-0.3422940968999841	0.051934805623799554	-2.6029504600779854	-0.326163077392812	-1.7850974356440972	0.4039434077302397	-3.5692885738033993	0.37607390947043284	-0.2834781565744073	1.911235353937311	-0.0068517041393805125	-2.6278767907522775	2.1143526956981122	1.5691427308320227	1.1775230361036044	1.269220717289652	-0.2752990302513576	0.24320050000919405	0.025972023467530914	-0.5996006254270033	-0.03150598963097023	2.5987309223035977	0.7814348011892105	-0.9952282142410207	1.5237028594888218	2.3997887765807295	0.7438828834188412	-1.5640501965019793	-0.5866100356028757	0.2902725694142087	2.393018812969802	-2.979476663659459	-1.069313966690253	1.8908980220296245	0.4412326680368558	-0.8447411439377849	0.16585200211523157	1.1598823748423626	-0.891720863088108	0.6789250530801957	-0.3406597899652669	1.8207427194626653	0.6363909568984715	-1.1254871185001178	1.189137673977329	1.632805116978067	-0.4520781626407166	0.07663191402110633	-0.34393867168326736	2.33424215963593	0.3682078207870444	-1.1649139327151254	-1.2804374726104737	1.5480378368097916	0.7002027033843876	-0.12227987700201622	1.6183884718352177	0.3316577193431297	1.6312290654838815	1.0804417482309998	1.251771729352666	0.5459048289290084	1.207476775837351	0.4556306873170931	0.8866529426217198	0.8872135824083367	-0.4474766728608154	2.277251707974168	-0.6433841954824071	-0.2819086485946625	-0.8994096932390809	-0.1319713041884976	1.0826746859915057	-0.34901647585820417	0.2087698526309948	-1.1172820197488784	-0.33882171395498123	-0.21168058135558313	1.2710795898304832	0.05947485428679021	-0.1278714056910243	-1.1718444040837324	-0.042927293954717644	1.4256538634987246
DTXSID0023907	15.72857896860176	-5.168697386802071	-12.320579697858726	2.0003726312768073	-1.589946585710527	-0.9082361792982131	2.212699956176252	-2.0355431980848526	0.3388089614485912	-6.005141371128781	5.291699830820147	-4.627566496703038	1.2301062225156703	4.515469607294181	0.3487450874647214	-0.12526599815664827	1.6789227282738597	1.3763334669580127	-0.48895940875820615	1.79683916535256	1.7427564042717083	-0.08942023320798176	7.232549951860213	1.0658593900445426	-0.441479282379192	-0.3371982672561067	0.8303246345269958	-2.349995754100801	-2.695001435762849	1.1002617514112423	0.5573487069866748	2.560271450737355	1.3641113366055835	2.1875856650539256	-2.6293686392393525	2.46823300180433	-1.5913356488626376	1.5019844328076344	0.5461357894451805	-0.8749800076461912	-2.7308596787541592	-0.9104556749918378	-0.7489095711619659	-2.291761887952267	-0.42064293581154966	1.0318049828891511	0.682137749552618	-2.4021849929756796	-0.1975318837866504	-1.046252712673992	0.9335035458312844	0.38245909636644504	-0.5591464049984867	-1.0166695136825237	-1.562340670757191	0.021140164824925062	0.9327642731386485	-0.17697791031114707	0.3615746592546261	-0.5642333806063777	0.7259561997321246	1.1948484064943754	-0.21040662457416243	1.088053705629613	-0.2550047885055821	-0.8691307631626101	0.455038007223729	0.8796524246562699	-0.4471690877273149	-0.9494055897898453	0.7650413790657108	0.7931358649932992	-3.070122895390989	-1.6439075498264906	1.2223201364042566	1.4951912927834845	-0.9395258843650303	0.3461944221939391	-0.6657882257891025	-0.3791886055119886	0.6768303251661719	-1.1728250095330695	1.2871287964366909	-0.21699295723499193	-1.4574735681941278	-1.355538676479881	-0.44783190557758873	-1.7866298734253538	-1.6796486393021488	-0.7613155313914748	0.1696192226247492	0.5687751697880987	0.20812679135728723	2.1954327167909566	-0.3972442778479558	-0.3002784846111934	-0.6175316306272999	-1.723637528422307	0.37151974719668907	0.09012684133509295
DTXSID0024052	8.136566327832943	2.213754213464282	14.567152081630937	1.956892111122774	2.3726560349244807	3.7178763415653604	-7.505249297242139	1.0253730751787662	1.095334505885754	-8.433920944782809	1.3745937974543954	2.378224340697461	2.82624427718401	-2.043547612377021	-0.1471299542201604	4.9573899066467835	1.7646938086421657	1.3362853702611162	1.9782187447399555	-1.7768529157802129	-1.2875282590066166	1.7641768523945502	-0.8215023945040839	2.9462825669701864	0.8570303445996029	-0.19231974526082396	-3.233635370192075	-0.7136669264022097	-0.0236884999923144	-0.14478270944420665	1.0925647981365034	-1.094916207844503	-0.13106737657536763	-0.6233389055669883	-0.6722874987258844	-2.3263557138962603	0.4797992796486491	-1.073218597598719	1.4835309645130645	-1.3318222296433135	0.4644156408386785	0.47051144977579035	0.9780129794831902	-1.0236439806875606	-1.1245420971193527	1.1531970506812022	-0.4996131817617249	-1.1708998884601343	-0.15227720585100582	0.3565730976438363	1.2731841495327827	-3.0708641726815413	-0.5838751128905737	-0.37572496962298707	-0.1003426788223934	-1.8241015339643347	1.1382944476156587	0.6873610351201065	1.467704589251463	-0.9302530536939353	1.098705004328208	2.6602159963518406	-0.8244154983706733	0.18641934970563398	0.6395219330948285	0.39458914978782617	0.05579258553859919	-0.7214114740021889	0.21650962981334482	-0.032030179528061864	1.4585287289968962	0.6104283645723889	0.10228911127038903	-1.6396021437942592	0.5409212455982233	-0.5222650113899842	-0.3824206279609869	0.6035754792488546	0.07109634156102383	-0.8628637650798827	-0.09481025841812678	1.0072660703006213	-1.1281941371449407	-0.06563688867558096	-1.0675102848903826	0.0999752172293898	0.5543730813688198	0.682126877319903	-2.388075535539917	-0.004668626794624006	1.7300102460309392	-0.2046716166704712	1.8708176681626878	1.080025171633329	0.35444640335649635	1.4137064811893025	0.5288219451287617	-0.8786870553243274	-1.4717477347296588	0.5366521353246919
DTXSID0024000	3.303541891776438	11.729656162212823	10.549555483932584	7.397320014373297	-1.7706233663764555	4.1867355717628225	-0.0820727400853829	-2.1646507995687507	-5.754404003113689	6.903266133205988	-1.8058801498482455	1.6393759806975152	0.5377651051105748	2.2527744911737124	0.1988310584631429	2.8685871860157595	-4.276392008321919	-2.0953972498327693	-1.5938075742495177	2.3186502583022515	2.4763480319721594	-3.208360028935677	4.767741162778918	2.150135130026104	-1.2032382537312534	0.511268570037484	0.8602203136865325	-0.06687201120102196	1.0658206084537607	-3.5399645767360806	-0.15998004969424062	-1.1789968388353702	2.7389580848001724	0.8748450995705086	-1.7123262133440602	-2.63631577997963	0.46519285181451286	-0.11002862585524596	0.9267897605953547	2.2528308545961258	0.4351037680581719	1.4281974712940877	-3.529804930124324	-0.9225113305496793	-2.0665508264082693	-1.747174428931444	0.1277989787790003	-1.1870933321732928	-0.9093638213753112	0.3582674318788512	-0.3835343880231086	-0.5025696257191472	-1.6766758679009164	1.1054102468271298	1.154159670643562	-0.7603709774734072	-0.528483507763532	-0.03879100038346012	1.9504181479850282	-0.03836232455531176	1.257499821683158	-0.739537370546333	-0.3270257979715234	-0.3801792718756022	0.7791918696852778	-1.255833184105864	-0.8604656922469933	-0.39628791637060945	-0.05016698676001175	-1.2715532788473825	0.4198799264830173	-0.14151575038504646	0.5446582487065301	0.49567774847515467	-0.44937738164276514	0.7577808049105736	2.321673072843442	-0.4406191370775316	-1.8683092768865346	-0.8542945721367299	-1.2211990501876677	0.974245302154993	-0.8713180499712547	-0.1981897856477173	-0.28698612090414904	0.6531672639951365	0.5656158277392888	-0.584978416003592	0.7991760437997314	0.49797601689949744	0.8450906231517186	0.6828811862032991	-0.314890916649503	0.6777094218384973	0.42155578140067274	-0.3441647254299134	0.4803199979524706	-0.9773978881663715	0.585693335928761	1.5257264559082209
DTXSID0027270	11.036546234786293	-8.91413066683145	10.141503512653319	-13.301245724599	-10.74173002647957	-3.7221070784476824	2.882044832523136	-2.2904917053160445	-1.7410443007404597	-0.2501456210540758	-2.851271269313931	-2.3809281549227723	-5.1522695962601865	0.9128183250333501	-0.03298920579679893	-3.3419977826477263	7.026334851972765	0.8810402643838697	6.742053842835123	0.11136228774297609	1.876815288023114	0.5813890627916594	-0.7134078849868527	1.4381577020080982	-1.6241660813409473	1.2795004158830716	-0.882111119356255	1.6892537388151636	0.6797219371961424	-0.14946675166407314	-2.2840828374071824	0.4554518572036678	0.5786924250809109	0.8252502469068949	-0.7865595394775688	-0.1863392585517573	-0.30553802996824425	0.9478108936621127	-1.3405695336665466	0.04168038243693616	-0.8890111263727615	-1.1289883422978817	-1.6370600816075376	-1.1006870557819723	1.064149473906984	-2.010818592789592	0.17196739950365272	0.35986471032810086	-0.6283458698379385	-0.3566476532045021	-0.9482196411758169	1.186242648216209	-1.6023464241912664	0.9791141238036702	-0.43330737072432224	0.43998842845441294	-1.331498997114258	-0.035301465929232265	1.8797430931844739	0.36510562221221565	1.009122406868643	0.7278741296050323	-0.4444019093715332	-0.6285079404200427	-0.7888099131697139	0.04213947621336351	-0.508918390348802	-0.23787150559174022	2.225203254981063	0.571261146750383	-0.40270721190651754	-0.865963827552666	1.9497345935723778	0.9764244964865784	-0.6281358954543792	-0.24613570856651934	-1.1259576314901676	-0.4922624666224116	1.0705965413076741	-0.5432115131663457	0.3876481913832863	0.19954793584237174	-0.11880593292114314	-0.013433184075612697	-0.4022180034511745	-0.5504261116483846	0.6858224101195575	0.40444332062535554	-0.7410688586557448	-0.10002043069863635	-0.7307578502965657	0.4632982678066483	-0.19732865670210947	0.27608035871426817	-1.2135626398180754	-0.4867779615509977	0.5322925558663681	-0.2376914088567624	0.9966405831179076	-0.2771971353961804
DTXSID0027721	-4.533745594021078	4.903803482039973	-14.538935928764914	-2.6373054413883272	-2.6891452524281134	-10.003261139441484	7.0919656538229265	-1.91381074619681	7.57470606583391	-5.4473763607786445	-2.9958872526123796	-0.009507795573843042	0.6013293640457676	-2.922112973689338	2.8332255423189885	4.355706777433547	-1.9722069617065194	-2.072643305020698	0.3742760194314675	-1.816393047630714	4.030437237699	-3.616028972256075	2.6582166205933246	-2.779151044444028	4.512026216395208	-0.12446009622826909	-0.7175745641926937	0.33785831839333436	0.8295701610926816	-0.9880461833495813	2.2137348829006034	-1.3199538528455963	-1.3702391439568096	1.1890652617700903	-1.138875899046615	-1.2392619913989273	0.9353866018153881	-1.5143589167643634	1.4474158728012836	0.5988060547622183	-0.550323117596721	-0.5888771704707187	-0.8951549173880607	2.8551655280046724	-0.046273128631589715	1.3364176166201434	-0.7765581213703026	1.0395865126550747	1.5421159494591756	0.6889498147947906	0.8574224053428849	1.1822069966504485	-0.77795231268929	-0.16631857908403766	1.7349915832213028	1.2385473302075711	-3.0674487291761485	0.34167324624761364	0.004800900497111311	0.4637632186471839	1.0798131769740495	1.777377507397575	-1.4287296768518085	-0.5769879529570053	0.007410993102887809	1.8149573064667683	-0.5297727131369001	-1.904237474598131	0.5961260358917019	-0.39656137734840147	-2.808894996610701	-0.445443618902959	-1.2887128290643832	-0.6889718037364273	-0.1859657240904904	-0.5628331111479674	0.5529628640483816	1.3365956737715603	-0.6104040216681822	-0.5329332380456326	0.7313275793935667	-1.1016157423067587	0.0328182805886397	0.9707247520769925	-1.8371203254912947	-1.3999600104763714	0.5787106539238435	-0.8044618180403557	-0.09105136836211003	1.0212379702655638	0.3240782194951928	-0.40040746248738446	1.30302793910113	-0.19460513319001976	-0.8342499417279327	-0.6718789899409827	-0.33685992017418	-0.2372519510252506	-1.455132066863434	0.529721896157643
DTXSID0032316	21.970257357869023	-3.1427942525863735	-1.9115458568766894	1.4411020704285458	1.199894585639152	5.022790877787834	-1.365658363091974	6.783319529921625	-0.4560267241518153	1.1887446159907078	-1.1944171378796393	3.639724630075982	1.4355292520404257	-0.8502377533792841	-0.6066838996670201	1.5842363825815136	-0.13555915124188508	-1.4888384278671902	-2.708593642595663	-0.3680008550045913	1.8647071943709208	1.0519838597132791	0.23384235563692465	1.35325777482069	0.08085161754397126	-0.45252015240798404	2.737043462230985	2.410829853491304	3.3209110910015385	2.365158488505843	-0.8281754112020062	2.164706934010563	0.4476794027829309	-0.9819225602185891	-2.0248151045486726	1.1999676236738106	-1.1994044714691952	0.5700019214610571	1.131328066409821	-1.965906558404651	-0.8422139658836159	1.2248307907495894	0.8003922344262481	-1.208671629779887	1.10719236113833	-0.6230020178345564	1.107290750912267	0.022543761089438726	-0.7925954161387623	0.46720912640364504	0.39638099264763094	0.2574475094101458	-1.1467270160988767	1.732766509909617	-1.603130881485846	-0.22384610070190417	0.7687586839892997	-0.5333613134448028	-0.8771864835639033	-1.4864662934152433	-0.45604597858805296	0.6936198529780403	-0.45537869628539945	0.35964382110366927	-0.13354239621686123	-0.48094759573946083	0.6636019384753884	-0.44661513812373393	-0.25605283198652684	-2.1622528401201584	2.294158000833453	0.9084968006511663	-0.5460073316946507	-0.5272876185052295	-0.5758259075852122	-0.25931111926350053	0.19636804760302198	0.17433333896370204	0.5456701942214571	0.9722067383255217	-0.6493597280202013	0.10915750507699397	-0.14382408349776873	-1.299838675458471	-0.15555583502955814	-0.7298463595971699	1.8747997560312728	-0.22242422477817325	0.21543996817530453	0.8689234200749777	0.007184743203995924	0.1608737879007265	-0.09984835040664543	-0.2692731666704753	0.1495543659694031	-1.0093189651049157	-0.3658125763076857	-0.17076427370796604	0.4812639619286903	-0.5194403728509207
DTXSID0034192	-8.072364795514016	-28.345805530797847	1.592671967716859	7.10492824757101	0.18579738655291375	-0.5492960188363053	-2.3298776008602102	-3.14066226460233	-3.1027207095267264	-0.3583979839029503	-0.33904943268527765	-1.948828722553132	-1.5708209556911448	0.6533919389257431	-0.9013836503797753	2.8266520318957404	-0.5787680332181415	-0.054478092397616376	-1.3420150312310544	-1.7328870073754468	0.13750872997047828	-0.19016675587167844	0.8578437667509088	-1.3793048678066722	0.531965599799823	-1.0168818057149314	1.6987448874556412	-0.4586952983455306	1.679267901344209	-0.6106880908227624	0.29263823310488357	-0.07878603665946798	0.4475707807211792	0.048361303612183534	0.6109097233628765	-0.9517699843460015	-0.6197761143863488	-0.6543618153336968	0.865858355514297	0.8871650096305006	0.4331734971893166	0.030799453159120423	-0.7313039094209213	0.8634959741627323	0.38780314417437456	0.44750652513724687	1.2172367965041704	2.9421193602392206	-0.2971351772826155	1.8366995548675886	-2.45501152675795	1.4796904215438529	1.194030698232201	0.3711900952979607	-1.430864477468293	0.6740941342043205	0.226717376567319	-0.22133668196607503	0.9681587361868352	-1.062037903741905	0.42330891109881674	0.785655607329489	0.7066267821151458	-0.8995631304276909	0.8061933584753499	0.7625878579993984	0.7861853708605435	1.6422981236943919	-0.0252968898210293	-0.3840544988332568	1.519736285629356	1.766408448845103	-0.9795729300405344	-0.1252033638431546	-0.6356626661496656	0.49260713468523604	-2.0024050309844212	-0.9690259049093962	0.6439093660895777	0.23322240313722636	-2.0811591444839386	-0.12372443008598964	0.3692459230387952	-0.2193280851491691	-0.23572054109992785	-0.3969461393797031	-1.638382526216614	-0.18264580396615185	0.10348551677720719	1.1089620188856444	-0.3567703409738838	-1.1226464535379974	-0.019981115077971078	-1.3342760659939825	-0.5097947972987994	-2.5183912666290675	1.2036980889368354	0.12833803367491756	0.10993431191910855	0.3410376729339542
DTXSID0034855	-15.30472330116767	11.218815587616703	-1.4153994849560607	-7.60917046409932	-0.4976811749974072	-1.4692427968274904	0.5121599213363676	-0.36628114371969583	-3.7986026152516463	-1.9674281003564986	-6.057350234878418	-2.3292453203594645	1.2449008047772772	-1.4616677374105242	-3.4731646116304478	2.321215203330475	1.0108985480414543	0.7978385901720052	-0.7310459873502871	2.6822004389621315	1.6909314258013528	-3.6542412635538772	0.5217837952159873	-0.823267242107247	1.5451126253977385	-0.595432538900551	0.7364616939410458	-1.3708697802196754	0.5170826996059769	1.307042824767974	0.4072558149117819	-1.4296943226414427	0.5985367930255806	1.0209488533366053	0.6091631165679346	-1.4903342732137645	0.5109831010060303	0.78440819658726	1.4838689023104639	-0.1088715436949077	1.4862372783745361	1.8097270901223408	-1.0378293154532616	-0.7540141187676332	-0.8450369803854321	0.661766528196663	1.9745012959593446	-0.2841285216853729	1.6274649078308732	-1.0758109231785726	1.932826931005969	-0.12067662169599847	0.776746602204974	0.923384350774491	-0.7371788592746716	1.2417055981807823	-1.2277108787524422	-1.0884115343460123	1.0809634527051681	-1.112928320590774	-1.2618474267002129	0.6738088299590029	-2.4665338143523012	-0.013133114694958816	1.1855040181945604	-0.44574478879741974	-0.5800384284830995	-0.15840790674849084	-1.678041166742327	-0.19319170786863055	-0.6329400794045049	0.12714557257653777	-0.6381530748882877	-1.165296854909982	0.8663475429555006	0.6259979698703875	-0.25389244041527054	0.051642928998805085	0.6489992533352597	-0.9364727388893533	0.9344219198335177	0.943380550610154	0.6356960377628791	-0.147670748180873	-0.24550905807518408	-0.9087212949832262	-1.4086495159780659	1.5156738201958113	-1.9786363192691672	-0.34483815728354383	-0.17332904449932834	0.165260563740714	-0.13197523998747457	-0.41126388111187695	0.36032985655876965	0.4374907879978566	0.371225867482866	0.7418189642268493	0.2365983355777117	-0.7599577223525612
DTXSID0037495	12.986014039671762	4.571501243956037	12.505738514606389	-0.09920560813433275	12.963510377696906	2.844613105986234	-2.049351832711092	-0.9737432511487082	1.7171283901590089	4.181863292270414	-1.1516507378830596	-2.367926174796988	-5.842836479966706	2.4892343064964666	-0.04306384703888539	0.30059730131674095	0.9283523669844812	-0.07438829024504495	0.781738932768636	1.5817219509434508	1.3089101875880091	-2.2380329119272804	2.303423746367583	-2.7256404363596385	-0.9535672955169107	0.21742321748320365	2.3789986652105677	-1.602029835408082	0.09386822722424301	-0.40668564784619404	1.594992358618967	-1.225042115324944	0.25958160887739923	-0.0010495134152393615	-1.1063206434774875	1.129179742645764	0.638161951328912	-0.13150792860477514	-2.256907065337978	-3.1381926555778294	-0.9471461331887061	-1.006496113364983	-0.5226551319523711	-0.1789992297211102	-0.041538531490508575	0.471848382651124	-0.8212846945935365	0.5543770041326009	-1.0616774782916565	0.5042684733897854	-0.8137481210069061	0.12712816633828905	-0.37004772376993267	1.5170811205161845	-1.3834071806488302	1.2866829407316764	0.7660565190290997	-0.09655830116667262	-0.4592810008042037	-1.8069286896862038	-1.128272623040481	1.421348922701546	-1.1826489883306304	-0.3093477391237869	0.9009153190850174	-0.6737665172694776	0.695840591335142	-0.41400175943950474	1.4334563961784574	0.43538270300799686	-0.3570759840808297	1.9806602339909176	0.6906504366821596	1.7594154665036106	-1.6711829048468112	-0.7158674804960649	-0.5369174397369161	-1.6080866799692621	0.055855581302093595	-0.214735000232739	-0.5539670418708457	-1.1739011066968104	-1.2737900832784341	0.4539153022393133	-0.8996120145499922	-0.23684489628003122	0.16352635790759684	-0.19703201370762577	-1.0049465679354874	-0.7593922213514956	-1.2952002632557156	0.7189296731695599	-0.9637113160911047	-0.42168811747819335	-1.9147465251690798	-1.7514172737412532	-0.5789400724969549	-1.7660900147077896	-0.8921666194432396	-0.8184815493307136
DTXSID0038338	-16.261395783958964	5.47300746820113	-3.35402433611075	1.6312697136567258	-1.6659153591963687	-1.9688569269382605	1.3545975861530113	-1.653130990407199	-1.6463262629600328	-2.647542320038296	-0.718513220541284	6.505197296641336	-0.9938909458940502	0.8033569112998225	0.6090855221512803	-2.34381048804966	-2.126265191311589	0.9964496296464193	4.232169901710331	3.0282177976816054	-1.2901855899270904	-1.2830946511651873	0.18374931726033664	-0.3359248465368863	2.657380996737492	0.876225378545574	0.10475313020826117	3.493510351526391	0.7818623766611613	-3.2164596391081783	-0.6092676580042472	0.26043167536215045	-2.4476570258883625	-1.1442446101838621	0.16574847753227112	-1.8679531014779391	-0.5469599586991716	2.553408639580262	-1.6809459995682294	-2.54404911162156	-1.6274406909773638	1.0384487833930163	-0.8251011106881894	1.6630757320914926	-0.031553979758123456	0.19176998881174337	-0.5946750633467371	-1.3096501480722869	-1.0882861788462959	-3.1645999617431846	-0.11098376587956302	-1.0137407162951095	0.31065725681110934	1.6710077845472098	-0.5628856699380315	-2.401664435449336	1.552361337582897	-0.006616725271418423	1.1404694512732152	-1.0819030384796489	-0.9073853865571001	1.2693105429625255	-0.1236749257497932	1.2646246947649602	0.4847326671545819	0.5495699143175211	2.212124896513626	0.8381832288459294	-0.14559618855354672	-1.647080069454165	1.5561071424549087	-1.4041256413595096	0.7762993257213859	-0.5275014721410528	1.5578267954268716	1.9467754079230546	-0.7286355343521788	0.4166277552816163	-1.4976114924810204	0.6779162335322158	0.3458360731125985	0.6069013576095734	0.6389803197498417	-1.2718861083677035	0.24138630997730148	0.5021312148397481	-0.5527092497343219	-0.17078896357908693	-0.5671012424001894	-0.7553347335330205	-0.16286666629821117	-1.2962450849066853	-0.6862412683618349	0.4692685364301169	0.11027544186365539	-0.40436185992639945	-0.14265875422848184	1.0399414942677134	-1.0806800910146999	0.8276312220478155
DTXSID0044571	21.65935485945147	-7.672657011056941	-3.245868395256232	-4.228465295979095	-3.2761274957786926	0.35499022293710664	-0.7547349790767117	5.931813122619944	-0.7284188403352994	-0.5650648955060975	-0.5431063946865856	-0.0630301293589434	-0.3896639037781909	0.8600842119392712	-3.2592183464003295	1.9241730014167078	0.5472142799761306	-0.7254306539074369	0.17621389061047013	-0.3026367541705032	1.439580530892587	0.5644067377887665	-0.7091952973244737	0.6490782913778361	0.10832268806616736	-1.808259724466397	0.886135728933408	1.1509722779179001	-0.00567095266725695	0.945192172489727	-0.564480093868841	-0.632122914616282	-1.5452175478448031	-0.29279479799036223	-1.8267537416022672	0.07364276508473162	1.6292561156145122	-0.1320631298932036	-0.596701673888803	-2.3335741452223626	-0.7494995038136387	-0.6402621159393637	-0.7722234593482904	0.3603136911590037	1.3222741481238665	1.2513169585492605	0.10389472010776196	-0.19558210418417366	1.4571885174787078	1.2118764805266375	-0.08227674275527837	1.5205015783760742	-1.7454530285679848	0.5352987678769076	1.8562541801280648	0.059671957815774335	0.41399298148008645	1.2001825708114506	-0.08330494640898034	0.16527991747961587	0.09555642490735983	0.8070044694127049	1.5881942485061291	0.47948690311146736	-0.699291995603256	-0.16659251104787215	0.6695511930327689	0.4924487837166987	-0.17548412536174346	-1.7256601595204804	0.01525299774315421	-0.4194528275146996	-0.9471013203869397	-0.6841429289064674	-0.45433793222510466	0.17955652137082725	0.37736616353416896	0.10895421572504879	0.32409878247864493	0.6623264875747326	-0.6266294775139911	1.1654280153384013	-0.5677476529985693	-0.6781178286338144	-0.3778503279948662	0.4837902531595056	-0.3434996039734015	-0.4073548201475625	0.4794895331522714	-0.06885739134511938	-0.3480529634881502	-1.0874896508465308	-0.28507718664486614	-0.5169957560792787	-1.0657735396288661	0.46927270965418993	-1.5347820295666978	0.2274359891066946	0.4666734027244358	-1.3349863675692408
DTXSID0046488	-22.489812666392694	-6.707444864482363	-2.793862318467799	-5.258821058733441	3.80767318686782	-1.3526020745382485	0.881509579034776	3.819675105765111	4.143545512342709	-0.3460709384639988	0.0006690174879243472	2.7279000501881447	4.083125233872318	-0.2607151955435176	0.8986534568708261	-1.5972728064190518	0.5771315137160002	-2.376512473046248	-0.1260124558186545	0.08436498225595519	1.4357362981618995	0.3371708638345639	1.5008889601593876	-0.9317089943977183	-1.6468660327940723	0.4892217869015544	0.8108145088515245	-0.964368682886842	-1.2102102454786883	-0.7127024587563141	-1.4218058382000005	-1.528351216393704	0.823018419677328	1.0713361672567332	-1.6909970346105951	-0.7140015954315165	-0.17301805717458446	-0.9594223869357613	-0.2616633332893532	-1.691943802693769	0.8581721675690966	0.6632382458690711	0.4154789954945476	-0.8524846243205408	-0.6646726982212859	1.4035733410334272	-1.0744484986792606	1.1729979243343804	0.5232853488604603	-0.24547900846179363	0.004859790323744835	1.0221164952552135	-0.32545474624153015	0.6636902846699239	-0.5482867433905235	-0.021860582639811145	1.1241597876571319	-1.6914014886059159	2.1237695931350684	0.641796120682872	-0.13861133840217593	-0.09544315837886061	-1.7184100788272052	1.5354904675290344	0.3428380913474955	-0.23561484601618898	0.7972081497296506	-0.8154831648920506	-0.5594636829819354	-0.717334417221506	-0.5034203988601264	-2.369406211650342	1.9049220518661434	-0.8781311065112697	0.8556496558585992	0.049352498439963824	-0.6560584107712408	-1.201212283501723	-0.09656858349205251	-0.34114835570089114	0.11007213731491938	0.1289941931039882	0.39291084441680446	0.3516385435948856	-0.6471185615010858	-0.7773514658954214	-0.17623323292562432	0.5608761349865503	0.9042693732780318	-0.7862212543090253	1.5378380188096812	1.2430719374125492	0.11737239694601657	0.23393390634357414	0.3524386416700614	-0.7377706350363862	-1.2808530759682177	-0.33281721335728565	-0.9329938721030656	-2.010295951099429
DTXSID0047246	-18.27308630151176	-0.5693348213757276	5.925786279962903	1.311777307627283	5.505446659454806	-2.8325055512648314	2.379306730423963	5.571043542698855	3.90196355001558	-0.9250311919344298	1.3341843078953568	2.6931716545659214	2.2080416348708276	-3.622440730376023	-3.267375934248488	-4.127368497574829	-0.07144508727656372	-0.5030922583830769	0.34858536917197225	-3.4524382785406384	-1.3004957316124541	-0.16941380168833145	3.259432569425525	-2.136648577783615	1.3630716109335537	2.6691203316639003	-1.088093319569908	-0.19428038084249588	-2.6174071840891884	-0.8841647972832153	-1.078392225031685	0.38601347645795747	-1.6763605685026541	-1.2073175041717645	-1.6039727684468001	-3.202060509363214	-0.6618679115801156	0.19996686511047254	1.020430069112365	0.5768564024762954	-0.08598932730801948	-3.0563651814888706	-0.24192747102567447	-1.8082768956907493	-0.579350427433233	-0.9294178876505537	2.3757926092450097	-0.4802492658701567	1.5949036285656872	0.9664472397075025	-0.5170464020463819	-1.3191003847887404	-1.0818469656184462	-0.9667562932015827	-0.1270178951412941	1.4493420676757856	-0.8515070247949201	-1.6789610950776177	1.2659900563147	0.26971576976194517	0.13919831696780305	0.4417957537931939	0.0517891248390124	-0.02349047493445192	0.030980479456853085	0.735266527972655	0.2004557014460322	0.8839576166520455	1.0542928534716125	1.0635701858760787	0.12599608090416173	0.4793509756438891	1.4263344315580704	-0.19625658071062713	-1.6169021191728925	-0.0198923608911061	-0.17861917912002684	-2.173676170139055	1.0227031197721757	0.15684287185059187	0.1564164408630154	1.1653388080271463	1.1464143249407022	-0.5152995675917034	-1.4679658897134444	-0.3905041467373061	-0.7955676110619025	-0.1769678980218781	1.3911578050395597	0.09947071567881131	-2.1472728756603128	-1.2168266880799317	-0.7489446669519657	-0.08802308721583883	-0.7557644719844391	-0.6150097853266344	-1.8013924410340156	-0.9259555126011016	0.25703159082528726	1.1911683787270102
DTXSID0047248	-15.684074124642084	5.580486874201489	-3.3845776635582805	-1.3878953830638048	3.822062228609558	2.166888693960935	-2.6048658093305965	-3.838701220114735	-0.33797893281580643	-3.800193136089774	8.90014706851272	1.4483378416626473	-2.78548900630122	-0.32832611435592934	-2.3136209659253755	2.74362524468694	-0.2997154107389872	1.354556059131465	-1.8762898924850395	1.7518075619357345	-1.654545404171414	1.9461373626627139	2.848840134839083	-1.9277587944746815	3.582848338425499	2.4681269202095137	0.21271690135911547	-0.6542209918437196	-0.764512853652248	1.15340598660063	-2.6243535803624054	2.2447438715494514	-0.4797466979077553	-0.27860319075886236	-0.7601319588239598	1.0804418863616443	-1.8225456722190665	2.259197989473397	1.0310294498883912	-0.6786819685183427	0.8510392409622332	1.799504077798243	-1.6937596674112751	0.7811607722704501	2.8692735614599543	0.9070123316298064	-1.161616883767883	0.37461384533798586	0.9416108499200236	0.17171085123908283	0.07985347649453045	-0.6383075062978151	-0.0011565328342521693	0.5187301119284541	-1.5579106512561642	-2.635880942734579	0.8065101751483577	0.597461496365622	1.042640335114645	0.6093056521331431	1.654911451659454	-0.3983335355612265	3.383023638223862	-0.7635192018272569	0.13368347443041645	-0.9426861913753448	-2.2589774177602786	1.718243588778921	-0.5401810462418783	-0.6025058346459047	-2.1480974312810797	-0.5267940047193883	0.2855762362925813	0.5134192196154699	-0.3050820400521812	-1.8808561011519904	1.3678815198563838	0.6699480859388025	0.6361799159665114	0.1281598657847582	-1.5735128550796007	-1.0118630178519141	-2.8885035211496746	-0.13783593105714245	-1.4128459251182919	0.020032128145107155	-0.4206488922101974	0.9692076752747084	-0.13234351563554037	0.18676004065157994	1.0323513443885617	-1.1189291562741461	1.3328831654799742	-1.0751712866499057	0.5615754278429446	-0.1466632763985382	0.14142003640195183	-0.1489440926498654	0.07224928082927287	-0.3168920926598717
DTXSID0047294	-8.888378581246196	9.286540408385571	-10.462147259363727	1.3531236810615097	2.317833261376593	-4.3114443203520985	2.2559571637450038	-1.6229936646970513	-1.2468128462533605	-5.074502600412244	-1.1304755901201686	-2.9426723873817084	1.8053839180394171	-1.2232819391128849	1.1190395339752741	3.0453915890925654	-1.6319246173581539	-1.0800046153116318	-1.7778660571641267	0.2708782917209374	1.3368675352350237	1.1167399186003266	-2.8936390314788762	-0.0006816692001574651	-2.3497770115600107	1.3460475480590623	4.515696954810393	1.318118250413438	-2.2876263937821895	-4.359400403848218	-2.3274566731474224	1.2352152385411097	-0.5935481493196317	-0.5834970500539836	-0.1917762087097643	-2.628743175387414	1.300738974531464	3.216624322398321	1.2794309180609083	1.2212438697390844	-0.7572412571784881	-0.8929948937378192	1.6941909792394276	-0.9356192071148173	0.5198043457281165	1.6615476052921818	0.9252868016190589	-1.527469401419555	0.5767167694396175	2.5699796778772166	-0.9246078609317471	2.075781326803712	-0.10732068760866341	-1.6057457475970753	0.3431622730195238	-1.138036159926018	-0.8791773739499555	-0.8383114036042993	-0.3398043196095033	2.1211241677766854	0.7858360884083542	1.1832159971097365	1.5659002287825021	1.011031181974106	-1.3154853906955768	0.09714114865706636	-0.0781128684522664	-2.0933156892340685	0.3559685282292498	-2.002680371130213	-0.1032086050837575	-0.5386855022534478	-0.8790110642900583	-0.42037965585651227	-1.0066752053894161	-0.7086987303712737	-1.226657799259111	-1.21545094463781	-1.5681376572815036	1.3087606152821398	-0.18101616166049267	-1.196306504243136	-0.984264013822114	-0.22176521006139457	0.840370372955181	1.7742542070123348	-0.7178081098240444	-0.5970214477822922	-0.3933077533493262	-1.223328370301452	-0.9220873537346415	-0.2660167920289658	0.00868792207841078	1.4340158398747542	0.29779690156614924	0.01934686037614806	-0.36437490682993046	0.9996318188821945	1.9965386846220214	0.23960968358561424
DTXSID0047325	-22.344423547930575	2.834680917497051	-6.71847482352865	-9.029470164012753	2.371589682204279	3.3364002130982167	1.1013600612808576	2.7227377338505567	1.7307428340174238	0.40220816681336713	2.13007925437309	0.8511204134078043	-4.192961492867976	1.399410366791944	2.0034082084926665	0.8310817089819293	-1.215542534512172	-1.558488950540321	-1.7085133981720526	-0.8956080951261641	1.6080879019867647	-1.4425069753499296	-0.2820600516305075	-0.6878526374770845	0.43607835572870296	-1.0748036818666276	-0.452535216249198	-1.0790461875629642	0.15568010169539573	0.37061753981359813	1.2167453428894404	-1.1442709818180306	0.6862312913178458	-0.8169866384111654	0.07576641127023578	1.3846396801726746	-0.5776514962709648	-1.5314785057928966	-0.042424248937084755	0.718092998454678	-0.9146112928283865	0.4880650087068605	-0.11655134870614099	-0.2946392504279074	-0.06790555864502622	0.967615193302388	0.7527399036898214	-0.7737921035643841	0.9271793097128964	1.658502453887668	-0.5545162699024148	-1.6477823544428432	-0.7930860478913464	0.16822117672890122	0.8209938916666308	0.3648787056672764	-0.2480981270232767	-1.1777282011571173	-0.20903790389443022	-0.0653813758709617	1.8207173465898219	1.0474919150377597	-0.11848429961208039	-0.40774033630041306	0.4274367060838586	0.973171319773677	-0.2572941039391932	0.12417209506712876	0.4758791358950243	0.7996124166986447	1.0485490726813322	1.3456160412391922	0.2618332402671762	0.4002220560957794	0.3620237596105294	-0.3534731509228371	-0.472914570215488	0.31119742401307265	0.6079675139338399	0.8471834950788995	-0.772785378351439	0.10767070750586911	0.3198596416546454	1.3174919608113307	0.5393012905925156	0.6361495610576068	0.8660212648159752	1.0031052833570546	-0.5011244723911858	-0.6313317206622745	0.5834699831287693	-0.48721602849676765	-0.2853858177778151	0.015942899274361662	-0.4597633672843612	-0.37442429820357187	0.561269418683075	1.2523953802808352	-0.34474112541493085	-0.2704068785053151
DTXSID0048507	-19.135373093525082	9.287108960638083	-2.9555585889873894	-5.513007791234928	4.95623237572395	0.6473304025778522	1.4140329129045295	4.921219313757778	-0.44280054387738255	-0.08472382313372201	-3.136145793174786	-2.5988592297315884	-0.09225276122678028	-1.521186884964274	0.9767984992650899	1.469215997142073	0.7162294029803047	1.6116970619287672	1.1244099061819453	0.5776230377292532	1.7503443284306284	0.5989202904066497	-0.5488094004096438	0.7735261951130481	-0.07542700798754917	-0.3046764734169081	-0.09103736509092224	-1.4325762740682613	-1.281807719429339	0.741488260797537	2.275823287343724	-0.9346692592136453	0.0769398756040603	-2.3382904749493494	-0.197692905620492	0.15547600032464334	-0.9133278558716297	-1.3308481029108352	2.7211700660453433	2.158868204818609	1.3048212409609796	1.1715842090216575	-0.1802001171566589	0.7105756185439923	0.05847609287202838	-2.716365620898766	2.008909969404419	-1.748439829730157	1.0033163885606975	-0.6253215892904632	-0.054023784864166015	0.5109737654597063	0.02560176099449331	0.5671556021553741	-1.229681962839335	0.30430470821298994	1.9496470429961557	1.8403318620891207	0.15496655978935575	1.841910608008209	0.0414344424583143	-0.8583114622754204	-0.1799981238045515	-0.4476187277304214	1.4004692400462877	-0.6979276324953518	-0.6946775991854741	1.0062341171453664	-0.17517711985923815	-1.676323752925261	-0.03503980027123031	0.3034274989631113	-1.1152323427761641	0.8443673235318901	-1.0159227240142212	1.4425557165546916	0.7890671326694725	-0.9418411083755764	1.6249817352624771	0.8567726280251569	1.170722668805437	1.2767950426126742	1.2210360797650182	0.46089484351272203	-0.1814596146013971	0.4519331885117725	0.5570973881332503	-1.0175919003238834	0.31616247849404633	0.44461173902174567	1.003629247549958	-1.8189204015229576	-0.3431578904860756	-0.5190661524232673	0.5755915679772846	0.38966893565617594	-0.2519811704092706	0.05826020757545636	0.4208594191496107	0.5865117332505152
DTXSID0051447	-1.1144905134600975	12.778149782440074	-5.821999768443962	0.393526781036302	1.0812047745676658	-6.776614103595271	2.676266638683207	-8.383863290447875	-3.425079368585356	5.083475453115255	-3.457799621665796	-1.3383145939456622	0.21795750921504056	4.4877398979559855	2.9734885919143665	0.7608105468903699	0.5647623348997469	-0.5660143400094076	-1.8423695938709328	-1.3120839727360092	-5.083955064433347	2.118228232546204	-4.5173443809381855	1.796684704330368	4.154180476486748	0.2832938464499752	1.374996020945017	1.2926221941045064	-3.9452627760629886	-2.2608634957150606	-2.394716148161412	-4.817506192070935	-0.41943994317922395	-1.5404201802127486	-1.9986473517333447	-0.29312880508394695	-1.524277936424096	-0.4040254789773411	-1.7948118293475495	2.8198142974119547	-1.4663087351444346	-1.0249066267001046	3.7710470498118793	-1.5543400710288542	1.3067823444342948	-0.07265104963121992	1.1468674094587932	-1.983355858651149	-0.40913250818677993	0.8517156553118713	1.7421356366695357	1.3777506279368708	-1.7185015892692819	1.4768194277356987	1.3761581850844138	1.3740383308686694	0.261015207054528	-2.1444723659971014	0.9178883875249612	-1.8785916327662084	-1.3035149651530433	0.09569475888228782	-0.1105730799090117	0.027952638225031353	0.48886876754734265	1.8198129242094352	-0.0491532386137138	0.018286057816086276	-1.4463536258457594	0.08835003345152326	-0.7237004259796616	-0.5910652603586201	-1.095217415891055	0.5695067914497257	0.9972570324422181	-0.5501464518479585	0.9187719087146304	0.476322250806226	0.6769575576341632	-0.3691393648598781	0.42261847653280793	0.35680828237423917	-0.7735688002297383	0.5107614163023751	-0.5383458926603011	-0.6810413241362888	1.4356915105289687	-0.22590136182053924	-1.9206839165275	-0.8608659297830135	-1.95139984707171	-0.02277014122858812	0.010424691411105512	-1.1180779692123546	-0.8842955746077109	-0.07410809648857293	0.2870850621338329	-0.4474762331661405	0.002799680751513684	-0.49947989100407986
DTXSID0051732	22.701301765458773	-4.187814415022384	-11.685848864548241	-0.7657978783389967	1.3404144427308533	3.6660548133782376	1.69976166423486	3.148444699483026	-0.44200300189151376	0.8248056454189312	3.180793637200408	-1.668685671530636	2.848000661275956	0.3747727725730591	-0.5240762476560757	-1.454054615193765	-0.8373051233065325	0.3645307767681523	-0.5748929167170705	0.6438114878931457	-0.06973449438264129	0.24459396187825264	1.1693668016980214	-2.418304463785102	1.0066807869750163	-0.7208036643986027	0.6907430507473138	-0.3633584705681446	-1.2959057229782625	-1.2647464378939415	0.592716027392665	-0.07179290000014496	1.2964221726875713	-0.3543361874047694	-0.5001406861046355	-1.0288389223554844	-0.7210371562642378	-0.10264906463247177	0.5404210761609848	-0.6285120695535017	-0.09916151363904452	0.2907539767937161	0.9150404752921238	0.0023047257067224393	0.8618667063542889	0.8552964762718815	0.21621514003267592	0.5678086443272606	-0.037625625920041164	1.2796240874086844	-0.24648516934643233	0.3889720846233602	0.6437015345715356	0.5499662645086016	0.021748929675910803	0.4830247478653648	-1.3778224896397306	0.2969732255544061	0.5081007713286921	0.11462213126214692	0.533222703991851	0.5687602842657808	-0.38130397518926745	-0.5633247928198436	-0.4568937174303414	-1.2525902774569293	-0.9817136989279514	0.5563432041183461	0.32547350060130653	-0.45881630344640795	0.6361183178349766	0.9204820379289689	0.4534583756789826	-0.250548170742964	0.017552978458308957	0.3930162057736097	-0.7250562021720828	1.2497062220477626	0.7879089669563497	0.8795064999943873	-0.35981239072331683	-0.026809169666010428	-0.8436930066850393	-0.15631096800684033	0.1253598996574054	-1.320703466783801	-0.09934970375544443	1.9793851383415033	-0.9617137313003981	0.1816355545984959	-0.09927668672294537	1.4145206260891443	0.47075436772693907	0.48692715424751826	-1.2980118556614393	-1.2870067919226935	-0.26579621180485447	-1.661043351930728	0.18700056372654092	0.7462088175605532
DTXSID0051996	21.511495612616798	-4.0020748588510004	-6.332053252042462	0.793462340495994	1.2768430115741878	-0.02076892793077637	-1.7535945137157907	5.374614299781067	0.7065779257935101	1.6556118118294156	0.017094426083464193	0.5436548642114909	4.181942695990214	-0.9957915369442294	-0.5961049817479712	2.101305696977291	1.2240255459450664	0.2055983477327695	-4.037869428955322	2.404442612418517	1.9208458343938073	2.0175957737608314	-2.110432941517936	-0.9798829386307091	-2.1045617356477004	-2.3707893186563753	1.609440281082378	1.5161209724406777	-0.3154884518241186	-0.2764165880481299	-1.2097239671143538	0.19709224806583706	-3.235105065839152	-0.9614957111962069	-0.9044586162799683	1.031747436276248	-1.9882156970223954	-1.1784141584327863	0.8206330957469238	-0.8381889339281081	0.5518082516909507	0.4457205619526633	0.9537436908005306	0.8888996532967476	1.6020356017817758	0.8869364193104516	-1.1288699263462398	0.08367844069460606	1.0554625987157376	-1.9428648756415425	-0.5822046491153298	-0.7307735650701153	1.0192313915163385	1.0193350791158569	0.6991519577694325	0.4771872624753365	-0.970636781291393	0.06311690270832905	0.8405458245274542	1.756520631994847	-0.15945735075034473	0.9335037925079106	0.2832423669309985	-0.6550540982758599	-1.2656101185355948	0.09329153137116614	0.046099393202555176	0.6734439300161854	0.2554582647921826	0.4116041757561243	1.0310620783823932	-0.1940448762824546	-1.2076726150864108	1.080329792322708	-0.12084084654107895	1.1086446871629336	0.30598944835723163	-0.667153947191338	0.44909075866291925	0.6742087425906713	-1.1348636909727454	0.9415584926213165	2.1650726200536203	-1.1820167653504143	-0.5772387581070646	-0.862954464657574	-0.3787322698093897	-0.620678182097429	0.28811050137481997	-1.3835425732091597	-0.7182696339170377	0.014507588095708977	0.08931528762827126	0.25280856202672375	1.1443954265826044	-0.7853090112079542	0.560355095616898	-1.1796373620611353	-0.5506362587509805	0.9994105383311815
DTXSID1020069	18.730147409579075	0.6624548381801645	-10.70964164680217	2.490317060148543	4.336972431089258	-1.4577520695414112	0.9184292752248999	-2.156603286742807	-0.46228497808540137	-0.3255630511549559	1.9342822427002497	0.3534163777421666	2.170879450052736	-0.32308261826867984	0.5260847636937721	-0.4506606814416416	0.13546571003712918	-0.01995578145781433	-3.1306561913765	0.760642226276686	-0.4253730566695088	-0.6380114778437926	-0.9910930079626873	-0.2441477556917851	-0.29179816433783196	1.1699482926857443	-0.5357571685249147	0.14912831972938553	2.1591561257266054	-0.7843189247013835	0.7735499069730719	-1.1686656792463679	-0.5301030197562486	0.4788649897693117	1.8509058905958953	2.161195135584925	1.8298343809062314	0.8891732340014898	1.0978428416014592	3.621026135997184	0.008893478043793635	0.26653262077899365	-1.0457833843360804	-2.2066154252597907	-1.267292565273347	-0.42064913418255745	-1.032364077495414	-0.4976893493094323	-0.1741318349209596	-0.9798882377763704	0.8738376874214885	0.783679604026506	-1.435987085861144	0.4645814393414447	-0.6422175543423093	0.38719895288380674	0.5663556694103585	-0.8758891266759472	1.307029265038131	0.9707918261249777	-0.46276406778913004	0.230053086068876	2.1923895537480114	0.9293256499109415	-0.7741487889251066	0.8259665876508923	-0.8486545317200349	1.4219631096523782	-0.3384241987199204	-0.3755849895187555	-1.2613677664017533	1.7884528009261937	2.5868664278745417	1.0912644795633473	-0.12253815014736676	-1.3192278610512933	-1.7825290586016136	-0.013944985152981523	0.267663631597016	1.3012394383257004	-0.1888159795636915	1.1047450825531089	2.5824494557061173	-0.23003182624080806	-0.3206967480254428	1.3802052898481847	-0.7081043636414919	0.7953752602428721	0.006081803367790679	-1.1324029629878936	-0.4540344400502247	-0.7634744036136746	-0.0037275217027822717	-1.1955347133520626	0.24523407217593313	-0.0024180942883160906	0.11573384934606569	-0.5723339984959327	-0.8777823827868061	0.8564335537170262
DTXSID1020350	22.090151532054342	-4.262513042864739	-5.039691315991398	-2.4476711957635158	2.921320536080062	-0.8886779781820965	0.7542595561708731	1.4979291596731479	-2.8486607713185266	2.9485232488015662	1.6016018769457987	3.943503100026332	2.6520615709364277	1.0490814673417141	0.08896091981258217	2.617515723236997	1.1355510412630743	0.7227034227294213	1.0590093005980608	-0.3630575797362646	-2.591415311700865	0.1346882405902847	-1.5636120300997944	0.12551357153574255	0.22218586041982338	0.36313779318552325	1.7159773381023937	0.1230998267945178	-0.08506178161199665	0.6785755833477403	-1.785947070014739	1.0698163873959814	0.9130623452248948	-0.017972364113387557	0.45675217235689947	0.48018908867134885	1.3104417312945156	0.5771657809594141	0.14595797197652893	0.112984327563453	1.587524192491057	-0.4161794803341949	0.45317168769469124	-0.735503946002011	0.0002246074351406834	-0.5084097859621324	0.7582234861934709	0.15326201171093068	-1.1996094804104465	-0.9779970934482661	1.2713949600052137	0.5536394956974333	-1.3973745979781251	-0.3785260529962785	0.6732139034982524	0.018093598003079095	0.8943945089988659	-1.8165919452955817	0.7791277253989916	0.7131272994025153	0.0828785334517268	0.1932168367776278	-0.8728442633783606	-0.9461631041856632	-0.009544977907782004	-0.14269983674415243	0.6102697633249434	0.8183306969494997	1.1878386987149376	-0.27519503544538004	0.4764107406034542	-0.4668242226818224	0.5218522615509891	0.38024038563603124	0.12585605473370748	0.7798402327007335	0.5485299741379269	-0.051344462876305653	0.49607025476690636	0.9494355760297922	-0.6903705004159983	1.5830616534398314	-0.42416746119527315	-1.3185833376477973	-0.9179159037384413	-0.8029733914454876	0.7845885527021957	-0.7166472684560258	-0.16892346542005066	0.6577671222917716	-0.09193657943978367	-1.0746356775293684	-0.10930223309391103	0.4094376094637414	-0.2684691971577381	1.0721268994891224	-0.4917247177915539	2.3637222602729024	-1.1292366999561612	-0.2340021239591976
DTXSID1020221	19.714815317585533	-8.659891181408206	-0.27892196511113004	-4.161924616818336	-3.2171726791546336	-3.2211222710714393	-0.2218137550113602	4.8051834970315905	-0.3059380807679747	-3.9861891069452877	-1.1576615984549465	-0.06499335392046915	-2.208649451098305	-0.057339929374793056	-3.4133392427832296	1.3718319131436971	-0.16414730785898735	-1.65238651350191	-0.18129903333560526	-4.32806935098214	1.4570268230629964	-1.4293899656607743	0.7073082202634414	2.121201003451441	0.3403499656612281	-0.4151154529636812	-0.7886257717560261	0.8548155864544407	-0.6198417954779509	-0.35467315395102966	-0.2527591174288637	0.6483480810322219	-1.430458317127746	-0.14925053696969157	-1.392265194986608	1.0946116159797157	1.6970742396126717	-0.7821699809920618	-1.2862362425607112	0.1585740648402333	-0.2722697067943575	-0.6720742640774018	-0.2210648856616503	1.3391853987124989	0.5194806570664151	0.2039839118619099	-0.2902331938250979	-1.0046981220640867	-0.7597637885941062	-0.5275391194557686	0.3995711565575368	1.5858003042642153	1.192081095877725	0.21991832192186764	1.0362237622402106	-0.23780402080235757	-0.038248132330049485	0.47410287777533044	-0.529420662313907	0.3582467518280746	-1.003590905559887	-0.8425508143403053	-0.5286244123745275	0.40942547512877797	-0.01651050770906679	-1.397292330717794	0.5619109296458492	-0.21283262236688405	-0.2941271029653842	-0.9112826840710482	0.23703164201148066	-0.8260565744137418	0.17766908193292263	-0.5240404629895963	-0.813979869155336	-1.1904663441630887	1.0882970668184908	-1.6632086545431726	0.5506322753989993	-0.44338640994610407	0.1984563251994826	-0.18671663189117366	0.20685326853859667	1.6945499868084037	0.5737394198631474	0.09219988297950445	-0.06830717982384617	1.0995137546225229	-0.9648361492668196	-0.2890210816224153	0.31699877648392283	-0.14976566828066315	-0.4417091188633342	0.761237859603046	-0.49793190076070776	1.0567382873019104	0.4268999378638718	-0.10499313020232481	0.10887084208065592	0.47804706859832385
DTXSID1020433	8.592581869016026	12.577303246318777	-2.6313665612716277	6.871662746706818	-1.088712975298615	1.7670226761227137	7.128387978121162	-3.8022503746790433	-0.6956763044808574	5.170859997881353	-5.025793585707128	3.375798198215218	-0.3024799625035787	-0.21410194989357853	2.7986912431607776	-0.04008977449557216	3.2870844390849445	-2.465637372974045	-1.6053314666885017	-0.8361334911635216	-1.2028171764225442	2.3948124971268263	-0.48854188501635615	-1.2496714941643292	-1.151811816370876	-3.0178012133777115	-2.675664187915851	-0.19059540440631334	-3.450517102865457	1.9519919937481118	-1.2115641620412687	-1.335066368598039	0.4506447363121644	2.2222201001204835	0.8508537238736132	-0.8779784287504785	1.4307204225066443	0.17507050245709305	0.7991298992003885	-1.3948917331821544	-0.4834977844038943	1.0842219147724415	-1.3298361626497697	0.7252182810448251	-0.4886414542730796	1.9256548375397418	-0.7980447500892799	0.27299282514492507	2.6756978767518667	-1.7510322542943388	-0.6124502866767727	-1.0460795355972132	1.14403960647851	-0.3171911139894305	2.1148661582575903	-0.46877756338743914	0.41479030831808006	-0.5187473405332348	-0.7471447760170606	-0.22899837846195017	-1.3892222313741953	-1.6102266917812487	0.6356603675957935	-0.4091900595391102	-0.763743337615476	-0.8640227849294567	0.5100929144198665	-0.39532992667979594	-0.1379326391616565	0.6699258666772031	1.3840319831018926	1.420890218226491	1.2224493889370796	-0.7517710822106545	0.4991426014832711	0.6311515690828686	-0.20436223631255254	0.9814783143774097	1.056739483616539	-0.48217123560678854	0.8718951235093695	0.5530280158123668	-1.2266779828187022	-0.8016890831577981	-1.449195637763798	-0.693997970074395	-1.2715622315611583	0.5296450499385021	2.101019816925771	-0.3786499871721937	1.6257885187984606	-0.045993361621013924	0.5293875104773937	0.09051126982979334	0.23665169396463978	-0.5142126606323957	-0.40505395315449	1.5045494951812945	-0.11172795034972346	0.5436281993899682
DTXSID1020510	21.352506539523304	-7.065726908783531	-10.620233173330075	-0.5834816091342658	1.6059446834602824	0.0425104592119816	5.297095426997828	1.8313606609433593	-1.8167074260587193	-1.6003781441781337	2.6503000691268532	-0.41804567698326955	1.9608592277004062	-0.4635087711749099	-0.208977516123849	1.7313434893385327	-2.8234705221302883	1.2661904771021673	0.320397851143557	2.2471713054785276	0.22319053244712286	-2.048852623048483	1.4286776625778788	1.583570493782572	-2.265060548531264	0.5042744159716809	2.8904637590743594	1.3644562176584145	-0.06700663580773365	-1.4546326603108926	-0.19967330682621054	0.42200446455479823	-0.3506035945137899	0.347297431937778	-1.7185571487060263	0.39118334535891286	0.8694688380423254	0.7850080793355159	0.6254467412083673	0.6593604176432055	0.2565449639768795	-1.3568686451704426	0.9364716658085224	0.28751137058059933	0.6231737992437703	-0.7624701783547292	0.8963789538276279	1.3759396118814298	0.4872481609433659	-0.6316842217597539	1.4759141549643948	1.626033831239545	-0.8113326024485614	-0.6050002013419621	-0.852318369309616	1.0998002965641707	0.2359735714759937	0.445603501133047	1.0042011308048153	-1.2034711622903387	0.44774297573788635	0.40090112888182106	-0.14885094207275623	-0.5687515804417974	0.6806135767706257	0.40379782256634544	0.18722998960713197	-0.6328880535913812	-0.393798826660953	-0.11795325227559342	0.4934059701718338	-0.5576132537684362	0.9431843486098325	-0.2653423398011065	-0.2241416553988425	-0.2774683725056113	1.59508532892489	-0.6285921783464192	-0.6093202979207273	-0.3279572594852826	-0.3189770802936186	0.2528967944294156	1.0202477434767987	1.485940722651362	-1.193968145666387	0.38284923107898866	-2.1006987074615497	-1.5629722043966394	0.340690862450755	-0.7866455936926194	1.2973927386840083	0.679598956353305	-0.3770387060874781	0.1077767579489702	0.054429299780415254	-0.6437432243595892	-1.3495281778324666	2.3064144969160285	-0.35139319906872896	-0.9641793689931045
DTXSID1020485	5.81777965358619	10.069638715564462	-7.356448037205501	1.487546732953562	-5.139395527759775	-4.986072799075892	-2.7622242214442765	-7.957773192141799	-1.2026227746451674	7.494934970381947	-4.840715461003852	7.214173098962483	-0.37562975177867247	3.0499533694478287	1.411129204272093	-0.3828733342428998	-4.366937012401108	-0.011591583425833978	0.659747106113986	-0.6106794977975019	-2.1256756114405184	2.933135959195275	1.6096316866382372	2.499294770072007	-2.7984139564129076	0.4480905372240394	-1.1057856004812319	0.8477927890558581	-0.5272538028841	-0.9031643154623908	0.9422063893891268	1.469223664856956	-1.4210413948008447	2.4943137133044377	-2.1421752198836113	-1.4503282138840472	-0.9613456618952012	1.5459874814877386	0.3990895727841909	-0.43593975498886994	1.7421561370327276	0.2039051836196079	-0.49557342980014585	0.30995177006544544	1.3699855532733605	2.462660276026824	1.4698144600205758	-1.7339582488665526	1.5132254616224317	2.1435494526772394	-0.9587130749046657	1.270780099132199	0.6725406759768999	-0.8769843141667104	-1.8529193200178526	0.5039006928686572	1.0570417273078863	0.6030220762917244	0.28504206603949356	0.4942596918684731	0.48208838744879196	-0.6572939682671312	0.7359613629788788	1.3122541325580213	-0.5494542985966023	0.3070179159681979	-0.7257909306651679	0.6893404256420866	0.18165068380202296	-0.14610950167081496	1.0289153751321243	2.3982098727415657	0.2577205001248296	-0.030646220170698703	-0.3820392174211469	-0.1262333196305176	0.7561770132616085	-0.8031873058391882	0.3708143602142083	-0.9074421651849436	1.3028075473996295	-0.7446147345248251	0.7796961858563279	-1.913562854360011	-1.5438103968144212	0.36628789212503937	0.9768223176917984	-0.11734199799883817	0.46737692193910274	-1.44358461674669	-2.431849526753201	0.3709198988433588	1.6224008788221713	0.015711494129032062	0.9882584396414036	-0.2781982036069282	0.9564694837904198	1.4155038343439643	-0.2858938826421905	-0.8749725884019598
DTXSID1021166	-11.453344335730124	3.498259321872217	-2.115929131222328	-3.6811870367743054	-9.798124988206968	-5.89229419147972	5.693015976491351	-1.3761331237280632	-1.2813290562995852	1.6305911444665384	2.5846134399273457	2.334551718947254	1.5729067238291383	5.402285139684253	1.7480017079576988	3.741369452967711	3.9740041396247308	1.753671423025227	3.958675565298809	0.4103643107970409	1.367146228757712	-4.749361222083632	2.2108018085608308	-1.0083591684839184	1.3727167781158236	1.7500426726113743	-0.3322070015882137	-0.4250753119238024	0.3515214329734634	4.141417015084256	0.650520278789112	3.9672074892860656	-1.4870519775411004	-2.8195006102127187	1.1828195099241288	2.489305913349996	1.1524117964489156	-1.4220705808326157	0.328120682778251	-3.802389468211741	2.770773834035838	-0.24030747841639916	3.2641607035310454	0.3174035506345845	-0.6329659740921693	0.05716022940609795	-2.4098238006370507	2.230841973960926	1.1993372096017436	-0.6884843247735781	0.01050869112930097	1.6843477523037926	-0.07885305107536712	1.0086536935213237	2.1143029333493137	-0.5742464512334409	1.4855937496367253	-0.2082388370971916	2.455344481742971	1.9888056181729437	-0.7746404615694574	-1.2701096730547532	0.041755917548658546	2.688072018567163	-0.8236387798601672	-0.392306266011046	1.213426925863093	-1.2763137698938958	-0.9371203721599698	1.1385916895778414	-0.34825994948057054	-0.20463767406122946	-0.06471899703787976	-0.08143644112500517	-0.41030763451897007	0.23397080906205833	0.05419014031562602	-0.14546562174558564	0.050979028953051266	0.07205343454878005	0.8634189945016755	0.5780074352270229	-1.6294913109728115	0.5629035627770796	1.6616061382861753	-0.009248560682742978	-0.10653969273680956	-0.8379099224134021	0.2526663452984885	0.9035854940393271	0.6842729835066536	-1.4607660623711969	0.7443318573125952	0.8743371804542476	-0.5061864253637914	-0.4488382816795196	-1.4966341143356985	-1.223377397058828	-0.01212069003863972	0.9129806913801849
DTXSID1021322	8.022017815896698	-0.14631382292183936	19.811522263600338	-5.776356548885813	-0.9536273462383913	1.0238443063708427	1.659210599841138	-3.934624519401091	4.940485220063264	-1.1044234795918233	2.1763986378466886	2.177862575358038	-1.7374096564549752	-2.853188281405024	-0.6449767269905582	0.4528182788168398	-5.673089899832763	2.519054200806184	-1.2316427359593012	-0.40474472136374556	0.598773582071116	0.4127255523534413	-0.016925387253680688	-1.169394314600856	-1.8130692527283188	0.050330373500414305	1.5457604474414808	-1.407935865226082	2.1422844311331497	-0.10306959728504975	-1.5453490081665924	-0.15683455717088224	-0.43226637971808535	0.11853981846982801	-1.3490543074550247	2.009154271994003	0.612804929764671	-1.1508992082648468	0.20902751400180253	-1.135735997824812	-2.280948278335465	-0.3222507979409171	-0.6872693306075881	-0.3429236492810942	-0.023147786564726984	-0.8754999849363134	0.7313488020942946	0.587632295006235	0.9194654468538488	0.3444336826892788	0.2959790161494714	-0.6207796402770971	-0.12847943583788127	-1.59548593589373	-0.4898722961334082	-0.3593898813370609	0.10314450202497874	0.13504930850370514	-0.14657312957594387	-0.4407221042535435	-0.24694474033185337	-0.18017906934949632	-0.9974642747676642	0.25904803115309694	-0.1661093147505713	1.8759344684701993	-0.4340903615918937	-1.1000168023167065	-0.0835830520232327	-1.4413225392554576	-1.125565678033102	-0.4322293017680882	-1.92453484803487	1.0797067806059675	-0.04774513628143261	1.4430284238074325	1.0645022821950771	0.7759155816859011	0.12760883687556804	0.6554983675853374	0.7294033171744099	0.8141937430256811	-0.06384673543294198	-0.29886721480603906	1.674355034217082	0.09849772041863113	0.0034139329587656725	2.6976163788768606	1.7078130657672284	1.201787484031712	-0.2861824443105568	0.831222922392045	1.2083164379759035	-0.03546989692851087	0.23102636237333862	1.6215188283401059	0.3615821336990312	-0.35147264694232344	0.12726037490750805	-0.5836195407506826
DTXSID1022396	5.989196915888159	7.282694426639629	-9.000724350058071	9.560834633040908	-6.319588220232273	6.0149580209892735	-12.01441452960863	5.190628719685909	7.989909750133486	2.3666722058153207	-4.016891197706348	-3.57578709465571	1.4674456051497857	1.0286225764548482	3.4401242951999533	-3.1266670195349415	-0.9468809829308272	1.7743623314615702	-0.9144320891669674	-2.048287263693801	1.0814541380243214	-2.5932020637800877	-2.647084772077138	-2.7120452099499355	-0.6194103816691566	1.5914513481771635	1.6424313098039394	1.704074751597985	2.7761106700117018	1.9709458858016355	-2.7996280776544005	1.7225411284773022	1.4883909421156916	0.14040472345520574	-1.5061883481233538	0.6135047062296832	-0.6016939977076898	3.76685763224124	2.4548651479003833	3.190297822902365	-1.7632735768569563	-0.04555587615575268	1.7554325037314173	1.0757055895041383	2.0160279927677007	0.5196930531896615	1.7512791601884994	-0.35364430181716405	2.402060905064339	-0.7146558231974048	-0.7266809863901421	0.14738693223416027	-0.052258060992342883	-0.746672149310254	0.049671557161482555	-0.08925080814283212	-0.6845364814453039	1.4549345745066258	1.389508413797964	-1.6504359981258843	-1.0604800778978627	-2.611258782434191	-0.8199265849609827	1.2984802517439291	0.5371969519452849	1.2284653992478047	1.517111932481829	-0.6866939686104117	1.136401340799401	-0.3240067057203245	0.3083471136395121	2.086176844520828	0.03579099648171835	0.628709094153272	0.3502028586129079	-1.1596736489502564	-0.6567108700638415	0.23007706318204238	1.098265585951876	-1.0398717953128154	0.8431986578106185	-1.0206990910911307	-0.8282064723465267	-0.3730853730825566	-0.7192544380514051	-0.51847216415858	-1.9767046088183242	0.9742659914570498	0.049160577493777495	1.148641031765444	0.9313366431353292	0.595778817679507	1.1608399032175503	0.05612070305885886	2.1616028065230273	-1.1664720648925007	-0.14385844871320536	-0.8955688253267555	0.9457336245929638	0.41974298798179976
DTXSID1022421	2.3537837663735326	1.071858838511168	1.8345125075052253	2.352538497851602	1.668514107607976	-13.465394259041549	-8.788443872911209	-4.371895353486835	-2.641629696009975	-1.3425589992548135	1.1345196796443844	1.878017023472169	2.4732886609407307	5.979368718213445	1.2120657993501147	-0.04480055662697795	-0.33920250528034823	3.51141846945118	-3.8487296327567715	-2.106021134562147	2.0674200636471127	1.8098635110802381	-1.9372555708716608	-2.177140603021231	0.8462868515682412	1.2818852346300336	-3.1085645425286734	-0.8877396415852281	-2.2072460970487375	1.3515128358717752	-1.3064544507776144	0.11610730017450521	0.6453682305425981	2.3698719175917953	0.29590180587187725	-0.08459513814713042	0.19138338436796157	-2.759343317619143	0.5519203891016428	0.26950249487415084	1.7595256981881184	-0.9115833744728855	1.7306600605023676	0.16907556012930208	0.6096257604554418	-0.5547929644113541	0.7403965838351237	0.227663448356946	0.4264461297136652	-0.3524320827249476	-0.3515571282081548	-0.26755102662106917	-1.3642864393960188	2.3978564084509335	0.09993651974199327	-0.5153550900734479	-1.0524516481932211	0.7050487604284292	-2.394208008586208	-2.371442799467142	1.125563584222497	-0.0902715695657603	-1.3885345321283007	-3.4676584275552536	-1.154876362380079	0.46086381493879336	1.7534189422147737	-0.36793110442537474	1.5580863105775313	1.7357747667909647	2.7663341791224516	-1.6121182234414402	1.3947242316203683	-0.5666580622889679	0.45785673341575717	1.4058623947907414	-0.046479093942921976	0.9720788493463418	-1.6455826800248632	-0.6974881810399685	0.8560891536770099	-0.010693689596525549	-0.17471458656797098	-0.49681205940463025	-0.05489255682566075	0.61236709851165	0.9056743967965871	0.4261855721216551	-1.4588397390208294	-1.2782238373854558	-0.2508354152261685	-0.3267588927402887	0.1238926948693757	0.13002388508395712	0.29903540363259606	-1.3403126929545328	-1.3256379190502574	1.2437106510863205	-1.7389154766665755	0.4880053783713837
DTXSID1022267	10.190505879964812	-1.2095809611733586	18.644907364181257	-5.190195043407675	-1.6253402508008403	-0.9873353450862005	-4.092462613254977	0.4066696853278371	-1.9558346026655555	-1.374010729302098	-1.2282455592782613	1.521896705398813	-1.5153309996406072	-2.2889189900100924	3.1862775801487864	-1.603883742395158	-0.5421149180967638	-3.127464590493272	-3.7221538635031757	1.5066206660491033	-2.395420749443039	-1.161317845157308	-0.7938907228758737	0.2628006894862595	1.1839174525844538	-1.079686938950109	-0.30693345516790527	-0.159807434919102	0.1876925906952079	0.14123144218930095	-0.1068427426326715	0.34513844404840155	0.16441219038239888	1.5701171169128956	-2.284374162053714	-0.9842761244053871	1.1957681584849795	0.453444419719523	1.052191984616638	-0.17761749797915538	-0.8275187269221228	0.003345870313950068	-1.0323041025639677	-1.4559207453268597	0.4316844603997633	1.1451809938654611	0.24931637530428125	-0.646701164027563	0.9171247804966582	1.9534484640807426	-1.5385183626828758	1.2980637325902242	-1.1430359933225336	-0.3677105086180096	0.17139415381325182	-1.7259161473447886	-1.9332161506039984	0.5253348324009568	1.226817193281781	0.5384630023057881	0.7356968622266469	-1.4946129963700134	-0.9767213782324311	-0.29658075880931817	0.6628472337971307	-1.2350289244306996	1.4194278643828646	0.1857421664683287	1.524105362002281	1.5337814257196911	-0.20798690389157576	-0.910433637048821	-1.3656305243487834	-0.11331734644775954	-0.8397121212784743	0.6954795379585549	0.4954441044319229	0.9270160297231226	1.6229280275572204	2.2482719292205724	0.4156397858483142	0.8216499932333342	-0.9344324710281239	0.2313083762775846	0.993184653423422	-0.8025697583985859	-0.5240597464464246	0.1712279340220138	0.9189000792665672	0.7688857686145835	-0.7656733796027826	-0.7822106371194899	-2.1202670312013043	0.47867817267397483	0.46470269039077505	1.025111097650319	-0.8271774206824332	-0.5745556182293943	0.43161221379408066	0.38535966493720136
DTXSID1022394	-0.3869071779971708	9.043972819278881	-8.930513069217227	9.72974995359527	-8.415723321604816	1.1160003272215875	-11.08238273986996	2.6708678515509057	1.8390578850339239	2.221522662835139	-0.6673508799661564	1.5737429155067177	-1.7102568170375732	1.027853630943952	3.9627594594113598	-0.48986633225022835	0.043761602183154745	3.5659495097596494	-0.5394321754557113	-1.0780317664856345	-1.8474076360531453	-1.009387972010635	-0.058522805137701514	-0.9000493462766886	-0.3030063141319392	3.3363378573951983	3.79069347161513	2.209220945529336	-2.3149693497207475	2.274492169086842	0.16114828081372312	-1.9168640636459549	-0.7175699231914463	-0.0675741413510207	-0.7293712473248013	-0.4805367063930894	0.6988734178145725	-2.4687646889211003	-0.9898558343757016	-0.15524524709859466	-1.2468239832444952	0.4782019545303523	1.58223852269059	-2.0856078071171216	-2.7325836945517015	1.5890871776528892	1.0195664578819243	1.4344938230789892	-0.8152127260774982	-1.9110085726070842	-0.6647948173059485	-0.022543991051658604	-0.6166439290027701	-1.1273458351035512	0.25234291600021413	-2.4490449935678287	0.10404765755430709	-0.2146030854486045	-1.293020310656347	0.9514463023350322	0.46102362086430276	-1.8015124154500903	0.5176908815890104	-2.0105784631928483	-0.21068439557061672	2.355350393326593	-0.12640645142279916	1.4588859186352316	-1.3954788413904466	-0.579232293326896	-0.9128402897750769	0.9546925750021265	0.5466217680964951	-1.145068278821388	0.6002358183044422	1.5461154995820832	-2.1515057533865063	-1.4666817575335385	0.133388081462429	-0.256453088508999	-0.08041077629990423	0.38900649400512155	-0.44333319683144273	-0.4764301628913795	-0.5498732534940965	0.020799289648457297	0.11030866785949443	-0.692993656518305	-0.02522676180336034	-0.15291059631951984	-0.08651946098484897	0.09844453133320714	2.0846213819905315	0.7536289752893776	-1.6043829575895634	0.5727019564753834	-1.7202552980111092	0.6274061442588519	-0.07001758253943367	-0.8593582484853406
DTXSID1023869	7.232698266181558	6.034214577368454	12.447936435923005	-2.7310843338658017	13.52444393157462	-6.5108079200820566	-2.4082549583869666	-0.8104608725499701	8.147630717563313	2.4648325657220242	-1.503753266000326	-3.371584546891458	-1.3410438240629412	1.1781579391750943	-1.3274580616880451	1.5199696048999602	-1.5090049223948576	-1.9738685736158867	1.775914401069803	1.676416086539697	0.3172057438526309	-0.5327960385223018	0.07128698352765801	0.35923017085713255	-1.7222962150708752	0.937063078076487	0.8794565188149917	1.9178892102847023	0.4565736507257018	1.4065233259175236	-1.0662321205698775	-1.8010232617006152	0.11906595264711299	1.143391746184556	0.4738956195795331	2.0977626746904616	1.3424992393412816	0.3592732178582486	-2.245520487261095	-0.6691716753119159	2.0320646441728707	-0.6993134177525014	0.49496214493233404	-1.5038024473592702	1.7323104138460461	-0.43250611739465084	0.5789028030293227	0.8355889452181658	1.5072580398059428	0.021928182127412404	-2.0310035173029286	-0.8885550353714068	-0.5640772287727327	-0.531213511359992	-0.6869634199494227	-0.557551320553235	-0.5811237819730511	0.9136030788628493	0.0226325572742631	0.3561346723521978	-0.054624672639014986	1.0783578209104656	1.3625591458018396	0.6064567098288074	-0.2704123365462607	-0.09210550082570257	-0.5788529208639029	0.3042751833316168	-0.8170424378067781	-0.4915633094321851	-0.3245857159887107	0.9188838646242115	-0.5855539990158413	-0.4870615793456787	0.8486094948332008	0.3051136105177038	0.031565515356008114	1.670096414442141	-0.869537842143864	-0.24055013202148717	-0.07184649550339978	-1.2051989512137324	1.8938453493738856	-0.061675779535468184	0.5149314531210577	0.8791016516197395	0.23784933532023245	0.9378407879430799	-0.1810492977957836	-0.5459993592953353	0.01974476090813576	-1.1943078357668397	-0.19795133441894114	0.7246277153748517	0.442944353210923	2.068171013282566	-0.424642182077753	1.0741173410953726	1.6064690293317652	-0.2902064529156483
DTXSID1023990	7.279371536805851	4.686621449366219	15.7384838247729	1.6639311272773774	15.377557451924309	-2.1549333004248252	-1.1535737390064869	2.8166998876808123	7.660242197061029	0.7006536525977489	-1.6244991474479553	-2.0690186324737527	-1.4918865824397203	0.8699603803242976	1.5879795596229445	0.39940033324207397	-0.5529749138365894	2.098396813098804	0.10194475077860955	0.8100584504989862	-1.1715382974714588	-0.6034488971336969	1.4953742109813823	0.6158536329965894	-2.8714309823870523	0.1490296815677949	1.1520704713827938	1.512679676692868	-1.6999338164659226	0.585659744180388	-1.4452035273618506	0.4047156545307515	-0.565469388529393	2.3160240273447266	0.5227379670461697	-1.4199647066494334	1.403512018303766	-0.7290582689648313	1.4953436181519062	-0.9749753486781872	2.0687003660607406	0.2301016387990772	0.30406555380441963	-0.1564785030828987	0.08231243054810346	-0.7834588082472199	1.5353306308463635	-0.3853392731007519	1.1176899630115475	0.9374074855702225	-2.312237476023145	1.0252967051866027	1.6078836257280829	1.7744725307460367	1.9176044644043866	0.313298539599778	0.6111345277374742	0.744379811241265	0.41655553547723395	-0.28550256710326655	-0.5204778117259877	0.7859424334283132	-0.4818089722539357	-0.7718595290301065	0.8792536278170493	-0.8555070425097435	-0.35202163729020586	0.32059853355906653	0.5540912323013195	0.1595838844167205	-0.10119803373926455	-0.22652373548829066	0.25050603665704385	0.31967059279239474	-1.3233197776935888	-0.18823030026403817	0.34532521263320265	-1.0569434457834759	1.0758997476535417	1.1032794135730664	-0.7736784890211628	0.6198974761494296	0.3560155801743038	-0.880701042760645	-1.5433637704025365	0.3745537842010855	0.36319543495227335	-0.011830194757118677	-0.8162280146768673	0.9729565512066009	1.3443311211797107	0.9623901449136857	0.4152991205501193	0.6783206899257878	0.4113784955758236	-0.5142679447284323	0.6086762406826224	0.02646640527859811	-0.8174649473100595	0.603805208013268
DTXSID1023998	-15.85573706367751	5.624934413981528	-1.5021117482153241	4.4209648885773145	-0.6782519342898599	-1.441081953006006	7.696498384054744	4.726143991852027	0.3963188216637784	-0.6831687857305695	-2.2373622133355107	0.5946866755075013	-2.904158174911963	-1.3031414394290604	-1.9395591793555222	-1.6930356200979637	2.4718051166855295	-1.7062500925451616	1.3131660303631656	3.693367006841496	-1.1969071768953812	1.655257615754742	0.7540372264437925	3.93661362005827	2.770092336694439	0.9535549973138366	1.1602988341262712	0.09437715219083478	3.504742506528904	1.7147332061847482	0.1374861332772177	0.3273537095517828	0.3901762082033663	-1.3421735810059183	-1.7409202850594112	0.8658133131710267	0.5365940982477067	-0.8916591682124916	0.973893835912066	1.3631875666165323	-0.7621489567832685	-1.3480330742422175	0.02740477127800401	0.6862927140979459	-2.340630086819121	-0.0183075956932511	-0.5010860026024381	-0.8534469540976911	2.0305245730800467	2.0728207773835945	-2.1945356142498964	-0.5272580120908353	-0.3164331004295601	-1.5591349684601272	-0.6165820867927342	0.3880550639730823	-0.9486685019890825	-0.6101567873241192	0.6374122362585207	0.5696002701153569	0.2382351612838582	-0.19669881231750744	0.20992691083928078	0.46324327831851364	-0.7375672725297036	-0.6975795046574105	1.3573899224467065	0.4705254541541487	0.18178822913094198	-1.235660790582272	1.6482955533937773	0.7192695275722185	-0.15486635774400148	-0.4135993713848636	0.5686620539919646	0.7171050212333581	0.6935534851974614	0.07502162019665318	-0.4913272271624291	0.3336667195384974	-0.32340429430697504	-0.6939983872927358	-1.7879784414776394	-0.7877320389353052	-0.7971827704547366	-0.5170542002501913	-1.8080245120047347	0.14416043820866617	-1.972698446621603	-0.10878320985961097	-0.6585291450099626	1.9845009878225186	-0.24350548064646388	-0.09818195803666961	0.379371601166208	1.9117095900227772	-0.3502074685132641	0.6424948832792499	-0.5383794531015929	0.28008805796765107
DTXSID1024091	8.76972857286944	-2.999993585215045	17.913450644568968	-7.183097879171955	-6.070149391354015	-2.055704371292814	-1.6805790096212907	-2.0815100784918497	1.6340682308749108	-0.05481662303551417	2.0194594920097693	-1.0887319485539775	-2.6116865919628367	-2.3243509278945407	-0.31242871588047416	-0.923269838182426	-0.47834807870163376	0.24926743756483746	-3.932097043476081	2.553118848695802	0.40888900462774475	1.6516046157940896	-0.7063299806545086	0.21009938465384015	-2.2164666145216256	-1.7350123530005395	-0.8314632315560991	-0.9480698019859186	0.49369569224355675	0.3078149188816301	-0.7830023607070289	-1.3767423669389098	-0.4481845332156757	0.8335617892939627	0.06300694845944635	-0.8830810956020536	0.8062773068744645	-0.8391382676869363	1.5064642633681138	-0.6251815153111644	-2.667078329471069	0.09507806554302925	1.245651519715766	-0.17239463270607008	-1.3273482649842048	1.8565760310579997	-1.0916924419891774	1.8548810902045894	-1.594488700074279	-0.10835452987952282	0.7359785623392668	-0.8512218602053502	-0.19843692947259023	0.7021593247899671	0.9987483246871912	3.1365975605251144	0.43067297050248265	0.80177733067608	1.2105814712145362	2.0517765059844666	0.22599234248590716	-0.7339406204162562	-0.8710712683729049	-0.358299690809865	0.4650131692909905	-0.33342509370963136	1.002757966532994	1.1993945527414325	-0.7835425883047382	-0.9355934532897234	0.6549626201395727	0.20583144020801583	0.2306514741809736	0.2565133483564337	0.2563486824875092	-0.7238067853073072	1.1619390779488292	-0.8423095206410979	-0.9668530206102304	1.5850066546341284	1.5012402061286398	1.513141195166802	-0.3903688942486517	0.360258233795805	-0.2629585075568075	1.0765275023228795	-0.4001082083576726	1.4248488638909091	-2.457085442240476	-0.8298527848759053	0.5304760440623919	-1.8670257205741965	0.6171444270214022	-0.36967512892399446	-1.3435755561561074	0.10416305137300197	0.2757745055904863	0.6422905814159343	-0.007202291595942683	0.13730733581802648
DTXSID1024259	-8.144471851910184	9.140331957432657	14.912455098485061	-2.373930567325859	-4.936477407328014	4.809128664272138	4.119275694388854	-3.6484103818995535	4.173435346259032	7.21545466428183	3.132130290969981	-2.144923433508791	5.490575138116027	-2.2252528204899003	-3.601353163668781	1.538649467146433	-3.5366908973881417	3.955849751442315	-2.0527019099073645	1.2816289087783723	0.8311109590559824	-1.603264246072298	-1.647676999098856	-1.2220486898464682	1.823623838039972	0.3232400338414885	1.127233901376542	0.20137665203080143	-0.7056397926623209	2.1526895491741938	-0.4540865715046636	-0.14707323756232532	-1.212733625357257	-1.9952872183099253	0.959669923170151	0.39758096982292707	0.306720121371122	1.8403223960236084	-1.1588404088679982	-0.6603198517588709	-1.0718109782197485	-0.31505802621475415	-0.44545609286558063	0.5752494242715045	-0.06219908841486433	-1.2191519270577207	0.7641941412513733	-1.291952126633954	-0.6470825665245545	1.496275687147269	-0.18036295213967046	2.0668651774489453	-1.6505536944709451	-0.08453477657153753	1.6049626364779308	-1.1374892270260881	-0.6574776952330376	1.406705122546271	0.6790856536400884	0.05967962966683053	0.612730699135638	-0.09937501503018964	0.6952081049591199	-0.04585527421865068	1.2968213617044255	1.3512346126506996	0.6157275293507047	1.123446353382491	-0.059301860941040736	1.4190727716540648	0.41406113911664094	0.6603331442282642	-0.4092981449838423	-0.27968334555707	0.006359691956100991	-0.5133926913338647	0.05268624464523115	-0.6484326335105739	0.5934715182326181	-0.26977802379344457	1.2818988863337175	-0.31561192717899633	0.25061562243623103	-0.24381843176509113	0.9538038408612205	0.04385142629293044	-0.24703976276793077	-1.4685618543508487	-0.5365890649191422	0.19422718951768633	1.090450396218491	-1.0277197602862647	-0.6273518852550295	-0.9709045592214957	0.32768234195905543	0.8774849407633153	0.3582870439921905	-0.5768139379312487	0.16666508508943936	-0.1260643214231086
DTXSID1024338	-6.861403176870978	11.074416050511473	12.82022246757652	-4.510000838462856	3.93288214994551	0.5114909441905859	-3.4073925269724263	-5.801134790133673	-2.6989504739703136	2.5746597353207314	2.862909264376854	-4.407854233802224	0.48203405606251687	-0.2103172431111623	-0.6307634847274047	-4.619417292664863	-2.128454520429464	1.783516439263506	0.5053846091789906	-1.0705443066920417	-1.6905183605757266	1.24464621332574	2.3617547659675426	-0.8689066353123337	-1.5532004394750605	-1.234175206056653	2.8314482915643397	-0.4769850673620074	0.15208081615478863	0.39255597689028016	-0.18115344614542295	-2.151382312741117	-1.6244900027687623	-2.2433381201206166	-4.243182845601181	1.7191159757043897	0.9016766998565182	-1.533831212606158	-1.4370327152704134	0.28336128999689286	3.254156622840471	-1.152380594000944	-1.819478416865032	-0.7382651944622481	1.6745149826376473	0.5023039319418808	0.08975112891230763	-2.4886968860692944	3.11258054351279	0.15931978843288078	1.584510523176023	0.4305429765467983	0.02315265480566004	-0.13122048204382378	-1.1450571693827267	-1.0168655787291312	1.456905066199563	-2.2572664686036292	-0.703674071073013	-2.2464905297166817	-1.489603161676467	-0.5917995197180138	-1.049210243915177	-0.9059350683973298	-0.22474143183784537	0.7391146191111596	0.651054920729806	0.9851101189162321	1.5917487280661349	-0.8343764722096267	-0.3452177065012581	-0.28655801666987324	-0.29076456389939725	1.8485137544060126	-0.2690782344553195	-0.5602112552346601	-1.4258516063007076	1.7083500636898297	1.1759923824406586	-0.3249571958326964	-1.366886748516708	-0.022153836779715323	-0.617811516877988	0.7347991381474267	0.742984754710377	0.0928593245141791	-1.5499231976843493	0.139066092200236	0.32369887511046813	-0.5140929613623938	1.2202781366869817	-0.2140792387822523	-0.7595824522418284	0.7783515111588115	0.2260320598454811	-0.5649877763523112	1.452807565889629	0.446473762087642	-1.879188013231635	-1.3162925245508796
DTXSID1025485	16.719986416042367	2.2445436879966203	-12.351539055837225	1.0438433273031058	4.963604941710911	-5.572205424678721	3.507602204197047	-4.599702844923045	1.6915972432896371	-0.8840892709724032	-1.0066726906175072	0.893238791623058	2.9143910638714914	-3.9743847708180047	-1.4243531378884957	-1.8027226103177418	-1.9628149167475593	-2.1531266110012135	0.19114500113533828	-0.30304128111373635	-0.40477391647898314	-0.675607781016776	-1.2530861527560528	1.9321942298085408	1.1916213182053694	0.3827565418494088	-0.7130284901025903	-0.5808685641908693	2.081663378085759	1.7830126400780009	0.0245078396119817	-0.98051670226269	0.0007330136142199396	-0.8421882663348587	-0.6156037088017323	0.13865192039122243	0.4079568413844928	0.35761817364016435	-0.4133411296010121	1.5609603455321526	-1.3843988737708903	-0.8388035950144559	0.2650317480165076	-1.185235635004434	0.009032339644442952	-1.0078512500672194	0.23492129946898474	0.12983748041550702	-1.3546193765898535	-1.7570114961656107	0.05139975746873597	0.2976375728979375	0.16247201630045285	0.38056980143141594	2.2021160996623497	-1.8394541790657988	-0.9221167942615711	0.5048153869670955	0.16228982549701787	1.4399313128597266	0.757495870988424	0.3830420074997385	0.19232215470962732	1.7355189097205088	-1.9972867138746886	-2.329376804710835	-1.616883557625767	-0.25979180777810884	0.15109860836703837	1.688936699426074	0.7152300490924002	-0.7127411607585491	-0.2813342582209249	0.1645250507518749	-0.7497812744213893	0.8485133198688078	0.29735644313725534	-1.0631545675804226	0.8854418574284297	0.7712292981399431	0.7936128681236264	1.2579045766760246	-1.8452582249875082	1.0133299163155147	1.381594107942098	-0.4236436948578291	-1.029999144861379	0.8246073842387398	1.0598187455003882	0.19069642187081384	0.4222189031773425	0.3810809765678056	0.2607221898220224	0.5347619926501785	0.3142106985651204	0.5601748894063928	0.9081652293426488	0.8824910566629185	0.4252477018593625	-0.4750456896638757
DTXSID1026792	23.751205266314777	-5.427494723850652	-6.026977909616999	-4.093726540500609	5.307440382590133	3.326136306852574	0.06406228665634658	3.513834668486413	-0.7724908565376428	1.6727336969035036	1.0798209911154988	2.0873732694163802	0.6167904133666904	0.04070744610740734	-0.19824072726174916	-0.6323992987765895	-1.3023247658905421	0.06366924734801922	1.248847572586215	1.568798256478938	-1.3086554247978637	0.6676220520621506	0.13523391417295175	-0.7101923430980082	0.9271045910229004	-0.6121138767723389	0.5370995529119948	0.781755490912967	1.3121236802992435	-0.26157633620553855	-0.7066993358198472	0.09563079159186438	0.4274163943958557	-0.280643379449711	1.306488202559804	-1.4528772904646703	-0.5647860295044799	1.8570546929867968	-0.5707164308970308	0.6988366461486913	-0.0744427055164211	0.345785962162448	0.7506658066777834	-0.439294112959353	0.14209703246519126	0.570477071804821	0.7336438257975978	1.195051520471747	-0.30893279095989784	1.0260221695929652	1.3175187574428715	-1.19619258268132	-0.43314513530370147	-1.2655467348008462	-0.0006097246719223759	0.562994032948035	0.039795542251653514	0.6995343648513312	0.33354849784594537	0.4971440767687196	-0.1948048565408963	-1.6168377190113608	0.14588998083108334	0.8729521761805132	0.7186040156865456	1.1014568831115974	0.05449389271638435	0.5312543661373212	0.6003848806762987	0.5381090606185573	0.3726426150656948	0.23781055584518188	1.9111168545963684	0.34787997485878	1.0229163275919984	-0.092644192174095	-1.4357207312375513	0.9770578244758692	0.9734657762315576	0.045301050845096225	0.3566844578299259	0.16520296725459455	-0.04186631593350096	-1.0781836786026644	0.1188284310674871	0.9323309187560082	1.5469023327640492	0.7873829086352321	0.5460589827906579	-0.9157777080327717	-0.3143688088012913	-0.2640109052195708	-0.33102473618969314	0.4348619092718085	0.13961349824053185	-0.9092545591051289	0.13709401302634416	-0.40533567090496886	1.1692077637223068	0.6510856305692494
DTXSID1032355	4.7811476052194966	3.582083720339912	7.807097061040822	11.639682900569877	0.18186914732330378	-3.949868898386802	4.10907442951112	3.7233589287386404	0.1762598326194312	-2.4251423366751226	1.7073434230797468	3.513110185458693	1.8066297924718078	-1.5072540490551638	0.8826442960955413	-0.07555480780607146	3.2380825082850184	0.9240746149889414	1.5888438681605455	1.9679612109603908	-0.3176277264546027	1.1553340623046053	-3.9439313857790363	0.823302769440174	-2.851623668292854	-4.933897649116654	-3.1277728780356684	0.11708582829286597	0.6614200289544057	2.13739579980685	-0.603983927079583	-2.8313193291753898	-1.8637640178426664	-1.2119449813083234	-0.11130977821890732	-0.12837505301031063	-1.5221905808156393	1.6847511442543917	-0.10007906619053684	-3.756288976573857	1.86117090533586	1.5217076508563883	-1.1979733656122253	-1.1545699488794356	-1.8960559763778677	-1.8749854338168286	0.6846501310585028	-2.0760301906252496	0.9900121774628978	1.02112557540242	1.018459729422881	0.8978761039206562	0.6167428949519845	-4.228784722491801	-0.07334739560364867	-0.7547114895197359	0.9844760649748053	0.8497951029124861	0.6551522038832746	1.4525937673672904	-0.5297562242769027	1.1593503358182051	3.0413872464693035	0.23121448341088513	-0.6633991267068235	0.608451413657836	0.16012063069311755	2.0903905300469603	-0.8581830894706185	1.0378755671912443	2.0829058971125853	0.38909836255372565	-0.13595345148166776	0.7360571104156691	0.5173470541404217	0.7076001997153214	-1.6059707574640896	-0.04907253040063744	-0.9488973314566456	-0.1817767722328772	-1.3260330701941914	-0.7823524047109628	-1.0884088309536026	1.2723399096787256	-0.11803834006672001	-1.6244210004812163	0.6593459987343531	1.8542611172859602	-1.1670899435201387	2.6021088298775634	0.34176180308159	-0.005327824814839698	-0.22304258422153128	-1.1093736161521608	-1.305662760714048	-0.014062541439539066	-0.17136856625958596	0.12262175703681666	-0.8964307602683966	-0.7190059821503977
DTXSID1032511	16.355644728991585	-8.718560402325316	10.384612764915502	-7.192229942434804	-2.0307344764530217	-4.402889271319804	-0.19613462815067786	0.6996552143465423	0.6021100338506666	-1.8644263489426707	-1.6340301809655848	1.5570932022074957	-3.1823065887050648	3.627832097385056	-0.1574343140176482	-0.9388745485921466	-4.0934853275154435	2.9500173979649738	-0.9587862238363365	-2.2444414979124394	2.26293190569332	1.6555130757048862	-2.1587199357437172	-1.07808347809051	-0.7773485660976132	-1.0549575885214615	-0.8034961723161522	-2.2386519712501425	2.273568583368052	2.9357755739488667	-0.5395199149540917	0.632703675595293	2.9930722628913076	-0.8500343452258786	-0.9909835886411176	-0.8403287076279669	-0.714145701545277	0.36263931276356676	0.1442944086745248	0.6332734338493712	-0.17381282532345763	-0.7824095541335434	-0.6342825074348307	0.9174741903852163	-1.148289407853527	-2.1215397751121943	-0.3153748954326825	-0.4047345966192968	-1.8586280875589296	0.11777583235421676	-1.802495719355361	-1.5715472775385664	-1.7290009292418476	-0.8013471030786462	1.2862776696545333	1.5321530944268758	3.2112565048512867	-0.6542539281800939	-0.8600721819653436	-1.0905449679254544	0.3560986440037034	0.6429055421501945	1.390832346029791	-0.4799049377492943	-2.681547597909193	1.1220698347238078	-0.4150249955955022	0.36042705467816244	-1.3877480036132541	1.2219200640274588	-1.0890885536704995	-0.20559367548036908	-0.963755262595461	0.01937041186144409	-1.2230378583057906	0.6377866453853673	0.7721462257406647	-0.0886609498517811	-0.7352763665985478	1.9606292456208267	0.8940536407903183	-1.056358621392832	-0.1711870412272922	-1.6151692446841641	-1.329542337774072	-0.32082497940466187	0.6117103834794525	-2.2224663301551173	-0.23725702909031643	0.7432533034251179	0.8574567525299956	1.2421016968139795	-0.4301011902639951	-0.9968865016866423	0.801470617104943	-0.6124487279925879	0.4164975605961051	-1.4369945464362035	0.5493881452242723	-0.4899569123699995
DTXSID1032648	-0.5457325724528436	11.21804791369135	13.755793765214293	4.401780471977409	-4.637906532399908	7.706012067770098	4.03747020856896	-1.4327755575553978	0.9194841619921414	3.2385708465119922	-1.5971427401033065	1.4834746622563315	0.7695460101354344	1.3560659083837414	-2.5533413294156064	-0.006413732691348009	-1.8310737170260631	-1.2958390994454647	-0.2411619151308403	0.5737809795766085	-1.4236867893493064	-3.162682593140631	3.2402993246096123	0.19501720368051384	1.293801834035279	1.3054449727403703	1.9438431971965529	1.147841505819168	-1.8462206397662118	-2.5671895887120377	1.5027383632207774	-3.5003166210974346	1.0671114719811505	0.31027855675459504	-0.29711924041048776	-0.9263016934586435	-0.39817405327085686	0.65889913667496	0.2513809310751436	0.10160402678621844	2.1772417943296585	-1.3216004779715045	-1.4956516269553037	0.2948641017577265	0.7182652120581632	1.0661641945993583	1.0996822594266664	0.4073197620988565	-0.5380756934696173	-1.792123176365515	0.03391253252668563	-0.46381883592615614	1.2000160307591208	-0.8649024914447907	1.3496297977442084	-2.292521217166973	-0.3714840431883944	1.3734180974799546	0.4060082855369499	-1.0000981176741237	0.3173216599324191	-1.393241946821289	0.6801664325267951	1.2307552079627202	-1.3780715321747936	-0.27246934065864836	-0.8123357293333533	-1.8563260820987981	0.7289162570230862	1.2509130952724692	0.37914160674721176	-0.645866624848184	1.5905566460752492	0.5454239057367165	0.6111675310641086	-1.2641369481788596	0.06523361159177861	-0.24487891365237932	-0.07245693064067858	1.6485666089875766	-0.8541821805883807	-0.9275457619298352	-0.03836454784652696	0.5347758656832401	1.0183436250830575	-0.4845008810927988	0.5817380883703864	-1.5678555892406418	0.4213308612080738	0.23670260918646469	1.219683159675367	1.1007139702741324	-0.16214754334777448	-0.13988887067137928	-1.2568031076824944	0.48517409875361994	-0.47588610106595497	-0.3877304402209163	0.2110854279523174	-0.3380955274568414
DTXSID1033664	-11.123611966105305	-29.424823120830546	1.090237390561419	5.540605842391439	-0.48278071144318613	-0.3825536547398074	0.4955156377675492	-3.0385709007770814	-1.142797687579177	0.9479974808446209	-2.667945514747267	-2.425837981544279	-0.4269308113868596	0.26499271936018803	-0.03681281454081534	1.299455656202885	0.6886253741625202	2.4509152190706907	-1.2143059256499065	-0.7109742803094193	-0.2994028214377733	0.9833395696676475	0.3804511572015626	0.17245081304197912	1.6459435038487205	-1.4131616267484488	-1.9746605974027691	0.744790308695644	-0.24085359623371164	-0.4983444631073178	1.1049132076384822	0.2934317913879622	0.5584543949839788	-0.16136640320849824	0.2820468986615818	0.4278407854437007	0.7943087309945814	-0.3423163815142314	0.8511680531968394	0.30069708008196827	0.8578632468116324	1.0253680114401182	-0.6492323402941262	0.9353929951818692	1.1429458537229251	0.13783950756245178	-0.7696233831211075	-0.40714257713280927	0.38277070505943117	-0.15931365941038125	-0.01904588699262794	-0.16974123405324693	0.66521115402112	-0.46130613745431354	-1.0085239017623122	-0.4692650181044497	-0.7018752073140644	-0.10549988767808936	-0.40581408864104235	0.1706340603882297	-0.12175936296253796	0.028418572098876462	0.5153803002830246	-0.5475642149649588	-0.14902568078715142	0.07513646699605547	1.5979265670560574	-1.0873317019571231	-0.5468307454567056	1.019843360440017	0.12354528347198264	-0.23853290548620562	-0.2481408510594185	-1.1921428266482985	0.984516205020991	0.6019824265678719	0.8231410530966622	-0.26986177694193547	-0.14530789470514796	1.1600434900101864	-0.7028525723401474	-1.0762807949241726	-1.6778400669951374	0.06562582830558236	-1.4464220825533396	-0.41323762934532465	-0.9009771899025995	0.5926621106080584	0.9954768581101863	-0.6518154425962014	-0.6641289984779298	0.5167801573251634	-1.0245822156154483	0.05220166004295935	1.1355300691309411	-0.1917085596622228	0.2916586227242708	-0.35733683555417706	1.1783886931125824	-1.4400702858891694
DTXSID1034181	-20.49979979527265	2.1853583322489554	-9.907855047371534	-4.089623201039866	-5.549587860596715	3.4823000547270277	-0.6964186372300811	5.498095338519224	4.90859265607071	2.511568868106249	0.04624180078734334	0.8058266149737519	-1.0412711077426196	2.183956989399647	3.537029077561508	1.5725354179270337	1.0086426049989046	0.5781073985612322	0.4230113780435875	2.0656219631693395	-0.5641104308418475	-1.1308714156693394	1.2584459026899668	-2.174688101395346	0.43360245099295097	-0.0985546508347207	-0.6073121804463987	0.5107923976793319	1.7063708885677902	-0.9941032115106735	1.9830290036510778	0.9906537915807545	-0.4415236158924861	-0.16793577879090335	2.5642981284513438	-0.0716053135202958	0.44768011890025067	1.171173179686037	-1.441986041494832	-0.7144367248302991	-1.5120818601634192	0.06205574481231186	-1.220537359694701	-1.0431190159001962	-0.28844073854576524	-1.1916227221628521	-1.0347520987679337	-1.5140277118004395	-1.0274979842465453	0.05259302142942143	0.3513009138088195	-1.043224224815642	1.1237041103169623	-1.0119319890393228	1.0286938741646905	0.577569424242959	0.9044218910229742	1.3085034368839148	-1.1159670915273192	-0.806727961269263	-1.101896759463425	-0.8387944976473504	0.205035340281569	-1.3874299745364538	1.3003398882854265	0.7129643506708626	-0.9626159781298953	-2.433718627895253	0.3312432122317248	0.2411070063343764	-1.6563411693494208	-0.1315968762239653	-0.05557595611464139	0.0004204680055199508	-0.1816876341706437	-1.4477526127646445	1.6936629552238998	1.1809277119893533	1.2248284072633275	-0.41403241617359926	-0.027213540977940428	-0.7411579314766752	1.2939137436691581	-1.36036416089808	-0.6003741387465762	-0.431175291583786	1.0046235669329713	-0.28745158789368963	-0.470016088578602	-0.37558878980500476	0.14820128550356151	-0.3285019600215988	0.43746174707347213	0.14938091971726863	-0.8166435936464514	-1.984892213573302	0.2094264713543884	0.5780292328416953	0.021716299406667056	0.22525351345401465
DTXSID1034929	-17.411594313927502	-3.4479213854986024	-0.8466236802042916	6.051133151918765	-0.5451452531620453	-6.349941932835896	2.9171997104191183	7.864435392925493	1.837443540933914	0.8607384330929817	3.139273509599545	2.795092365880244	2.7511978664816916	-2.536226736625751	2.3909102998485823	-2.1746152508951817	0.9593888305328285	0.9535561515048971	0.4275168821588967	1.4127311805578873	-1.5406789383620727	0.40512094011905636	1.7017284235079746	-1.3764737257310722	1.2234074988140895	-1.1608602146220657	-1.3751224006651586	-2.606248925148435	-0.6322746513731599	-4.222858558274422	-3.733608008218848	-0.979005623527189	0.6221024465605844	0.4929889180821219	0.039870494344639185	3.6110979128354677	0.19039167182252761	-0.8915595880008246	-0.2075843796253305	0.7604978147287865	0.30558967928269537	0.44673073509385636	-0.52849757966354	1.6488881376937372	0.5803211951020227	0.3698010995301842	1.3816170714649234	2.365799064943299	-2.9560458783599355	-1.2694196980181802	-2.5119586409479195	-0.9819886118637517	-2.5994525634959467	2.717267412845051	-0.9983157866862925	0.10371107803934962	2.0828908511813524	1.4340344827079647	-0.40193554073491494	2.5479780896673017	-0.7485803536372981	-0.09229700079224104	0.2867858020657931	-0.024523111948409313	0.4425567711104641	0.7114527970293838	-1.977017150946462	-0.8371442241649384	-1.184657683339687	1.3186282104850562	0.4844741686067567	-0.23797832883373896	-1.6643161341997013	0.059430242812042906	-0.21415187451736456	-0.28201189337499916	-2.829918927010308	-0.608484901336447	-0.2652055668412281	-0.0557557958013114	-0.4705703913305618	0.013537068555088858	0.06644715233075085	0.6659921584486762	-1.6257524403003687	0.29729726810252344	1.4681294260959634	0.1154358818135746	0.1454750522727203	-0.9680809134463385	-1.3126340343415879	0.4946242168723398	0.5701837877546162	-0.11007186161496839	-0.1573769224601995	-1.0748120676393325	0.9558117057010059	0.2719692079854988	0.04602020848750135	0.5225684384403819
DTXSID1034973	-11.225524408866905	-0.8178598206566139	7.446316673124152	8.020680120690018	-1.9791086003700802	-8.692361674266108	0.3257277595795584	5.139866825295328	-0.0853146720781981	3.7690049132191477	2.6452298940673957	0.8431436366737542	2.4544415820275263	-3.083480821336986	-2.2449941069708625	0.4821474476188505	1.903248379637083	0.29663614982921943	0.23560592249546014	5.292427665383588	-0.07768683018625633	1.6958680604265854	-1.3870560496412372	-1.4973184053303261	-1.9853978016321536	1.2111589374245288	-0.5021971052291471	-0.6542331932541933	-0.061968917580636634	0.4834101550793782	2.3954561151809592	-0.023960678778508278	-1.2002225629711636	0.16126387582074722	-2.905174737497209	-2.044393892572364	1.5714118240427835	1.2479490857535194	1.6843084949181386	-1.2869140262165462	-0.29004273131869757	-4.188437709856359	-0.10437947977217919	-1.0073104073326018	-0.2286238869368621	-0.08192036386272737	-1.4140561528394937	0.1549367656479257	0.6625604281757121	-1.3318865805070919	0.6846880396184619	2.204682370479174	-0.23601677979856114	1.8491506620461813	0.992140036109736	-1.5376887576209892	-1.3063093621537207	-0.32477194892369443	0.11549062521332547	0.866997689430834	-0.6065499173293759	-0.32616221436555864	-1.0975064575994105	-0.5272305982899828	-1.900633454503172	1.2747546306996773	-1.8830714770497265	-1.1737253901617204	0.5038112233336426	0.2658056320508959	0.04505295146456019	1.1421482108455243	-1.8764684029280962	0.25532560572478724	-0.24197367044780138	-0.6613373707061387	-0.3097049879630515	0.5327344587869338	-1.4921619561519028	-0.6392005221392596	1.2580412951434208	-0.16955986988791225	-0.1114202665083941	-0.24893676652357558	0.8623533981740685	-0.6685372452297761	1.4200271761018388	-0.3842629216169027	0.22634113710667356	0.1877096578048164	-2.4793905273163728	-1.745685631529507	-0.06822435822571161	-1.5320349849745203	-0.37360407156166286	-1.1729372072775266	1.874889211284065	1.210822628872554	-0.013032907862960713	0.6813036663038113
DTXSID1034769	-2.954007197639074	9.25314050654464	1.8702762875992338	-0.8375938469756559	-9.977408469105693	-5.785260430827561	-10.788885312328983	0.7217512953892583	-2.0763239189634377	6.349161051736274	-0.6502033030991299	0.44355260203317853	-0.2583529677310268	4.3441161394876	-0.6029111084830718	0.15566473015993906	-0.8014810047391918	-1.4268331964103163	1.7069560997557494	0.9651119066528105	1.4284320629578438	0.622601070018505	3.228977196853715	-1.139278769974406	-1.8183307413912237	0.4723522932511572	-0.5643777193093077	0.1977055745775294	0.44513267128015477	-2.5145124164404535	-0.3170502087044586	-1.7528566421117622	1.125820999464615	2.836630333840156	0.7500560933551471	0.5652049773513339	-3.5690120807344816	-1.2062733854036551	-0.31267789289203973	0.6957370528450828	-1.8468189958567867	1.126327295498513	1.8088362276662266	2.6576918145068973	1.8959141557252146	-2.5788748405038278	-0.446801833402568	-1.3476557666847337	1.7481372010995997	1.469707212377344	3.0554043917672953	0.8528257315830211	1.5295856535411567	-3.5088124927533504	-0.962541285790573	-1.7141280999739552	1.4697959084471097	1.6244276141816527	-1.30593555942229	0.20103497897373646	0.09290097101201264	2.3406099266911893	-1.2233262129143023	0.3044659492008183	-0.11805821909276275	-0.35483862692313883	2.4935681987849727	0.9998331061504573	0.9502919533163187	0.3337588283562667	-0.41780488964929674	-1.5557860647694792	0.07626685286068413	-0.19897056469685573	0.15692099327714362	0.10466368182934574	-1.79622437005739	1.5865003395352941	1.3897345627152682	0.1590572426702575	-0.2512146184030586	-1.1059256732755618	2.3687483612525106	-0.11441981597812056	1.1860008181489514	-1.3820347648756868	0.5473311191467676	-1.0561206039466828	-0.0009628005088144804	0.8308994334555667	-0.547893335674967	-1.1225897780953187	1.0278362724910022	-0.020560628858715062	0.34027337148146314	-0.960689085397386	0.9118755433722409	-0.6109728183618666	0.12301380847613051	0.05252845412492867
DTXSID1038298	16.906714243561957	-5.281388656516214	-12.869940516647143	2.1758487208797654	-4.40655741594503	-0.5173850476794444	3.966275552833127	-1.9662996042987195	0.7129399846695512	-4.082063326443224	3.976746914532231	-4.31428995737776	0.7395729701538155	3.0387656631669024	0.6093387266406242	-1.9159506597309361	-1.568337226779133	2.2019013657840962	-0.740383426532148	0.21089311376326633	-0.41268591052495995	-2.4799435467484505	0.6365932459002169	1.7017375220567372	-1.752170598647419	3.0615744465621355	-0.38221215047639034	3.7496750133472867	-3.757701143932195	0.9711826779137177	2.534141211480228	0.8868001650878842	-0.39875185599053375	0.6044451525131476	-0.906604457810698	0.27169171061026715	-0.5249094315644325	-2.2907613892595906	1.3426767222681129	0.6834098305419066	0.4691719676946538	0.6350265254133867	-1.0880770202730954	-1.0091067050960325	-1.0017533953304611	-0.9959190051287292	1.5916408496995513	0.07026505815329491	1.0079942910475452	0.8184503289839247	-0.857297312103467	-0.760466632181887	0.24466302282069977	0.9473314783924981	-1.084708517424628	-2.707687103491061	-1.6243281666718374	-0.22309399267727853	-0.026954198143719587	-0.17166263388281	1.0533678364031163	2.1563295302635073	1.024124732147461	0.621952825887586	0.5503449941424144	-1.0947892743138972	0.7429152902346348	0.39945009692519895	-0.969200360801148	-0.8102036117149116	1.3961948526999928	0.4113519534715456	-1.3281504141587952	2.859573532547482	-0.14930173531437363	0.127889655756681	0.972760618443202	1.1772874580151331	-0.04204492157791009	-2.1438591889441847	0.3017976179897437	1.7434391786097394	-0.9924616903301925	-1.5893959270163798	1.465615509314494	0.9872240666129358	0.3136905605402216	0.6243373111400754	0.8290713242663682	-0.9892954751958644	1.5645913619841496	-1.0118371094199035	-0.5616894692742205	1.4557832880124453	-0.8663707062456593	0.24907956458748653	-0.1146157234195996	0.7041933731178412	0.7244516778526484	1.9224209677459707
DTXSID1038743	21.208615013495645	-9.255499582734227	-9.38119906523185	-1.4704424100093718	1.4586493336505164	1.3784729018483932	0.6722174082265777	0.7692660430188877	-0.9803591701178169	-1.228078638259737	2.6340060591766044	-2.364170202040115	1.9771098119907382	2.931510874482079	-0.40623143122563393	-0.5897300218581869	-2.4167457002830353	3.7163445592260436	-0.2557561375513714	2.119338826575148	-0.7422640070555037	-0.2314665715721681	-0.4191757396925032	-2.4948046853559482	0.2903165202423616	-0.44148371681900284	-2.3092353853792664	0.38318922193457444	-2.5390790580267537	-1.1039526914061695	0.5691419146492964	-0.4996476585069542	1.1052770002888963	-0.230181898230588	1.4036677658520198	0.1198504481893586	-1.5896281051737702	-1.534863324817204	1.4730370460449138	-1.2475971105096604	0.39932140927486454	-1.5171202628972442	0.32929439586985776	-0.3352177367285829	-0.5898209767968433	-0.2997063247321766	1.4554098360913483	1.3043361613748747	0.9385295040051715	0.9229996735666269	0.13094291107384634	0.9258334700072243	1.6109634490098086	-0.11403590137876009	-0.06629317186099892	-0.22171633975318014	-0.3111652748296285	-0.50651405399514	0.03867817311972968	1.368206797419057	0.657637531687528	-1.469190477089098	0.5593006064902384	0.16434912689187167	1.607351611120918	-0.40061199764995087	0.8946883265694379	0.16213532856969048	-0.29378712301990423	2.839304487215508	1.1256038035041338	0.41049278586777366	0.13037184714242067	0.8711678762315002	1.0273367501615982	-1.4284043604730357	-0.868040153774734	-0.4977546864268119	-0.9195772463557117	-0.3052205587204476	1.0141099958457216	1.1883415139086788	-1.2882836033625238	-0.013818122980982034	1.3475925459919422	-2.091605255218916	0.8345490380350956	0.16257984088798644	0.06822794179016578	-0.9655854052352252	0.2926486130859762	0.7908034422555579	-0.440379842872272	0.1484173351926003	1.8342408581205896	-0.5178013541831717	0.6707647741291242	-1.3537057902775396	-0.19517270166106868	0.0737526131192273
DTXSID1040742	-17.927112915607832	-25.18937916315255	-0.16800593912117656	2.6234304269768125	1.8830040694424435	1.6737302607646551	1.1860628846499437	-1.6935974094456583	-1.6063427176915632	2.3538820127666322	-2.1977784347595417	-0.7168768614018717	1.5508416701531433	-1.4477358802590283	0.22116461974929646	-0.6202596164263073	-0.3326812142612341	-2.5738059658746266	-0.9778394672475923	0.2071445731851374	-0.5085955207706345	-0.282930445644704	-0.8319937342056526	1.067088283527038	-1.4659371117203945	0.4747421336229748	0.37173080960799987	-0.08948759230398477	-0.2744440280104873	-0.7594564630747385	0.3286496611530756	-0.7560318223661849	-0.41881926798028657	1.1784986802434814	-0.386391081445106	0.39491023683686793	0.11620765393240085	0.19967241197033184	-0.6266529350304123	-1.3243539321517814	0.38690306735895313	-0.5472308900561053	1.4347692386254378	-0.39313355138086403	-0.8866802739212856	-0.5071273603804246	-0.03424654231142247	1.0540252208818788	0.3708594543912509	-0.07565044175316696	0.855320952891115	1.1070616797704829	0.8890020486946832	-0.2079677340381736	-0.5872983108692004	-1.9597947220690037	1.6021168826396148	0.41374388805064505	0.1636749545662735	0.29121481044483216	-0.42752860242048796	-0.17638807017088218	-0.4622858677406172	-0.8141761104309344	0.052526902616334546	0.5507365885169004	0.7923006772378622	-0.32404565198072144	-0.5249081421715306	-0.9963072278321798	-1.7594325412066807	-0.52228982255474	-1.4905827993908916	-0.3371002863288086	-0.787027438873621	-0.6034964771121979	0.7688314808149669	0.2666129716703987	0.8758559260256615	0.9027564347234749	0.26487236045906404	0.02921705004295689	0.061226802306513506	-0.28310270139261784	0.7922750500297141	-0.13476077055992536	0.7408055586620793	0.24187158512618254	-0.09842771968743858	0.053368993935881105	-0.5850766828069308	1.757434969530133	-0.2889246385571262	-0.06471364692179758	1.4702390326923669	-0.04697198526184938	-1.75954100764518	0.41321766486967393	-0.2375004282231691	0.22767322422016353
DTXSID1041978	-17.838867431205436	12.43346428999533	-5.75933944860837	-7.018956074476514	3.455614569206239	4.5589377933222615	1.4832553628230487	2.141876478282061	-4.545447508965832	-1.0151695677391381	-4.894545969968349	-5.628583697205586	-1.5095541423480556	-1.5217800127152992	-0.3248085815684641	-1.025449777050932	-0.46958503796399653	3.0529086090769493	-1.6736767593356037	0.19372874481155822	0.17310083081674935	-1.6023931141239605	0.1643475457679262	1.5372318718688867	1.2971815125174089	0.00794801847496604	-0.45558871175362414	-0.5774864644140567	1.3136601416213578	-0.626387860246265	-0.5792457246986807	-0.2533458809255648	2.013779354379411	-0.2197180222425808	-0.6838926549799649	0.07903204587941667	1.3846849687725356	-0.2084752034935823	-0.49632326273122745	-1.1926525508528845	0.9316083274383664	-0.5646731888025894	0.594803983330992	-0.9694123486868055	-1.1040407938646475	0.8967479195696755	-0.5682642812165394	-0.9954072795556762	0.19055339656228287	0.2405425504512471	0.8053942004810397	2.042387209319743	0.4444886594538049	-2.058765642346875	-0.5844693208509695	-0.13297723355539004	-0.9139927805850774	-0.007620688497622364	0.4499096526975488	1.1900439355161092	0.39606521473719847	0.7606459505793719	-1.5171433035675854	0.23052310747276308	-1.4180286468130177	0.24036088893793672	-1.2199949151038627	0.2027768844975327	-0.5134158371713833	0.3810629322682708	2.2657103361121287	-1.3358867130219947	-1.05477246580194	0.5776785919341589	-1.152043407471059	-0.22691617645426684	0.5861912564400087	-0.12247662705760654	-0.10235224167551889	-0.49227943323037654	1.2594342391371156	0.2205081587925818	0.10199998245595679	-0.5530058402038904	-0.772409749541315	-0.03732386395184377	0.8097748353390039	0.4805403129349134	0.7821644766920346	-0.28773291084686026	-0.15602876245003033	-1.3257832427914293	0.27696914090130453	0.01663516585866242	-0.469716799637922	-0.8737681513114449	1.0454224046020453	-0.31266667101946743	0.07196183237495254	-0.31750236846328256
DTXSID1043910	-0.4145427287850183	-2.5234025523139816	11.922932324960678	1.1512454895739375	-11.499877919392274	-3.804131138797027	2.2021103532001547	-3.8727408730588806	0.8406181511419673	0.20118594001922138	2.287163915737032	0.813137342815057	1.7887977900268668	6.501240684748254	-0.81747343187997	-2.036100166581732	0.7884987443894844	3.1628118023694443	-0.07836532161726527	-0.3475728850351118	0.9296263645412126	0.7342037528423041	0.43957631682058257	2.182019581052975	0.7156282988868152	3.761484136208261	-1.1811186585630469	0.22946681210846398	-1.085637520214613	-3.610544187709016	1.4704824204942057	-3.8396916567792907	-0.11032949872067356	-2.9788932523536182	-0.6658482332214228	1.9466380727850243	2.959026446613213	2.617914976654901	0.38777437240623164	-0.5586865803972542	1.7085597199630917	2.9280023240077337	1.7909104154493065	0.6875303939174319	0.41137120087231394	0.1998601943398528	3.3759005875998476	-0.31403230420468486	-0.4031525098544378	-1.3831713910965004	-1.2352909314221738	-1.8198138024359973	2.0505928858565627	-1.5791644345403193	0.6756988731503336	0.9437322986288723	0.04025041066423559	-0.746351685233898	-1.8203166251032823	-0.6638909496183125	-2.1672786281493837	0.9276411172288523	1.8602724347424124	1.4631292761820625	-1.5952271375083087	-2.5530011239361445	-3.0995868596842095	0.07895890599317204	-0.49660341540581976	0.07392550825352241	-0.041960857721456565	2.6493385247544885	-1.3271919501488991	-1.8015780164124688	0.47770869288331896	0.33419900131346136	1.173992215045704	-0.786987375803575	0.5176381850900296	0.07712279767353764	0.5797782437242627	0.8594650829477694	-0.6853646281466764	1.669431257368563	0.7103438688808641	0.058135475902953655	0.1622731623343637	1.079973766963607	0.9484337089526726	-0.4454938843206438	-1.8240446483618369	-0.3028183691922972	-0.6200531359775963	1.0505175512108613	-0.2741133317969422	-0.9164283972441386	0.23275511699642815	-2.0082994275027826	-1.7834981546044713	-0.6344205476275767
DTXSID1046970	-8.875028153676528	-0.2519472921527637	-1.6055078535306384	9.627938939261751	0.22038855430019175	-9.781669219538859	-0.7289820828073077	7.949224819752207	5.4652782181728465	-2.364766451159605	2.508069610288538	-0.7699449088009025	2.9592999166102447	-2.814600767713194	0.9592159683282012	1.2563691001732944	2.948704363369023	0.6980625357455936	0.5889899037671739	1.8205472264845122	0.0008880758075116802	6.218613544247651	3.3633733311936806	-0.3442861270324113	1.521588556661255	2.0399912049994415	0.8708370849808593	-0.35130778720041467	1.145376731583963	-1.2413434043847378	1.6043902461645505	-0.8688847258445227	-0.9817262370125146	3.669174956458249	-2.3727938274115528	-0.5983514507231488	3.8862766719711805	1.048086109870633	-3.0069882135535924	0.9314277514782607	-2.2548551876391794	0.5799402106638175	1.4453019577779262	0.8814738275293207	0.7939746059456447	-3.1975892969781516	-1.3654567188667015	-0.08752853744766093	0.06879289584904139	3.2875631048190286	1.6273396676271024	0.43254392911361905	1.9162288974820827	1.4563246138277108	0.6053584992218497	-0.5671546464390612	1.0041933323467027	-1.31216332756766	0.24133163094470214	-1.2701245168111317	-0.9218288525686568	0.6333653477629977	2.3996079083157897	0.8267400622834342	1.8270826473318482	0.17732549134001116	0.4555893259977377	-0.7700172500543682	-0.5311683629519245	2.304760083210825	1.6019920039883846	-0.3133962829857389	-0.4722777860888334	-0.7042468491893658	0.40592316822736524	0.4730819462234116	1.709730694742006	0.22413203733197404	1.2701187855035414	-0.6185129071291048	-0.8269185320850928	2.654715423606258	0.6300908107689162	-0.5913248141171569	0.9080478259892382	0.6353067303572335	-0.42877665693646444	-0.4183586374132048	-0.22363319753578245	0.8394222991177123	0.7091187548726727	-0.08150203336840518	-2.1200567563224406	-0.5435195335216395	-1.5122906588278657	-0.7859950510640903	-1.4796200471393917	0.661600708510812	0.23119354274328255	0.332147614923136
DTXSID1047283	-20.500816304252908	-18.253409776957852	-2.7202833372523303	-0.9408694342288766	1.581529349980784	0.6640728793436526	-1.9680928737559285	-2.439538617760777	2.0144171072508508	-0.01706209292913287	0.9879408786770216	2.134299879694033	2.6290362077247167	3.1163076179503255	0.31045886130340367	-2.2119747003029846	0.7084739437382856	-1.1313813153482444	-0.37829716718809886	2.218547907559384	1.5043673723245803	1.0241707016982384	-0.6527442266632081	0.17994746697144387	-0.12041017130981664	0.9610225566694108	-0.6067077352068092	-0.8914341153065294	-1.1093850629788504	1.2162391487170132	-1.5237224420275588	0.889191772737061	-0.523811387990279	0.6013308685086177	1.7449660638613576	0.10011104369479658	0.4958447370390218	-0.07882918854973674	0.817397016538293	1.0972485272623902	0.5020267201637719	2.531626612460543	0.7507592240189537	-0.5085314441341631	-0.1657313424946476	-1.637742639820932	-0.8797887654703761	-0.8614422937815686	-1.7748528978731917	1.4025161960824013	-1.5258929765292373	1.7477058783892592	0.3499752860775071	-0.9244702032811223	0.7945183559958634	-0.6115056109897556	0.4641473032386223	0.831790852352199	0.24631686290326749	-1.015803617807682	0.15841980289624935	-0.7918020468196689	-0.14937328897779603	-0.5361036031307527	0.16467750119055788	-0.5775785002640748	-0.0884839693784152	-0.5598724188804673	-0.03972579980192415	-1.1414373136653915	-0.46697715341972623	0.027898306930646807	0.17230186195435826	-0.011959720687609665	0.9059202562193912	-0.0246431823267208	1.4435652047291736	-0.04124636927771411	0.06702857604692582	-0.09945585301717003	-1.288728875098709	-0.6454385562736894	0.8541256438288983	-1.9826532059850999	-0.4498658711284725	0.26071411788779475	-0.10876217678848407	-0.39564232984786396	-0.18172814550284777	-0.4779334808890784	-0.45704779814571006	-1.2529952414543537	0.4550470998213459	-0.37343019945414574	0.6060864363782628	-0.35848851077591937	0.38049035384027124	-0.7140438764787855	0.03946998310013866	-1.1932752929246795
DTXSID1047289	-22.80061490028531	-0.20941377717931875	-3.8761735028188085	-8.639857832452796	2.8640461858963926	1.799124787815725	-1.9245317938388808	0.9360359816493867	2.506290638148875	-1.4375788960346012	3.5559413964770332	0.850715292100269	1.0022629886147034	0.018249044833540288	-0.25458290671670747	1.4918271879969576	0.6978805461616767	0.6767001345779265	0.5918473252975986	-1.5531264874350603	0.8967772627905194	0.2050168587309513	-0.9784728634957299	1.1003752835628382	0.1744619721617047	1.2179783701145177	-0.35239580728326836	-0.3981001615646248	0.8537970463991332	2.0276807486573727	0.487557527482425	-1.1576128677788677	-1.6528723853591538	0.7308248861253661	0.19528781651812063	0.4517043907236831	-1.098920397998596	2.2090486470909605	-0.2009676677772464	-1.549547988158167	-0.9395159336554906	1.189036026473031	-1.0950219237681067	0.7205598716289061	-0.7675558297428543	0.5580595116972822	-1.6438914741035762	-0.781137168611486	0.177776793860659	-1.8211262672842892	0.14975258481271925	1.7298028013452906	-0.6722261119170291	0.18122682209736027	-1.0033777352873203	-0.08578269908023942	-1.0851212176700409	-0.2329614761751187	0.8365602656139334	0.3020302999692481	-0.2841757399957779	0.2520979377922611	-0.4767807202038415	0.37147973372731863	0.28272700841783927	0.4394013278431589	0.8373617703050944	0.4944029790640395	1.0233926184052948	1.1807020633039518	-1.541790114084331	-0.8518435189454063	1.2036232953715311	-0.35679896744717005	-1.2893380731434938	0.8594116531983356	0.29159441580015977	-0.10673983301219392	0.26768923391313243	0.43935793817692176	0.07665568047713606	-1.0960329342322517	0.8495774769478907	-1.9498498036890035	-0.6620196153200781	-0.03537654414406104	-0.00808550922390329	-0.2798805783500183	0.4187806126859373	0.09278819160634898	-1.5792675092030026	1.2123532807512272	-0.9114882455963769	1.739358335532964	-1.610339469187954	-0.30425621017111754	0.33453687507277347	-0.28902662648205274	0.012628613661785276	-0.5599099417262223
DTXSID1047312	-8.7040932033328	14.218357055161626	0.6109546475175979	-2.64073499944641	1.8715520394544471	-0.386221294424403	-2.766007891757412	-1.3819052524685793	-3.4493535351524445	-1.6164291364600145	-7.83806563069146	-3.763600958668394	-1.741945535221347	-2.398794205441896	-5.1795473532745095	-2.3417176189367463	2.6869711189978465	0.4744450496646439	-2.9888159367896234	0.1872765737713739	1.1725727675197046	2.4477407658656887	2.8014272539469225	0.6104873141479445	-0.07771368859347037	1.675987483614974	-0.7979602215201229	0.9078903411934873	-2.7933816323234777	3.461754702890132	2.2302971728079592	1.1926219539644722	0.6670335140431206	-1.8452343037300656	2.0677119536210284	0.7723035141496954	-0.2071036757473011	0.39836462085057056	2.825391441939017	-1.19892713622969	1.65628851609083	-0.6166066817279293	1.6293893110581217	-0.40383943654557397	-3.5661659301463056	-1.6285271145442741	0.4351066379846946	0.9612688010266439	-0.5691553968138603	-1.9937471381307152	-0.7408300549320972	1.6430809945053184	2.4227763632206476	-0.3100110721505293	-2.7428222208473674	-1.0838599294683235	2.653820005802639	-1.2042103186414097	-0.9524536925379694	-2.4110109691028097	-0.6760120625928601	-1.7280679302257789	-0.35550940348989285	0.56811238443253	1.5445686144369064	0.855671443691302	-0.6047354484908825	-1.9740564439616035	-1.414497701402118	0.92621903148816	-0.9950479333507658	-2.1083830684110696	-1.5961309732525628	0.10744646705575331	0.3132939041770862	0.7875964689163829	-1.2757633969918694	0.43724994243064125	-0.31917028575987666	-0.8867585814596388	-2.0927788377861427	0.9362887706103233	2.797595273547424	-0.12433974028121855	-2.525901824354726	1.7111294348010009	-1.3682991733506054	1.2383578673068527	0.09855262829289729	-0.28122446869744055	-0.9583949563512567	-0.2225605069644791	-1.3972922401247698	-0.42299110770017245	-0.30529427460561664	-0.16824580422295285	0.13783024964429602	0.010746639739752288	1.1213962368700847	0.11387559495871856
DTXSID1047366	-14.221807555619678	3.711162959144384	-14.888135425577419	-2.3566743967428034	-2.1827556866827367	-1.9186491074602414	-1.4509383156994375	-1.1739812154442928	-1.710464243869883	-4.907572489306711	-1.3753616475734718	-4.70599855116893	-2.419990549307906	-0.36980549465649215	2.6660055132995213	-0.3475214925785285	-0.3814429314143481	0.1703682253808326	-4.080263878361135	4.362809314496554	3.3236580852653956	2.723044005036812	-3.091397092730489	3.121141615828857	2.788956994136661	-0.6462349289680314	0.13134442934178392	0.38610099213612536	-0.4357179547712422	-0.13570168811948002	0.6880509167789319	-2.943473362573527	2.7976586418474034	-1.1089875598241592	-0.5443303184697448	2.1715206988625235	0.13581544574055437	0.7437928420008273	-1.2137069189445207	-2.4461665580776204	0.10239602825065877	0.13207195367610314	-2.027831709005138	-1.5214590166280844	1.859343611326323	-1.305405790173857	-0.5839403577331237	1.715550008079377	0.1703540439326708	1.4247209642759335	0.14195065491093273	2.637752746084428	-1.4219554415504287	-0.8639735868588189	1.6436504671366976	-0.682631363769161	-1.6305027685056537	1.9837141729859356	1.1644788669423074	0.1964246544132568	0.6583045571247578	-2.159268249184143	-1.0245652464552908	0.21916091929576462	1.640556667477314	-0.08225101500620358	0.34874768544255075	0.6531279338895404	-0.25095572273325145	-0.6511968068216476	-1.025558204547695	0.9139932378308687	2.4504280714930564	-0.505101551348661	1.7288903103118347	-0.2537859109032888	-0.23081371188710062	-0.8616088198552221	-2.167159096814937	0.3894963223019768	0.6489209436930959	-1.0950181243589536	0.5473780905626093	-0.22257965647657782	-0.10138051409883288	-0.7257290191956584	-0.7968777645016129	0.8111816444977046	0.2920496443289283	-1.0373223208362614	0.36631982770743776	-0.6826878843046341	-1.384119294072535	0.7600987489986474	0.060874632736830796	0.298868713711927	0.12452712523769573	-0.20157622107332118	-1.2207188789526977	-0.4097943530371773
DTXSID1048172	-23.584869064210643	0.1786911568312648	-3.400726228358777	-6.150717978585774	-0.062459079895950266	4.683068116691905	-1.7392692176621816	5.068092789540078	-1.1922315420398217	2.7314229961388987	2.5673344887111362	1.15539921612117	0.7285152277824053	-0.14138453202256934	0.27204303992763407	-2.8181333940381146	-0.9244579552750927	-0.826782627444148	0.5488731521334659	-0.13217230826674592	-0.1967634953042218	0.18171008654458207	0.29518157131656025	0.43242989496312534	2.49173814621538	-0.24201600477241647	-0.17646275612155993	0.12734541015884904	-1.30277467944586	0.7689790219709716	0.5125959751655171	1.8836905095737828	-0.13849945783603615	-2.449238909078505	-1.1000067203608384	1.148971128817255	1.9754232314057796	0.7679490087039849	0.5954159779900793	0.11572830714718985	-0.38115645662978714	-1.5331659674170068	-0.47151265905362194	0.06330937898828606	0.6518548303647611	1.5005643420659123	-0.539361603506491	-2.0628117562835913	-0.6731859210543812	-0.6870218974543127	0.2512947304962609	0.3991081943688144	1.8139292199061468	-1.756424562853812	1.060031788837568	1.2873701445339405	1.0811054587196185	0.40913161344965354	-0.6918202348111502	1.2947216420384546	0.03824920133834139	1.4909886833364177	0.09395152786924404	-0.9875183631642063	-0.463783588445272	-0.508852034495695	2.010122814088527	-0.06952172285535149	0.5863279962050894	0.12386354447219913	-1.0037788933596639	-0.6044553326686535	0.3889157549581007	0.4361578177821619	0.3490931459271315	1.4682638738469147	0.2973278596180844	0.6463028482549839	0.2847941501336266	0.7763663991140899	0.5149982149477801	0.12268903175101027	-0.6464424415584326	0.3112872265474168	1.1073893147806886	0.05141229315639974	1.1237446786225493	0.46466725889144467	0.8013134860692777	-1.770674135511424	-0.059235086479392074	-0.5225881218380725	-0.5849302131047497	0.5647480661605819	-0.6254046324894148	-2.0336894103412098	1.000961083170594	2.9069270695949085	0.7048136066128817	1.9284273210553642
DTXSID1048174	-11.294153012227532	12.49881957595682	0.5367224543692197	3.915889621488044	3.8702641326059544	-3.9582274835375824	1.294880460966952	3.6905339805968698	-0.9653456136087221	1.319727624653016	-1.6384415687667095	-2.0742343765224227	2.9686640242002644	-1.5085748677407451	1.980028162048279	-1.5554440481511007	3.303424596100363	1.9159021316122091	-2.977466588347365	1.003099445870673	0.8013565812325775	3.9144566605369775	-0.20234319847487578	-0.473595226140639	-1.387504294445207	-0.9950448738961928	-2.6696745944971547	2.4413777702978114	0.41990029405561735	-2.014510416764649	0.5555032388752859	-1.3626907675972488	0.6076882992562795	1.744070978778261	-0.05653169383923143	-0.6646643317182263	-1.9605653019501956	-0.39104130770959633	-4.100577360216671	0.5497654223382897	0.9113099234326933	0.22456067757605977	-0.8483766168200602	-1.1765406523930573	1.2148555641313317	-0.30776987096725633	2.898769180418177	0.050674841209957404	1.135826542419723	0.09160823517221603	-2.0664120243985487	-0.9751291407926096	-1.1655485162269716	-0.9062701394631955	-1.3674148184733024	2.0875881113310037	-0.17164021740163152	0.5274578357042796	0.42942585768036284	-1.809068591479286	0.33767955695044016	-0.3584808007573092	0.2577576151737265	1.8490440686801102	0.3272528752745388	-1.1474756016369472	0.9019707102385806	-1.2884229044009667	-1.7139708277888617	0.9556583315723823	-1.147021095775731	-1.0521621036599431	0.33049020308904753	-0.31231440104787356	-0.9415303944656844	-0.5268980497087841	-0.6577149685328008	0.3052214869773699	-0.8289134311901059	-0.9815101403723915	1.7763803626412045	0.6098660902193835	-0.7725143347538139	0.8850679934674096	-0.436208982248706	1.097690539929623	0.3491357928630334	-0.6042203880833228	0.39880430500645936	0.1647958417778125	0.6570311341474238	0.1368882152952814	0.31395275807144274	0.4264227704893526	0.5272078525802197	0.0931087596327664	0.2692409344638055	-0.6440826786547643	1.315623517616253	0.7188706026856251
DTXSID1048178	-8.916683879507996	-2.7544440267802988	-8.904983267154856	1.6184740217624487	-2.5988606349766483	-6.860622306286734	-0.8710122161647963	-6.4031126995119845	0.21039493737881904	-4.811917119258692	4.5615322226233905	-1.2616840171568429	-1.694684939335495	5.627863138916528	0.7597455381388819	-1.9452902330883546	1.0227480003323537	-0.29264577013592397	-0.5257605306927773	0.47231975270174814	7.707467983845037	1.3944906705735267	-2.2158324841404635	-2.309425133517174	-3.0266649106791994	0.7217110066854561	5.395299045158679	-0.7314755339755232	1.8819505135450143	-2.3284459804984112	2.570838449198412	-1.0130884911431148	2.716736119369501	-0.5574814665901945	0.9099472017415211	-2.0455226775224995	-0.45741406829258885	-0.9181702987442223	2.16023747260002	-1.2359634185234643	-1.915380926109294	-0.13899064882541923	0.8063836094972083	-3.853404914992334	0.10958675786313286	2.1633849077088354	-2.729926918656986	-2.2962173643388994	-1.4906879931707493	0.8770259785948598	-0.7300876485308992	-0.896004934416177	0.5064433297602333	0.13760731968073134	-1.2178159190310298	-2.158405593707872	-0.15340729169887293	1.1366012770551999	-0.048363590697708306	2.126886170888082	-3.3725926189103634	-0.31548943240849864	-1.2546705908090643	-1.3817632073435693	3.8769362166100145	-0.925742293036585	-0.2308292129611769	0.8093801587533278	0.24344319982805396	2.5218713174448935	-0.12088553099807854	-0.25996807610952066	-0.43687256556762266	-0.15243550106470713	1.3325315092158982	-0.10202648276823337	0.5599575833513186	-0.6085540318791238	0.9671575885654673	0.19321666657494335	-0.20488215635348384	1.1473707557466444	-1.1022422188757048	0.6874113206310198	-0.608630813903414	0.04649702971274072	0.3314593705721718	0.11688057033888642	0.03948769416878561	0.06700699217625182	0.06506913617850368	0.973226675206815	0.9838714911654987	0.25400297142235473	0.9384900999396626	0.545095708499207	-0.7397031414730969	1.4262173827840545	1.0722805522155765	-0.7295003399445262
DTXSID1052585	20.96616390158	-7.229054960050082	-8.266123239552494	-3.5800725824441346	-0.769518906763897	0.22072821553319133	3.8424409877820125	1.4691432826625783	-2.6189511397876273	-2.3876658261169257	2.946789124118506	-2.519365147261621	0.17232681564217395	1.9862760025795017	1.319738965001946	-1.0552647024031097	-2.7034580428908237	0.8131685220815612	2.3972531826188455	-1.3327550361895535	-1.110633711998182	-0.8454302927592978	-0.25092855312324497	-1.5752862103208818	-1.913677620375786	0.09765275552270047	0.4778487242449315	0.5286616573667774	-2.072843129446148	0.45254872987117895	0.7085531077836024	-3.074107764682525	0.18667290164927483	0.8873516844652258	0.6706090525064398	-0.3394958661008895	1.8501983066064238	1.2590299011465744	0.7003098127405823	-0.19918044243736854	0.7875780742201646	-2.640294367870408	-0.4360023959732503	1.121511782490679	-3.1480548799321655	-0.3245572022402756	-0.6676140393482154	-1.4729272110285831	-0.36131883888358163	1.313523230300483	0.2886579152547789	-0.02039002446146487	1.5889495483873517	0.2726972111227631	1.8051632951498269	-0.24646812289648104	-0.5076751706927426	-1.1292778654362554	0.5745498656019302	-0.3598248915544301	-0.34227982538638324	-1.0037633074789623	0.39716971487851704	-0.042916290972159994	1.3998564223094727	-0.2131531671778325	1.3268289685223893	1.3813345001225197	0.8196305121530952	0.9685240359796924	0.1196736414237627	-0.7321070362896537	-0.07714872069617473	0.20508711796445683	-0.5458484250039908	-0.5932565712830136	0.7909443255314312	0.6676864873453964	0.23957239416272622	-1.4107451861784566	1.1603257892199081	0.342800798416127	1.0183495366738884	-0.20843568191322906	0.44237831013014234	-0.2068485267884925	-1.6787581452498195	-1.0145473241350664	1.1240764349042958	-0.45787432865489375	0.43498718186120133	-0.49864592101297156	0.23136929395395783	0.0018123797188532931	0.8180447744029853	1.456866087492167	1.9462075675227342	-0.4022489515520941	-0.5984068141700516	0.63589273114058
DTXSID2020137	18.81728255135498	1.2774323330707709	-13.321104414877434	-0.7195736199266954	3.3544480071538407	-1.3724195672217145	-2.2027357515293584	-4.841285065009448	0.21538693286932892	6.04741814586349	0.9542278486448985	2.570444017111014	0.1158764516130105	-3.6440393602659573	-1.689443677889017	-1.084579542027543	3.4184153320818225	1.3269384360266288	0.24283152292418175	-1.2101770724079655	1.5718876833869346	1.4103517708943825	-1.3498058899494714	-0.5031264629905253	0.2776637052245732	-0.33808465195072923	0.028738616088888096	-1.200232869902719	-0.8572458766498976	-1.589357692513206	1.4686409714107282	0.9719035580726095	1.8106543325651434	-1.2715519891271954	1.9261155955716283	-0.048413430439475026	-0.6539124222979945	-0.17120790624341217	-0.15795711061481787	-0.5854710832287148	-0.9751301301480234	-0.06874513495279216	-0.7531124358324872	0.35694269466498046	-0.5285713601357526	-0.09466611941495696	-0.7866526620718765	-0.8466047395799702	0.3077801159445428	-0.3315472297136652	0.9475335159377087	-1.0452876759270113	0.692599747355406	0.11957833675889343	-1.9420485349491607	-0.13890277216718203	-1.3474558885430192	-0.6085280212563915	0.7040583212962573	0.5176261627802156	1.227254247695804	-1.587760717425422	-1.0283981648969944	0.12784376926934232	-1.1087926510599002	0.23518886353346125	-0.2744825009887483	0.5925222226556967	-0.9465535519652872	-0.20893581430378858	-0.8912950106071929	1.4376607727594632	0.22778896114839042	-0.1496806923499048	-0.769060997628127	-1.0292795194075761	0.9849540305945882	0.6537734669198589	-0.49634785324800124	1.2013141080725764	0.8051423975216949	-0.2289847885679237	0.5744155210788866	2.0353801534710922	1.188774725880877	2.461085993240009	-0.8144357470643486	-0.7906228949492652	0.14388510080984873	0.7324133772465058	1.0203299438861333	-0.26889520620456964	-0.6426476058297897	0.19420199089502888	-0.07147275442121546	-0.19788726470900142	0.036056617734301924	-0.9462890724602339	-1.1382286282943999	-1.424515790710788
DTXSID2020420	5.14714249868738	7.052010894445507	14.591758707671378	4.964965016462574	3.1255687362754574	-0.9559259612738666	6.467474275436487	1.9946993937270647	-0.7042803129199794	-1.19781170656717	-0.10931213514210793	-0.571711638469959	0.28083664690920684	-1.5871387085675752	2.3688711614397953	-1.0647507643352387	0.5993019124070639	-3.6849483813835575	-0.29551617447586165	-0.0196367871630591	0.04802623625706403	0.12068581312813717	0.33596298587754514	-1.393351731688725	0.8171099389493292	-0.24436049273958566	0.6462332929525322	3.7835254591147782	-2.482803187095397	1.1789120899090242	0.6339227104283538	-2.2377823738711635	-1.6321989400977346	-1.5948058871675626	0.27717585276802026	0.9410643966382041	-1.8259997339697547	1.4940360130926253	0.4593587731968902	1.2642768258378951	1.3388194658791506	0.6425399855330669	-1.9464268298045782	-1.9899376658536425	-0.7021588190780721	-1.5481491796580662	1.1076480343025743	-0.20477699980713857	-1.9699993660993542	0.8411438355247264	-0.7906518197977644	0.1815032789734428	-0.4245455842643542	1.4559416169294757	-0.028177774619752124	1.4921882420408892	1.6554140542113993	-1.4377381665915774	1.4596498205572777	-0.25817593605489736	0.06949813420536727	-1.5453757616415433	-1.2684405773992797	0.738576425198957	1.116248929913809	-0.9395514411580188	-0.17009850643909086	0.32184201927590456	1.7020932512102886	2.410009408203032	1.6458738192793645	-0.9671853379689184	-1.4288081458265438	-1.625004003533012	-1.6352053984780164	-1.1038735472807222	1.9278693775260134	0.08771330001560726	-0.8402282486939057	0.24275377324818406	0.08111851323548815	-0.5158055176227347	1.2273809835106417	-0.5649818729371119	0.05235602968930047	-0.7753243415874392	0.8684950608210756	0.2187655980411574	-0.7819158126743694	-0.32890294482128923	0.29074498848579766	-0.21461958554346885	1.5796105080617984	1.336083158533596	0.15048108112272837	0.14149384426430447	-0.6128565458695844	-0.3769651587750958	-1.6390308845321746	0.5921383143589969
DTXSID2020921	21.918844412639068	-6.204345069221475	-11.30257294811307	-2.141944806027979	0.772039941688468	2.0736641399144187	1.9391170683397858	-1.2162534258220872	-1.028286729677141	0.6028067459704579	2.49831665359822	-2.6434500838812562	0.21956176251491125	-0.7984261218807747	-0.4315546792716662	-2.3619005574643994	0.5094210605194619	2.6311405956818468	1.501512958838679	0.6274088880561982	-0.637598709484814	-1.639411356209291	-0.7498116309506839	-0.9278737282667212	-2.7164980691651834	-0.1820994042149357	-0.7053935167642291	1.2047325209716144	-2.5074383941122487	-1.1786993791224374	1.452542123122357	0.1279191522473749	0.11834758300845176	2.8550857882958134	2.6839401832832346	-0.42361647300247796	-0.048375881377440255	-1.8431583441179602	0.6720012814964569	1.8994647990759905	1.9006079837004424	0.6855553250617539	-1.4113060152958325	-1.7807719808969553	0.12953591155929856	-0.30274726802657476	0.02244597979394503	-2.1710952530400554	0.33010089301657786	0.09636757999669197	-0.10834618193676898	-0.9672619115357216	0.6488106874274059	0.5211265964351975	0.6728248018644698	-1.0671049181237549	-1.780904978753833	-0.18828334909518077	-0.2967163158131512	-0.11295999850712815	-0.3321386142527097	1.9742237609446522	1.0793094217241617	0.7040104354052827	-0.3556495433768537	-0.413265657404799	0.044508682456801	-1.9261324426468578	0.5750914099559317	-1.3615086304262078	-1.5770714409672788	0.6159367588713704	-0.029509530681798513	-0.9748082226444053	-0.10330535515516735	0.7759818248355795	0.915382806071344	0.37437937844599456	-0.9549579125427314	1.6658464093866694	-0.7786488580919922	0.0733802491194794	-0.5101994165845051	-0.8221074301713037	-0.2802124764746126	0.00012772041865954042	-1.4806585245111836	2.380198354116285	0.4736474452092665	0.8205114318205199	-0.3883044779193032	0.016941662084852836	-0.5646412898215653	0.854773786926068	-0.7818505890714185	-0.37827394473599535	0.7697065123478813	0.09915276251077876	-0.35175203889792506	-0.7902915743653742
DTXSID2021864	22.930650248897678	-5.56425127892879	-6.139610916032019	-3.271492635687486	1.0382606419676987	2.5337478190045664	-1.2560900171900817	7.049216874557243	-1.2910361534366428	2.0422756855927893	-0.8361429709894621	1.77502883234316	0.18296478954695067	-0.6313298681846023	-2.2848995470595277	0.8806929633481473	0.013694853293667783	-1.5670615420760068	-0.28244545478664523	0.8947841560063666	1.3487390576432354	0.7485827402961451	-0.58027592306448	0.23533328145553045	0.27029349613611037	-1.4700186604894576	1.2153944082727417	1.6467475814173502	0.07712358462814269	0.035583513894608364	-0.10580171362642328	-0.05385427184053982	-1.4139074542871057	-0.8139674653200358	-0.5615769086871145	-0.5987582319699672	-0.46583872975189367	-0.7424744432214002	-0.25250747939338614	-0.7916576818097335	0.25165697626689126	0.33752288012648074	0.3003033463159848	0.5127077482565584	0.7099471751608704	0.6248282794634872	-0.0965888184915592	0.9683324085415178	0.8824173288037881	-0.5793860832977596	0.5973202967445538	-0.545646148550662	-0.7929008182077076	0.02705099778864593	-0.25542998181802146	0.3898663339471961	0.7416697805318572	0.11903910774923677	-0.7673407883926192	0.12733779945513873	0.010696065036789111	-0.8279687218893619	0.43362577376320255	-0.253544103136544	-0.2678884718452041	0.46493158381402216	-1.902833711649679	0.15241574972118305	-0.926980230844391	-0.03214425457492456	-0.5857420728252627	0.3852062108909963	-0.40869916492781283	0.38588155004044566	1.1810407667032283	0.28109026963983613	0.8602913816815425	0.522326383715499	-0.07999349822120576	-0.13135387048810326	1.951564013588735	0.7817369464745911	0.14619009349373205	-1.4121259371665538	0.024744058167902167	-1.3020645892901623	0.629420377184836	0.33189072349780274	1.445492496075155	-0.284335491637623	0.38783130662797544	0.41478212452965263	-0.48892777495971845	-0.8028103723493586	0.539220084179546	1.2986598473929742	0.5735366474103502	-0.7779683824923991	-0.5924906239542534	-0.9587413499777189
DTXSID2022254	4.779022565739318	-0.10878464606974048	19.46933158486329	-9.27780578567707	-6.157769866052066	-0.29347104047006667	3.438214974956548	-3.4892632289538774	6.410185046441536	-1.5319078792053704	0.8407273516866237	0.8205302802641503	2.3049689309204853	-5.26747677570625	1.298485657094107	-1.4105416836936158	-0.7935348874441742	1.7912252318684034	-0.019004064297274685	-1.4685711811037094	-0.1235340419062396	0.15178692748515646	0.5673359357879346	-1.0917678133149575	0.06737763827412997	0.16703672336911024	1.7558109975629153	2.209891528503717	-0.15622146945840978	-0.5004267787249473	-2.1660707868682105	-0.42168790522357935	-0.5996347976081821	1.3746929908383194	1.0843980645174378	0.46479807752790087	-1.373667555865167	-0.5078183312516362	1.3266803969321317	-0.07079473205643416	-0.32484889215101004	0.015233655784655582	1.5004138061053942	-1.2107183290475851	0.08337863105430722	-0.6234836270544479	0.6986740451228685	0.8867301776158403	0.17797926737622144	-0.799230983115765	0.9611504730999748	-0.9837822610333291	0.9910285517410972	-1.0417314862071863	0.7229449540491707	0.5532281907844505	1.3826623927831265	-2.2960617240472616	1.3670037071613805	0.5245534235806435	0.676567007354566	0.6263701378681553	-1.5989762661305182	0.6152410333110059	0.9312117668878428	-0.5627010519993674	-1.1785030404650718	-0.30235565759263217	-0.31815684750007966	0.2896618465511348	1.0224698671574581	-1.2340851940047193	0.6004550652035895	-0.15249833197964957	-0.14605915933687852	-0.30237542035561954	1.2275643671194796	0.033953275346341266	0.9763627674330442	-0.06631103229138219	0.8388814377660526	-0.3893283701898023	-1.460030894030479	-1.4212132144826413	-0.17170053770642862	0.8188331490851515	-0.20972688830387842	-0.24142658198298858	0.9377660414772998	0.3014588144528697	-0.47818193204923615	1.1799383317447525	-0.6719139093857737	0.07707784477931225	-0.5668828456775675	-0.6485756538668975	1.441429722755724	-0.9632262177516488	-0.14553328743937885	-0.06600187029043698
DTXSID2022880	-13.155909864914438	-29.2673728625207	1.058318346853678	4.326733362442356	-0.5325389249590469	0.9729409921688884	0.3993915938513989	-2.891703508130382	0.4286343328634864	1.678556557460011	-2.2183404759938092	-3.6883027882449966	-0.8863134335654017	-1.159688642765249	0.4187506053678963	2.0671666574195267	0.20912775440511308	0.7329507712955144	-0.4582162958000464	-0.8730674148938242	-0.12605781245659928	-0.8155057816094944	-0.2439314954330786	-1.1193174798244891	1.8509323266030269	0.0566496055919444	-0.07486450316297365	0.688443323499147	-0.18397655682017414	0.473358500692908	0.8657988435614042	0.12631981397304282	0.04193833342388007	-1.4965472266851325	0.22518428729494497	-0.44266850208651737	-0.4494774066139448	1.5239860237903495	-0.1294645256255687	0.5901573530460447	-0.7319757096208572	-0.29106917410677224	0.3077985110413014	-0.8255010799482276	0.7707132784724888	0.007355181171316513	-0.5837611951402003	-0.8323881267512053	-0.7973677830943879	-0.5856273114353907	0.5614660320724915	-0.5208649778478229	-0.4257685118168465	-0.6667689394425869	0.38638896666633205	-0.9647250680281814	-0.21222976976473476	1.0652488660515946	0.10241552490925214	0.7986769857053406	-0.27235524077933376	0.025503466259815557	1.2778373928282718	0.8628726517828359	0.1486667496643553	-1.0260209473461057	-1.1474603191513584	0.8515146481639719	0.14760145158541954	0.08982052729517129	-0.018572401550777592	-0.05656018297668132	0.796599352707271	0.23484068701473926	0.6076444169966074	0.4444877753569085	-1.6429042544845442	-0.9735901628293009	1.5424440836797564	0.6792394280347631	0.023524706326893744	-1.04090253815938	0.6189729378987682	-0.48950169855461295	0.04167729817812909	0.676280052912383	0.5790810408614834	0.6620721412806284	-0.9943567066676767	0.771649420418058	-0.696502446882773	-0.10700147432961009	0.030656056035355584	0.4425197276112663	0.1354386773524037	0.6670238898255229	-0.12116446911922395	0.25444759303069664	-0.6860017473782312	1.0805147366102466
DTXSID2024086	-2.5243367395985086	5.236516675206596	18.133034628400146	-7.464406300634076	-6.066503777443278	3.5459980770603527	3.70290379097121	-5.6343299953423855	6.7878931627526535	4.509511029659654	5.3637390527389	0.8374945877518021	3.9829951476310073	-3.398870717321217	-2.2096684791072714	2.578883201971524	-1.251259778470538	4.120363940763168	0.42568509939529786	-1.14343990306855	1.3379592724640852	-0.7180161356245303	0.18890443858588427	0.06612928875171944	1.970409236149892	0.42875154570945734	2.1890910915873842	1.9964777448325852	-0.5914579324042618	-0.8551051078474508	-0.08900816066338417	0.9009371460173318	-0.7006099352037672	0.23644406105323137	1.5598981344113712	0.40268411418648736	-0.6494224145323922	-1.4300350413236698	1.3440865551895305	-0.536047122503498	-0.11866543011466424	-0.020023313069364827	-0.6453564011478838	-0.12661573067439	-0.9205797459814256	0.3427616839019035	0.31503080116224363	0.37984353294632006	0.7603189876225712	1.6141387643042302	-0.45864773092287997	0.31632131995752816	0.4287210253763951	-1.2729627246407944	-1.078294644374721	-1.4743827763540978	-1.4035193305206373	0.04040805408510785	0.09656444831377624	-0.44754561622801786	-1.6440362281911842	-0.18516835283499525	-2.2866309430523115	0.06341250251185435	0.3826571800714126	2.2610268345861617	-0.03234706440263369	-0.5440637024971785	-0.05143432859662345	-1.0385831607628526	-0.13081937904537969	0.513369381082347	-0.25055184602862995	-0.5523338570536981	-0.48491043575424486	0.29067763425355403	-0.30444089908281674	0.6514256665865384	0.8417649997995955	-1.551702703481565	0.23903974557795565	0.5278581382880129	0.29641725596782975	1.672184328815898	-1.396884916136434	-0.029042895267129155	-0.2708118699413772	1.1269995823617927	0.31305271318504435	-1.5083554329656905	-0.5361335033427452	-0.4057361639793675	0.030010240966518765	-2.2693914911140474	-0.34323678933415136	1.3392742861879965	0.4918115474622783	0.7797049054561014	-0.9023455245464698	0.7647565547165716
DTXSID2024793	17.31814500780637	5.114446201837291	3.5400667693794485	1.2719230013760476	-2.582171212590697	4.9700926643923715	2.7509632549342387	-0.8298412980999156	-2.896283199621818	4.959669475785917	-4.372814664985085	6.06002453360332	2.902818909792212	6.018547895543938	1.8818991031666894	3.1753739911415884	-1.12378463721262	-2.3024983005276116	-1.540920328774245	0.12171880694009055	0.14904987275717627	-0.14681660610184824	0.8406888266453387	-0.12377462932071737	2.273709698502726	-0.5278487805937305	-0.9041854308212838	1.4229878942714445	-0.029160183482886542	1.3225011092352126	-2.53558698730469	-0.4798942332380782	0.529126494499487	1.1603428750212252	-1.3370982277919141	-0.7587361258073296	0.466205161236867	1.134965038339871	0.7376791237162651	0.2646489686287646	-0.39562883255073744	1.1939718922600238	0.6830192581354383	0.899104621608376	0.16838605081581168	-1.468820164804371	-1.8280889617747138	-1.0388232139014213	-0.6909557325961936	-0.046930091431008264	1.083618140321919	-0.2809739967475211	-1.7846241967602259	-0.4098190125491008	-0.7703766119929739	-0.05132660454298302	0.20422712458522982	-1.4865573687953375	0.24632116943922444	0.398016507486365	1.215576480994882	-0.04772584640287615	0.5687556549860975	-1.134914126056902	-0.29311814237351647	0.5019955540539314	-0.7790892262698503	0.39096298620129133	1.352673425288877	-0.013354923658766728	0.3735214045878172	0.2836123775150415	-0.027490255913369344	0.592707253440308	-0.7514814494369171	0.06749767326523534	0.21444206559265605	-0.06830300417516877	0.04151343093647269	-2.4376020400073166	-0.5720872616330288	0.991746813054291	-0.12839132792901195	0.6745535181196857	0.5576291036696532	0.4922126160597708	-0.3169783184449341	0.803416397762695	-0.9197868692484833	1.651503226988241	-0.15350073410189724	0.19554425400348846	-0.580264469271991	1.2691495411175495	0.03326925965016952	-0.2778974069540932	0.6839054373668104	0.7987803696560632	-0.9778231994149975	-0.663985860528368
DTXSID2027333	6.715060955619686	-6.029203419579389	18.3258288789673	-9.368333542036298	-10.146880876437105	-2.4816890595325622	2.0897895797658035	-2.734879317922875	3.2663063497341724	-0.05299958323373308	-0.5018559308288052	0.24304912315567948	-1.6383535292555758	-1.97426057658436	-0.7266698723489721	-1.7644983686516558	1.1740620541941282	3.8080493262678807	-0.37386183997921874	-0.131096788550274	0.3207126151217555	1.4145164645351038	0.016643391531599286	-0.45611379084295894	-1.261502546383354	1.6385233806283612	1.1030729179689254	-0.2521273308062759	-1.1836302886977716	-1.4659422736994894	-0.43939726339349555	-0.6872504760373703	1.7440257529633656	0.6375465524673545	-0.2674264795077351	0.9317014694058834	1.2777011138026995	0.8771492884671074	0.9743424073706212	-1.2192598922486144	-1.8338258504236253	1.457662175631574	0.7322549933911472	-0.14173871548865033	0.8816323248009754	0.044918846779429984	1.1881670938234536	1.057143596744801	0.018139974231215134	-0.39667528139443414	-0.8299461540638225	0.8746403282547085	1.5079550278849978	-0.28451180982515967	0.7477622987094477	2.053332111775501	1.6498070222217758	-0.5432526600886693	-0.2596505163415024	0.09791638695886472	0.8590225080479291	1.422087073741067	1.598901906068712	-0.45750248980909713	0.3850159453003479	-0.7163737539533813	-1.135816510576369	-0.04666005047194802	-0.45236532765686	-0.11035049447791705	-0.4583010342555616	0.4554734374214296	0.6847125601063352	-1.0158134100978466	0.7593593510829441	0.2251362328760839	0.06607006406422662	0.5832359045135049	-0.2648955548948732	0.6048353444187178	-0.3424922316623077	0.6558691900004097	0.2379484805182717	-0.20777333327407368	0.20570075910896518	0.6918138339572155	-0.3299020086572325	-0.6449845381656647	1.4483805109096521	-0.16860785027990535	-0.2715735739772969	-0.11831207060886444	0.7053517328055972	0.11329817576423142	-0.40549603837276565	0.7341565852577985	-0.1329383711628095	0.5825676769938531	0.9292865415549654	-0.5469531842018607
DTXSID2032500	-6.276426013021519	16.647850038442627	3.00319161470851	0.6556116472468991	0.9082358177527644	2.3555752074626715	3.2979856847801123	0.38350778524703505	-4.447122483544248	-1.6030186927281782	-5.190522735207913	-5.479383880483722	-1.245668543698296	-2.662954664738564	-5.144097363794522	-0.31435124783206836	0.30404639395441546	-1.5367405896381672	-1.9912981577534226	-0.5843368599336999	0.0473196069418493	1.188172418540642	2.551560850353494	-0.8506511142513831	-2.877774813135228	2.193207333047814	0.7142478515318302	-2.6018375049527527	0.6216064016176888	-0.11940717058141964	-0.8722078179573047	0.6784821684033221	1.4916490284741708	-0.7691263482137561	-0.02002923464306197	-0.35988039365448776	-2.505082853269789	1.1482289778688393	0.39802896273937083	0.09344598516134717	-0.44469265785980866	-0.6593615562557907	1.9177997451834503	-0.852029242517292	-1.2216428002619122	-1.1478667383981838	-2.6754822432300363	-1.8353930057502787	-2.75409872320873	-0.4243633165952998	-0.41544581477615067	-0.9386945063159305	1.034568513567001	0.6193886808935043	-0.20584141948857196	-1.6766609007093898	-1.9792300646581626	-0.06854672758317247	-0.6301384779548761	-1.141263226552405	-1.1804548870641756	-0.11358697653857613	0.7891535143004427	-0.2107476833030463	-0.4401923570440615	0.8245689812451964	-0.42589239013511887	-0.2129082712201617	0.5419255043089792	0.9834438202459195	-1.3114888844707622	0.5591682389473993	0.7642688269192192	-0.7499105019426283	-0.02221378081426119	-0.6743721615728264	-0.20810669922202069	1.3825203702305113	-0.22661779297669818	-0.27055081367978007	-0.27324454399081677	1.9809153275193454	-0.22269304512015084	0.029081337411949043	0.4326840065296593	0.26728730612468254	0.4366885315569379	-0.7511501393128522	1.6383526721906179	-1.1018798761507083	-0.14127619127915522	-0.4210633979543824	1.2066366881600321	-1.2528812974089567	0.14891786583727776	1.1810181887574305	-0.4589909025294133	-0.036735880261621	-1.4601761515484255	0.14571330884366587
DTXSID2032554	-21.19755287285296	4.952795218916056	0.8434966784106473	-3.2379920526011943	-1.2234377199994708	3.6089117562797384	-0.858902444689418	2.348488833972043	-5.150137755404464	3.9277977188776756	3.776427681437119	1.3010466484945615	0.678338823245826	0.802115774121296	0.6631559619933246	-0.8190593130337886	-0.630308646569656	1.8216900589960443	2.1633403728060725	-2.0694243329912507	0.2736023077618006	-1.1948579113485285	-0.23521249373362116	-1.9518782707318172	-1.1958964644275347	1.6606671456030642	-1.50253478477129	-1.0780635913811154	0.39778312931238213	2.4315731357106998	0.8939045810293799	-0.9658990702608851	1.6264189287269901	-0.4021626431870856	-1.3693873925892377	-0.9370661678444456	1.659878459713228	0.5642867222199177	-1.7781116192132864	-0.4650294703719956	0.9953818201898178	-0.6878906207947671	0.08091758750974819	-0.26252381987097856	-0.08747561624249188	0.4667562864627245	0.07239400056179404	0.4295707488724216	-0.3377212239224288	-1.8550325546218214	-1.0391655392608032	0.4931984676459086	-1.22079030999596	-0.2510213212893573	-1.4279869411038013	-2.1485515793582226	-0.6233683752106193	1.7915763569628829	0.062111647199515216	-1.9389739299251305	-2.1964872192394282	0.970810819845468	-0.06708527592431295	0.24357100062896916	-0.012459028142288475	-0.3290933249459653	0.09288938914229432	0.04873340344145771	-0.37728607150052373	-0.8566850874693199	0.44754927170433706	-0.25318761518731764	-1.7944088492100243	-1.989293502303812	0.3670907127030806	-1.026046688788861	0.404499182960687	0.6567386102374112	-0.02903542458362986	0.34164434575393693	-1.9051450006083088	-0.11053242766979963	-1.211040761597694	0.37594413994839926	-0.7237605604365045	0.36050886986754693	0.23044112984370302	1.0357366653387836	0.4670083875653224	-0.9340876915001035	-0.1636755094785512	0.6003841627822715	-0.9523166560691274	0.5245776826108869	1.1422524387927986	-0.658122533385164	-0.3514797765122526	0.1885296924357599	-0.05822027987612244	0.4531619563815741
DTXSID2032558	-7.588136197820646	10.79058134680053	6.408842362356122	-1.5928568823943037	-6.029671618946535	-3.9814943581672892	0.7347150621749029	-3.110395892966487	-4.286602648640035	2.682154962098606	1.2505492462428274	0.23089630558404092	1.6239552545196678	2.177508192870194	-3.0770200105016934	0.7999695133482513	-0.2334224458755195	-1.6852642790130379	-0.9730621638323277	3.118040767535906	-5.786080780944751	-1.772564435831992	-0.9425050201868206	1.342889822852846	-2.6566156056340464	2.407283605434336	-2.9609035325363204	0.6767936523164864	1.2358974872412036	-0.9320378119991449	1.7268372770528746	-0.052048087891640955	0.003483233455386463	-2.632686990914092	-0.6922534176921911	2.5105184867695547	1.811340331163465	1.217572142617616	2.489394306517697	-1.0334127630436352	1.7585930435720813	1.5221804491970152	-0.22916447929186728	2.505693697269767	1.2605064374868347	1.1601473706108352	0.764339588699892	0.12516132867064386	-1.432848309571783	1.132294835283287	-0.3858079793222969	-0.3390656217538146	-1.5250482819885067	-0.626528653088995	0.785163944766316	0.6097466797903177	-1.1534333581732512	-1.1382213978397797	-1.0234848792308984	2.0676191183904313	1.3210883930736337	0.39612737920423324	-0.12197492273607845	-0.6285810860142311	0.49859913480891366	0.27600856774909555	-0.5506296839961357	-1.292861080190391	0.18558888554590458	-0.7158114405975803	-0.8008282106262551	1.3870593404416556	-0.06922744230977057	1.8625682622553137	1.2227008229783278	-0.548802936025633	0.7121215044211778	0.39792360915416936	-1.295812967756072	-0.018730759587569507	-0.6889494804959135	-0.45094193517669384	0.9571035159623287	0.43345834085925294	0.8540308223810786	-1.6145639393155897	-0.2251016674576422	0.5699252976143974	-1.472440811333498	-1.0679730257772266	1.263237652186639	2.8222100436297506	-0.8448433684243589	-0.5086729981394842	-0.8607565331754137	-1.0998529663167131	-0.9788579917560595	-0.30618306051203903	1.0932283198344401	0.4361719731235961
DTXSID2034598	-11.062470149387307	13.628409740793778	2.607254312634812	-1.006521693252264	-0.7986159673529156	-1.9327324686637715	0.6658622299717157	-1.6386297675800299	-6.161413508064175	-0.726487206811981	-3.5843672745609254	0.9993971381241676	3.8555029073068106	0.7459414797406013	-2.706902403285263	0.6941989958475007	0.740463382513463	2.051475364049038	1.5335652362363907	1.0623769055462569	-1.8708046458733945	-3.3345387418795203	-3.45780432086869	-2.529379200059225	-0.5977893214210821	-0.8004946900005792	2.6581430572035742	-2.21342444603612	-1.4459707332224299	0.2915738572641593	1.4721717323019674	-0.7889565546958205	-1.3478934068497792	1.0967310929149292	-1.033473061082532	1.323297472353559	-0.4563718927799159	1.1742981027080321	-0.7224816690348724	0.9239977968139587	-0.4106259974275167	2.679279306798011	-2.4578456415835603	-1.3928859222655345	0.8390390104576958	1.7551653318068798	-0.15711349288911666	1.5912474347020331	-0.5040387139443663	0.6860739973773557	0.05723764682355283	0.01691017743224155	-0.2289020486892369	-0.8439750750508892	-0.4064710186731793	-0.5001829105867842	0.2957463577853838	1.614744269660383	-0.44655727685795465	-0.5641472246358539	1.2678847122919594	-0.7027253914229092	0.11548195811431723	-1.6883484995618003	-1.2388474071463431	-1.8518279051319297	-0.8616066613997342	-0.7247403364430873	-1.1330438550208453	0.13539639406593654	-0.6381255406542146	-0.3047719691086852	-0.1367448225110232	-1.5441202165308694	-1.736290644217724	0.4809445647668808	0.28235221422298534	-0.6405359285791027	-0.3799791345121278	-0.004120070620753148	-0.3862172454741309	0.2864353440170702	0.678043229371859	-0.8427071539419366	-0.39781765656254076	-0.6766994581183644	0.16685545798302848	-0.5890772918896099	0.7312298083667575	0.4161402785917045	-0.5066864211880152	0.5859862152284269	0.6963738584673883	0.9441873782891846	-1.4358642084801523	0.451001286866545	-1.6987196215688927	0.47444397388638443	0.7686670509988991	-0.32902085751425925
DTXSID2036588	6.559594249023693	0.4628795149638375	3.753715503576237	-9.177321194299378	-13.90112262049336	-5.88150310382289	1.943490218557296	-4.372608383790453	1.0501304410814685	2.9628865083073332	2.889970144010089	-1.5352397980359715	-2.501661049820605	5.275364068961096	-0.6459249230910301	1.6436005693546674	8.585085068945569	-3.687379622750844	4.5312243609507235	-1.3020877688702255	1.0644436582213854	-0.6803893011576022	-0.1922723789306446	3.635407520366357	-1.186157519871209	-1.7728626419591147	1.1604019626021853	0.30844346736974515	2.614545113537112	0.1317715404769062	-1.5349678396513347	1.1281727851234522	2.7729230849544795	-0.33415337037523424	3.4134832019083694	-2.015035871863321	0.6978199993076052	-0.42196105461394473	-0.20925326347801987	1.2374462623228277	1.1563357637378184	-1.3199306331537535	0.27787037670986536	0.25663057794221594	0.3632348848931004	1.365263694688709	4.478036897452624	2.1480811952618266	-0.4358177935317597	1.0143854191735413	0.14469506090965467	0.6348518074302035	-1.1945024717996073	-0.8487379905514656	-1.1219080488107809	-2.677541552180223	1.0791587878735331	-1.3264206847234337	0.8864568905794039	0.5078090469318659	-0.597863631683857	2.0664081183226455	-0.8315005329475288	0.004035234240109443	-0.4608022037998297	0.7189646075610802	-2.5451963970157614	0.9044830698254983	-0.5700976670657784	1.060261885021981	-2.999730005729578	-0.34656966821239477	-0.6170042179710117	-0.08392492615687144	-0.01571233616402	-0.6201085191798734	1.623040051526322	-0.14020598681791965	-0.2867822047567744	-0.5122529780434211	-0.05465666157810211	-0.3591809049726807	1.001775384986551	-0.8904543182925094	-1.443244883671628	0.7848374520970381	0.27808424822042854	0.25798749108245245	-0.7946016767821262	-1.3484165625399331	1.7697084462582802	-1.8115341410002606	-0.3355551600819616	-1.433564121764502	0.949312074362788	-0.7979581478741687	-0.2132369495892612	-0.011621132622461545	-1.0742679594656246	1.5706580661717173
DTXSID2041252	4.097847671392669	5.7413582547434014	-5.895745083853679	9.973206592520036	2.100552469819128	0.9123247823048707	-8.448555144677371	-5.654246784597803	-1.4613105467842817	-1.188308433293083	7.2655630816161185	1.2462145312011979	-6.400350762629784	-6.281864128995749	1.9840308975820726	-2.104389481946993	5.148719866291572	-0.30898028769787583	-1.3458899645050182	3.5088008881994432	2.1507468230317306	-2.9086203499853416	2.505765873086217	-1.2359789582558092	-1.3751850900563516	-0.7663810164272145	-2.356066368796389	4.029933461358286	-0.3200674552657873	0.45205522842425355	0.6601489735937537	0.5512538386072702	0.3247877664163068	3.4647389308147387	-0.6309969586126061	-2.058417532156832	-0.5115283746805372	0.15177039038290982	-1.4278487531038544	0.3853043921055397	2.0787970601594594	0.35749714871094634	1.3693743225470025	-1.2067359830448745	-0.8018514558358044	1.1187359502611813	-1.525928168529262	-0.0950500100747223	-0.5275442637042662	1.1042074904387489	2.6418773804044005	1.9394468104087637	-1.0288663787525092	-1.9339345055911525	0.3728251480233673	3.062448811261117	2.2181379059158925	-1.7988855016696308	-2.0689381459745837	-1.1406413957380779	0.008208281132194968	-2.378459088296888	0.13936044611895798	0.4649794850146249	-2.0931922529105114	1.2009107531569414	-1.4092410909174782	1.813978535198519	-1.2837244536597947	0.29031663345278547	-0.030460532287298378	-0.6561318785716643	0.855508405360302	1.7391224357912733	-0.8781087067466112	1.0700530015940002	1.0393552729949953	0.784369467268062	-0.27975383074169036	-0.00433079542002729	0.5234242673160664	0.5055232899516855	-1.9625725546439592	-0.868566713883811	0.9989961315009702	0.44673924207292626	-0.420140715884067	-1.0178572083284396	-0.4581936918594001	0.14425020854840834	-0.8668080974219216	0.48689720174259554	0.1735508080812644	-0.13238219555396036	-1.0993643611750614	-0.27556203947092234	1.3947374603973082	-1.3746927002942155	1.0735805518131332	0.681601780693894
DTXSID2041389	21.085902999463137	-3.961032301907583	1.103084641013779	-4.884222284283555	-2.810420333238455	4.565444345172444	-3.2763651107570917	3.7267019719235117	-2.1424849765533067	-4.279211649872465	-0.14165740536631127	-0.0222199873244813	-1.6618761648173446	-2.053408881781112	-0.6537230573959264	2.0340761423278044	0.2891926812931225	-3.775920549328104	0.35756889662906155	1.0072437405580519	-1.7281863515525357	0.6023891169207111	-0.11585397478948832	0.29696788163978166	0.8782143101760918	0.405473035718497	-1.5315345221235537	-0.7775516515812773	-1.327666139317381	0.8136064847605131	0.2018500832469753	-1.3215618318432687	-1.8920647969702031	-2.202757464575681	0.2065046450081149	-2.4252938183344646	-0.7154345253160092	-1.0146194332636351	-1.0192200067809993	-0.6520725120326617	-0.5840413499959756	0.8911668793895662	1.1870873858615125	-0.5835555626671557	-2.2801527700606408	1.1684017923219063	-1.2203713587730394	2.0125690963251137	0.013407424153921184	0.4866253341170232	-2.661079315761198	1.0959369399349217	0.1696645531396157	-0.3603301043920333	-0.685167903017484	-0.5593663353023928	1.2767367457324241	1.984103540786496	-0.19048182926744908	-0.4443868459478848	0.2287114719098805	-1.2230283711171204	-0.5700450562776367	0.5455228387152243	-1.0492858794573932	-0.2026580800571855	-1.5337183286466056	0.7692760186584146	-1.2602500155143022	0.5836773006278836	-0.5708316664314563	-0.6703469030019722	0.8682309349174958	-0.4965103336119484	-0.05375642186349798	-0.2654661002223149	-0.049156202655769185	0.41140729371854284	-0.7771047225503992	-0.13545605664139632	-0.3912064222428599	0.3773520333349274	-0.5693695751481468	0.8008966664734888	-0.3913051714848059	-0.11924867273759801	-0.2729569573360199	0.22073493459057805	-0.46733614577309457	-0.5328581264943019	1.3767360535453883	0.28131289194997405	0.3623352123267241	-0.33225183789888835	0.3529541304506695	0.9730999071300174	-0.30043890589676214	0.5941417046486415	1.8779534371061408	-0.08738502929957677
DTXSID2047270	-18.87235911412613	3.907345199214225	-9.785176733988585	-5.287705536691923	-0.3762540346566304	3.899627474425939	-2.656064008267347	0.8531791562648047	4.25771097024478	-1.3195958069957943	2.7233715500398294	-0.8429403508457667	-2.0115301200840605	2.7596232006508217	2.3001628445722897	0.16966754952132876	-1.515552267414344	-0.6458653063593871	-3.4150776620764622	0.35430231261336503	2.3889436302071587	3.1065140958050397	-3.0386368750142974	1.633385817430506	1.8965966043584286	-1.6837469696643714	-1.8798411710146112	2.792776113726133	-1.7907645088344604	-0.7162946663031822	-1.8125489437353552	-1.7124200411120023	0.6153597338891517	-1.2106768377099928	2.1204906553121465	2.345537664138252	2.3641945460488243	0.46014530936061226	0.05417571842072378	-0.642662020119645	-1.0212503493031075	-0.7128070575336292	0.8931017343436094	-0.6133329277042048	-0.8909981774434935	-0.49400670563226445	1.0193364425348939	-0.42754620350050143	0.03726960382802805	2.7374834783445516	1.4343723565295634	0.1714833093809316	-0.17129448885203788	2.6080034017309526	-1.0753786710855686	0.31859879135527597	0.37941117194129914	1.261207085795122	0.5577438092726105	-0.13550003624524734	0.5234543350260988	-1.9197382965257876	-0.12197259153704783	1.9518998904792886	-0.05113580971505117	0.23844084464711524	-1.0939403433239634	1.5622407506164122	0.05885856308587365	-0.6897250022771679	-0.902766075586654	-0.259287408459258	-1.562394017100097	1.2197032705264816	-0.5802077251208092	-0.4932166004612963	-0.020590600295545648	0.8015725166310391	0.5863885743304404	-0.13298181462127395	-1.2257117152728254	-1.2926899340232212	-0.025074368253473176	0.19068972773201123	-0.19537466213588572	-1.1666867922258968	-0.0010233980721081753	-2.170316465907295	0.8197482551207178	0.22044049278601127	1.0580146653472218	1.8995395558839505	0.4134634384962574	0.45216003995389675	0.6282790544544063	0.4670717391602651	-1.1815144628153442	0.499641966871639	-2.012133548924107	0.6463679413636276
DTXSID2047301	-21.181416417201817	5.125717273122133	-3.1079920943230577	-7.7115382387659475	6.57973016388773	3.970871948896752	-0.7729430718046186	2.253112379686329	0.9564861932578079	-2.7306589222699156	3.4341642216840875	-1.0718105718754805	-0.8565339602684833	-1.371441226983522	0.5813998746918941	1.346102838568133	0.966711447661968	0.6615666935622717	0.19590745917602703	-4.315386541440028	-2.1852989082411587	1.9980236179780073	1.2368914519164134	1.4146260491484253	0.37388575220214876	0.8569695435378023	-0.1380968382431466	-0.014670973573617914	-0.36962315066540635	2.8661691468155404	1.0244794183523065	-1.3531836665584522	0.6515499611223484	-0.2292436568207372	0.11666581522918987	0.8480356016791913	0.7971235708514711	0.5843733963990438	2.0301745670299196	0.5708256366067513	-0.9308160312057415	0.8099982665996135	-1.1800591062288572	0.6315019282080008	0.3340363260827286	0.5934805261678416	0.5983354099780284	0.6555221074757506	0.7754814764847167	-0.27850499267705825	0.2425103872335378	-0.9045511920479125	1.1947364753090162	1.1100434345038623	0.7215181786521186	-0.26610842819351854	-0.8549192439161053	-0.6929242177888164	0.33345111867311733	0.4533657923484263	-1.6462866091094195	1.10211963196912	0.6831789703369168	0.21559188811854604	-0.07212654142547982	2.343306834720779	-1.1425170977597303	1.2035108542138624	1.302144798846302	-0.20349737525015701	0.10156820571463532	-2.381645758704973	-0.3871730783631267	1.0336206804125774	-0.3866829588193489	0.1355202042631194	0.0006484156402071336	-0.05214654234617391	-0.3517206110109417	-0.046513818312100275	-0.4879704583050179	-0.3405327514951677	1.0084682283300923	0.4584798740105235	0.3793574145223004	-2.0026552358100282	-0.1804082848473419	0.204765731144119	1.326966362623132	1.1680458204300217	-0.5214146329385283	1.6174157003421838	-0.2971356020241345	-0.37184855723790805	-1.1485338352818388	-0.5720148376942559	0.020894994212986028	-0.40367716399454245	0.2166627411249019	0.12654813910776927
DTXSID2047303	-18.898612345508447	2.7849956480084916	-5.161198935178138	-4.903651196766363	-0.5285109024547023	-1.4304724755312677	-0.14508740545735324	-2.2054476599861355	-2.2937640485705213	-4.330137120054767	-4.483954358234999	3.1704166273211563	-0.713007247957415	-0.4623396875201062	-2.8421062910796797	0.15799137769886232	0.9761676985677672	-1.699106953459953	1.0447668785952389	4.5990801528866445	-0.8423490886790801	-3.6164071047493067	-2.7791966192782267	0.8507703687903997	1.44812551127384	-0.10954771974512527	2.8693779805098596	2.9558605488964695	-1.610510834500226	-0.7192583070431168	-0.9988937585641373	0.9245117486749272	1.9918261745316577	2.5287773810292116	1.5905508509921555	-0.958500108561929	0.4782709709370588	1.4809994140702356	0.23262810303972747	1.397765379044586	0.15787480004771845	-0.6314652004860768	-1.1403569493407772	1.5802292504288133	-0.4704235253179152	0.8119992378778396	1.3025935566909361	-0.621681632622403	1.690755108029326	-1.0017240660267899	-0.2223018111496938	-2.1012684082154127	-0.5614806625675137	-0.4167898121993826	0.4098832785881451	1.1933010237291541	2.3103565270626087	-1.1412598144582546	-0.6463938010631991	0.25784057420231105	-0.6512748738550066	-1.312494587789255	-1.633403921192503	-1.3794251508461859	-2.035293362653346	0.2722542898912412	0.5576691551962867	0.5561617282416609	0.3409986670045866	1.1332440579346408	0.07839480986956822	-1.0980455433265097	-0.7222649665498866	-0.44743054610876465	0.7969243726405687	-0.054134898842932794	0.15158881956309428	-0.0990895456414497	0.9408919684606408	0.026434241359998556	0.11118216895575536	-0.23129963763475275	-1.3152508239335203	-0.2948136149411779	-0.3240877232426181	-0.8065471119963487	-0.7126204948359022	0.5440722847403396	0.4222028215146408	0.14501875105425788	0.4534946620452545	-1.0448240939717655	-0.9483643797273336	-0.8100658950704217	-0.7725670195555275	-0.7519779331047104	0.26440853337486625	0.35514637517662245	-0.04994850701936705	-1.0334258270692178
DTXSID2047278	-17.042794990831837	9.102104699255133	-9.204776297759302	-9.130423348622697	1.3490331158031776	-1.0140248471156061	1.1196506065586573	2.4431872071306673	1.476893964393956	-4.03120541281338	0.15628137314829404	-2.7545079266708874	0.5528986025307817	-3.170249156005702	3.12753333168678	3.7383215040240803	-1.3673328937520852	-1.016018319451207	-0.45821619827688503	-0.8385827272547935	1.2382462526427978	0.9128787822624838	0.5288608190621343	0.29329790082864476	0.7785210717099497	-1.5958326821211581	0.276776756819086	-0.8336601458919625	-1.3617195496852392	0.845185772654337	2.184860686783998	-1.9428256630895848	0.637660871060144	0.11729766104063251	0.10464468517375941	0.19107805452310603	-0.7285450208487976	-0.44353340005924147	0.2162472632295373	0.9764675977718452	2.2022511829127205	0.4482205574356935	0.09058320407810595	-0.21306011803982236	1.9507425863278887	-2.3301313295779225	0.5055600892268522	-0.8820285305345034	0.4673683388769186	-0.9857594482711425	-0.08458778717223325	1.2400336880966154	1.1133603949347504	-0.968219671469948	0.4285997978912383	-1.0004043561158542	-0.6289089834678339	-1.5285027414141277	0.4734855517601632	1.6843540443029124	-0.02516438895826128	0.23257234763829274	0.5741666300727606	-1.5304859259255057	-1.3389322070646044	-0.0030818330103804486	-0.37082581275137355	2.0225185955705163	-0.13936077204392416	0.14651016286279042	0.123867936544847	1.5063057924632974	0.6397890687212648	-0.44959550392026265	0.2452589026012823	0.012060708323566014	-0.29240274592228427	1.0664140837818097	-1.4070754857691576	-0.07583776012614013	0.25766273527911676	1.6026546464168876	-0.9978871438156304	-1.2844237036157689	0.7934636746137824	-0.09545571707098659	1.9218720370381668	1.2951004960460768	-0.5015105877476236	-0.9923802470366053	-0.7434462329688275	0.21134200166378828	0.012203315969984961	0.5180013267580191	0.47331410158796516	0.2769749099699536	-1.8083453418976123	-2.1406421116505774	1.6759584169509112	-0.5942540322415364
DTXSID2047355	-22.340420724720857	2.5386396167426692	-3.989618559324008	-7.7133719077088765	2.826226767199889	5.019098498307589	-2.1576907442336006	1.751299348363105	-0.02326510618433081	-0.15368063032470483	4.408010666230079	0.527438956521689	-1.8293979902838655	0.7447313014988584	1.2669595506614053	1.011929093264917	-0.3611777104305053	0.07937830502387132	-0.08856428658620356	-2.8738616519303686	1.17209624460269	1.2705695316053387	-0.10144505193640495	0.7448326204508801	-1.2577045405370728	-1.71129661240909	-1.8655090160582846	1.6115410822780913	-1.587653614157219	1.6127230654741065	1.1691104360110083	1.2210877220481384	0.7860069804111256	-0.9273792555439458	-1.3420218601393439	1.2915996084177719	1.2959653240549311	1.9103902851957273	-0.5645092595206005	3.106295907436948	-0.8253196702322467	-0.7401119366082105	0.29139749592074754	-1.5499102171947161	2.323470206572755	0.5360750689512608	-0.7015758243856204	-1.0040922282109301	-1.1006062810064428	-1.31902081291346	-0.6271542874976082	0.5275304839644671	0.7644254005936759	0.20888620733036364	-0.446472039134421	0.11351921377711782	0.7904539567334729	2.6117140499929166	-0.0011237418656582896	1.9058708967625437	0.8220366855887975	0.2629910682315466	0.07576160299874608	-1.7913130931365515	-0.7589976900069815	-0.27552673204125927	1.608385187967777	0.5951049763104516	1.077737806811484	-0.36666636788432533	0.5393445221511577	1.0311310766903996	0.39660305255276235	-0.036672526410717034	-0.3092209732852334	-0.6935344748591571	-0.04910345628097233	-0.2338977290304684	0.1323540201131895	0.6141407815367527	0.9030109958041004	1.0832357973717857	-0.3383084020189138	-0.30642723649596826	0.29363481721467377	0.13842842110956793	0.479805670621416	-0.20988708635483527	-1.21390388446651	1.14671147378591	-0.10925338158944659	0.15975102332050353	-1.462739872156002	-1.5295537710598348	-0.37221297874094883	-0.12664703018909862	-1.3209368840501101	0.6327388932637195	0.344513034181939	-0.5358794083827836
DTXSID2047727	15.597438882795831	-1.9978132550105219	1.5109369591588957	-5.077503144769082	-9.836295519718327	-4.875238520660053	-5.038706112259287	2.2893086603828343	-0.1536329660100857	5.340045446609689	-0.9815656398326835	0.47894949548057647	0.23817794572449089	4.012718148586239	-1.8681443878510677	-0.295254388509032	1.9771133185741163	-0.26006343409515226	-3.645508296258957	0.14434989568109713	5.060744102154691	1.9313812560534456	1.8428804171320472	0.036386018069278526	2.1924994608238504	1.187851097509407	-0.5600604439257417	1.1130927916284712	1.4961457905380748	1.1182554811829029	-2.455854839281103	-0.2735431466351137	-2.5052487439468263	-1.0073142193896445	-0.08232008549422004	-0.6791505353555449	-1.6353620617285105	-2.6012048252695257	0.29887564244377607	0.17609974275401108	-0.6498502229216793	-0.032183582294513395	-1.653058245341489	-0.2586889176087418	0.5098005842885124	0.839604751811676	-0.43966880311281475	-0.8663608679080234	-1.0974180552597197	0.17403111088637624	0.1965832452313466	-1.0917436004882055	1.6495761892273477	-1.2207742263838326	0.6819810187458993	1.364558444945067	-0.3978494745883888	-0.2998923878101599	0.8474189149588955	0.27396703101405445	-1.8236098961794027	0.7084350951123324	0.669088739387394	-0.4146245810010734	0.4175826085338142	-0.828600377700651	-1.9456101402690953	-0.13991446969103893	0.1851444532393475	-1.7912437797847502	1.2179862466498628	-2.783407506293387	-0.3787140830806059	0.8326804959955951	-0.8074541648288792	-1.6445998306908867	-1.0936301782306497	0.42883319965156946	-0.3696374904198058	0.7008958189399691	1.737334517172165	0.2966000563978104	-0.06046876496856048	-0.5327977941787688	0.31825292181091924	1.4472555721325615	-1.0603751946708695	0.30144415764097576	0.19723095549265096	1.2244346028762951	0.235114207440897	0.3031948867168026	0.8681260354582725	-0.1493718348532006	-0.20805206860692768	-0.31293779317358433	-0.5096316937898991	-0.38234393306161146	0.5018323361612212	1.4335404425071063
DTXSID3020093	21.04467939452026	-1.229592239861681	-1.5208233516589635	0.0067205036997322444	1.0030953692823	1.8395232908193826	1.7306777627717	0.5326477094932696	-1.8829432403558157	2.61509099640086	-0.8646391680746647	5.33680952319353	-0.8638296102678895	0.4947412433251178	-0.5530777663123864	0.0710576863559966	1.060724886692521	-0.26261065291880215	0.07860391036522486	-0.3986745942700572	-1.041757214596914	0.09577069089435825	-0.44523870294909756	-0.9489108222091452	1.0990303480873953	1.230295883279141	0.15539634885819875	0.05324560979169978	-0.13566122097479175	1.2420985365327455	0.6494831714703788	0.7400181547101881	1.8408462041512283	-0.520607150307122	-0.7682719252514488	-0.5077819004093227	1.145721145792606	1.0408141065223877	-2.8957035213018094	-1.5055019045863458	0.6905132580752398	1.2551270695605403	-0.06555612178721061	-0.6838605541723182	-0.0625167164986614	-0.3899515503023532	0.903146763636325	0.16709901254444948	0.39853093236382664	-0.7146386332051364	-0.5574918190637573	1.2013370734753115	-0.06105244353653372	-1.4004004263207948	-0.8470214684151941	-1.1409588872339438	0.5489127120354103	0.08431944267665788	-0.7955288997136009	-1.2600804792671048	-0.8897195202194157	-0.6418378575478021	-0.8611052829067491	-1.9110039332535171	-0.7698333381625937	-0.8590643612214606	1.0588696902697505	-0.2657824355984395	0.6243950478811141	0.332121954942998	0.20775289046543813	0.7959817610733624	0.19429222324922313	1.3383021907191834	0.13237533015021585	0.11659951021831608	-0.6300785897533369	-1.486572781211715	0.4621631790429258	-1.4096636022734224	-0.4614005697329445	-0.7815626820704952	-0.5693578466564179	-0.04399895926479272	0.6430214348951245	-0.6960844050649968	0.38483974328234527	0.47770982446180976	-0.5563399943399518	-0.7271769261035864	2.4683593456988007	0.7731932502419187	-1.0067511644420288	-0.2491752327494725	-0.16803720673082703	0.8931919401121212	0.2216587386027914	-0.26460284709476045	0.3785708157138912	-0.15265486293531874
DTXSID3020621	-16.438490210875273	5.099061089242424	-6.787969479817913	0.10426158297943232	1.0807681019825401	-1.7353505214966964	2.983409407889983	-2.7311676590669407	-0.6327993329659845	-5.40892783958838	-1.542188216452274	3.912240618880688	-2.910589086308139	-1.8076025613242384	-3.5373673374370274	0.32287966919568534	-1.79115082648032	-3.5878862262420643	0.42684793381620345	2.913913536725292	-1.7351665280486883	-1.3624433506077986	-1.4796292340470287	0.3804219473221631	0.7560907106495657	0.9739246298350012	1.3341913399675553	1.3590691423298553	0.15981867046177137	-0.22132859758130738	-0.18809092866245314	0.5144390682992735	2.290113501976587	0.8535498031089014	-0.01422196921418259	1.2770830848615229	-3.263029831023152	0.14052955589263197	0.5191801170577368	-0.21768599213377637	1.7742090535300155	0.5008783722164066	1.642895731401266	2.2314115200559677	-0.1171681214371851	0.42921627267208196	0.627306371025963	0.43174520179020776	1.5444103743448052	-2.054756093573433	0.7547049158221224	-2.2217230925203704	0.9497940740677695	1.502909774653257	2.650270733176573	-0.19294761192424467	-0.6728373425060581	2.0996070701281426	1.2607144718921464	-0.21123583851708078	-0.9228111395823914	-1.0516845326740707	0.11020506868000586	-0.28565059672745796	-0.8573944519178092	0.05745094061529115	-0.299320355651095	1.7024492013874704	1.4871140844855095	0.8087810784719806	0.3778905005445599	0.26405736220196524	0.04622409708653963	-0.5089775776363081	-1.6506736486556892	0.6186019887321799	-0.8620665386941179	-0.9019599005872809	-0.6449980353677943	0.7222793835114548	-0.4259983065509245	-0.5408793599357095	0.606163711278647	0.08570771278717523	-0.632829086259372	1.2784199227223008	-0.2822914855378461	-0.47976548941178754	-0.32835504766207724	-0.18374992320137487	-1.0124075506455767	0.7373370907795059	1.194706474282279	-0.7910366173781436	0.8069102202504224	-0.6859419350850805	-0.45111769405553803	0.26266068906515805	0.24110117093697644	0.4719503576136317
DTXSID3020625	-14.611160907646031	-28.480325051041163	2.177807166817799	2.688695979799647	0.6275314458501169	1.0407687299389556	1.6872025485398559	-2.5869311016579415	-0.3278930316612775	0.875824059741876	-1.8120913768542843	-1.1862025878207605	1.6073499501780673	-0.6229971961511639	-0.13254975935082214	0.3486256218799818	-0.5571282102887062	-0.1405907928452085	0.13597850852752302	-1.004904929222995	-0.2869193691841182	-0.1288100091697081	0.7245570500337651	-1.1073845463165664	-0.5824474000206511	-0.889025578266288	-1.0389812281777522	-0.10996350172058479	0.04181054004110121	0.7949981776794676	-0.5313341643674093	-0.09024262130206218	-2.359159894471794	0.19458393820783096	-0.6187230197937196	1.5946585144730783	0.21775860310494463	0.7594341473491181	0.23354880266479816	-0.3473045975452931	0.0646719334854953	-1.0230559308576983	0.05815058506130958	0.050270745701361454	0.25909707597637943	0.32162309984112036	0.7070416975505646	0.7141911060605889	-0.7837009361916198	0.9635046784931565	-0.2580514484896938	0.6197732210849825	1.2650909125781618	0.15346188968304428	-0.17298882480348976	-0.09891104593097448	1.4599215777938526	0.5717403493663997	0.6527148169632243	0.9546440619881298	1.202404309550177	0.4101164576922438	0.15564418455971457	-0.7062144391311048	-1.4707421613232239	0.35940330469598725	-1.1953756198764913	0.01567766661485392	-0.31533086661104953	0.5249018765535691	-0.27040947678891375	-1.162217148629339	0.5397934540206831	0.18647063685966442	0.18956209595861917	-0.5557197493059058	0.2341110914503814	0.6301948093612335	-0.12358184571720866	0.005935479798186371	-0.1802622097931709	-0.07587922978416305	0.062227048799174484	0.14331188487742932	-0.9857895177001177	1.2669932319573995	-0.6240792483308667	1.0758822081995645	-0.020166194578778555	-0.16018587411780474	1.1782459459746746	1.3107369701313547	0.4845269558830564	0.5969156618865129	-0.8382792585053536	-0.9675193058711308	-0.4307999398573525	1.0352331971540027	0.31506995160542217	0.11949907775211167
DTXSID3020916	20.530609944011253	-0.8730049088148657	-12.222224411090782	0.599260814111774	4.848689928388474	0.5279643928461031	-0.18088028856757574	-2.1544355559731505	-1.9848646921039426	1.8929711800928704	0.7110182099271528	1.2347363622383987	-0.18595748391133546	-2.1205826855251235	-0.6432679868112247	-2.7205297391507672	1.1896692235689776	2.768301788069361	-0.6765993214608205	1.8341415198530784	-0.38905914755232496	-0.3367928154352083	-0.3681378994047267	-1.0641824591456746	-0.9272672791272772	-0.9899214794760547	-1.0491085365934505	1.1435693444368702	-1.1905724529699275	-0.2900973320087205	1.1923924374131396	0.15209879629606257	1.0724106060556	-1.304176030742527	1.1904959583915364	-0.9065839837875144	0.18565011952309746	-0.16837708487266892	-0.9828703623487934	0.21965115066921825	0.013087135738885456	-0.4769476256475586	0.8434341020885492	0.9791114307163696	1.6691429859759128	-1.4654277017616808	-0.9522758202008449	-0.023703301886174536	0.41298117695339426	1.3909639940763912	-1.7991311051723262	-0.41306164744510565	0.6243244141793574	0.05632065560361407	1.7153114871957127	0.8982693073685519	-0.0900680968005858	0.5749077370610417	0.6305921106344307	-1.5493482580166429	-0.8168820658357907	-0.8688428926857263	0.47199420593598884	1.0353943257217069	0.8324238345152708	0.5757151159084465	-0.046870103690871655	-1.0236515948169431	-0.8387016766434952	-1.030928721956384	0.4389905841535434	0.4006603103157243	0.486836848416483	-1.2165760398258978	0.3368617805161299	0.5446947078820941	-1.1480861836916545	1.9783822546137324	0.4455166489566775	1.3841168097234884	-0.048002487479381954	-0.5982893334519055	0.5358420466804273	0.1682932792033764	0.4637619950176956	0.7627841561790412	0.26620771086891803	1.445587536245841	-1.4906619644352843	-0.10618210184555858	-0.6649130315944327	0.8375462559940522	0.20575036017416012	-0.04331799928109414	-0.792155717422875	0.9417034140445445	-0.24953050170936886	-0.49360229976368575	-0.3373577148367728	0.47331006433559303
DTXSID3021196	9.600953198910652	5.918816918800893	11.81230400561744	0.21688061056572638	16.59591042060736	-3.458904750528833	-1.3029057760565153	0.6454524183659553	5.497472006672142	3.193194696410915	-1.6891279900517788	-3.9440529094725583	-1.0713357857989472	2.2062759990182523	1.8250303829485912	1.8319189701437752	-0.15072380573094737	-1.139359476860191	1.8505221959136593	1.592005295426206	-0.7446619177510582	-0.8091014900230239	0.3092605434119447	1.5499293904254121	0.6328111928870882	-1.499102157682898	-0.010064738831071276	1.5708589354593503	0.018860709801447134	2.1245883159476184	-0.06716252735396423	-1.0729388122395462	-1.2760379749953759	-0.1896760568009602	3.200613516808867	-0.9773813702749198	-0.4706968102716473	0.12316873937601681	1.134231877760383	0.21049928913932456	-0.19873732229009364	0.20177520966806523	1.026166350147947	0.16770782614399915	1.0565082119592994	-0.7867561753768455	-0.4335820672914415	-1.2682518241719976	0.9730623910757744	-1.1274643823255184	0.6387038357241409	0.7834548557388007	0.10080709554124033	-0.08538207595376336	0.3215600949353707	1.215894162565952	0.5988655610888982	1.220617532794073	1.5279066781048878	-0.02117040570716973	0.8060020606940135	0.09468004493919394	2.8126069441460126	-0.2664345476534755	-0.5249939162342512	-0.882323773101859	-0.3733580451576175	-0.6859234453176046	0.7727388088745323	-0.8101911920691183	0.5137956826759719	0.6287940442575248	-0.9661353891578864	-1.1991646017457154	0.5008733070988377	-0.49708208963008577	-0.3109264988612674	-0.0619304258790945	-0.8217293478761423	-0.8196752361038304	1.9741984318568524	-0.03998052731252343	-0.6359982810016827	-0.5150434384843187	-0.24085174348545785	0.20122640746725515	0.2694517395785526	-0.4649846520895661	0.36888539504074014	0.15916226445320952	-0.11239605358013838	0.0002968678376118675	0.2549820968240784	-1.6370704408380308	0.49043609971025404	-1.4816733160972035	1.1287223835019122	0.6261502727980055	-1.0363176230756113	-0.6237939021469244
DTXSID3022370	-11.064072361243806	-29.615005802287108	1.3694974610760577	5.867609049223576	-0.304317125841783	1.5359660343745718	-0.5472548341107837	-3.728902355009527	-1.072795070191149	0.7188950312684493	-3.2836585572227417	-2.7005448034847284	-0.5319372965659404	0.9202634804279216	0.6741943814534902	1.649704083015469	-0.5386274832748035	1.6408512742146326	-0.06575927532950453	-0.3630205681273025	-0.7513436953513989	-0.7803112138058531	0.46759107837405584	-0.4494056333987359	0.3088432354450414	-1.0973120067476632	-1.037096222662456	-0.12779074423264214	0.6994316931117237	-0.12138072004017542	-0.30402178631341126	0.8942888596281745	-0.6139361672261828	-0.8292673473843182	1.1696786262012036	0.5837142863133673	0.7109794011715721	-1.596946979243658	0.33622276835794995	-0.11253047844589498	-0.4047731368516397	1.230534557124686	0.856315445228234	0.3555479260899721	-0.7690597617604483	0.6001314989619396	0.47728653764431755	0.06826705581281689	0.9185732891193097	-0.1300135462022767	-0.7646665049605996	0.2134860990586265	1.0013526827553798	0.969938245458799	-0.302431871361814	0.8898480268514298	-0.0176640204209408	-1.1495076080643571	-1.9622746991178301	0.8575427464019614	0.4671309305912497	1.0168007856056809	-0.3863706288286067	0.654509563515212	-0.1066061597591639	0.45455319895287744	0.8038173916662965	-0.43433012227122514	-0.13902427337269835	-0.18434824080283638	-0.3786066297065052	0.09229414679079788	-0.5409053987410946	-0.9279512101765744	-0.6442795875856783	0.1891028463530545	0.2740184429055342	-0.32891588792741444	-0.2849045007095613	-0.10944970955540256	0.6361830012852349	0.7598039023856835	-0.04600773447282	-0.28783991681423043	-0.5408810385749817	0.16632135421051103	-0.18854964403236402	-0.9229521138402466	0.019557001873625076	1.5348121928371794	0.900849242686007	0.3885335058967021	0.6858963429026584	-0.9272129863285317	-0.6046154297571091	-1.323623646682096	-0.04126149542612477	0.14417028899432577	0.7415764746011032	0.45796892695665153
DTXSID3022405	9.823528841460003	7.28347075444208	-7.958003845150099	8.598799624533982	-6.399679466437948	-1.0352486139582662	-8.974516610638666	1.4961702581258098	-2.2606744653187105	2.045030691853784	-1.268246706389689	1.3977471361114924	-0.49902510600120265	0.4764388759236896	2.8315432106844525	-0.189148279496447	-0.4272791350985561	-2.4498262679711873	-0.5594971862130559	-3.5538272007973006	-0.703569615435927	-1.5568484604963695	0.8071635929122635	-1.1286145694307819	-0.09157740953839637	2.5040269939450996	3.050218266073548	1.5524365352784533	1.5712382008851997	1.7022610469753805	-0.68963951453648	-0.8137614952693061	-1.7098544654434484	-0.8488370830262622	-1.490515810842087	-0.43076276101095495	0.563258180718637	-1.266739243260807	2.7637812804354778	-1.5641841242084182	1.5136327762704966	-0.6519460875332919	1.779647785079638	-0.08642351810927906	-0.8321268143794627	-0.9661900927688196	1.165035155946421	0.8248841221515798	-1.9105341311938122	-1.6779247891378706	-0.15386862251204736	-0.5874544078753166	0.9452740177984044	-0.27271240640655187	-0.5522253870132656	2.7502140796907284	-1.0584817134253217	0.9351899938751326	-0.7781406016960498	1.3002266244837823	1.3569467616590745	-0.05673141634449217	0.1620482874796879	0.767318247335585	1.0532455417984552	-0.5721897403180685	0.27178149434541915	-0.1662654605164599	-0.04437258068426749	-0.9855944647201755	-1.1279175970477855	-1.308553610956133	1.2665802787190024	-0.44917887900125014	3.1674436669942825	1.2534385932601357	0.7995707065667685	-2.136766526657438	1.7922491521891761	0.1896408933990848	-1.2798558442705494	-2.225911475927874	-1.4587433745271834	0.9358138262186618	-0.4811024892036536	0.12767228072372866	0.05050050480875866	-0.17490179525731978	-0.3704830887015479	-1.2103028327696113	-1.124963467172062	0.3971997166630267	0.0302387186057498	-1.1502641549767618	-0.790698302616103	1.2638241704876942	0.3464705248950009	-0.526398272676877	-1.1620540746172492	0.8113018878581091
DTXSID3022409	4.865727847292883	8.657573805055211	-5.871031918707214	2.4361410445555114	-8.704078054907747	6.65887919883572	-14.788594440576503	-0.6650904318477674	6.654921026342759	-0.6847473661525431	-1.0122822688819428	-4.8488383468946425	3.910006411577271	-2.2379945735395355	-3.735243601117017	5.222007281543881	2.2540035260042095	-3.511091464231905	3.3008569809090913	-2.05946939318282	-5.997204561657145	1.5545042145916157	0.6200775294036421	0.9632442431310327	3.2007926755475804	-2.6243148670500336	0.5813418661943717	-1.9794591178618526	-2.273673672075951	-1.9259171905566024	-0.06179640625372505	-1.2286774914672842	-0.07969893820386	2.038219517914926	-4.1045108327543876	1.6282599284109904	0.18577500813479397	-0.45819889593875307	0.23346163256585994	-1.59996810664364	-0.9396592162572707	2.317000080209488	1.3120080729912913	-2.031040588588666	-1.5984366770192762	-1.6719652949474153	-1.5951035057236354	-1.1653221451211881	0.028614407417558704	-1.0964762107454629	-1.191143397057154	0.574496353348961	-0.0408522160730216	0.8103042435361196	-0.9825179743985688	0.8283268365498141	-1.0016595413403364	-0.16482301289747425	0.2663144441036545	-1.0277118301552268	0.5877402623719136	2.075607709884541	-0.9017484524622561	0.0543001099539466	0.005104869522702249	-1.6742718017050457	-0.5121546642944519	0.19295790771795174	0.5379036522541346	0.9699482507716986	0.046514779326065715	1.6568800929120435	0.36862006496962	0.47351014990531776	1.3109879802049458	1.171127343402957	0.37343742852380374	-0.4735673528179258	0.21498349255768254	1.2597552966833776	1.088563233285006	-1.4118893474376861	0.5501200997339969	0.3112090790123614	-0.529866349001961	0.20043593065337456	-0.17380767178140732	-2.434934174095523	0.4103851680063768	0.49505408236072035	-0.24857396853331648	-1.9431224575139476	-0.40816733034861735	-0.9096448109042318	0.3110850046425241	0.5974331598975435	1.0695683637222655	0.6817433418186017	0.5538978212644716	0.4458653224342186
DTXSID3024104	19.375655194283887	-3.6668834911933663	-13.75306581701837	0.6174420465864047	-2.3531824839413433	0.4942016167730865	2.4398614012692614	-0.6788032695058457	-0.05051414249225161	-3.752651128804141	3.3737762859356075	-3.4843754472479382	2.108840550706645	1.0951389148260353	-1.0451862982981441	0.6289738931317598	0.6520294338317898	1.1095007464986812	0.3664654331305386	-0.059441579672323594	-0.733643764830781	-0.8502499725832602	3.666228336674833	1.8068803024351836	-0.21386214480511526	-1.6867558313671687	1.3516551590753474	-0.8559147995744065	-2.9489596050238234	1.120112622678373	-0.5154806498722637	1.800554561974787	1.683581588252664	-0.5254390878094948	-0.6998476624161427	-1.3564065360286797	-2.0897261655970403	1.1748681668184746	0.39588026813667426	-1.437039041784254	-0.7491661507603034	-0.2004008261095797	-0.5920347213477846	-3.4189708291392824	-1.337081689189943	2.479554715014256	0.5590524157100532	-0.794586383290845	-0.7525830664836486	-0.6716750596435531	0.3055706265354874	0.08380369655295883	-0.5255586829353673	0.5466732333242238	1.1064859590944867	1.4266288585391913	0.45254210583315335	1.6908854227301207	0.5110435778407988	-0.01665626398048399	1.2360449905270938	0.15475288293439673	1.5304048376940367	0.25401667049287285	0.6694753352048334	0.701639053287333	1.6345495333845776	-0.8967437132834986	1.0191783409257706	0.49576324192702315	-0.8421522069395169	1.0511315238910386	-0.31147791628555893	1.0176550951987917	0.5015295183608056	-0.5962419617180533	-1.0792486106710404	1.9643241120188508	1.1925903495131958	0.44682316007015005	0.02332144224437169	0.8925608889446919	0.7145625380268671	0.27161395559829393	1.3124987871216733	-0.11074944431046439	0.8224985969610316	0.8221690807255433	0.2927078725742792	1.3959632955433994	-0.6167090400794852	1.6896389688354347	-0.2129948017803977	-0.7850669419728938	1.299776057948708	-1.5449881821996874	0.44244616398900927	-0.17402224160976731	1.0343192824465466	-0.7893335401531282
DTXSID3024154	-11.196837985785391	11.092155673463248	7.689112007976492	5.85259418246906	1.8827434108932453	1.7439570299973215	1.8650158763789721	1.8281663971954607	-6.311911150506607	1.1019344382982805	2.340185651732656	-0.742356602761286	-0.037941049088314895	-2.327290334845995	0.5007875478404424	-1.2480710228296614	-3.383158883579805	0.880187938105108	5.21113497395411	0.9725501513008019	-0.796296918277601	3.6736766858574503	-0.15326446327240859	-2.87363633196689	-0.334216777478569	-2.09270382089285	0.10677639043271399	-0.278387952236691	-3.070085905221641	2.7425843203809475	0.05250088208515853	-0.22563621672313697	1.1791913986986158	-1.5541389854449108	-0.1135034716561247	-0.6122406197271509	-1.3081666546340038	0.6984209092562544	0.02566092807303467	1.903824895374831	-1.162057783370876	2.2327198233737926	-2.24813211819422	0.9514486287763485	-0.11354599786902637	0.3614138718029988	-0.968497984729168	-0.08283879643181619	-1.2575840152447473	-1.8318693001171804	1.4388524217724712	0.9399694299932341	-1.6491568884148373	0.04241362277321757	2.41295476404823	0.43137774768255455	0.9478708315645221	1.4403833671088186	-0.45987586212753345	0.7549193698937675	0.6613173168994203	1.0681638982726975	-1.3879812328656254	0.7078115295826348	-0.46483477741393114	0.4978310817300722	-1.0536835673803346	-0.17481165382084038	1.8478130308465186	1.0622820772001178	0.02132307175487108	0.15638674049093573	-0.9672985198607411	0.11066033492814589	0.20280535766318475	-0.8937599882754914	0.3248404645963671	0.17590107602979793	-0.022385695424749847	-1.3024824973655424	-0.7050272646764741	0.07711008652495795	-0.48959206585351545	-0.20419142080199412	0.17033127373677698	0.7310559301627526	-2.177173079951908	-0.26463352535555823	0.8626441902798364	-0.8200874119314318	-0.017411265818249894	-0.44842844319986885	-0.9157158008419507	0.44468421521603557	0.000991581827334518	0.14937771900485106	-1.4549500019839963	-0.9626424805394728	-0.7333539067925373	0.443593866270049
DTXSID3024239	-5.246703914420261	11.761115344235593	3.1237104050096995	7.424567790711265	4.002370644093935	-4.461748123729851	5.604994519415223	3.868662464169235	4.066421120769773	-3.5871528697740764	-3.660165506217426	0.5805841289291856	2.399335415782552	0.2698529703979157	-0.25661905555400266	-2.370362178077868	-0.19792682429514366	2.653057546331035	1.9373808121218077	-2.3930455733884326	0.2968257735244366	1.3723904443637283	2.0015205295748117	-3.3750231245536657	-0.8100614665795641	0.5551939137589298	1.0984420580620604	2.7722459359044187	-0.1121943649432042	-1.1209546351461637	-1.4794172149298035	-1.504567968428589	-3.6313778339961327	0.3872309880892492	0.40476233385879706	-2.7804883406062477	-0.74102228079678	-1.0647842419880298	1.1616608458928923	-0.42901979641855315	0.31760855185817244	1.876971824375533	-0.44040239710148554	-0.3100373632440226	0.6854343022448502	-1.0717674648599758	0.7614600076193915	0.8861497155997498	-2.908811694129829	1.700878335578	-0.3429874145913153	-0.6003969015001549	-1.4104672954961486	-1.190121274057414	-0.4085506939952583	-0.3933363884313719	-0.1947448228725315	1.0598204917466625	-2.618627609529381	0.6240899077994346	0.032201180319182406	-1.1204543797465278	0.7469776416534258	0.5357951733170346	-0.2848571368954076	-1.0163786387642506	1.120629319973955	0.7332818621456314	0.9004350860175583	1.5176930370599286	-0.25312132872593257	-0.09701869047728386	-0.3739776346154296	0.22281123137432463	1.4818557170382252	-0.6839092281671022	0.3026410179612496	-1.507234340131089	0.5179497548097374	0.03375491358662025	-0.04882420361753432	0.8084071614109615	1.1668982759425215	-0.2630283099884164	-0.20870448269052883	0.22267876135939174	1.143835211470242	-0.33259323619614045	-0.9160345501953948	1.7072517907512392	0.1495883207745522	1.314059768542838	-2.367536482993565	-0.5134878989580294	1.0933088073009416	0.14785266912032205	0.10222217484269937	0.3748598527825605	-0.64595619006023	0.07521066351296439
DTXSID3024289	20.72165880543201	-5.982767777035076	-11.824184688769858	-1.2090963522986695	-2.411911244887691	1.3841302309947543	3.758471732394084	1.0508917976585603	-1.6673681017960784	-1.3664763783052971	3.556908515910494	-5.20283277297855	0.015270284610729304	1.6548659595348811	-1.2736505735049792	-0.8315813051570179	-1.2547695942404455	-0.0598802424326151	1.2884878117289658	0.12216128333750105	-1.961228096714482	-0.9364793881503884	1.300537761205981	2.5548862330577204	0.5774263118609019	0.01846049041004595	1.306162630353647	-1.0342711356434964	-3.1933010399755886	1.1203323339015367	0.21407262391841014	-1.6818122416412349	1.3312279768206519	0.18272818508603964	-0.23047035830530124	0.3183168564770303	-0.054548749337358704	0.7039851642425848	0.10517056813693527	0.43991052769240946	-1.5422642501741615	-0.6260667260249543	0.5758772289841618	-1.2978747272865396	-0.2412188576779154	1.5216102324021152	0.2104552002101346	-0.13949332797881273	0.31883889113100683	0.01822799407968409	-1.0756393633979866	-1.0990838500187203	-1.13109913105407	-0.5324410716630825	-0.6306686073274516	0.7397677153981184	1.0605875392192312	1.4509791602718973	-0.5890326805508647	0.8496094626852432	-0.36040736885378166	-0.41899853670521814	-0.9802269836376432	0.2947922144058932	-0.2543255524914248	-0.5628009557471788	-0.20210647683043492	-0.21421656688594015	-0.054203902059827176	0.556484791649922	-1.083459881091908	-0.0012549026608173626	0.1660097452966618	-0.019512955539459042	-0.08817834802734247	1.6674469825187108	-0.6020509627536371	0.6405369669951055	-0.15460294427220614	-0.9263686740442603	-0.4042565950585254	-0.16789008214123508	-0.40017949624594684	0.6412983258909334	-0.8833986638566818	0.023462034218157065	-0.04098565184893284	-0.9042540630754277	-0.8152945922683228	0.7232153516249646	-1.1416585289118348	0.7248824885524208	0.4102533896683078	-0.059949429498215516	0.6220493773481782	1.1457600871646525	-0.7060906487042822	-0.34409250484580267	0.4452392226410667	1.1863590731939933
DTXSID3025091	9.98097468245923	6.0864497721727915	-13.337184903499356	0.6379338259892687	-2.223011968793468	-7.188995867501064	-2.389873084188723	-8.397997989740016	-0.8091036128307214	8.620167342231635	-3.1177529006540494	7.055138769114617	-0.6882703017182193	0.46040038710163994	2.7907475585989365	0.5083708421899792	-2.7496880609892624	0.23063231467401657	3.036138653155815	-0.622537609320296	-1.856465764950589	3.1091377040719808	0.6909430220686014	2.3326315682990653	-2.2070875770390272	1.4068189263168045	0.3942011636652899	-0.6082720573715082	0.30367951848287755	-0.7127588373823515	0.7983165934959178	1.2072988241288432	0.1728637474538951	-0.9635812633449802	-2.6000699101165194	-2.0532689558591617	0.19910326817551266	-0.1492679667408241	1.0553574083273953	-0.40589197184947645	0.16657475573494826	-0.012506809005802859	-0.22553934406326864	0.5483840053222576	-1.0359726255795612	0.8646130331482026	0.08228107873086188	-1.2709826374641524	-1.5514200017999686	0.10790531717371918	0.4492510799127627	-0.30261067374150363	0.017906485353809107	1.6259075529192228	-0.4091978929854597	0.9812326910948925	0.7309829916929503	0.24006364794830512	0.3488010569794176	-1.135175519567161	1.7692329314465434	-1.1182342463998605	0.27152026422713144	1.1605003767557331	1.7445345633690088	0.6294894877567386	-0.9141460100892552	-0.49686488765814885	1.4276086125055387	-0.15008560089109965	0.7292679426456681	0.29757158770499403	-0.5733494121913418	-0.9207593141258071	0.013938331407157098	-0.4838922669378219	-2.0627605803302096	0.6297813136352981	0.1055876122418699	-0.2766254638775611	1.6211714243506576	0.4113510886843466	0.07600707614207208	-0.6125817352517705	-0.4522909685293879	-1.2867533629408845	-0.8433821302352537	1.7133869472554606	0.4174253346249066	0.7543711830728183	0.5115541507777144	-0.7769458979879517	1.2055991664379269	-0.2116428860397438	0.2377127173759908	1.1822138732181673	-0.9201087188497034	0.12111202242737158	0.47788492083808476	-0.4540485677389728
DTXSID3026564	-13.008791431942658	2.010700685430759	13.297958707787828	-9.171814457476266	-8.909619163319736	-3.2472680095295186	-2.4399418467196377	-0.87582167200321	-1.2612559924432585	5.4453287720570085	3.7160057810810807	0.6966676339543367	2.1916046875998187	-1.0524419776786214	-2.657566369425904	-0.005553135125141964	0.14467299132302605	0.9537051481779518	3.3230521193645317	-0.649468149420113	1.180023899607425	-1.1885097538321046	0.5713607270360104	-1.3667892251097327	-2.54209940627456	-2.3593192377127075	0.3372187719201069	-0.6806913037486377	1.6699824945313788	3.6239447370389666	-0.10095774576262735	-0.4986778681875409	2.0231801930858886	-0.4731568568938013	0.7527495628114018	0.3762053731242466	1.5601955762967412	0.7792059837279618	0.5127487615184442	0.3283974061419802	0.307068046299096	1.0182244297730338	4.539795269708342	-1.063386663073685	1.6750516713662542	-1.4957118995292915	-0.6532100205159	2.8549485246769786	3.6552127449045777	0.19444558945860188	0.9528346831185605	-0.4424584643547448	0.7666565942569993	0.8874254806870145	-0.6175548849201082	1.3874907417110274	0.24223502583192444	0.58093670568421	-0.36506168448079784	0.4271847308365037	-1.006555723236444	-0.39820651030826854	1.480429409400428	-0.21688207981593635	0.4685365691487799	-1.7473833669453904	3.1192914758928842	0.9938704138989218	1.059408022336793	-1.6658817637628012	1.102715910627739	-0.8636676244926956	-0.34326472920551115	-1.5152994437456628	-0.7145829059350567	-0.15129336090458403	0.3018027191268184	-0.8069485433874594	0.07657751113138032	-0.8291743414471308	1.238751816201955	0.08675109117846293	-0.5460915391329204	1.9044850781356348	0.17889973415358848	0.06990595810977286	-0.40004005448318475	0.7526377716576509	-0.887390636817073	-1.128348881420627	-0.6843539824583365	1.30715730937705	0.32357629915891023	-0.8663121780878196	-0.18539929352569237	0.7989570525353774	1.1631838642983272	0.05179504555903025	0.4364725817082292	1.3533836740241518
DTXSID3029572	0.9971048819114191	12.674437288719153	3.10632614205051	7.961686135662485	-1.8114585680222164	1.942322383709684	2.346912312877785	-0.6418574132398416	-5.152887614794356	-2.831293578785404	-0.28045447963915426	0.09152386405400498	2.4539709059764427	1.5356732115900624	4.607652301427525	-4.521353490001351	-2.662030608186407	0.2554936014863849	0.6905672353712309	-1.3307826332763346	2.1525182659663544	2.342506728838739	-1.5481898135332646	0.1448106172593871	2.4134787728661244	0.9793960285660602	-1.6824135272075131	2.9488545029268503	1.3108043773394704	-0.21042098479627477	0.8260323657408105	-0.29953842260125374	0.004638123187685677	-2.9929888321151807	-0.5328943764487043	0.11080890121302041	0.42714888685866736	-2.4407632203857186	-0.8595427762459259	-1.190368189497899	0.11001211572875261	1.2911810355382747	-1.3609538961603453	-0.14941010211955044	1.7267118258100356	1.4946555502391845	-0.98534951754268	3.5182187998925167	3.002943447809202	-0.37580077315703314	-0.10780051101732835	-1.1490538028831714	-0.7122741925626397	-0.9863212110265096	-1.6394665620584856	0.5935924029362776	0.5951376973342507	-1.1933754956615579	0.9350765790440362	-1.2579390514551254	1.4070831987565349	-0.053693045624301806	0.32342125012651707	0.8077076578377144	1.1330227786047682	-1.8139885968958118	2.565474830938919	0.3994159797809451	0.042526580753412195	0.28798121686020023	-2.365775036052497	0.6006696062432368	-0.4674134047046562	1.1383282637540737	-0.39028446716869836	2.4072875054984366	1.8324108890532624	-0.6092884086443388	-0.17869157684759648	1.2393385319776817	0.5380987806224834	0.034926739057109836	0.6599352815058783	-0.5840852848317303	1.3619019023773986	1.9793321909045276	1.0452417525063533	0.7422069130606566	0.0338328173899173	0.723007045033292	-0.45004055745010857	-0.9557994468499426	1.3288752815124645	-1.0872463398130074	0.49633609890705793	-1.1312048434444526	-0.1076001512839707	0.30123905787415606	-1.1033604322991022	-0.7441969886453299
DTXSID3032416	5.53475689834068	5.817273521334425	6.606532825056481	0.3642909951319899	15.998193175085913	-9.445391482153312	-0.07142805865544337	0.7291507965054559	6.557596716944233	0.8509787456417358	-0.6963017075845056	-6.771413820054224	1.717130559902628	-0.4055258268885312	-0.3872966468822058	0.6016914283021566	-2.5951056721193786	-1.531077630777644	2.321143984744862	-0.10768702857876226	2.138411161190162	1.5002111667892035	-1.4308536589607697	2.1804097491729353	2.2456773093067626	3.8466263727459418	-0.8218849232372948	-0.12326101039552162	1.3949875468241137	0.8556941837265518	-2.5740916288992244	-0.28970764389029374	-0.6996838948314601	0.22286587120789716	0.921686748558371	1.28871421136127	-3.197371143807843	1.1511830457776446	0.061165604367957156	1.9733151668129034	-0.7709697234383696	3.256556682532505	0.7099871774240314	0.4666835430026046	-2.0775064659630926	3.279474392284078	-0.44041619897705614	-1.2371276173689703	-0.5450096109812855	-0.2851245200551827	-0.2856384979333074	-0.49858818336288035	0.05243827540677223	-0.5854746120206011	-1.9500939730012274	0.1419064435009977	-0.5379770977772091	0.6335288680390927	-0.2263366049157094	-0.30051152940716774	1.2544602645563487	-3.548061273162437	0.9939885715930309	-2.562499049734018	0.4625558498004915	1.4725259461821616	0.8484886773243039	-0.6145191734611297	-0.5439231195660488	0.556232381538572	-0.3166890010783831	-0.889906360155158	0.755017470151149	-1.393032413111206	0.4214568468544841	-2.0942213944309604	-0.38799788298959675	-0.8171955975587375	0.5861556601000997	-0.8149784669757039	1.6713399589453175	-0.7075760130553521	-0.12247449275392583	0.7868609937586092	2.363128394650454	-0.5452934663401523	-1.2892911057446765	0.9174299173135102	1.0234691591029885	-2.05814625590125	0.036139001063478254	-1.3185019048437847	-0.07996783399121805	-0.42639373925221113	-0.8612806245151805	-1.6508807375637613	-0.21672729612302677	-0.5368312885040228	-0.8353910698145569	-0.3207097323811793
DTXSID3032464	-2.93997415801336	12.928676218905279	12.55701941939316	-1.800790857158007	-7.437610609023249	1.3676159276720445	5.680843327142453	-2.2731655927381107	1.5804018363287766	5.964041837609646	1.2086406491242188	-1.3545317164832338	5.092179530180751	-0.6490637640622575	-1.8176218461404658	3.974155251944739	1.5694455171176458	-0.21067384096341205	-1.2790189515192973	-0.117272877176867	0.5196101035385298	-1.701395113568498	-1.5905214048667575	0.17935653083704112	2.1759271360719015	-1.5623795992799625	-0.8169534497343833	2.5664141581119457	0.09222832785297666	0.5257135026411937	-0.7551350806228853	-1.742656791797652	1.2261532875840953	0.2849946278362376	2.290588623312485	1.475881760172886	-0.37682322833788834	-0.8432296939327452	-1.3759039263318664	0.11641705704945604	1.1775643695349705	-0.23004688935807666	-1.9113739415266822	-0.23508939531193804	-1.4984601004308535	0.4583870475678454	0.2802156202596553	-1.3281573853924253	-0.801517181371361	-0.9126564248469996	1.3254679257464244	0.33886545195555967	0.1363624231046495	-0.7979292661967721	0.9963557072130896	-1.670814973581074	1.507910981549253	0.27095394545692375	-1.2627736827104517	-1.6850132013448862	-0.7647986588714936	-0.6420530629500568	1.9618246453567545	1.954015574609973	-0.8019215475891841	0.9864953537391478	0.33567612898018884	-0.8028801036242401	0.6408538087156767	-0.2737168587227117	-0.062196341391818205	-0.624256155240984	1.0395312774856507	-0.15106091182660913	-0.10619722996387836	0.708439282611479	-0.3665337148360081	-1.276301346752976	-0.3441259375548381	-1.1104066993763322	0.3376342371943635	-0.10608447921285578	-0.021435167712510476	0.6703699899125197	-0.4305711688672708	-0.6818280142154984	-0.3932988281872382	-0.7820702201021957	-0.7451212722614837	1.010055400796934	0.25265175122810984	-1.5145863300958327	-0.9118600686661791	-0.9694443403411831	0.6550812505807232	-0.07762303889153359	-0.4780638970202763	-1.4228867489781545	1.5145126426743882	-0.25278827595614217
DTXSID3032547	9.055899853202497	9.699063909404412	12.126010150550005	3.1209300016623516	3.2512279577419467	4.07935948394108	7.283304017104728	-1.109251055511771	3.118953668371236	-0.2044543399303929	-3.139828640086945	0.0860874484982587	-0.7961039005580103	3.004403757612812	0.07468377564810398	-1.0573802993751906	2.6242496224428984	-0.29875163633320545	-2.0556723108303614	0.03181682397344743	1.359720405004915	0.3038917613619915	-0.2801552628148832	0.8516980995531745	1.1795334130780775	0.488979254537905	0.3919782036572156	1.5793011545348705	-0.2873715136359898	0.9344363202893785	2.024807685644231	0.08117485706561511	-2.056675958668312	-0.2846968696596664	-1.0072525267701313	0.6160346008671641	2.189864867133293	0.7427313493236103	-0.7248587221634428	0.5445097085354872	0.06182806183248986	0.3264472952489547	1.8271590755266303	0.686575395791328	0.8897357385328191	-2.2171923851346484	-1.3844212121132327	2.4065817828204805	0.27372003665579175	0.20829658401287218	0.9913848644982096	-0.505516814248334	0.12548333307086665	0.15772049107507277	-0.8968124462669349	0.38695697035362436	-1.1059589614950651	1.1336435456290985	0.5134547572776081	0.017550690183741044	0.1774569920645488	-0.6765743018379855	0.33749325154795606	-1.5729396166818201	-0.6567518806348518	1.7406485331067127	0.3920636103805035	0.5668936293966418	-0.5079121272899936	0.304171372224861	-0.06324278694488171	1.3962053427319003	-1.2857567965244445	-0.549770507244292	-0.04663772354689598	0.056414334119221726	0.4407110619033336	0.4505950655407174	-0.05763431672383348	0.018960036149470227	1.5968124107857877	-1.0655883166885518	-0.3156651798243574	-0.8189347051640156	-0.7877071070096322	1.5109161096046655	0.37087465054163593	-2.106204869121092	-0.6448877462599637	0.14975352894111477	0.33076170866806087	-0.7047562715751456	0.38488876293171853	1.796030557952493	-0.7928357511645933	-0.8556281857846484	0.6995542477374735	0.3597921891150963	0.8358836548848592	-0.33952706741428007
DTXSID3032591	3.4786364689248703	2.4096748629002698	14.436761447855762	12.321409153801977	3.394048470317579	4.036273298416813	1.225921958835176	5.78093203304465	-2.0241791556220727	-2.3458514584488706	2.6720393021802638	2.576300911790737	-0.9297496670864388	-0.29990771949348755	3.276202183784667	0.7631965406161398	-0.7913437297279147	3.2133264113433	3.0295881899223582	2.4206139050719813	1.2803735886541838	-0.7304665391829759	-2.962897389306811	3.5985958915545706	-1.836898873623624	-5.563598761467755	0.08532393276245133	-1.711132264427701	-0.7929529376716727	-0.3508536511061497	1.9291266397425288	1.107134067901332	1.072773585420674	-2.981781823565027	-1.995784443698351	-2.464744611901145	-0.009944307267721051	-3.270297869105795	0.2569255547681326	1.5552731222488425	-3.318142144598799	2.197729622301227	-0.3789394584214826	-1.090949887610043	-1.5795454995134237	-2.3627999742266104	0.24300016633367585	1.3532221552126733	0.0005025271105043315	-1.7799162634841323	-0.8954701587895163	1.1324173173011038	-0.19912214050501056	-2.2097159347982807	-1.3486532964289397	-1.1089521510043894	-1.6447452336184047	-1.335795985987277	-1.5088951451289816	-0.6108560079752278	0.8100114395731361	1.2778000758806942	0.0989937254750723	-0.04728857329513808	-0.5844271839240329	1.8188058869429222	-0.18610517033472918	0.9361119298285283	0.5653478309188443	-1.1929271931306784	-0.9374738275481042	-2.0589969204300846	0.7430397818765927	0.2483158716159527	-0.9900164631017362	-1.9950868132190247	0.44183486453177534	0.5462949583413756	0.40204307265818334	1.0545753161020939	1.6701408464070007	-0.06838429208790263	0.7416257896155852	-0.11835444799335999	-0.7385627975246409	-0.27711744319114995	-0.23184555149853553	0.9114592043485549	-0.7515906919081365	-0.7223876174403725	-0.8144154471421079	-0.4279232841261966	1.9589322322148575	-0.6365987253246704	-0.39151414113970096	-0.49158214267804223	0.8573634286085395	-0.278319552296093	0.09111461062377477	0.5053882515841148
DTXSID3032549	-2.974996977564681	14.373856176735096	-2.848942643664406	9.418224710270344	-5.015588679045944	3.0512514474233683	-2.036988801343332	1.0836435742063308	-2.1157583062786256	-0.7047726850147895	-0.5203574663731596	-1.3435227881779197	-2.3502904893209844	1.0347154087113535	-0.8000718859364598	-0.0215020926176164	-1.0236906330668303	-0.6993340401885199	-0.08859018049953143	0.7602959518128043	1.8379647512013422	-0.30246875844700855	0.5740330395802995	-0.7693260889873168	-1.163470517126372	-0.640942761543658	-1.624822641850817	1.3925259413835185	1.4427993551113074	-0.20293319862045095	1.43057416639482	0.6964180496372683	0.6922493544729786	2.506025727772216	-0.33752338553876376	3.6627015726206977	-2.7662821743210797	-2.797283644244739	-1.7823238731974542	0.14123376858228187	-1.5468852162701459	0.03193308082606489	1.5635281891210897	1.778477092588495	-1.2352982040422456	0.008264209179417142	-0.06121578142749833	1.7928592085330473	-1.7888457477318436	0.1210698801221146	-0.9223438897522896	-0.19736710179239908	0.4730749313351307	-1.1805420574220489	1.2353621143337532	1.4229874299292589	-1.8640662833717174	1.2814483795040483	-0.34458918714898323	0.050425957869605395	0.1805303749671357	1.7482979736718236	-0.18517325146066377	1.206698641492424	-0.8826668431240596	0.7083277496255241	0.3214248713750786	-0.21929569356392034	0.6298888911258536	2.279281669000201	1.132172339717356	0.8229256815319129	0.8405474262243833	-1.2503118450024215	-1.5828296459768891	1.2431342450592635	2.8107702200536204	-1.4893203076479948	0.5117105578636989	-0.6548130601256461	0.6286139776622428	0.4941909951616233	-0.16322842022490233	-1.7165377346398618	-0.16561842808012117	-1.5801986864447621	-0.19999941414348282	2.3991003747394255	0.3280568899822996	-2.259403706077966	-1.0947167298312326	-0.48966884293331114	-0.7185843342221503	-0.1684243948612616	0.5626829388522931	0.5324027125141187	-0.8167436764925872	0.7834495216215043	1.496579750147899	-1.693484676594672
DTXSID3032626	11.176515188653202	5.667653734292435	12.005302135228503	2.4151926027710218	3.200679296822865	-3.8117306073329638	-1.452838055481263	1.687059356249151	-3.2836567163138275	1.5312410824373468	0.43128600680903606	3.2143910061111116	4.1531279982880855	0.4907747775882604	3.9571895485748017	1.5871608190856024	1.1540132752483272	-1.6314105698294303	-2.564947952685198	0.32981430545000845	-1.0660573639911983	-1.7310926919541723	-0.5895153683241029	1.293776096752147	1.2667610577104365	-2.211341901054412	1.6458262396026395	1.4142725075427838	-1.4383891516657974	-1.368776681786082	-0.059971843242150005	4.050991965824263	3.774644246706572	0.830938429702185	1.2941392431362426	0.8835153713690258	0.34573038044667265	-0.9047590754381039	0.43677526714554027	-0.2958229458097354	-1.0140850773225505	-0.22144583927581507	-1.4781670097357038	-0.613882641820813	0.7914233359936496	-0.11538809933090823	1.6472190657743766	-0.5166839015230209	-2.048334037659773	0.25767577415872606	-0.4781336668467051	-0.07519031480690613	-0.14209853080844911	-0.30207421690402103	-0.49558638258445253	-1.7481055060156532	-0.5183862268199977	0.6413305030925539	1.859610938425644	2.3581944470842378	0.28296328042148	-0.7043343258003014	0.11821685030903299	-0.13419417572699363	-0.1745420358965252	0.206344514606712	1.526471720134341	-0.4542187983751804	0.06486587953578736	0.01552897782606835	-0.8716571416162027	0.967808554320471	-1.8221876714765162	-0.07850811356529791	0.16848137576743177	-0.058261821323334434	-0.9621903888556518	-0.1990464508990871	0.39460595256148756	1.511614755890375	-0.06541159155654647	-0.3777905301186572	0.8641997792350048	-1.2358365081807443	0.44352475640207784	1.193843353077805	1.3610074716553675	-1.261559099118175	0.25948859704346783	0.00520633925215939	-0.49862697915896154	-0.04866771089494105	-0.35599433029960303	-0.3552992754315869	-0.3269423132315278	1.6947648194430494	0.02717915412309164	-0.7720874226510108	-1.1218343046724881	-0.0005039945224778068
DTXSID3032628	-12.194353573792352	8.342311157623765	-0.5299838297154355	2.6662672009477544	3.852756925146015	-7.753655956205153	1.049267303678013	3.5711552699765097	-0.9627507280927474	0.7904796846405375	3.359904389116468	1.139632687480664	4.070582964787902	-2.8376945665217557	1.517776086240776	1.1440459450710898	0.11720331526713608	1.092852743416229	0.2686878913347171	-0.62195246402778	-0.3121616683237983	5.506139710287486	2.164074857216998	-1.4066439148525696	-1.0656545963364878	-2.261873327573429	-2.630738949561337	0.18864752990839712	2.920787403355056	-1.9932179636058334	1.0567279099477505	1.252567353760026	-0.3433155150616291	1.215162923280368	-2.893306922847681	1.7044749584902783	-1.431648200510445	-0.4336036587473354	3.0385551841028553	-1.3336874044979767	-0.7422705979641587	-1.3854898344113997	-0.5148151791034498	0.02378494395594974	1.689418086460068	0.60416109782901	0.8928342798890995	1.5595334701197268	0.1226229317848497	0.1866484478935072	-0.3894340388796247	0.8945738452849333	-0.6732120832870497	-0.47985455587217	-0.6108661149746432	-0.9404878082530328	0.6573075945293965	-0.9378746652170072	-0.5444048709497463	0.4352212613907737	-0.10706725961856461	-3.1542314581477253	0.45239185807737464	1.424536405960294	-1.6137198619075543	-0.9254233440971483	-1.6152552926194375	-0.0751806452706997	1.563071322985974	1.1603419786575149	-2.2059137124040253	-1.6101009009424598	0.646299530950055	-1.7139713076930818	0.4113936758103067	-0.07917112556582559	0.08358064213004603	0.617424175907898	-0.41379468487151294	-1.1999873029735422	-0.99960897437454	0.03018389638273647	0.47022216149906526	0.577277010288194	-0.42560271751424167	0.6303785533215669	-0.4446843513342726	-0.7109539813358378	-1.5691086642625764	0.04372632460405327	1.369652872444111	0.30529899180713915	1.0472767143044401	-0.1288493997966461	0.38633352340566995	-0.31248276460136853	-0.3867145747442822	1.1679106512342925	1.0591305793114278	-0.47079265759339733
DTXSID3034583	11.87481955205892	5.642165289209894	3.1605349948370036	0.9497716733835408	-2.3332535410469264	-0.036618950249133475	-5.316365947512718	-0.9720598919699959	-8.60692764275073	-4.162683848365881	1.7037731633449176	-1.1123841918272546	1.99167043073457	0.3502334429406972	5.563929168622538	-0.26915919139974576	1.859038213356083	-1.3352109728906316	-1.742974340187612	-0.011279687891108243	3.633447120017875	0.4621249262190123	4.120382550487156	-0.2068359547040517	-0.4629244540731205	2.1855671719399177	1.1606860490627993	-1.113775862072981	-0.4279881341308375	-0.8131869327441026	-1.6729621874199672	-0.23854084655576485	-3.4590836920941754	-2.1109019601794525	1.2262608575103136	1.5473525913197284	1.308804295405013	-1.1202561503033317	-2.364334477263678	2.3458641406860443	2.3653626697745898	-1.4778578713729529	-0.6933009219712076	0.7111180066214846	-4.665672548341913	-1.7080417182385257	-0.6880769427227709	-0.7166852342361579	2.4665648690212016	-0.3838630101252584	0.32744608640954215	-0.9768286630146388	-0.6625499323947077	0.2948142192660459	0.2540561740165994	1.7754949728775742	1.3922239335125264	-0.7786845205897767	0.7405295050359771	1.0928894512084817	-1.7584994321392688	0.23321048991698937	1.6425682482583623	-1.941925165417225	0.31171511092216536	1.8992556305309212	-1.7793044268901421	0.7164263861102272	1.6082185860762601	-0.08248585651585447	-0.27428341093703673	-0.4259149336767938	1.7570965847884272	-2.467479417772501	1.936824042648249	0.38620826680237724	0.2269260434403267	0.34621865926789114	-0.32030876053637025	1.258669368992648	0.6734479788595362	-2.633981107331742	-0.7300154284741805	0.44670505972105995	0.627929550697834	-0.9603696456710064	0.18779431930312923	0.7042134952907086	0.5295764543087107	0.5674562826747377	0.4510152942090964	0.31956512163131306	-1.0939288073424271	-0.3652081018449881	0.2322841555831031	0.5288079139430005	-0.8851434773373169	0.4593454202328009	2.3337779282709166	0.7365820630173533
DTXSID3036496	-11.230196659560171	-30.144854285064667	0.7524672148674597	5.721887092985709	-1.1990082348038864	1.4294201786664449	0.5057155436421834	-3.4274312739837027	-1.4824428824443334	1.3291928345567687	-2.4293442811902133	-3.9724566141890314	-1.1153807714477588	-0.5929800498093715	0.47386093141396696	1.763112155218272	0.30448398929921316	0.9921437168926303	-0.11735272766198111	0.38597823847197843	-0.2238093948947628	-0.6627428705236023	0.30396765280754373	-1.2021162876058011	0.07876376986373078	0.38777652736084184	-0.06981476692816484	0.12459149121934864	1.1010418326463247	0.5405472011698539	0.16409373686473328	0.7878363115843389	-0.7362112121124669	-0.6067040192812855	1.1027919052170836	-0.9629013576628075	-0.35359131009928463	0.9401771039313593	-0.556643875855723	0.10336260004578311	-0.3687405000350542	-0.20339682635385348	-0.1594193776678832	-1.1365923653722423	-0.1538253481875983	-0.3661805518735006	-0.5985948391772428	0.5046437743881331	0.6828361037216714	-0.9451749014354601	-0.8311771282603567	-0.8082624218974267	-0.4004214382461933	0.7351221810751107	0.5621732657037714	1.1473047764481614	-0.05641413604421771	-0.212238949580844	0.055145214342255874	0.2260126773937165	1.974819034288495	0.5404882779708726	0.3740409989808475	0.990400218570602	-0.005982698890154436	1.037482016630429	0.10789163502899778	0.236884717275878	0.8947625081650732	-0.5125430639020192	-0.01716309021137645	0.42121815954534897	0.027847043184363818	0.8671911568984693	-0.7743440224500197	0.18811489545597818	0.24386576258164122	0.4293567783523689	0.47457546073900475	0.9579647015934504	-0.2789543564649835	1.1303387565709286	-0.9444153259611673	0.9640224073546388	0.02322359262377154	0.18761376668327218	1.1836757935016424	-0.8730019250982587	0.9121639867946514	-0.2750355245352309	-0.7432401531169754	0.5936787376976386	0.048558734360852396	-0.3029639747167452	-1.6044281386373263	0.5385722770023701	-0.4640945300071888	1.6912065545654538	-0.9255386565627357	0.05353127879054548
DTXSID3036525	-11.521181645568571	-29.33851986658916	0.5544006223416668	4.61324984739761	-0.5881428311269332	0.2952867529463037	-0.7246522770369103	-3.3325718270908173	-2.14711070713056	-0.26644398480610265	-3.54360866194647	-2.575108990470403	-1.3424312432689707	1.6478289579361862	0.6440521975092312	1.7160937037251158	-0.9309551968342328	0.2381809112611929	0.23212618631952386	0.3539276896583856	0.36798290049514903	1.434115910011841	0.7139780489735089	0.022075813309048235	1.3048384557573058	-0.23593950377287926	-0.2512084102113511	-0.530094393438628	0.3033324915722068	1.602766886026952	0.6333917135614745	0.5243284548202922	0.42743659030132686	0.08767372719394532	0.616675985892842	-0.647464473988816	0.5799809099092533	-0.6395935330512912	1.0553879596748683	0.7255808887030676	1.5619382575765528	0.5942748134596652	-0.9527421316939587	0.9759474172243288	1.3995365587333575	0.053080656854110016	0.08864161548893038	-0.4934434188557094	1.2781073573885564	1.1910869256392944	0.33960685263246554	-0.9765381654406114	-0.11105495766148323	-0.21375239547315653	0.7341591164181868	0.540981456906324	-0.2593444372914681	-0.1949342258722575	0.9279773882747032	-0.17287298956678115	-0.7100269191161125	0.40917042739372006	0.5430461988620012	0.5312981705017942	-0.37414069634574915	-0.9232612599028915	-0.3734180632964925	-0.3674916015285255	-0.4232899741417302	0.7538543674881641	-0.1742653931217585	0.18662923244590693	-0.0024256177966034396	1.3270071854030634	0.7151353206368916	-0.41710643833432176	0.35287844237364546	1.32618286714926	0.15690226043691446	0.2746483687250285	-0.1140563472157955	0.4203505062261793	0.6520146511772396	0.43689719887289735	-1.0187710803531331	-0.6522411561240474	0.08781063976239033	0.3049746044699351	0.07492433564918516	-0.4756203774385966	-0.9262441394580103	0.6044934924518958	0.10917486819385307	-0.6216519219534692	-1.0658616154430434	1.2293895427233905	-0.4090414572318941	0.20230645782207363	-0.9993634030738763	-0.2484480914150887
DTXSID3041794	-7.758311143625051	12.370265043753783	6.546418152157404	-0.05747954849965967	-3.170967553826832	-5.730687089713813	3.6163153266047177	3.7722632456844267	-3.5913207932393267	2.1661675687633726	-2.2808391382276314	-2.52305403278982	1.970739546700615	-2.6688654446401148	-1.3091571106644466	0.1596340278489544	2.138258013556579	-0.26130018671293825	0.3609104811695297	1.0940591792127004	-0.27147967268259143	0.487995476761882	-0.7261349317736202	-1.7134716219275687	0.6560276132175288	-1.4752496482888295	3.582101484228818	1.751756707637795	0.1825998631442666	-2.406947589513774	-0.4740998112402972	-0.2983196418749646	0.9923851068296947	-0.8832506261960453	1.7069260022251203	2.5287550048426355	-1.5616363269587823	1.025333116796341	-0.48089151030853683	1.1757660461408805	0.2786891780118236	0.5306194100419667	0.8950901737256052	-1.543482229929382	-0.9225266236406803	0.6857429604958097	1.0657728002135034	-0.3707086504211118	1.621380658662001	1.6505356231478148	-1.0944038776189198	0.21200558454123453	1.209390701390855	2.7091841910159715	0.5749430997215107	-0.21276051921334646	3.263961300450737	4.092812113277409	-1.1010170084991948	0.02342245711036172	-0.843835964073434	1.1066830294030185	-2.4473089704714064	1.3760892651897252	0.8221461950143181	-0.9524611889833843	1.3080595368190433	-1.0998212775666338	-0.13452289739679033	0.06624459905854688	-0.7269518741669962	1.1199405364034547	1.6530583343785783	0.49280335229643324	-3.0700765688626253	0.6553766418647073	0.090287688197928	1.4342275718654252	-0.7105504671149913	-0.3206009322558671	-1.0943878262104114	-2.60479694295292	-1.8115515146210355	-0.2280230001733651	0.5009907339375206	-0.9068333347134602	-0.64770220844845	1.3546944836677852	-0.17466542834571674	1.0807587488799615	0.20995487656561132	-1.1686726518153967	0.9143286063019684	-0.03411837573543989	-1.165482905475481	0.1928196040880837	0.7609768370975979	-0.18755926768302794	-0.4069315345855157	0.7673163779699019
DTXSID3044203	-16.92346715960536	9.243876486072605	0.8810628015097768	-0.5916211250451516	2.3680493376940013	2.37444768758239	1.460312443916102	1.1334701267129732	-1.8146883679311934	0.9296628541798733	6.366908644492257	-0.3422411338134898	-4.246686386295689	0.30571867177751527	-1.566126507864217	-2.4117200494156044	-2.8191182685428777	0.8371323899529466	-0.7568657163908935	-2.202343802048003	-2.0808651797455076	1.7445925827756246	1.5479872546140596	-3.2766563531205546	-0.22764725915471404	0.5016471917337498	0.28265748177275885	-1.246591891659695	1.525104420022326	0.7999712386457302	-0.6511478404590961	-0.36413203170513125	-0.08299333243896558	-1.537343265617869	0.47200284686710514	-1.7088784481068107	0.1284925983482375	-0.7709787646642291	-0.6100002419851583	0.34241038980206107	-0.286204358215067	-0.675703917243606	-0.4378451057155341	0.8876226456471902	0.3584202765873833	1.5977813016069198	2.3516073198210217	-0.2592399316120683	0.6226238815555971	1.0459975328953104	0.30592552171649046	-2.3916337304055113	1.862709430995785	-0.7128479723871503	1.4989090207770337	0.8496049534227776	0.37737549898123696	-0.5770971179459322	-0.49677001064034165	1.8757329473955084	1.7928568185284248	1.6633604456904474	-0.9589085009731031	0.1510092753757387	-1.1716276823931298	1.8146572867280908	-1.013164921186537	-0.2843060174894054	0.15567757006120864	-0.1315122504651515	1.5340394921352194	1.3887002604610543	0.6513515982941954	0.8701829960225588	-0.9327951487511782	-0.2842820331762019	0.5494462551367548	-2.745781142729462	-0.32881344344297087	-0.9689312788365994	-1.5138184441434723	-0.9549836235193552	0.4838077052984105	1.3621321939076148	0.6924831302766965	0.0553703686479748	0.2031862759081985	-2.7660019669324516	-0.7730822786881594	-1.0421306011366551	0.7099402607769969	-1.5365640241495309	0.1223072875801021	0.9908141658654912	0.20685874974006832	0.46389800664720476	0.6858481660725676	-0.2814885482639161	1.8302534385891143	-0.9759785296285405
DTXSID3047267	-20.775440633223997	-4.3692494634413865	-2.228517980556097	-4.791015207983166	8.918146596356351	-0.6742333112116686	-0.13305180204037514	1.475763259162397	4.417602834613721	-0.5361907192701065	1.182990971056362	1.7495121563085303	3.1338772855460792	2.6892537642098038	-1.0033866305109171	-0.9471055917260329	0.9458740958416837	-0.2204590117955729	-0.2847333707474214	-1.4023331559181234	2.2489783007632855	-0.38242850472680107	-2.453170028821306	1.9199000128413994	-2.5967926578475513	0.12204884975044314	1.045560908682028	-3.4294057204251533	-1.8510793816468698	0.10808225061976831	-2.0511431995010634	1.8590846419400546	0.6577415883906662	0.9029367026546413	-0.6304509089880468	-0.33160139690431956	-1.0256338709449702	-0.7691134258694516	1.9206793496043089	0.9636031555477422	0.34801737542720584	1.0861828021398447	-1.091767778767566	1.3985969493315058	-2.0101029182348444	0.16052045463186598	0.2169302869411693	0.9155609610977871	1.7772572281455332	1.3194268664070368	-1.4251643677144232	-0.21321372903125432	-0.4313817944751404	2.1880731786190615	0.5574162893113742	0.7032176177885996	-0.2778809064628667	-3.1567624304026793	0.6244501931445148	0.19681905177647413	-0.568207499415946	0.9995597507362478	0.034346400384947524	0.44862516569255967	-0.8845993811510293	-1.6346864670754147	0.20282444278938055	-1.6561770168070384	-0.5547900935216057	0.8803152488228547	-2.0719129442301703	-0.13851604286532568	1.5291683043742221	0.9186987426599093	0.5920422558426629	0.4177506680125395	-0.9597268767079531	0.6553702013902847	2.2397171509182288	0.25305853994149163	1.3451919762639335	1.0516589466042483	-1.3770339933406117	-1.610993913826577	1.805930973316491	-0.38351142596674986	-1.161341335914069	-0.36904908453540697	-0.032921336760959215	0.5464122225570818	-0.17476219831294088	-1.3247733271244244	-0.22713194093277495	-0.6332653250019452	0.4521668833944561	0.6361058108485876	-0.5259174281258538	-0.7803109074598844	0.5895925132584994	-1.4570271549228049
DTXSID3047342	-12.641127681478517	9.119168601343016	-9.18646653458968	-0.48260258733715894	-4.904809539100776	-3.370945706086329	4.744109405851811	0.32275053241510665	1.011626432575667	-0.38202709168678095	0.15349234130602993	3.911132520672613	-5.583626505799026	4.461516320444204	1.8538363558702915	0.29571808856832876	-0.8678281111248249	2.5487406762829092	-0.3063478630144566	-1.837462621489913	-4.247695252620801	-2.430781083630202	-0.9692923478426863	-2.3523359022249064	-2.3693525605200922	0.8395732392233443	1.196974163169191	-0.01914432842122816	0.1872068531877966	-1.165216037445446	-2.355545171908637	-0.5380927553691294	-1.489392157872903	-1.3021015116249892	-0.14675171636697734	-0.928332142652098	-1.162879986488603	-2.1686835238660196	1.5072385651513498	-2.0294550815592087	-0.12588531130548894	-3.067689300669045	0.7909441987365845	0.09370856548859949	-2.45607580486045	0.6770218504747442	0.11778841063807038	1.4397464506475632	-0.46195787725188203	0.25511192602427357	0.4563616126947523	-1.0688019119186478	-2.4659614943382397	-0.8086344859170315	0.4055249582098333	1.608195714184533	0.7741849264862914	1.6595306328861208	1.7471290178792311	1.3554655087809708	-0.7197153274951339	0.05806842232588429	0.298269236574363	0.6328640132462457	1.683338587931042	-1.2894141613084886	0.3548938834332559	-0.43831790434543055	-0.24025153735745697	0.7536460052828923	-0.6066536760960201	-0.3923821540897159	-0.43432843898165074	0.3714640356853858	1.2095930700991437	-0.07076157709209904	0.9328436959483344	3.3448302657351956	-1.5669647575750956	0.15516680972867686	0.36241677081639656	0.6962606083050437	0.7204275614285228	-0.11641828013278313	-0.21476603389113796	-0.7222384105276446	1.0725986822971227	0.9265547087417414	2.0854736655890553	0.03417953620674711	-0.07262096426880976	-1.7596620600138946	-0.9762097066207711	-0.24562415041624375	-0.3948379423469862	-0.9538500125404247	1.3030352497392086	0.08687628546777881	-0.06013648479183556	0.639237817579394
DTXSID3047429	-16.233456150127175	-26.084106771389187	2.6889750605615825	4.247816235548292	0.7907249530123153	2.934791428276591	0.6384808991572558	-2.3246644060478974	-0.22444016458503338	1.7123812819555793	-2.0811352433404045	-0.02768522653255559	0.9928757553976784	-0.7078601376367186	-0.10604151053156444	0.7154969041434611	-0.25584017297366735	-0.44475661630691143	-0.33635452427196644	-0.9393884581649361	-0.025810899111711947	0.15360839540841562	0.5205162826416658	0.15302234314533142	0.8506729392227023	0.012995876873281464	1.088348445646078	-0.9064839425501308	-0.47878606205140506	0.15327912405134547	0.03926845565203478	1.7319473910115455	-0.31438535552356406	-0.04294323748741054	0.2865977558197308	-0.8330719939461966	-1.05057825003704	-0.45666434227220587	-0.43085467766882435	0.22022071034841587	0.5224594675703313	-0.41363247687197563	-1.1004128337160994	0.3428838644872148	0.24468078402305793	-0.19253166075510864	0.664607162703598	0.6085157342936641	-1.0163785495561168	-0.9267140565889512	-0.029639439945846117	1.1885663538909095	-0.43991876357654053	-0.5844710049721551	0.25331052580285396	1.1476381167698633	0.4094409565316274	-1.0905801457775621	1.3664229136111161	0.5008235516062228	-0.486237737869579	0.8118150709725334	-0.2245481227261349	-0.41101677299144296	0.10608620265965449	-0.4617509894302559	-1.2618633138561404	1.151927593125179	-0.4455107694172058	-0.6308225739463889	1.2620379698954194	-0.5755948894961092	0.31845706339936386	0.05317559055974661	-0.8875938939174378	-1.491442468903827	-0.02046025206981066	0.736978816556913	0.35742516660693296	0.8084706052949031	1.507470344704657	0.8433434640747068	-0.11613523181809457	0.35400584665049206	-0.34198391246334203	-0.20151578902852935	0.8170014383929968	0.6315266960199089	-0.9030853064704291	-0.43721472872472034	0.35798303881218513	0.6604666272298317	0.49949348132136967	1.212741934040173	1.5389726356437539	0.4730223318997399	-0.29221362851468485	0.2093744741249022	0.05268006570498458	-0.18698149262160338
DTXSID4020290	-5.228935232810649	14.982849337676688	1.2466650488216389	6.228365976601218	6.524471598158899	-2.0479383432199683	-0.9804105438301596	-0.5255533287870962	-1.1357251305477494	5.261536266294516	-0.13442332402648804	-2.972999263037484	-2.156216219219777	0.07516166248586476	-2.779122440264783	0.8198316176316094	0.5405167483754526	5.081272327352082	-1.2014440970858067	-0.4148478913676595	-2.146115821316074	0.6627401259134068	-0.22848229053251498	2.0596289088277	0.18319175514287137	-1.1860847696789092	-0.47654837940518824	-0.416791395089204	3.493625925290667	-0.16832373766755593	-0.5611657584592371	-0.04483651050136273	-1.18033601740629	1.0292582729437767	-0.18490332368890997	-0.4096772435773648	-0.983358159503774	-4.71548842144099	0.30789457919858804	-0.4206716377677917	-2.4579053231092267	-0.9169742014923075	-0.4988837635424	0.6853550944637087	-0.41674848421153166	1.4344462621397887	0.965544709283617	1.949071327928705	-0.49647989371306145	0.16326870805015548	-1.2592581895591428	0.8884831787850074	-0.8650274746821014	0.3412385310261169	2.011458342643686	-2.0511567600150418	5.235214774207289	-1.7264380293200756	0.7521490115027454	-0.575322092410592	-0.2782706512789765	-0.9604790961598763	-0.05164271064335379	-1.6854098167359142	-0.6764031717273739	0.1287477165700418	-0.09738614399116217	-2.3455274952786596	1.2912463172073323	-1.9546719091755074	0.4606213319992745	0.6947059730221596	-0.19973448376983832	1.6965662949280416	1.572833215538709	1.1862151502218659	-0.04255013277286761	-0.7509787125288511	1.3070814261241404	-0.48938514328375404	1.3288749079792734	0.11624269299267122	0.6835754424972591	1.1210737342426538	1.1693015427351605	-0.9287678380172385	-0.2537608088626487	0.8110512934231362	0.16455656818470443	0.12899501930086196	1.1485476948040327	-0.8338425338522403	-0.4740347881065945	1.434350333445391	0.16836621716880582	1.1983284109001255	-0.3375230693762854	0.38656126260680096	-0.021154889048760166	1.1478469806323808
DTXSID4020242	-2.5759164112170883	6.597344581147459	11.978749843640017	13.156669792959669	-2.9964111341997306	7.610990982100084	5.468345707766806	2.9513192036139877	-2.591562284235988	1.0542415524349535	2.835000282509031	-1.3034587954753758	-0.9554129860904715	-1.1218149135227204	0.9150859171513183	0.018233981549283493	-5.359598396917127	1.536107854300533	3.0650893748303414	-0.8723328742871126	3.618778258015442	-1.1529956053629202	-3.5870923306395137	3.91669147687805	4.54057299627042	4.561143056234513	-0.28247175207080055	-0.8650728898610432	1.526583432656117	-0.7212119561401142	2.799660263591879	0.6862633216175477	-1.2240026063917868	3.239335239559407	1.6380583153450492	-1.3978816154150884	-2.8284020835846473	1.5973031307632999	-0.9628725544096239	-2.1353382596374826	-0.3240528547611565	-1.5346689003706713	2.094236429573564	-3.0123514586681024	2.087492215445261	-0.2869192240526002	-1.9158141897700316	-1.6976622732837512	1.5973976662606777	-1.2724860356864083	-0.39449742419194583	-0.897111422498429	0.29940927608168033	1.7522266794748074	0.8069047715851088	0.34344203223468495	1.562311041588576	-0.688602404591048	0.8351856037203246	-0.013825482846827898	0.6624643341059995	-0.2917501049673208	-0.5563923316845631	1.0575711244799533	-1.1834799431186387	-1.8384206219418855	-0.4860629499631687	1.4652331965629088	1.0883812791479248	0.2488803773061601	-0.975337280589862	-1.1481457582420787	-0.79375137203535	0.18772235091446632	1.0044003536035246	-0.3733544237668632	-0.35353500305182434	0.5160956496329429	-0.07538426188146576	-0.4976093684734557	-0.7118239554460417	0.108546487243176	0.5178565648765383	-1.1306705385039748	0.2721458473198077	0.08395608473307627	-0.7889285003716366	0.1763488873250504	-0.7185440016237512	-1.3302176202658493	0.3106360598378976	-0.6640054182813167	-0.6339680608892434	-0.27461737742980696	-0.929382115651991	-0.43004340910826316	-0.3993885920008512	0.5278000165830719	0.9279361719473903	0.694289028407441
DTXSID4020371	10.233585395039666	8.729480526523986	-5.88010457757888	2.0515879848919827	7.811871437984547	2.377169689010541	-9.769956337901325	-6.849658223863992	-0.5201131931399421	-0.45030752106890426	0.2925087523645015	0.3761034963223468	2.416055391225158	-4.911724101565729	-1.4171140520741894	2.0481519161658444	7.166111756212787	0.37995581303498954	0.5375418502923804	-5.229402522012163	-0.0799908048037152	-0.9814390326350864	-0.8609706776123522	0.6438802149026535	1.43389678498605	0.6608218860053751	-4.387511833151014	2.82898082514478	1.0303724724861882	-3.8131066778927956	0.646045319168767	0.39466237270103194	2.36957437396413	-0.1041499707789771	0.05089572152516633	0.8875500409302769	2.7065194304222278	-0.6526334577027411	3.0956861321946936	0.07661740002423051	-2.2261803623018013	-1.276880551977219	-0.6904812753897129	-1.6391305776394667	-1.8884212112480279	-1.526722397210712	1.5756197918574966	-0.15966262233757034	0.5094941590918178	-2.556227232638589	0.8289446932249822	-0.48552007233766886	-1.1582536225244766	0.5668569952091752	2.100080603893762	0.6729861051196132	0.1662659737195166	1.735771037610898	-2.18166391734468	-0.30773821973854387	0.7118639891622504	0.27524670670891976	-1.7286045633555334	0.34018920463570085	-0.3534540760521571	-0.6033683432999394	0.596249191291218	1.6263264239843602	0.8255289021943077	-0.36824196620149485	-0.12290008371041736	1.5238524868691634	-0.20278346750860166	-0.9791275751296121	0.07395540395192614	-0.25659051981770825	1.188938140258389	0.7053082282184701	-0.9806481299678701	-0.6972415835273871	-0.766433669962379	0.7929671227350712	-0.160214484006248	-0.12567068945433876	1.1250279654710316	-0.9651881573996699	-1.4113374036275703	-0.5759301409696133	-0.38815101194436713	0.3447037912441309	-1.3255434215184145	0.3344968272293773	1.6166176009654527	-0.7637563104719804	1.14815322856443	-0.32033897939130823	-0.26068710057367744	-0.3558454676465631	-0.31399903533287876	-0.7824356563707137
DTXSID4020379	-9.252805282523324	-29.543335811279213	1.8446018334938608	6.512432668376172	-0.8248607268124568	-0.6748968254209563	0.11824150607520138	-2.8203164107752396	-1.6088393325649761	-0.03392029365308209	-4.092588326052618	-1.0646714694509587	-1.283855147733485	1.6567627908398914	0.3896248422446128	1.6380808103559308	-0.2942870846305244	1.937649360733369	0.9863958838255926	-0.5283327292600745	-1.3196902449964225	0.32041374522159544	0.889477132163051	-0.9522603307282997	0.8367579242878621	0.8174186447047148	-0.6659164372013894	0.4981040864855171	-0.0689733483911685	-0.2762658096624957	1.6430161028158734	0.6878501153239581	-0.20076274105130118	-0.3743458111767715	-0.29768510752784344	0.531452584443752	-0.6952187620285644	-0.20645871819733083	-0.010442030268889336	0.6833305218216877	0.34035630309244974	0.26986375210524655	-0.38073887934446116	-0.16030547604585624	0.5250418906530693	-0.5355495585372334	1.5930089223711097	-0.5144276705643848	0.2660507532689555	0.9615117085427969	1.6408114091790542	-2.04711933825291	-0.5912510179028432	-0.02546894599595186	-0.44324053594053175	1.112408974587088	-1.0634485661707378	0.009624323401949308	-0.3436791865165091	-0.9890890017682918	-0.14542047029338953	-0.6357812133087599	-0.38665801248832093	0.4425085933273896	-1.2227532730719106	-0.4447814724735141	-0.18652950757208453	0.36694040528171923	-1.200837917192716	-0.41900389820265715	-0.6445800436385225	-0.4927281130752773	0.0330007774641613	0.5178954004341739	-0.29433931321144	0.9616059248061343	0.37966621608151113	0.39993728520479804	0.4602566021111138	-0.2020374680654436	0.34132910482598494	0.42595491400889807	0.20799755892995817	1.270638330208634	-0.2027440767983728	-0.6148494174275155	-0.4975078150392182	-0.7957392010514213	0.9520037163479149	0.17796816312249888	-0.42329894037534216	-1.020367871163057	1.4615907235375496	0.3262604961761143	-0.9565259631229718	0.6544372560619843	-1.9449157048677972	0.4690208643604454	0.8813921394057325	0.634689347338847
DTXSID4020402	22.92594674962148	-4.9890164183448995	-7.336833936888844	-3.3198041573225687	5.467289929228552	3.2956039800727384	0.25716300002756776	1.440124751402189	-2.3036978655421545	2.772229762172697	2.022962092699518	2.2919241952727107	-0.026353310769068085	-0.7788430374191333	-0.9210994282673736	-1.4480566701249418	-0.21701337143830704	1.0831863782912523	0.3194200928749087	2.2138614672185906	-0.9740391302592695	1.8308324955617266	0.07048629281914061	-2.3743729301686853	0.47111046083831704	1.1588576145642784	0.3926072944249118	-0.7300452191711628	0.9491824127947605	-1.6473292930093142	1.4341387592518917	0.44816436047105745	0.22609500274726804	-0.16693218721984412	0.040068570217686755	-0.454595242722829	0.2219794192333454	-0.04393680467325532	-0.972992591066013	1.7466570821716907	2.744450446573699	0.09359578254501905	0.6615321757697935	0.9248854876528889	-1.1581000384140723	0.65769119824812	-0.2229743443210094	0.4993853768778395	-0.45338205002531434	-1.2473108667483934	-0.5661292101587838	-0.42647770356973336	-0.475407973018244	0.3988394588265362	0.2901811902066891	-1.113388932043404	0.4885286723930077	0.18089135951862084	0.9148927101001818	0.49146536938097285	-1.326456007281532	1.3388630728535256	0.5755451336192455	-0.25091763798221156	0.553587642513994	-0.9619947372621899	-0.07893720072593575	0.7634675832855264	-0.34676717382681	0.354910856340218	0.24212958554062533	-1.2963274344332187	0.8368240231160363	0.559531987768891	0.056718190328198095	1.2248421879646916	0.3325773948828911	-0.46555759594200596	-0.14626679499813106	-0.2332001015056952	1.2388902041322178	-0.4733657165302317	-0.02701040671217206	0.9075804739219798	-1.0331382678096315	-0.4543797706839742	0.37742768580049035	0.6083219985389163	0.09641553907878692	0.058344907192240704	-0.8808381567143291	1.5783906054970092	0.4182350280401962	0.3251544494669337	0.8685921575110502	-0.07470795725311877	0.6519479548701635	0.1005082745068333	-1.8021176718463052	-1.2530117298608323
DTXSID4021131	19.39702916792004	-1.063824893173854	-15.18855963584244	-1.0209532544092017	0.050405576356086335	-2.40247276338094	2.4313545727095476	-2.7103343878890285	0.26493662180207767	0.045573546183820354	0.9593428653907516	-1.0805450886466037	1.4167725922543113	-1.4279231910585912	-1.4018933270777958	-1.75590150516331	-1.5977355050180695	-0.08461236831258094	0.5833420550488037	-0.11988061449220928	0.9361437456523263	-2.073085616449681	0.15474340399213518	-0.015248786322225089	1.1912977202741053	1.2161264407786305	-1.1963087280069367	-1.1151779503774395	0.651751747280936	1.6650004019949043	1.661381479768802	-2.3052260834149174	0.02693664309914957	1.6148216854656456	0.657447457643549	-0.4633309965057639	-0.27052817519576805	-1.5515830629624585	-1.2348631088877344	1.0843128138308904	-0.7039280354566054	0.26104066760094996	0.64177391623114	1.2953999247144459	0.12824819749979602	-2.0252150857315456	2.688828491180206	0.0831982943576001	-1.0202141528469864	-0.5410118542892531	-0.6966213553003622	1.5328252187958997	-1.5851692245645115	-0.09286606786075662	0.7073977105785407	-0.5645952017453237	-0.4162812740123501	-0.9421777559402083	-0.5268736791395713	-1.0863775264184177	-0.06483864572688242	0.14692506675343736	0.9654941280959713	-1.0402501431678606	0.7401975951390192	1.052492199970217	-0.02922809536292282	-0.46074112232649134	0.8212191652526807	0.28693751875018664	-1.0594096191410851	-1.0004523714991125	-0.5288938708756773	-0.5012132745043653	-0.3767408218256103	0.6029559835273964	1.7978171739092046	-0.16417554679214638	-1.0611999966745296	0.46098660563612864	-0.878808428618038	-1.7226418657340803	-1.1693410107510809	-0.8439585474446158	0.38949336847961596	0.4065944038721216	-0.03344809714571288	0.46137907172446213	-0.7447138633781236	-0.2921230240000457	0.5931328453531277	0.38987735228200626	1.0335193889774377	-0.20888926596437524	0.738876479741653	-0.7259333909967592	1.261200686590408	0.35291833785417814	-1.117470326367879	-0.4279435462909269
DTXSID4021135	17.295099497077267	-0.803314914469709	-12.538049874971886	1.9494254408496263	-4.507833419038746	2.1363875676260697	3.7884458747750855	-1.422388133313256	0.554198619420891	-3.44255476227064	3.41957596486702	-3.8096619778360057	2.736937440344236	1.4246627062415655	1.5015610277649105	-0.8094509278114184	0.9922352913677938	-0.5772231148346009	-1.6672214864415882	2.839037619855107	-0.47840697465301263	-2.049940638344845	-1.7638071205315247	-1.3896306895064603	-3.460325944777384	2.8888142509950123	-3.083510913187929	0.10057674386880278	1.3368158773556273	-1.3602549021036887	-0.6578836559568844	-0.6992077750276379	-0.8727069966645091	1.3152978109665419	1.0677817587983618	0.3825514507559102	-1.8197837786465425	-1.8310305354167693	1.8671137809853182	1.0297828378902134	0.22610187671840545	2.735237478880748	-0.08263207481103983	0.5317842751072075	0.9046370490754887	0.5329870348435044	0.374210068183282	-0.29082027339187444	1.3376091075005416	-0.2619498645414923	-0.05831877615844693	0.3553658597970924	-0.22306485870320594	0.47112058068863594	-2.5059399389791457	0.17271808520674933	-0.5094623770836718	0.18335489029616647	-1.62131431720783	0.24746793398561484	-1.534631663195781	-0.09846464621727437	0.6550071439067843	-3.2700719968497918	-0.12995342002724922	-0.9615158282891351	-0.4923247535274819	-0.7197000639030537	-0.17798051608797888	-1.5831574857702149	0.7371836646452795	0.13961675628730455	-0.011219474507264153	0.671992406168027	-0.1880545428639092	-1.1888243460345287	0.4177524237264741	-2.2296928353276457	1.1399537301162315	0.8051365754841241	-1.246280378496588	1.0133275768287753	1.8934968295647385	0.3772518431164981	0.8926481800774089	-0.9430500598167663	0.8308853597911597	-0.07948099493071527	-1.4656864223296466	1.1855698237605397	0.560503171028024	-0.5802969734360695	-0.5718773637611405	0.5390107018630127	-1.3039101294272295	0.8006519512121341	-0.19139893517121365	0.2594972966660699	-0.45377341043527347	-0.23241976917204157
DTXSID4021185	-15.243036828934365	-26.855194011874723	1.384092219376319	5.1949986820281335	1.1457734636380874	1.8752303308899485	-1.50446246595034	-1.8598888189154668	-2.1476605881791793	1.626099919581021	-0.2509556201657659	0.18806323362647812	0.09783179314186888	-0.9197175783458783	0.3033741369792509	0.26274686729577446	-1.49509591792669	1.0622375479332642	0.7734095704806493	-0.4346972006253417	0.4990865602392851	-0.003053153601516618	0.9544931377942413	1.134578014033766	0.7790495786845393	-1.2095012301763564	0.7137517001124285	-2.40503909624472	1.2241374343974902	0.21585061909414943	0.040039047894588495	-1.460321427159089	-1.1706963217469808	-0.029455278876290365	-0.8360192805403569	-0.4131965230539085	0.6848432183046816	0.7302424598670872	0.4479014075817034	-0.0570736099513488	1.0158286814811854	0.18396149312557525	1.3694403954594911	-0.3809254752247756	1.1240733980770876	-0.5627818218246955	0.22014491081329218	-0.7917098474444174	-0.7179954223238232	-2.272795946119559	-0.7429467104114829	0.5560545470055387	-1.136968762125336	-1.1005872869096427	0.9613157928128095	-0.5359689138592831	-0.29889732321414014	-0.0775381372248005	0.3654792062891723	0.14598847513608335	-0.4895643695803427	-0.9708982885271751	0.25071687614283805	0.5299087535489394	-0.11271937413533478	-0.6897400540802491	-0.40007863051601955	0.19543063379177494	-0.321408248053777	0.5007504724190344	0.3575214537288612	0.3234676992457968	-0.43104409668565646	1.7609698646287482	-1.3811998283095754	0.3169938415151628	0.6634716483983154	-0.2744081416629344	0.16811062974090005	1.196395009867115	0.3621554616704923	-0.534257666775537	1.4218170909530896	-0.16262235585455773	-0.03436462725024098	0.881622162645941	-2.1630821804805427	-0.143106861639708	-0.5448094323568409	1.467102765438994	1.058587025846864	-0.39423256950131913	-0.5071201764067561	-0.8905397135030184	-1.17198468299274	0.1569866777987405	0.06404583692923206	-0.24958241325371308	-0.7471574527071401	0.6131078617456575
DTXSID4021268	11.71483743247882	5.502492858364176	12.88376903949537	-0.1551608323120564	11.446912897001837	2.463355012657831	-2.5137647970461017	-1.140539487106686	2.1494298542159975	4.643690696111074	-0.47160436460316657	-1.6789918220397326	-4.1492516470693985	4.614819350822326	1.5286468294711517	2.0220725833606936	-0.5945684901970467	-2.144424823671225	1.9158857821974058	3.1104070892709323	1.7986574888785838	-3.5850375244347186	2.6532159780489746	-5.132585089421996	1.4256494665506931	0.42107258962111155	0.7931006074032643	-0.984302206449406	-0.2261703952794827	-0.5242486848467026	0.8916640073834012	-1.9159124316907814	0.9992820656947251	0.3389665564960764	-2.0105074132089027	0.7478016984752031	0.7179487157695991	-0.1323405568589819	-0.020216522506578117	-2.833145626626931	0.13951322675526004	-0.8884660854463879	-0.603702134306747	-1.6103269169402414	1.091528763887176	-0.2811328089963307	-0.5537241456847248	1.250175001901079	-1.6736375883850774	0.44273720117132126	1.155699568750183	1.0129389395324417	0.10892164271458447	1.348912335684347	-0.9348469478269487	-1.5371153229573113	-0.7484795159590546	-2.1893275260635154	-0.1304508117802925	0.2213104933143933	1.4700236830357838	0.4314981858035772	-0.29903592816614805	0.9528241511315535	0.0847394095762388	-0.02946960027598244	-0.7663430010380293	-0.17660209223002563	-0.13770545663032718	0.7687709802262406	1.8727316468892565	1.6397533307546854	0.21883840628117196	-0.36852384942896577	-2.003987746073575	-2.446004353219804	-0.07258948832736593	0.009782708425100345	0.007901883408956017	-0.25151190979163046	-0.3560067221689192	0.5604857980555815	-0.4408333301618924	-0.21333380357736612	0.9315815598892387	0.3007435254891405	-0.6324955238554351	0.8412832754317447	0.6237456888592992	2.254818847537053	-1.0542157827684928	-0.04581697310911712	-0.25968911883185153	-1.32624750480097	0.23350667089217017	0.8578290932225632	-0.24391282617459342	0.4773501284809479	1.1532598932252909	0.1935341026746645
DTXSID4021478	-9.606415043251271	-30.51815082370605	-0.037247719626881386	5.1491004768669715	-0.7507597795598556	-1.0789070696047864	0.7802298232225541	-2.7966450410885	-1.4324846729155736	0.6843735371473135	-2.854382016179666	-2.3240810841412496	-0.6908103820598835	0.055172014678059766	0.8676354222269586	2.4207794437225614	-0.3155933445341105	0.945120753743843	-0.39424437281386016	-0.653305068149648	0.07615608451378045	0.18007848748462282	0.5056919219837696	-1.421332174632487	0.26071762076475447	-0.7969641219572758	-0.37965787473425533	1.4924708415133603	0.997450165281037	1.4151939005574643	0.39414578578048154	0.8876062094627654	-0.46862659614473257	0.47849973075470204	0.32038154242953565	0.4018695289085832	0.7196527843830798	0.2747753407897615	0.2873836997042856	0.2924835341605853	0.05729310309811067	0.8572451038188768	0.1443090463266427	-1.3697231741126308	0.03067897843078938	0.6863365599532979	-0.10040667074719187	0.9111921271612701	1.1454421682148326	0.6372280434751952	-0.3221584470286468	-2.3741150766853334	-0.35762536672105677	0.47362880258831286	-0.38961412636917697	-0.35580995682868416	-0.3818415104973866	1.0966182074242188	0.5637579090960197	-0.01251781910332604	-0.31519538685891085	-0.17543605977581328	-0.554189374284576	1.7451779797707745	-0.04278371403105511	0.2814682555486021	-0.30449358115480396	-0.21635040233853342	0.13856286655384956	-0.10407911818830048	0.7123841058673958	-0.019498452155831195	1.1562414775463443	1.134252893430882	0.4243839965699177	0.06926250717318004	0.04571726545354933	0.540809735189925	-1.436497434641087	-0.7367429415359528	-1.1994049177728547	0.6334512522990007	-0.39476590467089767	-0.2351572476674905	0.5797919277610382	-1.122616323176645	0.812135591819975	-0.6627362634335647	0.4448230655681178	-1.1996538699159642	1.397874600058135	0.701809166572033	0.17715214887242958	0.5923712699253902	-0.23566717813536867	0.07886456021421033	-0.8094816355256796	-0.11513928206019677	1.0091101602052794	-0.09944225181823843
DTXSID4021717	22.000393933646947	-2.239628148012938	-4.073274633161294	0.31286182511462207	-0.7693614117777537	5.701984665489365	-1.3743424460770721	3.585613721570943	-0.5784573245830524	0.9826904000748509	-1.827020301071228	2.2039443833144525	1.759377353760188	0.9649198755074998	-1.9829573206188145	0.2967512832677376	0.7065435172248203	-0.6050104715376033	-2.4272061277467465	-0.5315010929191673	-0.009819951430379479	1.111456970521207	-0.18261306996384863	-0.5563407525232034	0.24003850915409883	-0.6587316390309658	1.4425564189225941	2.1055211284717648	0.04393129439549362	3.2598738328933194	0.14055806619204747	-0.6460191511608245	-1.4827800454295048	-0.5356497304638353	-0.6642859839239136	-1.5059631958954776	-0.602164810022302	-0.5255118041197223	-0.024827196269390773	0.10362801506435948	-1.759724352168259	1.3071566310411193	-0.8619229334988218	0.627486147322659	0.8716322792085611	-0.48427743611384994	0.07514298637710909	0.14420629477600966	-0.4718854305780788	0.04655689801814375	-0.16460810376942514	-0.48726803281651754	-1.8233001507088924	0.4068460295861407	0.45737890649988755	0.16776603117586833	0.24458970940056793	-1.0815573715675255	-1.0365618818434257	-0.4058811972519641	-1.011129962654235	-0.5710103580799424	-1.2009829239569632	0.5067349763122448	-0.8458238231381846	-0.9911370278408965	0.5671828436667622	-1.0517255546789885	-0.6808546318034169	0.1506706870467092	-1.2958986290375545	-0.46516791760324105	-1.5304947042308816	-1.8768091554541597	-0.09669620586845605	0.07506584370197636	0.4246408244331416	0.15280309947803739	1.0591134854673883	0.25111949052335764	-1.3670670200554282	1.0707594780031382	0.8061366204378934	1.44424485749483	0.7115248407268003	-1.8072629491929235	-0.2927244986696919	0.7292270233894786	-0.5953133224517064	-1.106639358634828	0.02828380310725892	0.21335104572915656	0.3414226705039149	0.10596020953217423	-0.7325923371207812	-1.4617410727829205	-0.03791458044766237	-0.06684229819077203	1.521856925847573	-0.20026305175021178
DTXSID4021975	21.82756302931201	-3.0981197209581044	-13.208267665352182	-2.8917976797625693	1.221942742721427	2.084341019410014	3.386983795271193	-0.35548456774590426	-0.742370618292789	0.8380966106379699	2.2052566715238306	-1.6979139112892627	1.590492002469492	0.0459568004113495	-1.739054885918671	-1.2348294740934083	-1.6342454173501746	0.3470936746086207	1.6647322674722322	-1.2331920421966875	0.42453645761477815	-1.3826476326917805	1.157640166293087	2.0982552158930656	0.9077168551563294	-1.455599330358837	-1.0816613182153274	-1.6652645246279594	0.5108465070810848	-0.577377761825808	-0.06524846629930182	-0.4004666367802319	0.39474317724065877	0.2506452676365299	-0.2207926148817817	-0.48826210823020016	0.04667072843602954	-0.5492996167537447	-1.5991553922721193	-1.3246974557725655	-1.2471002389899293	0.070727186414059	-0.009369541206997891	-0.9365274223344333	-0.13895397769132778	-1.4624766268378138	1.971575942577558	0.640615869757975	-0.21962769142270053	0.6575110819990037	0.647177600034646	-0.2687272162174025	-0.4788098629577314	2.014041647874401	-0.483665028934694	0.4046400203981896	-0.7241223655700899	1.638085742556398	0.8793276645381017	0.4687528595472846	-0.7844040949500942	-0.4419977501111016	0.4367800471256827	1.464825323117359	-0.10880949230877288	1.8693453731953327	-0.015556940105165014	0.289944561414342	-0.3600571496702526	0.5303120862970777	2.0079501427255733	-0.461991347118998	0.3367334350519044	-0.1753668368382618	1.876297179415391	0.4339505688258738	3.021966791264946	-0.03492979792497272	0.7724984592076755	1.4353523054918405	0.42585722625302835	-1.4901639180482664	1.1918005714562732	-1.8127283617591525	0.04777381559493171	0.9754011622360699	-0.5628594136125951	0.997964734226441	0.030826272618301728	-0.9874830587351863	0.4328216242995791	-0.25821876932042115	-0.7058067187165185	-0.014312211534128197	0.10898790696781645	-1.0302105117127458	-0.7801178014711306	0.930439902244951	1.0160885498293633	-0.2833955665155573
DTXSID4022361	-5.857468691463996	5.036795908179471	10.15237400373964	11.616454797981795	-0.45990068053305244	-2.4938036124653564	3.382248194420968	5.3407909048091025	0.20673111741726424	1.89571688306894	3.7842425640263864	1.0909239011396532	1.6406880098461691	0.24716924810322644	0.4858693717264354	-0.6759260981255157	1.4735363591161252	2.4896701868711886	2.4741435539474073	1.7382282293621334	-1.5053510109298465	1.3451253722635381	-1.4396012308640764	1.0140474630375422	-0.680976487269133	-1.0761741077685332	-1.6296828496638298	-0.8203130157797158	-2.513189715214843	1.5351722509779342	0.7965018889298766	-1.6860683351138022	-2.158174592685553	-3.152507187456843	-0.46654670128946724	-1.6387292287351805	-1.7473572734821512	-0.21870157198342302	-0.46217635341284535	-0.55269108054649	-0.6223192717161311	-0.7325295975486161	0.2619924012328678	0.26443395277409504	-0.878433402096066	0.76398028916513	1.3963959576630882	-0.4700596155058031	-1.7384017237850207	0.34654206566123813	2.0488279788878954	1.921651285488861	0.7702006983438295	0.4886051975576891	-0.826385451469798	-0.37588263833058494	-0.4602276816027384	1.2777589929521558	1.5409339982219201	-1.9233222373065952	0.1823496353138449	2.1103587281629976	-2.0900005422049244	-2.6641205086306172	0.8160621035768545	-0.8130266713248627	-0.9515542843992313	-1.6950596133789968	1.1366821803925757	0.9142742729237882	-0.41023601627625733	0.7900103877747647	0.4182217566449749	0.8818896694804821	-0.6110521072492604	0.2081706945256752	-0.9810648042448136	-0.6855931661059629	-0.9339943757853306	1.783820390278216	0.5813421722761588	-1.5567288098093415	-0.7236282208443646	0.9751023029859743	-0.03912813085299939	1.2199716923210087	-0.21591138244420485	0.5896900843785645	0.27785517996642456	0.14639987412816233	-0.5881331722121593	-1.048641024016333	0.9844964480318774	-1.4210842966430492	0.6477908360221716	-0.17161640407432882	-0.9332858055101135	0.13098888479006723	1.0779984346014102	-1.020713561906654
DTXSID4022313	7.782860365200804	12.275385966390521	1.8006722658735566	7.196576771082929	-3.562890943042733	7.736460101123512	10.541775928193804	-2.554303347333409	1.077582580011709	0.8079150003805082	-2.2728546105465988	1.267493532373623	0.15626659282113645	0.9561723120766935	0.10299473171262089	1.8947120450730506	1.9663675801379759	-3.9727068883850536	-2.271402137903978	-3.027496755931831	-1.28409983446908	-0.2434034533849156	0.7862051049586046	-0.903612720117427	-1.2982558815079406	-1.4549306571195264	-0.37842789161056833	-0.17818778835878812	-1.2796287250147442	1.287036432670235	-0.8652010185364105	1.808209101040653	0.6601315334898081	2.156020932867779	-0.5496081627415634	0.5101511272048085	1.7743112793861533	1.0281646008768486	-0.20768132165305225	0.44986013881866804	0.24697962112357	0.5240950698997617	0.5993390809376584	0.4999278325858891	-1.05833857019588	0.24989212100956806	-1.3644971830361563	-0.48136327081092867	0.08734397067643171	0.7684738941562534	-1.0560857789396758	-0.42602371837273356	0.08325752258569917	-1.0763511791145837	-0.6761616097095534	-0.1991053848142624	1.304332687200957	-0.8459776095398013	-0.12512452561743997	0.8164473061935323	0.6123913049571824	-0.22295124622435067	1.3263509287857995	-0.7452319961260567	-0.21071385653761635	0.2783894557457056	-0.48388078668572304	-0.6686130967307324	0.34595627464647616	-0.9638824629504101	0.3249335614206102	-0.21214238625586493	1.7499894810128578	-1.4718080772157223	0.46827105151396853	1.4631883976607893	-0.6955703108891799	0.1976642841360162	0.21779935810361412	-0.15848291695816338	0.225561018058692	0.005960643736606453	0.4632952235833605	0.1510129197368342	0.4895716355024148	0.2826530946746965	-0.1554702388892515	2.567532808648604	-0.843018462306989	-0.7585698493152161	0.21669379868200547	-0.6023463017322089	0.5807344533994436	0.8365240883319259	-0.009847633957883885	-1.1115215185535452	-0.2054033784674174	0.17390019769857823	-0.31141427564987156	0.4440008301020368
DTXSID4024062	22.121477613080586	-6.069271699519174	-6.32839840327809	-2.2847993783741884	-0.769756965702855	1.496915847380465	-0.9620454081796648	5.207445279660642	0.2444846059950933	1.7742370250474218	-0.2471843650150446	-0.3175403483629753	1.7785186108056035	-0.4538053671157468	-4.675546290600714	1.9923859218111588	1.1450815051892238	-0.16388311159269428	-0.8684028202214704	0.05847415201029173	0.3989703515355722	1.7118559143405965	-1.2226472246981186	0.10829232435127825	-1.0047417650245793	-1.8388513565100846	1.5217253007237683	1.7275296468150203	0.08153649490572534	-0.4412326525195685	0.2587027781454383	-0.19155548690144675	-2.307941973627135	-1.039268199516915	1.1843335732867681	-0.36509534987975145	-0.852760041054753	-0.8024929028773286	-0.8066640571958866	-1.0318471888109193	-0.38879881159438995	0.38221374574427086	0.998877009566149	1.1939407449276542	1.3508024596149129	-0.5122882114202393	-0.2605374686890242	-0.07252428860240612	0.94756068444428	-0.3647467198430314	-1.0201281379428193	0.8051700195949699	0.5978098353378518	0.13270038746615506	0.023538008027753164	0.2954045718704041	0.3371540422339317	-0.34898694841734273	-0.7025882400469504	0.3139365164285112	0.4256761176524856	0.688692599530672	-2.0026861016298056	0.08738150617827553	0.7355239048985566	-0.34088440906201445	-0.7775812757106466	-0.33526597546582215	-0.9159364654828125	-1.702592940929772	-0.020642115304186137	0.289225353501094	1.9548230306516972	0.557558169030932	1.7132525465627144	-1.0505306592275157	0.33285349047108326	-0.5804394606450852	-0.8407478309858041	0.005016158939124936	0.0025170873567267912	0.3431801260031909	-1.004160158143939	-0.6337604905136489	-0.19617383441590783	-0.15568970904044754	0.35707278477898763	-0.48274072860224787	1.7060307509187012	1.05163237701358	0.4793042516612008	-0.3040964900481926	0.8217020632692604	0.6214610180545215	0.9073613174755305	-0.6802020188462078	-1.3360610227459098	-1.1891468634266307	0.7774746916415336	-0.06047902963657882
DTXSID4024272	6.716425204615308	5.509827559565705	8.967313724269765	-2.5597459224971786	15.785866902262207	-9.378979572320919	-2.958855991064649	-0.4002161807149412	7.355117444924569	0.9837587757832785	-4.39354584074329	-4.403921972574115	0.3888380411560283	1.6251860990579479	-1.1289482899926766	0.7175668225218387	-3.4253715497005	-1.2960564006554225	1.6266912863473972	-1.129227326976423	0.35090826208809345	0.9752792690283851	1.1733908176250933	1.9916889964385909	0.4343193670749055	0.9907294146873259	-0.7438113472042491	3.3635688554669	1.4407726826873721	0.0357280561321741	-0.9059134865054934	1.7772673012272633	2.0472765935712482	0.727854703249832	2.228146734403695	-1.2858744904291894	-1.5823697872155527	-0.0843472454263947	-0.5549799240628335	0.6485365698162525	-0.741462357310595	-0.2682191159325374	-0.36754359438633527	1.397595514451585	-0.060601242742548515	-0.4563450989959464	-0.5451075362451161	0.09014214252858005	1.3287770151947538	-0.25731252648771763	-0.5512617545841679	-0.5268516238349826	-0.5058917047506521	-0.2167640463447758	-0.4020633194986981	0.3334809440310603	-0.1876744950554772	2.2341024302860033	0.08711415690964451	0.628891043632804	0.8837438462291429	-0.9336367060468576	-3.1918793968403385	-1.2533822824592722	-0.2648152501331225	-0.35530475754315655	-1.8005096310265238	-0.11996970257172435	-1.6162527088524017	-0.8138999060472645	-0.6658568564964312	-0.5110561433331844	-1.021760479937847	0.2891041909838524	1.2456326351944818	1.5828554337130452	-0.884537289731474	-0.7506051140884258	1.6071368574773661	0.3258067381250886	-1.3791703753865479	0.9197392220512055	-0.47933872576990333	0.08217375924791573	0.7577041047174446	-1.0681981694037028	1.3729977416361183	1.7592303866418526	0.013435726814886691	1.1208160909177407	-0.6314534945238652	-0.06860431268613153	-1.1985665068730906	-0.6005682440346517	-0.07802251399310343	0.4872149559782141	-0.04225322740563629	0.4662580458852764	-0.007712711991267856	-0.7899047497544294
DTXSID4024270	-8.615575241222679	15.001239116765689	5.549164262425052	5.179571857961918	-1.9389183411948903	3.9894381545886373	4.272140231760536	-0.09280418855607508	-3.1115334977726605	2.330831741980442	-0.855702502569969	-2.0195131835489	-2.1178288980396296	0.8389740736648933	-2.6012885069604006	-0.2349018548837771	-1.4853226533791062	-0.3733375886058345	-0.2120831976433175	-1.6073100765331276	0.8545899817526201	1.9697588138178046	2.7165519911737084	-1.8540393377814333	-3.0386030565997793	1.0034593110182541	1.453604396574684	-0.3098555663995917	3.156847822331488	2.36623192879516	-0.006676755764663217	0.12181743784607357	0.7068503285547032	0.23875463066274275	0.9272791295071521	0.2890357455388067	-0.05641953808305472	-0.5916729254615342	-0.5179490045148114	2.1590835050594297	0.1934645306223482	1.1475155289698105	0.2672316045847168	-0.1932798907939353	-0.46735147395564314	-1.4416067570789974	0.13244794312986924	0.6360481445217047	-1.2315394541203528	-1.1291924118489498	2.56962888587399	-0.11644129776146694	-1.276252419969351	1.5380145553895654	2.2642709112028414	-0.8267419867494652	-1.6572467273868683	1.0488068717799046	-0.030732280768235042	-1.611446389202543	-0.9023725081564087	-0.6387631855270263	0.9397621760058169	1.9742354984954649	-0.7205183279002098	-0.28460383903533126	0.10938066206831878	-0.5339256561746953	-0.21393577408119244	-0.4363069968459585	0.7205792220782428	1.0511349692539194	-0.44866799395444573	-2.9364198968777027	-0.3225561254200855	2.1859581397761545	-0.8773563437817555	-0.1470902643044939	-0.02642602555859654	0.26674866489945553	0.6834634144592181	1.088138396637968	-0.48870438729824617	-1.0662170859417899	0.7766157866700589	0.451763074478971	1.4738616662437867	-0.9976156884755918	-0.1462580002885388	0.20653160494301243	-0.08133278973001337	0.09622104049980736	0.7187293001697324	-0.8183868599048792	0.8560554488357673	-0.5763772504005065	0.43641713051591513	-0.05225535857230268	-0.3696020526084382	-0.5432480659679025
DTXSID4027236	11.26476897941092	2.127143017803071	7.5863085484561426	3.929320481869778	1.5638050624262616	11.047266135188465	-8.471038596063307	-2.7678570523866872	3.059090766314104	-10.467489374134985	-3.785924105129875	5.433030787222399	5.291337738260427	1.5375092969005109	-0.32756199486591825	2.0853456428578516	1.8711023124218296	2.8133061987386285	1.718908493357395	0.8401164538679151	-0.39774427502243864	-0.4561909349659557	3.147135387955553	0.3663327101165094	-0.8765574693083946	0.7073324696925131	-0.7542263850927015	-0.7711437049851729	2.1945138297241855	-1.3263494883722382	0.5977019418927663	-2.740802956035103	0.5224919017171208	-3.509230318073408	2.0294016017811316	-1.851280127958053	-1.5347027736763295	0.8953895933224848	-1.767661087034449	0.2768692402600228	-0.27708843753823104	-1.4441259238162192	-1.4588827514522942	0.3683836906999729	0.912944601396949	1.2574201279864514	-0.005881311876379325	0.012627431014846698	0.8575258000677839	1.1371364300999056	-0.940308848944147	0.2818160136976441	-0.8627452743358286	1.0290228387339146	0.6094927745745281	1.0050342110892991	0.3209541706694411	0.4662026020194221	0.5505897170020352	-0.29262623213470207	0.3694767939592036	0.8387758674930007	0.9362949643810154	0.4632627016707879	0.6399830467316718	-0.10183979884178182	0.49832963760852006	-0.005700119692615638	0.5208627634476715	-0.16217099560904089	-0.031335450129805195	-1.3210149017245354	-0.6739360018998605	1.2651832658599786	-1.7061422537438728	1.4556691560681734	-0.16732276278120436	-0.19064591058863753	0.6041955168289552	-1.3203761050877763	-0.20328145373662906	-0.9252009610624181	-0.36149538283300386	-0.6097327639804545	0.808817585260185	1.3286783340511525	-0.11064607798971328	-0.5219537800100613	-0.04228385812994991	-0.7797218314849694	-0.345074310270778	-0.3000112603885127	-0.3373581291725963	0.9396155834895418	0.21936396034825073	0.20242413354875952	1.0654125314036569	-0.17582156640567725	0.3531315856136039	0.37763966743044053
DTXSID4027494	23.52062480879344	-6.079077415581814	-6.737320405423623	-2.6651980585234623	6.832857855611255	3.2167439226339996	1.1580497239995706	1.798056434324005	-1.3397890074101984	1.6351020645937926	1.007977326125727	2.555872211732107	1.0643719935816254	-0.8467647686687343	-0.6590880113239957	-0.40091400450661385	-0.5187000056825443	0.5403327792430244	-0.24568115477023034	1.5305807065755197	-1.641674431115052	0.5496570336673668	1.5886778094785543	-2.4997438873789233	0.041526866659611986	1.0063477066357094	0.5284274968194628	0.36570478257619116	0.20421293011705063	-1.3859710100596294	0.020302643218633388	1.0358952232118306	0.8407838770063175	-0.2095464942098588	-0.4137095712778812	0.5674508625854277	0.8801249741437912	0.6222483157963568	-1.0522437043470396	0.3745280828616211	1.3987205288969662	-0.8322028765069736	0.2810379377011879	0.3037150036029183	-0.2350379410671699	-0.40464851465776996	-0.18771891982970798	0.04481085229617409	0.15946993135114537	-1.7823379420318322	-1.6482057361268114	0.3260468697890493	-0.7852935286406642	-0.6668858162014759	-1.0187914085750402	-1.0011696559628553	-0.8965894317114563	1.2549769831028492	0.15289130482692231	-0.16846448485029458	-0.19242233739551373	1.4510856628989854	-1.090164815672305	-0.28720031234642474	-0.2537510384982757	0.6218339228410127	0.32170014653063117	1.2191113165517828	-1.5940002982769597	-0.33794503515599916	0.27172152386967596	0.06274757690316303	0.11941268242097963	-0.7897524156061361	-0.927179898069507	-0.2892257369651181	-0.4249237952731793	0.4969019692097692	0.3437778639703868	1.2187945351819671	0.8101778761808487	0.28684357984963316	0.627688793966278	0.8755419769893936	-0.2131192972757403	-0.09480913992581334	0.4264809962728449	0.3883634504848611	-0.3955197800588691	-0.17782543212591356	0.2991085787076775	0.3779206870583393	1.0406122189093656	-0.8874186989536267	-0.3608705493926243	-0.7361111065478385	0.8804045616296238	-0.24743543816040692	-0.10347088177299729	-1.199883810055758
DTXSID4027608	10.293993898012321	4.12547463248362	14.386579455849365	-0.46744071812046223	13.806438580266619	-2.3773868849066835	-0.5879211956458706	0.17910435983628262	6.8775076916383	0.8949092327559165	-3.136571271803806	-3.2257416205628253	-0.21279719508768116	1.2089402740596076	2.2952146267898406	-0.4400474413238734	-1.858022343030201	0.58738652548227	2.1344093106806588	-0.1819415699050501	-1.091607080436333	-2.0438668616196654	1.4914656979693681	-0.46114003408909177	-2.7275050114138524	-0.06909029079339404	0.8665587225755731	1.806450212985027	-1.5995862089266957	0.39633799341193093	-0.5332940111705934	-0.5718677921410908	-0.4610345683185218	0.06105414456349438	0.2100282650152246	1.8951734910953493	-0.017472302354859078	-1.7520421315191177	-0.6922891953298503	-1.9851851322211165	-0.06292985795552042	0.9575027776297955	0.30430450720315777	-0.10180980324709762	0.409158616560643	-0.6078253171083624	0.7760141648648075	-1.441292471567368	-0.7229760234884031	-1.0945763707993081	-0.4960855366727711	-0.5785895216970574	0.3602621793632833	1.8380290703964675	-0.9394818378896557	1.4211984331332248	-1.1480487769317698	-0.234084537900294	-0.7688037304695803	0.0374517006117812	-0.6975946802489386	1.194494137531972	-0.8190715296741132	1.1657236860300773	-0.3566817290129873	-0.81416574228937	0.18552900303131448	2.1504907805633033	-1.3406910068803322	-0.21713323265626353	-2.235261931149305	0.07963244221438713	1.9186332583511259	-1.5348177376940217	-0.2215644254394129	-1.8795787301956106	-0.10489423332678745	0.8090791052578186	-1.7131550828575821	0.9752874062877799	0.8229045035021632	0.5910903905780398	0.14928756105770305	0.15903033932251684	0.5995580885660932	0.018385124133242125	-0.2264634074900957	1.0107132869308113	-2.5610578124634733	1.0055310842213616	-0.10082619604217555	-0.6825583454019114	-1.3004483409913496	0.5236097693353676	0.48366055652409723	0.11110821984549384	0.05002676446204034	-0.30083899566877426	0.18682832417140527	0.9641597309297436
DTXSID4029353	-9.070570455646504	-26.877230348419936	3.0381932738441675	8.210328557061297	-1.7406696760671838	-3.2440311684141734	-0.12441632966417392	-0.8417213532392231	-1.4765980038129118	-0.3385257634297325	-1.7269544523414508	0.2700714665347834	-1.277441364770936	-0.9284439887952747	-1.2661348010116926	1.495439962543354	-0.586020511370045	0.439108736393008	0.9457061906722061	-0.926685482958651	-0.20159029955362548	-1.4807822661534267	0.6604851523027914	0.48868715518832967	-0.527997981373408	-1.6232322226480136	0.3567763177436386	1.2837712956667267	-0.7103196422989069	-1.7440289352304958	-0.7122426674746909	0.8421081081996745	1.1271842666303964	-2.2814265890991505	0.3763139893419911	0.6956278235082667	0.19029659958681036	0.7956230711234354	-1.7927876321299743	-0.773857524251914	-0.6347204169375658	-1.171961611384597	0.22733326256469116	1.0430305573196148	0.7104858771454677	0.30569831017151977	0.21541117346555214	0.11653664760186161	2.097486664332502	1.2098625896806494	0.4174730928423025	0.3095317336784657	-0.6177572846515632	-0.23128619048436713	-1.6812260392508154	-0.9790753659132985	-1.2432494765199416	-2.2615426799290885	0.41926849452934106	-0.6885005663229955	-0.9088490313689402	-2.2142200781639354	0.26903682970229764	-0.8277128676006225	-1.3014578825210363	0.2229908448027189	0.023286765456925977	-0.08832752298146052	0.710389398423397	1.297997225959172	-0.607500492676155	0.6526831184439018	-0.03320683500589007	-0.8804309491244792	0.4319334013930543	0.24254027095887498	-1.4581988838304392	-1.3294237614791409	0.3527910945826871	1.1572933062994855	1.2118828154952503	2.1690146453681867	-0.7578236561220796	0.429071923256935	-1.7763353310642958	-0.15486944547924192	-0.009937556812701295	1.2667463233133298	-0.16687728568413485	-0.2990082613758682	-0.8513774659976994	0.49556385751711585	-0.3058528051881222	-0.48746056904976165	-0.23783515973769173	-0.5140823890050895	1.0404962083950229	-0.14853377199312082	1.4264588038355686	0.8293095840517827
DTXSID4032405	2.9139524933225656	9.768992940726449	10.283259173241973	2.049613168450378	3.7875693535485837	-7.645384482245869	-1.2416508694495583	0.14613295364865242	-5.267899140768031	-1.116350819625188	-1.5625294820872866	0.9079804740969303	1.3719822543073201	0.8098160879831272	-0.3153324190398105	-4.381494872703895	-1.6363838706303422	-2.200290340111581	-1.1440131944730447	-3.0853624529890897	-0.4405791443229592	-0.9538738321144211	-1.1514991066059077	-1.4820096232671751	1.8136806360984068	-1.9319930950881168	2.023455327080533	-0.7771016071469651	0.6685103767812699	0.9098444371177455	2.5737749496675115	-0.4908568390067364	-0.20780739682144186	2.7773644688845476	1.2283140426243502	1.2948004497223156	-0.7807651148563552	1.2614388302747594	-1.8783182964597807	-2.296640403976045	-0.7298239692979779	0.48031398062826175	-0.5020192605741811	0.21242839913737407	-0.13417939934314033	0.6058600574980509	1.3842249862393736	0.8439370999068704	-0.4872884856499388	0.8559481016197054	0.02686445610040677	1.1960466902503946	-1.7709256759615764	-0.7504367381009833	-1.3486680761634093	-1.610675635196304	0.4814779495186298	0.8625909818129588	1.4884985360104295	1.2518227436742455	-0.35403816605946764	-1.1606798538067833	2.199372268575224	-0.16238565979910216	-1.0920275785470108	-0.2214037867390669	0.544781804872553	-1.6502155847829605	1.4030428729416295	-0.4622068632709153	0.8523173661219005	-0.5997125188548781	0.39668322704287395	1.649386592945601	0.856062785307317	0.36528598842007126	1.7629033972965196	0.5868220618761697	-0.13982356071616148	-0.11597967244381702	-1.0534044380173557	1.201497882335259	-0.06357227679911684	-0.0847573831985454	-0.7721107642018119	-1.3082709112551363	-1.1248927910189976	-1.6702141620606716	-2.0585991255567633	0.03014687329173358	-1.6889494555798064	0.23053842329553006	-0.02343382166054848	-0.6392511087659769	-0.45945961246674344	0.3694652764938188	2.3826558636368436	-0.7474006586143043	0.5687550548680544	0.30946472686243637
DTXSID4032532	-18.074821407854927	10.754626657296122	-0.08069972619334878	-2.1635594547765233	1.4006151740180068	3.042192939079662	1.4023457871335068	3.05831900067901	-5.242717118148553	-0.6054174843911878	-2.0837297335016745	0.43771424763151845	-0.10094658258793424	-0.32863540382754	-2.5339184021138537	-0.8035589744888048	-1.6889806017196693	2.738655104459823	0.41182203692016134	-0.6547639521704864	-0.4421116884141827	-0.04975271401211051	-0.4328877017246065	-1.096643992030085	-3.042209082675555	2.417557328381415	1.2772197946597117	-1.8758513661251284	-0.37668406049808795	0.682603244792007	-2.5719452565666323	0.5238994418880734	0.9468543694876274	1.2209665568897226	-0.49420812071609127	-0.4511330984888197	1.8628777012295266	-1.8275855872864664	-1.6299052427895646	0.23382574586677296	-0.5906891318803881	1.0725418851063266	-1.7149313246335511	-1.9161821913947317	0.23771147657636174	-1.0453535455444376	-0.6487435242097401	-0.1885908383510471	0.1155577951225481	-0.4964057359363921	-0.12085168338976435	0.13561122844302564	-0.7999389091747848	-0.6457426609806123	-2.1344816789762033	1.2238570205895045	-0.6286420618117685	1.0492583924610694	0.8024740827079613	0.6390890463438352	-0.13389108988237453	-0.34623945794669897	-0.05716686469282999	0.45888145791039303	-1.1417576104276124	-0.7181754468396303	-0.2925637568702795	0.8850994581274001	0.1974386539421561	0.5019473009852468	0.8000846072631872	0.08022136919350599	-0.545138197761385	-0.03370625844493669	0.21649764945767622	-1.2944189372919856	0.9164052857241203	-0.4310029944544324	-0.24288160386842542	-0.2570558496843987	0.7253513251529633	-0.3141388159446443	0.19407022131083135	0.4383146653767838	-1.829034576904467	-0.6650961217642213	0.46595479082230257	-1.3496731023753132	1.1766840757080717	-0.2835514194286347	1.158052686137613	0.22185440337661147	1.4909745371846177	-0.1381120149583845	0.8041547363556046	-0.09876455598024349	1.3397989568070758	-0.9738624022433454	-0.07867177404606794	0.15615773245203782
DTXSID4032611	6.503264777338096	-0.0770156413279246	19.367114044238384	-9.199173494366946	-7.184699818149575	0.9044267939961695	-0.23198737643275621	-4.45931761843419	3.005401016841635	0.04539454258310978	2.469623223745668	0.6341349961143826	1.016304296884449	-3.3404752146044707	1.0545636656394433	-1.1638096420622772	1.8851475281640064	0.8387886855885257	-1.5913064441433016	0.04048586852073545	1.6178147236803284	1.4464498862170103	0.1346828219542837	-0.7089932839267262	1.567335209352248	0.9170132118518589	1.4181037269557284	0.4828806617711496	-0.7156883203047216	-1.165540051737235	1.0927374101583887	-0.049449668400898934	0.8266085591726062	1.4050576229887188	1.6994704085041108	-0.34698059963728334	-1.7905765883991012	0.5955642637339046	1.2487899446184991	0.17684540388663056	-1.2014161044976315	-1.193991675272024	-0.29546330186420494	1.0472818258933512	-0.44735853307977064	-0.3228997496953776	-1.0060051321270462	1.0543458688717344	-0.7926878230835791	-0.9459180019853032	1.2802132922507103	1.8131179759430196	-0.5422223877808647	-1.3367255735079513	-1.1603920266816226	2.4787753108114927	-0.8331904508338135	0.8323520836995235	0.9701540528241618	-0.4253824185854331	1.795839944282312	1.037526379181528	0.08284440412546638	-0.009602182706342085	-0.5737213450634492	0.36887965695517255	-0.2217210704208282	-0.45128038130839276	0.004529393851249333	-0.339658621049109	3.4145817138598282	-0.06279171403262242	-1.4671984403283749	-0.13740946219302963	0.9001724569078071	-0.6909482363077175	0.3423917912303854	-0.7762217343894496	-0.32335913424578866	0.7252916475515474	-1.7610224898084543	0.6444190534190775	-0.3665937372734774	-0.2854613313649925	0.7890738427583024	0.7242423950190781	-2.025693281149836	0.5727673306472665	0.4157354172940587	0.5324812990994214	0.0935701886089346	-0.26366568616654673	0.15628139025389426	-0.5405744192513451	-0.12120743611424482	-0.023836987200087718	-0.2030561464873476	0.3402596121055105	-1.3222349063497674	0.9314117022770796
DTXSID4032615	-8.01798255278041	12.010390727709376	-0.4588780953994016	-0.5220241604907009	10.924839810421734	1.4093836232528882	-8.009622080586784	0.16657961570442528	-4.901193472856562	-1.5510262833783188	0.3035840649283145	-5.525899670457686	-1.1940922818707056	0.1964778247294222	-3.7692669211875334	3.124942777508215	1.592571302955972	3.5798407652123494	0.6991106965132471	-2.3779540417348635	1.8070564652532224	2.9180830303543415	-0.7075259758239985	2.6585609464698363	-1.1336216392340621	3.4265612928719715	-0.6485345900646226	-0.5037790198670197	-1.0377367293176352	-5.010278192464238	-1.2722463235074093	-0.4950736172843908	-2.67529355728764	0.08929356140668644	0.4699775313496913	1.1344437130361564	-0.12708967191689421	2.879916284209209	0.5126659230285501	-0.5523038524374718	-2.754964056658569	-0.5758826685783941	-1.711235455031249	2.387760463706001	-2.536219825309434	-0.2905180644993896	1.8980043839980583	1.6686454012898735	-0.1381633026994544	-0.6541360752206467	0.8379554492634893	-1.961242263493365	-1.4985228435888174	-2.616076187094044	0.0304955592522333	-0.6142446666987376	1.6367051774061558	-0.5664133881752362	0.2693176646610865	1.0958982541169866	-1.0433717036470682	-0.30968844280358215	-0.3212846768366225	0.39876135439917626	-0.7841933408249702	-0.9779688288951469	0.9438043971078727	-0.7392455788726465	-0.00974342127696821	-1.8021371327291558	1.635076888647967	-0.5480894637102777	-0.028803602312860388	0.05037175251684931	-0.6688814402557848	-0.7554077365707741	-0.38810681388897306	1.080708767787769	-0.4963836352553145	-0.6020624155320592	-1.1775600227658891	0.185959333148222	-1.4605993943652738	-0.9119019647363901	1.0011868752280386	-0.09585013179346318	0.4441984742213156	-0.0036408769859768036	0.14662589543597015	-0.19361693353451648	-0.42871245076008496	1.6803982022200714	0.47695893153527946	0.4000550739759853	0.20036025414616424	-1.1136205239017616	0.14742150670615817	0.9317032038479758	-0.17313824189080043	0.8239612553113268
DTXSID4032667	-15.002305225580546	6.7368776351813775	-6.001569401990524	-0.8931794148475611	0.27971598060627645	-3.218992435103319	0.618366558577073	-2.433568480238106	-0.5514525792010281	-6.110357416197587	-1.070936434383301	4.0397690025119255	-1.813203212445356	-0.42413892685840365	-4.261513164994448	0.108344357679907	-0.3621635001130079	-0.9528322142058376	0.258700380961912	3.454269681976942	-3.022194017341142	-1.5581589509435267	-0.7405590665213687	0.9825162309595775	1.3320307856977478	1.5674737686233888	0.9925238791753804	-0.22897122681735338	0.22581522740616353	0.6141220371652644	-0.4132887156910292	0.46896320958628823	1.3388812047374539	0.9094316803690127	-0.6169921568012925	-0.3740639609703522	-2.54779370125861	-1.4003760038972457	-0.5674562876834115	-1.5995825829258605	0.724201659326864	2.2997289785233765	0.43897829596816246	2.433447059606939	-1.8042298537453296	-1.3624882683358246	-0.6089710996643091	1.1379679787267465	1.2430808847199626	-0.36511849345385444	0.6502090650855902	-2.0776183765371714	0.2803266628983929	1.978921567793274	-1.4962896913262698	0.9437684221342459	-0.12061343914871875	0.7464730721135595	0.7621189641486643	-0.9691210858270296	-1.477529268853566	-0.34070333398161745	0.9795033923347827	-1.343399074146467	-0.5914947390109875	-0.3528441525668507	1.1125879165586203	2.46503311630115	0.4877669874025906	-1.275735262157499	0.6975244275704942	1.613311487942905	-1.150642829485343	0.8297902862709884	0.08612538292698248	-0.5520578154594388	-0.5718258121667756	-0.4615735421857374	0.013312462573761712	0.19754076115316505	-0.8144127836123956	0.9144882580335985	-0.5844144225664981	1.5267028666394054	0.4044070185289201	2.319965827882486	0.32609725951141344	-0.64348746337373	1.0429064114565878	-0.6085098144552541	0.3131577000063131	-0.6748525448137075	0.8394472152284153	-0.6821807132126877	-1.1772570482513887	-0.19856306159168582	-0.12933183014712246	-0.023240506584447266	-0.28165207661191866	0.8537233652581128
DTXSID4034150	-14.949966879992859	10.682851642374615	-9.509946517780673	-2.610829447879532	-5.632333178021144	1.821363190292237	0.5576990629373699	0.14352742285746914	2.3165190492081056	-0.15797815111597682	0.06453612295272725	0.9014397318475255	-3.1971596425816866	0.9132931816677398	-0.15025504422621133	3.817803997107533	-1.0163058449006095	-2.7259236599527847	1.9711981266731171	-0.22835202012002082	-1.3771638549079632	0.16122616580623111	0.2352223658116873	-0.6791581206477224	1.1249020321510763	-2.9654900507244877	-1.7628998264651066	-2.029828560656879	1.4964728609275062	-0.8342369473316692	0.6407287032978849	-0.10648204208318901	-0.11785043476363395	2.180118340621064	4.092399938064046	1.6009057071739514	0.7738181831412959	-1.786029336497852	-0.9651312242364449	0.08729394836164206	0.06814436700116416	-0.11160890317718625	2.907433638462701	-1.017811889839051	-1.6122669420265368	-0.35300882591437166	0.30692843827110217	-0.21815720331282365	-0.5468598623892206	-0.25362241547511416	-0.275892252461997	-0.036483914002863216	-0.04655351812772428	-1.1425001842783424	-1.1675611285743948	-1.2538595579846705	-0.5097801572713383	-0.761717660309708	0.5557155401276036	0.8080402474172153	-0.344325542369771	0.16780438070141215	-0.4112835086104638	-0.650791688907589	1.7837278527384801	0.027862938802516977	-0.688062848670735	0.05262385057174748	-0.4183028785303604	0.36852974498798785	-0.3136234719255613	1.632039544745977	-0.05738857392397318	1.610277497008817	-0.049968996317682576	-0.7062113585567512	-1.3686549315317378	-0.12187457902154997	1.0099540065727428	0.7279788036708189	0.10197597224942756	0.9369176510895912	-0.6106444164195204	-0.804119509515609	1.0647018043301795	0.20700641447568957	-1.0459217757565848	-0.6604508837660397	0.5922336770657738	0.3191005549996965	-0.5703412910163181	1.171833056128637	0.5957962991426093	1.362528935423445	0.4704765107183351	-1.1276010569484098	-0.32602619617560946	1.0465744728662358	0.87056314251533	-1.3530088708691335
DTXSID4034869	-6.009815910078457	6.939636838711261	1.8089234698945016	6.449409558405373	-2.771644791083534	2.4797305190775147	3.757320736888683	-2.787376528408816	6.796116958730525	-4.183050062738015	4.7998441113770625	-1.4988871638698391	-1.3885343498184501	6.279430780903732	-3.1402914744829147	-4.015676685358299	-0.5806408613961916	-0.7423556807143049	-2.586794338448497	1.3147472054570242	-1.7884139765350653	3.749469905582115	0.3902594722494482	-1.4247909619201615	2.2372351266815014	0.009140104226282031	-0.262088038340236	-0.9763329748102659	0.5990653178691275	-0.2840583232942533	-4.758270200519168	0.6268834351559137	-1.22511267220365	-1.0643932052107588	1.3959214858228077	-3.602028558061644	2.9607724953702714	-2.2022940753006948	1.3722366142577862	1.3392299213628494	0.8957974386781662	1.4124409242071863	-1.1810513296059935	0.7475049406001943	0.2499083391558115	1.3703262374148204	1.0599613957731113	0.67921164042232	0.5883738501522827	-2.2477371170281932	0.5743126351414103	2.4138979629603816	1.0464837906581024	-0.12060314468358109	-3.7137489337632363	-0.23605227335518594	0.21472670619211262	2.9277441956641788	2.0190555416549483	-1.0637463436905548	1.4831016262174028	0.6331482069069514	-1.6306922317852444	2.684725356005339	-1.0223071294728474	0.8009814676739059	-1.0163860417571373	1.3738882061566966	3.097990582259034	-0.6601813340071625	0.6015463077639555	0.7499911258735228	0.1051641667369	-2.3234789183296582	-0.44212413369059844	1.2346026343041125	0.49817120114429697	1.1954184672820776	1.2623309531315894	0.4238241414096081	1.6774326467347156	-1.5184297669136233	-0.2578982592078085	0.16347547271808271	0.9772504311745672	-0.40146962946074405	-0.3018296428853131	0.011238907418509287	0.21663297644267265	0.0628229875490297	-0.7158974794730514	1.1313242001608668	-1.1369798203542023	-0.11864387942936853	-0.566579695021257	1.7517151959142216	-0.3690853728142827	-1.2227544206209837	1.4717502093462562	0.628301302603222
DTXSID4042121	12.41521791563611	6.641747583535807	0.7865718045798459	1.4582478286811253	7.627596065026189	-6.558987324369616	0.8008452768577113	-2.674284567167937	3.159431815082988	2.0490413679209274	0.33372486362747367	-0.8376250441238775	5.336402767178347	-0.7958339777934534	2.0695235510165473	6.325528345072058	-0.945559833044454	-1.6226680148947816	1.2274674260526837	5.062968528608625	2.7884992920846967	-0.5758570037814823	-2.198862979751688	0.39862237197611794	-0.3779992389416524	4.310442571785309	-2.185122209362537	-1.878616695652064	0.6852814131044062	1.2163216861598944	-2.408425478046861	3.1359439211424185	0.6944272736736019	-4.4775074338808425	-0.613877636106938	1.5230403566383117	-0.691481195997979	-1.547591536094276	-0.8871321005926917	2.5632804679518633	-2.9915500486669195	-1.0704096672870298	0.5375279073708101	-1.3107164343115236	0.6741363210706502	1.0566576859655212	-0.1800367948804567	2.5169082653676975	0.19484700317594295	-2.1800961134057943	0.7338155636470384	2.1325135858426942	2.3400944127138965	0.0267663452012946	0.19932692421582499	-1.0130495097052377	1.50431806468428	-1.4684209464082618	-0.28439818359940217	-1.2232630467281358	-0.12426924629584757	1.4618345998031073	1.2587439340832611	-0.12232196855454516	-0.4443089634847354	-2.529233487369539	-0.4352315683087496	0.16372901437108173	0.2924861233628609	1.3045423581551567	0.4828357992160441	0.46917264600588726	0.744204841157254	1.5034095062976613	-0.5333225751353007	0.10790075178545847	1.289023772423658	0.9820445718415969	0.9247702188758986	0.4097616549517308	-1.244253965198641	-0.6202536223699263	-0.23303220040134762	0.4139283604503684	-1.5538019436230466	-1.7221506559047257	-0.9110601511172937	-0.8643257309359929	1.1562513333920876	-0.845069753052958	-0.7485219521607949	0.958051396802987	-0.8471796516355712	0.2345049096631795	-0.748843683145669	1.463026579638829	0.10353440910818869	-0.4590894255068563	-1.0388888168949386	0.6498774235960437
DTXSID4046448	-23.68946020515243	-13.972017980193707	-4.171267064258656	-5.339340569027257	2.282610492687098	5.156291303214996	-0.4417755042513691	1.5891682173897987	1.466635820266286	1.5457170220770022	0.1964869274002131	1.4044149620180626	2.0642717400561685	0.27310429369165534	-0.22888581102729597	-3.0943666796034273	0.6569393664722796	-3.254572570276138	-1.1483711913560284	0.966273765057938	0.7051133117880339	0.5306969429963873	-0.5146849953518242	0.7374510744885235	-1.7124871069716614	1.6136849523253032	-0.6151275273156512	-1.0170571334694674	-0.7305997213498859	0.5986638619054432	-0.04690941753159979	-0.7482236310606343	1.2541111254181583	1.9360364213331356	0.9824601057003928	1.1755517281560117	-0.74619318293838	-1.4794448736426988	0.9253790005542729	-0.6551462593499043	1.5937537517584754	-1.1677677284595938	0.10342654701494243	-0.7613762926736465	0.8919436662931194	0.08835996709579445	0.038723628863329064	-0.18454552377177652	0.15565958571976188	-0.601864676178759	0.3352561170354275	1.3976091138734634	-0.22000736882001778	0.02622743292504019	2.6591170787583405	-0.14173154875061808	-0.44372923851453855	0.8477904692864823	0.014520904071125097	-0.20959860837713146	-0.11346724283459286	-1.095986970896963	1.2296521114832537	-0.6778842365779707	0.2739498712093119	0.1266294356739588	0.3915847364194821	-0.09841019790117961	-0.1535702865806024	-2.1922035182074557	0.11708761734675223	-0.0007209472894185873	-0.0959093877823215	-0.38788464986835175	-0.26801349757553494	-0.2653559470045608	1.280204184335581	0.07960627041388121	0.22604097646368648	-0.5342613824196004	-0.23534114549338633	-0.292700971401661	0.0664911460266567	-0.6679356829813938	-1.356890968383239	-1.0816897293463634	0.7795949182064611	0.07559569390882535	-0.7653265355337373	-0.9381700970401159	0.11041231929741513	-1.7096580577646519	0.2951532840223046	1.082575865574341	0.12253253513940567	-0.04770266893928139	1.470415481815574	-0.08063858522719303	1.4893733579813777	0.995814978935399
DTXSID4047337	-22.588382637805793	0.2803544241524535	-6.885323825008415	-9.52019293124321	2.94968650545645	2.927670888283436	0.09073116769739038	1.9674119731638076	1.054897531497	0.5793424904549035	3.121873532813993	1.793064710187096	-0.037653672291313396	0.7678970266401539	2.158852280517333	1.1005982542848787	0.3517212703994788	0.6344002659275746	-1.667050043644458	-1.7326737156088383	2.2723750376613383	-1.0735807774518422	-1.291905059086189	0.5972217309080573	-0.8909700298482117	-0.7632044070434624	-0.3436209580453863	1.0989680265542505	0.49644508067166304	0.9847549859793361	0.9862409884370069	-0.2446202872508786	-0.1643080355011424	1.2878127742891006	-0.8439059278726045	0.9211228639782093	-0.6228717345461827	-0.9319916202844448	0.5148372492671666	-1.4616324152093954	-0.2649335189700614	2.04291115284072	0.6906657435592392	-0.019791310521337896	0.13577113264826493	0.3418525639809883	-0.7374191389482944	0.016468947263222507	-0.762341061016637	0.7032372302232855	-2.2988018298900843	-0.5826441695376635	-0.2686268128622354	0.30255380402960874	-0.9643678064311401	0.40259194586772074	0.6040082885389928	0.5420785133293845	-0.026707555290928452	-0.11970658507267247	0.012655644853827926	-0.4951831022468517	-0.6230861636766558	0.49536689143425716	-0.14150571755856142	0.4218002024415377	-0.8846569505470074	-0.5560470724489269	1.5344328390757636	1.033081410281538	0.20285603677749067	-0.8389203300810459	1.1003107493050992	-0.350332338690426	-1.5385804783235784	1.1912879807254055	-0.18295551541523875	1.2544858418158804	0.7836346541958638	-0.05407936344873693	-0.4623151289322045	-0.11119967712933033	-0.29568623444203995	0.7882998071996498	1.2222818078027373	0.191838906961437	-0.5846329955199506	-0.515394200098004	-0.12986266849505287	-0.031164151430232746	-0.43253800473594556	0.010287735975010683	-0.45952201976776225	0.6796955339642015	-0.21800497550138395	-0.05473518789356975	0.29111169382436985	-0.41765234385108707	-2.1000378866188307	-0.307461143005455
DTXSID4048519	-21.07382163067514	8.186053415653614	-3.3908074959238492	-6.068419037633614	3.463712141185344	4.434067571177973	0.6874954495312051	0.7582601767287438	-0.2983615036450573	0.37106325093418685	1.8064227632414693	0.2498037904179489	-0.7783966608598949	0.8930626973701417	-0.18716589298424627	0.9820277105222567	-0.107334150428362	1.6537089487026442	1.7441837657827302	-1.1714138713657898	0.35103314224876114	-0.43338756889808244	-1.0334037098364939	0.38708553326546385	-1.3019213097439402	-0.6379338917451253	0.35957227652993135	-1.1477159964547372	1.1919851779683825	0.24378820204094148	0.23636254974834042	0.09854935093545891	0.34306096153202637	0.11233000478224424	-0.1317758514468301	-0.010352815104262362	0.050897139338892936	-0.21550278428987393	-0.23507756235975785	0.7013740254975166	-1.6586763743509545	0.7096536750159228	-2.40839652271643	2.3872096175880317	0.8627415708843259	-0.25092116416303745	-0.16412533769283152	0.5574421238381216	0.9949295444614316	-0.12873584327975432	-1.3706103261596636	1.8367416841707147	1.5058777340699905	0.012611238610621507	-0.5072149969295899	0.4592835984747203	0.19736679611848126	-0.8539750274728461	-0.5200602310216595	-0.020674232608951446	-0.03110356899303101	0.8863455316296118	1.1353258001824276	1.1343567454042534	1.1626704074246634	-1.2628601445839547	-0.43662332683558414	-1.9426115507163781	0.6300304009815783	-0.5206107139584539	0.11643661985069685	0.19680279858507285	0.5096302037590846	-0.045167552840703194	0.08757730143146449	0.14756704251217803	-0.0255666509917007	-1.2205113139262478	-0.9850147181432887	-0.016991456698128127	-1.1679426432052364	0.6152466733564397	-0.9837995724959353	-0.38951842336284653	-0.3454248445201019	-1.1656164161120262	0.6343627659020237	0.2472864470030812	0.6127378750814946	-0.29111391118656527	0.40453951005183136	-0.9613822229482795	-0.2935449715754546	-0.6028413924947121	1.9191465803136787	0.23423666958870665	-0.6577273817800928	0.590538528012097	-0.46753905079779334	-0.49982986846276345
DTXSID4052186	23.400412194416006	-2.063109258031356	-8.919958922184483	-2.4484709472864292	1.1112111744762405	5.573107339606737	0.623713433939032	0.5971655835419855	-0.055450530755771665	2.0219161055352117	0.7352995710785899	-1.2713348514545733	2.26853957874253	-0.13382556892595887	-2.235369578468374	-1.14484083529747	1.0277953246885039	0.2655675253872923	-0.0622119781396585	-1.1481961015072937	-0.42502558863998935	0.08409634352617347	-0.8015223226891831	0.10795587117618005	0.8951561678225181	-0.1500310497526214	-0.9464137245445645	-1.2905573124933483	-0.23624241834407353	-1.8204979091433615	-0.2722416320167158	0.8370630737889838	0.36119414796699284	-0.4754987353622537	1.448929495240587	-1.687259530046079	-0.42874243160006353	-0.19095901167423948	-0.11465994306531067	0.17172660225776148	-0.5587998693647435	1.821895512105277	0.06335076386236542	-0.23174368997017616	-0.0751436216928165	-0.34088373926599214	-0.40405214231069525	-0.6954846494005454	-0.28708876139665257	-0.07445154444299276	-0.17132182694020215	-1.839893095988357	1.587191044531291	0.9188126434700037	-0.5077138605711852	-1.0145104088525025	-0.6570732628298601	0.4859061186522088	-0.12311196062542197	1.7147665572211737	-0.12576784121582796	-1.4144650288018854	-1.7345703751517652	-0.9597485161407598	-0.07522212864344799	0.2759959383742908	0.3915638327903157	0.8022945290061018	0.16644560258490493	-0.13482112251863548	-1.0731831690423725	0.6356017120708659	-0.03490838730855306	1.0535450979148795	-0.08932412883314654	0.3025958439345402	0.9580088932886606	-0.437896065057276	-0.5852400131760402	-1.2610908322623458	-0.6750197014977559	-0.7318093525457807	-0.21520799523039316	0.03538265036478119	-0.874573506161034	-0.1524584746732887	0.03886708018619055	-0.38807989737829274	-0.7922936959915554	0.777606649729188	-0.9914102893863239	0.5572515250089104	0.19426383121831406	0.2995021265366492	-0.6740213447993274	-1.3343119433832344	0.4156202053197331	0.9411478627371141	-0.43233840411629887	0.2538548451169975
DTXSID5020233	-16.904598085562448	-25.31732895944369	1.3490179424204845	4.203442166466777	0.6971876349210321	-1.203350226379135	1.8448497592322812	1.2224632049138573	0.4969383173154007	3.024503623886171	-2.39613788886873	0.8323389154750231	1.9840736441358569	-0.4473921669887281	-0.36240307900984137	-1.318879402475465	0.3171040770965078	-1.0636307548531712	-0.7190756673541171	0.1544286775613371	-1.0963711833014118	-1.4780065757603955	0.6542024291381828	-0.2705403527450064	0.1426720743263968	0.8752259590880793	-1.5482856863033376	-1.5927086702951023	0.4606299943375041	-1.5775647379756306	-0.18254715795902074	0.16637235590346663	0.36082974192085526	-0.33586832366861924	0.15170156360904966	-0.0509700327103633	-0.6253363239719192	-0.17092006210118257	-1.0407055409425583	-1.1416618158221792	-0.039209339175976105	-1.7720833005221628	0.37116302595385636	-0.2645394702562497	-0.6354743968101523	-0.07392870004256745	0.03329112946558364	-1.0058631739718793	1.027255461942918	0.4747591763295917	0.32219336801813625	-0.6382618119947321	-0.7948289566181286	-1.4608353720386822	1.5927812478989753	-0.6355211398900945	-0.08026549625133503	1.0559553898888214	-0.10848764956729458	0.6553397054092841	1.2185918241495688	-0.28522239684238204	-0.3491161589436467	-0.033342361861072395	-0.7941682184571194	0.5731147492184531	-0.5802433602697428	0.38891132836264786	0.8475562341187389	0.6552991902898181	-0.7118749045728776	1.0121311432543112	0.018770546573962876	-0.546521405957403	-0.14530228270733803	-1.1818918094810784	1.651556702791888	0.03519990275280535	0.6938431361770168	-0.776602610331016	-0.1309919958082182	-0.35433086811364556	0.1235249067131635	-0.02224081914729345	1.1548008332557977	0.2396760358585166	0.7402623085174924	0.46665817456249314	0.5120975734278722	-0.47779469228587557	-1.3503308945122876	0.13639696195763232	-0.8716266157277863	0.2203990370354253	-0.08130325393423042	-0.42205875616168304	-1.0770558390631146	0.37339292156348164	-1.088840728138856	0.802531566316325
DTXSID5020443	1.5263628685457111	14.513235035200282	7.310496970655556	2.067510600404354	-4.450409626520624	2.261522496422602	3.547382109494536	-2.8029572826540985	-8.465683898776033	0.06255375941525025	-2.1880382930679763	-1.1350926681738225	-0.0888977293682458	-2.5443607717802896	1.8606701015489595	0.3325815912981658	1.7570917049203187	-1.9338133437895866	0.23925495292147572	-3.4379962794809944	1.6624637554184325	-0.8688453030765689	-0.28721062957119764	-2.814240102769058	-0.5871343081698263	0.37303514922178	3.419312837522347	-0.1379360190480417	1.3363703515430039	-0.6257391520748432	-2.6825214109494224	1.1082671976418519	-0.29678734973513626	-0.37973528955858654	-0.3303406626888347	2.1837300420025927	-2.466350487305184	-0.5106944130394592	-1.9730302741619865	0.7372844003161837	2.4928006908989615	-1.5207451628870117	-1.5050640608686527	-1.7253083808584413	0.6092949739057132	-1.3006731037254275	0.7724311090984634	-1.5196596990131024	1.7300631354276312	-0.03985267094596287	-0.4366918852881045	-0.1997556604159929	-1.13614632921666	0.7846209864990031	-0.5102076117603621	-0.21254278426837778	-0.05268324213871448	1.1203805276492458	-0.020774486264761482	-0.7258980026079486	1.3967699381176504	-0.13315613014287636	-1.5614330138676156	0.77373690037077	-1.483798058644473	0.4877843942705087	-1.721934459645598	-0.7614045493773325	-0.42695051960969443	0.26308693536295835	-0.4689743789675049	1.5248579604291288	2.086001717303093	0.48143633276774916	-1.1036946573145048	0.8623395163726061	1.442013921538055	-0.20192012767985387	-0.3485644112950609	0.8771865738848793	-0.70878820716499	0.5449903567208214	1.004892547482397	-0.30678421049291993	0.31232549666995135	-0.8358464872332082	0.7607293892249501	0.4349981295992317	-0.37906111299463546	-0.6156447302800901	1.0806885709882494	-0.23734889801457446	-0.5934391987243197	0.12634978056164708	0.3747201789275685	0.019562793129472244	-0.8425480254811349	1.0049290282382255	-1.2117625706221935	-0.5088006315429513
DTXSID5020366	-17.967853883163755	-25.215334114512274	-0.7761981901552121	2.6826066239068034	0.9760599917241808	2.609993745368294	0.19887360404392837	-2.290053132399283	-1.2189961533900378	2.405048745116807	-0.17113992497858455	-0.7969282063289906	1.6514286225511992	-1.2989444372248942	0.8109577350262327	-0.2336351832035061	0.19353246175167207	-1.498385120958221	0.052663840670484026	0.39586679764931954	0.6675496985393408	0.2930569919294738	0.18976120032970398	0.5095833670865797	-0.25946106528094154	0.07282097429162399	-1.2668462138099916	0.43157549494547875	-0.18625205337157222	-0.3440407875433316	-0.08945615992590324	-0.5213572882431096	-0.7870319203171581	1.0368976111366304	-1.9300449132635156	0.7751810135060462	-0.08237989983674682	0.2811293214036362	-0.22989058943037288	-0.6732582321532584	0.4922678765876011	-0.9861061699602801	0.6373998660522446	0.4320968104867833	-0.009922313844865962	0.22752051326211364	-0.33682643558407027	0.942658901632179	0.3630843450632644	-0.4757562553186225	-1.341687232463742	1.0723168498869602	0.9092195687800665	-1.2865549221337862	0.7855172131140684	-0.2891513634284936	0.6143059067426316	1.3937887322416476	-1.7061202098178514	-0.12112661380325303	-1.1443638845874076	1.9841182972816573	-1.0304488717234546	-0.36334739728855653	-0.2352822437075935	0.7729214427065003	-0.01902383128468533	-0.12894455073451305	0.49712598165608257	0.12342198404001106	0.07966321420325347	-0.6857975809605541	0.129531573169807	-0.47067148527711344	0.458836569913885	0.4613641252167752	-0.3961689089347848	0.4477010819427472	-0.8986115216340721	-0.7559068039844831	1.21602341193169	-0.2740329729443184	0.9374513237983481	0.8377918942634272	0.6876687042077836	0.26420899455923735	0.6569655547568917	-0.267283696387433	-0.2724982564566094	0.08841206024159275	1.2055303015569858	0.7308872369152907	-0.7674189113424953	0.9577896402811572	-0.33869621998649274	0.9496586295749335	-0.5320659780933746	-1.0889613630427393	-0.005887153438305397	1.2612647428677124
DTXSID5020528	10.067720854270483	2.2419964742074097	7.764369871617268	3.3658252611660453	0.3798467863702965	10.232837616927371	-8.412804328480014	-3.004255695482061	3.1001512541981064	-11.074148066886337	-3.0660015483101124	3.4426430771606147	5.238679116337591	0.8197211843913791	-0.42482969594604997	3.7113018647789353	2.832057569550998	2.498543183384845	2.6318934186715177	0.09156865829874024	-0.13214107623923466	-1.6271522354145977	2.67316464484829	0.0956510236667017	-3.751728645809263	-0.30358948330991503	-0.4831448603078928	-1.3240136716143551	1.976267426503703	0.21584027325559774	1.004913704997791	-2.702609096623834	2.0474277733287316	-2.9800389097932243	1.7135631176735153	-0.17392718998400555	-0.473244747334661	-0.8572106168908166	-0.5898408475274325	1.9946428090874146	-0.14810975038153942	-3.3108664167875594	0.11944970235051901	1.0681551217032068	1.5983674843031668	0.9510106594683975	-0.4062533190373999	-1.240087968048159	0.0945767787031292	1.8414637022023104	0.25844863606120266	0.11899412329029457	1.055661758104593	0.17685392820108956	0.04477773890525069	0.2204262462859173	0.7533218698614316	0.6318173911582659	-0.4575422230179173	1.0165879141292802	1.2544834462326342	-2.041276431819743	0.7013842646352411	-0.628913642344512	0.007243022165286319	1.3646309979938345	0.31010764568302973	-0.9703312661475361	-1.2400241139863324	0.4412754566610453	0.22867025347000983	-0.408449483107116	0.32538579928580114	0.10132212279143818	-1.1500431790778727	1.0156324754783934	0.3491448065513971	-1.24664313681344	-1.0475722891919605	-0.41796080062599666	1.004220859247551	-0.7728067751288916	1.4388634922961674	-0.5087206171071544	1.1070631504704598	0.32475965582355265	0.07609455233951821	0.29482299010263524	-0.4802409479214089	-0.5214750188686031	0.08128647274140624	0.3771217804769743	-0.5891896940448365	-0.8566644325577105	-0.7195540905052854	0.22575182792342588	-0.1761584185270074	0.4672830620680366	-0.2216193079653215	-0.713034091227569
DTXSID5020576	-9.03361868865231	-30.10922619225719	0.6526957638069594	6.327099657466696	-0.43973900569563235	0.5734882925727747	1.0334032747067048	-2.0500862659125527	-1.05845600526732	0.019346732055570567	-2.6476273603571427	-4.024084243372161	-1.0077149673747963	-0.09682639982825274	0.8355978251744757	2.306803858854383	0.7441078467361149	2.3032021004960317	-1.7559469567811288	0.030681484835499605	-1.2728641500349387	1.0360153994555321	0.2814237146987723	-0.3827580717549282	0.2744966525893648	-0.4887882265574865	0.25784016123309766	2.344720458102472	0.715932662776037	-0.4843672627496031	0.8183606138447385	0.7749897274142485	1.8783370319867845	-1.5642714066900512	1.8126418036179093	-0.8072162677474638	1.062724035901312	0.7378657052806384	0.4147909937339439	1.036489101437338	-0.7275743223083037	0.6737836349805065	-0.2971597995598406	0.44562100927945436	-0.8395476585948092	-0.4290135550698544	-1.0865297069653588	-1.103596191028835	-0.23912719469061036	-1.0069625120432355	0.13899050568029364	-0.8825866869491977	1.076149563514026	0.6778190061682807	0.18272080012042746	0.001555119389504808	-0.14112968199547374	-0.07696452765460891	0.25266403429529266	-0.10569327918054977	-0.20381397518664857	-0.32147484611604266	0.016961044078853637	0.5317584041271999	-0.6457972876744006	-1.1054498002481414	-0.3527907074207881	-0.0705168934018292	1.9315813019464265	-0.09957268449192455	-0.017735399486754663	-0.2393063409272663	0.23067964768000404	-0.8677351643378536	0.43018650787979024	0.3864492467954372	-0.38735883830586	-0.9156592412994833	0.8718379664949585	0.13368506903778754	0.06017647620125064	-0.6917667852249858	-1.2936211224079572	-1.304272541942647	-0.7356928438698351	-0.8174911197060168	0.9203649853587066	-0.41418593207813426	1.0060076855558757	-0.03136140120594929	0.42501401099950414	-1.8237487516169184	-0.2684086351691667	-0.09219685450170119	0.19224989747774304	0.38510615914554996	1.7265579081730713	0.40387495799196677	0.05323869638488013	-0.4879452099730596
DTXSID5020784	-20.3783174514273	-22.892818447506333	-1.0087672150035651	-0.44042683118011455	3.0263642818585184	2.776751063905661	-0.6796610416540579	-0.2688993115441396	1.4639064196096494	2.709847363567509	-0.2662150369129245	0.8929198924361615	3.243054695622364	-0.15783097346954214	-0.09103160404654645	-2.5316479959112765	-0.6200893266427766	-1.4432533506665874	0.7190644836094306	-0.08968797984048664	0.703010583917699	-0.6695824097135629	-0.1646611632261317	-0.15258457528453956	-1.7357673673402585	0.17653916980977963	-0.7033593882201495	0.15106117326419422	0.476575806480115	-0.635517346018375	-0.22132392875985632	-0.5863633203388314	-2.5841110764564155	-0.17773924085436685	-0.8886176075080122	-0.6049284577294133	-0.8286072113728012	-1.5165900660597416	1.3772258322133222	-0.22426736721278667	-0.7426282996933357	-1.5303006684657365	0.0732435644474785	-0.8745634479268716	-0.3098451610118632	0.15276477304978384	0.13177809583026984	-0.09719523066069469	0.26451331334042477	-0.36938858401051794	0.9154886947137374	1.0677610225686305	-1.8174303630032296	-0.42427613956201415	1.2996676475440658	-0.44979121244359715	-0.6822602698993239	0.607212724165287	0.4890851541108941	-0.7681779346167372	0.9988635207570561	-0.6372257291615115	0.4153249208213322	-1.1414650954214183	0.5629507348548534	0.06464835089826793	-0.43048969066965914	0.48385749110241705	-0.6714454999262977	-1.9611597608681357	0.05438150849197328	0.3636798863377107	0.19384348126473572	-0.8641332513240502	0.8688025434494367	-0.4452645109790268	0.29602482863610907	-1.432719229270682	0.3734613479964378	-1.5836647859227146	-1.4641972179453255	-0.4086255569589262	0.7153824224896949	-0.16473499130090383	0.14083235432641106	1.0914216743259293	0.07459310198534179	-0.10591249991089204	-0.09969664309387927	0.09948916073877488	-0.49626358343202925	-1.07953812105967	0.553248610340765	-0.6716504163377963	0.32525604747319703	1.7596848914848162	1.0245770673006156	-0.38268958657327184	0.09407840743619603	1.6688751310859316
DTXSID5020867	15.223932684770697	2.167404473844079	-13.946190373687038	3.700811596873149	3.5602858329576366	-5.51013055627939	1.0688514324308644	-5.310562611727258	0.5880473666424998	4.099776934326946	-0.5012068077966936	5.0215107825906315	-0.6222277742015788	-3.545321845536081	1.0502001713529168	0.16971373469812703	-2.080163406911312	-1.0707963642795264	-0.31101293769132965	0.8813264633531844	1.143396443004924	3.0143781914925087	1.3343164846540225	0.9782773134609404	-2.4308833081027283	0.5850275037357598	1.1716829435590776	-2.2937053977900552	-2.5582419432634147	-0.6638246779721749	0.748419626427764	1.3745863044021436	0.18757251151845475	-0.7133807383222434	1.293079513122195	1.83223529652979	1.0141756266413082	-0.11574966925279827	-0.8278908397457798	1.3486816653876557	-0.4239002371489162	-0.7281419303643559	-0.0743240343104029	-0.06583679640693132	-2.0054989091477156	1.242031677878862	-0.8644181557922939	-0.8987303533344407	0.09653893427019962	0.19649643605393538	0.4835547492785562	0.4084938139138013	1.8686020258605627	1.7708792421611346	-1.201351332794243	-0.016216272660083575	-0.32740859365374764	0.02779677179453711	-0.34881479282663663	-0.5065052183160785	-0.33298681191859003	0.06862523988681597	-1.1925513627272537	0.46977570605909985	0.5704214459399628	1.4267785366299095	0.2955240775977204	0.7137572606620026	-0.10152836051900167	1.313890232822669	0.5006634378019088	-0.5404319046263176	-0.5867947061851843	-0.2936607091745743	1.4414475639629931	-0.033157683533192456	-0.5376103335448015	-3.147906779521587	-0.34568230276366896	0.8616300571712165	-1.2046408740336445	-0.2010887459547545	0.2887893802864278	0.1322565761890144	0.6121424187378314	-1.60459189837781	0.9970327193063399	-0.6137813937875346	0.3630019678408725	0.8668675163610939	1.3595953650778458	-1.2146360076476017	0.2429289261637204	-1.243711927086083	-0.6115927361037898	0.5350458318121633	0.9912540690479213	-0.5242261701016222	0.7168346664298058	0.5217587066875152
DTXSID5020869	13.761616393844985	0.9898979927294624	-9.523285971982425	-0.7468272872721808	-0.801175375778928	-11.538344544132356	1.3543863809312557	-2.180831585371787	1.7787441851068664	-4.069463323144754	-2.3741796098350965	2.300271840310159	0.0057733404406099895	0.42260404591431866	-3.6374781109153718	0.5135624747598655	-3.97719591884242	-1.2159027017778599	0.6827505094889003	-4.3598639648227975	0.18836270645049816	-0.21921742849319206	1.1804906741204113	-0.7605835782954732	1.9651096008405669	-1.5843469460525128	-2.2246774626405914	0.20799360759362454	0.4712097221381438	1.679941473662067	0.35617766246260657	-1.4202490577151523	0.5329299730239878	-1.093612964398412	-0.4668517337789523	0.6155013114761345	-1.880111586807606	2.596990436158671	-1.4391160182317588	-0.005768604556460699	1.6152329485367294	-2.0071193053969116	-1.712928892870078	-2.2770420685039623	-0.36384653199656347	-0.4694315906296843	-0.39106538266660934	1.3982299340531374	0.29325169652708416	-0.3846380237843132	-0.7538446730734957	1.671637624847055	0.806572735343011	-0.8935227387633107	1.4253207765995066	0.9232198184681333	-0.3510197601287336	1.4114465085528674	0.10295871583783701	0.22144130779592064	-1.3215785860405211	1.0054610907410058	-0.5486096229708278	-2.2967342336578183	0.05530278817703751	0.9186664142852631	0.7519533941463851	0.08488206229200107	0.4565711201000108	-0.22125553102124948	-1.8785820438076835	-1.352557358161837	-1.4126610161831523	0.9406874348241145	1.3348245433678043	0.11940160617458209	0.22731102566911515	-1.4836448224683845	0.553150697315693	-0.9805583621933238	-1.5424717878430914	-0.0020729867424775146	-2.4162406046680998	0.7621095600765037	-0.04034734116875394	-0.15918194248965867	0.5327528124618596	0.8185908507938162	1.3375629283437402	1.5545921565480703	-1.1919694266318799	0.771956648286383	0.9822181756347556	0.4285049640614994	1.4349014535214517	0.618300970174494	1.2397902168354955	0.8692748744103499	-0.12044576658090192	0.44722458945247584
DTXSID5021097	-23.17296242515242	-15.416974416908417	-2.24239776398948	-3.3926625752042567	3.247993312413269	4.498445036270369	-0.6507620864457072	-1.4400551861212203	-0.09271903604349324	1.3401745143437687	0.43409124684472966	2.14318388732178	2.028253748463149	-0.620259288211992	1.1183008764382711	-2.9571937530372696	0.574038953268035	-4.512451337685864	-0.48600292166705983	-1.309752637720143	1.3232952373068023	-0.0682864637091837	-0.3593218740902464	1.2068328250306442	-0.6290703879677298	1.2754487460495336	-0.5678530139536367	1.0539372238735885	-0.05674280870454444	0.6007975930493226	-0.17037850785030234	0.6207644478178608	0.4867440361403469	0.047017807959274835	-0.8082580106779215	-1.2808467438976388	-1.157242916208928	0.09096149661831397	-2.24015980952659	-0.3446396203367075	1.0161297623352863	-0.04136464884100093	0.27336214656245084	0.8472229508104383	-1.13017034812579	1.1892070703110682	-0.8841677015735719	-0.14340297928894452	0.8450815963630134	0.7819380123540619	-0.9851335976986669	1.4002488324964764	1.7243148138715112	-0.9210648551779993	0.44348191075880194	-0.33049348321626104	-0.1817335012262585	0.3320916929552047	-1.0140605989385516	-0.9011182406090361	-0.5677352397843438	2.0700152994839347	-1.027256879209678	-0.692521347295705	1.3366742053320544	-0.6000347917793837	0.3307017362669409	-0.31505949325297483	-1.9341255145113545	-0.2762939619423429	0.308564620853919	0.6383341543543026	-0.05944760726508447	-0.010198371656037842	0.38451188533616787	-0.2444372352857835	-0.765263346480161	1.0405666741824506	-0.5803859336503869	-1.2059839480515626	1.519188044179553	0.8038910481376655	0.44952234406549074	0.9699396552459372	0.9208131903188476	-1.0681312026256313	1.7616641436790983	-1.6838358603037746	0.4576262841467865	0.15271747251222287	-0.5415664158263427	0.8410671510805908	-0.181181366008422	0.006511082864266168	-0.028914126588687063	-0.04437118654852713	-0.19553741626969273	0.02926372475369365	-0.2926136480538667	0.257400076231011
DTXSID5021910	23.205709183059216	-10.850886892044894	-2.0164299638483567	-6.071616767329761	1.616718857398506	3.670879907508759	0.37523609339277963	3.88285880197254	-1.9559789990089427	-1.1359093942751644	0.48482497904696925	-0.8680064969502302	-0.7337626705876075	1.3047062773352645	0.5085461366866743	0.55514233166488	-3.0297422622394388	2.675726988503153	1.188174051122189	1.0005111013895966	-0.5128542487560726	0.6655564479242422	0.5483581366089304	-0.6321466760320077	0.8447992942667084	-0.9776986791564745	-1.6725980388847703	-1.5882125907866587	-0.6079511656110336	-0.29191990043160926	0.03315123589289325	0.8741013302409465	1.210362090741628	0.8560617276140933	-0.24099422370911558	-0.26559318076321264	-1.1159660779636988	-0.6430236136906687	0.45566208178485973	-0.22774920581208635	2.785257421577811	-1.323594485588825	0.6194195888698406	1.6394798574101868	-1.1857430309657089	2.5471558833704164	0.04624093097667783	-1.3178950784068977	-0.6008230900708083	0.07047573073837901	-1.7001084756824485	0.013354307848582827	-0.941084909481799	-1.1237909450918095	0.940324904858717	-0.7527876682860872	-0.17933254713970223	0.40386686503720853	-0.7724736965205953	-0.3448802549875441	-0.32366553082822924	-1.14477303700512	-0.0531250000673033	2.4447756085889534	0.9569828344750759	0.023715814479502443	0.2849344447270846	-0.5375926081256156	1.470015937349831	0.006741849152900018	-0.4017550846141089	-0.7048445884934297	-1.1206790683191272	-0.5150706847655205	-0.2820445773647742	0.5050904917239702	-0.3877340150048347	-0.6585532669111266	0.5552262500311167	0.04889487196809733	-0.6633260187468815	-2.165335091806608	0.8729001141010525	-0.07310772056439128	0.38536114545753936	0.3051379439002563	-0.9876535690753518	1.2590119180996548	-1.7505519991881755	2.6637852380090954	-1.7808900060158366	-1.6337463690518887	-1.2997341946918088	-0.35758768653638895	0.19437095312063507	-0.2525187873687273	-0.7614557924189801	0.7126143680181369	0.08939597121081425	-0.37986853617364436
DTXSID5022308	-0.22503730641333286	5.726712844867636	-12.578956522867365	9.86458835210751	-11.29546343934211	5.890667664015176	-11.566627412577585	5.815088708423591	9.468724236160684	3.249046751103058	-3.281469878739547	-3.5443119496676116	-0.33598255345867717	-0.7848908845492565	4.041041201626889	-3.0975246389453144	-1.7482039253169153	1.3472755318621388	2.4144281937577317	1.182844557309951	-1.2482754255071185	0.08012977306507094	-2.093929116954602	-0.5147755093784889	-2.320447308835307	1.9772046834361219	2.056105130535027	-1.6761504692595957	0.35851424408068777	2.46775282093808	-1.311543299101317	-0.2631185544737133	1.5944013169814975	-0.3583205049872367	1.3144033327320876	-0.21379236633870594	-2.035903497766077	2.9896492821769716	0.7755761831994348	0.32663068053416067	0.41369807277146176	-0.8022890779255702	-0.25580819027597335	0.8520051360021755	-1.543894963616515	2.1001070335117777	-0.19640011574961921	-0.03596317724762433	1.2887210999105447	-0.6910939948878524	2.1853147990383746	0.6269500936467308	-1.7195212778448055	-0.39848321782008495	-0.39510599953851977	-0.5012134893866602	-0.21834481199116032	-0.6557809804333747	0.8816660414381522	1.5465873746460184	-0.7187819448516086	0.5479917371030887	1.1401913761291556	1.233591343347901	-0.38565726603235256	-0.4694047574364305	-0.6986295450546017	-0.5575268931740417	-1.5588993501117632	0.27148091337140967	-0.47502318675867955	-1.4929775569158663	0.5211072327479813	0.6537610984991802	-0.7834862958264021	-0.07543173706986916	0.2650169158238019	-1.3875278361350727	-1.1705035376263915	-0.6765574609660712	-0.4309448926137057	1.3339832335656534	-2.5371968813944514	-1.8560276937135456	1.0642420800887855	-0.19681401073674726	0.3785430038981908	0.30600125333619693	-1.4930612198716022	-0.04473692965782363	0.38858243835122236	0.47674194186339436	0.7424049306306908	-1.069984772755516	-1.7948395285218335	0.9384563497100457	-0.8710025770338794	-0.03431437320055189	-2.2503264371126748	-0.2520827428331819
DTXSID5022439	-6.872924233462273	6.478552204256376	-14.65594875292064	4.384710679701698	-11.91912918574969	0.10950859896626608	-9.300087614573513	2.986036216026335	5.686909218770637	1.9656990223347317	-1.7233144579326964	-4.257134707091902	-2.94723085061121	-1.6520406007530857	0.6688720234192086	0.14855241081787837	-2.3583549302579865	-1.7305692169261697	-1.2923188332697506	2.612446869240075	-3.3939728355154166	0.9354577151892273	0.23590859706013387	-1.6220087419144926	-1.8517525352765694	-0.8628113872928577	-0.32473551182732746	-2.039550531251185	-2.0853449719182353	-0.4481872442745749	0.6165638011896694	0.22989693464419025	1.4427778264322013	0.042880894704406744	2.5338831271899105	3.198276656732459	-0.005960306682366965	-0.8745381716758327	-2.5965770105781205	-1.0031669194146722	-0.09822236882646443	1.5867952534891174	-0.027357257718813272	-0.2215533026499162	0.29509326016072035	0.11377315871336192	-1.6536669666591322	0.45158990477310224	-1.8966014792675236	1.1061440285880657	0.13330253134309267	-1.6311693789050221	-2.4356472252185415	-1.6641672149511457	-0.012056938621281875	-0.48468313824804676	1.150830602295798	-0.7532226857538488	2.4613411899756232	-3.0290158201309407	-0.23779628504916317	0.4522544624138672	-0.5829865884304488	0.2304941464993863	-0.24952855460339726	1.0211092676058355	-0.937269217415901	0.022945032053220734	0.26379830005862526	-1.109414969295272	0.2851425014543992	-0.9989239720640958	-0.7107977314132595	-0.850781115775432	-1.0939666084755248	-0.7391891965412639	0.2979987640638497	0.8521413725902041	2.4628321524238483	1.5468150682321393	1.5670302663089537	-0.3098651567511628	-0.9566476370281922	1.9938605753238197	-0.34797898048132664	0.8060595515719673	0.6079252257020851	-1.4425167173339215	-0.47960253390136426	1.2527900447611335	0.94972493487672	-0.13143833605785377	-1.7200961767526293	1.3191933448235478	0.9152987987958087	-0.4803747518959107	0.8914775112621652	1.2742125806302922	-0.5768623668846317	0.8016811029796488
DTXSID5023322	-16.310137232433455	-26.723909358731895	1.1906290865768159	1.9025852660237352	-0.2365128643168565	-0.6242814588080667	1.944966047048382	-1.5940945131991233	0.4149550932649199	2.0452085150503456	-1.62847593034855	-1.5922668212155895	0.5807358969198025	-1.019312128505587	0.9574945103770698	0.7101323406517847	1.1915500684555378	-1.9964923100802705	-0.07640537406667834	-0.4005706755236052	-0.17458400310124764	-0.4020883590489433	-0.4081502290458053	-1.128523188057723	-0.1083334152636323	0.4239692126633934	-0.75185236204414	-0.19430747511746183	-0.0655315112941656	0.45135734422802204	-0.4512385281577169	-0.8068917655018938	-0.8459233603083705	-1.3126526242920706	-0.582241566218982	-0.6088180935909184	0.07388166728929856	0.6219636351408552	0.5069303482550415	-1.1314640910485916	-1.14726762614605	-0.6052551485231836	-0.6836481744804628	0.7584786975977535	-0.9999772483460637	-0.805279610779305	-0.05140402096704589	1.3682404716714567	0.5716222342557067	-0.30978511647081414	-0.5656179570128129	-0.7049005469861156	-0.3210437477883417	-0.13671181549868497	-0.7326348579948406	-0.6296086651017834	0.3702133196070602	0.3891189582764798	1.0717647595834705	0.33379081701652724	-1.1867321171284821	-0.9283741722931487	-0.3774049513995523	-0.6789951921652566	1.4314399959617947	-1.1446593187949898	-0.6197841956558636	1.1589933330492008	0.5008155273377566	0.36565426672151063	0.941296463381411	0.9827898791761708	0.016426158632541044	-0.5763542181620356	0.888840496569087	-0.8646200299309075	1.077705977631867	0.8016852645278569	-0.7489394509973846	-0.8676005893406205	0.011076189003916803	-0.6922157052553891	0.2452563637750037	-0.37536983557863335	1.2302181553556817	0.09114389933905494	0.18930714128038456	-0.022484404209254367	0.7024130894392945	-0.3462003628252093	-0.308723958082528	0.06604637240120813	-0.34286363530334024	0.8604923989980504	0.5602080868246824	0.2606437566246815	0.7595881142088777	-0.4482384541784796	-0.23409074223084192	-0.7452949345614045
DTXSID5023825	19.04035607691933	-11.376814070859826	9.34849978398535	-8.737255439506598	-1.7292062213902681	4.067810603793662	0.009156427117688345	1.509887151945232	0.18620527020201993	-4.449719492362743	-3.202858543980179	2.8001124733750538	-3.7929602734003742	1.1180503268676596	0.0031767821927126353	-0.4597417461802655	-1.3743503432497624	2.2819784103077443	0.883883863310542	-0.19036493171168045	-1.1934794659204937	1.3857939215094057	0.47820076739710576	-2.0915307282366076	-0.1317603182253634	1.1011318615176866	-1.0391151627367723	-0.6034352185412206	0.02147101578444363	-0.08561178469797726	-0.13459173396945356	1.2951847021183513	-0.3267310397121331	0.6994015723209802	-0.7661872801262705	-0.26647223156147776	0.5656928174401926	0.030588034656108615	-1.704741195655847	0.6195650520400979	-0.611743278311696	-0.04285776889063602	-0.4195324122615629	1.3990448121486894	0.801112649662757	-0.5488670325990501	-0.2477346092327213	-1.5248321658557111	-0.5108652201481628	-0.5257352559442127	0.22050630509459532	-0.04771694888405181	0.17153191573053164	1.0392455739337754	0.04339836176718437	0.5576098894332566	-1.0812540621125721	-0.8277149350811213	-0.5984979548943135	0.8470014111030878	-1.0420185841627259	-0.8900596512531904	-0.5316610193410263	-0.12041169390228891	1.9160385999960083	-0.3000797291144828	1.0362792369502418	-1.0280300633642707	-1.0369287230109454	0.41865492670535953	-0.3742641059434867	0.7756283641758224	-1.3784102106247937	-0.5535740273242071	0.770291582263572	0.43998373835611876	0.9130670173783203	-0.03397978470347676	-0.6455846909968559	-0.4577161341903075	-0.2396554257221848	-0.4461613918675368	-0.5287101276134075	0.8813909787676498	-1.0086710968482961	0.705844000855311	0.4326594489486911	0.5613438564315361	-0.18967400023825415	0.5246417195521268	-0.24225108664274844	-2.0386807952117145	1.0496702298005258	0.30915086337018893	0.7080142282274705	1.0754194895074418	-0.11253177684085701	-0.9682755786453292	0.10769915051154555	-0.20767777725569173
DTXSID5023902	15.43783797474189	-2.740764750692298	-17.72452079286179	2.5931021392337668	-2.785222293932666	-0.9867481264375013	3.1804114778077306	-3.432278185326853	-3.122122396462088	-2.8886911388900263	5.0979887579793655	-3.461338928174036	-0.005785994625099022	0.10669157175601918	2.4771331114126434	1.5970344929176397	-0.30044037818480784	0.1189117658484143	-0.06928686505900127	1.3471602934706752	0.019288788649520622	-1.4629745571440407	3.2128872980268643	2.162181338490706	0.11867295088927705	-0.9058073548227953	1.286238207491158	1.310967481110933	-2.2022243243999373	-0.5550073682375308	1.7814322929243658	-1.1196621028236446	-2.153333240569105	-1.0992044612547378	0.29816991504300056	2.0753590645617024	0.18997643769211897	0.4353119871364484	-0.2574947523246523	-0.6735439637340875	-2.291244439188099	0.44737304936493644	1.2412589068746884	1.3967785905512886	-1.1343863073947542	1.275909586762986	1.000135738624258	1.675877918193557	0.6600702247587418	0.06942449151422167	-2.600948862867667	2.3556720464106036	0.4100666367665071	0.06001107214737521	-0.8230638434265592	2.9344581805163577	-0.9883864866265356	1.2590860068367855	2.270371503892342	-0.2911550148324333	1.039628072465107	0.4643434664434475	0.22930022557295893	-1.4541605497441628	-1.9505234460896697	0.05420150519989487	0.6935579814085115	-0.07808802175044594	1.107881047150328	0.09739939708606976	-1.024989524667022	-0.49883639607525293	0.2561494694014885	-0.430438207933618	-1.423378742070666	0.6124689801955974	-1.0115146946815385	1.3100413098423331	2.2443291652364588	-2.0701528249988126	-2.760961874683968	0.11862383067835576	1.1533672525053615	-0.08198799206508137	0.2830090778797444	0.23210371941520813	2.298561147268231	0.28345922110360094	-1.0558583728403472	-0.46117417115830844	1.5685460213807632	-0.22288400223067506	-0.1720606698642204	-1.08949115184599	1.4302168146360479	0.27754783907625474	0.10303762245640626	-0.2746334533200095	-0.8859500708915837	-0.32986525381160203
DTXSID5023900	-4.949947451714062	11.910056431081266	11.038477025233892	-4.295116942107107	4.581655837170278	-0.30427650109338056	-8.465505490072376	-3.5273726013999482	-6.786165950760751	5.020299423505749	4.407832146381773	-5.891980674651657	-0.3503131596050271	0.6208779652377184	-1.1793462746932548	-0.49487128981385065	-1.789313434872507	-2.7513370569141617	2.159279259420603	-1.6004340931463465	-0.7172167000047172	-0.30061417782089717	2.4338511673323295	1.670873169688666	-0.2914101543939525	-3.9998925566634123	-0.5796996467354928	-0.8341114757713743	1.626169525982042	-0.5731146629226279	2.9242216533775505	0.6632512303591163	-1.145690839895218	-2.003570520076425	2.140104100633126	-2.3399667946618337	-0.28142613794593163	1.9325656168982956	0.6300121512507554	0.19421637142889692	0.6987571100920312	1.248545160775395	0.1820786223563986	2.195273329027268	-1.8866374849168708	-0.45786008912888554	0.37884231310664224	1.3209756740284608	1.5515568410004388	0.24233525222096444	2.297005102893167	0.37239853851853943	-1.655882749036378	1.739145977805145	-1.0381374971331816	-0.11526119036036	-0.5442951946814464	1.200314337236354	-2.0131700702635573	-1.5687762322113632	-0.14781173152866944	-0.3642877354504147	0.09824846452402285	-1.7639720192086605	2.014952883732153	-1.0576038070226654	1.0369882838607565	-0.5755093223736094	0.34081134907707866	2.1388381977171873	0.4695218953208848	-0.8522563593704757	-0.43046165390432783	1.5839068161668752	0.6813045342930778	0.35496018741833496	0.8320749102332528	-1.7290009749731363	-0.5365204562958686	0.29657008188925443	0.5538947242203017	-1.192404895510202	-0.29406441133447103	-1.5449691547195827	0.9867107330572684	-0.42601163600021325	0.523155399939633	-0.3259274352449726	0.8086848872568982	-1.6391210031294132	0.1729468650141734	0.4210858156481308	0.36063596415511223	1.5524495294822767	-1.3718259371552797	0.20304368637310855	0.39111834475778184	-0.42861367968527664	-0.06934761027545602	0.8396714959254031
DTXSID5024059	18.07512281604447	1.2177268327307602	-12.381048285235487	2.860491240878406	5.983602323931462	-2.5911885466618614	1.771261550654416	-4.305235773633358	-0.19625345562770252	4.637511671488771	0.5859743123940957	5.940172004378917	0.9384894532673422	-4.849662157215099	1.5983098963584885	0.6129323737611323	-0.3522723735908948	-0.41837365059137943	-0.8052268587732362	-0.040121111341137036	0.8633750729502536	2.687534802124829	0.2354882284651141	1.9047586071608067	-3.25161953288401	0.6648148004259706	1.9761164118397536	-0.005964099263610863	0.748209906993687	0.16501824059119935	0.7122246600856855	0.8287102694179719	1.2217438226769273	-0.5703165774006361	1.3752470337579519	2.7095129817869656	1.2998904475531101	1.2448971198024978	1.525065527337536	1.5615292442420194	1.0745576844835079	0.1956033375004593	1.3599965944190306	0.2625868343499872	-0.3914315696682488	0.789144068715194	-0.43143112769915065	-0.3176366576222482	0.15675615698292525	1.1384147734408427	0.41866650851999465	0.5368593077897658	0.015916513229345054	-0.2208324111339575	0.47526871334801024	0.5420402435023315	0.16539547497540832	0.2091074964176961	-0.10229082165945404	-1.5320746228827478	0.2956704153215833	0.204566272156497	-0.8810197017851378	-0.2432749987670886	-0.18453598860446527	-1.3147262190400388	-0.5977419819164212	0.45733670962868345	1.0370190830570112	1.7095034361990862	0.3339065634898207	-0.19162886854198616	0.19597019712543723	0.9509137671500222	0.20111208783970722	-0.40919189708439274	0.531234612678638	0.19307948477077258	1.044305000374828	-0.8666573020337902	-0.0006548003324825478	0.44535491848790804	0.8859487684985027	-0.7516264741497686	-0.5656601530406363	0.7031517841882401	1.19157059962956	0.4490359419946565	0.7311955133615158	1.3702162061247212	0.47637759078169173	0.132205906038961	-0.19068871200552084	0.40093047690649	-1.21028166181756	0.5848427422821719	0.8232593011558517	-0.035614216650816544	0.5355302405108957	0.8207200976068425
DTXSID5024211	-1.787723680736074	7.270188064505071	7.055761209375455	0.4701185550275026	-2.7700421423726556	-8.922172045621718	-2.5441803144100477	0.7057948060757658	-3.274425557265512	-3.599595488197627	0.9294315435291474	-1.4322958035487448	4.072609050169403	3.18980079868071	1.1255555642357258	-1.3277606819168943	-0.8217855990499792	-3.1350606265220007	-2.369935680196189	0.2548005143719564	-0.534830305850844	0.2649914547735866	-0.9890231431711921	-3.348354551026056	-0.5271081162017036	1.7910487382000106	-0.5869300225125635	-1.2955206501306906	-0.7100120985153907	0.2814686121059428	1.3928370049401826	-0.7948195105663401	2.1428050848139923	-0.8384943244781937	-1.649161188712009	2.379994275549631	3.3214356637793183	2.3625631074126234	0.7205620332159942	-0.9109910971233429	-0.40930406967668126	-1.0503415627240196	0.572301435517152	1.5229423510920963	0.6778952937869124	-1.1026682056125285	0.35411972419385657	0.9416753352475171	0.6755792923702176	-0.3781989354047406	-2.4546614970352083	-1.8105516667368213	2.3635267761786034	0.3928996952840057	-0.040920497282792546	-1.0700358838820492	0.13257184588045626	0.8611739839847838	-1.6167654331617303	-1.8259012091012625	1.3159916779348453	0.9251438463057947	0.1333784526846054	1.1898323326605844	-1.1224827261605086	0.973449051372624	1.1466896663196986	1.6500906736024006	-0.5368439231524544	-2.073373658407859	-0.7079547784258498	-1.703047643370704	-0.2320431578576369	0.26027368175059407	0.2308277666446235	-1.3518877377811267	-0.26461215377061115	-1.5776769817179583	-1.4325797902890525	-0.8597224934244722	0.22532572784844845	0.9439825802527845	0.8014939226131842	-1.720732444268281	0.8390353603167875	2.0005940588511013	1.4581029177728595	1.285522700122138	1.2526256165302225	3.0279040269388737	0.5545932504909988	0.03398228059136873	0.9507552982699938	-1.8816182095874485	-1.2207332972921099	1.0745763294095056	-0.0641739379081837	0.10518984306970669	0.3267634469970513	-0.6280429449410281
DTXSID5024845	-15.712253870242538	2.1377374190469256	-2.7750901970253032	1.9750575834041237	0.916216919532994	-4.541005861249057	-5.005510855381138	-0.2809502695705772	-1.8205313232004867	5.572112623941825	2.805466121108166	3.4808646625239312	3.281937405866458	8.323366388552612	-0.3406816818387816	-0.3259104378932791	-1.0980455774356364	1.9970712150692498	-0.4569219244812981	0.5385111039982556	-1.870497944520033	-1.2771633404278542	2.843420664317308	4.17221726079562	-0.8602160426175237	0.8798555620690008	-1.2984718046496013	0.6076760721336069	-1.2119574653745262	-1.3775294882175793	-2.518160885257268	1.6273540957081656	-2.083891308190502	0.8667648130637707	2.2242238887596972	-3.2057203420512286	0.2080341693596307	1.633145995654654	1.3782654335858668	1.8640333046632895	0.10304237405076432	1.050701772163724	0.1308453418146896	-3.832724255943046	-1.0988842219966872	-1.9803486356267126	-3.7776960917408635	0.8776133671319497	1.7498391050261854	0.6080893763304065	-1.1874173463084758	1.9304347511689943	-0.05360486630430224	1.1284427709993001	0.38208811753708816	1.1627365609609972	-1.4456651168393106	-0.2291189227180459	0.48692950932627715	-0.4008114470564956	-2.3427250084591384	0.6670928355624671	-0.6176880088926826	0.8456337449573429	-0.6717519057168158	1.6894375464586335	0.7599357976836221	-1.6172572440590474	-1.1494148323150961	-1.2144612600545912	-1.3183423441364592	0.14422342493836507	-0.20269815440248817	-0.13340791812018027	0.836044028780711	0.27619374100972627	2.1741669131184653	-1.9176145849592583	0.18868764804541702	1.2020019926853056	-0.9813761057918814	-0.6939692880847256	-0.4649324598791455	0.8781628806636695	-0.7617331140662493	0.9253681086056795	0.8314699150620649	-0.5274966980385988	-0.9496854884772901	1.1999030027038347	0.47049148175371464	-0.337797275174559	0.5795894664781306	0.7648905146419059	-0.7548108867369588	0.6002985895036292	0.881126778083235	-0.9548340892324878	-0.28821727298166905	-1.766893992977575
DTXSID5027061	22.32537749961734	-6.632226827563717	-9.339661740271488	-3.5107947483947464	-0.88840862261632	1.9165774684131611	2.309996900295805	1.2587805008610378	-1.7440693934582008	-1.9267628187355312	2.07116407891977	-2.8753262904159005	2.5721660968764604	0.6850172887938929	-0.2008811921689472	-1.5127003437179987	0.795416665568949	1.523273515978025	1.7765780520964582	1.4372664146733987	-2.656330568586464	-0.5506357986393889	0.07804950066371712	-1.4664672808168133	-2.109943747762675	0.5236342626838715	-0.5128503924189385	1.2039587627925397	-0.7964450702023155	1.4638604335652172	0.5991383158900473	-0.14085875122130925	-1.8433118089005043	2.854045695051149	0.1845473776293404	-1.6057533415130831	-0.1609291140115629	-1.455524498452667	0.172112488751374	0.42621976133473083	-0.1366419762036135	0.9236829831559075	0.5050937491418798	-0.37584567897014065	-0.987748261220224	0.8940993260829819	0.7016708111122122	-0.8668685288691748	-1.040267347147426	0.9610370814341765	0.5921593560334887	-0.5588649116315302	0.0792842113251868	0.2702057098620151	1.5410777106907385	-0.6532826693868508	-0.9297228947867957	-0.43152642903930866	0.1964936238742489	-0.6795877628549908	1.8072482376754342	-0.3567238386902019	-1.0403655932885374	0.7335370144952646	0.024792649280382686	-0.06629404593318375	0.19944404819333966	-0.2923977772424684	1.7904066361305293	-0.8175966203876786	0.058568684005004104	0.46829711671310464	-0.5878681323255153	-0.130512999089945	-2.0496589351846577	0.916588227357193	-1.3353475440755147	-0.15387570095418857	-0.052897198640345734	0.8796912376460152	-0.8269147490824778	-0.4731354854596358	-0.7909512079900437	1.0219292383059597	-0.1732202695186295	0.44099198407575624	0.3173644822562489	1.6809758640847794	0.2868708455912289	0.20171130407164972	0.6429370606587173	-0.42247121820221756	0.538405234924592	-0.12861466568930374	-0.6429218787600443	-1.125681211501383	1.1125623740236443	1.9545168763731948	0.777777865675236	-0.4601932268330843
DTXSID5032361	13.548305907784588	-0.2519334268858464	13.49833272410823	1.4969191591377145	-1.998205797133006	5.255041595545963	5.004868298088782	0.2167594687085104	3.9868236853380616	-3.0141885021048864	-1.8408060338035965	3.6519899908749385	-2.221856206530894	-0.025897977245636746	-0.6076948445876142	0.5005417443455549	0.3057409807423709	-1.2137165105751742	-2.095156454882652	2.1434180964112652	-1.049458036186417	-0.3088489783900948	0.47232939312462624	1.8469489887850643	-2.0622888772355292	1.473054951802942	-0.3560252292321207	-1.2012368817795331	-2.3610223497350225	-0.8328927553626847	2.2039939950062886	0.5784227819952715	0.31736926155314327	-0.2728975380211704	-1.1979792219257899	-0.7657736704810617	0.637456061457367	1.777869523819258	-0.9082712643030062	1.4979601885079188	-0.7120142644204674	0.45509606926766916	1.1087109155489658	0.8102205166018586	0.6630038916366324	-1.8535238987604366	0.03904842889912833	0.8738078248051498	2.0336789118097482	-2.511932457392131	-1.042717781920346	0.15796312527530876	1.84294776854786	0.30728055946245814	-0.15027406923524925	-0.8998549368895501	1.324863007424621	-0.5390249737177221	0.32091350819499054	0.31907354009924915	0.07441203336676203	-1.4760231856390462	-1.6827773043783598	0.40482557274152914	1.341986001663154	0.05938729397519816	0.37647063569273354	-1.3224112403676522	0.2896105780177774	0.5118502512905758	-1.1451218313982465	0.01664884711615662	1.088206250938687	-0.049604242608537664	-2.870608750848331	-0.1655217051212833	-0.5272692896385405	-0.7660212737882962	-0.09661128486771624	-0.10168948434626296	-0.23480066615484518	0.8130709583818432	-0.9353260758636153	-0.021846895437359765	0.802951339675958	-1.2710702089203423	1.2211068843355635	-0.36413554856494657	-2.021718032187397	-0.3577585248290317	-0.9050983697100197	-0.8417151007503154	0.6200034424918269	0.6464506269022857	0.764189167418948	0.5653030379511156	-0.19822876791458927	0.42788219343113265	-1.1739376124262917	-1.0963642363569697
DTXSID5032654	-8.664480889377359	11.4761232549871	11.774302757285465	4.935854148850341	-0.2795631667949858	7.818629343846664	7.134918601870827	1.1670602451620185	2.8785641356640017	1.856964529473736	-0.525018934435134	-1.2448123955617194	-0.8998200970986134	0.2826593574038975	-5.964231391843956	-2.7363346071211927	-0.43077820740193656	0.9032399786999787	0.21458366386536626	-2.233107043088872	0.20975783154064145	1.0705759974259164	-0.09542256745807325	0.7357181946496293	-0.3663073691207559	0.35494646038340094	0.3890559428841953	-1.0027702228586342	2.582156048831829	-0.5999721922674373	2.7750750882594226	1.4597759472260736	-0.26243627909879874	2.374127141146598	-2.5092208409400345	0.725784197478777	2.240144654634921	0.12994696281117626	-0.04511421841898005	1.0185802342168604	0.6415537437454585	-0.47503296269282597	2.0307903390299504	0.4966387631344069	1.2114403345157188	1.4612323043093265	0.7346817102605728	1.0893920642770427	0.8551471204085903	0.705998997166193	-0.47329292264307266	-0.07074955157324392	0.6649915164038334	1.4470623676975825	0.11090298117296903	-0.5362806570591526	0.2568054847109381	0.7697181393135837	0.399018540134907	1.2276848851207245	1.3249894714434944	-1.4540419287367221	-0.41570470325273245	-0.043295767577830574	0.5030271535780789	1.722204577368432	-0.13494163091247124	1.0247428338008868	1.6931935442375183	-0.4806821255836945	-0.2520187133933549	-0.9555722151548633	1.7642328358915844	1.698800593657149	0.7555939344092863	-0.10749113006000902	-1.164139596957564	0.8617943808649857	-0.5804471975608163	0.28255703884125766	1.6811315799306015	-0.8989754755316433	0.38322181268453204	-0.10783756102323416	0.9233832840770672	-0.07768895881678005	1.0626060965668034	-0.983186516109774	-0.7254347757980928	0.4702811583857097	-0.32505778350673115	-1.6469352959398844	0.347187746681268	0.7539017540838041	0.1704469266281308	1.5035288821156634	0.09606889412548737	-0.5617071693175647	-0.4400421823013805	-0.1663265260555891
DTXSID5034773	-16.05337223316057	14.189224215045643	-1.0173153425322197	-3.106381500024645	1.8468184027944312	5.642315691975114	-0.4337407884937214	1.462622369692491	-5.291539269811595	0.7641369778061734	-4.405639839466046	-4.535288459138186	-0.24235871423590816	-0.7136253940650429	-3.556348259615719	-0.7842698656294119	-0.5386096204198864	0.8519774856071972	-1.2953945731701597	-0.7601401031185732	-1.277984357103733	-0.38623895382470597	0.9942691895842757	1.3360834456406625	-0.5016487238715278	-0.7623353286937697	-1.6444040146085812	0.4681296134692514	-0.9135312173539091	-1.1777004207613364	-1.0506281225025969	0.4324642306819807	-0.008890090598306716	0.5954351271450046	-0.1566241883075008	0.30954907369564877	0.8751648173204757	0.20620049060215498	-0.43445102142942926	-0.798901410877292	-0.29291957551823034	-0.5146488663001612	0.9454808784361961	0.8481112569960574	0.7036075546392117	0.3196302155740043	-0.8368270649081158	0.7211532174731258	0.4084253829352699	1.6753910906958418	-0.537076011053336	0.443037919758148	0.28355902965006174	-0.47638205746908774	-0.7321164526975296	1.259943256010412	1.2749546974252628	0.6131467088127456	-0.09902299568197204	1.5758163472780016	-0.8851122992962692	0.45886766567462367	-0.3306050161556649	0.6638176876160553	0.5062637098985008	0.39270425381319984	-0.6396989723885554	-0.045293929694118745	1.0399486744227893	1.4071457887571173	-0.1523077502118184	-1.6191584607875726	-0.5090972018697102	0.2170970488311337	-0.33181366648541255	-1.0311811155789663	1.105921994833666	-1.0649718398541235	0.7251728491782095	0.02336026693150023	0.48372018564734287	1.3208762804889602	-0.154714322019288	0.5108136458578314	0.8089001122297887	1.1892170808768703	0.5991350680523265	1.1030771446428744	-0.860298793241093	0.6899706355547871	-1.162390972254243	-1.0599197315310303	-0.10252295792408718	0.14386963628914184	0.9684647170423777	0.04473620188324741	0.143708732368225	1.3126684420488235	-1.0313917059900821	-0.22730498475790767
DTXSID5035957	-16.891866917886293	6.431171108251206	-3.3415769632821526	3.5862811704144075	-0.19516155933681165	1.1497103108626583	5.930754840672031	4.5871565313283735	0.02564133472786095	-0.7397387769462559	-2.139427419775833	1.0877879672908635	-1.9988585221460415	-0.6984958035392205	-1.055126393676874	-0.9689642151147578	2.63482506147211	0.5538677867683837	-1.4484184320110542	4.879233339586202	-3.290653902331277	1.120831519499117	0.5032703355451084	4.0279618771958745	1.3590250504893668	3.807613385274119	0.013586608036875456	0.028141326482113975	4.170157674688	1.7444654622819948	-0.029321755584928343	-0.7024613090564967	-0.5774167588287318	0.3284861849368882	-1.1577243236693895	2.0506450298506445	1.1754498989933573	-0.4455641740810037	0.7291530104516023	-0.2936055568223553	-0.69908520432603	-1.4335655246777668	-0.8157167513616872	-0.8187018495164095	-3.503728554055429	-0.8464035205073864	-1.3499251496866258	0.08802535734022296	1.0683350602687456	3.1043732813206004	-1.1839081981959716	-1.1227265679644882	-0.4048901727186433	0.5225585628796983	0.8467750136544229	1.1949779182331834	-1.7969746301227727	0.6204294327255169	-1.4005555391027524	0.3580934499730362	0.7066250564340434	-1.1703912933777412	-0.4585078600933019	0.20690954525149882	-0.5155203122108092	0.8345231494865705	-0.5673785860481704	-0.42620121834531344	-0.3115090084134192	-0.3265473508071792	1.2830066666628053	-0.39141903409300854	-0.45878859713180786	0.9945642622795234	1.6434107437538963	-0.4722950981328335	-0.8093193383369381	-0.1263829596323198	-0.37446970571475463	0.4617987922840449	-0.9315124983706955	0.09376889057431288	-0.6721773062098887	-1.2600189376054314	-0.6453854420066122	0.44060167882010653	-1.204886356747667	1.1539404751652493	-0.488852864085533	0.33002554054222544	-0.7513203205345534	0.6346770660634197	-0.7934636975685777	0.8625251671864279	0.2833510783617106	-0.9973382178725672	1.1423025025680489	-1.1654930049277865	-0.7724076576217518	-0.17965406698107997
DTXSID5037494	13.318221057529033	4.649743828142654	8.858370215646989	2.8186080266921882	14.848070102107677	-0.9741449489079748	-2.021534191081379	-0.6225478998511979	3.5256004681976996	4.994962562006859	-1.7976178602383355	-0.8674946181024081	-3.1678817165349487	2.933505942563366	1.9208452499274875	0.8709171172476957	2.335542632967705	-1.377648232720407	3.1112610061970307	1.8569738004626088	-0.08334866850279946	-2.2475109030620892	0.28128817554176416	0.16504317200072555	-0.6540675148039662	-0.6064190189208938	0.26020030216206763	-1.382584521007642	-0.2700301504476753	1.8359087362643642	0.08938817469365805	0.08785933510152866	-1.995239947950378	-0.8335430236412541	-0.7549234593174522	0.8884379368789048	0.0791101438080474	-1.0819319778318006	-0.8485026421043961	-1.0352838435807898	-0.5858607308993575	-0.1492280558739833	-1.4022451097280275	0.8346453685181479	0.1374143852337898	0.9563053772906663	-0.27434952686031777	-0.5748924733459243	-1.1363217270591415	0.006117390903802005	-0.13719815225495735	-0.010898030541001023	1.047880015397453	-0.3914008287656874	0.43489406011915094	-0.5196095841580263	-1.016395976583662	1.3856825370903605	0.11553536788701399	-2.3949288846500436	0.08481945138545	-1.2747473584461093	0.6582034666576452	-0.0954171791100156	-0.3964509613340765	-0.9595792618656819	-1.3402639009597208	0.7513919738473944	1.3483361742194542	-1.8031633491574652	-0.43681558137234533	0.14648892286599804	0.4606536607826507	0.8953080021639654	1.254527509483713	1.7537703783968144	0.6508957356753002	-1.129226203164807	-0.6051143414317783	0.5193798448947202	-1.5658641229128274	1.7155152363845738	-0.8376419038505968	1.7567486406907475	-0.8379287010030235	0.9248782327230044	0.9313700139489183	-0.33976144551771875	0.9227479895534334	-1.4834853011687315	-0.16825356208758918	0.5963891500268936	-1.1517136629181477	0.2836621780358624	-0.44647018899776214	0.10715662450728737	1.2002692623127826	1.0230354186671036	1.5235462449807287	-0.22976101096298598
DTXSID5044605	-13.717460183325183	1.6001630153197461	1.2209359181530715	0.9498129596604005	-3.7793174746047216	-6.399846424688112	0.7485179635202155	-0.3134156057184681	0.7475641376221741	2.8740926081154683	9.281163282205636	-1.9186256373193924	2.982104638577928	-1.9144120289534245	1.3792143067370177	4.4792175914768375	2.4467830330995084	1.1877599310026608	-0.3695942435369782	4.081841210324507	1.7455794251401164	-0.9242720015285505	0.17933078465460503	0.6137742605764017	0.9586412802599406	-1.659331880237425	-0.6989292888981642	2.1082460586621	1.431006190756754	0.8317133901543642	-0.33172911991430853	-1.4453014824951402	2.151809708023507	1.6389362472436437	-6.697682553103991	-3.4924900701572072	-1.3175679527765911	1.4683793029240342	-4.949239099034411	0.3470755865578467	2.165260322756862	-1.6143459067000003	3.2794344753867137	4.724419893173273	-2.9625205134514134	-0.08022777015828352	0.33332552203709975	-1.5498349047907802	-1.875016089163435	-2.00350805885575	1.5454246594387209	-2.318090079854413	0.5654975901249311	1.1787400006139381	-3.197066982813629	0.5947093197843109	-0.5495612006069294	0.4917475040142728	-0.3766393622777243	2.015374845715546	1.1334894997246183	-0.8507154912282545	0.2691598508638033	1.4221272467722297	1.732696760320316	-1.5820659060783744	1.415893228839058	-0.7628299742090376	0.07054475060736791	-0.8004901467972199	-3.1269229110110874	1.0943511747120607	0.9658237930673149	0.6170586363005752	0.0657084355729003	-0.8670657025338071	0.19076866194857595	-0.9462847500796975	0.8708410817388176	1.6220699445362106	-0.8782967080122901	0.9090863784379459	0.12484054396796154	-0.03444704456926814	-0.0681980150078721	-0.10519518775131613	-1.4053229362329511	0.4424333225542466	0.4525241879481581	0.09904234634023963	1.0850511893035304	0.35901594505146217	0.799348896950452	1.7474904091047707	0.10316086840486173	0.4394506132704831	1.4474699677172125	0.12457423295206294	0.27301428340365996	-0.02178589208706495
DTXSID5047291	-17.46281921034525	3.28243476463431	-4.225833124319902	-1.0697537015595142	4.470276813438171	1.8302647663012774	-3.7327445276466755	-4.357021615609798	0.8604640749885899	-2.311576739825632	6.621726084207117	1.3642508440545176	-4.800975650795881	1.1089546948274054	-4.2118178547230825	-0.778775685371817	-0.12475014957561757	-0.19656521321386483	-2.896765221753583	1.2802557568797805	-1.1705258974817319	-0.6571191298759238	2.07475820747268	1.1940571372253748	-0.6508907696607833	0.8296082444503635	-1.4136374574107198	1.1513930823766176	-1.8782930809471154	1.469107109781242	-0.5378060206811037	2.74452991278814	-1.0901810540902608	-1.5590592133576977	-1.5790608390989194	-0.5146979458617014	-1.8057962902279217	1.670186305910795	-0.29543488960276554	0.43121206949145446	0.0940286951068813	0.2660437913066518	-0.38726088250239377	-0.823008358723094	2.7518021258225556	-1.1254255227180507	-0.8367505186579142	2.304232625477516	-0.45513769040325186	3.210865910441468	1.4466334107510554	-1.608968249687248	-0.9328586770639858	-1.7233501330346137	1.8742555221077999	-2.7566840030968907	-0.5760517463961539	-0.3611485354233417	-1.2366862724160914	-0.3294494078412979	0.8622174571520961	0.6622914643814221	-0.536621014853826	1.0166535851442706	1.9690395524370934	0.02888309197532957	0.6263311210908769	0.4392796655415281	-1.7803681628973373	0.2575083341411317	-0.6213219988278293	-0.9731194162453556	2.3375390408593915	-1.4035986761323218	0.7068631655461652	0.479972745451912	-0.6392281541400646	0.6388797949455245	-1.0542647987569946	0.6099335301449855	-0.8924047774407575	-0.5429788459095575	0.224949085445121	-2.0097326853617745	-0.7256720802936866	-0.8523579969304015	-1.2598762450427168	0.6446500422037031	0.8184292994412048	0.38492775174043764	0.42402268358559464	-1.3596210712952232	-0.8782552192710076	-1.3169506636096002	0.8600298008205352	-0.19214071807873043	1.4738637497084066	-0.893926394363215	-0.8284004261529203	-0.13900396770626788
DTXSID5047299	-22.699178301486892	-3.1686600632824335	-3.570680856480857	-6.273392362878658	1.7230404524695002	-0.043761920381654745	0.15013157020014628	0.9494968550570196	1.3789430683509631	-2.1908667866447993	1.943161341861038	4.502958559582693	2.476200845828349	-0.18771886795797801	-0.511454960514655	-0.719282837883426	-1.7681413763503293	-0.8605224130186305	1.662908898944432	-1.294241956574135	1.1027993746917826	-1.5092760994711374	-1.5038830600843358	-0.7861139467297549	0.6655964598724282	-0.8530635404378719	2.363226045858034	-1.1477830947327878	0.26103400057154413	0.7940101566627	-0.8926427426085422	-0.8798417020996204	0.9889788888086998	-0.19244113779135272	0.6742133114655078	-1.4764801450155534	0.2944248806482338	-0.2615343181759575	0.4915077787084696	-0.5180267166664126	-0.6610957801055483	1.3347965159015405	-0.9814964757643492	0.5520041872236804	0.41718078090891486	-0.6097701416896215	-0.4616939369517579	0.2525410988219169	-1.1070225081004794	-1.863937558927384	-1.1004741135173832	-0.9979362535451511	0.34289229602818594	-0.18864527924747562	-0.8363002627947332	1.0797389481710096	0.34375820176764255	-2.096488135337107	0.4520035498411679	-2.0108340146147827	0.9581886120081347	-0.35746471165415783	1.1450123696252252	1.6010840937998505	-0.04045888942999349	0.3931485572391481	-0.046686733947993324	0.021387535924752395	1.0640106240700178	0.754795777654089	-0.3344493333127548	1.5264217470878072	0.6006130835068796	0.49170124486808625	0.4497806831524399	0.06967254251249755	-0.03731572837344592	1.4324063463145622	-1.2669300647391646	-1.4395520499284697	-0.5485126801953629	-0.892114670613899	0.8769680188313099	1.030614173289757	-0.29515572909806326	-0.035457942998367756	0.6203323790946177	0.16792135313315906	-1.096463552266986	-1.4928789114995868	-0.7836816740724029	0.23590919921369707	0.7770208160156238	0.5319499642534077	-0.23741560913873258	-1.1736597510503552	0.4073240560868746	-0.27917797515548703	-0.16899867980288275	-0.6592250441318026
DTXSID5047328	-20.946483679875314	3.6228380401192117	-3.992839215132772	-7.297987295665436	3.6283996227853947	3.4251315824006587	-1.9499927656461822	0.6434805451852778	-1.2943781972138277	-1.8956022738592846	-1.928759052138575	1.180459406101115	-0.8760289679912235	1.395849068071473	-1.400234042911577	-1.4470793517120255	0.3969748840765227	-0.6302052721913596	-1.3088119883594291	0.11505877617310763	1.1968902376106951	-1.5419255921370358	0.4390584445897542	0.47991160531913707	-2.6811724441450537	1.4504581443004414	-0.6056774777274763	2.021893977171178	-2.5404557550294067	0.30888761839857587	0.8713508481310455	1.752115553327208	0.20909822641967535	-1.1851256481819514	-0.5126776220832158	-0.3349501577807829	0.8018364019301726	-0.4240982106697445	-1.660090769832527	0.6115576909739574	-0.5838461110647438	0.4923603469806319	2.7584144302562565	-0.49889805257769176	1.7526699723834167	1.5604299936577242	0.09651264995069683	-1.4191220933983195	-1.069327436001034	-1.7273316031395567	0.28068244541636056	-0.9349622410663808	-1.3623297806763552	1.4562436706611832	1.1151955168308845	0.1841600700251079	2.076127470028193	-1.3357146170913905	-0.403612893134686	0.157036803597789	0.8188675821320851	0.6398108630095504	-0.3672036955076147	0.525175842611715	0.561808230219718	0.6227229903342116	-0.9454326426281766	-2.4056950625592197	1.9429091359907897	-0.1360858789392355	1.1329625120643638	0.38793711032655237	0.3038790256394299	0.29424756018913656	2.7005906730570484	-0.6995356960025092	-0.5630686512459214	-0.2713344587002897	-1.4250951843155675	-0.7714824201472754	0.44794132027628525	-0.3874619854401477	-0.35554292465024384	0.3682044745886699	-0.408172916391828	0.2249661272527118	-0.1688801774383309	0.47218063603697885	-0.32853783668837544	-0.061870725025813346	0.29282778133431414	0.3136931754183346	-0.8978346989533765	-1.3960623374583303	0.792562356318424	0.611447237923031	-0.27835120507554423	0.2999653161334753	0.4606222629023913	-1.1429073491527955
DTXSID5047322	-20.62694275382573	7.153008242335426	-5.362372060427198	-6.285768708707967	2.7478034912720446	3.0349173827627096	2.3562499297998194	1.535792735549006	-1.6142635929049376	-0.2687516925283766	-1.4246958567825867	-1.073247082250208	-2.692004063542476	-0.3109907990151015	-1.8618386587773732	-0.8079228934120255	-0.0057235932965581755	0.7586977871986658	-2.24772995593367	0.8551791011091608	0.06738733281278078	-1.316629237607899	2.662732056741298	0.5251464613197898	0.16874780824644928	0.5019535334636741	-0.38984826727477967	-1.2577561257323908	0.8450731393427412	0.9624476652893806	-0.9286546191746416	0.004960312198902856	0.6218304425662077	-1.4399605425501227	-1.082584666625511	-1.1875045977530032	-0.3771255799072173	-1.552071856001363	0.32784225603688455	-1.2269326265671412	-1.1077807628278262	-0.7523101972148083	-0.737927267870756	-0.4651670974889018	0.6265342196149545	0.8310503582561208	-1.3234195617442637	-0.12630062788021124	1.386606406341764	-1.3762886610575917	0.25267688375449054	0.5851555994482543	-0.83069821202943	-1.8485432083485869	0.41461385429972714	1.2642645449521313	-1.765502226135961	-1.1588654999631918	0.37966561317786407	0.3746187585930217	0.6184592333619108	0.2898491064379146	-0.39685386652445603	1.1524188964291397	-0.9780240928417727	-0.524813412074654	1.1896214757119294	-0.985413897351914	-1.9392938379781082	1.7048791943330828	0.8468755987510299	0.5598031584746088	1.413732432784688	0.2566315331898685	-1.078400199402298	-0.5882794172328014	-0.27842956978346206	-1.0155372175375201	1.1070653504136136	-0.36807661607381975	-0.685538698263207	0.2392298289802705	0.044300197701910876	0.1614060401138694	-0.6838154699536722	1.2213785131076713	0.8929722564911761	-1.8429076026012514	-1.173952193125522	0.7211284706370966	0.24012947565686427	0.23355590542921434	0.8966644256998632	-1.992857353623328	-0.26871279144639343	-0.020823476988167906	-1.3806339516154107	0.8491168652858538	-1.3338148829166003	-0.5111328568950749
DTXSID5047374	-15.473118670045306	9.685968476633537	-8.72775012728388	-4.1241202116920705	3.8513112145009707	-1.2198197436097038	-1.1283323943937624	-1.4840880898684223	-1.1865990102412765	-1.1679193117376543	2.6810625941278943	-1.2951838619071128	-5.715212266517992	-0.048611429455875765	2.2405909844095007	4.299708529052162	-0.12366162107603405	2.4256280474918097	-0.7979892755521393	-1.2721938217378375	-2.4897492793951588	0.05969818056179016	-0.3270015699396039	-0.7213556985954149	-1.1844571600102045	0.338543512751217	0.4874009230317009	0.8472378269611719	1.0563831848169878	-0.9246893599888286	-1.552495845952727	1.0202700064319028	-0.655038715790495	-1.4368836623399825	-1.9666496958709117	-0.06767530431263975	-3.334348112708792	0.6014519702967657	1.4438156546593952	1.4363167136368817	-0.14673058540382353	-0.42543642585766767	0.04856941002935926	0.13645324285427077	-1.0701671861007835	-1.6681171488487767	1.052251925836114	0.38802744697873176	1.97234501221368	-0.6255076793700886	-1.5050789260965094	0.43640211278486407	1.3421169782274764	-1.8271402427302963	-0.2999779095682478	0.5452622095602859	-1.2002426100175838	0.5986621429905832	-0.09929009185954153	-0.18293780975990365	-1.6294061787005467	-1.0537049176386262	1.3653663153373765	-0.06169410933708988	0.35906903382466565	-1.533379336880178	-1.5174830563955137	1.3206805332506328	-1.529589026164066	0.16743256850585717	0.673570982937756	-0.6253056380929817	-0.2575654061275401	-0.27756126638761025	0.21010051236294724	0.15389066558417533	-0.12184930294787781	0.32718280643643255	-0.24399218967138572	-0.4882488987308315	1.691893106200291	-1.176666398026931	2.8596857676831022	-0.2645289495135396	0.173975218784248	-1.3043046564083989	-0.3567916781714671	-1.0491983100323445	-0.2887681512646607	1.216094659676783	-1.0543612324527047	-0.09491199022985526	-0.34487658181004494	1.2541261228561356	-2.286107796695439	0.6517491056649991	0.6809701737952828	0.9484813155240611	-0.8972716900937266	-1.096363286895986
DTXSID5051650	-7.451032249930426	6.724895618512785	-19.169323821523786	-5.301861959545319	-2.662912728727724	-5.409163217284487	3.183030480190525	-5.158870050229796	5.641326765282365	-0.7191741628046264	-2.723151719687257	4.0697872028047595	-5.3699714168794	-3.0591246808208954	4.471225431678845	2.629764785684598	-1.7969639612748989	2.3121184748481522	-0.08160429451246658	2.1172694529119167	0.3898227649946183	-0.9678143030519033	0.8518293679127603	0.17496550878132677	1.3069671392445366	-0.7674501822995018	-0.6639748439461703	-2.1474616274016904	0.0330767654222148	1.6907072824010672	2.1750663510596535	-0.41305372159745324	-2.763479678604792	0.3381228664628379	0.18749907925178744	-3.36273142148414	1.9289002460961235	-1.6687231566665428	-0.5468744531874088	-0.9371097019644713	1.5162353964651156	-0.7726922952427693	-2.799186388528777	-0.04866921197717769	1.5400831807010362	-0.495795374370538	-1.4361138802171733	-0.6988030518929758	-0.4760884278728019	0.770667188397433	0.29775192465377726	-1.1314026306499059	-1.6777402131562444	1.5713641615589504	-1.8284045668320381	-0.8719811037456412	1.644467354011356	2.2105264796271973	-1.47651525757159	1.4449986919813864	-2.1872915399873105	-0.7494849148327586	-1.4566399489158648	0.838102411848031	-0.8516092154193564	0.7905052132532026	0.8193195499763528	-0.6333738233932775	-0.5092478316063095	-1.7712525686524452	0.4488448633705838	-0.48308148114241484	0.532517023353963	-0.7119930889372215	-1.5848200134774415	-0.5642414137805931	-0.4158787984224855	-1.9425499258049093	0.8542200278330854	-0.26804674749232466	1.3662025620097453	-0.608580831391101	0.7696367267531291	0.2740681945401081	0.7291273305079997	0.4341890580754619	-0.18190710320597264	1.0798147293121696	1.469361282833948	-0.9849017946252954	-0.4672324114893626	1.1016507227007784	-0.49784683512643335	-0.46419349422039685	0.4387920294709961	-0.9747423115149695	-0.9861555247248666	-1.0548875114398868	-0.595547557653652	0.058827464591552706
DTXSID5051525	10.962982570383648	-7.003247788815031	15.687824042981307	-5.396564010273682	-2.356537374381054	0.29216054114626866	2.990779192405665	-1.0877246098733466	6.710082600837783	-8.432427018920462	-3.911803237939544	3.4345608456500782	-1.879431379106923	-3.324224934278817	0.524683689024969	-1.9347612903295264	-1.1795892313914242	2.818367971567085	1.447986783988961	-2.063605390785654	-0.6024811604719037	-0.42980792910147475	0.5761409665015005	-0.2812443574951626	-1.5869397274515529	-0.9562449124900411	0.8850262033264968	1.6946000090106035	-0.27216638423225054	0.4136352652671643	-0.017392598923321134	-0.2095206727821528	-0.569961474219369	0.6547266499136467	-0.5821646432499241	2.7663380664340638	0.14201665522531548	-0.32543342487617716	0.18453670694512816	1.3687631308607018	-1.5286795559851012	2.7000384472432013	0.8772150154882181	-0.1918636515168996	1.559326854914645	-0.4848544640124779	-0.19859206856606215	0.22280313872165114	-0.5924461498107062	-1.0552737842756064	2.9342111434128033	1.08543373988462	0.9940838810085446	0.7530809779453242	-0.8589382939324794	0.8797622948309083	1.0056058742815712	1.0969020556404012	0.4786593322091018	0.841789973215948	-1.445024152987655	-0.25456164097519957	-0.26563706308699403	-0.7842730071572573	-0.7782636597453125	0.6725626793982302	-0.1201972704880543	-1.3872791325852343	-1.0284780148359958	0.4678840263257146	0.62134471971765	0.6946365601597091	0.6315089757644404	1.612522683615395	1.2706925017942716	-1.2281990121674873	1.0681718475616886	0.47329362557341553	-0.7105907463623502	-1.4438795938549076	0.10605760787747431	-1.7470143510377991	-0.9178530490212135	-0.13713682370753175	-0.371012774475321	0.39502090083982794	0.7372887596666784	0.5365091728843919	0.5228966038703446	-0.21898430705974833	0.5499118481690981	0.7504163339617823	-0.21107098652078937	0.9854462550282245	-0.8105822660899198	1.0595104616321056	0.9586191469621993	0.02427964491305645	0.6863694808353985	1.0252193999110304
DTXSID5051575	15.987859107396918	-11.829634809593825	10.691912372169131	-12.19112785184579	-5.378472188416437	-1.4369935767974793	2.848417666144781	1.4525104770459203	-1.9417659728582244	-2.299109574400375	-2.9429217224655706	-0.5940678021687247	-3.61004650225673	-1.9162518727221562	2.196930506229901	-0.35956397155544156	0.19689420306345026	2.3629431714057936	1.880212233971377	0.8419661005021811	-1.8739270845615745	1.7481995257379737	-0.6762619488970253	-0.09947216742000559	0.6029356115787963	1.2590593493305735	-1.8685135234053363	0.4645422782112991	-0.23556271375672816	-0.8911383895173829	-2.3327223926925567	1.1408577018189519	-0.5235858634387573	1.4616241945153323	-0.7396000432084738	-0.3309181451044327	-0.02671927189137063	0.5990770253664287	-0.7427336463558781	0.8544384288520251	-0.6873176732215583	0.1680394341740026	-1.8936774038090083	-1.1187791425666151	1.3253636249721839	0.9432294581218369	-0.20990652595535256	0.4196123015693235	-0.13353686952313612	-0.26134514556327565	0.48486181446893234	0.43424337420856884	1.1338230568476255	0.3212834327491242	0.26111523422267785	-0.40418132363230413	-0.6838524295168155	0.5196342581370463	-1.9408914041688812	1.049247896598512	1.264417626235448	-1.0952392512242959	0.90807886141799	0.6100730965386991	1.8339477253416026	0.3435899991395885	-0.5133570759684843	-0.6345162019601662	1.3193158624070174	-0.3856381525506041	-0.2837042198569026	1.367532223298738	-0.28079998541038864	-0.16363438252317788	1.0332259740439924	0.3727979477617314	-0.10349324486679601	0.6316814526889656	0.6864854580924696	0.0545129852506126	-0.42027721601598156	0.5810560204793278	0.9269801013936599	1.1881641326487251	0.5137191813122541	-1.2936624702290684	1.4275854204186458	-0.12600587349752848	-0.9602732521059972	-0.036602259974494976	-0.16846148488023382	0.0993010441882436	0.82731048476793	-0.03657916287889761	-0.7806191097646435	0.7369502420865898	-0.1448979382472243	-0.033249883353542176	-0.46669555371814736	0.053884427056714354
DTXSID5052042	18.128517205451587	2.4910644755740403	0.36260643788919444	2.9086018566440117	4.238821639144726	7.811229968293462	-6.841895149025669	-2.3040044940714957	0.5082387188217433	-4.976936732521235	-4.342780531366419	4.875942602344047	3.355376473234835	0.16063239043492078	-0.13985773738890225	1.0810868785691103	3.1957523760718796	0.3255061986838769	-1.023772380096092	-1.220771916217989	0.8611738198233999	-1.0656839668176683	1.4706011680284874	-0.6893487251116194	-0.6567289068660497	-0.09094705650502118	-1.0978091956151173	0.5869626414466208	1.7887279329425474	0.3572998117545808	-0.2319486862745967	-1.332266066617967	1.4789579033025309	-0.493273721117687	-0.1595203292860554	-0.1351588667318071	-0.5311161843081181	-0.25253151538054197	-0.03582459654243955	-0.05913295671096481	-0.6356748250577112	-0.5008808119520841	-0.3638838350054121	-0.5270770023037596	-0.9787496593353732	0.3037276720601092	-0.13605644588737723	-0.7440640092757708	0.21628580564145858	-0.13729574726598961	-1.4637967354040844	0.9446648685627775	-0.740956741054227	-0.9253712739789088	0.09964734222189853	-0.12118567425094692	0.17707005566835174	0.043942122592873514	1.2765767400803807	1.6481856465464202	1.2518181350020667	0.16950429068013875	0.9146669252854557	-1.0660997944359902	-0.6489540687526789	-0.5481080770523291	1.017010880874958	-1.1794350903268311	0.9284148531286158	-0.04660011960385688	-0.5443482953745054	-0.004603805389795561	-2.399331580825254	-2.149005690678738	0.35097170588890014	0.14945311341818537	-1.1741001938193336	1.1825175916770057	0.12982522695759732	0.6449742318961271	-0.8169195145379031	0.3215513921570963	0.18018342009146587	0.8103417795137162	0.43457935147460897	-0.32699195159137123	-0.21628554781028447	0.06394574806521568	1.5249704811009326	-1.580279612676773	1.2675022399421916	-0.15379867204301154	-0.4121156538282104	-0.4753752744480902	-0.21830808530596746	0.4565020165024337	0.36106722257327317	-0.3569533995349733	0.675665214570542	0.8108236730935354
DTXSID6020068	5.2890253786139745	6.691984328298428	-3.9227881401467286	11.699312697262902	1.6364727781154937	2.600968487069343	-4.417099097039798	-1.9607965335444466	-5.380761586032039	-2.3727461260165836	7.044639152821864	1.7043037525637907	-6.104218377114341	-3.6685201167108774	2.6464981405242782	2.6460719640574384	5.28532410540435	1.511504218230016	-0.39911913317094705	0.14898347999292144	0.9780570033828462	0.428402335370159	5.890991706690892	-1.7415198369192826	3.3523573901836983	0.509720296589374	0.07135456607212527	-1.1159864929461731	-1.351093711999773	2.0242585156888744	-4.646661738311904	1.8259287431183586	4.0911703243008715	3.983725831697666	1.903003118504819	-1.444838182722548	-2.4056956722231044	0.3267470986867641	-1.0045508568158503	-2.3114140865137935	-0.7453589432061276	2.531050632526008	0.04082944733081396	1.0866618507053851	0.9936366800230574	2.6654578748803175	0.2784058121584845	0.1835297279528599	1.4668411689204348	0.8275272524878269	-1.9725396257917587	2.0320925779631054	0.11876459126474913	1.623890179469997	2.0741273203513093	-0.017621596838626914	0.3139361697717419	-0.7259289825729542	-1.0241240787597763	-1.625863566439477	0.11188393940688535	0.50637088087977	0.9434951136388429	0.11414806293326721	0.051438737937193495	0.5511595536561333	-0.32450694481650955	1.6365837002348949	-1.1269294583154053	-1.1785015947927224	0.3153851752878045	-0.24494573657989474	-1.6698845050617033	1.7598779604357404	0.28928974863939977	-1.6049686493189377	1.5753660814529287	-0.5130505835616002	-0.28501821371587094	-1.3024296092564256	1.11049176882059	-0.21159652514549754	0.989278964921593	0.3572310045551802	0.21339026688457843	0.24257935509896533	-0.590235825228992	1.1657118539247227	0.3297632596441482	-0.4065638691590798	-2.115171922677343	0.13331736189397794	0.6253854832245452	-0.058438649818581594	-0.3466333937796263	2.1336472585380344	-0.15215495624360836	1.1866700314758531	-0.1435025889048974	-0.8956972588766398
DTXSID6020511	13.413275241267057	5.583937139184833	-9.086036362018636	5.149502740180078	1.2560491379666376	-2.566469545892657	1.750812160380005	-5.885413458461652	1.133718631800013	4.034118352218133	-3.2690414377371386	7.993283588711394	-1.57013292162728	-4.765794603297652	0.9400245970086096	-0.9263716957166395	-0.7260655169358217	0.7332649673723718	-0.23444612799462405	-1.8234045618133017	3.316993665739589	3.749513124797282	0.06834030925189778	2.8171196110630574	-2.9319870432476214	-0.5510611138285852	0.691236782848459	-0.18887283474843714	-1.136943852875108	1.9194210384022514	1.20143640551697	2.3008952839758567	-1.083341599220784	-0.2564095121170143	1.4209977765906436	1.573331271080725	2.0037635544720747	0.9150755520628354	-0.5706778165793139	-1.8775118785724674	-0.7261168143494323	-1.4934389697281607	-2.114108932495138	3.1846921072611503	-0.327219039501523	0.7483307319914101	1.196912774750338	-0.04332945582698556	2.3082293714532702	0.5466563202268533	0.19954284158435404	0.7700977925356135	-0.01858065151793921	0.41720341631367547	1.040713885728739	0.6464140283739672	0.3587267827429138	0.08140222345870778	-0.03804483898523896	-0.024158356638662462	0.07529591793545687	-0.2888323326875777	-0.5821819906437693	0.6825255170566906	0.44518616373514935	-1.127613788812236	-1.141447192313774	1.32290615747177	0.5988815119264352	0.6103293877387087	-0.5242833931551278	2.3160009063387514	0.5326426252520157	0.4144385744153547	0.31262222391136946	-0.8620131235167903	-0.1917274863544301	0.17429509472212737	-0.4754480545978889	1.7148978148997793	-0.8097979283288143	-1.0679294650279	1.1139224256971254	-0.36732631341895106	0.6302347025114405	0.8032657334255352	0.38763050177756425	-1.0255557688008299	0.17010437818416546	-0.5291370400445554	-0.3878798389782095	-0.007431504034090799	-0.34559464594424977	0.6286544185345307	-0.6748548838861044	-0.7465729718649137	0.8752011806049136	0.05934990303328547	0.5687579184257804	-0.034650573018600875
DTXSID6021086	2.009618920084678	4.287416434520392	21.010208531115996	-2.5172098118207153	1.988765786026569	2.0868742322394263	-5.063762472746106	-1.0420632867546056	-1.6980879640968074	0.25946636285908553	0.19031385037937332	-1.6027421402370061	-1.352311194325671	-5.1907732356898295	2.6069406409427733	-2.661667247267568	-1.165133374304501	-2.595195428146159	-0.968114310910763	0.45444341154078166	-2.1168983376186956	0.679890870820605	1.1910922492173972	-0.7698071452141991	-0.6491310446516726	-2.6617378718503653	1.6216765029935882	-0.22336061450148992	-0.3625665716835476	-0.12175290761473362	3.221579862967631	1.7056045831080664	1.4832407417980726	-1.1347560922747735	-1.262307749285557	-0.02917899874473918	-0.0033541082705889603	0.5047585661113478	3.110439387692794	-1.7061547864437117	-0.9961445035645596	1.5790391747138288	1.245740484414463	-1.3245281190003535	1.282174875355844	1.9490929695597052	1.0890281248958131	0.048921614069637236	-0.3730548942113939	0.701057994951918	-1.9031938904757861	-1.1420802490679252	-1.270143346126434	1.4650655850147796	0.6985528321023036	-0.5433838981235726	-2.3086619864833597	-0.12795394097233376	0.40530250132829604	-0.6966819440355526	-1.7484573703914787	-1.653833473652793	1.4379232105867237	0.8502990221362194	-0.9806178998406507	-0.48730801957158115	-1.1574101933666399	-2.4099065956841357	-0.6655736690671087	0.2501742793281878	-0.35585175926876816	-1.5558127296610573	0.99784939454198	-1.86738429581138	1.35834931069264	0.1330420511905417	0.002314411757705592	-0.19883060682916578	0.667243488407302	-0.5575937021914426	-0.7372385415359489	-0.8565937515666247	0.1317220262256458	-0.9788944439082162	0.6376565075046631	-0.5757122944936596	0.19838100697772199	-1.2273224602459725	-1.1876154188943915	-0.6908606884942875	0.7676509897762627	-0.5771821208577023	0.6021258931099149	-0.25042572932853835	-1.0137162461973515	-1.0815346602156133	0.42608116810322333	0.4440292873202541	-1.1034033818311662	2.0116628795192253
DTXSID6021244	-24.00222485624127	-9.931048661440002	-1.5220148468416344	-5.760677807209104	4.694179868202109	2.878872479740134	-0.502058584919422	2.122358305109137	2.404792797904463	1.6471019463619954	0.8521944275602292	2.327501368594205	1.6981388644481736	-0.8361220739214296	0.11342044012985605	-2.4957419619506513	1.6074366088631387	-3.5585769012000688	-2.248179230296195	-1.2668607419941342	0.18992679085610178	-1.169575784048875	-2.039582965825548	0.18129233876342893	-2.166912501312184	1.2609267196637437	0.2687950631989709	-0.7115338292516452	-1.0363482047228085	1.184636722157329	0.23308007432160438	-0.9245336911317883	1.4918607347278146	0.052692792223794124	-0.8358428111624489	0.8528620948783807	0.09172812264167444	0.10410308668039245	-0.26617636584001136	-0.5196516385709065	0.7479066014545038	-0.6235772387231868	0.6410619487768472	0.07004633120304855	-0.22294437220703567	-0.7239330285918762	-1.08799043877464	-0.8239657100956933	0.3732322903999779	0.5350567388254843	1.0304876390706845	-0.5842103971289736	0.03605071767881905	1.0462075504731827	-0.3610207677742064	1.0929042163915157	-1.0247213035208804	-0.8254677186095847	-0.25755923159689703	-0.16704872025614306	0.9197220011935894	0.23095717257073226	0.5881339778378987	1.6491432105270896	0.5033699569418846	-0.3068303705320993	-0.14308061938582206	0.5155357573892227	0.4843942581596935	0.26368576537942684	0.7097632329752299	-0.3181797413541329	-1.4743505016600311	0.5571704011689804	-0.6625362787490777	0.179427636219312	0.18069840486361385	1.6349208030702802	0.5692279427661313	-1.3913562200880942	-0.5787419224248558	-0.9968088981566283	-0.5216969386893723	0.6528306124131059	-0.422364692940217	-0.5069306699804651	1.6583515602900236	1.0650424839610584	0.7835435746671411	0.8330681379762448	-0.6071615969398674	-0.8717085792020692	1.829433722486353	-0.28568747328836164	-0.8727240290249176	0.09489533638608043	1.5417719649089976	-1.2219076388147103	0.053248927394527884	-0.05241405238273754
DTXSID6022341	6.7705436040210545	5.446080653283356	9.651895920520293	-3.6167516239420126	13.962545146488644	-10.83350728794639	-1.1684435866771614	1.906452124286187	6.051086114379874	3.0973050411537617	-2.8905582157867658	-3.267997128667842	0.5934826464039138	3.448842611064033	1.6465061998827546	0.6349896993505311	-1.1526459056301774	-0.9916566371316448	2.64783498643045	-0.8508435306604747	-2.571961164974417	2.256957732390618	0.3638654544503322	1.3980630294356036	1.9243760257735671	-0.14086963155757964	-0.37038181370073797	0.3969947307898835	-0.6576867414544013	2.011602103765431	-0.5687741649584074	-0.33884959062415737	2.5887115667956455	0.9953653061105571	0.8807777009831825	-0.800683091257837	2.0535053422268663	-0.4130569948963613	-1.2122369428742428	2.178368047933844	3.6749133249420565	-1.4538073837183472	0.04619289532217361	0.9666361125234382	-0.13204557239041836	2.059460706408867	-2.239670733108168	1.076974742263706	0.09995360943857992	-0.6586776252114861	-0.8426842420062622	-1.955561304046514	-1.079988133812756	-2.2465450091603785	-0.49602621232641797	0.620005096526594	-1.0812942212030272	-0.247740942138312	0.591192167392614	-0.6656671325163567	1.2858121359624217	1.1331380329174998	-0.14430443134597282	0.7468757548747412	-0.14336049427653555	-1.1127253639035521	-0.19768916145428653	0.05706359305702263	-2.601215845727598	0.18100275473308317	1.781331302860696	-0.8272583093001313	0.6930012474370781	-0.839012875311302	-0.9334447052669473	0.5279017849303101	0.4855299876062656	0.581022384279232	-0.17375478647532375	1.4191116280803486	-0.9042972663647939	-0.07575321638513881	0.8661681387770037	-0.6521236530964228	1.8470838719233031	-0.9388788224324564	-0.9345285360866807	-0.8139380669827875	0.3138454885812384	-0.6454304980061298	0.23676795644180465	0.16363291748517747	1.4837650038976862	-0.8276820695751373	0.45305557074163894	-0.6432646356554843	-0.06756316142788875	0.9857680271569731	0.8776381072485167	0.3573542435118858
DTXSID6022391	-1.2522618630696543	7.87629922688692	-12.073033680267635	8.042765256662303	-11.04278460347088	6.072118003498485	-12.13548283908752	3.8621417425091	10.638915584004023	4.337205971838624	-4.887415277290669	-4.385916026168077	-0.5994092266102246	-1.4985057921655622	3.6438604396182965	-2.888373092132077	-1.7210057931402931	3.8426069422791396	2.0937520898357196	1.1545287765336338	-0.45031403606209497	-0.556106724646067	-2.397345526945842	-0.01763808392966631	0.035432817912742956	0.6380365837604355	0.07584641271876637	-0.11638290125295371	-0.5111549922138237	2.945084918134647	0.493334619824096	1.4127284733594632	0.011823175902652455	-0.5105553799477075	0.3098768486092737	0.1517195188210215	-0.5958126479753377	2.481764119475626	-0.642692943782779	-0.7078754652160344	1.1509780675845218	-0.9461871617620308	-2.9678364033639077	1.6437472707418408	-1.2377921064303874	0.889096882839681	0.38762285637529964	0.5610213844094335	0.7476281314384279	-0.24052068014539382	0.9079096036125213	0.8894753050976718	0.22155940713288877	1.499567037952019	-0.4377228116835635	-0.29525162661427357	-1.3528503474871791	-2.58038615013887	-1.39369666589846	1.118793228116832	-1.39258879332023	-0.7986621370501878	-0.3725366184782329	1.242294618793235	0.09690362265279896	-0.2775546321603382	0.5287247247650065	0.32286280895125197	-0.5069001022541737	0.1974518552350747	0.4328062950854138	-0.5624502129589559	-0.1574689664875044	0.8283826444889015	-0.14135067003307167	1.101428204939099	1.7267211053625	0.05442517167815994	-0.43327071086588775	0.34704152732460264	-0.6721755285406074	0.2522430980460738	1.651943981002732	1.8433329885048877	-0.14536587033837806	-1.4144649621280092	1.0683002071167116	-0.9875531307688606	-0.7973459611497384	0.7767109767557402	0.20571307316557752	1.082871723223456	0.7664337000828738	0.6089039404447478	1.4414592946377303	-0.21822189688736535	0.2079429564084564	-0.03996283573925705	1.9120136117894075	0.9601529772719704
DTXSID6022345	5.981235294930094	9.929429895291833	6.9856380696601175	10.10168307066376	-2.2220330185951633	7.811109300344675	13.30688915077387	-0.07805106350461836	4.240496663100927	1.1779672878628884	-2.2629128795797095	-0.34677130197507194	-1.876161915992736	2.8256503520689584	0.547801646133535	0.8207349884595587	2.889040470474173	-1.3937116921947992	-1.3655383814506576	-2.733692976716626	-0.4779359600846956	1.0909591187138794	0.05164200854140703	1.1542266183344978	-0.5264799792828737	0.35295033768231115	0.2968210309043562	0.34784747644853176	0.8991704437768377	-1.016474862961451	1.7454785752666278	-0.8672928901467133	1.4055443170144821	0.9139109463166336	0.13532241274257112	-1.5790856701568634	0.1591220599304324	0.8855318408015178	-0.23299569221716052	1.8212538145211008	0.6032197741516405	0.1914137787371209	0.6267487619133094	-0.43172303758684233	-0.31310223182227215	1.4650110622909094	0.8033693266533924	2.569509911611113	0.35598273029971744	0.7985166576676757	0.8610774744215954	-0.6141066152673805	1.0191935780395096	-0.5762196855802442	0.06854582132148448	-0.5154881103973483	0.9192880720551987	0.1329253767860371	-1.3139908632092676	0.3487991168763115	0.2810164634255115	-0.08343596742023004	-0.016712828925296287	-0.9013312712653003	2.5402658576798225	-1.7396134152211968	0.6212141066985792	0.5627466002085965	0.22002553165008665	-1.4553984597141445	0.19590706744132816	-2.307759530307508	-0.06920766985190593	1.2464266950968217	-0.43121051433465063	1.915686825250224	0.3547033338678749	1.275908608143076	-0.6214193849073117	1.4092521756128646	-0.19140534173501283	0.7439405358727786	0.2813158519028176	0.1660596536642395	-0.3372415145737691	-0.1894768049168387	-0.27313862744018436	-1.4394369194393746	-1.347108304144046	1.0634212945527273	-0.6812782970349129	-0.29873786198730123	0.30179482831953897	-1.8365797187481994	0.8430540421368216	-1.202263427788322	-0.12060425398844697	-0.6282639036615618	0.6997409052153449	0.06488099976815688
DTXSID6022422	17.343083882814057	0.9749264921109415	-16.3653997514466	-0.6359380341895521	4.078250873627267	-1.2063424119560404	0.49384841929254497	-5.524476123594032	0.0639885295339897	5.817604665897463	-0.8908815390475016	3.8630138354932946	-3.0968130048307483	-6.181462544382299	-1.7337236796369828	-3.0259120994147515	0.3084331411375331	1.2254867250711294	1.1291237713447546	-1.2389454167160274	-0.14094962783382167	0.2513901873753273	0.746702020268883	0.8760378140805708	0.5289920942817479	0.09024242631345519	0.7665292678471235	-0.9134116580924021	0.10466538721020135	1.6274603843148994	0.08104483661086183	-1.2337639322151208	0.6044206751209379	-0.6588363025372135	0.6409632564572554	-0.6990051960488216	0.9548864090164442	-0.18104249685274734	-1.1131628906725997	-1.7933795865283964	-0.26385661462834215	1.7872010166394974	0.28334892819177604	-0.4090750629179175	-1.710702913334489	-1.5485173773327996	0.05404202868646938	-0.7042920932980506	-1.2843276577438487	1.8512916506589214	-1.3447580326362945	-1.441266305841138	1.4201674967016698	-0.36540148692855245	0.09992742905401597	0.6160815737902263	-0.9985214870834891	-0.5149801414738049	0.7676746428464395	1.007637864430168	1.8924016919763862	0.9217905665694437	-0.19077114320084892	-0.44218853952631226	-0.18773270375928025	-1.2611916370543483	-0.7612367568758376	0.45081706237704555	-0.18227596842389748	-0.1486645694707682	0.021493262642724956	-1.71043194942671	-2.337455211856607	-1.9628182111844332	-1.991994095974385	-0.06676511932365645	0.27327982222178404	0.5518922005025118	0.11581567364346333	-0.5590298042023899	1.3648545541364854	-1.4828894198514146	-1.2079988451758477	-1.1428776681135397	0.8191709170526598	-1.8134178767216522	0.2805464081786966	0.14465675087761956	-0.5848131896940485	0.2569327677366421	2.1240891123058576	-0.8282115656451219	0.015684242966034146	0.7794202553119612	-1.1120822624152769	-0.4174680832906032	-1.8883937067105159	0.4621315669598806	0.011646469339386817	-0.06540928154354227
DTXSID6022474	-13.692291732301543	-27.666216015326604	1.852893039217676	4.432451061156606	-0.04232952138505756	1.2092456723525107	0.5261680751794577	-2.8321270047256704	-0.9407618574225927	-0.07965009018087389	-0.319758000847735	-0.8277126446392659	0.30673237090250866	0.41284418127038086	-0.2443931110275239	0.45439304319694385	-0.9984897525882147	-1.622968354701883	0.19510553681134934	0.5736221277164765	-1.276276091187395	1.0817210665398673	-0.4382159518799125	0.0763418375340163	-0.671331618572463	-0.3811071492541734	0.8790888598373645	-0.5916498914129615	0.016312092881807877	-0.08606394139547041	0.225129360115276	-0.21503730482878736	-0.4638478525200126	0.4810808926902645	1.044879923081556	0.3256776754396428	-0.4782534611620071	-0.4946210086594976	-0.23122974943365077	0.8951429556370104	1.7427448564191894	0.15037397292216897	-1.4201633057419265	0.7104763886412069	0.75985835544966	-1.2856788171947662	0.6745628513152588	0.5055090074420344	-0.47603122392225433	-1.7642829512309295	-0.2754393210197084	-0.7479584358047965	-0.06918713519756438	1.5556401725958704	0.960772672646277	1.1757434050352988	2.400483310184816	-0.9432631210655475	0.38785340843683735	-0.14902791133317253	-0.1023609214727565	0.293545109975427	0.32488477367254776	-1.5196335693520715	1.1082512750141187	0.34524031837313796	1.0180523775720258	1.0153516663219384	-0.8691818878122942	0.7044715098748524	0.8941825274562032	-0.2833311820823858	-1.799549751262234	0.42384404006927	-0.8034905435329691	-1.3951375257863954	-0.7694148909660561	0.08202194913700023	1.1092140135887592	1.6456650061897213	-0.6931340521876324	-0.45917308124572187	0.09657703076613702	-1.215732967501809	0.4558504057171738	-0.2572029961566702	-0.05303619771827152	0.18727597621691036	-0.8392951112808484	0.7860586178057981	0.1498493820017341	0.6217791218812397	0.08864160188447583	1.062583617381889	1.6333428169330204	1.0795531241556215	0.1072282169897273	-0.03202560451995923	0.3563886780780913	-0.3758651905175524
DTXSID6023999	14.10195191382909	4.558291805732515	-0.28470268510357577	0.9435332372660196	14.674037886446925	-2.1515399187051516	-7.094275752673119	-2.511890260075692	-0.00491070776581318	6.937658747036723	0.9134320021997795	-1.291283242502204	-3.275188262872528	0.5512634471719084	-1.9738038663366424	0.5128270752440834	3.369045253872972	-0.4341530901944796	4.22876097690363	0.005476779573884438	2.0414934377010274	-4.035179284300572	-2.65890182640224	0.2873701347941255	2.9854550299284366	4.011971920334058	-2.0879848757841497	-1.8537984745943283	0.0838722602770208	-1.5244458793478286	1.452377749521788	2.489347437862394	0.6115490579005594	-1.259859020477636	-0.23350827578395048	-0.05382481837979434	1.6598849828357827	-1.0209251259325078	0.7624654245748066	1.0229029684943696	-1.813831914512885	0.2259192117499927	-0.0924628171067534	0.7269620985017777	1.299645681889569	2.8810157230781392	-0.10779205004141854	2.0188784579416876	-2.121295650912037	1.3225034617192821	0.3841250560069506	-0.0061175681622726	-0.08899945427132556	-2.043606892739126	-0.38049112520590456	1.0991042753584166	0.305257441540147	-0.8221867879933428	1.0488726234212415	0.3745325529464283	-0.7419892301457417	-0.9192942340152558	0.2286137426834401	0.2839782338610434	-0.705008243341076	1.5902795716946603	1.4228550502390143	0.056296678947866385	0.7275746019842488	1.4354645978019045	-0.06674443259719891	0.2824459721791684	0.7339545995730886	-1.9584041758831574	-0.4099104856502016	-0.7805987206241813	0.4223773226356617	0.5881932603342367	-0.45197192310740064	0.7434682092005798	-1.9127746790061826	0.6492485795535302	1.357358671617883	0.18984805506646948	0.0891024514143718	0.6822749927397613	1.4816174769418793	0.5186837839816351	0.3317358163469553	2.512784546554218	0.514007901035955	0.15518569261633056	1.8280777115124631	2.414470394848861	0.5546959394600541	0.38428001970684794	1.7793798578549773	-1.4107960053222108	0.9168084735894826	1.1688433640983897
DTXSID6023810	-19.151474595732743	-5.282048075609799	-2.6969149603446474	-6.157745430655092	-0.8321639605039746	-4.376462375453096	5.514161147300654	5.022824793272243	6.6323485188650055	-1.6240696067153186	0.21166822620627526	0.4794649745708487	2.9788358307400147	1.2303141321302382	3.7365773204581467	-3.072863047093217	6.270608010197453	-0.3164068743488176	4.400835871626861	-4.721765580505596	1.2943652118024096	-0.6059539528129129	2.0524723936803513	-4.116282112258118	0.8879243643539083	0.06657067883323894	1.076698753192416	0.1981128518237636	0.2899873932932227	-2.292222981689111	1.8398014879232019	-0.38732403816775957	-0.20410486322117674	-2.9451178850624227	-0.09009616016294045	0.568405587300085	0.9536656368614239	0.838511275020652	1.6358437193605218	-0.9659654466183959	0.20190349516278175	2.3350635416833927	2.4554813123924646	-0.19120485341141713	-1.0373503099560628	2.2484743696435685	-1.021408259512474	-1.0028830186452096	1.3019403690186868	1.0006197643491248	0.8014878973238168	0.43308283312520995	-1.3394742881151522	-1.2248020585174295	-0.3968966531989978	0.7659213410034029	1.5514336839884406	-0.4955143884307335	-2.121666162458337	-2.892943631772993	2.668055829806174	-2.026503905371228	1.102101523700723	-0.6571441204426441	0.17257933841610437	0.43603870173847015	0.20466495698661757	0.8796052362851619	0.972041845226227	-1.0263524676735827	0.013678072870197415	0.6208983195195503	-0.5705679261409913	0.41342093104646754	-1.2879625014408196	-0.8651858292606192	1.2778720414647908	-0.9666170426846654	-2.3078316391613325	2.8354400562798454	-0.013193987176655647	0.43782225164475214	0.5063840508476831	-0.9125305708330805	-0.604772677618266	-1.1885058102815307	-2.0601127769922982	0.02395640145649237	0.07751304236041745	-1.0230621853520752	-0.37544867556918543	-0.45015230879464596	-1.155698922628091	1.0114473730050986	2.7366263477299797	1.5204483024572553	-0.21406373279380148	1.0559975570192786	-0.27816870076639144	-0.4358799452113223
DTXSID6024206	12.117009625071397	3.119134375378221	12.528941288976979	-4.1758907305383826	-0.5516187578203783	0.8171010966006781	-5.677822325168239	-1.4418300284565397	-3.099401860302212	-2.7462587016458446	2.2771135281691213	-0.5376571381410953	-1.0940271481232504	-1.5438791423555296	2.0724237225104676	-0.9653569255690786	0.2873822338789625	-4.726579254851714	-2.0886615057299758	1.2426488982653139	-0.02595815638025598	1.5345448691341776	-0.8144760902147398	-1.0892364311869391	1.4125856592772854	0.2419651607565972	-3.2563007543269897	-3.255550506707802	1.6597841861559897	0.02775480135191479	-0.34622985905674203	0.06182633823607952	-3.2291323692632057	-1.457515315924501	0.6442106708732003	-2.5921173194683123	-0.5084602864176353	1.815576581206024	0.4891224463790431	0.26396675628141797	-1.5430607757150274	0.3245195587509568	1.2728647262465627	-1.5039350951465034	-0.4844464163455916	0.1630531532965901	1.967355860311353	-0.059552208354765386	2.3413674203782064	0.20595612692478357	-0.5720098048759278	-0.41964654406406454	1.208901209344062	0.8210327223872447	0.9448697997885936	-2.044243095505036	-0.18831801519479444	-0.49050454608098853	-1.3498602135435216	-0.688255782514827	-0.4130312873420806	-0.17511163206461747	-1.2809834035650316	-0.14081963275920498	-1.2726075187001238	-0.8231644774600299	0.732432671425304	-0.8399534218504477	0.923650129409317	0.023566587466255253	0.2068147958487792	0.502182024786084	1.4495366530514622	0.33220114819209917	-0.10953489921021685	-0.22558428584618612	0.5030386549878004	1.1969619423369677	0.117081004287781	0.41964445969564085	0.19036624359601123	0.17155312205789547	0.3213688107323295	1.4270303852261255	-1.506891709103933	1.7943774006669235	1.4650372061604304	0.1892870576360869	0.6713587992644587	0.015090189034308457	-0.17201855110280406	-0.7384241825187904	0.7603622819511471	1.382825917048705	-0.5303669671516142	-0.7310771881896416	-0.8409503369333035	-0.23600201794338965	0.6037591936827743	-1.0189405966335006
DTXSID6024254	21.347476098113866	-5.766586052292237	-12.964909977779026	-2.65088016002458	1.271418758408969	0.5750730074557023	5.242029335127128	0.8628011927993139	-1.5347404052122406	-0.42429907644235837	3.350908221617561	-2.8115548510194808	2.006541433494421	-0.2425192670133512	-0.6101520235684057	0.14993968299205016	-2.5425048241781267	1.360791697181097	0.3399476297826991	0.30091606842233515	-0.12060247892970663	-1.3082446428964747	1.6378079048052365	1.41556569578522	1.2439000570125605	-0.7002883138115343	1.8724750895722648	0.21236698387677094	0.07523254334597015	-0.6832799794549222	-0.3474973900345052	-2.7273533601277657	-0.16269684081530053	-0.7301726803757315	0.6386057543732194	1.443912470013047	0.4909341572078488	1.958369563207928	0.7720929426755507	-1.6323609535437864	-1.7354991314934807	-0.5859385611810444	0.9775166562645412	-0.02453484463210645	-0.5984438244144806	-0.597114994591454	-1.0736873655566925	0.43469369939100877	-1.1188366520854778	0.3015695030988346	-0.8485862186814791	-0.8689013758337671	0.939332787932421	-0.12432255593574282	-1.0980820641923899	1.7104655720959554	1.1614219371892223	-0.8340872691457019	1.2073028014733174	-1.229965000724453	1.6831496851963352	0.07708161617211234	1.7311133724566028	0.18818923887749617	0.05065799344687701	0.7224502666459911	0.36864079732527166	-1.1220542578388752	-0.629070158303737	-0.22538194615952425	-0.008856244543946996	-0.1856044160293757	2.1531156508519484	0.4386218209483641	-0.16016006434244123	0.2309525137737955	0.07757452630456864	-1.0896043190372366	-0.09728205071846564	-1.727141585554742	0.8691248747586613	-0.3832935797620165	0.3535786630907937	0.5916440263643558	1.2563457566275567	-0.18469998758340905	-0.3697626672389494	-0.00304304559232667	0.11592565559367331	0.2219890731958208	-0.10844787365553304	0.27742383641968504	1.3777915143304762	-1.1342339052470447	0.28448196996288033	-0.9099154438846809	0.6882917108487407	0.008617168843792765	0.9138123583613696	-0.6833661190625646
DTXSID6024460	18.870794805724127	0.8401747863427528	-13.535049464644672	2.2383758829498595	4.309633472521913	0.3594318114786791	1.2252448455992435	-4.2950438862443985	1.4178868091163386	0.7653538083259803	1.7340909781116092	-0.8050070495654645	-0.2395220804033811	-4.205362440870964	0.10812320119834311	-3.825739469298099	1.6494875642900142	0.13836041316028364	-0.7331594481638319	0.12823933379015334	0.2058134915436807	-2.679426429927717	-1.2847928678721545	-3.1180152911271097	-1.1362897786360515	1.9684810686336371	-0.7407079746460288	-0.06722042542122476	3.183623852748369	-0.32416345394446056	1.2391441866379336	-1.4095688951316567	0.9206265623660458	-0.5730858402316422	0.9577877923458312	-0.23098404051554924	-1.0764438073795863	-1.3487904110584779	0.6979995541747509	1.3458153145610319	0.8238152691921489	1.2384948023216005	1.9057968390314919	-1.8192727917918017	-0.4629224588952634	-1.754629891432986	0.3124565414483333	-0.1040007454534963	-0.19642538752215857	-0.5114428657198852	0.7062198540133705	1.8710882764782482	0.4597150727453684	0.7501983098754191	-0.7302783539692569	-0.541264214295664	0.840483309291451	0.7400260983038738	-0.03670169902048176	1.9206756338258912	-0.6595501757757136	1.8894030410380631	0.7976477381565742	1.6907188253073455	-1.494584840738234	-2.007138615375947	-0.9093369558270501	0.7711353954197416	-0.12947457078982894	-1.0178109262133808	-0.6137556974864135	-0.331900974540562	-0.4015179759761962	0.31074216406385685	0.736038386884505	-0.5660591237237689	-0.6947686866884607	0.0506868639124238	0.21837014774967187	-0.4220409186586445	-0.11312520016414138	-0.933009115384854	-0.9469887068720731	-0.12861335976314395	0.8563525199108882	0.3574784203105749	-0.8199050992059085	-0.8741135622368763	0.870824977045043	1.0779799902830844	-1.5387901437348663	-0.2655201858172987	-1.166771976937148	-0.05257968949295832	1.1694115693913019	-0.4786847058241519	-0.9987285829053233	1.5557047157913324	-1.041458876776747	0.3597120136909516
DTXSID6024337	7.542402793606552	6.9496491517981305	14.480944184071069	-0.43496459832813134	-2.6718440720453693	-0.08150077413047874	-0.8154728281714085	-3.2615991686523333	0.04345833363345708	-0.3176926720460079	-0.0706213154578377	0.8256477925781435	2.1982768604049823	1.8477494118652853	1.5516289666518872	1.0989916887924567	-2.8111088623861438	-3.394677546662355	-2.528775795243069	2.72450338190457	1.0459129347408314	0.6749281949906042	0.34557041886644013	-2.951589530096096	-0.6495763553017978	-2.6697650723358892	-1.1252834758061787	0.07867104233243159	0.3107527581732834	0.2878020220419554	0.17471852325830853	0.2632501360480518	0.7291138485035855	-1.1782863830908425	-0.19880131360448583	0.12883169014780835	-2.2672626988762334	0.3537879785708249	0.6583842427960246	1.1903380016807374	-0.9887023816134807	-1.0859179193589532	-1.9484418716827245	-0.2528529356356388	-0.7178758040429749	-0.6946984866823613	0.9881393368332595	-0.20656274074400374	1.0038295467624434	-0.979612256583148	-0.45161677007577006	-0.8790892889118613	0.5012393979577163	-0.37990150531268585	0.39428268336991734	0.02087705794594555	-0.7576062997305141	1.1161853021654728	-1.0863748031360274	0.5483466313019607	0.6467426161870398	-0.8942161174982388	1.7021384685261023	-0.91285422552533	-1.4245192029942275	0.3626949729339122	0.9239208838360582	-0.01933677983059751	-0.21973897850446378	-0.708676695504117	1.0626063382887367	-0.5761549165029649	-1.0051500709057355	-0.2773482919215774	0.4238805095351993	-0.4747040826434106	1.6670229251485027	-0.12117172916041408	1.7382223654397233	-0.6237482777153164	1.5498195784935387	1.3171901932144072	-0.4314696536284436	0.37181184475879403	-0.7157241138477376	0.5240122869544431	0.27573449939547046	-0.5327783367059189	0.2154277894827763	0.12935742060531805	0.7353542608338388	0.44265843735987725	0.42402329365366154	0.41833596537654744	-0.618565600985771	-1.980200719335135	-1.6417285490016162	0.21380778226255798	-0.6407293032038082	-1.2459349923017602
DTXSID6024882	-17.290534130605423	-17.31096001754686	2.34213158082494	5.391591116533834	0.4728494765099793	-2.0933642781216872	-1.86926943839453	0.22080343250191245	0.010279781689905104	-3.2354069196597064	0.48804170274112935	1.5702073497915183	0.6072931000080712	0.35481609580419887	-3.969880487458404	0.854905660795694	-0.21029143789917312	-0.08859770558632486	-0.1808870879562423	0.4051413409138226	-0.7675725566186101	2.7187238485555416	-0.7212619698760064	1.3713357958416277	-0.0894125639858973	0.768271903142007	1.5008955264006743	-0.9107779020719041	-1.409195260002245	2.0362789321214363	0.027802837796794922	-1.8232700493598721	3.3137514987126293	1.9841893732504068	-1.1338508841188923	0.7761267436242545	0.21711696795779392	-2.7156443402463806	-0.34540732390744394	0.9431052759981747	0.32319833354671756	1.0155617725883437	-0.3743854542760332	0.2889852017940574	0.07318561200551756	-0.24618362623331108	-0.505310676060145	0.5786685827713375	-0.7668577132539599	0.11069014415894637	2.3361290223187225	-0.06135851038558281	-0.10617905019817088	-0.40339246191059613	-1.0214339531632242	1.1045609430873315	1.7189112616847195	0.7945955417753676	0.4488966207216168	2.045457658737009	-1.1004687078060118	-0.8795655569784135	0.4909677374008075	0.2630847602488483	0.428033296646379	-0.4656093585416235	0.19430979785360236	-3.5384967942117806	0.07631327949772702	-1.4364708928972323	-0.5205135861149497	0.1953532631154398	-0.8948209704427966	-0.37389242499438957	-1.3455696179151433	-1.419879285360355	-0.3668662523052671	0.4520954197844007	0.6326434699765536	1.8087731730485301	-0.0957882488737185	-0.7669289530368795	0.8617041600497745	-0.03893346082721297	1.4214494642358035	-0.20635553633140086	1.0567963419083866	0.056531457025194784	0.9158429822969029	-2.279677662898827	-0.7919195840774516	-0.23510326365774256	0.7965662645546512	-0.6803719325487637	-0.8569861454765813	-0.46197390555557466	0.02991717099474755	-0.3737476892525545	-0.4023590757315432	-0.030169524973949553
DTXSID6025018	21.309174064619388	-2.4932614320783033	-14.09118583814068	-1.710969019774988	0.7733413032755453	1.1371749850738095	3.5032745850342035	0.6406098425189318	-0.08427876078434882	0.5771406000282802	2.211843732138829	-1.9708712334262	2.401376338666613	-0.5695400182356717	-1.0592901199942306	-1.5766796515623398	-1.2924581047930228	-0.1731239709494344	0.9194488591900223	-0.3570670819228367	-0.07709400522874615	-1.3062625348467738	0.1717320149322836	1.4831522814892732	1.2202257955222118	-1.3054723783763968	-2.063876281099196	-1.4021787928528942	1.8523818847126687	0.260103819759179	-0.27063674516756	-1.4578346221759886	0.25066470504931604	0.811520772706479	0.06256775204660928	-0.8517022028362912	-0.031152167127120874	0.04095297162496654	0.1547414748045921	-0.4732903877782156	-0.2602328497516699	-0.8768798559891027	0.9959892161388838	-1.7567705171232828	-0.045432265634561146	0.9735264569924962	1.8663461112853457	2.803327412378536	0.11561424195872876	2.014196704092371	0.21140344985121545	0.40988346550330573	1.049055362810215	1.0852457382364087	0.9308703229468511	0.7813852088732338	0.5857923582529365	0.5969361838046919	-0.19961677751863477	-0.6387761977492821	-1.869923839886813	-1.5696672695543408	0.9934403040093077	-0.04600993851456625	1.0268357168804814	0.18837363266797796	0.08890698041489106	-0.343244213227183	-1.4080328375297624	-0.30133725179985926	1.853004946768605	0.852357910149738	0.11385957912208688	-1.0068444330660908	-0.41847353223708134	-0.3895270559951117	0.2798444618570339	0.562070990274862	-1.1501364416869022	1.921740379028623	-0.6572147072068253	0.7658441395432717	0.2188962389121691	0.4064594848161035	-1.0564934359007576	-0.9349005641068303	-0.09043389020347717	-0.8488789963762619	1.350253276543227	-0.5141062703296612	-0.8053968004697106	-0.06043348001109631	0.20743559706624243	-0.26117822382359773	0.13269761494165735	-0.3323180144580421	-0.6395381611043915	-0.02904039666648495	-0.9630423703061437	-1.7515356808786995
DTXSID6025648	18.719726309667607	-5.618285751489136	-14.281764782467597	-1.560259810082316	-1.0929648783769523	0.6093436412340839	4.5168679812009636	-1.6590140599902838	-2.1452572138634114	-3.073789022981604	4.050192773699132	-2.967381030394775	2.157260582605912	0.454296979719144	2.6084980385344108	-0.3545363779351911	0.8771291365373479	1.987467094780196	-0.6438253391254299	4.359397153580421	-1.1696014396979906	-1.3153145037255907	1.5647155210916637	0.6532444175981084	-3.2736300146525976	1.6076360740726305	1.3090663235023188	2.0767862413236764	-0.10792241247158396	1.9980263304941726	-0.31630272430459627	-0.3073210238809452	-3.276900912926238	1.6232834518433616	0.43206676408172345	2.3357243994382872	0.6244076932050272	1.9831311914200607	0.9447229250322756	1.4688507010651364	-0.11860555055079741	1.3811502325784062	-0.5892839463694945	2.244432806297264	0.14787349266470504	-1.4841054844735044	-1.7949434375710016	-0.001112927882720303	1.6079457760689615	-0.6260705118068476	-0.29929741252468123	-0.5033122529944959	-2.445830852649668	0.5396331482044938	0.8074880789956437	-1.4497305421643372	1.2117460542663563	-0.30926458109762833	-1.2484692196957545	0.050812246146456894	3.429253931542809	0.513333975210404	-1.2540516131088904	-1.4351484689306606	0.8580989318170356	-0.47833306958863003	-0.26747301075416674	0.22781792326262718	1.1636608832353492	2.020947513980005	0.4244784134220985	-1.5864502011791803	-1.0860914887625976	-1.7464115817594583	0.3461146651970121	0.2667422859488533	-0.944717418966172	-0.39406487432394727	-1.181375737677686	0.5157972457838015	2.209396401181932	0.38817272012622006	-0.1637248102340386	2.0982155427185094	0.4421496005759062	0.10617696932940475	0.3423634625615286	-1.5041973072772186	0.17295842821446555	-0.20306205741316277	-0.7513983871906322	-0.014683356518709247	0.8698532223142705	-1.474442069097522	0.7198744152092488	1.0299334638984965	1.1046945353633555	-0.0878520677008442	0.7327171583805929	0.2988295679971753
DTXSID6026797	22.908986974630714	-8.168490045562786	-1.3989235524943153	-4.802374426340521	2.167966630684476	2.2453500121441117	2.2212340973243117	6.426868685355951	-2.409246430422308	-1.1064959897460556	0.4023607349238048	1.669687890369854	-1.2749014837350918	1.129829145657135	-1.0325000240263849	1.4903225789392667	-1.6929061467057551	0.6903632189105924	-0.28676538409852714	-0.07472611321644625	-0.8437986752863053	0.010018111630346145	-0.25404837601308683	1.2660822116057102	0.20715996155029012	-1.4935622681030607	0.2892413576845426	0.9714476969953031	-0.5894807981162108	-0.9596502962960604	-0.5380499190081055	1.1071250631949197	-0.21924736481081256	0.3381116172713225	-1.024666640282078	0.1811306603952382	0.3531618928971098	-1.2507629234313602	-0.4937064468140273	0.8068780811237157	0.7885153163125157	-0.12086699163686357	1.085680062700988	-0.3395016544287237	-0.7183841514870785	0.876406959479778	-0.9358505691591047	1.6681351080217053	0.6320335824000932	0.30044795396556573	1.2979518824852974	0.050697585370614084	-1.144786655863301	-1.320990443609018	0.10091202251501413	-0.2855868736805854	-0.3282362778444184	0.34803174677584314	-0.8454742848944649	-0.2697226356259474	-1.557269223751815	-0.04604472484376441	-0.2586491776778835	1.4118232186331807	1.4974604912113163	0.03439188212082144	-0.37542158681241594	0.38429691872359273	-0.016547532365320704	-0.41308449656376545	0.22229586473018456	0.46980132184776857	-0.09743075390145739	-0.2749694827117291	-0.48636367119940976	-0.014224610276440366	0.40947676373851677	-0.3178054150679817	0.2478765679492055	-1.1855813525496113	0.2739027309502961	-1.0540135229752587	2.2115512007368423	0.14416129642530992	0.05430129171854308	0.47035214651666685	-0.8619432080105441	0.6281713160441653	0.3838845927943807	-0.4020495190549789	0.5281503720715612	-0.6165464028043136	0.1588020620739361	-1.4377747350405203	-1.0841037170212806	0.08320056058593582	-1.2891382601279633	-1.2677462079194861	-0.24040535162440912	-0.4202162671181252
DTXSID6028022	15.800672446112031	2.3009452631479146	-14.65110498105555	0.06679677463032256	-2.972743291779401	-1.0634848112673718	7.5664223433758515	-3.3125526114198944	-1.1651454114606778	-0.6945981069096395	1.513681679599968	-1.2327536935709935	1.7827603008436104	2.2211361351582193	2.18199150518555	-1.9493560092176445	-0.4014714373586155	0.5081273084200738	-1.826591106197984	1.4482470465100825	1.854495914081924	-0.10097777033606062	0.13890896696198357	3.047731433104248	-2.406546573825324	-2.6636667729394503	-0.5207568085182428	-3.6950294926216354	1.083798111744858	1.8742172556699754	0.06183173960767173	-0.38468218212879446	-2.0575010331096175	0.9731952775182924	-0.2608937411860044	1.150954352595045	0.24434961006982286	0.514478917433182	1.2376247733372365	-0.5902922283839808	-2.1925427327265266	2.1748559299863945	-1.0073673800456342	-0.02437175845632447	0.895437407829615	-0.017699124709362628	0.1428748260772459	-1.3305999006271167	1.6090815544240034	-2.051486772144184	0.8787789699666763	-2.8361773823976426	-0.9831170877317916	-1.3032181030020291	-0.2368492397861352	-0.3111260006215026	-0.22006074427738406	-0.050593829236607143	0.30445115097277253	-0.09996483911445576	-1.06306186877751	-0.14507128049983947	-1.173374013223171	-1.6684901870751534	1.416836070990108	1.3013095613970513	0.9754150524071423	-0.013519650120607131	0.23682651203504868	1.777943213568281	0.3603427481665828	0.951499066415736	1.2601926100699965	-0.2950139425341394	-1.3467764924010845	-0.3855344541278117	-0.0405550194660738	-0.4914365160727216	0.4715318682073905	0.2224044457363948	-1.1877643068628791	0.5642603016538157	-0.06697296206278427	0.437258452620915	-0.1071601634063144	-0.32855512055188546	-0.7475819905320455	-0.37239695502198833	0.705929624436027	0.39315152074407367	-1.3987016143745645	0.08875887417859031	-0.04126877192719068	-0.9661776483526564	0.6378743787306504	1.2680570806643552	0.07079333687542873	0.13192322853730554	0.12783939774889994	2.111539725367301
DTXSID6032354	-11.317094840898335	11.456122386428925	-0.618903076322958	-1.9987981295426183	-1.2627497259619789	-4.81664727128619	0.7737529409374536	-1.0641151023484574	-5.529119976106051	-2.022819280279827	-7.540411705250648	0.4622413638360259	1.2509140225032354	-0.7282578313677354	-3.0418049610818945	0.6855020579681014	1.844889373451603	0.553438253083154	0.9270185240430312	1.7867130434816183	-1.9692170735363865	-4.2120741824418975	-1.600921799714022	-1.8472479695390667	1.8356024380930798	1.3426463007833782	2.8014937477405466	-4.465422381941989	-0.17322457919478487	1.5146093817744641	0.581115668855209	0.8475834960697616	-0.38206250124381397	-1.1964948234853487	-0.6634238311705679	1.1305053749066616	-1.829923319382487	-1.5664842738009044	-0.2970923557110093	1.011618642536414	0.29668000874694594	1.2764961000383095	-0.2990029561884876	-0.767630624734068	0.49031549173053435	0.29787355618653377	-0.6114569424387218	1.2581365389498078	1.2060676397931962	0.23482018480541686	2.0351673667169905	0.32136249574492703	0.8082775203800385	-1.5504192573232853	1.2298599428634294	1.6391966367847397	-0.31470766423844726	1.2214227919315286	1.3232006870295843	-0.6296671090177072	0.7600318983897347	-0.3375356479040703	-0.7150189970180908	-0.2653018056457499	1.8053168480832533	-0.5035097278205249	-0.9117914555829778	1.4333000423924251	1.1089982191510086	-0.4149852743080455	-0.25051398556509125	0.8050467658285012	-1.6265775912391418	0.5199012538280235	1.6982557187901746	0.3265460941598731	-0.9362584190528793	-0.21734694548779748	-1.4170783643168052	-1.592738426420661	0.4031779088807083	0.6844175301263895	1.0525267521714718	-1.3915571219755687	0.971637098419257	0.7602945692383463	0.24257677866915328	0.24469952110203463	-1.035702897175087	0.9993531629371738	0.49430843785215506	-0.45399490235182305	-1.3118468311399065	0.9919355331854364	0.7918459364582384	-1.65042770395259	-0.3591902655295519	-1.2207968762735508	1.440615029840012	-0.7459155390145705
DTXSID6032192	-9.813022130536352	11.854188389643216	-2.1426795842166895	-4.954333866418537	-0.10604266175734958	-3.897228878971727	3.647202716252229	-1.453062201898463	0.97087384141576	-2.191518833997759	2.4902606590725247	-2.5860910358528346	6.036061763346792	-1.6004811154287455	0.9430258283729787	2.3129267510390994	3.4470406391184976	2.939206331795746	-0.16949621866339395	-2.2128048076849964	-4.133824446078291	-1.2567763938009566	-2.5312611333628956	1.545105645451942	-1.1314709424598415	-0.06253626091766448	3.6406952210060757	-0.9399885735701835	3.543862345445995	-2.9124340243908593	1.187562229576273	1.8520089368441464	-0.4766254461987338	0.877978193328164	1.457556422349814	-2.703485890635189	-2.8974033735630265	-1.0369386418838535	0.7813098196711918	-1.0939269138329046	-0.4506325706897126	-0.6028760163318361	-1.712752183528459	2.103941299861678	1.8674181337279803	-1.153075934857295	-4.219943422055951	-0.3040110715048385	-1.0360500955029388	0.5280454229677364	-0.21081793491627976	0.8609009821303796	2.9066089198225624	1.5456435225251055	-0.14880216904723065	-1.774223795564993	-0.9533911726396485	-2.2715829324659778	-0.20350265396161765	-0.14073354771927693	-0.6346484253611334	-0.9245885244519318	0.6542212857322072	1.2451680114798096	-1.1021907537949496	0.11483533250634412	-0.07059855460628729	1.9362247978979679	-0.5376161307709177	0.8428004988359459	1.7975711688210572	0.8946304963436346	0.929038354839159	-0.7257419600712846	-0.8999457681199973	1.894126747800403	0.7288188288808437	0.6082600637075407	0.07194714581991653	0.32913645100172945	0.7273685678044267	-1.7928219227954323	0.14127499464166574	0.4662657389951673	-1.4964220200348326	0.7465103989037765	1.8126772604711514	2.0020209990666418	-0.7879061886922671	0.12202971032234859	1.4449739790070764	0.7540735404741811	-1.0219890038627892	-0.4988984523976428	1.258181671517319	-0.5935201797047015	-0.07521028236968151	0.2568969362433051	0.536727823969802	0.8377748034622541
DTXSID6032356	12.416517473971831	-0.9087054231692061	16.137853169845595	-6.658719196574744	-3.1724667098596973	-1.38883423462382	-1.6197705871269021	-1.513506858630325	-1.230036348948435	-0.01923170835936437	0.6674667013256066	1.506187903946092	0.14687574171749537	-1.7846705337348328	3.1924405368324886	-0.3906190054528471	-2.722359776632097	0.4639041625446308	-2.9354303580034036	3.2334027820406606	1.6901629481610425	0.06720374455045107	-0.21840232872422508	-1.197947641493053	-1.3798213431663742	0.7298142743758012	-0.6767841322958159	-3.461963507117853	-0.37385298115117616	0.6970694042886584	-0.478093355205011	1.0595285664904803	-2.13297900250946	-1.3547859377666471	0.3830871567232972	1.0383567419489423	-1.457109584678118	0.12634139601688085	-0.3719608484086835	0.8274780934815402	-2.221708584344894	-1.2295632283578093	-0.20762203191755096	-0.42947617018804884	0.40567825416283004	0.39896592615801746	0.15636304967156975	-0.09889638619306643	-1.733539493205994	0.15432122616182778	-0.4371126744535485	-1.67498608310176	0.9190565290202136	-1.1799486608984857	-0.8780716296808928	1.5437535538412148	-0.11965250617554854	-1.5872277746113634	-0.41583790573390744	-0.35522939034182816	-0.2409607634621287	-0.9230242876359396	-1.9684609702878624	0.028380196443009622	-1.736288886557611	-0.5813502518777786	0.5532871018477727	-0.08313134017519477	-0.24756977660814783	-0.8379286312339609	-0.6505781429949559	-0.2977914811978513	-1.2171405337979637	0.2182064576512839	0.0445768601174973	2.3840401920571086	0.6704871133101495	0.9827857408722778	-1.440204261100847	-0.5900908642206819	-0.4169266979791443	0.1422393976282187	-0.15247092218530808	-0.03122238493910992	1.106409109138986	0.581161800170335	-1.4289643013253819	-0.03457477800788496	-0.9146771386984491	0.013870495221360394	0.30242361010271446	0.29122814008292885	-1.0423159784169014	0.03609917019863807	0.7641170619954263	0.26990743905717035	1.2272647584894216	-0.2842631316065072	-0.13507950649274822	-1.6650234206833177
DTXSID6032562	-11.809376115771315	1.3766688136371847	6.006660927181987	5.1567940758659	-4.212487210119184	-3.3756722502482317	-3.2015930808826587	-1.3201039734781732	-5.577339029798934	-1.1497050496149914	7.3661221511938635	2.696286684646778	-2.2803091191258806	-0.48158501231818657	0.1393624054638057	0.4408240788517339	0.3049516781707907	0.30885066182762483	3.3199024224410296	-1.1498836080780095	4.124289484496598	0.48045975880031166	-0.6568236360058455	0.8638886786766032	2.761426658224329	-1.7566687638588858	2.4515798826899102	1.5901410887855996	-3.090365212244908	2.7959061847836804	-1.5491020967235376	-2.9545221554565417	0.09493241745290008	-0.800121314326264	-0.46635729416165184	1.4692246749387108	-0.8422694835955108	0.4021486144765435	-0.31215384682304814	3.3620098645311653	1.2397309662401899	-2.1730711927894486	1.8002886373370148	2.2849649276885446	-0.30224397489292354	1.419029318086035	-2.0790828436688216	0.9694038513771771	-0.07643740654495454	-0.7888027277806401	-2.259782104043643	-0.5118188256109865	0.9082821054789074	1.845210996203781	-1.592990331235582	0.5196677132350905	-2.1943671186243106	-0.26634152282633516	-1.5647245673500547	0.8360297933525388	-1.3104356243724744	-0.5024353913546161	-1.3643214703392352	-0.5265445077682611	-1.2263235535904462	1.6634396771027042	-2.333588498074553	-3.177245250812561	-0.3633164665597377	-1.7417835546716063	1.71707323833823	1.6132298463996704	-0.5111835539367037	-0.26382636777626467	-0.20877801116815625	0.18039104848056145	1.0191487173047677	2.2789335430409805	0.0572982655569426	1.0202880266073655	0.1314879878246037	1.435751469998745	0.18947108930188142	-1.2430393458848197	0.9932326240889602	-0.15915594631845728	0.7345624497317497	-0.9555157552977246	-1.2469753723500552	1.228208997627551	0.4292753384507106	-0.4412277889596479	-1.150689832410909	-0.0208141521298617	1.3170297493921572	-0.15495956424152219	0.4705022203249768	0.23409367012302484	-0.6216135782161505	2.0401968970561035
DTXSID6034186	-18.156161787481096	-25.811024562817167	0.6684319058329038	2.7369844306503825	1.6021432711407857	3.1733971336512123	-0.1389091567441296	-2.770464345273613	-1.1365083325551384	1.745889953252415	0.22150609727155413	-0.717257995434823	1.6765467818104718	-1.110957792475875	1.3603718803213425	0.3340110205073583	-0.2963565873585957	-0.8189662222856855	0.08032113607956594	0.11188072471439937	-0.1224598290061649	-0.26345030973018396	-0.8054557782892774	1.485629888822706	-0.4751527129421012	-0.056011548045906634	-0.2780269315199769	-0.3512584866936924	1.2539921530983493	1.7306680573762125	-0.26242736028226343	-1.1400662029830502	-0.6567216368402347	1.4980394897827916	-0.8296919515155033	0.0838339839275745	-1.246706799046348	0.8549898142380762	-1.3043486334500278	0.7375125302572685	-0.44154776588442396	-0.47623616908122784	0.5554475826351013	0.9633150359803146	0.22911201263205927	0.6836761879731333	-0.23647587958114308	0.9408510136834402	-1.1219641840254706	0.3526342485049387	1.0380355129035082	-0.10522853523208295	-0.11996542689057334	-0.7933546112954886	0.24881097227019722	0.3318868862105479	-0.4670308747452303	0.22171931359537322	-0.3164868668694659	0.6733531627051097	-1.2364751024549863	0.30484951427055224	-0.8704944552971654	-0.4534211531245988	-0.16586792035671552	0.2888529050475359	-0.08411514692126866	0.6116562695858316	-0.5064245169456607	0.74449118557916	-0.4492774752463507	1.7580617596667136	-0.9494025858463812	-0.1464625902380305	-0.5516587121337518	0.28592654451869526	-0.0908568522957121	-0.11533337293280854	-0.2116517384082431	-1.2798284844843772	0.31815709607213455	-0.5307866103259545	0.7191079035924913	-1.2122798562305341	0.7919161534466753	0.6580948817749541	-0.529819577693391	0.7093846273716093	0.7907960212260371	0.10056457153029262	-0.09728943739793355	0.052052203145018856	-0.6070389137347676	1.8416433174962874	1.226088951913674	-0.30896584418693956	0.1511895534144202	-1.1398952835150964	0.1189038061478889	-1.4588945703152705
DTXSID6034928	-17.421710626228542	5.723306790688179	1.9936392846075004	3.8517381112500626	-0.14187121280025144	-2.2595283249513947	4.766132339197358	7.290280487761185	-0.5734543917485749	0.4769519183123557	-0.10584115663013606	2.0455146781235287	0.6876950328615048	0.24185777914281914	1.686962415784672	-3.4785704882888226	1.4526679913378708	-0.24264060437103047	2.23505942499914	1.7109130070176573	0.452747172519888	-0.2605850677802129	0.7923650816953993	-2.5546265319288346	0.6051667084257553	-0.9436384227426201	-4.265659500174684	0.46025330590182295	-1.1554780094467936	-1.7446021454619554	0.21647134190348472	1.514406324225404	-0.23490835545369068	-1.8878666011394432	0.5636496436839339	0.42273070452638856	-0.9264456625969656	-0.982198042498894	1.4759727319558857	1.7780836328201497	0.002422741116473812	-0.5094665678407366	1.171782182420794	-1.5355433795285909	0.2873096921431708	1.1456358848746306	-0.5454207612505246	-0.3373589414647965	-2.10968554106047	0.4720697777821205	0.7310664491561051	-1.6796604170433183	-0.7720742110490673	0.978023632637495	-0.8490723226796699	-0.011059592327757668	-1.457258223789963	-0.49594628679923713	-0.37003893758588285	-0.27226440731011453	0.6948710251697928	0.4119995015661366	1.380604731914432	-0.6236327922492773	-1.002292577188563	-1.7714853213506054	0.18570658104008214	0.3305900141952063	-1.3295219296142469	-2.608978131961972	0.22507866788341682	-1.6221829235214125	-1.0150632311656627	1.4118958411729674	0.1606906305309217	-0.9053211388098719	0.15166285581343658	-1.3334465653200627	1.0168705102203832	-1.3682317825493715	0.7156142606533049	-0.44744572809770106	0.04986431980860609	0.5607839121061345	-0.4105396014020794	-1.3858455098635778	0.33643676608252654	0.4658989244220905	0.723944432544088	-0.29762072337925827	1.485994930265674	-0.7727746853811193	-1.870868732438986	-1.0954944695712172	0.17863121281755787	-0.20797109891596355	1.203203834433219	-0.9098773995628707	1.0501186302558603	-0.8489294473312113
DTXSID6034392	-6.1680770970424295	15.730292351241317	-7.8527951369906255	1.8781197588424405	-5.545085559716059	4.026926194085407	4.991754382017513	-2.7857505376908884	0.7523841972879616	-1.436854424998188	-0.35882455450458095	-3.3283160178679143	-2.9556461416958	-0.9514643952397395	2.24917730916594	2.3352974648185394	0.7249835419394681	-2.723443096649313	-1.336122762845792	2.001759201305043	-2.0215655755069717	1.2576025124015078	-2.3153769258806447	0.5091675401836305	-2.034115311981467	-1.6184943362951523	-1.2082475075272134	1.0214739302802371	1.5399126393373048	0.7220219490703071	-1.270054946441648	0.9137722714979898	0.3839315991251574	-0.7435691345744304	0.6699268394762933	-0.3779744211374612	-0.726347158204458	-0.5254959510788259	-1.053118161372434	-0.4913066854591479	1.1128449719819713	-0.8862949035456174	0.8236310131387695	-0.1482222885600505	0.9584503714179967	1.6563090385019095	-0.8897653813873438	-0.6436047770493849	-2.4313775175100325	0.880822182558061	-0.19626381576991336	0.039954405205742116	-0.0020789034306237936	-1.5274044847038284	0.029539941957879016	1.9940725210847265	-0.29566778759415135	-1.3227288985746817	-1.066905248393532	0.6248937765903532	0.28458879120104386	1.0059704203602449	0.7401429497374916	-1.3872888088936353	1.7398204517410218	-1.7515602370925027	0.2519828797472935	-0.4306716210819857	2.7842086795589465	-0.5624068760526568	-1.5752753090508176	1.2221125187352877	1.1493727604521204	-1.7524602493776367	-0.5033758708720658	-0.7806137301447595	1.3472482498211364	-1.210453629483857	1.047571267814372	-2.2676784400575083	0.660543709851936	1.0806457111127623	-0.22671199107266812	-1.1334846702130463	-1.0645264104228047	1.0025235402535366	0.43020136245768115	-0.946510315022248	1.3426517005573508	0.220359161485672	-1.2102260606922461	-0.04122401090822093	-0.3342390746931264	-0.3960857895836131	0.5528272306738422	0.6203357645261184	-0.6638803404207111	-0.7086012619614415	0.6128086335567506	0.757821245944141
DTXSID6037564	-12.564682366621966	10.392271860590736	6.334905547935481	2.8251628824240145	-2.1221451926967734	0.14983426298457037	2.6155076018008403	1.2704931812137439	-5.055436634157303	3.9121488764987236	1.962059650431515	1.9566895610567068	1.44048066878799	-0.9298288607606698	-2.8014130918806326	-1.088047650554507	-1.808926567562051	1.1781473192903607	3.381581884843731	0.6358574241642208	3.0474179223269076	0.49747662380106056	-1.2032368837372567	-2.836665986878276	-0.6383635424353252	-3.729619376225801	-1.621852250881619	-0.9725962378601577	1.281715425127524	0.1983233598886383	1.5150939117743554	2.1394528200881853	-1.399865037170363	2.2154914045493186	-0.8366321070406971	2.4237726957428603	0.06105091834585624	-1.4902919344315608	-0.44270151108413974	1.467188101028728	-1.2044797032890617	-0.02829478865073081	-1.2448823616933866	-1.9797434301674217	-2.712815537310397	0.868225471549831	0.08848780405046526	-1.8366301712562594	2.965444337420073	1.4352700033978145	-1.6514374580306155	-0.42501430154725844	-2.0872630012056783	0.20059356620566757	-0.9061680115522645	-0.3952952680232313	0.14336685376862143	-1.7767101961117862	-1.6999031406692373	0.6636240245573131	0.11880335159047334	0.48437349367622745	0.37902335908794366	0.5057392584844074	0.6072552480300224	-1.159399893877197	-0.9475277089882139	0.6112191031396177	-2.284051510838376	-1.0691874639942858	-0.35577261157126233	-0.2473107422964445	1.4288944869936953	-2.0284011187870985	-0.4455198808926244	-1.4703455175789273	-0.9763546250823636	0.06119100977478573	0.40016814493972	-1.2749734536486699	-1.418023294921343	-0.7519393635800856	-0.0515835977013995	0.6244590692741468	0.8670511769506993	-0.34518906567009705	0.5369928154144624	-0.5073280813277127	-0.14272822733130536	0.2845766582491635	-1.513733105315148	-0.1788090309765218	-0.14779728670799958	0.3831489472226278	0.8303664558383403	0.31541383778305415	0.246364711572722	-0.5016868252732434	-0.8790327470622266	1.6928467978612096
DTXSID6040747	-13.039335679785765	-28.980812177702504	1.0169557171247663	6.066257662595067	-1.0421568981125529	1.206707140110624	1.226948128637704	-1.8994263578914379	-1.5690252821230877	1.8310963370192996	-2.644188364506028	-2.8359552385229274	0.10944758749274183	-2.0760071062649383	-0.05665411075467169	1.5319035883147207	-0.14691364596980447	0.4737352238844875	0.5780978329271793	0.22727757513087687	-1.6098108217070817	0.7395409161859418	0.632762921077465	-0.24596203617299323	0.5680809707346455	0.2490728049453072	1.3698965190271462	-0.43083197106195015	1.3452112017790303	-0.21221471825435295	0.47436733968810496	-0.23763462677862515	-0.5985248053091737	0.04566073274905873	-0.35765871388751247	0.18330684607716088	0.1441008770711726	-0.09234851133316756	0.011995245666727227	0.46383034838029014	-2.5463509507651665	-0.006187256083920976	1.166406307464343	0.06080063862316984	-0.14222080993985842	-1.4832015741422806	1.4537408932484674	-0.7603204611883679	-1.0055360880571038	0.13839528219489658	0.662412807043688	0.8258456109757025	-0.29452826033074214	-0.5309819781947938	-0.7065903696728238	1.0384345413400968	0.08059062011868455	-0.8700403705328618	-0.18371108147923965	0.643300744703217	0.07601105680814454	-1.2548201486855908	0.11610987162843785	0.3074423249553428	0.2684733344037739	-0.6227352951201027	0.30802957091281824	0.46150826613698603	0.0821628746301059	-0.2364237103048562	-1.012496070910704	0.14258764947027516	0.36973044573895897	-0.14544815453020066	0.19073514422119797	1.09184912094212	-0.16565530911050647	-0.5039045918321133	-0.11094514765996223	0.30062310292634425	-0.46858139489531125	-0.04789236285772968	-0.551116897155328	0.2526279514935123	-0.8030002670993694	-0.8280423138199916	-0.18774646158105562	0.717934843325111	0.11844098845635898	1.2736080844240951	-0.0817192383703625	-0.31769981744851833	-0.46376272238102784	0.4421981407776103	-0.18554724228739836	-0.3156024469585821	-0.42204721994689587	-0.7710820259424414	-0.3868045150035623	-0.11551197633432655
DTXSID6041422	9.548063429969766	5.594069649471954	-1.5681328620827222	6.176491622793649	1.6555914262968217	-8.49506049663248	-3.977813975262636	-1.7823572608237512	-1.3470394667050507	-5.089628960357702	-1.529177293843944	1.5375543733376027	0.316360807912982	-1.890026678004558	0.1994532276565603	-2.3384233654115496	-2.5199447514874755	-1.796861944699591	-1.3154388685404295	1.0366337160617174	1.0277967225296614	-2.447507732310823	-1.2840951913478487	-1.392176402406362	-3.2849142134654308	0.501744270135152	-2.219749243230616	4.471637573967888	2.2867409663999148	0.6501976509098172	1.1253699340081158	-0.7606272969912774	-0.3614539966570277	-0.970945239211549	-0.6918253471687342	1.5653141006974831	-1.3620012518417122	-1.1956252827071912	-0.1763400733313727	1.3597010173373376	0.18701604971314342	0.8035316427633183	-1.420595607660713	1.7622279296955452	-0.9636856405058221	0.9173575212939764	-0.1413747254520227	2.8953528297686546	-0.8769407422781227	-1.7519059862563768	-0.4502607095292073	-0.04747401308122482	0.9580894548109127	-1.4306987620443152	3.2938594447322393	-1.1129608001410138	-1.4968167942017145	0.14857659157714648	0.2881331157018186	0.44968294150307786	0.04667243272002481	1.8338718251012207	-1.1591870069688481	1.8741737688652342	2.729369139594879	-0.41354930709763016	-0.9476390046608075	-0.2016093329433409	0.07101800033885401	0.12655553185685112	0.40973975037144694	0.29033640560874246	-0.4479932968822683	1.1501263397715797	0.2730124787540546	-0.6439477011257777	-1.5697592964251428	1.370541204871179	1.6755149162139997	0.5051424757360548	0.16226935081358257	-1.1064275621479243	-0.767048689389663	1.027458423612692	-2.148897520096223	1.989845099201729	-1.3345928200592931	-1.4658042301366958	-2.0356042732173933	-1.0701497822155468	-0.9113407410950871	-1.1352036391803002	-0.5340668589861806	-0.16963586777462134	0.5601368766103941	-1.0828663081636523	-0.016141997403740328	0.05326536299465218	0.6133706414541533	-0.27739745337089544
DTXSID6041397	9.091007678079826	-12.755226644430344	10.695098193576927	4.909828345896841	-4.921516672545337	-7.849782672012919	-0.07224607271662332	8.737995069698428	-3.0028225604853445	-2.4593881703153655	0.18359395947422952	-0.13652968237227528	-6.951308327073147	-1.7685804887204026	-0.4998191595327976	0.3085360924074304	-0.5160302544518773	-0.03075181995580435	-2.62032428347769	-0.7727518465170734	0.4884047293433568	-4.227558856328647	-1.089734988268893	3.454727727775081	-1.9803369345352781	-0.46752545336712886	-0.5626375888635	0.26855961434562986	-0.46491662734371686	-0.2315681452521215	1.6493331730465224	-1.7095477739668496	-1.980843910571779	-0.39246612442647155	1.9666217351148632	-0.40957831855448584	0.055833709319349833	0.7563250393506652	0.7658901282561669	1.8504611109111275	1.8773036375820311	1.9201054798185417	-0.6239079740273775	-1.3128254312266623	1.4011150692418504	2.071295899672087	1.1641797339359314	-0.6519872177647555	0.3989918975398323	-1.1889107493318687	0.011514711053625278	1.6566750248780555	1.1674962180117343	-1.3526737016545514	-0.9699710009505367	0.5092181861158118	0.17279667159195727	-1.2759700765033697	0.8013053036053056	-1.9475990762794484	-0.4922980760273363	-1.0859059519451184	0.14803679291297134	0.64026526746157	1.1870129354859988	2.087471883950835	1.0811032105571807	1.1140955766387945	-0.4165028981986854	-0.3395304330519508	0.5954099640676729	1.622425581919782	-0.1639163175162825	-1.2375168126056368	-1.3447400505332954	-0.7399758815079058	-0.16555359130681935	0.08900010254086912	1.420337534782291	-1.1926832813830721	-0.2558384202180582	-1.5716276379592518	-1.4697370208071934	-0.224905582021858	0.5910649922840339	0.9116264430208917	-0.5981419771728642	-0.17984616315829932	0.7714556415633457	0.720484280594784	1.0717449444736968	0.6064874968509641	-0.4073817408251316	-0.1865729044497007	-0.588515133334359	-0.9024614882816016	-0.04821583473037082	2.481886170829191	0.18953254624625956	0.9426580763759541
DTXSID6043709	-17.590208742953465	-26.42281753256634	-1.954683148963196	1.639409089924452	2.836727824509317	2.477575506795696	-0.4358939107032957	-2.5742328454937815	0.1486732278993434	0.4600063929141096	-1.5249126049600659	-0.4870112995537823	1.4928211923493868	1.617044187332249	1.7570186394180738	-1.5069994524499744	-0.615971681423496	-3.0303698652600737	-0.28974787821235004	-0.5804558342663376	0.7036380217892653	0.7108715875934558	-0.49675628596584764	-0.20257021436246442	-0.7879733602742017	-1.0328700950347425	0.6308069775304543	0.12089184503935331	-0.8814924371545252	-0.6568913923100348	-1.0424823322434542	-0.1698916609423921	-0.8201470118920746	0.015550453945805492	-0.1905268871244778	-1.252503468365445	-1.8109100536004346	-0.9296854375825178	-0.7555347986091766	-1.4745576991581786	0.9468901395203642	0.3063646814321418	0.9396852158135962	-0.2970670600135179	-1.2795843469076214	0.5236496481978077	-0.20197065939335987	0.4939168081540749	-1.390260905813977	0.15646348294119625	0.07183320680743017	1.9153227909162691	0.31647248674921213	-0.425624076164178	0.6477007358431404	-1.39389947384999	0.799729163688929	0.29777242808047477	-0.6982142651054686	0.5988371304195071	-0.0537499947056771	-0.5579562677746037	-1.3008012105345852	-0.8414635393401937	-1.0842117736875128	-1.143789172786841	-0.625051294959581	0.15393352528714854	0.307595927476451	-0.08818404676997812	1.0039594777107563	-0.03083262436524134	0.8501769891514477	0.8967031314202955	-0.09750409350631904	0.9615540674483751	-0.10198190591583937	1.0009119939703912	-0.8116844959144636	0.2684238487620238	-0.03211629076320165	-0.9569394721474692	1.5956848185345882	-0.8394893677355777	-0.12359293378110499	-0.34083464958346804	-0.04628812899701608	0.4735054853575851	0.4957220613175439	0.4597938163221712	-0.5382635048629387	0.34999072149734684	0.6819926585327736	-1.3066408916114842	-0.7188952708152765	0.857993461059885	0.01228155745732219	-0.410379179609859	0.7806093014336563	0.7529949723202702
DTXSID6043915	-16.697656074867282	-26.110162369857207	-0.05596119224453459	3.4249876021576187	1.5512229702352645	0.6191650267726065	0.13393915553554087	-1.9034520737404437	-1.2301707299144033	2.191797695930834	-1.0305659272711565	-1.1479669174883094	-0.1700289590376556	-2.900482208440538	0.9369763606411671	-0.8557629938657377	0.2015049229103766	-1.6958489384897524	0.881414654225434	-0.08899070961041798	-0.7163408220180018	0.6905140049109086	1.344345259649963	0.07060311342141706	0.3349677999403508	0.3764630165522718	-0.4470776366859338	1.6064303427474491	0.500728246139387	-1.1600662505721908	-0.9858401304612511	0.6392691936227541	-0.606437561251324	-1.4106356300438416	-0.8215551759896289	1.2209047931171848	-1.0222016367254354	-0.08360265498575258	1.0957750526634362	-0.7430974054605569	-0.9452685041614207	-1.61221091079324	0.7371916790721326	-0.47451044074114773	0.25448875766489165	-0.16960219686656738	0.17340467201390533	-0.1267251929871882	-1.5440135021147467	-1.4583660841620283	-2.121007839689974	0.22580173043288224	-0.7247590457553255	0.8840305177578927	-1.1001819516689177	-0.049569144708636576	-0.8798315040613219	0.5711486436800037	-0.3258466866484803	-0.9774405283072451	-1.261855025564534	-0.45386382522532714	-0.8903001314289328	-1.1846321498753896	1.00990572737301	1.3246463920964122	-0.10824826693769564	0.2505463214426774	-0.26896102366241215	-0.7183189765230396	1.3355416780668206	-1.126297169953459	0.6747471860570217	-0.7812212864341118	-0.25737239193685607	0.2801627983252078	0.7972868759764584	0.6221594887603855	-0.11192248468518774	-1.1083839332412404	0.9129885213026521	-0.3855192053363493	-1.1346144783195542	0.4129245463620079	-0.17649637147327463	0.5635218466116398	0.3807863740183953	-0.6986810331103458	0.08689238535737676	1.2748941113018433	0.511986756302514	-0.6632046454537611	0.2218886461642404	0.2519624775604785	-0.5932357050427165	0.0864775555114952	-0.24837715865635773	-1.0433144969416672	0.46172581408984575	-2.0314858185584024
DTXSID6047282	-21.003977423890966	4.839619026724947	-3.808041086434753	-4.827796790682973	0.20218617624387666	0.2954149737835884	0.3780604679436233	3.5728054639895515	-0.5498059703909725	0.14724022001156215	1.0625107802727574	0.20504161185632933	0.6179208096712718	2.0620889793774735	0.644244827587807	-0.6768858348625916	1.9172380271306537	0.01998211947963104	0.060953801766550304	1.664926610554571	0.1902082333141463	1.1364094233011084	1.7514148587448022	0.4153747843434523	1.7787967597799288	0.1330729761728674	-0.22532324528568137	-0.08142682471632913	0.475763563669645	0.9432962110183025	1.642127663491939	-0.27927864783954665	1.4373087773669933	-2.424146683385221	0.03416571327844112	0.15330367515628737	-0.5478251168749637	1.0173182066290003	0.20369443250863903	1.0292235790714284	-1.5710394980978044	1.0496782422433812	-0.9116167519152661	1.1123124380432314	-0.3848258215374569	0.5957102808353517	1.130904532717718	-1.2298225311457638	0.06092377692331316	0.6888398456963454	3.1756725272346205	0.002619802265679041	-0.3268379074052853	0.5466726777008326	1.3789982578103124	-0.2253502580302478	-0.9823891307393046	1.0963541561941452	0.34005616682090034	-1.8986951139685786	-1.43100376561822	-1.0164367691080622	-0.6152074864723934	-0.10214601185544236	0.25327887111931624	-0.8208842716011339	0.03119134686561225	-0.37251242793943984	0.8309384349159562	-1.4325478360697854	0.41305715459332176	-1.0071768585779792	-0.8163968410798074	1.051187489441018	-0.642484760778151	-1.0365494317036068	-0.17973398019707942	0.5392375628518333	-0.10260461572915082	0.7976946083881056	0.49146686941139245	1.8176830534659971	1.1337141298540987	-0.20616516572659066	-0.7629978717800696	0.20224925459276272	-0.0731239291232774	0.37675565880359774	0.5016339079265739	-1.1191359188764192	0.22514100205326898	-0.765275367344682	1.0881068928241038	0.45727499188476106	-0.06827033055280872	0.8706032429711906	-1.3471784894716454	0.7102611789365856	0.2718370545064616	-0.5957395598810555
DTXSID6047311	-22.980723841427917	1.294832793514099	-5.540363699407676	-10.89514972385002	3.615498909727582	5.859673868542856	1.5787909929468316	4.0863123825196395	4.233518413149489	1.6086429541227478	3.005670042858265	1.8522269765900812	-0.34234747172357205	-0.3787475769542323	2.272054487276564	0.9156782346945566	-0.205574114415878	-0.3570391399256455	-1.6227347621831778	-1.774930103274137	1.3198484280937328	-0.5407472213476829	2.2253334429409914	0.9374510506130357	2.2605185505026983	0.8479202256502985	-1.5934491380053897	-0.4698337254524404	-0.7498620124064036	-0.28769557368713455	0.6824286848259741	-1.3028573840700963	0.6879097164862544	-0.04494771959260031	0.5309904938941192	1.2650830823549608	-1.892492880535987	0.4439484097769562	0.3036565020231109	0.8286500453063383	0.5402097884818704	0.07341066750187408	-0.6544277337476524	-0.1472117876473654	-0.24669676042971384	-0.5741203662131249	2.2276816567957343	-1.0912191830608706	-0.17322680618191652	-0.3823659880615981	0.09829221107917718	0.30168521448709695	0.8869515896983224	0.3971393437681401	1.0779222970400233	0.3959543850786956	0.3597417195952701	0.18427228862613884	1.036815786934666	0.19146688095285264	-0.7796330005681414	0.21833731984151342	0.2368730698804567	-0.2728946929063688	-1.06778740784638	0.49261555063125584	0.9030746661339647	1.075113852798625	0.5067701854300233	-0.13044600464429554	0.1387370658204425	0.026436720770244018	-0.3488588159530458	1.1952994504730605	-0.6194237893500573	1.253752944391304	-1.1161470069043131	1.638443943951182	0.028899675521878106	0.626669739884046	-0.27611216034615504	-0.10195449228294871	-0.8460927304547099	0.07916787148456157	-0.6337965700877704	0.5437972734428191	0.639328675819543	0.6453708104222051	-0.43062206297583255	-0.5350410135151734	0.5981404845795701	-0.1453134942680692	1.485016290152116	-1.072690690344878	0.1783180682476421	1.4458178029162563	-0.25917132009249744	-0.05746440129718322	1.0829225107203326	-0.18354224998989024
DTXSID6047363	-19.49956903098454	4.167105311872436	-10.179336256210696	-6.539512403033392	-2.0655663975112564	-1.0769476860628802	-3.144709165061995	1.2460391503042574	0.7605244528039091	-2.666675298093799	-3.5258318789009095	3.5384392757384058	-0.4572758292007553	2.964051463785775	2.2738205259948354	2.449313718028461	0.3341228059386533	2.2023726892830213	-0.8042822958029011	1.8946150021871262	-0.4237346175751132	-0.2816027388426915	-1.8118135428024826	-0.2588029123267616	0.04034547526972718	-1.8532212817528184	0.9199605885373401	-1.7083453675941471	-0.0015007527732857893	0.4415367423687951	0.0664771361224675	-1.7717854560738069	0.5831739892528478	2.204253746802602	0.10391019742196508	-1.0079376525492805	0.6966054857630822	-0.3793208882278981	-0.9241983001693422	-0.54007428349497	-0.15619168206090614	-0.4560520937498796	0.6184483987592975	-1.5053559962323706	1.7342003012487843	-1.2551091548558815	-0.032258192710189	1.014351321109663	0.8431293912615017	0.28679374642103134	-0.4349903242598154	-0.9807516282651293	0.1937810092385718	0.03074310121049127	0.5292878638795746	1.0025009202182822	-0.4802199998628466	0.4681551878493432	-2.58187575437893	-0.9718388994860583	-0.11094704144167183	-1.0354542539746945	0.11176660700969428	0.6193655845461421	-0.14100168235286786	0.07558698360668703	-1.3286187103082943	0.6091906281374849	1.926380723188393	0.5912603406263705	-0.3960077321462446	-0.36861928411280426	0.8849372879439756	-0.360508433958162	1.0206525628627827	-0.10075753395789874	0.7593663253517235	0.2392073561541639	0.7904116718698119	0.30883334493812736	-0.32967647725578364	-0.7476138088698191	-1.326385249149051	0.3968449479005481	0.9556296730181152	-0.18896647232347244	-0.676869085898075	-0.12001515886184778	-0.8071707292107596	0.2363963374008823	0.19649030943204054	0.15509212456681534	0.5475191805575232	-0.9039511841271282	0.9489798980664583	1.1327109651899467	1.1744053881453056	0.5228043214776973	1.473392024812666	0.16627471785373044
DTXSID6047525	-19.91728646015148	-22.025302424488395	0.2588429803832696	-0.3838719764023548	1.9658645698248	1.2224103621091804	-1.2966425186842838	-0.49131074072935227	0.3231477802573884	1.7608429586179333	-0.6404352833946072	1.9189706171778136	2.678597696654405	-0.2585772765747811	-1.2051418731270234	-1.3854235085727369	-0.41562951751287275	-1.9125433849578093	0.25420860285997404	0.5841790478224186	0.38028155661938623	0.13881196475612764	-1.555198158963052	-0.17379431784500848	0.42861851807615986	1.246444696094075	0.25588231078790624	-0.9005622800930493	0.0633152797675314	-0.34161090833888735	-1.2381584330641506	-0.26639721561601737	-0.9611410435289927	0.6341434861220769	-0.6858503895575659	0.9510411901326181	-0.6042173996733525	0.20795895945495207	0.06596364787024316	-0.4978860832315734	-0.4791422135140134	0.1096029828451382	0.3050407680336737	0.8690400623110369	-0.8879935596389779	1.0529478395338803	-0.10221070109543587	0.42737165724379644	-0.05841095115560671	-0.3987959160661329	1.1794743477056557	0.36816887764289585	-0.8395796164413958	-0.2574247845892641	0.01725323492971476	-0.39199943257260217	-0.39323952268899603	-0.05979341882052812	-0.279291722154351	-1.575427476513695	0.05566188730507527	0.49443458096260184	0.2950042803858743	-0.6373449239804612	-0.2646837258373496	-1.3452327866787648	1.8379977092635364	-0.6485137520998072	-0.6289433640723744	-0.6143563354591622	-0.17919572618771132	-0.379334585491436	0.8622916053933108	-0.018189064294215487	-1.1041580556294266	0.026616867660918562	-0.09473180994728818	-0.08382138354290115	1.1016597686741572	0.23114611395214685	-0.5563948639949834	0.3076131819341402	-0.2774990885708412	0.45909535017887343	-1.2888450955885393	0.47493166715952717	0.9154750867676388	0.01470470027940128	-0.14612418641563485	-0.20039895207310868	0.6270342122165886	-0.6074941899127538	-0.7696663190389228	1.3037126991039145	-0.2000358828122197	0.4179033551319956	0.12376903470255447	0.3255405708162869	1.190325885245286	0.31247083709674844
DTXSID6048175	-12.008692388276472	12.474991582928944	-12.610408402072732	-5.062331858545077	-0.8572274133283677	-1.9727343952085172	-1.4603438688132644	-1.4463076403187087	-2.3818416614388997	-2.6654863155070503	-6.403391829100181	-1.918389445183346	-0.6657852193865829	-3.570983305336528	1.3580025063434182	2.8619213336415177	-4.042826145056145	0.8967101078638134	0.338171169518218	-1.103171229192849	1.5604749111658696	-0.5256627284222442	-0.7731517255142594	0.8630352421097387	1.9629463747318858	-0.8828945860452625	1.2737663610646448	-1.54647304746263	0.7399247445906945	0.2492930084648436	-1.283100586699627	-1.9205208711596264	0.5835685586966196	2.3362491207991565	-1.1553922068093234	-2.9200949955088	2.2913783987632863	0.1803647373402716	1.9747896486219063	-0.9069593106396826	0.7532821547811406	-0.3573996134028217	-0.3910027352650005	-0.13077480659309973	-0.4390475694338306	1.1688044044990742	0.38289083525095097	1.6306196972405211	-0.012053318881872057	0.009796732287600805	-0.8194564924122608	1.3124100033689665	-0.6330046515296537	-1.052058960232664	-1.5081797517615525	-0.9185307832714674	0.5794353489479016	-0.44849038159476357	-1.6640389150398336	-0.6063180362016067	2.989659061594044	0.5917971669234743	0.9932295792148421	-0.5281950088628347	2.0669553663653817	-2.244146214573138	-0.8331231400045341	0.5264390149847842	1.4670933754095428	-0.046748089714283375	0.06897499186913787	-0.3491337306007359	-0.5243669240730736	-0.6934861339833337	0.9974299180201608	0.40173921743093194	-0.7571686978475854	-0.18749225255012766	-0.27372019233642936	0.3036882285732235	0.5629658839166549	0.8047593603683386	-0.08362773991979158	0.45216879758715506	0.6074595203737891	1.8333733154183354	0.8067611308345038	-0.39440679649166255	0.44773732493459206	0.33911269500004526	1.3106449392347637	-0.040662555849297434	0.2247779416119366	0.8132892568785198	-0.060012249898522975	-1.0332711687845266	1.1182025332204542	-0.9625304310883463	-1.892851634848311	0.07128601170181437
DTXSID6048171	-20.384092223523304	7.3512859307151945	-8.708537830372617	-6.385958198836882	0.9413405683006063	3.8841107489745497	-0.16303388185007484	3.0989063966669477	-1.7944447739806075	-0.3633875077610478	1.1761963723355389	0.9543091638180039	-1.3086206525088029	1.580645520808625	1.6004259842173694	2.1624029196787733	-0.597421137508239	0.9568916708082917	-2.2294634440017527	0.0017840972179852643	-1.5452270688398746	-0.8859471804650125	-0.8718749911968424	-0.07789196293755213	-0.885208710503363	0.9067119531692305	-1.0468837936139268	1.632701774703726	0.5754158894369695	-0.45501222281882947	-0.5165884516861076	0.5759978977936382	-0.055696696576586845	0.5522620132489985	-1.2348652034181065	-0.5799052010068731	1.205762964965291	0.9161921385628989	-2.1845008089343856	0.0006466557386681732	-0.49310483592048265	-0.06689712821166835	-0.9731914503961567	-0.4898824386582925	1.686581952577231	-0.6232681869535819	1.511923340538104	2.061360574544844	-0.1025218357155406	1.0117278639924099	-0.24990548414414132	0.494658120644055	2.3552088415401755	-0.03714289333149669	-1.990561591392461	0.4086955878466558	0.06418401894284012	0.779357273006505	0.2823106047481278	0.5014733116240685	-0.2548840207865609	0.8894249045894697	0.38131554218686653	0.5235835444845751	-0.7620237174309326	-0.9195367807228806	0.7203282401595725	0.3735041397402291	-0.06577128177963822	1.9353947279090153	0.01612291177942328	-1.3866134612606347	-1.1526910279952032	-0.8854892510908515	0.5979059820430458	-1.6480197675286086	-0.11768993631913031	0.04022004283737954	-1.111905624046423	1.0015099526871054	0.17495177593758765	0.5280301804851185	-0.8289432095652851	0.888167824405276	0.7259422176908829	0.39607100945375046	-0.46659926718263955	-0.24179033896772759	-0.4744126918767516	-0.9089130474114283	0.20008149411803583	0.3433181798811653	1.1238953260002464	-0.5631174285527083	-0.555902349609174	-0.2938117214036741	1.3990342614338367	-0.1407099792531784	1.3548867471891013	0.0706269341847141
DTXSID6052112	17.708862806005502	-10.117775680377694	9.881802370707202	-12.14361576715979	-3.1469664514869535	0.9768830895705196	1.6813592076739776	1.4411876798224368	-2.4746230072434305	-1.2223625560766331	-2.4004947769421348	0.5766087141970657	-2.8288645481231116	-0.6354595830851736	2.563485398301669	-0.5068757794329426	0.24408403365775083	0.25874212822641657	3.79762382880834	2.011775867604255	-2.2849349919884303	2.5345990371382863	-0.7062251705015492	0.8698295724374115	0.17738856158758856	2.1035495691048793	-1.0348885260479452	-0.4310446189602388	0.27172276404943896	-0.6930793169150978	-2.139266019759753	1.0638150750894542	-1.1968919367305424	1.3410389358980843	-1.3174458092333137	0.31806535595477126	-0.5898897998089705	0.4988578816329959	-1.4421170582934724	0.7133957090766004	0.7820171147303715	1.0831165195531964	-0.7015903730520753	-1.3373024108378606	-1.6879440558677727	-0.12408981220643554	0.2643234726157824	0.1733111767336445	-0.5948503099443635	-2.0346673880744106	-0.8814961604177443	0.33363997522799194	0.6791755364186113	0.11548302831095268	1.8485102432134055	0.15521575431620435	-0.0921801430378407	-0.49337212916996076	-1.3682310323054254	-0.17808669461581458	0.128569110414814	-1.4275350438456698	1.3352540916602529	0.2704560563953451	1.08372626701483	-0.3723966221501288	0.28249707164676785	-1.2361011926101937	-0.1904224225999037	0.6683324499574292	-0.9706756680865993	-0.47357877737933224	-0.6061491192907716	0.9051608697903143	-0.8897505497459424	0.5169654615611599	-0.4595062420140084	0.8272102720237872	1.1886987561270068	-1.2297111417013387	-0.5804284347367297	-0.4333415312772926	1.1399802568208268	1.006196505811364	0.4500295787239031	1.713670767380116	-0.8293673821154571	-0.6530556474369927	0.5777462265960577	0.6897773014016416	0.5992639374323071	0.2235420430726233	0.2890932066939759	-1.1108648605064646	1.3791184195196686	-0.0009914071812294357	-1.1655742272630145	-1.1641882840927442	-0.5045243085900502	1.1690980788870438
DTXSID6051560	18.938320577519264	-10.405092881972951	5.801368501618497	-3.3112243862921105	1.5953761306811622	-3.1777076031786367	0.6709828104205116	4.383492160707989	-0.30321332391217004	-4.567874178355231	-0.8217554087139984	0.77255372403759	-3.799797134028991	3.4953656114356986	0.6962087271124452	0.5259441286778312	-3.5687252446363806	1.4993051986920787	0.5580954329380576	-2.93048078309433	-1.2262686539660397	0.031618370372441	-2.1656349952540412	0.8971155128043972	-0.250318474037298	-2.7459163158181257	-0.7929539042185046	-0.9024588716860995	2.050605079051984	-0.579196479878158	1.579577351915306	-0.039557169446013236	1.7840276901621208	1.6905579123245338	-0.7382931470421246	0.5157848679592384	0.7403844525888645	0.45855020969849913	0.7663352220721245	-0.3937474499484781	0.6294510893102481	0.6379609573639717	1.0963702463829224	1.1944106917559354	-3.9333547281262646	-2.243797174289406	-0.19906182613306517	0.010129845994589656	-0.2451204793171423	0.5303490111599228	0.28217762604129004	0.07593047184751278	-1.8653251573728853	-1.2901919651759464	-0.7419924523805114	-1.455880458957341	-0.49065086483477305	0.4943818005308584	0.6555511717363587	-0.5786073875785792	-1.9022856247387865	1.0597192010695178	0.7734747972233501	0.4123306894875491	-0.933067603297378	0.566664927430866	-0.07958881212696893	-0.07822825983842163	-0.7202225646091499	0.332312404296464	-0.4003425101366355	0.30500656763047485	-0.38127893997021006	1.78917713447757	0.0987006666022331	-1.2078356664169694	0.8937692334546579	0.44171573929964963	-1.003355396715767	-1.1558346926429874	-1.125325857446858	-0.8536811732792875	0.2930669272744922	0.07353341000084132	-0.3030752748315799	0.9606363234419751	0.564733207599664	-0.9798440064588829	0.6191247784733726	0.045626348744536506	-1.0118071640033692	0.02297101537007972	0.17959333430288743	-0.34101516582706315	0.7286114779095556	0.7548387306101726	-1.59261765275759	1.8086543610156496	1.3630230500589329	0.38876980457453364
DTXSID7020182	8.952190054735766	2.623047745415983	-12.85308207627164	1.8322773500850587	-8.912588664295745	-6.648020810147847	-5.998444510081939	4.1271376598392076	6.475082686768575	-0.369973364829	-1.533896814220396	-3.011935438068562	-0.6807724797289442	-2.237407713165749	-4.884039604602627	1.7628881568730204	2.323364231099308	-3.4032852034608343	0.44038305703146197	-2.354273327410678	0.2438454609665616	0.031793970076628736	1.4130467696575033	1.314116021601888	-0.02470998149671448	-0.6747485163133357	2.5915922911293165	0.7337644953538767	-1.1455569820546574	2.3923738982995006	2.9610311043961284	0.06228463681509643	-3.0382011457201625	0.7740777994670166	0.8104282744074667	-0.4178907874660289	-1.4705298623767635	-1.3344114513177965	-1.8244923115668277	1.1156634044772211	0.2845060456878194	-0.03188177562796659	-1.3349303020350958	-0.880779816873945	1.2242244997250469	0.629424109745288	-1.0147792958340083	-0.88980368445531	-0.2407921106881091	0.4294743843272414	-0.2734035869510101	-1.2749169473631579	-0.3037577697385427	-0.7329910088228081	-0.6300222896659436	-1.391382181918673	0.6858456353033575	-0.26912945646519315	0.13646817997061972	-0.3949901623076525	2.599903962309863	0.1399678020122855	-0.8658971334425571	-0.1634623904299218	-2.5975457160938165	-2.776367946480347	2.3401929896453035	-1.6001391015615072	-0.22692198669195618	-0.854815160684001	1.537512110391109	-0.26474386350645335	0.294201464186028	0.6012588653734768	0.9059781598086363	-0.422956429580634	0.09451288486796496	0.915186363647742	-1.0713256049006001	0.37738883252586114	1.094041482031101	-1.3829388331104187	0.7264393058535485	1.0834905292156973	-0.7715363460658413	1.6862127500258794	1.1717267572488854	0.28284940420280913	1.4251992841651167	0.03229044979202098	-1.7801966444556925	1.858529469459302	-0.15457181600087272	-0.323709779557383	-0.08110312028537646	0.4132397687303075	0.14659647460819525	-0.4552915084282054	-1.7332500868865832	0.2322717738926161
DTXSID7020479	8.304154701606866	0.9387151529760813	19.842518283090897	-8.864463945672297	-2.5523602693818814	5.7033314781321485	-1.3929669774014377	-4.557396989272179	2.355142431860532	-1.6847725658464308	-0.008064757239221985	1.7940200698085706	-1.6139235708958026	-3.1414035804027547	4.549285040031914	-1.7182519270662857	-1.739058117983274	-0.9876653870012232	-0.5773422893528126	0.9336563273005656	-1.2116155083598381	1.5721394084496503	1.821383310350062	0.779623309816858	1.0524796604702258	-0.04297093133691984	1.9964995163869506	-0.7330989146865576	-1.1234535082203916	-1.659319587077186	0.49748899322829016	-1.3680185866145746	-2.326967501430596	1.2015677714166784	0.8172996110974867	2.017891122265583	-2.234291670183835	-0.4213312851213165	1.134678892768933	-1.2134138137906338	0.7441709758000961	0.8907896691230235	1.0732291428672434	0.0702614589558128	-0.07685405419628082	0.45215686803705213	-0.5202120554984111	0.2814707854445298	-0.9518080081039997	0.3992278698035923	0.5952245141191675	0.6025064975226989	0.6119715837880851	-0.7506574040370467	-0.6553761679433613	-0.993467773564197	0.3596894207434429	0.3293871608768283	-0.27344437950521994	0.3222212745821615	-0.18891172360595748	0.6506482793210528	-0.15536693073202135	0.09357490485458331	-0.5072874072565546	0.5433642027736078	-0.15285045258187283	-1.949316961652537	-0.9209042050150626	0.1583774555178491	-1.4694219191321238	0.6341374632608446	-0.3999231692427451	1.2989366304635623	-0.1663947501245583	-1.4643651016855443	-0.42956045818431554	0.3452108331777148	-1.1738904181054812	-0.41409778690135896	0.5848372203842354	1.2871611277436454	-0.4210961375704228	-1.0240444369566342	-0.9564981766620936	-0.5234848788549166	-0.3141871719090946	-0.583427810068476	0.1859444684226912	-0.0006394513261725104	0.41016098787950633	0.12221059516848311	-0.7188728809569871	0.15074817216874092	0.8507915856689435	-0.2592213020796233	1.2837352851289225	1.0768574289580375	-0.12121149269116323	-2.2591979156284205
DTXSID7020687	12.585725257821526	8.181657827378519	7.6717337016946985	8.543386187943039	1.545739990368626	11.514579752955697	9.830410465917902	0.9848272413475626	2.14745922979901	3.7125774920333536	-3.695400427698665	2.896573628831795	-1.6694107713036264	3.2800037309984216	2.938502736547023	0.7073505056339269	-0.5114680061180593	-1.4274771977626852	-1.6765445978921505	-0.4431435622976385	0.8687632784171271	0.3309842065515412	2.062035025167038	0.4972736083506348	0.8801767460263853	0.7866397338249675	-0.138915355994374	0.8853110582675382	-2.4600282606891297	-0.705195523139168	0.5730862619056101	-1.0488511853017073	2.944779828252673	0.13135784794000296	-0.8869056002988003	-0.16931285437896915	-0.04208831186424328	1.8373994414149564	1.5541099697966332	1.1940361433325513	-2.4512994613574963	-0.004165175318513424	-0.2310345503419488	0.12955022356540466	1.3703942868244552	-0.4398638558589816	-1.280855357290231	2.6438511638152464	0.09191554626822704	-0.4430230088021265	1.8143361677280592	-0.3054919593048503	-0.007441771330572125	-0.20133163060464818	-0.3239876428085208	-0.42936627348605894	-0.04909434831898405	-1.266441011733982	1.7885545345824858	0.8047420608379436	-0.9070565114044365	0.3335078880617978	-1.0770293139858	-0.3523593148407772	0.17379399970882212	0.04138858181194361	0.08903399097533446	1.103300982479165	-0.25841915133069093	-0.8621322283164352	0.40683286796460316	-1.4106932094101354	0.8337260292473636	-0.285624787310302	-0.036810694364299276	1.0037870288933648	-0.13563712465738942	0.1273939018831907	-1.0679953899440913	-1.1891089252778908	-0.39791901312879374	-1.1893989865817438	-0.11481952580581331	1.726187183875983	-1.336192285464386	-0.7400564702045057	-0.49527238796051454	1.0782245125373193	1.0952161265620328	0.728217510687173	0.6067821458260005	-0.9321783814914826	-0.5610932125014633	0.841772784546217	1.7764228285340598	-0.999262213716339	-1.2269360146098882	-0.2360539429392508	-0.13438187814252203	0.9389373798890178
DTXSID7020716	23.25333329491763	-5.285916961927997	-7.313887314333713	-4.573504422357669	0.037783581094929033	4.365926315742354	-3.311153303805141	3.520208803463828	-0.26811270081108185	1.73551567480352	0.13831568442703424	-1.374538818242764	1.5994815779274916	0.15678274201368503	-3.0637470576737695	-0.17368829388398663	0.8203345437919458	-0.3524750556661533	-0.502743123744077	-0.4996009455330614	0.41537693979862367	1.4278994773809797	-1.9185051324426197	0.46548626619300476	1.3512595001781647	-0.8801533861061738	0.7359077855099966	0.7726912559586671	-0.08609586829277441	-0.37762223110317855	1.3003182669701996	-0.8507128492943258	0.5899124084112433	-0.9213243042518177	-1.3044606284049278	-2.3170215161750205	-1.2259411826207085	-0.7260465735398776	-0.6976687425542317	-1.0434829743996479	0.958854424711833	0.6236174602188796	-0.035030862757603635	1.000866299948065	0.5123929716408583	1.259185194930557	0.07387086209128416	1.1909998852885626	1.1309909108376472	-0.562422129713237	0.26833365968686307	-1.3108347598094858	0.14744473934745347	0.6986734569625523	-0.3302391044056352	1.8040392552882691	-0.46895909669980806	1.1957442408241812	-1.5140299674908597	0.8456542646070315	0.06475106786062723	1.0768266964269864	0.1654055141237594	-0.37968793468720746	-0.29284398848806936	2.1136936430699285	-2.6061094799536555	-1.3416891028214637	0.29990252067767775	1.1075320590755886	-0.16312236905057656	0.40695384336231716	-0.02138117711910381	0.9452056225094142	0.8056804872102333	0.028277468411661486	-1.2455223319387203	1.2293002553129802	0.354311743100693	1.1246591169260762	-0.839405599956718	1.257703792094806	-0.9337632349724306	-1.5857181061122068	-1.7071091101027018	-0.3383532663258929	-0.9610577867788155	-0.239242128228958	0.9395754897574479	1.389603906677334	1.3696965008571182	-0.26813309808049934	-0.7299389669053605	1.1510685878138265	-0.2950549018573319	0.2780902521635749	0.9460443711963903	-0.12085780623710485	-0.10043424570945361	0.3825325365007771
DTXSID7020710	18.67656379760532	-2.289786514206783	-14.09000756014876	-2.7289185322174965	-3.237608185344794	-1.11566550497155	4.68407672658382	-1.028130047704634	0.34268955788613925	-0.3227509325882766	2.8936769756995027	-4.36829398699715	2.545452452371248	0.025954208042542285	-1.7525776881057837	-2.1214652256464364	-0.32040012267084456	-2.1874961419008856	2.756045754686953	-0.27877487259157996	1.6887103502661782	-1.525029918538006	-0.11351000591307757	1.7210943549130744	-0.5972271791568053	-2.1181185027389273	-2.6123799346936334	-1.9816378169517623	0.6843669657042754	1.091927767501115	-0.5463564363461068	-1.663689109068328	-0.0028838136046192187	2.3252796151506057	-0.512070123998634	-1.171564233642374	-0.8871338444423771	1.2303503320786222	0.4118249934314032	-0.7199708943719624	-0.3034714206866291	-1.5839046082408894	-1.2962593122069297	-2.024915228677313	2.11468887706745	-0.23020444634859671	2.295317990629518	1.6328719981566615	0.4847474706256408	-1.718263192235197	0.2894580246044715	-0.9708302767973308	0.7133326422513306	-0.7424118733203566	-1.2560460032697538	0.5864294960651342	1.5100117585472155	-1.446071951217465	-0.45554274741621414	-1.6803769662398746	0.10406766507106523	-1.6313589080995257	0.24392662461246817	0.7825401071163958	0.35425366235596806	1.6512384888695342	-0.34985076353292993	-1.8680916380088732	-1.8823687495514616	-0.6549073515459116	1.2123903273468373	0.5426196009569519	-0.05971870285790279	0.4255276562386483	-0.1386844543835427	1.2951178339288516	-1.653506766174051	-0.8573677764249452	-1.963711176980343	1.8017914774495132	1.16144294165398	-0.43232553744344926	-1.3228486067944578	-0.7944548090118744	-0.6920780702539051	-0.5038684154745775	2.1919307123289515	-0.627421167860911	1.4169477539969786	0.1757176446550303	-1.029874234469439	-1.94761183819591	-0.6700241942847915	0.3779549946174494	-0.9020632927740742	0.9542945623298303	0.011959877159912714	-0.7563726881054347	-0.7385692242287296	0.8988062410335357
DTXSID7021239	-5.37005618104109	-10.341751199327144	10.569689010894061	8.161840541773993	-5.585227283801065	-9.323153505928875	0.21282945735523195	8.872568017113426	0.8334331308297949	2.814392918418438	-0.9936290653696455	2.076208330572702	-4.708557443576696	-4.245692056313414	-3.1371246703686775	-3.3246468666656908	-0.531780026208281	0.41510435306108756	-3.7076284297176816	-2.5173627336979707	-2.0950014504631618	-6.8995200704672	2.435629942785141	0.8528570693703792	-1.7089526932433403	0.2178798847244044	-0.9348216242332694	-3.476524879754077	-0.7605733995960614	-3.6088878264382735	-2.708198693152794	-2.038793032545441	3.7494027316934875	-1.608385498312313	2.456770784689776	0.203660008145896	0.518155063873127	-1.245409547539783	-0.14417343169192848	-0.16389009280243927	0.5688244714739478	-0.8800033236509986	-0.8626119461830075	0.5530264697139258	1.1322239752927565	-0.5736594149798455	-0.7379490435868038	-0.8533453283188491	0.6247337293895204	-1.5151950628012554	0.9295293043274478	-0.17640083313592275	-0.7578185215932597	2.5277506883390375	-1.8237241038299206	-0.137849610051668	-0.21423939832394814	0.2629527744700384	-1.2807223157130283	0.9916060066679728	2.2536500306936733	0.12448247340788253	1.330962291603861	-1.0885903047157344	0.3274081027604134	-0.7692597445215991	0.760044172629257	-0.3011969699293769	0.5439405203618064	0.3458354648060683	-0.08430136888653066	-1.2196470191954927	0.3983350829261342	0.8997591810462078	0.12883000470561085	0.6859909132322224	-0.10201862149332087	1.3422325643547686	1.0371398499147917	-0.6662326127173309	1.1059633850731294	0.5454961191578627	0.9879290248490443	-2.0847077561569893	-0.850551967808015	-0.8632543495344179	-0.8407549521122076	0.30121342411239244	-0.6104213561752118	-0.42069632710493055	0.5194263625413595	0.10258760198870077	0.5034764354550265	0.6834655664994563	-0.41393513995268216	1.0685734452874	-0.8269101843898538	-0.16335792233066543	0.7625259026202298	-0.046864851868704274
DTXSID7021815	21.75943426155665	1.3486746851334677	0.6211742875836418	1.0101535138218138	4.417097251513297	8.133899053010671	3.8164678592358117	1.303844287503701	0.0449319904765455	2.1230988551161714	-1.6052679835154298	4.815821996114758	0.5951244569422524	-0.5882396775022308	1.566622612205197	-0.21356364859753743	1.6276301484806843	-2.240635741404373	-0.8578146837883619	-2.1839428632283475	0.8073598424715722	-0.08293689943519514	-0.3013042204620099	-0.23031209147233694	3.132955861487594	-0.7107995272570219	-0.5131702391376305	0.8500119754590926	0.45453776625314635	0.80938739569953	-0.7931867899632673	-0.8720499862642658	1.629428134266758	0.819281403877881	-0.4639182740076175	0.6225836990657277	-0.7630141826813407	0.6535887068628564	0.6633239409714083	1.1792447960592536	-0.3856439420971646	3.6808547491924806	0.5808198917469112	1.091654847735093	0.2824769702007364	-1.211701164509807	-1.3750012646227974	0.2414190731290919	-0.5605590593222505	1.4005388801926937	0.5902304292777955	-0.6482865987522121	-0.384288030209685	-0.5750346580309781	-2.0837248426501165	-1.5975191901946513	1.0358674709926534	-1.4805033916288186	-0.018940097352668796	1.6237855422958494	-0.8222043110716051	-0.690284846615402	-0.509945462176203	1.0176197034826095	0.9652194723523893	-0.06323164154666083	-0.5269083559320997	-0.6525417151903616	0.2836830701578498	-0.7170805205662719	-0.02301689432512634	0.6414383438280683	-1.0899326350090455	0.5770176836146265	0.11533440603444702	0.37963176832780027	-0.39711311309878045	0.09883705416557889	-0.3371247979014953	-1.4429360258832	-0.7558149211681288	0.262030868416569	-0.7187357620624416	1.2685986113970509	1.1082255222100512	1.1884969206474343	0.9994840508030233	-0.39903923858365453	0.9585952096797312	-0.36675847798805195	-1.2166688649826403	-0.6129400283209293	-0.7710251500879696	-0.9596451021752109	-0.39467219346962457	0.5314344817418606	0.7818359930625426	0.8405292281496533	0.8951061289509574	0.37367799194442214
DTXSID7021948	6.3008491203117805	4.207595127568264	14.412519347658355	-5.410630024323332	-0.08879545991734064	-7.525167914395671	-4.2437151504532675	-0.09362949677022207	-2.817859281465117	-2.885141863355255	-0.7587578757967863	-0.9141184933417315	6.473073570464983	1.6237335944584779	3.7435641860223186	-2.13648785082172	0.4269434590262025	-3.2777146802511226	-1.2615317567292603	0.3622316264600583	-3.463444998862317	-1.1947505606000879	-1.9684875700300628	2.324870722939826	-0.14669779219752646	0.6090334685185274	-2.5194916368842923	-0.6617187100571488	0.2908221376170408	0.1333785841082506	-0.9422535730453213	2.2717199126152474	-0.41037489506312064	1.4096571203200234	2.3807819053029804	-1.5105128389238298	1.6384447926560317	-0.26676244186337855	-1.64845856168765	-0.634334956361026	-0.3688192913698887	0.4046144364583398	2.4452649110088474	0.4161578812197886	-0.8003744292961898	0.7469018531321792	-0.36125960947686425	0.27803814901745794	0.43894572210209404	-0.06790606756141762	1.2274100215383577	-0.6268922394965819	0.24402810889113777	-2.1189624481610965	0.22627060392033033	-1.1637741329049645	-1.4519886128853166	-0.46240765990413685	1.3954621749673093	0.378120315820917	0.9770444192081786	0.39585822921621633	-0.4434151268497597	0.43405670496883986	-0.354202986465233	1.5451236384642089	0.26723219857458547	-0.5051530273408441	-0.24949865203865096	0.5063248489097409	0.15114305751113252	-0.3998578714988014	-1.728932254521205	-0.3159327781728263	-2.2887397929208513	-0.8160353733603783	-0.9695509222334671	0.6533024602120763	-0.5895813467702237	-0.7874937722867454	-1.4500927975435602	0.0735201934009777	-0.0037078510242860743	-0.6720346415816788	-0.17651475682565762	-0.4734446467346038	0.05582453336992786	-1.1244117471888782	-0.38128897370606674	-0.6721659643612149	0.7461040047688283	0.36713579510926925	-1.7743594237890035	0.6614535723902989	-0.1506048153016988	1.4373888499419094	0.03001867739943736	-1.3098771256338853	-0.26410035309931335	-0.7534579091530731
DTXSID7021869	22.814425526329075	-5.512084260817605	-8.734854412783132	-4.675959327208729	-0.6557348719335958	3.678477674444241	-1.9112833854487397	4.710134035701781	-0.9575590156975922	1.8299641232225712	0.04399322434517249	-0.3936034495199517	2.915241833476782	0.7189888691625977	-3.0827056184091397	-0.15174665264666343	-0.376795854486766	-0.18720198000709204	0.866045245148749	0.543173785645422	-0.6521787292259253	1.0919259193550477	-1.1199367225810755	-1.674853668182255	0.11946481846662478	-0.556208803191267	0.758361052596083	1.1363230199838814	-1.2723465498475193	-1.1221028355404667	1.7070069310090907	0.5597844867812426	-0.25199022110771696	-0.20863818969767606	-1.2235187856377603	-1.8753773667251967	-0.9957849979843568	-0.41237925085080546	-0.7604257557333153	-0.5285016052021472	0.5079310243468536	-1.0032010546217336	0.7309377215995255	0.18016457703507052	0.17232421324390942	-1.1718959997401792	-0.6867292376575517	0.5380918046222364	0.8624204934312618	-0.12750705936674725	-0.20604310980022567	-1.060995609623466	1.6976334487957876	0.735267048579143	0.032710708424171675	0.01775424324339417	-0.26426959975706665	0.022435790975057157	-0.09509269301380886	0.7494597171700743	1.0874013450289506	-1.8408280113595075	0.6396918112690266	-0.3882165165042812	-1.434155288792256	0.32717708784049976	-0.25922297315650134	-0.03330310246410911	-1.0932081363158594	-1.885084406873641	-0.9274494713988979	0.930071977341716	-1.6987328775815018	0.5438622316615083	-1.1830301832447923	-0.5701107792245109	1.7057775800777701	0.027697646269838144	0.19067720432708002	-0.21206968813589916	0.6211682230475433	-1.0329806114586655	0.5005078848747563	-0.2691977486786145	0.07038522673655563	-0.8513231055286626	-1.5808093598887702	-0.2715284418820126	0.5531410974505502	0.42178867206630055	0.1790998019310323	0.05510228370096822	-0.5945715811848484	0.9707777285712026	1.0166288394662244	-0.4084621607838094	0.48832726749264344	0.5944417580876368	-0.533927360404457	0.04004131668286824
DTXSID7021940	16.95587064818213	-10.375350292478158	7.199704433847524	-12.435792648745469	-6.603359553847621	-1.8094345987837732	0.6259781853094515	0.25164752251231176	-2.163823514345187	-0.8501925233776846	-3.6882763217934262	-2.5681563318073644	-5.011905538322136	-1.1071750234772357	0.14270306370086797	-2.5714798594094863	3.337231078509053	0.8356505928264202	4.71439175106317	0.6418571508834015	1.7860975966502508	2.0924526004881017	-1.1124589174928228	0.13537258108371425	0.10841411725510648	1.2847735342309095	-1.3817052728571633	1.6748139316121853	0.2841172171317864	-0.24507615598642166	-0.7954428502976509	-0.3050966479025712	-0.17979350021512278	1.7552120725887783	-1.1879054368981774	0.17352926422449308	0.6274936746555536	0.3394102549412304	0.07264833105108105	1.0744674767521014	-0.22671614557639805	0.01620146253116448	-2.5690032208908793	-0.7594509102097271	-0.04866881264863037	0.4496075556131048	-0.9261397638737142	0.11024836776737325	-0.36942131822386876	-0.10210834224801715	-0.17625200242223507	0.6225118003335163	-0.5415678940016849	2.589455636765806	0.5596241870669703	-0.7330345617354825	-1.7709704073412	0.3449383875935674	0.0964174672237547	0.7972424047178693	0.1347693184211295	-0.5615630558842575	0.15411832260438754	-0.7473198172235386	0.5148707135013976	0.6340494105784005	-0.09854025317179628	0.701918629308986	-0.08543766294164569	-1.137503073699855	0.5500179743613357	0.25615331564287513	0.1270114169268024	-0.12587287944460582	-0.0586923099211135	0.5737293944788604	-1.1092840103780433	0.20321820832403617	0.18769039582128796	0.1643865126973017	-1.105470351813546	-0.44082383190961194	0.19464005132615422	-0.4027319185892322	0.8661984501721337	0.9685009510585626	0.45216328272404643	-0.8918158361898336	-0.7947515412453862	-0.2845829433189111	0.8895873789124474	1.0710320920472127	-1.1085203463209399	-2.045648384809794	-0.20041373690693873	-0.03930614504683229	-0.01080780494557042	0.3446182408393334	-0.048130669393366826	-1.4073059799257468
DTXSID7022332	20.325299074256083	-7.047702309020345	-3.207252110264947	-2.0109599414067056	-4.565433977491846	-2.434733347392764	-0.5802132995611025	6.2263716974032395	0.09071939697416498	0.5486424966797641	-0.28474899564938877	-2.7810602592348186	-2.2009729374516396	-1.3280110181092837	-5.890826940593875	2.156660072657318	0.7374488318914745	-1.3940210877647634	-0.9845200808181834	-1.366678314942228	0.530117353836974	1.356141923747379	-0.4793635739169133	1.266483084569651	-1.2544320335444898	-0.4422327679709088	0.5039778172014178	0.4688297045607105	-1.6670771675110294	-0.7328227941262866	0.9394364872575905	-0.6698520911566962	-1.2820538156161176	0.9872635981447296	2.164400342817127	-0.7718637029517336	0.4039098321377433	0.02502814003180436	-1.0625147390296907	-0.5389156920712934	-1.551033903172347	-0.3444731501928853	-0.37343094225142015	1.266079276643882	0.31568913361640316	1.420328884279241	0.0726988531142741	-1.5207694673030119	-0.6035909781250376	0.09282925427095537	-0.8865138093820758	0.35480283600885776	0.46972240649797076	-0.41393943175327697	1.3499281039931335	-0.271134899776726	-0.164511247417821	-0.22644959885563015	-0.2886597855835058	-0.4875706068349077	-1.4766980633777533	-0.7654733581625468	-0.9414135214913238	-0.019441580429316683	-0.5103732868873851	-1.2358009269327475	-1.4731294529498238	0.4869359016991155	1.4146297945995225	-1.2588671628487937	0.24550997572073974	-0.38990554858107823	0.3647888389780601	-0.3667359395185299	-0.4398600542268625	0.3445014787270664	1.1033648250634647	-1.0862540172232868	-1.3629910397547769	-1.8423865693610986	-0.177397363823672	0.8232928999573221	0.309124357672627	-0.15369541924114827	0.9828494789268447	0.8972805805899101	-0.5857715827486104	-0.5147289632170313	0.434824018804738	0.13408001382900311	0.38534318758837516	-0.06916403686506571	1.0119244463442856	-0.8905929708000103	0.4038713740957479	-0.3428537906440871	0.710617014176484	-1.1395043272949326	-0.4921654739838337	-0.8957792721986734
DTXSID7022413	17.96485000930296	-1.44832781394321	-1.8551442614311813	-2.314389857317044	-7.7477515832917305	-2.4287781500243697	-5.6733885413121445	2.965680207906744	-1.9456142560125902	5.150082666755279	-1.9282136954081255	1.5735066404655913	-0.8006740313424711	4.160785868136024	-2.5936540469369405	0.7043408618026219	0.41549690035608455	-2.891404645310641	-2.023311574672955	-0.9290979527775801	1.507547171137174	0.25465415449232837	-0.11573430665011032	1.1661045487539075	0.8685860940499515	3.9864843548476756	-0.2068906408993874	1.2306428475503481	0.23225460494794395	0.6319618528340016	-0.5076336055931088	-0.4050664886778229	-0.5577966195128132	-0.9588562496804488	-1.1797180625234622	-0.09218390673481318	-1.7714962514156514	-1.208671454245594	-0.5775378857084784	-1.0489481649821921	-1.3142342353244814	-0.19464199858754852	-1.6555872567032486	-0.6125693991820849	1.9781236078847242	-0.8219301567395236	-0.671281933766336	-0.8287173742382141	-1.0151101211327493	0.7538910991042641	1.1152770254973752	-0.6731904452449436	1.02756868888366	-0.14885728916802793	-0.006130570686681878	0.6358023333900358	1.293195289908017	0.2795645614701111	-1.0522080039459076	0.6273976813776071	1.0301461951453195	0.519118571632392	0.4376433243941618	0.18936354963107846	1.0622366318991174	-0.037753295724899154	0.4577393418154913	0.35159722037565605	-1.5727553516339812	3.092186195468018	0.042775639207058874	1.4754675539854682	-0.8872471999466097	-1.0907935594521008	-1.289876197035088	-0.9317132212660008	-0.4361198671026858	0.16395395460961723	-1.0971076091169114	-0.3781465350385542	-0.49516946945683266	-1.1568362833963135	0.8240587527780492	0.9636534455810065	-1.7431141971376212	-1.4580800748388953	-0.4941944214895221	0.5163758323221092	0.4989081129264415	-0.09106276235143847	1.421156891405957	0.07325031180762555	-1.1742237677200165	-2.106767757018591	-0.14393808758247614	1.2847377018632	0.8838617986398719	2.0396398569832064	-1.0278608973250123	0.6934045218044386
DTXSID7024160	-18.05865485002444	11.563508708225346	-0.4941187681061791	-5.374084133242803	1.0427492217454293	3.742686969234687	-0.6551887181215932	2.101232382586775	-4.229763549563329	-0.7554256208893759	-4.628809616013566	2.0506348856055494	2.2233114158405396	-0.5717009932461049	-1.3937564082444365	0.5403257203144456	-0.2202319709758986	1.6319565140734842	0.8228821592653383	1.240471732512004	1.079017996153342	-1.6690278507788854	0.11609927934672618	0.05361555181065802	-0.05002230935305464	-0.6395507401672271	-2.0897632430131576	0.9542500183422766	-0.8796765146760183	0.36884359263070093	1.9739164290437057	1.6709976864939178	-1.991630513161885	1.493598798196581	-0.21859511885693778	-0.8647811183642458	1.7300564732675316	0.7884787732411873	0.4501859959091724	2.2316542477626156	-0.21580566021707323	1.1865309258514982	0.6396196607943928	-1.5365801530021623	-0.8578955701178884	0.4960831215345043	-0.27369095602737065	0.26784105298323535	-0.268119159064777	0.24153092047814081	0.8331924104965232	-0.8216472134173717	0.11184913245953464	0.13698681914507257	-0.20352949045332203	1.7262018340132683	1.2287610584410578	0.6568978388457012	1.1550522683193785	0.2583628535130778	0.8336708066579467	0.47311994387649414	-0.5613534722928318	-1.1560172529492347	-0.2518379050799859	-0.07615925798816713	0.16715898811154728	0.7980357921219512	-1.3175189545576822	-0.47892813288303676	0.11370712228397041	0.8496004698962604	0.9134668682843948	1.0568436629667375	0.06121949520461829	0.3193335448523911	-1.324080198582926	-0.2808987719457094	-0.21554853499161544	-0.6674791653376654	0.12951160174585793	-0.2961178247971872	0.6623473733665793	-1.2772600352353458	-0.0046299063285915685	-0.9938993144434939	1.2016639439905885	-0.031730642407970217	-0.280820819932978	0.887552533667489	1.5067335214085436	1.3143602807631156	0.03319067862931051	-0.519085142045998	1.084003139531157	1.6363438349902029	0.40676789906319455	-0.789387058809125	-1.034710579346986	-0.5084122866497591
DTXSID7024299	-12.81451938471072	1.5408415527419441	4.764796624611922	8.150911150022916	-0.33695753403840917	0.30017102514587773	1.4361653874673013	-2.5632668417751994	-0.8143295872224683	-5.368112666472607	1.784752955745038	2.987244426664576	0.20890312904568467	0.28411582959191223	-4.680583980810708	-2.511528939127991	-3.3530207714536737	-3.102178682453385	4.763698245623472	0.6959883055376157	-0.28803817642154855	2.0694532824142944	0.3046442485256939	0.001734095787060357	2.304508996059814	-2.4534625344363765	3.961329898542468	1.861766020611978	-0.33877386075812677	0.6173586095400257	-1.3531249989328984	-0.010461407387360904	-0.6764771927478808	-0.44447984398931145	2.8710152419135206	1.2298891398745129	0.6421133619639987	-2.4745915337687134	-0.5240364877879982	2.1286335846330604	-1.6529531161080606	-1.179008538301198	-0.47815769652380385	-1.5532113376486671	0.2350435339101773	-1.2651554673928778	0.0782262218785428	-0.7708102557001292	0.5605157264616345	-0.4962482850308812	3.0796758841998724	1.1701020962026756	1.6147757492329338	-0.21569683087075683	-1.440532160435028	0.9503269513407614	-1.9224286732959501	-1.8161860534880114	-2.1375662711551024	0.954537618069798	0.6788855632478359	-0.9162497140072983	0.5681817724961287	-0.6275280181755815	-0.23540721686198532	-1.1560389170298702	1.4792080347095513	-0.5924983856389774	-0.8466901219946444	1.6503513167469666	-0.4441888064250003	-0.9989062905338224	0.6906128919196294	-0.6255169382451327	1.0645333783150877	-0.3453711865533448	-0.19739216335376328	0.9678055819682134	-1.3726888696262773	0.24874620790890262	-1.5327353573886107	-0.15971419243363016	-0.6112420795398429	0.5859744331382549	0.11414347298410372	0.8188404151226695	0.27953901185735697	0.7052646183105136	-0.18428458109742069	1.1078268524085482	-0.63280929981641	-0.7678070294202298	1.0791765328544485	1.1104465314132737	-0.3955597071744934	-0.8889598696708162	-0.7733597332575156	-0.3760341302354752	0.6256226875818413	-0.7821747987755938
DTXSID7024241	-11.266148866799776	14.909348463953275	-2.0557653249784718	-1.0339309103813115	-1.6394964559927154	2.6144268508401125	0.9005234418886248	-3.1128699014856718	-3.9094256410108112	-1.582428599220137	-8.773883197475541	-0.8860226679200675	3.300227454658148	0.5078794522578631	-2.0236359416885805	-1.2815208623440038	-0.21024691700473055	1.8886543147837653	-0.6979187561310254	1.2367952824999344	1.9272289681373274	-1.046936219900568	-0.4613141639488105	-1.021766090286422	0.4503614145199284	-1.9899757840172758	-3.286619048241236	0.5530304403294245	-1.0046692246837359	-0.7070820052513664	-0.98580329894429	1.0893649231377114	-3.916472965084762	-0.7734093207798655	1.1675696897506713	-0.5884400660602532	1.63693518663996	1.0972022237566426	-0.9965801838986001	-0.8525734545787075	-0.6628454992637117	-2.873153893022401	-0.4289724275912665	1.2689179428189012	0.6601193765452423	1.4284752498511473	-0.5701766564112055	-0.2613849899097456	-0.8374718810254929	0.41148316644182464	1.109843816727116	0.9441563641226688	0.21564063725948826	2.5240433668212283	-2.30722764275773	-0.21852818040032965	0.29002627847935836	-1.7004052301970434	0.49290051111315974	-0.11602671618904921	2.1412675202715095	0.416243821933754	0.7543965061872027	0.27794600877064984	1.5358237735500835	-0.008173799288659907	-0.9578124312004808	0.7792198838559388	-2.5374276957737107	0.020933764385500066	0.3713977234954338	0.8265871362152076	-0.2689841328196052	1.3685843380627085	0.25158685989727175	0.8367174658506695	0.9516984437485214	1.263798273421231	2.3884239630514297	0.015094873285348918	-0.8513499221510529	-1.6245517802620402	-0.7465564929528564	0.14205598731549382	-0.10316216080842357	0.013750393777081605	-0.6978329449279463	0.3617561942055679	0.33576207020294346	-0.10412854250469257	-0.28683120707496174	-0.14308481382175323	1.4591742977567665	-0.8042051444045873	0.5429910686545718	0.023956092332956713	-0.6908111597062191	-0.2994391589410811	-0.14747628684117572	-0.3759671680552047
DTXSID7025895	20.811492909415627	-1.1384621281292573	-12.689483685489627	-1.0850106736329164	2.3426688204775803	2.8149310185567202	2.0202714165313296	-1.7492279582785266	0.45349029592697077	1.359493575105271	1.559559216775857	-0.5798947929214189	1.848025926486757	-2.678254540397716	-1.069165947128443	-2.988947362901106	1.4898379995173896	0.2965882963590069	-0.297333243601578	1.071805940475312	-0.3799923508826427	-1.3312508082910197	0.31230471459068515	0.4333060983828036	0.8215678071450879	0.916720144724327	-0.7868015292730364	-0.13008963143206712	-0.16711397035231443	0.9421827811707604	-1.1867371085356484	0.856473602896059	0.8861468661312805	-0.1447234660210759	0.7752682615758644	-0.33134096552505177	0.921226099940898	-2.8807937796698577	-1.143208927629026	1.6034360227721038	-1.7016941826562384	0.6539490215815043	1.1552106531014608	0.025130096938898755	1.2641802019885668	-2.096935350442876	0.24462378834928933	1.8422783105652856	-0.5610079916032936	0.9272899762597949	0.2035358147282447	-0.6392576081713093	0.8807407924195004	0.7614112058103313	-0.00614473258276038	-1.2036956743456073	-0.37844443004747663	1.2530600361074529	0.005061746683972346	0.29300402920470464	-0.42504254500532357	-0.8132606614469612	1.3291197574444378	0.7702563640435339	-1.923484692771748	0.5112327338142858	0.15702118082632927	-0.12658203982632055	-0.15664050522620554	1.5193476073228755	0.161641961444094	-0.9148650014556654	0.7489090212402567	-0.1029866858465052	0.4757639500678721	0.10963956212697339	-0.3895797859335762	-0.9794451597279761	0.6381453683419687	-0.5046429730837118	0.6027857058444825	-1.1526625702591609	0.2329079882720325	0.08659086140472402	0.06963809029442307	-0.07317713374656361	-0.7011686964547343	-1.469522276426936	0.8295437085574264	-1.018218956203703	0.49938978212085555	-0.01978112566863386	0.20083826571028893	0.33502684338706007	1.045566804164069	-0.34020431810278634	-0.11527670126687671	1.1072678907770703	-0.4084488967191192	-0.4192653700186577
DTXSID7026156	15.631931431695875	-3.531542633618061	5.480745159111692	4.459446486329355	2.5112970457991093	3.1839199134640017	-6.704477083784789	1.7893747043954087	-0.25999294207265833	-2.5580848190660204	3.3289409646871757	1.941935836018681	-4.147580557923394	0.1328702456227651	-1.2929889531512784	0.7161599733938009	0.9962199397130125	-1.1264604924060169	-2.846707990865511	1.3948656657696576	-0.23999056943077735	-0.8779287203294361	-2.0775597005635777	-4.895984590400244	1.6947053246413812	3.005381464367863	0.3304407356379675	-1.8353230215531653	5.199257867554066	-0.1836826001825446	1.2705094683828877	-1.738955106391331	-2.26276625130975	1.5184459490060118	1.3261356884469948	0.29836583995789395	-0.10696404494652045	1.922039444528422	2.0979773088028786	0.11798164363725139	2.4350905732557444	0.35602130728516496	1.2923637577554237	0.2668716972365216	0.6345782377484336	0.24806348044928034	2.1446170968974974	-0.36404458067082135	-1.0238827442114034	1.9103675503873532	0.6624961412637819	2.7676254498832713	-2.3201621837631445	1.8931297930015065	0.6113235907219813	0.5602461803503467	0.976657172647755	-2.106725848827507	0.8138116178167005	0.8745375453677431	-0.425177443174169	2.1621748766855804	-1.8016020722967787	-1.204637588681819	0.011903095348620843	-0.8483258938794549	1.8685316420985638	-0.7599952513904618	-0.3838684155495414	-0.45971922390249376	-0.7712743787304532	0.6531867182432008	0.14380493599230598	-1.4269095403483123	0.5305473314469399	1.1819983773818534	-0.2391608641645694	0.8668537414858525	-0.9340124836507905	1.2807886015501297	0.9558946554696065	-0.22193637369315133	0.8893988073052091	0.24613076827250252	0.5925779796584727	-0.7865464729905175	-0.38628340776818637	-0.5881677671099607	0.3795421570364336	-0.3385771819003351	1.0388315062519058	0.3180316551769079	1.0718267959108747	-0.331054579784085	0.6244579109665744	0.1651957615338032	0.7500179322656576	0.645639995757836	-0.11944353965932114	-0.4568896091412526
DTXSID7027756	17.052448940916662	1.7245710656096014	-13.627818506006342	-2.3757018745476604	-4.708459765701015	0.25026312945969215	3.559412713857234	-2.7447830156257274	-1.215071106942809	0.8326438998378256	-0.6027769962863435	-1.114419741619503	2.4286466547365446	-0.3377013186132078	-0.21263580291757203	-2.5707246635528898	-1.0167565090736208	-3.576956687159999	2.0546539289603607	-0.008329354281746994	0.27475323785494976	-1.4757561504064551	1.56172095998402	4.0666682384663995	1.4349770350630295	0.6490322294527099	-0.38352611918104307	-0.2665380619232553	2.6033852397483095	1.9604360206245763	-2.6191633045351423	-2.4676127471129257	0.20895271703138626	-1.4111302938999175	0.055085233885840273	0.9483481763806866	-0.632891408425151	1.4465796834787994	1.9872250018077908	-0.14864558688280421	-1.889550801692231	2.1799957875348706	0.3252106474052866	2.015316004877892	1.7948212301201563	-0.49328836516195906	0.45154240915346844	-0.8609020332958169	0.9893712300696339	0.18031570239518394	-1.5189612098704688	-1.3803434222509527	-2.4487320633777996	0.813338365427753	-0.5503624829712749	-2.3880839092763333	1.1104720896890887	-1.4910933532649837	-1.7517779486688332	-0.3370420075156398	0.25986398057444116	1.9032031355464396	-0.563601401417402	0.5115387502730802	1.2126390111925929	0.8339830262998736	-2.0908526111233208	-0.43808355624752227	-0.494180630882056	1.8588961759184324	1.34610184162315	-0.5138432455100518	0.28845955764693065	0.9999542859270978	-0.3514572476632034	-1.0887470297906157	0.40592756757087295	-0.63352613924684	0.7282007774739158	1.2128298273519982	0.8989234620179951	-0.5979804951674884	-0.5416356263584403	-0.3209509664092728	-0.11849460633124047	0.5785141022017924	0.49590629312974477	0.4662745371807786	-2.313946351187081	0.6160577960548105	-0.8715231645230126	0.4797318689174231	0.2977968502565112	1.0070889153741045	-0.5478004857017478	-0.23612058959290097	-0.3351568818884917	-0.11460845657215461	0.6939500773319116	-0.6142781031058833
DTXSID7029871	1.9523706759431074	9.5307770651828	-7.499105227263485	-0.895699442909824	-8.414298173488413	0.8726723908232867	13.337207526252687	-4.527617781640169	5.91634112262817	-3.4068443318438995	1.6087018552656849	-3.7373134428756325	2.369440134789186	-0.5796772101722573	0.29111994552512876	3.0801429298290275	1.4539326575231388	-2.570641838707618	-0.7499903743650486	-3.067995006885349	-1.5271163534158485	-1.071526377054377	1.0249128246209966	-0.10740100879536646	-3.694784746130179	1.459185562376618	1.2714641215110174	-0.919665480006048	1.5468578245785494	-1.0620090645751608	0.20355659542071058	6.024536046763198	-2.4740031950311376	0.24816586476679028	-1.0722200829208806	-1.1940463878606418	0.8847445643911996	-1.156489989346082	0.46758997717939965	-1.143267986216881	1.861834903383023	0.48320491740301164	-0.13651193045219667	1.5473027578600456	1.2073928545954973	-1.6332057416145986	-0.5345087862573188	0.6234232308815365	-2.1823368688878846	-1.0109570078998193	-0.17135811578781723	0.19954235365070022	-2.210043308089094	-1.1260002740899944	1.0565387932945636	1.8563998570294316	-0.3842177891287108	1.4926352916966212	-1.0063865840309467	-4.564870109071476	-0.09238753084712081	-1.977537315855918	-1.1959065396537705	0.11778188430562977	-1.0279684186022429	0.034271065149261475	0.18482099019324005	1.1581982555390085	-1.2364753492375982	0.32543998997012685	-0.7796144078548648	-1.3756400029936062	-1.2229934288945008	2.610917315135791	0.813403525896097	-3.162948261148938	-1.200214225725533	0.892105967353964	-0.5880727690048321	0.7554238006969458	-0.5045521456324821	0.06241724113030273	-2.0674837194326807	0.15120718863908827	1.738436819407699	-1.2625266006771385	0.853216168592605	0.3200150024366507	-0.07414461549098733	0.009682186631665072	-1.3582534019815673	-0.34997965569811573	0.30920295898091404	-0.4083690807174365	0.47843173688307894	-0.8526704730427476	-1.3610589153776462	-0.08170832576100617	-0.2080245631177589	0.8510769446015716
DTXSID7029879	-22.84073897023462	-2.268964160322158	-4.900864973407064	-8.060493316131812	1.0442614728831574	4.358284226292064	2.3854813900327345	1.0538354490497137	3.016337651772308	0.5278985605959863	3.0629306982578908	2.9444613267638333	-0.4151259305743149	1.1234539355049704	1.2817456485517518	-0.6769384858451988	1.0322985313284971	-2.8713556420940862	1.0828517412252718	-0.9038250069766621	1.0475401872014105	-1.728570451029785	-1.3898757272276654	-1.629044769364463	0.10267715742369057	-1.6633527723524668	0.16044814810410213	1.0692238510638488	0.21337982161760258	-1.88769734796192	0.23853949942547584	0.7844250263646363	-0.6595309812000502	1.1329235847046897	1.3510248495384283	1.8382983875414274	-0.5871247215161726	-1.215885689595715	-1.8830833755862737	-0.3164193247984304	-1.8289674866045171	-1.016613234584787	-0.7277650209877938	1.0734686201217687	-1.8524524622474097	0.9611314077648982	1.636076304346837	-1.2124851410965842	-0.6126551080363509	0.23520056574080747	0.6888406796301428	-0.4219217356492954	1.4351417685278869	1.208907107690564	-0.21718906589427667	-0.22907308095122722	0.9345366752232872	0.6465030128371854	0.6471511977004037	-0.8540724078646662	2.562740556522636	-0.6068527582185419	0.14367092476996624	1.0472488688557378	0.06520227391371594	0.291391374942203	-0.4953173467160884	0.8809792880847456	-0.8444065906885572	0.3685982125768087	0.6555367883844039	-0.557443008787349	-1.6621763999442845	-0.6951998319608725	2.554211930876659	1.7012121608411823	-1.5793173004605785	-1.7763210926352915	0.20774332705984536	0.08176022665129906	-0.3071130867481651	1.7890700037433043	-0.5670841932773482	0.23735830440456215	-0.2070032623064963	0.08821319382417121	-0.25393431212373857	-0.972070743725699	-0.3101204814124221	1.0207381844340777	-0.20396930763709226	0.41165441499366817	-0.02422925980140762	0.22561181951476972	-1.1939718956298215	-0.9999061535894681	-0.1520651440246269	0.5805630555429414	-1.1490601226553274	0.2501263497306694
DTXSID7031458	19.951526183602823	-9.103918392948682	-2.991979907770476	-4.937539867196026	-2.018660845561021	0.5575719680625197	0.13917201680870891	0.7339104254933043	-0.19469170062651708	-4.905428729181145	0.0594135029506565	-2.659151927918328	0.9815555872836553	5.29485871461464	0.42734762694273054	-3.383082538575519	-1.9474412858237462	3.533435486690223	-1.0828641703845336	-0.7127341880030124	0.6995342409727813	3.045454405091457	-1.5717524807492416	-0.5580799026671683	0.3720801072843722	0.4036791290529221	-1.887384228599598	-1.993844164409511	-0.9774228696476551	0.36064176712082097	1.0472543076047396	0.6661508469663866	4.052020640459906	0.6872104200645132	-0.3817692576385838	0.5770945801535201	-1.8048675295711205	-1.747688377922153	1.7795464694621932	2.9765018047545517	1.2551259106421468	-0.9077967328269982	-0.6054912765568619	2.629885650165681	-2.4831573091021775	0.22499521418823062	-2.3761685471453005	0.5475097909749109	-1.9411626184170554	1.827777539877626	-0.05484839486074051	1.0064228463637317	1.3019150366094399	0.8897099606627202	-0.14942393208842703	-1.01496865575895	2.5457218563160735	-0.31258058476848427	2.309084942460637	-0.6317283795347909	1.783964969337082	-1.9764695773289218	-1.8041679631612086	0.6968795947489564	-0.9302236539058607	-0.9571727598762118	1.3100304724420335	0.48552756717279727	-0.2938862605763667	-0.5334760945925202	-0.21625402972659438	2.1075679686962534	2.448896323353229	0.221485439100267	0.9417257316184869	-0.5608919382320714	1.1361067003740928	0.3522324572507866	-2.5667394617704273	-0.7676851439018825	0.6176383867547658	-0.07847184695139499	-1.217557145366219	0.9747955420007042	-1.1937038649603469	0.576532297733437	0.547214220265202	-0.3554886378042846	-0.3310281877523795	1.3898177186654321	-1.3801942125793167	0.7503668094761842	-0.9857227891830358	0.5666317966574926	-2.535460117888949	0.3494214873342961	-0.3813252053146595	0.9458148110701766	-0.12337572656654003	1.061089460797423
DTXSID7032555	-21.113102552538567	4.325225398059807	-0.40017300030325836	-2.765221583673312	2.424789438993611	4.64330326978001	-2.3193179653109173	1.416401362425979	-4.016863869089258	0.7416538017877645	6.146315887957718	1.6058064528138396	-1.823968269504197	-0.8484218302524985	-0.8047863630342378	2.4204657282388986	0.1882948518256893	1.296406279622668	1.59480489703847	-3.869590128332903	-2.1059373340220686	-0.1918662061542095	-0.5548728159354944	-1.4976196152458976	0.8839570849877733	0.8095616621762944	-0.6091545987854823	1.1141797449021136	-1.2297910651627246	2.0872384680565506	-1.7172862328287917	-0.001873340011771528	-2.103945468511892	-1.4020254854470742	-0.43020239336119304	-1.2187997512620696	0.3221840236455173	1.6728945257266166	0.15024028106955806	1.9020345571767983	-0.4271927708148639	0.5976681608950893	-1.1163201731985537	0.506393575492245	0.45166370188916677	-1.0023375806392585	-1.3099369325344699	1.611691975921456	-0.6035418757009194	1.0673943362375535	-2.3549019650127154	-0.11913092038665218	-1.3045012586240325	-0.1856691058501271	-1.0337884323153665	-1.0975911776865526	-0.9485383899157429	-0.19001154507826437	-0.3345974591287751	0.6362959521251015	-1.177073201620676	-0.04178417182056946	-1.0503010211435866	-2.308453105535592	1.4013357387939855	-1.6823772210386385	0.5650557741427532	0.15467102095792026	-1.273526086807366	0.5814138681167974	-0.09676302174895239	1.5760199242422726	-0.039894354732140425	-0.8948979133947325	0.4344164351644939	-0.3631159857347556	-0.7725844635089248	0.7405271076906633	-1.3269507518676837	-0.7694346774247275	1.8118290890286315	-0.5027352698929779	-0.8031496672656155	-2.1468291202389835	-0.06131612567428676	-1.0576478215243632	-1.2879414416031985	-1.3015704476326557	0.14645405020980562	0.9227399648773453	-0.20412382251605993	0.1350587966381328	-0.9998577608182512	-0.9726183699510249	-1.3294870522751645	-0.897082759751684	-0.377513061461385	0.7080518573445029	-0.048582090929233976	0.46586094551450763
DTXSID7034250	-4.0811779732921645	10.357881881048005	14.994961979116962	-2.571560810121571	-8.798566286587995	3.3969408306519426	5.8718186945793835	-2.297446747434859	2.6085150427024395	8.925196955233115	1.7372973852846032	-1.1968174736667714	4.19576753827912	-1.5566323638708495	-1.706693808899596	2.9450466167175566	-1.0953669858498551	2.358993290679547	-2.6832511882151175	0.9220505230676899	1.1125624698583787	-2.2062747022921503	-0.1290739366988365	0.10038719780755509	1.5032467626371506	-0.5407655208268121	-1.1224566487956333	1.2969913756905573	-0.6077237641103385	-0.0512386016933259	-0.03908098133890439	-0.06314666127167823	1.5313041117063744	-1.6038555784736512	1.453626682861127	-0.04038879922238562	-0.20744556640880002	0.3111659055303971	-0.942986083061793	0.25790392811681784	0.8992480759475365	0.15624269492031767	-2.8791831632045257	-0.18867727165936496	-1.5806918072755007	0.4127625803076105	-0.12415809215619697	-0.16142483893237547	-1.7404813843919393	0.8581191042153112	-1.6361494886624979	0.8077051916969787	-1.5389643122947156	-0.751821897892451	2.0542503036209183	2.149588572412769	-0.13588094536169423	0.9446959335837048	-0.661372880271894	-0.3806161995412301	-1.0386663693893452	0.2541249158151346	1.805750649056967	-0.251103699500316	1.4799722805390978	-0.40341035187805674	1.6561705689752395	0.12232829417155641	-1.309144519885913	-0.9629305021604729	0.771452268524541	-0.2009335781564804	1.8817571382885232	-0.18386028395773377	0.6349483645885474	-0.041781450600921505	-1.1795935217531097	0.6116532805199638	-0.20635645509048384	0.7036215182350261	0.5867063842997657	0.7937152404287537	0.8771736379064543	0.9519789463969373	0.002599095449782531	-0.3224552306080728	-0.24555720667543812	-0.8506822119375832	-0.21513771490386313	0.398836782862766	-1.58449663995452	-0.022953835429804066	1.3912147123002163	2.0155919209108513	-0.5861350423170822	1.2846293053249012	0.855192277118001	1.5694728622732177	0.2955719403045715	-1.6506019395459635
DTXSID7032688	-13.386710526367107	5.812108467283661	-7.135870588607606	2.027243766603426	-3.998870882780835	-8.483730695495442	4.528642390078513	4.696264910776897	-0.7363309904912334	-2.2242144600219316	-1.3399099852364864	2.3857724721917686	-1.1571840955430088	-2.763625207924173	3.8386220292412485	-0.8548426558574921	-0.09319388828605325	-1.6560401980220745	3.6998880769757188	3.8391031902764814	-1.85390227782113	-0.5353489583060365	1.5029301889765405	0.4966095820433788	3.1672806227987036	-0.20594728947374208	0.6115849622184941	3.0562881532135506	1.3073366666620052	-2.306579789983616	1.824141631884232	0.3513207008078315	1.471019918413004	-0.7215909456226176	-0.24030775058419981	-1.044825617302058	-1.856778411848779	-0.9576330074256518	4.363998152658391	0.4964455839604883	0.04646591291037719	-1.2581737632532113	-0.25916204406431165	0.9380746370056343	2.650552212242978	0.8060443495410953	-0.09349545306825688	-1.6972040359456328	-1.3629297892428376	0.10117505768394805	-2.947389411139117	-1.1409652466337354	-0.4792108362548543	-0.5062258166380518	-0.1890218079089605	-0.9088784281763493	1.850167756246235	-0.8062925598671682	0.8025499567007417	-1.1635478384551017	-2.5073211022999207	1.8419904348725804	-0.8113542716904737	-1.193817043596102	-0.7231507412584144	2.544230902426507	1.5337224987546978	1.0755537274114948	-0.12189519359379035	-0.667489910930436	-0.571575517854851	1.2445791472489858	0.5034153472718125	-1.1487839136698126	-0.8090330055413479	1.1817372265241535	0.4115973051848181	-0.7876373029611667	-0.8060888302664762	-0.9008963501614872	0.919601635437143	0.9124450860295881	-0.5708041337197912	0.6744184107469507	1.976949832480787	-0.3557669729983135	-0.3898235286657182	-1.5798672861396494	1.8515967870138643	0.26312666592153633	0.08726201003137857	1.2832530599756131	-0.8255948926753698	0.37236169041175404	-0.7914072674959233	1.0502909133412541	1.0930727062886607	-1.5460669761420212	1.0566633064684858	-0.6296242938337409
DTXSID7034545	-11.768862907470826	12.237506820382787	-3.051095428303202	-0.31858787820727674	-4.603183612274481	-2.9790613054352733	1.0318879781674974	-2.016534434572752	-3.1557569036749333	4.979320426144869	0.12768574048433634	3.8357617451136248	-0.9358763079624578	5.140128441475171	0.5497746686306002	1.9036228162912108	-2.4290270329174395	1.6145175268814957	2.8074596820351148	-0.13840136139544088	-5.855193584903774	0.5705211404195722	0.25252169723280765	0.30409292210293554	-0.19875572681926373	-1.5189978245214897	-0.7266707891873097	-0.027680412115367377	2.124908094013371	1.110755922623189	-0.5568052505860782	-2.1778809116885416	-0.5693853459130406	0.4350421565025087	1.4720019440486092	0.3301057523007791	-1.0228767828767318	-0.8761134014359243	3.113866092445641	-0.7148887809629493	0.3611430121967692	-0.693788282033987	0.954955391716009	-1.6243232636815979	1.2888848890387596	-0.034785326255169495	-0.10214550510791931	-0.4408304690909488	-1.3562465729041173	-1.2124766716709698	1.0850996580568877	3.0721347959372425	3.3214041388295774	0.8503825584727488	-0.7585427473692922	0.937487458562839	-0.796369882015942	-0.7296984074717815	-1.9658381200687782	0.5847140179221699	1.3139659119076488	-2.1725498329102284	-1.5304928620876386	0.48896820658484913	-1.62124401339735	-0.4322638971119116	-0.23672282165805225	0.6054899902790909	-1.2998158804975233	0.259580079373824	0.40727290709461134	-0.2704267475464205	-0.3268150028559686	-0.3663470265638748	-0.7529796462899291	0.3123957486946689	-1.0045024638636846	1.6720774434824417	-0.005732021740937472	0.5396077416816573	-0.9454020505461821	1.0960148754898182	1.0518015212700418	0.12146815082498996	1.007650363008967	0.21825644383297654	-0.7975960180324945	-0.8539436718586174	-0.3955505158687659	-1.2463357031712181	0.28204391273783586	0.882914553672387	-0.45025277338438136	0.9420141025593477	0.2248627293585098	0.6782912594364859	0.12458100619844027	0.5574940386332158	-0.17321269948203974	0.23790776161611107
DTXSID7034624	-10.037942749554631	17.012885248335408	-0.16425875151978298	0.15055344194272105	1.7703826479419853	3.972492610344581	3.9262941981556425	1.6334323710009346	-3.7745296638263603	-0.45784116450188195	-7.3792018369208225	-4.705082836113788	-0.5584098201653925	-1.2123197782976785	-1.6656381963605142	0.08200991890275386	1.770046689843093	-0.5244763736495204	-2.796604784183371	-0.6933536005508772	-0.0877021451649764	1.4094720316626859	0.8244031743046853	-0.7198967097497798	-0.4165032431487908	0.8553732021437802	-1.6339358020754635	-0.3987708092686967	0.3111603888766338	-0.14669155904091802	-0.5837966375430563	-0.03678456943261472	-0.4509299503889958	-0.9199030157023764	-0.5376876952538193	1.1126142145993172	-0.15533446462645295	-0.7776538621942357	1.6962825785098072	-2.1975633067641525	-0.035359608826716876	-0.32684657504548176	1.2933903224867902	3.493867042501715	0.11091143073608851	-1.790026856678298	-0.6912086977239985	-0.9787655249125105	-1.6234716327928513	0.05592212802640076	0.4533105967144713	1.5591282346145228	-0.4989743625596527	0.028201606393560157	-0.07433595176004695	-0.26678296587469685	-1.8586278273576677	-1.3343892226779455	0.7891433058512698	-0.09953625455937919	-0.36175720630079844	0.7527309807900996	1.2733742780845105	-0.4646425907234177	-0.7560540875367712	1.3531624238152409	1.452425026447042	-1.1752335157526623	-1.2150065870639317	0.12172785826306987	-0.4653432962827222	-0.0849987395413634	0.935274217758321	-1.1776136632457819	-0.8657584298522588	1.3495932373886252	-1.600867463947607	0.10737510573724449	0.8854744835105481	0.5596335370446831	0.18314808247848835	-1.3831581903392638	-0.19641538536734812	0.3910603752981202	0.2957187606755271	-1.084301167722651	-0.4256823141613988	0.22292913467533407	0.41986680619354355	0.15745947179592165	-0.8832639873221133	0.68200643897393	0.5196580910295177	1.57258420003606	0.4315270734343529	1.88000024150293	0.663047397674307	1.6359278162890516	-0.8073345071913121	-0.6069923369056691
DTXSID7034961	4.786417708686194	5.834965679114416	5.090865580661939	5.471115302964877	3.168011537510905	1.4148048391833914	1.8359683060325984	-6.1458370286937525	2.5388201474685004	-2.662560257880572	2.0172450076793704	0.12996818797022738	-7.57946868334759	1.1755664271938122	-4.482618329331293	-0.015220785441288824	1.242371178045253	-2.2700226519028823	-1.7598104148046438	-0.014458318922894547	-3.1982328061771654	-2.321186528341129	-4.681252133251796	-4.282262056975753	3.2351944133506	1.6844743789465886	-2.6511318333068363	3.045084287373041	-4.364813103485946	1.8268774779299766	1.5645054825702802	2.3313806040048575	0.2287370264183622	0.5065379555497791	-1.2800891178652798	0.7089091933125319	-1.5430420567533192	-1.3311151960277432	3.8827493702847704	-1.2360824850521401	-2.9156984174864577	-3.1970615332694643	-0.7685177941945649	-0.3495917491321513	-1.594215220819123	-2.623515657041555	-1.3878444542880568	-3.4609159296925793	2.853873656271576	-1.1432989203375135	-0.16162204780543954	0.7062343099576502	-1.3139185882049047	-1.704759375955987	-2.3451161937047664	0.6814569177838046	2.0852454054927767	-0.23019845897093444	-1.583673668982029	-0.07156899015184244	-0.8872708488214203	0.782397402921383	2.1508192451976917	1.8143327368952757	2.4239619241320653	0.4566184097504776	-0.8509480333863269	-2.1386380832259886	0.18427952133821754	0.49719290052772186	-0.4583730757789539	0.8891125475670194	0.2565454183570429	0.5184230785853737	-0.29584761287644257	0.7749476999307474	1.422781504689497	-0.7879422932644928	0.7176684719548472	2.2271561214214755	0.5026222234353324	-0.5511539581536573	0.6700119060282874	-0.695612590047988	1.2571032341029642	1.4071741630230947	2.1970411764947237	0.10221377789336371	-0.48242139118546323	-1.2764082253512352	2.0565508545206233	2.0067418113978084	0.4199560183252916	-0.21115895930031972	0.6735435415854233	-0.5914075021408572	-0.37132639301415205	-0.29653935099126283	0.470997643683693	0.02015175522984151
DTXSID7041097	-7.872001249302079	12.709643143538681	0.7093179932659012	-0.567337030348786	1.7707930901787137	-4.520628618207182	4.432761366954238	-0.04973531104705195	-2.4114811832354235	-2.8451665677640747	0.47602180185741827	-2.916027495931127	0.16615622115989254	-1.8965675511929836	-0.339139297322631	3.3114399874184324	0.611341786219024	-4.925490368548015	0.8946386335044969	-1.9290673895122326	-0.19233666842374816	3.8660468621663897	-3.7612353123839974	-1.8420217543236208	-3.429006882368982	-0.5041427938175629	-0.3520024746212775	-1.5064634602664722	-1.8031199842380974	-0.7413939399964353	0.8750623773159949	1.5071193613853868	1.2996697537941115	-0.8794008934441248	2.800099662178149	-0.8190203950232755	-0.8857788737752131	1.3878262634869603	-1.0312442970501055	-0.8182894313026349	0.7973254750711452	-0.418512866643739	-0.6286577418268409	-1.1729394393918817	2.4505718129792387	0.7622308530019393	-0.40798031646295957	2.479682970892041	0.6195875826507566	-2.889523204281688	-0.03464694375999167	-0.22145797696359373	-1.2808613376117972	0.7092607635846925	-0.577597624713682	-0.09849609708284457	-0.8630988766475672	-1.2193918271326267	-0.07562431539267543	0.3020309603138473	0.03338605738700807	0.6943082947181302	1.0489191033279208	1.904110650679968	1.404479434792814	1.9215000233551056	1.0224726192625386	-0.7480134289585141	-0.024260964008922203	-0.6974314122555072	-0.26994176933006025	1.5119857082374994	-1.4782681259971089	-0.03777159435420432	1.7239152474775001	0.8458269205095801	-0.7509832657612721	-0.4621929544984263	0.3152635819694159	-1.3254453509148805	1.8839813127187126	0.2881589416335109	0.7211975295272074	0.07868128192012881	-0.2968100757879444	-0.848055652886317	-2.5701589643372964	-0.21341070414779564	-0.9330674418500993	1.6434074466899145	0.9266011179013485	1.0347640075197204	0.36467909440232593	0.6769974188932217	-1.4223059160970064	-0.2934218528443506	0.6550132521732045	0.6938846023598363	0.7783930985702769	0.45725302321020744
DTXSID7041544	3.437663432362153	-8.353151881263031	3.735270129104954	11.106798803531522	-5.357831660007717	-11.473681402774378	0.4131410151490624	8.510716716336857	1.4140381847704662	0.7724694662899652	2.391508419598031	2.3782823904294403	-2.8975423811599326	-3.7762434204732207	-1.7008000905817107	0.9903084370084656	2.26205033703368	2.426749759395837	-3.417324846085833	-3.397013888098704	-0.10993174170238801	-5.316133219552501	1.8958054218221447	1.9463851885274932	-1.6358436826570155	-0.5766963361658243	-4.187172503688527	-2.371965396225685	-2.903580263820232	-1.3031039648829652	-2.9157254355862174	-2.047740068163295	-0.7972252134927582	-1.6159038214661834	2.0325576132387657	3.0017524844715684	-0.1284921039468731	1.7310190315264438	-0.866235380147965	-0.017114621415410366	0.9495617441722941	1.6120336501597297	-1.6137185360146884	0.8226549860337213	0.5838277101217011	0.8113695132180576	-2.583833683971056	0.5712105297378575	1.3958085270915617	0.1428130792287097	-0.10082541644038016	0.0521629983730328	-0.5010574881956465	1.2728023509706297	-1.5404037060049962	-1.3985455001000053	-1.794247540625131	-0.3494059274322959	0.43324135166703537	-0.2876403506662027	1.0905012446916649	-1.846113709656761	-0.8021788430402909	0.9111430444342151	-0.06380721036492717	-0.3562144085217479	0.6310762371876937	-0.3129660985114992	1.6550437213478932	0.5394225672084368	-0.2289835385688669	0.5932893194570839	-0.48380463474978475	-0.2302635528090127	1.7635825222504375	0.7045703449394036	0.9056166904148895	0.7649696235978282	0.3019909811755958	0.4247433567481752	-0.06778622116385136	1.6128517116989192	0.29692824420887787	-0.4250483130323579	0.32385926696667966	0.5089054313003565	0.5176328804519262	-1.0657470994486298	0.450412141033528	0.282940319276066	-0.7267995614435492	0.12420236323123936	-0.37416522313177936	0.2413764579885993	1.197335983829234	-0.014160382343679627	0.6654016403761404	-0.07772951321072841	-0.7392578812864328	-1.3005293948529664
DTXSID7041629	-13.048424712367437	13.411637949274592	-6.6287617769201415	-3.364436142707393	-0.725233077329136	2.4206910000359736	-0.5993730208858838	-2.3943217562458625	-0.24157290932703135	-1.491397460919928	4.280997594562441	-7.2963301397868285	-2.450498350697349	-2.5225579245477703	1.4768856962446333	-2.3165868792294653	-1.5568668424531749	0.01477516670072786	-2.995799131994173	-1.2060453730473164	-4.004918731452944	3.5644413263232027	1.4637378526610834	0.016843247989482283	-1.0942007864049264	-0.9594059671307394	-3.426336137122095	2.782466618821452	2.871337689753528	-0.19823627800464266	-0.751879989327292	-0.11271779890008782	1.2288258576760036	-3.001463334801354	-1.5275524596733658	0.553856944745876	1.151348783436518	-2.3486348559382098	-2.7872621198784673	-0.8002063730308612	2.30097778673773	1.7374626839394651	0.1527647113379209	0.4831859157395508	3.1613476509944536	-0.48919908643341603	-0.43814792785296613	-2.0712624684868994	-0.6034052539645277	-1.0460647355196333	1.9014209664414599	1.5075259323835024	0.3005749696987994	-0.4441086672072656	0.8325782517571689	-0.21099960301025486	0.14386539674470214	-0.7685270111332402	3.479842033419692	-0.1006570948888011	0.48585746635870053	-0.4650894731828202	-1.737530933085037	-2.039236463496772	0.7422503022302375	0.23013805342604077	-1.3794231196787992	-0.2167467576538316	-0.6733961417522369	-0.2559301181823394	-0.9604092018609264	1.2155786195299587	-0.015545565781768604	-0.6990978980249362	0.6523328811428158	2.041349901012399	1.5809390949739317	-1.0843999833639928	-0.2878678672732594	-0.5815908124391056	-1.2312490258414766	1.9520812882737766	1.1451526135900512	-0.832929640204662	0.36837564357866087	0.11785474573602424	-0.46241657456852947	0.8480166068321815	-0.048913520979794935	1.2777786636044146	-0.5666620634582954	0.7815650585481152	1.6556790085583941	0.18185355481089707	-1.0168890730889628	-0.8640664176602327	-0.41150760541180087	-0.6605162321472786	-0.09084892439211814	1.7675429386803667
DTXSID7044718	-19.08803382229157	4.93441010159494	-4.11527230700103	-3.6858685731762915	4.051788986235067	2.4423924881694914	-2.1180311012487985	-2.14792198717329	0.15314577807037028	-3.8194734660008525	1.6886076558532959	3.3282975978810097	-0.10266550420373113	2.1383579773787202	-0.9373111313263908	1.7869262837986524	0.6480488738293121	1.8935516901520095	-2.546776056007635	-1.492435968471897	0.050314414202665934	-0.5951521327310495	-3.4381154071505637	2.043625834612236	-1.8540292975175299	2.476082298097991	0.9508648087798263	0.955703541150136	0.7807859307274982	-1.4489346057503452	1.5507987275209518	-1.323639516843137	-1.0684246218227806	1.7041018432163404	-0.12019542406385822	1.6080376345842893	0.12044124460843031	-0.8249008694514385	-1.7034973715088502	0.8071338407369142	1.095207893122375	-0.7657586545902644	-0.5552011507542102	-1.1533719637103605	0.40617135916253544	1.513805728077739	0.14282759032762546	-0.29665117122535956	-1.5017573468466157	-0.6201288157796668	0.6696344231009544	-1.2956808451709263	-0.3253486901722722	0.9571580821141382	-1.280388975665109	-1.8056504786217151	-0.890699422097301	-0.48974483143479597	-0.8442616475045384	-0.7488778741699033	1.1929963920144837	-0.009734805495206033	1.275844410645415	-0.12834936809866962	0.028026877614937964	0.223813990362572	-0.7692343977500943	0.21433804167468362	0.44580733815602236	-1.0474326808261059	-0.6267812326178965	-1.09877325962028	1.0741804592839188	0.012595567588802902	-1.0560614199739025	0.37343868359469573	0.14534366535594984	0.4989080033604353	1.589793656734467	-1.481362507531688	1.1860647348702016	-1.4848761784491362	0.25688587769732485	-0.13626753994438376	-0.07014451313507848	-1.8473204498840938	-0.4409295866972875	-0.01858278721245205	1.2509155206951141	0.2469361305061937	-1.0138018789914909	1.2257283383586923	0.07837212003331069	0.0019927885093846765	-1.4080975026815956	-0.6274177253743674	0.5023299613702238	-0.16147948816345004	0.5873241175292818	0.1297606468412564
DTXSID7047306	-17.650824657338156	6.217990395053802	-2.4626261229095556	2.1544899053154882	1.0666389551154267	-1.4506284779442742	-7.605843142351821	3.7503569492698112	-3.702324579993194	2.654424204857527	2.59280959192875	-1.6901160501192833	1.4708393423878872	-1.3329749913571547	-0.28653974528495335	-1.417141131131784	-0.33430848854550654	0.23643348554175472	-1.0431431395214597	-0.8480717722852175	-2.133309312691375	0.714825787720438	1.7504563652705416	2.5528833413498138	-0.13578841932102562	-0.5290610431065138	1.927226722459372	2.090242372136569	2.885848410931798	-0.13871416681304471	0.11632381474990043	1.018145373767515	2.315545721510329	2.647370043724756	0.4777880083252918	-0.4353041499142928	1.3249631952503844	0.9872353786730139	-0.5450279026284593	1.8106346233139037	0.8108725366389943	0.19563018836632484	-1.879694347876077	-1.4404820133797749	-0.1522327707991632	-0.5957607257604776	-1.6078009065106023	0.07428780683215809	-0.9835598890602659	-2.801255325555319	-2.3683784556342715	2.8668715626154886	0.33728306487299214	0.048871607289139404	1.152866356758623	1.962423740642034	2.1637043620038012	-0.21434703893709214	-2.2708192157271005	0.9494646854509219	1.3531191512318725	1.4487126434786795	0.589887508861039	-0.6117805078783887	-0.17925519331337916	1.4266052440049684	2.2169118909347936	-0.931789190172787	-0.14926057585861907	1.6316405849751248	0.267702146440335	1.9957432985094417	-0.19216985621748464	1.4985020076938784	1.0817153145848941	-1.9934176476843768	0.8677978908928088	-0.04235097937009932	0.3610299361339756	-0.7360637011014493	0.04337739093099003	-0.548036863426196	-0.09299935844610926	2.0817324517942137	0.10839988893464612	-0.04740147273850752	-0.5839368288465093	1.6535811580015605	0.5569018372946148	0.28301258571435506	0.8598712629563838	-0.9547059447614908	-0.5063153130356595	0.32336018244934783	0.7118493133599907	-0.856008787895541	-1.4411557494355338	-1.1168127163702426	-0.803794574680932	0.5373807055386336
DTXSID7047358	-24.601937898465977	-3.796527956782013	-2.3758950340397735	-7.409631742027019	3.589905057862341	4.719173393094707	-1.245082238341293	2.0599014768829953	1.7624684803636277	2.523066125565845	3.111530546750111	3.6864678429365707	1.734801633228047	1.526716689642627	-0.5471039328142109	-0.6821734105226185	0.6445934606144446	-0.6293626364954589	0.6540202931557586	-3.195214299396604	-1.3857822027981683	-1.1485717550356958	0.4616650202418519	0.9691552481682065	-2.0501380790092534	0.1160810285046146	-1.8986243394973008	1.4939884077191217	-0.5286365218452866	0.9478154202816192	0.44656520853690473	0.45650621625941246	0.0551386840197993	1.7202745958326866	-1.2212887128109764	-0.8534657729340892	-0.5644916944137004	0.532204653088456	1.0269479026549062	0.8067750558829379	-0.760404788186974	1.0378107445965745	-1.2436409919729159	0.433699069008058	-0.32249783088238315	-1.207615624244955	0.5646278306111876	-0.2893114033184605	-0.5541145584768589	-0.6053674461697811	-0.8866993618571398	0.13819040845675917	0.9750435249380459	-0.6860328459150603	0.1482945921637353	1.6731583562426984	-1.0425474612298917	-0.04226602942884289	0.4314853071247468	0.13338902956103532	-0.12159534174571851	0.033745264885928015	-1.9740872150744169	0.41643295775842837	0.965244143740861	0.573054242156318	-0.2010353102317708	0.14310976741897197	-0.22879555072394275	-0.07054877819798896	-1.2178006955445002	-0.440415139974962	0.11519557674602471	0.40202067914738215	-0.6554002759846714	0.612879685717147	-0.28992291643467805	-0.7531177182633658	-0.43098745461468013	1.7521870708318263	-0.7366095324346638	1.3832506062110654	-0.5844949072997944	-0.29914652737548875	0.5813896048661138	1.2131373336995301	-1.5679050666876668	-0.14169370295142378	-0.36272155879717	-1.8468194399988824	-0.25798297235938356	1.7740762519760154	-1.3003352767827654	-1.274782048868592	0.20959085326251342	0.5313335103105712	-0.4502808367729504	0.1176828576151896	-0.08643533056315952	-0.05549108906541324
DTXSID7051557	23.432640101963834	-7.998038962290167	-4.467464400300027	-4.913564269694589	4.051632880659199	1.9663795778017787	2.5188391873124867	5.430977488529854	-2.1275576859038057	-0.6437399146952189	1.0154642649778192	1.347103471852157	1.2621760071162684	1.3287460132635933	0.8832022107525801	0.9760094214288563	-2.6543022514476395	-0.12770877791560545	0.6882531589379417	1.4158607217854169	-0.7488077063408809	0.24036405021515567	-1.2611937895595458	0.07437664919772485	0.27104753559864975	-0.14687211325799426	1.4565826238605708	0.33366705130013347	0.980236800839247	-1.3324582259601794	-1.2560019342557618	1.7729096892621237	0.02739873691177606	-0.08777272428815926	-0.051320168366778524	1.7249397428035769	0.2391874651583295	1.0529130095530457	-0.17872558894550927	-0.9790397275096118	0.9638592987953464	-2.6206473319228882	0.28272787502338026	-0.49358373238363007	0.5389863881743359	0.9604904612876157	-0.1636992626938835	0.4080796527861207	0.7472319647917127	-0.26510151789003145	0.7290973737808483	-1.4258115025637343	-1.014424877285319	0.3359135847157345	-0.5577966428300586	1.1883382825377145	-0.3930285953961476	0.5036633107032358	-1.2958747613138004	-0.5325628192910803	0.5836774796517309	0.1651657024085768	-0.5349529257696714	0.36938120207248293	0.26748357172022913	0.33599152909390645	0.9469813589691382	0.0017260377813770023	-0.9568044888881505	0.2618013893244327	1.0710874928462835	0.8186875424193624	-0.07504883084508418	-1.1702868835974714	0.21966022481742298	0.3295006766120865	0.8117229679428384	0.9755235802609753	0.10910745832458119	-0.3012268225189551	-0.5401940225426385	0.6387453437653774	0.6188199425223898	0.6013263574534271	-0.6198386776748652	0.1923690241730466	-0.37046990740485997	0.08714498887771444	-0.1095422417026391	-0.4400985984943807	-0.5259642409583626	-0.14560326253843178	-0.31695019038504435	-1.0623802258856538	-0.0407786510156515	0.8704973766285939	-0.5983815181399678	-0.4553733571694799	0.592927512520155	0.07813914396218889
DTXSID7052571	3.844058485596647	8.015188126906025	0.9477821454843679	13.516434243139742	-4.2206064074809895	7.96330071915584	-0.6820798914721824	-0.03987572731127133	-3.7867757607673154	-2.2965775368182064	3.9735645953641057	-0.9154504252317459	-1.7238956488552297	-2.0952726301745592	3.750106836519768	2.865694535264791	-1.0274448144954336	-2.8342289528102036	3.262604597884065	-0.0660114373519629	2.5405182713658125	0.9050207230711302	-5.1063691067844035	-2.080128186789344	-2.066745158133248	0.6538799319171479	-0.6483102956660243	0.12187402991482298	-2.323280118798638	-0.8418403640299456	-3.6863565019560296	-2.103175056111402	1.2406758428922389	1.6043312479620977	2.3101568175009515	-0.15197574831810948	1.8109925476975803	0.1221118520344194	1.5604527409464233	-1.7125003676313098	-0.869907736164293	-1.470189580624627	0.8362097488043743	3.5711915641624676	1.3659211713211097	-0.7254807763575933	-0.7218597666587244	-1.2200733176571001	0.6285471840676554	0.30401713055513674	-0.8424448830522234	0.393112301360819	-0.7030968858980426	-0.3721261787112006	-1.072363301765937	2.6640651473068955	-2.139548059159201	1.6535207665038862	0.45535756733849553	-2.8290008915979756	0.29774870322067293	0.20311547111916378	0.14672312136779575	-0.35706443583434383	0.7358599102596963	-1.381456333070777	-0.49090810006890817	-1.0363798125137733	-0.47974482216484127	0.546919011769487	0.14705354904770973	-1.345241864353603	0.38672187988629336	1.644113841055922	-1.7215847568494969	1.3331541690325972	-1.082156834830473	-1.2362356091758904	-1.4163612951208135	-0.336137306017709	-0.5704579400988292	-0.5721510183373304	0.6469747244292695	-0.13258831987831807	-1.3575480393243284	0.5516342114349205	1.1770894368159113	1.6106426359526251	1.7480006899694134	-0.06700517175170075	0.7186874255920523	-0.4339397895880442	-1.367990439144751	0.21590750880146825	-0.08391438129876726	0.6836840441943425	-0.34675860207146425	-0.7282644227571247	-0.1562504520595325	0.30639594542948345
DTXSID8020541	0.8920568371775558	6.3172904299347525	2.7886708334738883	8.29847900549698	0.7684626239101107	2.5478034574789543	-5.760686270465847	-2.495045927945241	-2.4558956108692707	-3.9291789701478805	9.403343466963197	-5.063803635229108	-1.5618994824514774	-0.9525630299336304	-1.04209435938276	-0.9289360221467098	-2.512669996329231	-2.513090119106026	6.731464510733593	0.005427287076248064	3.629653587281103	-2.7648715272806297	-2.2634779508884058	0.7084525389054788	0.31075950493125737	-1.3017314556174833	1.3044877657355207	-0.12476786778127678	-0.5518222228077538	-1.8303425815821917	-2.9835390317917865	3.7201538458496257	0.48137923433623425	-2.383426910595401	-3.034307314810621	0.7745709951346765	5.39218507746979	-1.5999119715070853	2.796672591834513	-1.7782647439697934	2.9602088624568337	2.2617609059875448	-1.1284346461970258	1.1196561119389592	0.36374265209910295	-0.9929882530878938	0.014976731648733288	-2.0535062955421575	-1.0945252888059582	2.055722022477812	2.051866612793488	-0.8503155793181063	1.5129159333498023	-0.48204302315611897	2.236352111341718	0.4182382070208313	1.73314154355566	1.7421864101923386	0.06741784300202217	0.9735987530238022	0.28997133027136435	-1.8450896232549128	-0.5224899368020363	-0.7379027718656431	-0.5749292566318779	-0.7080680395776188	-0.06783772073565349	-1.6512067599284652	-3.0555826634673524	0.5382042372931817	1.1820454577409196	-0.3929243104209587	-0.3202351651399525	-0.5584874013752155	-0.5237306908189727	1.4778889453933544	-1.6510654791686608	0.5111270982074256	2.5743754823027043	-2.3760671365188455	1.185793479992335	0.2895774782989853	-0.3257693444003271	-0.5648148104235131	-2.2188098482896907	1.7143028543790744	-0.012035759394469839	-0.8608555559400521	-0.7351798095165191	-0.2912045773117444	-1.255024609103089	0.9151173979046711	-0.25708608152590945	0.43978793455173504	1.297692855312556	-0.21532374484276326	0.6703211133801483	-0.04153928802903764	0.10741997170680581	-1.6697301339035642
DTXSID8020759	14.65508565324225	-8.742818796656435	9.89722786690805	5.0083293671781695	-1.6833683354408588	-4.080098910025272	0.10376491528134088	8.72060731773762	-1.9152200326648163	-4.045847030423241	1.1888976385465577	0.46326018029815175	-4.088761571844715	-2.6899614336494553	1.4053632538202474	1.149189879934072	-1.2089011836001555	-0.9576479590405763	-1.3486097067238927	-2.5991573191012183	0.5443278790534816	-4.503786116221762	-0.47305634322300283	2.2055565292705293	-0.023108384167730048	0.19543808522340583	-0.5956539929240424	0.40084946325254905	0.27832522873679544	-0.2606548541081423	-2.226491244374069	0.8561233925577458	0.6232282593483937	-1.5629037656200804	-0.19117323476846723	-0.1491609352583906	-0.14202428460468897	0.974014474274543	-0.4073809381511633	0.2882443262072726	0.860115437916336	0.540814501427992	0.2597209088926611	1.106173966482948	-1.3693356289747498	-0.7360056100911729	0.6697235170637305	-1.299030332998662	-2.5607418473799823	0.7922790457798388	0.47272359618171056	2.1797439676216	2.068607651619238	-1.4481340631961555	-0.4390218944155303	-0.5601118769755895	0.9324019845886196	-1.0100684814294103	-1.5030659419259151	-0.018642720607474336	-0.15347221294636554	-1.2698397863399375	-2.3012573835986343	2.1694191614457914	1.1887872585236998	-0.7679796713157571	-0.904039297261344	1.6052953825043377	-0.6302943201440062	-1.0921530182450918	2.2211752980363775	0.7368571048115978	0.4713808291845193	-1.8241209928124176	0.6071418073224375	-0.9701374459216815	-0.5703584763335328	-0.5895406645672102	0.18135538216429883	0.49960437892215515	-0.6447814544346772	-0.4665159906004658	-0.25691708945449854	0.31336448988687643	1.6630737063785923	-1.605689839251363	1.836032616847535	0.22707713266888221	0.3768653556759292	-0.8375207088602503	0.5375946800044955	-1.3483193681879295	0.33921299398289967	-0.16710553817319068	0.26185152589526023	-1.1293860789010266	-0.3181403971865442	0.5071697747763019	0.10840972414967279	-0.7259182816380143
DTXSID8021771	18.447357207190898	-4.823303188030955	0.3184548453918366	-0.5491036296208823	-3.785354728860881	-3.1849499363523033	1.0793603247718255	4.729651000170664	1.883814670047138	-4.050509023945148	-1.2956211800173505	-1.7987998993861656	-1.6524477608123735	1.181460756957216	-2.7192057152086315	1.8245836867733747	-0.47358544696044663	-3.955614042992457	-0.8105930737299032	-2.6392578416638717	0.608652154967016	-0.5877867645934851	-0.45476107302217256	-1.77929294478396	-0.09658303976426817	0.15340552886556758	0.8027968384675203	-0.01214904270272011	-0.9710438132688294	-1.2744488272216645	2.1985347295743054	0.22648296304532167	-1.6405237019018	1.1833967968440073	-0.956662548983953	0.290145755971467	1.7708204889507413	-0.2241826725872794	-0.23377087242618522	1.6326795673877772	-0.7165421862139928	-1.2038000102365067	-1.8329104734353323	1.2328634337212923	-0.43300558004232925	1.4379957223892899	-1.6637937617374805	-0.3436479241209592	-0.40722666090540044	0.2117406508667836	-0.09982250812818493	-0.2054335823477843	-0.08508753472538444	0.27054361260329574	0.9573934395067593	-1.128454270078108	0.95820307954871	-0.47335920663681463	0.8920895375363397	-0.17782215579791197	-1.9118174256968057	-2.2153692743660485	1.430748110368462	-1.6697236160929894	-0.44401258782914804	-0.806177667906126	0.3094004061239868	2.709420792387303	-0.4284172337723076	0.6342815698774791	-0.38873810190122626	1.0709211347850318	-1.2775638872885622	0.3458238122216873	-0.9191192589448048	-0.39689473839010014	0.3845772498780694	-0.8388130863148905	0.8717319998077689	0.9701112704937747	0.3572569087920773	-0.10859270957149018	-0.16706380541354274	-0.12902320882213897	-0.6862361192515921	-1.037054678491737	-1.12700501735251	0.9919611609605649	-2.5039656038335307	-2.0731612728665256	-0.1163771275680121	-0.3242502791659697	0.5924302318132524	-0.5484736476308499	-1.207830016100236	0.3300864900648305	0.8724657444389573	-2.1216586357708644	-0.7398081298170034	0.8382756318687307
DTXSID8022325	6.783254934978317	11.200074356264137	-8.30516710170264	7.622373858815212	-6.7829249153999776	5.149264614192445	1.560697687207383	-0.9225884944621298	9.203218575429771	2.76932395886027	-2.944251040333537	-0.06887925655055363	0.6271930320329723	2.6862623443040343	-0.3699834540065461	-3.7216637184777555	-1.7120482714910275	-0.6814109050298508	-1.9975714095359167	-2.8200683094519547	2.3871442679770376	0.6418321916918339	-1.3557518805159767	2.4641513648219044	3.1228287735278824	-1.1326779888441019	-0.8673872316025513	-1.233628520631874	2.2255214321989474	-4.072488592121462	2.2611188276114578	4.296046147458453	-0.630019551469502	-0.8647251928593614	-1.6891305938357708	0.16796331153179375	-2.0292390831007694	0.5495004248444877	-0.4625750877717	-1.2937348769419175	3.8354952716792456	1.8133090408870542	-2.5151597671828734	-1.8857669285989043	-2.8607918063020468	0.7744984260814718	-0.7229635240959639	2.5748475865720293	-0.21141964495972218	-0.9534479978409239	1.105336515608483	0.5827463933207956	1.3063254132838025	2.1421237076729263	-1.174098660399753	2.5124842831365024	-0.5259126581360063	0.18205477828268937	-1.1528663056576922	-0.41355465683193876	-1.0065253255066506	1.3786197043290622	2.0741962819035855	-2.5944166137583116	0.9495829365543171	-0.053786013899575984	-0.78927927429433	-0.8680954524711118	1.8932345913076045	1.2115198673536376	0.44360150337376264	-0.24428104324012404	-0.00270300121236	-2.8291204607737233	-1.8728895640535546	-0.7966586209851776	-0.7301595798240287	1.1151055200042388	-0.6229722227335182	-1.1006390108965083	0.030636362656722763	0.5639551333833099	-0.3725679570321217	-0.9533059302041359	0.6607044995840751	1.692051698641022	-0.2492157383458974	-0.1403244098841793	-0.7838521425723389	-0.1480411192927588	0.7152676065789615	0.46237847393864656	-1.6547657940378673	-0.7394019547243673	-1.8588635930400796	1.5875517846529081	0.6908463795122654	0.35849417458954547	0.8447471102890569	-1.0604963137988999
DTXSID8022292	-11.640872186934155	7.866842983361348	0.95843516655568	9.202534871771121	-1.3685092810576878	-0.5447882614529442	8.492309005398896	6.260413704075679	0.9249268996490364	0.42482127618169746	-2.0546073446709374	2.670025586717042	-1.1926292962993834	0.042924872995347585	-1.2023999613884222	-3.431482397506312	1.907873104466753	0.6978223834539199	2.032542871865921	3.4596150309009976	-2.251891590043452	1.0531912734507987	-0.1361290122241558	3.385668968484495	0.14893262866932214	0.1156826368073563	1.2624153531601794	1.1194371075611835	3.215911906706774	-0.31454549746891297	0.36523660623367227	-0.276457776432274	1.547960760898861	-0.7492044133110773	1.1498979832078309	2.5291082374716645	-0.06348468573789508	-1.614336905936087	0.1352873471345747	0.020993675428032817	-0.36505727107418623	-1.6717873895749253	0.0675908637475335	0.8969443082654832	-0.3416516337372247	0.5532282131362154	-0.5418763871140045	-1.998640850788335	0.08316774364538981	1.7514715718587064	-0.7775813833885844	-0.07419873273190997	1.61490304501067	-0.40249347398267954	-0.552911961376214	0.6873402944481952	-1.2500601164123937	0.347052970355425	-1.4181907355281522	-1.4882787345706276	0.8651227033323666	1.388570849195593	0.014447400516914797	-0.6858965354143532	0.16128558280044086	0.034799462825581114	1.0279219855190886	-0.47715459643131075	0.8783741737367006	-0.5865356136446118	-0.6516562204089351	0.9796424654195347	-1.1025418595787717	-0.5121653062970338	0.16344857282999636	-1.0522627239889777	-0.36526682040868763	1.1531588826333952	-0.9220436729843844	0.17232234706010313	0.2738983635815874	-0.5728538088895503	-0.918930483439511	-1.5997610233581219	-2.233047549779048	0.28498798223369665	-1.0060384676755552	-0.3112737477065316	0.6916862563207204	0.3755801288789312	0.5075290645665553	1.4509634300021912	1.8565313684001192	0.5930405195889418	0.6925724023063654	0.29573971864965104	-0.7122524552933528	-0.6196133899926131	-1.5166272561003604	0.7160390582949996
DTXSID8022828	-1.8752729651055482	1.183094407467486	6.844292360047827	4.721592043563739	8.113195112861765	2.2128894223538946	-8.078564165716411	-8.578486599988054	5.232799983251148	-3.000386733705485	-1.0654477486974394	2.2821376481677804	-4.980749109449182	6.8070120029661805	-5.873075403050841	-6.98595720977972	3.5499042816625557	3.727641617765923	-2.685838942432227	0.2766608391844803	3.1164265116694985	-3.536249021043627	-1.3739493921712314	1.484670643524542	1.0869234582340332	-8.59462118893313	0.6158134680006635	-0.6183444760144508	0.5471894387903778	-2.3112033472646822	-2.2728124890298975	-0.28707831029679665	-3.9857998471961698	1.6983712902056798	-2.5425076705784257	1.5672273674493569	-1.7868998925159312	1.91637246445017	0.8949594301609658	3.322861412933247	0.8710789350215564	-0.9963232767398156	2.816124610430396	1.763340573620678	0.5931093801503824	0.11559434196908526	-2.5277163928897717	0.015599885186398921	-1.0629307865064892	-0.8651455398609056	-0.5165235003089573	1.3904031138121444	-0.9308270648732531	-0.07268831018832009	1.731337743950681	-1.0146934461593184	-0.8939034496066802	0.6176084686316557	-0.48235695566875847	-0.4621398090868865	0.13120947822212992	0.7555511530333241	0.8172364884017762	2.762198497982158	0.08349517133217352	0.3729519056641222	-0.13085075864181914	1.137745284073136	1.4577038926479065	0.8421643258588254	-0.7333295950572553	-0.058620697024271744	-1.2310306883224267	-0.26402225367940707	-0.6079619154455157	-0.27049211322454236	-0.928694553760328	-1.5290515714291684	-0.9703321714156368	-0.587079262521915	0.013316006935068186	1.8421178872527866	0.42357383259844655	1.1678145754090485	-1.0494579274423117	-1.2028857184732953	0.02379974245010273	0.2800154105143973	1.6319789004573118	-0.0255788707086926	1.9385495263185282	0.543955906863666	0.7379666039084339	0.8767392753244607	-0.8900184295122797	-0.2537703506841007	-1.6311632980055257	-0.16555911172955806	-0.8455616767346035	0.5373019736338169
DTXSID8023719	-21.161639211120857	0.7005954680308819	-5.383643352361131	0.5152949349885813	3.0113555647684986	0.3182623473387429	-0.9179908209872365	2.8739792352444335	1.3722977933302865	1.4684874829945533	4.461858120429936	0.5209462424937593	0.37418574799345194	0.318336374162855	1.7505453939388949	-1.3393042788849885	0.577447473026864	1.5652122412475937	-1.4481221093189118	-0.5596699564737404	-0.03503759306012733	1.804396798021052	1.2582689723781002	0.5988479954835191	1.4496618186137147	1.9415738449906417	0.9812705991191738	1.4728656704876841	2.0435372544430823	-2.0034110980288182	-2.3474884774216163	-1.184576800778067	0.0717352388123292	0.4823233246638385	0.7024676617359911	-0.7432243222640754	1.8871201198751493	-1.0037633661651089	-0.5349323930785906	0.3577106767406688	-1.2707857558840447	-1.4438087048954105	-1.6069048144206843	-0.5176264801919285	-1.8262834649377861	-0.9800726790362899	0.737910294889299	0.13732000879801032	2.341220278348521	1.4403679380195096	1.9028173629190666	0.9506349583458672	-1.193972376286848	0.6429045288455859	0.654790710012839	-1.1636937734345396	-1.1845279787868312	0.5680243143685317	0.5713360553065984	-1.6215070820470374	-1.3892179137839558	-0.9781355353505268	0.6520544134168311	-0.7572554182287761	-1.853327758209133	-2.283574524316939	0.2767070666754804	-1.4175633259989167	-0.9662532225206784	1.7277982341824276	-2.057213198803313	3.406448007534769	-1.1791472929834392	0.5669292922165564	-1.0425203189816004	0.18674973151237173	-1.9929821303387345	-0.45840664352740806	-0.003890119003612431	-1.4589156169867672	1.6794524389776608	-0.007481019209636444	-0.6861159340604067	0.8698384353263734	0.08987993600895998	0.6335235059451472	1.0987783667892357	0.6181752811284607	-1.217855241742833	0.14403130614182805	1.5046554201957691	0.31480314103657603	0.0049256373098179205	-0.8361205383325278	0.6989798131772681	-0.3852748434713838	-0.3603932605952399	0.5266127612222525	1.0558450104407333	0.06973285892118068
DTXSID8023846	7.201449691640695	2.478558323581058	20.610416163185892	-7.828125339892463	-0.8435768340051569	4.03795672337965	-4.692094829886452	-3.2139793896243645	1.7101718097257241	-0.5458323660253047	0.16445844175996277	0.8520970143202864	-0.4579133772540029	-1.5104740528768854	2.376234884251915	0.6832089686063594	0.0861594540259863	-1.0454458705658418	-0.22016733539981037	-0.022322420095734753	0.22859117112946142	1.0005748630868987	0.8408896693494284	1.2387609299409088	0.8890402805547399	-0.40816947670960374	0.387412279006371	0.20798372593201775	-1.4831159833909633	-0.866957213936303	3.7492291820306063	0.5980707321754982	-1.257017865122755	0.5412442321251	-0.8656720878842761	0.36224107644084996	-0.9507507538704162	-1.1171318043136529	1.0675206758314555	-0.3520664450652154	0.9048156253975075	-0.16179954866602375	-0.046490492168895996	0.582600069332851	-1.1291271823006264	1.0859041625847843	-0.2541876255776208	0.593585226731893	0.8608415490208483	0.32167877545268925	1.3110264141998895	-1.3111064156005812	-0.9914163766180382	1.3404937449601317	0.519273476654648	0.30315286942254216	-0.36465778381377223	-0.2936831005376077	-0.08322454062731695	-0.2236067450849005	0.5623524635107927	0.3856488145334592	1.9784832653585815	-0.5378071160064957	-0.896757896643722	-0.9771381860523417	-0.43749617230445653	-0.541787718743137	-1.017234747741971	1.2046540024478714	-0.26398687443438795	0.7616535687996328	-1.6105471274817453	-0.4014784899137061	1.0488422179471915	0.3583041837889902	-0.18871274646731367	-0.8278279942612035	1.0501200083784648	-0.6855195875699263	0.9961408001936581	-1.907542066183237	0.06650835427180929	1.0337773595374586	0.48108056443203495	-1.053699123163895	0.3867422175019406	1.894622072063524	-0.44484888729759786	0.8643953531984258	-0.5539165836373253	-0.2906532609437372	-0.06665595216552718	0.5187530633429621	1.606693716527614	0.06335419742597123	-0.7787349403445963	0.4938177712667403	0.33673640830305906	0.2966197489013563
DTXSID8024107	-9.35561062534062	14.984051225042332	-9.166365834439373	2.019468394773044	0.3392140699023228	2.148163465266432	-2.852462394536089	-0.7741620560391701	-3.534783982472928	-2.862029605266158	-4.8495616400836035	-2.0303909734968366	-1.8750990727713468	-3.5465697408683763	-0.7169907372129031	0.7074256052896146	-3.3480731692498056	1.0613710472427982	1.6306946338122938	0.6370949017303772	2.4732734359137645	0.01272658072826091	1.9058884653901538	-0.8570600670328857	-1.5031436723300975	-1.4223018887040528	1.4385481265643199	1.3058517045953526	-0.42151155203554647	-0.3505971831093161	-4.603675216431499	1.019546207440273	-0.5119600321407223	1.7672354606540912	0.9739303602442803	-1.2771087801175283	1.9089724260350778	2.070961849345459	0.42931479102926184	-0.7413057420747687	0.2150120322119438	0.3034599329207555	0.04252967670179439	0.7898785603426893	-1.7006297717908099	-0.9081483019394005	1.8719508182870634	1.5413482515546932	-0.9508528179049269	0.19780769154415254	1.5455570060074881	-2.93180717586306	2.177978876193962	-0.08887457644966897	1.637926456872782	-1.5497323165391639	0.41072468809080454	-0.65880437818184	0.6562794729454697	0.13896121262350922	-0.20975783628326772	0.811965714636486	1.0574553662480548	-0.7875200946211759	-0.579000138879158	-0.8581993771692421	1.2717412622556492	-0.027983523372651867	1.1259463326703125	0.03654711708149844	-1.920251042495675	0.8078664756004669	-0.6763542483485391	-0.6597512717531909	-0.17024303746141517	-0.41937198855286195	1.7437803658300877	0.7496410738332606	-0.6450016165547912	2.5264880874064075	0.8952504951707256	-0.6347278252204857	1.4519931770266181	1.7256205358867434	-0.9098414586670134	-0.6813595901873835	0.8687348084331324	0.41944559038584284	-0.16233584954465513	0.1174085603576328	-0.07176315111142718	-0.05209280031014541	-1.887331451005474	0.02767178243653013	-1.6730886118452784	0.482961225088061	-0.22607667796576691	-0.928414422899146	-0.31255139901153156	0.010166393250473289
DTXSID8024234	-6.371751854418626	16.44373620631641	-3.2834361433430423	3.4413974944843204	1.2083981162998878	3.420492213388569	0.5709147090755536	0.7147686143004879	-4.898299440074778	-2.0686144830673694	-8.114933344838565	-1.1418400049107211	0.5111082636797977	-2.6310235019023405	-0.8277248588763563	-0.39998382014159767	-3.0626663477890372	0.8779024854527143	2.293758145657791	0.009650850215792333	4.396639836701751	0.2647096470417248	2.673451741099664	-0.7166562480176312	-1.987272444854423	0.01605546554069215	-2.067005511824716	2.2702463357533684	-1.4235569418522656	1.0523810468594632	-3.503608046241802	1.0636728706752805	-1.3415441419380205	-0.004654370863882057	0.8862443425499237	-1.2880053549677832	-0.4507790699779293	-0.6285789164931763	0.4562613151687751	-2.6084308729841115	0.18612744808565737	-1.0598676536929426	3.2335656606219327	-0.09880625072211738	-0.3110309954000565	0.0714347538899118	1.8748953779509459	1.0446243236134736	-2.4247889688216233	0.7481684292297469	0.7592395617060413	-1.6399168695841813	1.1413501198617495	-0.12464905776282782	-1.0459274352989927	-1.7817763513848077	-0.6882411261945123	-1.1879952525232909	-0.1403582007834802	0.4385559471950094	-1.0162135108072394	0.6317924989945986	1.30582814274883	-1.2721555597414969	-0.6401958005085702	2.056979518493356	2.3643477757312716	0.35787195059741495	2.0648481987028333	-0.30378193321850794	-0.3237855100582231	2.3709015521847476	0.16411564537056172	0.9160641103567178	-0.4245996142708691	-1.7328768110734811	0.7772709744270769	1.6345283063935274	0.6213384122645249	0.8075301623117566	-0.4393944664309263	0.1743986792337246	-0.86507081811246	-1.2064634768950124	0.7027014253709719	-0.6862954874195629	-0.675699320484974	-0.6617000305373719	-0.8103814892086252	-0.23689631109568135	-0.3258970221367829	-0.221337976579375	0.0703741839365613	-0.7055187330347287	0.15488138627683593	1.0492049994412187	-0.3678138035212849	-0.05421568342151359	-0.26034078944790745	0.4348879550555621
DTXSID8024151	-0.909606282107997	11.744418791689254	2.349445787580304	4.7799904061148135	-7.084554416035197	-2.175913857729891	7.324816984643138	-0.8306244579559229	-2.038518856857332	-0.5356278184441018	-1.6912549802334547	0.3352085456020915	-0.8150145464886862	3.981197150279121	-0.5697756280522653	1.0884171117645332	1.095441500582694	-1.8043477007735658	1.55897103702784	-2.2408866210645533	-0.09957680012844008	1.7545629816292228	1.4570559944112795	-5.09132913736606	0.757117128424574	-0.4528638621491488	-0.16014844561641745	-1.0873680240299053	1.561065126290968	0.797658392960763	-1.2493615884027296	1.3535773416899848	-2.891391163637044	0.5082545499765837	0.5381723867058177	-0.365469783493075	1.187569723497052	-1.431936245440219	-2.78299483963971	1.9831436556366637	-0.6661060828530927	2.994393945634682	2.294784843219874	-0.5958462899139888	-1.8785135876467567	0.9071117657595252	0.22371194859247387	-3.3797988908423084	2.5461528422930524	-0.45435618572975495	-2.6345763911848077	0.803485764036616	0.7362611358599492	-0.4724650633983425	0.614821328841105	-0.4599373352012118	-0.7642317558641782	0.3965477656688745	5.130533933719619	1.0136169819659515	-0.14670576333696517	-0.31172807560729454	0.15189160035766458	0.9786487785404068	0.5619207563186162	0.18667249121811502	0.16054434754845165	-1.8019282918921575	-0.1911595526951969	0.4838537679043572	1.3721178092712822	-0.2745712708288452	0.23470369774011018	0.6606026455629778	0.8807425167426668	-1.3095163139810775	-0.21243762260503796	0.3215744677281201	-0.9715596344984228	0.41657913196092594	-1.133952458536322	0.32223771873997076	1.3521764631695614	-0.3707797156385298	0.1878332440169373	-0.2593097485036074	-0.4347358274147476	0.3435699281454009	0.6368979073468571	0.13655032788701657	0.14211218857276053	2.0750613022705187	0.4866574817215489	-0.5076270934513186	-0.6028330570347736	-0.36802883040305384	1.5997480971314326	-1.1336154949895132	0.38008832230766	-0.8519033187690919
DTXSID8024159	-10.818853393560106	12.007869482374723	1.3364782381191291	-4.0181456163216565	0.6985018638633766	-8.216642556811234	-2.7637722473972017	0.682131708542595	-3.4064771671501877	3.1408221351839534	0.07249861469018652	-2.484501356994951	3.7190512728577194	3.0139587029009354	-0.27725339441193947	0.952231334334069	-3.1483142963971775	-1.2056613575701143	2.8770216657941945	-1.2808793832742682	-0.3015137349590227	0.7806747739492397	1.670004855101602	-0.39450446577314463	-1.729883604220344	-0.8574819594861439	-1.9845034879434258	-1.3050686033469114	-0.7072803935816893	-1.6814081649013932	2.8415494464563116	-0.07252017870185368	-0.7863752321898239	-1.5050100913252786	2.2077466928806575	-0.637388219099898	-1.5716376799116805	1.6576499408129606	-0.08786215848734956	-0.21439127306357075	-1.0014298050920645	3.5996964379566716	0.93856500014446	1.7816158859066202	1.3255500463004493	-0.5600784015800698	-1.8655449934300956	-1.9209886935042388	-1.6990657916408454	1.6315771981105722	-1.532203261693557	1.2898078916638436	-2.3401815524728518	2.0658194814222615	1.8901835373873928	2.1045463656630217	-0.24259893694437445	-1.3405351643895902	-1.524907445815744	2.426388301362514	-1.1528244942686812	-1.0586456170155218	0.4344125465278875	2.4310196702266675	0.27622966157108225	0.4804662456765016	0.43623958888241043	1.7122038079723774	0.24262752912310087	-0.8563271642405859	-0.7340012939891296	0.1349469818013856	-1.0424052037767593	0.29167516444060926	-0.5005589811828105	1.5198469842105358	-0.4553892448452477	1.6183602641588126	0.3515455177376964	0.5661857040519043	-0.312094263959086	-1.2531273062948094	-1.236918335408664	-0.25010429646182203	-0.4500131069177401	1.350909353720673	0.3003971273620172	0.6460880816527013	2.1198608001333374	-1.3030969347056123	0.8917612529489681	0.06310342178096597	0.7010958358249055	-0.9745564081992092	-0.9822327588295467	0.8427255778070049	-1.1388319322653273	-0.9072752128610662	0.07063717906201869	0.2805432741102206
DTXSID8024523	-9.923589982176768	-29.22463968955161	1.7593745741866689	6.8626420267622334	0.14428724450577643	0.052950174770685365	-0.1412165694344436	-3.290867587102551	-2.00604623902811	-0.6380528445526414	-2.9149552326891253	-0.848572307353541	-1.267022862897661	0.15211057667335115	0.2757261551338302	2.7114645038325684	-1.291922029679682	1.8835661797801542	0.04150089430520388	-0.5835272468169187	-0.7283024926051423	-0.5931673616013666	0.20098610750142168	0.05132648935826906	1.029573826226035	0.20277399322014866	-0.36472795395781066	0.2290570750668448	0.08757372612102551	0.47266644365496896	0.29027191158224	0.3512626018009699	0.4272171711537754	0.06885831459157414	-0.6971663548138763	0.5822505908710166	-1.4015704568376695	-0.018152800796259565	0.45093243677132394	0.6699640832923751	1.4197565292402865	1.6428199138568118	0.4540574420145594	-0.3391115677034081	0.7741135345162148	0.6808304738324541	1.688496365646831	-0.5505893685048947	0.4647684560513495	1.457060633443623	0.09766231424658073	-0.5515258534458006	0.32251781921564604	0.73261847181955	-0.35095501977559534	0.4398246954964217	-0.6199637515998243	-0.7833562720159436	-0.9078276633077359	0.4705106389913008	0.7117760204243617	0.08575299591960309	0.7971576147230475	-0.2218941870015713	-1.7477308646275007	-0.3006621479244106	1.110038918010141	-0.7432249569662648	-0.08682574934683841	-0.2727851714015881	-0.3773445326805341	-0.7220312019818377	1.765888418201761	1.242934424622986	1.0157846227268252	-0.8210829303188183	-0.4221961965063193	0.9925400865428389	-1.062704760562665	0.49241849627581036	0.3417034355520108	-0.33722223041659494	-0.19169862055623837	1.2791682108935662	-0.9612524336058202	1.0697798935565996	-0.3145871115263686	-0.538964035180197	-0.15526480009946364	0.1137290648217054	0.7714545538031402	-0.7146133432788503	-1.1546019259550941	-0.917919067806108	0.4443762045114896	0.045126780675858555	-0.5944172645952607	-0.18100009974860837	-0.29730212323978644	-0.28397770731000616
DTXSID8025096	6.140352099280099	0.47592805120414106	18.911080606944758	-8.886754510176457	-7.910399371610945	-0.32855094015995456	-5.872459090822957	-1.6628303630722157	-4.050338798007827	1.1728794218987666	-0.5409256597800867	-0.2027566068729423	-2.7808329111617103	-0.9120354985820935	2.372420258172267	-1.3276689298752042	-0.24208894671667935	-2.5791233157916036	0.19303283930438828	2.29200418581181	-0.20822764641134126	-0.19342792731602151	2.3908816826238803	3.7624857094141557	-1.0438436312818526	0.4242504581297617	-0.7786998133644836	-2.9202484279172403	-0.6814181111774531	-1.1106432404549567	0.3050234592536966	-0.8679816111301024	0.22112979374388506	-1.1019871998769983	-1.1780818206990764	-0.966533658408874	-0.9279451615635045	-2.2328081269849527	0.27572509052930233	0.5030276404018877	-0.011743571485952033	-0.5861181981129979	1.9348018865281813	-0.7012457943217355	-0.184423806720538	-0.18553778674151297	-0.003976313219347572	0.181300412503846	2.27357506987215	0.3766626449383023	1.2436527209608161	-1.2310422136211838	-0.591341812376547	-0.05581094965982848	-0.4326906531085539	0.1436816213204131	0.5809481778179528	1.5812667643398555	-0.5329996288673792	0.541362377175043	-0.05783849303409604	-0.0009518466384154984	0.7915550449847597	0.31326158555403943	0.03712720970090002	-0.7772178182032604	-0.4571331245253581	2.596360240699785	0.4974005530531319	-0.3904654391150245	-1.1378524018506035	0.054995004868996486	1.9329221766100706	-1.508074686414247	-0.16805485954284627	0.527840224352799	-0.29611382237195355	1.198491440887147	0.03747165025619013	0.7793620571636699	-0.5226824701855973	0.3699849449175603	-0.640194851578192	0.5300561701088262	0.10768513951713125	-1.3641026715441114	-0.18133597275591073	-0.7483990888238332	0.8918912386186891	0.9927835290966923	0.23940554060411656	1.0864608912535736	-1.5535857124126173	-1.5090164289473915	0.8224687058966293	-1.980960320693145	0.2516863219083008	0.3916248870843212	-0.5408480628057886	0.01469064779020522
DTXSID8026307	23.60586823558418	-7.973416739050819	-4.374342534811236	-3.7320355828726606	4.6881410103053085	3.875857677415087	2.3329268144093556	4.701700835733187	-1.8950058609075817	0.30489535905316706	0.30698790310587654	1.2382068621309574	1.309292739822952	0.42437691307892894	0.7373445482280608	2.3689986125977995	-2.413772029772653	2.062128174853766	0.3765525313043325	0.5823343261148123	-0.10821646788713576	1.5290224391775569	-0.3326176947850303	-0.9593301673541713	1.097178716136777	-0.2567792132218671	0.3369758811164313	-0.0007271839915566141	0.5353083508229055	-2.295093704667061	0.7462477015264214	2.5426722393965955	1.6055765809437754	0.6102666175113577	1.640152455755677	1.050932013348949	-0.4050916972072423	-0.0010593242368670923	0.67284358021638	-0.40892798864438284	1.3525809875277417	-1.814294713666965	2.0854810605313268	-0.020689081546459473	1.3235419643834416	1.1104621781822441	-1.327092467320343	-0.668724146775437	0.8499534025629476	0.2666110607318409	2.310371009594979	0.6586154000714568	-0.41823118194209474	-0.18758264782471687	1.022098250422022	0.1542382686504655	-0.26310736483798774	-0.9082806525495795	-1.1772992233386628	-1.3299593599720776	-1.8975358970153042	1.554221665779848	0.20159950782631714	-0.10075312210890289	0.2051673844932357	-1.084242911503157	-1.054928220340556	0.22922531616487063	1.3334166108029157	0.3507332770154444	2.210471956788477	-0.635902503972142	0.7121824443061492	-0.14968276377312753	1.1999365938697106	0.39247829867043177	-0.35932960282491827	-0.25644806955191163	1.330891235358279	0.1699226274947086	-0.5279291476960635	0.7234731271746999	0.2601509462240065	0.30694079867644253	0.9852009310864851	0.42349623292986077	0.2769708211028168	-0.642384700763954	-0.2610575324491324	-0.26012763497776137	0.32353902836739107	0.9556887258038974	0.14545666603587531	0.08840648894807691	0.08960088174003393	-0.18708210588350124	-0.31102610707522615	-0.8105435159781199	-0.8347155770911834	-0.5852721223512298
DTXSID8027240	11.440159705078141	3.388168567364632	6.686777022238763	3.3867837323005334	1.4002763777414946	9.676390412808678	-6.543794728341154	-3.7033713845021348	2.981071658965576	-11.463506843867915	-4.722031316685643	5.3900730539917845	5.37941844706371	1.423882245789221	0.025341716382412026	1.066109674904063	2.8253941364294772	3.2046187727734115	2.3895434582067825	0.4312708718808794	-0.18251748805547105	-0.3313970199741559	1.9594955468644506	0.8479516837632174	-2.2790255146890606	-0.34670648879587196	-0.3226299908228922	0.29658318473348544	2.4561349515065296	1.1505657902950435	0.1897312659526389	-1.0518303115598708	1.245877771919946	-2.7198334515985247	0.9042212708274948	-0.08205971564900816	-0.6033451276539048	0.8669102463248939	-0.7482718283369694	0.08258121830291631	0.9585695302050601	-1.5344757284061967	0.07515811235716109	-0.6078972230179329	1.666606475174802	0.35840780552581647	-0.26986757510492904	-1.132860807164902	0.18031742463902936	0.6991644591414995	-1.1816609637371172	-0.3409841316732365	-0.9409149496877297	0.24362329566179072	0.09250591992328466	-0.6298827981401651	1.606055542013899	1.785699237741477	0.12646130268918548	-0.4230808395182391	-0.025999965051979206	-0.9906405843048693	-0.7565709474313856	-0.2688768600230134	0.6079777814660021	0.029585622144780336	-0.9843628847527106	-0.6106737557391958	-1.2907508640024936	1.4608079407038141	-0.7008768287386176	0.599590381909092	-0.5577387861270534	-1.4737416849614309	0.8697741710583821	-1.5115978159549246	0.4449517702887266	0.33586438952071623	0.8225346311379356	0.8109763556492509	-0.429110738361729	1.3348548103861404	0.12788354447606562	-0.13345569581910885	0.3701781310950039	0.8191179577932947	-0.19943320243187712	-0.2463288223781542	0.5756092678169081	0.5627363465823315	-1.340785693222845	-0.07357906760899395	-0.16736098550172557	0.9306551743240844	-1.5537845431809845	-0.1469828382125061	-0.023160181837794686	0.026966229635982716	0.205542298386975	0.3421320278093103
DTXSID8027323	13.47295150468128	3.18975277429466	-1.1982907788379713	4.858638741776732	-3.452050860201135	5.799294464197724	-5.010442462370525	-4.842198268238379	4.215038124789972	-8.945700507259353	-3.421772567486376	1.5438348875697523	6.194904457439401	-0.5606999957779141	-1.466825342562826	0.8224304950042893	0.294445546210111	-0.8361983644643578	2.1131454258832285	0.912303013092714	-1.5546609175270791	-0.1357507170010708	0.5147900480170845	-0.15181888406683602	1.791861388410499	-1.0365915338743572	-2.287819023001501	-2.1534280163278963	-1.1893464568932308	-0.2916301713223735	-0.985091057339637	-0.20536520636277816	1.283763178563859	0.024011804546169174	-1.9273963323281533	1.069077802878738	2.480609723596172	-2.15312011171373	-1.7191311986245197	1.528127060076737	-0.7084727311268884	-0.7705338173850462	-0.18711492435608612	-0.14950655891444903	1.3057834502018126	-0.3308992260155037	1.8601606235251713	-1.819987255123223	-0.010690370329048909	-0.2595580938795173	-1.4127493541203624	0.4841461532213399	-1.269889283998673	0.39437085661935445	1.1749111624428303	1.7503372604529097	-1.3976656991181484	-2.9188862233175223	0.42080798063325137	-0.40253084905422504	-3.1141736853435864	-0.3957290265439746	-1.7027540732300785	1.4097012477164357	1.2425973543731688	-1.5352693023306943	1.1456981275969842	1.419325536800644	0.5462828269582906	-0.934471013302274	0.686787879148393	-0.9337547026042012	1.2105543865575055	0.6755557856629373	1.0841642055805074	-2.742320600403182	-1.5782341854074047	0.666005341729431	0.3230516264407457	-0.637073821191972	0.6229349368939201	-0.6806265667692122	0.4981137343175956	-1.5639597476484082	0.34674648545945697	-0.008477570042512416	0.31128447629300926	-0.8105472081682003	0.9325681269124643	-0.6796396029022401	0.6549465157924562	0.1337299398826425	-1.135879270130363	-0.5305433489208126	-0.6937786182249088	-0.9523081350287935	0.9622901416287241	2.354206872015292	-0.21001733800700942	0.4655985279455757
DTXSID8034586	-13.032022283597367	5.120641312821222	-5.572653964761609	0.9083245810089362	4.4563592638001985	-9.32460436734624	4.976131870496552	4.004547543995253	2.3834539025233763	-4.6521572021074755	-4.713496577185632	-1.3167435033277894	1.6471274771252227	-3.5366520956151466	2.3374068674918274	0.06851038681399796	2.0375304399110226	-1.0214271294904314	-0.2955030605037816	0.9698953382435603	5.291171674513701	2.4886029702039916	1.5514412277231915	-0.3418523460402403	3.1862121154254144	0.5292567046402584	1.5921222409323341	-3.6766313600592557	-3.045616379323617	-0.44898640205447693	-1.1854845047789577	-0.9948183259945215	-0.19392563528616777	-1.6631786442124228	-1.5384368742963481	-2.2056140434276994	-0.5765109366597752	-0.762242349164928	1.9251790603009993	1.6163683526844284	3.8675532284371528	1.1393077838969323	0.5105141462801241	-1.641229270736059	0.4364424236740956	-2.9500731101826165	-1.1956221193888559	1.9069370135161552	-0.42382090876981476	0.6551305901933743	0.9307107875293459	-0.3125215324064182	-1.4906076515233015	-1.8108028638851343	2.1822916412366684	0.1336007086978683	0.8834740841004856	-0.34492819024122257	-2.220543599417531	0.9075718476313874	1.1121319676711552	0.22845025994725357	-1.1108241199721687	2.386354848145235	0.7789894435150593	1.270743031245497	1.0438383408350205	-0.1852262099822679	0.18545859349603588	-0.05034706256619223	0.2521410400862713	2.0622990309739415	0.21708993641311403	1.5661219989112432	-0.5827787132521572	1.3748588655361766	-0.14475952493121447	-0.9655401734440459	0.9169085888586144	-0.5124498172943469	-1.3045444786352887	-0.17164728456305925	0.33749026946083555	-0.02494705231080062	-0.1825649680496102	0.19282035597935504	0.6101830091484842	0.48527529079912757	-0.27258762566694134	-1.0050522608228343	1.07955986729407	1.2641790477112262	1.3399544057378063	0.6940691714001641	-0.8958121972228189	0.04348781462064581	1.7342242971419901	1.6258623442773545	1.0891212667468937	0.4433912324626899
DTXSID8034324	-1.3677455804658947	4.5651098384525355	18.921038778978634	-5.221517044059472	-6.931607875587366	0.900550904244248	2.2285773721263817	-5.822300334239676	3.951665336019885	3.4808562462939694	4.790513019274589	-0.15345239771044236	5.30910687765045	-3.4225146512050335	-1.7907351720402933	1.0305744703945723	-0.5822617025842974	2.5715523222292447	-1.4507857886072377	1.8062076847112134	0.17101853647659773	-1.1635054558306548	-1.3245297973530223	-1.7571333307866666	0.663309460616209	0.4986542125857772	-0.3753549064473209	2.773121682656601	-0.810461967769572	1.6652038583195323	-0.5156969363372275	0.8978730579904972	1.049100192800462	0.8779679191297832	-0.37778360048790977	-0.6085164679663017	1.2531739261394057	-0.1462267570669653	-0.15780079305793338	-0.1408866023171963	1.4833258625363543	0.7146304819286429	-0.9963861429001664	-1.334172029127482	-0.29349344144503975	0.615064113660301	0.649150199391101	-0.20090332963825247	-0.8985508320877501	0.8294526915346786	-1.2140751500895193	0.8024522796580534	-0.47065804067512196	0.07017743376984491	-1.165126159412213	0.033409761859739526	-0.49911715556960345	-0.11362548869875637	-0.26545166871105713	0.4349248162209979	-0.6943866679162397	-0.2586655023228257	-0.9021350314969312	-0.802418376156319	-0.3639618701062812	0.895401649051858	1.378391660641842	1.0806386631839247	-0.27619220819740953	1.4323616395384702	0.37716361725458497	-0.9338525269012097	-0.30133726482829787	-0.4802586846464642	-0.4766350077052479	0.4502806544923496	-0.7008784256639021	-0.645764968907688	-0.23114250985838183	0.33706295419676285	-1.3452100079309905	0.400727016450661	0.6503650187404635	-1.3994100609933269	-1.3339608029949166	0.44181783516881135	0.08167623322749294	0.587375460927386	1.7869536439940739	-0.40266086102954196	-0.2051145203203582	0.5256478130677901	0.17125286568838483	0.6992883894874816	-0.1708993399597417	-0.6613454295330868	-0.013635892328473774	0.9366401406427639	0.3225603189257728	1.2652852229494982
DTXSID8034871	-14.43447485133018	13.829845823076752	-0.9694905696011991	-2.4858362317065144	0.5026376208871509	-0.6924696639100015	1.4332196798987777	1.81247386873937	-6.136179044694487	2.5787631187118296	-4.735374258011345	-1.1894113286092598	2.7734862229519734	-1.1570709398545467	-0.4712576739169073	2.092610773141863	-0.8114395553465463	1.8424259380850774	-0.35705448037244936	-1.4295257590260533	1.0819755820394024	-0.5046051426074384	-2.341083695868994	-1.6194659846517347	-1.2228804171356225	1.043168168647238	-0.0105758030622941	-1.1216981212938	-2.7062056613972554	-1.5673927454618624	-0.3037053513788843	2.1026388892733667	1.3017191719752264	-0.24889897301740313	-1.5215756882510096	0.6412637088073155	0.016723444493296383	-0.3922318175266295	-1.2804354501918556	1.3829590855494232	-1.2724462522471456	0.4998135905066046	0.7019788195384493	0.14453134209449725	0.5371598512296452	0.5377902932533114	-1.0875887237511017	-0.8971104991486162	-0.1785319213638226	1.2680317030013144	0.5441029161689563	0.5198278274449686	-1.0694670546658493	0.19296720094212924	-0.32220135268041505	0.22955142996283842	1.031267957371809	2.044047625370836	0.0629974445758104	-0.28400797866037375	-0.9396570112821596	1.013831806898812	0.470707139445077	-0.08422446811611486	-0.17236853120379045	0.7686797086894571	-0.8391006148120382	1.0201142387508504	0.022484734887879814	-0.10106891822083941	0.5641719547938919	-1.0697196461743836	-0.6345549921827504	0.0990151963538365	0.7429784897269927	0.01807200169426113	0.5280988065731214	0.19239664671348417	-1.537274096785779	1.9074551153865162	0.28834183667041896	-0.0553962678366997	-1.943372819665782	0.9231180506359516	-0.8646966281422276	0.03315542942753784	-0.7155872129074351	0.6601178325722161	-1.3473587768779054	1.2463454976139652	0.3014534878426548	-0.11829608804866217	-0.0213856444456892	1.0966669113354024	-1.0437029032220473	-0.5540566929576405	0.24204807369202175	0.6421294199008166	-0.18378620523929165	-0.021029049288097946
DTXSID8040484	-19.177821370948195	-22.869954390263533	1.1061604528472304	0.8490928778392172	1.9043066078284818	-0.16561561750659715	-0.39292299990942975	-0.2646218561939856	0.42726396793460764	2.836148881770392	-0.9053506927881686	0.41319531296869405	1.8231772783201967	-1.0818592237274416	-0.3875276707954603	-1.528499368119165	-0.20447046678470202	-0.8312326478507418	-0.3689984104720108	0.5199635312316768	-2.2225554275264767	-0.9926415661232775	-0.43204483712483494	0.47687468390122084	-0.6719715930691782	-1.455143942741451	0.5390316599778797	-2.137345941177991	0.08609036378026777	-1.6206539912492546	-1.778369669319545	-1.3377053052482457	0.6379767518016132	1.5777897486512207	0.7430920602771114	1.1994939149342567	-0.22650250080186274	-0.1004394608608694	0.5615617944448464	-2.6997285329859046	-1.5256069623341588	-0.6688671424978412	-0.5325764152622845	0.11695439131779164	-0.2258160160041316	-0.3497750395274386	-0.7855888500277443	0.6726164043309876	1.7304020725230473	0.5671151316905175	1.66457976519551	-0.40107109683437436	-1.4413286853853313	-0.35047167433215065	0.1408291075248157	0.3824451939573931	1.6000842031855307	0.420130229063602	0.3530300137466162	0.5306837832255584	-0.4438052623414278	1.6546514071779297	-1.6917534098071099	0.17784352351363827	-0.3177929271881487	-0.0943955189518515	0.42594171116791135	-0.3082687080270179	-0.3182821247549954	0.14949497735470063	-0.30301183353584143	-0.0880485108773626	-0.2609602457246345	-1.4977635862782785	0.809059042256886	0.5004431423022364	0.7361661544417522	-1.1523046713640996	-0.5870432210758176	-1.269291740629203	-0.21574564595855328	-0.13900150275145123	0.20132297371739954	-1.2732581618719523	1.2995455901606376	1.907658378115207	-1.2067424745864797	0.6529804930642573	-0.5019864200260764	-0.06090054761273998	0.21252024226898333	1.2680845708475863	-0.16085545460088202	-1.44403983798079	-0.7866606879848037	-0.1660004123726104	-0.3546133257727045	-0.8830555052229678	0.7221847642752633	0.8927267594986817
DTXSID8041745	14.907740624157777	1.5179338204736408	-9.417481395042243	1.6017300504223893	-2.1645726173301663	-6.207312842663753	2.8852329180748075	-4.443592034382731	1.0924052228643621	-3.109354990638701	1.5423349890672384	1.5797327653263047	1.5411897886736674	0.29192272627615395	-2.3708571961996814	0.9421579427215271	-1.9881775702464817	-3.2242752267182846	-0.39132183855143293	-0.26786355419621216	0.0168606750647636	-1.3264465361310416	0.21350825848727892	0.051822879556318764	0.03649412813507659	1.1725877635567987	-0.7531218210461843	-0.3925396566096137	2.322356946693004	4.442541473966792	-1.0786591050217622	-1.0271118232246599	0.24549738738118562	-0.5874451051907875	-1.097634111056053	0.38126180534527	1.4610624014314537	1.8276409638395819	-0.6852264258218959	0.836193458879542	-0.968931747655792	-1.1993596041720436	-0.6287527234893165	-1.2642423141203718	-0.6677065855924549	0.11509852686084195	0.5739090389200033	-0.2578501423984473	-3.122402706037857	2.170595185956693	0.47773792012386856	0.8553785809636487	-0.2476524964577483	1.8552625336672364	-2.5810370093153634	0.5323306607255196	0.23121460745282202	-0.007342868665088032	-1.957021227325167	0.509009030133642	-0.9628351226533108	0.49674869104420966	0.8301421525259234	0.489683712803099	-1.2485400218235065	0.3155439455786682	0.32121817549987475	0.9144357194379477	2.063788025672591	-1.708049723510558	-1.5254304118667503	-1.023955878866444	0.6135481658373482	0.909213843956813	-0.06346348099801642	1.598568874100221	-1.401055903572379	0.6375237636884167	0.8084596057472363	-1.3293956088669983	0.6896553326796726	0.6327236447976763	1.2958001383014217	-1.3493959136764817	-0.48401090375463734	0.2642297940535703	0.08684844549969793	1.1866789237273894	-0.7464733050324808	0.6760456019710321	0.014046168062339102	-0.6384176256475638	-0.270549482065407	1.1741864333615382	0.4474544161156134	-0.517004804131955	-0.9576516285005884	-0.19988885707303078	0.183733667839912	-0.43859864211224603
DTXSID8041901	-0.1598437890305901	4.0512487533642085	19.955677145107373	-7.909287808139743	-6.7150487266591306	3.36595193766611	-0.3002439072835802	-5.245826805040961	4.816730508631277	1.5782180900919784	4.741055881127108	-0.6833103038396058	3.490892121808443	-4.696069468574693	-1.0178524999974055	2.231830863454194	-1.7384404899377988	2.1556626346345373	-1.4503848107835506	-1.1056595860905278	1.2483267053576381	1.382366289814574	-0.049844435387012206	1.4038492926444446	1.9454177162019581	1.3813965734058147	1.0688759286339802	-1.3985241244696478	-1.2717374798698398	-0.3883645267785162	-1.3786971938501758	-0.12471458969552957	-0.7530216359828219	-0.49569569979316624	1.4569775564445608	0.6608492693943991	-1.3271492088165688	-0.6623632683638223	-1.9189918459903845	0.2598985634145807	1.263781707715315	-0.9512885164628111	0.3446010046584367	1.7161899300722152	-1.6890420591268296	0.5705272880222536	0.5744518400983353	0.3407245300657381	-1.2564457405861214	0.8924207878809186	0.32188940435278146	-0.8416272016310861	-0.5523405216390113	-1.090926967434949	0.33424966144281426	-1.195764048375941	-1.5857586832439214	-0.5224265168682211	-1.6875211639288223	-0.4709143204787044	-0.45390929135017305	0.5791160565999275	-0.16366344754130951	1.6660543859335466	0.0821632474066595	-0.11920803718191214	1.332408431182027	0.9232797624977138	1.5080585126520545	-0.8985485728556051	0.4435936720711818	0.7754704015868998	-0.1046914808372441	0.6411312161268635	0.9658628874831174	0.2794606473937929	-0.037577480874020505	-0.9256987867960251	-0.17794997248518263	0.3025755091272968	0.15598020065925156	0.8971218959642495	0.08338398226444337	-0.2559827605832564	-1.1998821216344389	0.5436752875379154	1.2497729359235128	-0.25908232538825005	-1.3992106735701846	-0.3700563098817393	0.16824233003394246	2.786915105640367	-0.23813941359688104	-1.4077804118715156	0.5435161589368482	-0.21299577020605756	-1.0313888827490867	-0.7152667929727717	0.5473777509124225	0.5431417802331778
DTXSID8047264	-18.14701694485482	-0.16614476307633322	-8.663287200575928	-0.983397021826016	-0.5915069425565885	-0.2572062205278841	-3.0943462880864465	-1.8511820322070363	3.741317579207213	-3.305022649503848	0.3588831872486215	1.6080745409685622	-0.43072307827041273	3.241600332774734	-2.911811127559517	-3.6366052179987594	-0.234087634042956	-1.1491833789773442	-1.193884344463288	5.082881257744404	1.0703397250052666	1.1882668378939618	-0.5840731999113831	0.4047950935465349	3.425479304764903	-2.862294868315198	1.3785980525649675	-1.689321055505265	-1.5311966742845304	-2.9357476367725823	-1.3562330197815393	3.5894730571979325	-0.8693863650331389	0.11471161384323196	1.4175712696447782	-0.29069753193539166	0.23813553771162704	1.306245952650722	-0.47995107018117183	-2.444100568965745	-0.15770542297874426	0.9210949747425844	-0.3215050189699339	0.31995036647449365	-0.44309595533246293	-3.365835213866606	2.505027422549505	0.5993230410402253	-1.2455151512612397	-1.9460158762053559	-1.4779643683538988	0.09760501768798613	0.08512247227106816	-0.08679294678853618	1.3600836287878877	0.1813051198166715	-0.45426508566517354	0.14041696917516835	-0.17003377331074482	-1.0228361942087754	0.14142357674699152	-0.8478377767361778	0.3669294507598088	-0.5162375789016913	-0.636187720579202	0.13597400111732605	0.23427113813183048	0.4104504742989385	-0.485996346684225	-0.49626976417386426	-1.478143036511717	0.6823118095732347	0.9538128051410041	-0.06045625090386616	-0.1877839913822812	0.8202179891523973	-0.13742364226728315	0.1580787233033031	-0.4820756921495082	-0.36561531510274564	-0.3214535318620771	0.33683692087904843	0.36246408797123975	-0.18953909079409895	2.483220524584173	-1.1337566850644318	-0.5776863368772635	0.32426897929051857	0.17285574697052836	0.5439278353640592	0.5255116920112339	-0.542017293103994	0.041937186919531695	0.2895566914977412	0.5484336245255493	0.143144682387109	0.4953963610328894	1.2313886791916404	-0.23190583823518673	1.1085495492138657
DTXSID8047341	-22.513124774065492	2.8396620970714164	-5.684383286046961	-6.887404744312434	1.5407360116925028	3.723134259888387	2.383737707814755	2.2999353524116306	1.9955132837950926	0.4410841760561195	2.962128468583953	2.248180761617482	-3.414509180828362	2.3573145648186062	0.8012966902187003	0.7613535060494089	-0.7592717731405934	-2.106167763596541	1.0788660772957868	-0.7240516107728981	0.7581916922630544	-0.17812228322900772	0.8497872746669385	-1.7327361860233488	-0.4792511680949209	-0.5724781496225965	-1.1213693028108753	-0.49499808552358615	1.8001572854249082	0.3720106989072818	1.7226909117656488	1.09798924225844	-0.6730897364571231	0.43082065769401384	0.8429256801561138	1.8692116853628842	0.34616999162903833	0.028574401844679593	0.5841145820985462	1.4341735013198207	-1.3434673337567828	-0.15405618284126807	-0.5291436662560804	1.3207978239182236	-0.10672978397188208	-0.24690744085562485	2.8435936681199285	-0.23230216857533748	0.6142534085495778	0.2820610129229391	0.7131224670576771	-0.021410149158651023	1.1595940451722144	0.42044214776924815	0.3049566969437816	0.8113965237476496	0.059585137344955956	-1.085353381845926	0.5302033919226407	-0.23542278170603756	0.855811202011057	0.8376615242336112	0.04708555751567115	1.0668965826259114	-0.1704238578576805	0.22145428581029275	0.09341949421090122	-0.15980442639783468	-0.018979846227779425	0.237086121071881	-0.6389018890295789	0.6323435154144192	-0.4448153901802029	0.046803478483884754	0.4281223611320585	0.9416966525312316	-0.9197923485411013	-1.21757524954791	-0.14187370485639936	-0.2111952151599305	0.5867186423857925	0.24522781410032424	-1.0545220657161753	0.23441592391986152	-0.8587639351819831	-0.7005812508554077	0.209852409937752	0.3389562977565494	0.028378403444475838	-0.3266500304818034	0.10881971052174272	-0.5145424774068401	-1.3704684115190655	-0.442362767859569	-1.6005973135253257	0.7848042552657474	0.5595285877116288	1.1888118493296789	-0.17516416771249935	-0.044381448638875845
DTXSID8047349	-20.724857202602266	1.2491783774256926	-9.83358574212436	-7.431801595134747	1.6926223065365469	1.3705752432328828	-0.8734641461893817	2.3318709533303115	2.521465494712694	-0.1611421100590791	-0.07390132307373	1.3343643431243004	-2.3628686919507484	2.0099877061504854	3.957580894337182	-1.946991873902021	1.353476078123888	1.0203504752397956	-2.9649184412255005	-0.014498560200110134	1.137987605234216	-2.475638412403836	-2.597762122064465	1.2392674061374962	-0.7172729242494171	-1.785333184226475	2.9592958704379067	3.060988788276051	0.4052099072541656	-0.9362585699483491	-0.4316190845943799	-0.8205394783113273	0.8742907471999268	-4.266029017218735	0.7848833944126302	-1.2467519314893918	2.7961641018333996	-0.2046631058151934	-1.3497771008039188	-2.0033531691446074	-1.2908836087060247	2.4222391331915394	-0.5811511678562521	-1.2467152581756915	-1.873921001598251	-0.35093444177385236	-1.3818972430533454	0.6051289880628856	-0.22739615582556724	-0.36963573532933197	-0.700422782641579	-0.8822701119428403	0.2951928792891085	0.22377435465307013	1.7432817674546166	-1.540652123810751	0.15084206626467056	-1.1468732003155344	-1.5135063151009862	-0.9017854111799133	0.744284154226196	0.833698740067838	-0.9554046332470142	-0.23666774548364714	-1.9040500523613886	-1.1330516754068085	0.5476966316388963	-1.2471775949071284	0.7596181870722559	0.3222769488182404	1.5494464580069494	-0.4799919817871453	0.08458648947713965	1.7036337598573352	0.7412190228056776	-0.17605064120886102	0.6142666707851807	1.1298424502438729	1.1047318144873766	0.29135575767945826	-0.14939115207207343	-0.5584552635087352	2.3192651762163106	0.3092555843463818	0.6972722055740678	-0.3565386377975757	-1.177003561395553	0.34549408679676663	0.08300807259249898	0.5237255146913359	-1.3991858996794893	0.12443743196006836	1.1130586681185186	-0.883975280401527	-0.883565992291199	0.23438422751831348	0.35493220825783434	-0.3241105429869011	0.39021542144521904	-0.4869527573978181
DTXSID8047769	23.226937415359732	-8.82775248956424	-6.09673756572073	-5.298276297956816	3.047892978287236	2.223029184028124	2.741313938012188	5.58517662941447	-1.911436646889859	0.6041277470804084	0.9521969481130294	-0.05150008862544622	0.614024632430165	0.02094674451303735	-1.185556138929913	0.8757468504359448	-1.5405021607323799	0.49123652986907645	1.7932374206471486	-0.1622350505176024	-0.841226686992927	-0.21550123014439657	-0.33201841554934436	0.8248738320860215	-0.19467923234933962	-0.5044449387267099	1.345207503512428	0.0859486178330524	0.698933097963656	-1.6786605463109023	-1.261740355955466	-0.11258552044093861	-0.6271112041654071	-0.13469826099397667	0.51020125200366	0.1971058404708552	0.7029731535712271	0.5159034835673407	1.910080608093557	0.1430597220569877	1.6685141216543171	-0.7821734180131282	1.0573255437765823	-0.08671694877713268	0.6734149609824578	0.5796536454602106	-0.5672258761486562	0.13181851578094822	1.500917180903121	-0.6189088989768617	0.9623285101119918	0.534185771978063	-0.6768827480577324	-0.8979609101526159	0.3970463508059062	-0.5394437530723145	-0.167835386497543	-0.06857900942904119	-0.061415147245889326	-0.7712238780280731	0.06377328353731815	0.04937296508650404	1.1132204968834711	-0.5005607891337821	1.0366945950205908	1.4292742087326729	0.17461564192070794	-0.5727844349206602	0.3758375925399965	-0.5673819509345781	-0.5757543303171672	-0.605006993609265	0.1601223965330536	-0.8843476084572567	-0.6993429770002773	-0.17460982855783916	1.5391280050734228	1.1268794823498347	0.46716143819088024	-0.7193014574112949	-0.11121190903768186	1.0730645315766008	-1.2768072540705073	1.0379232525873456	0.15093932007944671	-0.03887231447306362	0.507169650822875	-0.31697274971222617	0.4983068962221856	-0.19951015201501335	0.018996847959678875	0.6736281742008648	0.018007497943126994	0.7508517174354478	-1.1376432337505864	-0.9149284555109745	-0.4134978465827598	0.2419393725745751	-0.05278484607696754	-0.4959134595756005
DTXSID8051914	5.715302605452509	7.143861419834532	-19.618275346407046	-0.5041484072670669	1.2509658011516869	-4.154427431244631	1.2557786517250746	-10.330401973778466	0.4962908865509833	3.466990917502003	-2.5157317194352427	1.186158086878016	-6.050541148869129	-6.638238651251872	3.4598040000754393	-2.141814182884081	0.40462861785627846	2.34725917290183	-2.9477055408110173	-3.4892785811725444	-0.7716825234554148	-0.37127175759788217	-2.734431292011184	1.1786476352107793	0.9996478284190621	-1.141312392185391	1.220048795548135	-2.255259422132059	-0.3177053855520995	-0.6953793303641154	0.21856542662667033	-1.0860859659269018	-1.4213180850865808	-2.081871764755316	-1.3744855663370112	-2.6195968422423532	0.2743820242159	-0.9949884667287188	-0.5675260451354752	1.888906157976686	-0.8890651862508969	-0.5988199801790877	0.6214732167516017	1.5486156452719964	1.7089426073898275	0.4906772659214873	-1.4874645688416837	-1.1781528426576606	0.43712810702910904	-0.40441634899050677	-0.0013519799134409413	-0.29746138865697147	0.5746050983463948	1.7635686685736305	0.16430347106327992	-0.4112782890827245	2.1987085910631237	2.4634932448534084	1.8049720047070996	-0.7297725273645719	0.039140298661885405	2.047228675904201	2.8383714116640353	0.4518339190809782	-0.03215208858037786	0.13092890621521314	2.955949520087222	-1.6147225243621246	-2.632916593996721	-0.9683416207249033	0.27171923427183914	-1.45007042923394	0.2876665463852584	-0.7516293102828205	-1.1755335238700126	-1.2695864833200448	-0.2875761758818722	0.07536301154491751	-0.46884996791750116	-1.0375390761181762	-2.476369197429782	1.6493519519515027	0.2288287082583371	-0.14000605562157362	0.40229288979767025	-0.8979451795890787	-0.3037628729412558	-0.8877696162443298	-1.4053165214904966	-0.6028526518577482	-1.4824505593815918	-0.588056832790986	-2.094608645318563	-0.2339203828445121	1.4367712724880257	-0.1344941823857157	-0.2081776953400478	-1.0970862295487747	1.0397655227797493	0.5642602941806127
DTXSID8052198	18.329434596967996	-10.845305054525268	9.153406657378966	-9.756067524075302	-2.4629041926525996	-1.5736738497437943	2.5816066297390226	4.096576537178526	-0.06177118757036665	-2.9588027110998656	-2.3173337464050707	2.3681016395310586	-2.859186306102104	-0.15754880008106417	1.4351310268670445	1.0595515324877258	-1.359342302315527	0.17218438962520471	0.21614881641419326	0.03054787872221144	-1.5388002709256003	0.41994214963162724	-1.3442425730026	0.36671475847127016	0.39623667494405296	-0.5317461453585423	-0.329185536026486	0.09574590105491525	-0.05106820104057566	0.8506223978821462	-2.2766728724532963	1.878667078304322	0.4521918281206826	0.5950723629566207	0.2647165123581477	0.10443162218079462	1.39572432647679	-0.04526870856809427	0.09591557338859626	0.7598078620456601	-0.6307944276777174	0.20021471473880345	-0.31721961206555904	-0.4455505922973026	-0.5278731009150543	0.020431075467213185	-0.93327199387625	-0.014806413501231536	0.28422045327771595	0.612156281612998	1.8341670506817456	1.8756194288657773	0.15940857885482626	0.9077680278578514	-0.006471198615263877	-0.5813586168793495	0.5922044178150655	0.1957734932956695	-1.338828979229636	-1.3862758422680632	0.9412081071233532	1.3837239684704474	-0.00024541163896459566	0.5447035137508602	-0.20225857170685227	0.3963031746356852	-0.3014350568481915	0.025834464441035956	-1.2996670566912882	0.7336044658113496	-2.31729809354092	-0.26730591363730055	0.27892968218205644	-0.7021383387114745	-0.6607253840513221	0.4981395423150842	-0.20467388456045038	-0.6956181875988618	-0.3068463949356575	0.022096203798999847	0.12129632661634732	0.7554920076221964	-0.2398556839312995	0.5205009991210584	-0.48558363249011244	-0.2003106649656452	-0.9861391055273854	-0.006992203906487486	0.09070045855723424	-0.31704423450317976	-1.4405542243367546	-0.18429912757865005	-0.7636927367601933	2.1247707835159413	-0.44859132010874725	-0.5952650547486329	0.40370894592990525	-0.20458866771930806	-0.4446845393796597	1.2278220238272082
DTXSID9020089	8.622124908248825	11.276366497520572	9.510222630150093	6.537893120302284	10.505888882939633	4.597234093586788	3.6572398564741153	-1.411532623277068	2.7978267774734813	5.013919813775187	-0.6986964448475538	-3.6945019053043104	-1.6745682006055258	3.8452793750088254	0.610469634986256	0.6023502474444904	2.8525791205290925	-1.5478521364599813	1.3707693802222587	1.7372882964896892	-0.3139565149028596	-0.6762238983505549	-0.2315256200110458	0.0911226706134523	-0.6646624017104867	1.0590214198047658	-0.2499253183605119	-2.2830446003450455	-1.7687970205182313	-0.6104735835697055	0.2282268349954378	-0.7804158293626017	-0.41743868231137443	1.0342284206453836	-0.4858975427490366	1.3455191216945308	0.461207583854245	-0.015509714111976197	-0.6948212807427988	-1.4280525276036067	-0.6413891125753634	-0.35955162415584935	-0.12477828777284737	0.3851924803245766	0.45847257111642115	-1.6083242509631825	0.7208919193329886	0.9157040723861583	-0.23552602944960924	-0.6371915085812163	-1.306121064368671	1.0716646157981078	0.7055179027415392	1.1584526832108908	0.9482622231956789	-1.0105284031423594	0.46929127963092676	-0.4551776532324662	-1.029398523009743	3.1692871057862018	0.39832649478111637	-1.0536136984125466	-0.03334696225602667	-1.0283490224590552	2.338343562876604	0.7010500281720039	0.17590772303289526	-0.409292556962551	-0.5596435152719262	-1.470860950177003	0.4888595181032356	-0.6035383541841557	-0.44713422958050986	0.3732014266534676	-0.4497184467359353	1.2021978347796982	0.4868319024291814	1.1016545275301834	-0.3324258834124997	-0.575135065120338	1.7893283592350333	-0.6242829592858934	-1.3034823767915111	-0.0130687166295686	-1.3255827844739938	1.2363629947092942	-1.2005996118103586	-0.6806465344839869	0.9285415791399007	-0.2697020863870207	-0.6768862544650072	1.8378102254250854	-0.7668426235952445	-1.2111484381746076	0.014918963172869247	-0.29908906905220134	-0.21308900490941268	-0.22549858508354104	-0.05206789674975316	0.9397118284988368
DTXSID9020112	10.013588284646787	5.905210871352864	13.98090804317399	0.01531242351041871	13.669389349449121	-2.6748983105764115	1.5477678328320803	1.0909091073251063	5.304708638308009	2.8572761345302107	-1.1821313492302357	-3.8766319536993987	-2.227307834065797	1.9243550223660764	1.507463764536171	1.816543106493932	1.0256409332273277	1.0845365942047949	0.7075978459995719	1.569720307218921	-0.3013076529507	-0.6217744640354214	-0.35382715590632624	1.453771427520421	-1.1195638083374952	-1.8842417693058175	1.179531185171586	0.7805266702689153	0.0037579970129142117	2.089218271411314	-1.6960001401369909	-0.7429931922137517	-0.7529311389878369	0.059853485251497515	1.4315979778034627	0.32340401802519453	0.3605546365262373	-1.7412913400395762	-0.27017467916914917	-1.7897628863711794	0.324091755246691	-0.688689511282341	-0.5587698265370623	-1.0802766118788962	0.13924092875811417	-0.8361831588703804	-0.2080953851098124	-2.0901376494703836	0.28353395832264494	0.014418253869535295	-0.34112444329308145	-2.1424617370691714	0.11159430480877643	0.875987058330736	0.4475098436515723	0.3551235035341688	1.124698461320643	0.18430645720386685	-0.1159100774430778	0.11311750891804188	-0.7147053462666495	1.2045613767548398	0.3337327550047971	-0.2950798158478606	-0.014838705604533852	1.1320606442754877	0.6220950754738349	2.4619819772144034	0.9848248677340917	-0.24708850132544233	-0.9354913697651185	0.09557503723049303	0.3226696609544145	-0.07564229611372811	1.161440056325893	0.03191492462949322	-0.2815984323405754	0.06768768345542775	-1.2054070288528322	-1.3788107923799808	-0.9080149820822061	0.8180377214380136	-0.07614524459213032	0.17297374812398839	-0.7280506921415126	-0.81597686786496	0.043242935578988326	-0.8927863981975396	-0.2391530347705335	-1.3358432862412426	-0.6868990421134289	-0.4317562994379215	1.0153146789264698	1.0968498186770275	-0.12432626896675934	-0.4784719147809478	-1.1242543091540897	-0.1996556398871595	-0.15232352906288546	-0.432481507932593
DTXSID9020114	7.169093999515914	6.234919423638768	-5.103901754956476	5.058496005161494	1.2280940876449646	-11.884738309422453	1.8266955961759532	-4.075571298548352	3.5961445753721675	-2.6687702124178574	0.05277669460878486	3.1692883660153153	-1.401407342929152	-0.899279989578428	-1.6516103752148337	0.7756664666041656	-2.5870311184189787	-2.2209206854778527	0.818665719379596	-2.0712679807315837	1.1555239897302265	-0.5455346702318975	-0.15304023708902018	-0.8851171897295934	-1.4762948954129402	-0.810282304420159	-3.7396267431879355	0.841237683206297	0.26455650331729325	-1.2171751437298783	1.2189710887145906	0.5436630175018435	0.6090540943137326	1.076808865545651	-1.6969503238873451	-0.4072609631282135	-2.0065364994605606	2.381398601056675	-0.5244712503556214	-0.6671681601795468	-0.008529565849474839	-0.6930047219234465	-0.438759774014411	-0.8997161289001248	-0.8927683591705678	-0.37488615163023775	0.6451551661981239	-0.49520990185346264	0.6290976359765851	0.8741742972200093	-0.37228972786107817	0.9600050084433076	2.236173555253192	-0.03739689385695723	1.011215620916147	-0.22894352377218238	0.5111041550230184	0.7506548185343798	0.5891099069035461	-0.11595756832031272	-0.2373212892163733	1.0789264839996353	-1.8104134470540982	0.7582060764844192	0.1899900125700094	-0.8184727593176343	0.3599908453090471	-0.30254099970195625	-0.7622353806130048	-1.0232760588756287	-0.21344755938858762	-0.31544646336266663	0.04957326855319791	0.6631247486696717	0.5921518479983058	-0.2889761821939078	1.0021361182140813	0.06406788868197491	1.2979364657138337	-0.5065509871122568	1.2884578749985547	0.17667751478078936	-0.5805842529988391	-0.03669395942562373	-1.1431007960073596	-1.0400219456495747	-0.3113349972719903	-1.1257756861663057	-1.3965630652151642	-0.9834818942092207	1.5026105507206025	0.16036152389483935	-0.5007438941416078	-0.0843367018934584	-0.943776586545988	0.312508243106365	-0.007243241896863513	-0.49627374362817683	-0.09970025842567745	-0.8964470207976265
DTXSID9020110	-17.836481570332424	5.756508042128377	-11.927546277077493	-11.119889705547854	-0.24319823597135218	2.473412134810869	1.6527643787867805	0.5054115456668741	2.956318205173953	-0.2910665162959607	1.6723733442160282	1.0334264370064097	-5.382255610213454	1.5789741109287	4.809279703354924	5.196293913402124	0.09149403163892843	0.7080061744124816	-1.6942808633541637	-0.9136849837533617	0.14873862572609423	-0.5294812501256487	0.7116209695396825	0.7993493419462333	-0.09863876711392199	-1.3187913882972708	0.3745353837976736	-1.2823585414420042	1.5334611830348002	-1.3757945293573073	0.5590430809990677	0.15520999957225495	-1.5770888996524004	0.15888906906767045	-0.5096397554377091	-0.2716932728448821	-1.1201581394158793	-0.9345872166014454	-1.4568547826392917	0.20329694893579126	0.14703104030961614	-1.9472360200742793	2.376133420636812	0.2813196534487781	-0.5831919291182037	-1.448273372566077	3.554990454800266	-1.8963056980723056	0.3054988292987448	-3.3017928651955972	-0.9091075732280919	-0.17096787774192596	-0.8931775352004998	0.8729161882349672	0.5967826678913778	-2.0750280839169832	-0.8927348871314532	-0.7536866957779689	-0.44741644934592	1.1465450890045117	1.0691908690319563	-2.4895373878492824	0.5584264894443158	-1.1832588623459437	-0.06166929079409753	-0.8862601370612699	1.3287352519962463	-1.0955568204011943	-1.2667890240148385	1.4238645473739404	2.7258744981744325	-0.4474065248681432	0.29464291479245264	-0.5398052095474363	-0.12059077785159562	-0.71598947903937	0.43960850281026936	0.5372236353297776	-0.825335971028692	-0.5727903437696089	-1.5268783938805655	-0.8067247867270068	-0.5954663313682717	-0.6628930604486835	-0.9600206059570617	2.539003912084553	-0.4818947306415654	1.2325964102738496	0.17687788705899568	1.5594620904018657	0.26957818353605484	-0.9977485904988489	0.024759577284459922	0.8124184067206218	-0.5946708802281621	0.47991313663857954	0.7712606185490128	-1.6297941586032774	-0.06439303834597923	-0.150726295718391
DTXSID9020249	0.8120857766440992	6.2170780253388465	11.156402634577816	1.5667472641499338	0.03917151937643922	-7.647259503044833	-2.0318856197634387	0.9715740612387418	-4.090385388103404	-3.780612436826506	-0.021705437296365048	-1.9197797749366896	5.958492578574667	0.008737748492452848	5.011789985789202	-5.941345844034516	0.8880814916185666	0.839336398273685	-2.2019958158810025	-3.265817946557888	-1.3619203299087237	-2.302924287110831	0.036119402813505855	1.673198230140454	2.7711691713392823	0.6142192788403756	2.416377514475508	0.27703300044160556	-1.1291396296574783	2.6651940485720678	2.822656791529623	3.79828714259253	-0.4399562342219295	1.5415074933373492	1.2128962492381483	1.4635817481663502	-0.6715884113901411	-1.6051423312841717	-2.086719397323001	-0.5667963697981668	-0.5390805733527387	-2.2451061096776037	-0.38660372195946996	1.7935467504186735	1.2849887510802822	-0.005529824347055739	0.8146014238017817	-0.20835320425143397	-0.13941117528271152	0.9113592898244912	-1.604543267240129	-1.4463641452686247	0.06497140263104298	-0.909216423214752	-0.6496134166183481	-0.20363565178214374	0.20682441474018684	-0.5009554477917377	-0.03548423338085267	2.026268953594228	-0.5410439596283447	0.606756095777832	-0.393598381074495	-0.1075346418154332	2.238831315806786	-0.6214268768980516	-0.7285882131843262	1.2463736973425603	-0.3956491729080832	0.4575006530017772	0.09970210647087344	0.3365752300979022	0.8933864536179453	0.11840725867888977	-0.31783410655402716	0.8040310562732742	0.8974471480200825	-0.0802897653066457	1.2959725798438455	-0.40155711619744466	-0.16147161678828342	-0.07178533602747926	0.3622704794692014	1.136473129419022	0.18432241488311824	0.6750877355836742	-1.5986495675983432	-1.3621968819003967	1.5432958813827014	0.7711842012992383	0.14505659790017536	-1.2388752760094215	1.1156718100881287	0.7163872579864375	-0.8840671641485515	0.164908355041234	-1.0857638189196999	0.12874610218245838	0.02477388092932406	-1.2589018556067615
DTXSID9020243	-2.1275515745562834	6.4944184863764125	10.700729376296223	12.132700961429773	-5.63126126556738	6.653900247667311	3.5611557241302894	1.6722543385990765	-1.4324676548982171	-0.050094191799448864	4.15743643081093	-1.3004975187092807	-2.0583666435816825	-0.38185294989537405	0.46347978096764725	-1.7709204897831965	-5.602649112334943	0.953887947095294	2.4272559891640686	-3.127565858053761	4.228272842088011	-1.3579703043916564	-3.089043411648354	3.669987780061043	2.0614497944091603	4.817092949896589	-2.9941749477334074	-0.429154475171752	-0.21210778293001428	-0.5877423205273452	1.4128660617787143	0.5486237286907745	0.07050312536474727	1.600881199797896	0.9926694995028057	0.24054811081355001	-0.12191768045195481	-1.2211384466421564	-2.7010614209640895	-1.4754078696314032	0.0683944776303975	-0.07345391294612763	3.1379743587723756	-1.7184608542123412	1.8592436228052616	-0.6310099353320823	-0.9419018640011375	-1.1154390960793954	1.3610172033699575	-0.9823994608762744	-0.6457894189532575	-0.21473302081036505	-1.633721877734942	0.08846987687127572	2.6533245832109795	0.007533465026886038	1.7189898894853721	-1.0139925647637302	-0.027214052021867507	0.10771000008201674	1.2204971163773057	-0.29432723458662	-0.6367939796965691	-0.9742763422367986	-0.7194272117646237	-0.08162603972741878	-0.15589424070452507	0.23690615382643376	0.2109340375578368	-0.7714579002522298	-1.2317541083653762	0.5779709180458144	-1.6368180051728247	-1.2235168810419224	0.14922550128173848	-0.7004701656434666	-1.839954068556286	-1.4929965471873128	0.22051976756903993	1.7136634758674971	0.05592975959689997	0.34501445471702646	1.7785987833537125	-0.041833182214219444	-1.6711596975123368	-0.3586159944571069	-0.4549268490538587	0.8759741151317983	1.4080002811002092	0.7292557309228301	0.9343367058981772	1.2493524176617157	0.28289041160165007	-0.561813043046154	-0.7636510739252684	-0.24690159046853707	1.102797546937118	0.18735696789007705	-0.04645586954471344	-0.4942453711306153
DTXSID9020247	10.010744050623117	5.706474092487715	7.133833218739241	-0.28250971175660755	3.6943372630305626	0.5171944002201719	-7.32533782947524	-0.9362489665477243	-7.968576468728273	-4.756538708739781	3.611982928006029	-3.6694422249041176	1.6992623169823775	1.0533318937781853	6.887893519011779	-2.525647034968191	0.7478161636348252	-5.5021115620015095	-1.1157428450770914	-1.0167798770618508	-1.960688178111363	-1.3770136591795623	0.6447612591981342	0.06497428649605527	1.8950482903388304	0.5038583450956831	0.47992450315706636	0.6930447373343047	2.130370303220104	0.8261009045765572	2.2303920662006895	0.021292401772662332	-1.7666085022166969	1.4046541752839437	2.8339158461175047	-1.2050928739213023	1.1695388769872241	1.3346865830943617	0.11039963874218388	-1.2442799921024164	-0.6002219454445359	-0.5625366384573234	-3.2865553738380093	1.2295920293217852	-0.7880171737074045	-1.3408123121972668	-0.38103016105956816	0.7512784819806292	0.45335482204880206	-1.0217703840310408	3.0472510715065493	-0.382352478730557	0.5468726581638844	1.6504203414052383	-0.5230417633745272	1.047625541792775	0.16127959454245483	1.1274002962070293	-0.4061798959576565	1.8776284995441506	-0.9342352278933618	0.27833329896695697	-0.34680436210044085	2.57436445246476	-0.8981989746109553	0.9118620420982191	-0.32178693400538616	-1.4757009770805734	0.8692705204405982	-2.1071058135510388	0.6662121733917361	-0.15661231712608226	1.288937356326166	-0.253528058710795	-0.3088053404176914	-2.9617229295977907	-1.4529441735841488	-0.10019060610955222	-0.8046977834434703	-0.04167676348142424	1.1950306060947073	1.6387739851278371	1.7871669536404917	0.5559401204712654	-2.1828541863364985	-0.683171238152783	-0.047503395943957374	0.48380373943480315	0.5245741029416153	1.3187965850464765	-0.6409444288755677	0.15734830558034144	-0.023025686893914443	0.43153791996004837	0.9318216683283954	0.4800675238889136	0.16034023469853292	0.6245141792881499	-0.03650657751152438	-0.3747691531919958
DTXSID9020295	23.438496109662992	-1.9876610371594996	-4.929368230687992	-2.519827901970615	4.017531046198403	6.059508013498519	2.361746608645677	1.8881914666265764	-1.069750342424474	2.006953308052469	0.5593364299097814	2.00161370596604	1.1018674526748935	0.3977004523107977	1.1365421253032812	-1.2275685717579217	0.7376897615659124	-0.8033272717628998	-0.7183782150610312	-0.6885576704255543	-1.197951255096536	0.02052287804738681	-0.5646242641374245	-2.645346818804046	3.0256219284267343	-1.4509213691322302	0.7490919995068771	0.6576614208364121	-0.2320551350810243	-0.4555241735025957	-0.3638640369557248	-0.5978356708053942	0.08576773681710313	1.1795521805702989	0.4320624183960478	0.038875966646252806	0.3116249392866565	0.11018551571085201	-0.3177163746829072	0.9060870537735258	1.1537480748766509	1.0131786944006225	-0.18139014411976317	0.48787799909513	0.30400557505274084	-0.5848609330065461	-0.4582583664257231	0.21489407532594268	-0.08117553942626515	-0.06882104436084718	0.26249382241258795	-0.3489111008425553	-0.3156668811075784	-0.39089720609361156	-0.2070351857759447	0.4179882975636698	-0.9143314164679138	-0.9001184303182546	-0.3983735285205208	0.3250316392921417	-0.21346915679849854	0.6331261107498469	-0.37140892132860714	-1.0766390858873858	-1.0148544589811808	-0.8406268866176857	-0.2672202774115552	0.27035351373621347	-0.810655991896266	-0.10779251678836667	-1.0250706581627496	0.23718690172776252	-0.17154739826922605	-0.18936916292505832	0.6018529064634083	0.595815682174461	-0.03344095839235947	-0.4523173716270191	0.07925980933703118	-0.40058268982681494	0.22407562859764307	-0.36595524307831856	-0.17076903678690586	0.24477515571188657	-0.3207411026261325	0.3047177547770035	-0.22409390165475457	-0.23180114311605984	-0.5637098678397607	-0.2582180123930019	-1.8343690108420285	-0.23722093576744224	-1.123037360584168	-0.15922040744814825	1.1119337174363735	0.6320410637247277	0.05054587014147817	-0.8840821403409875	-0.013521618347432054	0.598842460713164
DTXSID9020451	15.79924885344275	5.791143924410273	-0.3695493743441832	-1.0715516612560916	3.377798310233633	1.3027983407591424	3.686871824065366	-5.876197334969118	3.5079045346574595	-4.127423024758841	5.2436416798842185	-5.398988562612427	0.38268754764980223	-1.6101575107828916	1.4157036374773406	-2.313738788989035	-1.666236307461774	-2.7942478974285603	-0.6326337633845783	-0.4884547783513398	-2.992829825190347	-2.4042381211038157	0.21974519892237113	-0.8645278597071377	-1.0300746416670987	-0.9932781517251552	-1.8256559254064657	0.18568457567074415	2.2106336668225017	-2.580909036026352	-2.911742729010548	-1.9613772019869962	0.011758062549867342	-0.6275860903252858	-2.456784428491705	-0.3682690206850188	1.1510565650414688	-0.7769755604028313	-1.635983688541446	0.2587141892610625	0.11174114773547877	-0.2827119504108334	-1.4552586534466496	-1.3251647100564057	0.4087223381286307	2.129778969230677	-3.9657473992620913	0.091223152794057	-0.3894206704324315	-0.13606095610207922	-0.20744033514938737	-2.1721405189867653	1.109289921443398	-0.994415480480672	-1.1170798120790515	1.1556655290955546	1.2813041308028483	-1.750998924284776	-0.2994984563134976	0.16752047737021497	-3.8949424874439633	-0.37950354742456593	-0.4491488104789444	-0.44178480538309695	-2.0564709963864036	-0.9475114424061897	0.6705042627635075	-0.9009495477573759	1.238613896411512	0.9230067218028288	0.42083119015597276	0.29508406134566195	-2.463880115244013	0.8828367246328411	0.9036303523817475	0.9446928152710933	-0.7817873330086708	-0.5953416691217435	-1.9461217125210286	0.9864284000817424	-1.0716590833619126	-1.8190456388982783	-0.04528059846180951	-1.7985332188774985	-0.1108924286273791	-0.9349064883970984	-0.5483624572633788	-0.7150246935457023	0.1443818900574398	0.3520503161717177	1.4482085963529516	-1.8330150741467681	2.09144699502123	-0.7805888818554378	0.21045591939748418	1.3597839741193896	-1.2795260466054164	1.1045133938084233	0.08492451057625242	-0.15279490704071894
DTXSID9020582	10.760828241429259	-3.121815085919172	3.3925051390966683	8.745091816982365	1.6618407852542816	-10.56938526305451	3.1136338296961563	5.872406825935205	1.559964961067688	-1.3756450072427213	0.8277063586431987	3.404211849964475	0.8555290977405133	-0.23263802192461128	0.8969298463788258	3.2973898208189185	1.1363377211749124	4.761853895746846	-3.4914851253351626	-2.328477037856614	0.48192183007674994	-0.36985562952526857	1.7037727727385819	0.3730239638235736	1.368021118577154	-1.9547092617290809	-1.5228439932394375	-0.22774868352249183	0.9697252698896536	2.0024915295404595	-3.15674326065107	3.6514888581462657	1.1064731696605492	0.5556346259914616	-0.8587287170505387	1.4398565099963065	-0.2750008508759978	1.6250030509945312	0.4189341367813745	-1.8340407872522544	-0.7683975564934011	0.4348774178473061	0.3461945792615413	-2.5898765508115407	0.8257685935734181	1.3803233580719458	0.10517796857897146	-1.1612962148233925	-0.2807230413271983	-1.6055404725329254	3.2395596841541914	-2.8469436814594467	1.7936824712848471	0.9481970296994062	1.8903451120869121	0.17967524515417935	-1.4389175032042272	0.20088383045228123	0.5952270153632259	0.3081125758458816	-1.2555204141158554	1.1784868502703867	0.2188552912774533	-2.214139842243044	1.6436477509669938	-0.6242802676657359	-1.6385156146532474	-1.2480430004337024	-0.10986104569267531	-0.6747540299629581	-1.4719297356953285	-0.7986524481740139	0.898319504543201	0.6612966543946249	-1.8785471048563172	1.1489047232564973	-0.7766280439387193	-1.291116525033599	-3.0377319123317785	0.013925994597038525	-0.10291733319641991	-2.596226953409645	0.9719019276115769	-0.23070475363722384	1.93228215948635	1.0437531024765772	0.23517211908966595	-0.40469649894842274	-0.1275704301498372	-0.15506265779986397	0.033681854944213774	0.8779891321407831	-0.40101651054659904	0.6565899687760727	1.2083977806230715	-0.8728731223032632	0.8406502611571071	1.0275083800208948	-0.7184819498901447	0.774632202880221
DTXSID9020617	16.33615984366714	-1.603190718692299	0.41613544066726305	-2.865290933531619	-8.640542955130389	-3.6568559331515793	-6.2811548100936525	3.8232700526660537	-1.5454265684421724	6.770042714246392	-0.9683442221183105	0.5458021307077414	-0.8612063429791789	6.349764140449893	-2.866073242818479	1.7584813869342169	-0.09082758475569229	-3.3568401861730877	-2.5308840583341246	-1.4782485328427724	1.531455952415669	0.6594800281114062	1.314594276986179	1.230347059327839	-0.13941082379667916	1.2562250807814732	0.4685929915489694	1.2565971197811734	-1.540202708402123	-0.7560871740255463	-1.7253369358776522	-0.317807172074985	-0.6163054970759327	-1.1467165081093253	-0.4003662870330618	-1.0279501648528384	-0.6097513011922148	-2.0218835560086648	1.4931443111024278	-0.7303367116711034	-0.6662607849971542	-0.45634890050978383	-1.3704579715776948	0.29288932517428246	1.4989307982977609	-0.528052476695506	-0.11499886254746136	-1.8409299944420645	0.8525473016857238	1.0779329002885927	0.3755648402175842	-1.0077020042564877	0.16614826063739668	0.5878182127394015	0.12950522968469305	0.2310791256416215	-0.3180951656410719	0.6591743915010388	-0.5418951719090874	0.6604721868359401	-0.06290766636520218	0.3521160995167644	-0.19409723018068947	0.2947280342243988	-0.6684974397291632	0.16698546103766365	-0.6005526754670703	0.2642143049454857	-0.793687557488583	2.073380984548853	0.1405195276016639	-0.4183268096049813	0.22504610891568977	1.3927048618013422	-1.4872796957559242	-0.4075388801083755	-1.7606254541159922	-1.1078579951303649	-1.518645448452683	-0.10565474884236709	0.9132465859115972	0.4320553236747814	-0.581742161922789	0.23450999996842112	1.275891418541985	1.2293793760397511	-2.5494881721679965	0.4785280742406808	-0.5678096750699576	0.06937966204358144	-0.988434140042254	0.28264902247099577	0.28723659467021784	1.7977538178974999	0.4770849244660519	0.08627546809769297	0.21196327825273178	0.7619764938811504	1.1398655895666794	0.7361517952082766
DTXSID9020740	-11.510255383262606	9.409944546655648	-1.9665170274789887	3.8971768594910956	-2.214879778217648	0.1464764757444225	-5.599337086920604	-1.0750215560236258	-2.856933229619396	-2.0436830354891926	4.9026746132719765	0.9501042281759879	-3.8274516792791067	1.1405393723327641	-3.1439091992523354	0.24262069906223546	-0.6243982263315242	-0.6512163565291001	-1.1688984357255978	-0.9916778582743828	-2.7427587387821495	4.783837043003574	1.3711803355430303	1.2629879540861126	2.1525215796093238	-2.594990073892727	2.1546310662523362	1.0508407210155024	2.3496057185906083	0.9750703402402928	0.29018751402696974	-0.14124209740785582	0.1618921696523777	-1.3019207231287748	2.4794741510590255	2.638029158594929	0.44745418644160545	-0.6443114866532265	1.4131287113506241	0.7131160349581577	0.6647163413789539	-2.3153416838700576	1.2486903880571742	-3.6497345179686818	-0.06020128011865882	1.0831964431004055	-1.5792414689898084	1.8408928857940439	-0.4379464234259046	-1.4294805895644822	-1.5604530916457018	-1.6293201258328978	0.040066093350683216	0.12100649060971619	1.3260459641306186	-0.87848931911699	-1.516443928250688	-1.4401921683177041	0.193218177994754	-0.5146013359794769	1.1914547253853236	-0.7056783526811198	0.2752414953466862	0.8691580741352116	2.5261494072372024	-0.6477001596275401	0.6318658664715011	0.8768482363859342	-0.1300608520042037	-0.4252251547337673	-0.10667151711675925	-1.7576264927364236	-1.234963933890008	0.5937242777681718	-2.0857437406467905	-1.3966536754832317	-0.48564880057714793	-1.7959244567636046	-0.2584309325625751	1.0002938436323552	0.6129037754514773	-0.3342616289216844	-0.21103854799382438	0.5074488880576765	-0.631315469401591	-0.41522633109185964	1.973666702758839	1.0168666059255038	0.21886825658930137	-0.6272259424383615	0.10819442481449665	0.2460397659178115	-2.368865296346505	1.4185125130710319	0.5801151396316269	0.7883947078941153	0.818588559430923	-0.4089453188943122	0.49760799133832434	-0.6272491644275652
DTXSID9021138	22.696650944274108	-3.957186593834133	-6.49394624957112	-4.684943919221192	4.579650996698021	2.7448607790346076	-1.6887780931677723	1.8662684738931663	-1.0364790568830007	4.589502828159606	0.7138433288383914	1.4369067282429044	-1.5981323976683883	-3.1318910522580277	-1.254781985458412	-1.540488471240561	1.6937407232709274	0.615574306771164	1.7250014606295956	1.0347325337677618	-0.7216180427633506	-0.2632757084561944	-0.7704688660817317	-1.7186068122173914	2.653171949011327	0.7807650249122661	-0.28477403884884295	0.8018502185717147	0.07630718600952988	-0.6856563581113037	-0.2536737121010526	7.323375938894095e-05	-0.24951594179237638	-0.17831662854815852	1.3578603103526523	-1.582996685117196	0.5912905412971221	-1.3634699009196127	0.37554593622983506	-0.21878016150749668	0.210341315743478	0.8841081834074428	0.3837833552187007	0.6708683640777666	2.2469613051699753	0.25071389624656676	-0.08294366894700025	-0.3784223543557025	0.5958410585919407	0.029115656379307936	0.7107116052376671	0.33390995314562244	0.5255818296851507	-2.6654382191571884	-0.028501348519278765	1.5063079317076087	-1.2149857292644473	1.0496234031714604	-0.2593851216661604	0.9232844988416942	-0.7863129457192921	-0.958092766083398	1.5706069832547698	-0.20806810867638173	1.0584691883130595	0.41405261565847806	0.7296033558956495	-0.44369038840443736	1.3106049542622922	0.974912036055795	-0.5210223114574134	-1.7504699546819322	0.7564600445899344	0.1637710716285146	0.26054336560661084	-0.16723460617159944	-1.1814138149630575	0.851731028270672	-0.21300343806419234	-0.05893125592841503	0.1941240042707844	-0.3533739972357446	-0.4073151462152723	-0.17522195480939937	0.1891954132038835	0.5815297726356946	1.001138491182155	-0.8970076684197792	-0.7065153675607144	0.423713328042179	0.6602091667506641	0.20229025432892797	-0.7666858632224122	0.5652164175514021	-1.773981058107641	1.9924534924931256	-1.3145293702304341	-0.11069015072276778	-0.7009575013669578	0.1395680778869491
DTXSID9022310	3.7873801759310783	6.778091673544141	-13.883809671139874	8.392537910596602	-11.443920934137235	3.07232763820957	-12.6040140818528	2.3292254476458267	8.953883009942846	3.736971840589115	-2.2347715880199934	-4.24562053856141	0.09369978985213025	-1.5274741883693774	0.7003098858888682	-2.034749502624651	-0.5209566376952579	-0.22094719588102624	2.0506470397441494	-0.6924500405379025	-1.8071781225591386	0.45291810695121715	-2.6222115976775666	0.6686108417378022	-0.6690962769063502	-0.5276386577821508	0.4868869488132215	-0.4541806105327091	-1.1573291103447771	0.19761026544842036	0.008285305975491918	2.565008849021976	0.5259856645114791	-1.2095072945399312	-2.3871334776446913	0.37085009931058294	-0.7927130043955949	0.5536669821147928	0.28173265385393365	0.9075884083607731	1.2076396733021761	0.9391365851262286	0.07709038664739011	-0.08611546321545036	-0.7672762587243348	-0.31676259221216296	1.0872869658156339	0.4943952454039688	0.2116648405221412	0.2341875567686655	-0.22520659018800315	-0.15762359615077803	-0.702171905965142	1.2023172436907192	0.5833082092139241	-0.10944304414082437	0.4404581422416851	-1.4773564660266059	1.645579940921793	1.4827328817977201	0.5282894247598371	0.8041140071825944	0.30659811914974067	-0.6089762664918517	-0.5365231046714767	1.0404479672668423	0.12146960370979097	1.237871361514092	0.5812339604185547	0.19435406810671005	0.07016784150895605	-0.22237594573145267	-0.9319486530614561	-0.8702562677666623	-0.5990260840234775	-0.1944639241315749	0.4223441905009819	0.8864709995400248	-2.9200119748050364	-1.214232626770109	-1.3476402597955819	0.4904746689465499	1.3451337703693864	1.1665522490870996	0.4789886667030584	0.642825141018844	0.555040086707635	1.4579896672421664	0.6292136800684682	-0.8462127088410424	-0.167194049912951	-0.8879247326368748	-0.9103938742946271	-0.21996323476238377	-0.14444479007138641	-0.9084462709384143	-0.3925553498881499	-0.21555505848372472	0.005358849449837417	-2.0279784379505137
DTXSID9021928	13.377689412374362	-6.897336088302309	16.8945623828142	-11.423090843426754	-3.2009219403609155	-0.8525894245600416	-1.5769502442927823	0.15004218397137936	0.2923477959954771	-1.1268781747533247	-1.6810318410277767	-0.8359800393059582	-3.130201315024893	-2.247962539012158	2.5202833657706947	-0.27450022250871076	0.7887048239916379	0.40031894030554044	-0.7548463888851905	1.1784850970231089	-2.2818573247382536	1.3494325229143922	-1.3251272352801673	-1.6614608941100097	0.505095400314392	1.8717834027176379	-0.05549493039831294	-1.4559840634720838	0.4683892107292611	-1.604377644369536	-1.570291494689158	1.0184989041762451	-1.0343693238819627	-0.2370541910646081	1.0422681645565293	-1.091053976704014	0.11449138337904766	0.2081130071294906	-2.1139268443034336	0.616521482370749	-0.8010797777078088	0.8844030421181609	-0.3981702320184843	-0.8054072537822371	-1.1657779542413356	0.36263596902332285	-0.6419145331284888	0.6909545595622635	1.0958835701809702	0.18013364389602857	-0.11124867991536919	1.4481051861415437	0.6384115130575805	1.5175765967213302	0.4560715090748707	0.07300310546372954	-0.033298647807596594	-0.1815582708911076	-1.977146678195086	-0.06707782187154539	1.3822475414034996	0.7189511088208204	0.4117729267529655	-0.157798064287724	1.1644710756291206	0.23076548200979458	0.2694751789458264	0.8693743122413532	0.8421106542851535	-1.31519370054303	0.9265071947157898	0.3516232971145906	-1.3678773885969449	-0.42283946531982675	-0.1875523669581881	0.25801850503324525	-0.7674679638318332	-1.0914344803163338	-0.17163215294672815	0.2584658249060215	-0.7362402888633078	-1.488439419993571	-1.2640706606442482	-1.1175829210720718	0.372961745047154	-0.21512919203584618	0.43914955422509394	-0.960224664398414	0.24241668337009675	-1.2722342133844275	-1.2763879417338888	0.34383508867567836	0.9566540719880178	1.6761838425393811	1.5003823783659334	-0.8545936690911217	-1.4621935389037157	-0.42570400832132244	0.19953464444310084	0.5255658258634421
DTXSID9022817	-23.72556684465637	-11.207680016969476	-3.3055824757498566	-4.383327103017194	2.8725186527993816	5.390534053460999	-2.9213395547316447	3.1247873162500763	0.9981327332264888	2.903026446513503	1.6718836001569541	2.061722101189973	1.1038095281321183	-0.6226693739828836	0.8713228437417729	-2.8993706467082037	0.22035719679901636	-3.5781890288407725	1.5759009837922977	-0.4803974748997561	0.5687517939630503	-0.7624000225324603	2.1591866892293927	0.5538465735993796	-2.7303081736692305	0.6572204281563446	0.14634066272191334	-1.1372811267231842	-0.06989225263578994	1.0381161151124698	-0.37743245824577154	-0.5558646049660355	-1.1685047558187163	0.927953830300644	1.1074825203766483	-0.8464543052438226	-0.5621460789660173	1.2567408261267268	-1.5326230303676411	1.0713222267198543	-1.0748196083498205	-1.1773896552083487	-0.5079533513441002	-0.565115587350429	-0.08304314227911379	0.8841785970201375	-0.7830431540094948	-0.15843539415582442	-1.236571309553014	1.2409054996389945	-0.21038866635041786	-0.812745761262556	3.0111265590510623	-1.469553145831012	0.858516476642697	-0.22130830348540137	-0.6393070118931722	-0.013865736374299987	0.8289784578011623	-0.9584636210880061	0.0857260556478101	-0.03602181049342932	1.2604585356225226	-0.9567191729001651	0.4198327535003035	1.0583282938169067	-0.4564499691930439	-0.35109784879866923	-0.5480656330259537	-0.04928368716037612	-1.099063099940979	0.9333614138844841	-0.3751165111327195	0.25130359187018425	1.2676400161710506	1.81586531025521	0.12934940145380994	0.25273943880989885	0.044413129630314165	0.9531039299692887	0.8193827918670831	0.598662653410249	-0.6541265396434722	0.4035039936313519	0.13556403635749795	0.7276017841961427	0.48005115965857353	-0.4817927786962888	-1.0918624342411765	1.0963495588044723	0.07975424190875885	-0.1907204328915996	0.06343611826053112	0.14405116041164723	1.1016369797295245	-1.0828012426335374	-0.7979446338128168	0.8456862701582826	-1.2453122694185756	0.9464273794947842
DTXSID9023380	-9.674899140252414	-30.545340495297474	0.731585571497691	5.223500238570662	-0.368985444073804	0.6222750953848709	1.4403924373183672	-3.3225586782886714	-2.003278359815865	2.054596813251786	-1.9596979164179178	-5.135037893199571	-0.891628661519854	0.5896137812144833	1.1264904611296205	2.1730109873706995	0.7187266391579377	1.1338112613032523	-0.8821396617916833	-0.41922253525159303	0.295556106386093	-0.0978934632209785	-0.17102531876120078	-1.018601612065189	0.9912648410479924	-0.37929338772222165	0.16079350595633107	1.3349396875021724	0.039963636926818896	0.017798444528374972	1.4051618872992364	0.3750376739882034	0.35303453962829645	-0.019125201153099198	-0.8122419453673434	-0.7263310316626752	1.7648907415645327	-1.2224621852217996	-0.32971778714731226	1.1161938189363312	0.4988326795948084	0.46308640290644165	-0.7955815540152342	-0.483967949058581	-0.4269782081795678	1.0466882154766854	-0.3846467621297831	-0.1380393137657847	-0.06598626014517964	0.33623706422754523	1.5549749770284005	-1.044411661726312	1.268312682391529	0.4221943769839207	0.4553351074159987	-2.1453744456064805	0.19140433381442715	0.22069026663766989	-0.0010659921209791976	-0.3360065674473391	0.8771002231247554	1.0263517741078072	0.9817686530035573	1.2882445586554265	0.6248154374252128	1.7619723134696899	-0.5875247539478279	-0.535491036439515	0.22845420549442397	1.4322459206388254	-0.6845994102919953	-0.8856760854039872	-0.9068483225805033	0.050708243200144255	-1.0750279473559436	1.4876402324088547	-0.798731238426895	0.14369648519900566	-0.8285019642175809	-1.0877847608536995	0.03930373798155019	0.4399358834154258	-0.3470266007365348	-0.7706604908919061	0.9503413359259533	-0.6915320262483681	0.4125457818812742	-0.20912845707915143	0.022083001991494596	-1.128401642586373	-0.9221439008643955	-0.3459339730418251	0.7412183666634891	-1.220025758788905	-0.0767401836239132	-0.4449144347807206	0.7967522168034507	-0.45502480808496104	-0.39021876928517524	-1.3529523897635782
DTXSID9023881	11.454236037757497	12.1353463587527	-1.3835548272985867	6.619725900210656	1.0198584877296375	6.8676596112863635	7.976974822124024	-3.9600090181639303	0.5014965687209288	1.4627371569107377	-0.8480942677793832	-2.659846775380213	1.2619490665716016	2.7739233700126733	1.7782138503764393	0.24207690959720837	3.6754661983974413	-3.0906017893566	-0.6339784422268474	-2.890001162918451	-0.6986516280912729	1.1978755106457526	-1.2978546778750557	-1.7014056555635702	-2.7845929195009864	-2.0018810902724127	0.9923988784333806	-1.5907822145280235	0.8670498203163371	-0.7931481561321493	-2.212502908181368	-0.8099529335858031	2.394011353467941	-1.396619878761629	-1.3795384655245755	0.21621923499498433	-1.0494890149953915	1.7636542709251664	0.16994541010946657	-0.9611117044025098	0.36045648075262643	-1.121399303947739	-1.0729494392226038	-0.6519130557815047	-0.8236835478609162	0.3158184580586417	-0.593284324227869	0.6492337647002663	0.7554726677620056	1.135527575078125	0.8635078927056455	-0.301332554840545	0.5612873866242016	0.39353076611236687	0.9901180114730511	-0.5335716415328757	-0.7914225198574759	-0.41910496810240727	-1.5496872776445914	1.3691058859072938	0.520407221505158	0.7902462748539479	-0.9191243237630589	-0.9020879840362162	-0.40596157064302363	2.8357870288738076	1.4039956687815025	1.519546793714175	-2.4353154089496485	-1.2487851072191103	-0.2273702045529338	-0.3876088717406275	-0.5850939075083628	-0.30495315740735046	1.007655182320626	-0.15120323621486761	-0.4683506315608079	-0.2427876894194694	1.381209564249746	0.9349558523292953	-0.12146140082785284	-0.8069210686810686	-0.005326670791522079	1.9919596232228425	1.49321535765727	2.3116546830230598	-0.20915101955931567	0.042658696135902105	0.7485332497847292	-1.8896619705719897	1.3119733831803067	-0.19841392609159395	-0.8573343520352543	0.7504145172362225	-0.7411508619600159	-0.5364468377445859	0.8642175002872612	-1.1104730126565068	-1.3827294894201607	-0.22429171579435198
DTXSID9023889	-9.944015283933403	15.099425126258812	-1.8620088185391417	-2.2211441980660176	-0.5138985816929629	-4.1140652403984195	0.5407596653801637	0.830944016405494	-3.7356899673201465	1.2963633739744886	-2.1353975064483905	-1.771637849188585	0.7622619385753026	1.000298740331532	0.4663411797077825	1.1536761906524844	3.3113477584805557	2.2037124570484377	0.8105673541512718	1.0842750905386793	-2.494490043854008	-3.4926669379009834	-2.9807960369785302	-1.8679251005942115	1.6180898872095233	-0.8800781338795437	1.1467443389131249	-1.5197745948019667	-0.69386251354387	0.11984097149151733	0.7795259407497181	-1.1962183079887787	-0.8888293184588163	1.2627447829843483	-3.3117618569627743	0.853884698350656	0.036260214229364277	1.1674404716983373	-0.3327303375899031	2.651562859206992	-2.608256144285524	1.3134901916521011	0.7949906073141181	0.2009369760894941	-1.0048101425541704	2.791387192421049	1.1035929528960184	0.5335933531166185	-0.19384607666552314	0.7792563844981107	1.0713044300117183	-1.182637638680325	2.1297931625989492	0.6454507173388118	1.9763147693133072	-0.12562187791791438	-0.2538369756830514	-0.21099687760812402	-0.46020287668019316	-1.6457865074963016	0.08932978541071124	0.6509010006396544	-0.669138755132929	-0.34866127413975156	0.006674733504731878	1.741494427548913	-0.8179111583742548	1.1450846889143138	-1.4397443817760343	0.9513842161804551	0.08846106596256918	-1.1139552281379206	0.7950131660140815	-0.47898371672245604	0.5314635643649309	-0.8757648919669884	1.7268900944757057	-0.7767542077565095	1.4389651509947172	0.5249395090574752	0.15407507124808364	-0.421435861913248	1.5109438573899945	-1.66887826082026	-0.08123106512787037	1.296413270674802	1.7013129749511562	0.9317842080556349	1.6158500916066911	1.231311835109585	0.1594403029436925	1.7495024664608374	-0.6405924770341505	-0.634922201221141	0.967363651610903	0.9259369010898797	-0.2156936138026313	0.7825440717677359	0.31331620881538247	0.3544657473520785
DTXSID9024304	-8.60616274379754	-0.5094480710152769	12.950381693573163	-1.0278637196459928	-7.868716870829855	-7.557810284987601	-0.5606403096203421	0.6828033946614681	5.720496151446209	7.225848109253951	4.833124990058024	-2.6304157798261087	1.0779730716589417	-2.4090111428815337	-5.238321832037007	-0.23267209094229213	0.9162786179090309	0.8236477400053713	-3.0681315169551038	4.181632038219434	2.7139630314854717	-0.2837023439002161	-0.5275161241869569	-2.3369724313437494	-1.2777665238673384	-2.6153255312094474	-0.9899919495728216	1.0109981956530039	2.0497128924838246	0.6302490225226157	0.7196122249539878	-1.1994922379531787	1.6765295991389162	1.1634420861556953	-0.1568645343090357	-3.704277613861718	2.5097293512375667	0.9218236321628464	2.6692743715653	0.965751045132352	0.0034217017558950988	-1.6833175124703779	0.7079243341784959	1.420599840284692	0.17345982314225986	-0.23975715115688156	-1.2730596328508244	-1.4239271684946293	1.2128124266148124	-1.8197247556696765	-0.6152095474543405	-2.1973403490742682	-0.32929746989596126	-0.363541785505288	0.13323426254605622	0.21551894866009216	1.24950804258983	-1.5537333692112767	1.948013457037453	-0.12302079878572837	1.5568891362428812	-0.9310120210973586	-0.24276521586341787	-1.4185422180910439	0.9681446379711941	-0.2583789101436962	-0.5289544863475719	0.6104458296442333	0.23249222781787604	0.05748144550686987	0.025155439650127523	-0.5143439367863368	-0.6136206191469596	-0.14950210653869928	1.1967876269183524	-0.9427005571829623	-0.08890260073791527	1.7952755273837164	0.15662820542723235	-0.9151762719917429	-2.5272587062361667	-2.779095056686839	0.6278823401164199	0.4890262995345385	-0.4702215799769595	0.07174462828866097	1.7426572358732622	-0.5894562555575256	0.1354046132870827	0.18396990163953789	-1.0671896190015149	-0.1104744328929718	-1.3993482464290132	0.2381906374677354	-0.6545514506288316	0.08091680018229273	-2.1929129633121316	0.791714754399517	1.243155989125332	-2.5987957299596847
DTXSID9024485	13.516470824335098	3.998042179664207	-6.592921506176013	3.1049051229916804	6.6777806153092625	-5.464160191829498	-3.6840861471355613	-6.073333987897488	-3.2155059975438904	2.44055647402103	1.661124917810072	0.9672921105027996	-1.7097408274340662	4.2267600973138055	1.1295626623883828	0.34383816945914064	3.424941944703122	4.847069368319797	0.1068063480389823	-0.040567204159597844	0.13258076330424415	1.0422670348578584	-0.9086797110394619	-1.1853307654388168	1.5523491556735938	-0.012873578602132799	1.8236586406355837	-3.4123190577611795	0.9199744905208952	-2.3839710236509175	1.215792008213292	-0.11185083079798498	-0.9476411065583754	0.2841231031674171	0.531965735779047	2.735982122409939	-0.746444780063681	4.229355646238762	-1.5422605187857112	-1.1309420146774685	2.1624101031141083	0.05656384959517275	-1.2573887836850557	-1.0196386912380997	0.6282663801442593	-2.2242946300970083	-0.3047120402558556	-0.2558216976388827	-0.5738632593281208	-0.5544900795260937	-0.11091942429594515	-2.2171367027153295	2.269495915458923	-4.188348270756956	-0.00914233888242305	2.1369743735643993	-0.8560156504705556	-1.8394956469840238	1.219500992687343	0.8312713264328705	1.6367512700391487	-1.2931461964101507	-2.559309045068188	-0.2784802323604879	0.029161136299171577	-0.2092052942309625	0.9005453487046456	-2.025041801897439	0.8518306159077697	-2.0220488183799756	0.7491877701887009	-0.9968430734466986	-0.7872970291431282	0.09528210009571922	-0.21391643340904665	-0.460217232867392	-0.032725305172195976	-0.505524472335131	1.580309399284904	-0.17511647622106852	1.002628470060809	0.17548530558341868	-0.7588812045922402	-0.9384617171207874	-0.9203596114449566	-0.7138888937126401	0.5113668980353644	0.690264786193303	-0.8157088035307213	-1.021412906527845	-0.4798083059481248	-0.8277695044789511	0.12545012378411535	-1.6548415435806745	0.4449425145522755	0.32622321836497237	-1.693873769865062	0.28939280674930445	-0.004637678943370665	1.5310207051343152
DTXSID9024489	22.455139473182463	-5.374945854742451	-5.623189575988828	-3.0429185344235474	2.8150331881115074	2.2468347360830347	-1.9032798916137366	2.4668343344180323	-1.3464670827371268	2.612044153755965	-0.011839718415592736	1.5442670066748017	-0.8443028867505731	-2.442859976099511	-3.568699604462937	-0.16988896293564598	1.886372366421406	1.4146404421441494	-0.8404863435488232	1.0696478328609766	0.7785674655440763	0.6555485055552219	-0.11141702011536597	-1.0941257924415038	0.7609987165879921	1.0536542548693766	2.2563228597183995	0.09739038482066469	1.1638694527536961	-0.831794946164209	0.484794134749142	-1.0270051485603853	-2.9899234589362376	-0.30193682646509534	0.3370613460963189	1.086171170565759	0.5916607998684662	0.744934990862064	-0.8263838579154597	0.4676852461311313	2.167895366990901	1.004950929778191	0.24787372696586094	-0.10929663312122284	-0.01258668163240864	0.7617036588246842	-1.002234907245545	-0.11606696798032484	0.5996301997074752	-0.1618608076825201	-1.2825584958618557	-1.147504147030982	-0.7781217783620049	-1.3647613523642659	-0.5159334875994495	-0.3334638600159239	-0.21864212912520198	-0.27881114011563707	-0.18837790511432517	0.8881689374569266	-0.6090089667330779	1.0768362619399274	0.30791719496687137	0.7857626759027865	0.4896171811097341	0.2809239573765887	0.08416025522444925	0.761466673443463	-0.3523887205153816	0.7283063700045129	-1.276302196493425	0.41265723217355127	-0.417276519342976	1.3423227725519078	0.4807367391605567	0.40316254692374476	-0.5808907540020539	0.27272406112378783	-0.5718680550759755	-1.0542235176006323	0.6269274728487695	1.6422630472240005	0.10909273671304404	-0.7047135518672281	-1.0185482136103234	0.6995615505977358	1.5078900823989503	-0.3846952238178038	-0.19463639654266288	-1.2127423035207874	0.5145035189995192	-1.5379127649866968	0.4367902539810317	0.997293876594847	0.16720518678149202	0.4536399047888686	-0.6735184362593224	0.23003900620142292	-0.2448631876602431	-0.09085767856637884
DTXSID9024930	22.199179921239967	-3.314598384451882	-6.3414488899866495	-1.407630025795381	6.260158124451329	1.4959297753395497	-1.2181055601607487	1.1445376971511851	-1.8001810305799575	4.041254568326005	-0.04895405113377311	4.09124454367722	-0.27957217532103834	-1.0517302847018697	-0.2440044643626953	0.44724911266704226	0.29315515469856235	0.42510304384378744	-0.6097339094295949	1.5841588546384417	0.7419253771829122	0.6971017035040588	0.0009194655138367741	-1.8753440130876804	0.8798672412685699	0.7242151845318348	-0.588774894426537	-0.7465831130555263	-0.3788516442751353	-0.6271853895378768	1.5231313661801895	1.850957901830109	1.6644842603886252	-1.6503402196454122	-0.10906135982813323	-0.06894151825292347	1.437547939993365	-0.1886027899544727	-0.8477775155327018	-0.03761342510753197	1.4608474716854123	0.21395809326876003	1.3983036445533397	-0.12370501001466358	-1.0836093409571093	-0.9205095222425979	0.5145142487916596	-0.5046303960331757	0.4180773362581304	-0.1575239639919195	-0.4769598368943544	1.3199765286268044	-0.03730200087207643	-1.1111187496961024	-1.963528592089208	-1.1581073591777964	-0.9667010110715024	0.3760870682642014	0.6469700093905447	-0.21436939059827945	-0.5267742311407277	0.40173540565455845	-0.44227336444892473	0.2854962851894955	-0.2681985719689842	0.8071918468958784	-0.6290649123583111	-1.2922873499199923	1.753898192170089	0.6679461164969047	0.160139855862212	-0.7363996792259467	-1.3417564984384074	2.3479489290776367	0.8231469370408161	0.4896605532983575	-0.03884241227140377	-1.0907811409259502	-0.6935985662191467	0.4131766935914016	2.138861468266484	-0.9623888838260719	0.5974692508774211	0.4417665264873738	0.326511006779918	-0.28786252446845434	-0.9136487552260076	0.23288794705705496	-0.479088947345147	-0.008749045441365363	-0.34285583945716086	0.30499874763753265	-0.4366924068630593	-0.3340014416661421	-0.44139680230820605	-0.9756601671218744	-1.3619489189282326	-0.3195569205668711	-0.6731588499293386	0.15039436647901824
DTXSID9026926	11.421916716420817	-9.017480611892513	10.012118861873276	-13.77907391856116	-10.131681891963375	-4.075506645410471	1.015230336780572	-1.6760428329400638	-2.217783653620721	-0.23666662361252613	-3.3383116373648387	-2.1277783370034955	-5.473118342586943	0.8773490426961604	1.2482972836085064	-3.4599313200414006	6.223293190999634	1.332648538358666	6.770754504620108	-0.5320106328098506	2.6212667824021403	2.1496741370935477	-0.5557357150518242	1.0829168693364328	-0.8192249024475214	0.3695995359326602	-0.7642425951203641	1.889079270809015	0.7688513571723073	-0.4033187634964752	-0.5334067845384369	0.3664866996674926	1.9729568313169739	0.5324188176726099	-2.4023144524623086	1.0328874714087821	-1.7607619899789513	1.9264637393173132	1.0314539528287823	-0.8614138713749891	0.6951586949251679	-0.7996745613379258	-1.1350554880352515	-0.4126713385682269	0.7421386420653474	-2.131308681093316	-0.4282274338309498	0.502579536491799	-1.2070255396240508	0.20255811563161066	-0.3329420728551513	-0.18913280457034837	-1.0140446002431263	0.5346796373203698	-0.29446267870370807	-0.7064400682784168	-2.0355797650626326	0.036226431642923454	2.6651442999953154	-0.35709231231280875	-0.03436068686400106	1.0007531691532092	1.1830882859995522	-1.1998544591406115	-0.9221813329223197	-0.03540055992867119	1.0655216753410917	-0.4897705670941886	0.004366829495004379	0.16507235970859618	1.5714425543934938	-0.3648668866225907	0.8749725982947313	1.0220849447832203	1.2008930206171846	0.7517726434438076	-0.43892722340273327	-0.8825009540444897	1.68960691205662	0.5533024742438338	0.007680022664113388	-0.3657486436180978	1.0623517431503418	0.7311774332093013	1.1235083915769983	-1.0101256507016259	0.26374275742100595	-0.04121435972428002	1.000512392182988	-0.41402590588898197	0.5505236413194531	-0.3907216229217258	1.4631303006375174	0.6985666277889523	0.5216235672438453	-0.5488781004505807	0.4093779707946763	-0.1917003372924204	0.2502249918470235	-0.5857110716875789
DTXSID9032327	-1.0049781889987497	5.941200445311238	12.538749491352267	0.7510677049933283	0.22682409709527862	-6.943894908910773	-2.267218716168226	0.562763406347317	-4.621753285186451	-3.5852724836557175	-0.8467451712195644	-2.860460473421229	7.099044306700007	0.7645356054343246	3.1976236075113613	-6.617067955347709	2.177998550862477	3.0173206872588616	-3.701158882126255	-3.1450968559403956	-3.8932870236901906	-2.693294990317053	0.11981539077329835	1.4681353058177633	2.546153545523842	-1.8237133916703234	2.5543046565664316	-1.3203150131784445	-0.3641229557412395	3.2242510556430055	0.42995535251740935	3.260219554656868	0.4240772508361149	1.1020528138294337	0.6695227299316435	-2.4768471063559194	0.5718686772974966	0.8163573811305204	-0.533696161719736	-1.0712121739493772	-1.3603063156578288	-2.880309400424787	1.901484932864577	1.75957438210024	0.8043980892238447	-1.7881637160911215	0.14329941394884607	-0.6195040880858323	-0.9559708560119904	0.6993630315640399	0.04810311925373533	0.3029125405321963	0.016525227402564277	-0.5687645629295167	-0.018343951731039917	0.4916889538169767	0.2159686348336384	0.7250432904090112	-0.5433287687407076	-0.30966202268164766	-1.3250612131044226	-0.09124564857055958	1.010859339722391	-1.7278626662469185	1.2586602623729113	-2.0276866518297254	-3.53738040344105	0.22507597278239638	0.7192224700372366	-1.4423507023956452	0.24385279960549838	1.1642305893675642	0.6695935033106793	0.3884936587700149	-1.5259852612978015	0.032561915046309176	-1.333374938047086	0.2753518634484012	-0.20180272474891378	-0.3200651195017574	0.26812578424576716	0.19238383387436053	-0.9735633887977383	1.1945352682239057	-0.6724566184832765	-0.480536033419992	0.13528895155310022	0.3325321391791042	0.4666687697192795	-0.801691908198659	0.899916520855928	0.6056223569404954	0.12403877270151058	-0.9672581078461917	-0.303561258377256	0.18049152951253497	0.9533849931475887	-0.4400323156305746	-0.26408800632536095	-1.267995156195232
DTXSID9033923	-2.422262073114671	6.540548792587323	7.451002786030682	14.214663835113651	-0.856276868875926	2.3814916901285983	3.693524119167084	2.9708228484783854	-2.293945596346392	-1.702945769001237	4.465152053029986	1.847153131995456	-3.0713137766830787	1.7877313465418676	-0.022733129456299135	0.5819183376354369	1.2344226615421963	1.2170746528461547	1.8478547929830544	-0.27023632588593993	-1.5713253571736319	1.2077792535034786	-2.223475421420142	0.8975570960229089	0.1731006169091784	-0.7904251147922734	0.23494447858974538	0.45763973951818154	-3.402142244272793	0.9075567068678236	1.6539230751813117	-1.3153926548065074	-0.6849314432850445	0.7909899879193337	-0.024763910087477886	0.06358964932818408	-1.5579160484612675	-0.41347701359161854	0.6807678550280607	-0.08722469784781622	1.7246516356892938	-1.2848951761251795	-2.513162339935467	1.0190372551530154	0.5694817641472111	-0.6377579895062437	0.3873809173457223	2.7588992541905193	-0.5577103993591296	2.5138403413705466	1.6375240289841064	-0.02864146135899359	1.6159621744849013	1.8136944257637841	1.4384557330229717	-0.4120335727447139	0.6040664827728104	-1.4356319141295237	1.4590725356245486	-0.46696793060791303	-0.3337271156260171	1.074418298135856	-0.712332512644439	-0.9906667403377899	-1.427572863054397	-0.32959925115370825	-0.06899755446795287	-0.08229283398310755	0.6175185595042225	0.10224746039353781	-1.0748641002908719	-1.1799681907493138	0.43219384154608165	-1.6130853181729823	2.2090017734630667	-2.6940870540016855	-0.6031413447138112	-0.8312354044229876	1.8034881574621422	0.7681243259885013	-0.5548160082179405	-0.8571205181575483	0.030537823873506485	-0.2537414077625858	1.283461929680427	1.1261631119837432	-0.5784941890810189	0.002169234361505718	0.08657715706223812	0.44414973501572774	-0.577263465965143	0.7791137453558984	1.4878293813212426	0.32949139600668353	0.5958295324997185	1.2096419672906527	-0.8622645868940289	-0.7383340400204375	-0.3504854701408906	-1.2751902398707633
DTXSID9034816	6.250388900448762	0.1873382391440911	21.3081373014248	-8.13186327758929	-4.814534205519715	3.245768601902209	-2.6262932592356245	-3.1070267098624225	0.8014408181390003	-0.25813704137717536	-1.0581853251431101	2.133083287513954	-0.7060532857776107	-2.114987250277587	1.9473511415971136	0.5194001180143891	-1.9283231322103818	-1.0475438648179551	-1.5384459925358474	1.4395496027188572	-0.588921025346812	-0.3605044774053953	2.0066425467976834	3.359609962156005	-0.6967376057817057	-0.42771019119120474	0.9624126605841409	-0.24984440698162302	-2.3079775638731657	-0.40171007817482635	2.253894088877913	0.5498375853285357	0.421560870150435	-0.5549965582165204	0.34590495853351344	-0.2968055133247968	0.7184182608929831	-0.3588292972432464	1.4983613241312812	0.46847413320564946	0.4651386550735353	0.8279794410678089	1.9884523401603145	0.6532279118333006	-0.17047161576414105	0.020470517028172576	-1.0238744446523824	0.9297914431990832	-0.4040068468839227	1.3212512573782085	-1.0017105122780594	-0.021754094555227605	0.29977162084767917	-0.280744029013372	0.19547888004736297	-0.3977122305096707	-0.8296148366436336	-0.19923377397205627	0.7509695611151754	0.0836483211556521	-0.02824806461200751	0.593060934265299	1.5240199164269448	-0.38735486555890436	-1.5112979751300646	-0.6514832695539697	1.4611526057033706	-0.5105740438882514	-0.33409821390749894	0.25126543895433706	-0.39342251975147197	0.6140304584018434	0.6640184460891556	1.2864710476960877	0.823130633156257	-0.7463063219527515	-1.274650258321686	-2.706458780231789	-0.6183454229957337	-0.09999837830122654	0.24987180287533217	-0.9002819073882269	0.9863378764892125	-0.7862753043064377	-0.32796423022879645	-1.4760714900290357	-0.2246002124881138	0.3771121081584359	0.9577080103031654	0.6947212277488394	-0.6612890889034578	-0.1414582201428099	0.8563683963776454	0.21881180218883356	0.11762443279186881	-1.558184904679127	-0.9683154696666496	0.22190153685660668	-0.16133395375514112	0.6951802958504663
DTXSID9036515	-12.8251714862709	-28.837865901308092	1.6505639526354094	5.341776879925117	-0.31099471399063433	1.2002510439947496	0.7852348405974018	-2.4241557720935063	-1.8678478242413887	1.4836074554966487	-2.1507515866804376	-2.6499444622100605	0.21664199956948374	0.28213000286610573	1.0630961715496399	1.6147299669355426	0.9118197464134374	0.11399723816096359	-0.1417674493145752	-0.05461759163418302	-0.5144346777587363	1.6470178275181488	-0.7291517250827865	-1.4461160301235565	-0.4150655604846004	0.3245861174534371	0.2628494318685026	1.1600844737503961	1.3156988166848174	0.21521186634840905	0.5487800205292339	0.8153544189353993	0.05999698820528152	0.9116986146411942	0.45193061383484434	-0.06454260766204366	0.24520869594228203	0.19259539908713244	0.02117648965666853	0.10631148059738513	-0.8112311553533267	1.1225127835509632	-0.7530550361793686	-0.11539945863119942	-0.18008728081051206	-1.1778121588511528	-0.002289751533163709	-0.18131628174910436	-0.13010585947913283	0.8528619696343588	0.04485412023493739	-1.5119070356735207	-0.05774976708577599	-0.5792295884268619	-0.26890941710482263	-0.2842943044717012	0.051134113956791315	-0.1295625183157203	-1.5245079047043895	-0.39211154694218503	0.31798602540740295	-0.357501446001432	-0.949489974002689	0.7720951041213027	0.5492118543116029	0.8739631547173028	0.10269348967441892	-0.15094682260296668	0.4511840878460678	0.45764498226429107	0.2185880975903481	-0.710076179313266	-0.24594086988982555	0.7027067386418363	-0.8113276355664546	-0.560502553530948	-1.782517064698646	-0.2826108353860916	-0.9832631533547807	1.07704019327936	0.36717247399246633	0.6039865142016442	0.006089768445402374	0.34751593613424775	0.45222188449688255	-0.1356061614304257	-1.1978736531895595	-0.07166299964038027	-0.11487343586657328	-1.3398608090032769	1.1253304858676707	0.12805482737329102	0.19724615361691417	-0.07396872640363904	-0.8303030545142767	0.8600936278678954	0.3425488900686645	-0.994727867185893	-0.22526084808002175	-0.05771662174625587
DTXSID9041653	10.383595759191884	2.071699434953919	8.311717212717888	9.092249431943609	-0.9357661405474599	-1.6175530427276843	-9.667253900390229	7.163957949391502	-3.8044841325657703	1.271336901484256	0.3440585745608033	1.780869594914943	-0.3773645944815536	-0.76722524367538	2.1093672673053567	1.8124736696661587	0.805163170929017	-1.8149752589501424	-1.464821622713293	1.0243875359468004	3.4588650199174995	-1.354818265275336	0.147883505423488	1.3792824709748268	-1.0992745155699812	-1.0761855887119531	3.0424060828694963	-0.7525722128142311	0.6510694732563337	-1.7457106872621881	1.8559756394447744	1.5809499624836536	-0.5977593785408677	0.9467985380248001	-1.4003898260969074	-0.49937796813335716	2.2005757052188297	-3.065326133798316	-0.8680027598396521	1.4126983740663346	-0.34685818669494767	0.6663992218815213	-1.663119687889609	-0.021455013030421216	1.85571862174145	-0.37013720003363104	2.845690920397122	-0.40116362342506495	-0.7576951100009011	-1.2397652061385847	-0.09141049976956284	1.1536553699430414	1.1691248447560607	-0.45655984678808226	-0.5589008943296039	0.9058759984449124	-1.3644984340596997	-0.6073365275528113	1.6128924100604767	-0.8677236466626046	-0.37547700997141437	-0.5144530462637971	1.5528808861307601	0.8489975756672261	1.5165431528285096	1.7120791529795876	-0.33222571360837116	0.7121680862055807	-0.6543157689115167	0.8122082937593866	-1.007107655519602	-1.4639799679829886	-0.9949678221171573	1.226137758049219	1.7447175976151401	1.6029785612795795	-0.33372439416097016	0.9326854157980633	-1.3668007261613786	-0.07555863584913974	-0.30047650258324	-0.288072284764616	-1.821595215799567	-0.4116789185699038	1.1833311264863713	0.17315047840316922	0.11875094767356055	0.20685739683853863	0.3331193369304019	-0.8711253530046092	-0.7793712583809198	1.1379453771049828	-0.022508275619582945	-0.4845144174912975	0.4710445959333748	1.1237920048841132	-0.8374030238986031	-0.1639464687722233	-1.0278834322089068	-0.23864919527671605
DTXSID9047259	0.4826939158309358	5.627448747879902	6.495329589537704	11.41256846300182	0.06863216779995582	3.468901657257276	11.742491832343985	2.03442684108401	4.8676326385824105	-1.6178346231240193	1.5853052216140195	-1.5870840330191014	-4.337224690680277	4.319232946312215	-0.14557226698664552	-2.551218409862426	3.1786722915310333	1.0026938568560422	-2.0026108398692704	0.912363022323125	0.44064322257021304	3.5975485030588716	2.1555000142345593	0.798790240093295	0.18229824189725793	1.4867103697579322	1.7738633889741457	-4.3555218567903555	-1.6807688764922084	1.2112725935376827	2.369112178881071	0.15393998707228584	-0.4114622413448644	0.4379612242914006	2.5436299693020903	-2.9918538360740863	1.5419741338194666	1.3981830682240515	-0.4816798899609061	0.8029956891629889	-1.164454803995415	-0.8846710287992453	0.25258108608229374	2.2461494565663322	1.318926196204331	2.6106086652907363	2.0177297698579446	-0.5392733681132508	-1.3202209888489185	-3.0643917807000736	1.112448275036184	0.8499218794206204	-2.417534183108192	-1.4688715083121369	-0.08773083182258834	0.4611681300619748	-1.137601801624288	1.657214497925666	-3.1594754532544322	1.5380583893144806	-0.6245235795945456	1.7401660176560323	-1.2007676161019831	0.2957118786310268	-1.6977256452621026	-1.2700214070652982	1.0721861671241708	0.9045801821757954	-2.4283324875872094	0.9626420092317767	0.18884739636383094	0.32500353316807845	0.03416506322091889	-0.1890914059351307	1.2516255795871818	-0.10167263730095885	0.4564324530347237	1.170943644273189	1.4469486129372642	-0.9737543400377201	-0.9362108081795689	-0.5652398816456019	0.3072146722997933	-0.6443126114062042	0.7135868518282176	-0.26622392790616956	0.26065175012985675	0.6010950488548238	0.1494996956778574	0.3881196082161981	0.7618298545054787	-0.36895904871914775	-0.6726351733451903	0.4669914164545056	-0.5081337614909134	0.502876812407025	1.3115054444859349	0.8230516798299339	-0.8652807467156167	-0.6804488376976201
DTXSID9047330	-17.91025567165825	9.292108462418668	-5.940153080270493	-5.159296888578803	2.9377455522687086	0.9337468399793588	2.537216347661917	1.4930124617633564	0.3880531015164518	-1.711959871645271	-1.3188819024630627	-0.042327705491137735	-2.4763961034295194	1.4898238187042323	0.7730457913359401	2.728185634682103	1.7490061406087003	1.144115041746547	-1.7869768502566938	-1.222326655301996	0.8340033594864033	-0.7554879009846932	-1.7261483286542938	1.4403314487997079	-3.4489843850217023	0.9813858782630885	-0.46252384226263105	0.7729868592866935	-2.223762581931939	0.45342958974166503	0.9523069711634735	-0.38714391571801393	0.6069952472856256	0.39064490028853666	-0.13793855444817535	-0.6672382849564519	-1.5980012536958932	0.7249006499380461	-0.49066117639434775	-0.43149822667890636	1.7360691329505145	-0.2692614416125864	1.8280138622993063	-1.0739005768225602	-0.0016832791713792179	-0.9915918902584266	0.9858404768749491	0.9024750662429079	-0.04937168603538786	1.728724562917311	1.4221538500368227	-0.39810471864480623	-1.7954201553355382	0.33709046939045273	-0.5972604640193339	1.5680968614441033	-1.0071791456032408	-0.5855604307400081	0.08553286296580094	0.18499606581412376	-1.1185145732127086	-0.838247792742577	-0.5686216446859351	0.12726998600595804	-1.8561538427501816	-0.5742774876711966	-0.9387664291447575	-1.0670615267213912	1.7320126025655862	-0.01845061771404836	1.442804263408099	0.14755125000623787	-1.061545500166765	-0.5675012775751523	-0.058238447100248045	0.48827537330123283	-1.6086135994647726	-1.068904145156654	0.7593612955251006	-0.12589854650053617	-1.4884251545614555	-1.667456326823479	0.029129227632747747	0.7740164004412781	0.07139459863247781	1.6613815111341848	-1.3634395691702001	-1.87446783364357	0.6886595564152912	0.49448044513057826	-0.045209638334378466	-0.5034444517735094	-0.8060541743783305	0.8005906206369454	0.03128207344222265	0.27270854033856534	-0.9687103910043035	-1.115391388675421	0.2523244455066104	-0.6349109350673723
DTXSID9047253	-19.859066815780366	-8.565163778329705	-1.544550129102609	0.754956195482518	1.4712389980933511	-2.002042890024975	-2.7771272664388653	-0.5347357136423808	0.6161891987798835	-3.476496229594569	3.5047295943517573	4.036351684893125	0.4182922563784277	0.6420130979792316	-3.516616465150358	-0.9328938414173223	-2.02316100047719	-2.080900783877805	0.598673686282578	0.16983334286339574	0.6172973040237798	-1.0100083237438504	-1.652639582148974	-0.9892572423423629	-2.0824541452081413	0.31382716391416215	0.43255742193229385	-0.36882123358981656	-0.2969912244549475	0.5493137462107714	0.48593809873421573	-0.6120820829222712	1.2127273126432425	0.08386812193277031	1.2747197825111043	-2.7064966160379744	-0.5425614414745223	0.41609156346923704	-1.398235087939752	0.40561696867483427	-0.9171235199042815	-0.624664521183202	-0.1256528992933089	-0.47783797073694334	0.9209318384473361	-2.3685137844697546	-0.20806044522940434	1.8661453276102655	-1.195414794572441	1.2404110119892513	-0.14005392697183772	-1.4016690088289092	-0.19961481300520592	0.06878294538741118	0.05633074492023002	0.7014333634241843	-0.5046035516122549	-0.803343096141931	1.3672012296650449	-2.131840666842726	0.9332708517580685	0.3215638833125497	1.5542490165301155	-0.6049921310072417	1.6564590871077152	-0.031407591189458565	-2.5782069193342263	-1.3230958307543417	-0.49723060421841764	-1.1128014523719794	1.042974947805071	1.9904140689329213	0.11824470783974163	-0.9093144906301024	-0.06542791519308931	0.18599748817552067	-0.5316860027377318	-0.0789876182046935	-0.2831565435065884	-1.4147039112913236	-0.3723607722997262	-0.003654554577506067	1.2416992330664993	1.3253835581619635	1.7988077029641227	-1.2815198194461743	-0.6614014488162892	-0.09203897658057704	-0.6379193069359369	0.1155279294726315	-0.311676725167539	0.6927843561817317	-0.053318743158934534	1.3404720587678638	0.07599338714860583	1.0194666580916318	-1.2366765861297313	0.537950924714073	-0.8619574429622433	1.5609808493946848
DTXSID9047334	-18.97007991136878	-12.401765342393212	-2.5126119393793895	0.6268717033958757	1.7001724047543911	0.977915712294383	-0.8721063999619303	-4.540420428081282	1.3243469695102652	-5.780125630838329	-0.8421807462263293	2.156198993981571	2.9656191095767976	2.090096631582277	-2.707114201134793	-1.0657232760148432	1.6358132960391456	-2.577825321780142	0.7197136397838408	1.9325954924814992	1.085002423888226	1.6010730311492458	-1.9384080969483528	1.898955250700081	0.8654787206301459	1.993569640888178	0.9906695643266532	-2.1398331319348403	-0.5643581632733792	1.4894565929512398	-2.177635942315732	-0.04435341211867306	0.5745069106122197	0.8284644692745798	-0.6460515040115328	1.2461874339378503	0.9917927152870333	-2.6269269100810737	0.180559014914022	-2.090613744112776	2.7460787788453227	1.2187760808216546	-2.199286687501362	1.01236091050963	0.8319860487925556	2.2086952674959033	1.9192860096788358	-3.194490011191368	-0.38606342300733953	-0.01632925995001852	-0.3050459653191727	1.285032392987593	0.8971008594889003	-0.4028848614907736	0.43083148914543057	-0.14232912908709397	-0.8928834327310213	0.18082506253763272	-1.4706722688662168	1.2494662682369808	-1.0324099895240753	-0.7425504357678822	1.8966912254809678	0.13312312057488654	1.3305373470462816	1.195721203817834	0.6782812075953484	-0.9572038167477195	1.2588391969788861	-0.7234804465475799	1.2247500943765495	-0.8593686706008731	0.5128322340515442	-0.3960693118505793	-0.9564392067126873	-0.41556948173874597	2.340595781014014	-0.6990500021510623	-1.5426762214945993	0.30234321450040114	-0.04447831604064089	0.09292746362288996	-0.2408269121982197	1.0078339209078089	0.6372928728662124	-0.9561903606634516	-0.1166846881764879	-1.1173484511281242	-0.39984303074649974	1.8585794889662584	0.36241325038489	-0.8633875745100286	0.5084298254886528	-1.236078289323287	0.27406195033408204	-1.3896766849119118	0.1942585016859515	-0.393338300893482	-0.377941264208421	0.0727253399712292
DTXSID9047598	-3.833902646632821	12.467185653463327	-2.677762555115089	4.2571457557764525	-6.862653424096051	-2.653323373473978	-7.845954000011872	0.8340448181824679	0.3938832444045351	1.1522723976926468	-2.1629227683205143	2.2564671428138103	2.561928222580858	-0.09483844705851521	1.9330473464911972	1.8306981998348433	-0.7686773663320284	1.5991058680107877	1.549368486178162	-2.0235862813167858	0.15877259342679353	1.5000245491935573	1.015445941927346	-1.4635403705222245	0.8400093395614351	2.1656526069379005	-1.3982629069151784	-0.9131268026827596	-0.36592143653768094	-0.4269973603974826	0.4500949385101504	-4.130852433050462	-0.8573056959355806	4.187134066957584	0.45595735799941106	2.152021282355063	3.2153024918933126	-0.9593285677117449	3.2303781171238253	-0.833692740962122	-1.0800776502577414	-0.32770516824263135	-1.1550613955227587	-0.8789887353912909	0.35097532035503326	0.41325321907574075	-2.452863377150879	1.3686836001988951	-1.3326610497659592	-1.7607459535794745	-0.12350800904545411	-0.8796906016378904	1.3771165454309966	-1.3943542510405678	0.9756338748705821	-0.8508608407569707	-0.5629052247451898	1.9358399847839058	0.17824926952390502	-0.9548419205183862	-0.805002571184492	0.348616080646475	0.22044843931625754	-0.24871646252991522	0.2990041577625036	0.1410321610789702	-0.3993806854762849	0.6758541150110984	-1.236858575463958	-0.4926980726018308	0.27524446989021506	1.8260748015154018	1.671341181211853	2.0637641427762308	-0.9013228869273591	0.5289997708818714	-0.8353149290048572	0.6318996716601211	1.4765118160425472	1.0692828805240064	-0.4251124876310126	-0.06459908887946295	-0.9179619376413393	-0.7976161166789163	-0.038451155410459494	-0.3148020626280827	-0.8393524386255765	0.2285636757861342	-0.4923015369065543	-0.7306738312017028	0.45368429871091515	-2.0121559319261806	-0.7632591093494495	0.6132183584066666	-0.4366665361018623	-1.0196011897508896	-1.0470381436410685	-2.141096004777387	0.5052711645412564	-0.729601293000669
DTXSID9048510	-19.154186716957547	8.056602475826747	-9.921511654490718	-9.278678285285729	-0.5875878931099684	0.9374710749029558	-0.3215787297205585	3.0457539812362198	0.4044351437811669	-0.2204983472634834	-5.174355705396078	-2.046171388544173	-0.649850473015344	-0.21426153163035558	0.5393049263769228	-0.2066671433986221	-2.7989906889467107	1.8629118535395623	-0.809637722094994	2.155130988747474	1.4086589095498165	-1.8086125320438835	1.796621672050663	-0.7654315650472748	1.0216647891880841	0.5985834833520288	-1.5581387294977431	0.1810938235416535	0.24326598692362064	0.3377688049285365	1.5040094635207326	-0.3418049171921662	1.8560390288211441	0.9096287183925614	0.6355203944734434	-0.3264880093046464	-0.0794979062484331	0.9950185701800177	1.0057853919785127	-0.15486359656243642	0.4439579655435543	-0.45807366676549466	-0.9488147552554954	0.33197154622011743	0.7833567733895358	0.24124797444921642	-0.8261225840254257	-0.7787538805945139	0.7788845807019065	0.28432118774599296	-0.8087110761668603	1.3848936615202028	1.4478997460374319	-1.25253931401222	-1.3612447646864319	0.03607794446407847	0.8972848853558355	-0.8805144150837456	-0.4441512840143728	-0.13708351258392884	-1.43917579473311	1.2673129059778026	0.5124117954413043	-0.7922888375020856	-1.8120369027235927	0.4538729789898336	-1.8028489390321805	0.04025572247189098	1.074159128835755	0.7868565767903806	0.6007498737679555	-0.8066644462932899	0.1691511863063518	-0.8756017353141864	1.7652504674844671	-0.1296728858800782	-0.8660466934521466	-0.2148391264979208	-0.622181376565661	1.1782284130655039	0.23551398281945873	0.6272739015913391	0.0033031624707643118	0.5599304531851502	-0.5814103342173387	1.169421869684218	-0.19446943283326323	-0.4762819268650633	-0.016112754964252133	-1.2472383179388897	-0.23458936592835994	-1.0593887249403238	0.05958733445452895	0.6102372312140042	1.1126262600466417	0.3201954422214196	0.08472355052767956	-0.580643213343826	-0.8751415748828348	1.3141685394554559
DTXSID9048514	-15.851565817117411	5.667261515019671	3.1094060731166793	1.836362352506362	3.242066040125227	0.041190244980465585	-2.9161506486414694	-1.4563104939790987	-2.8234042926899905	-3.7880997802801497	3.292381970616765	4.346320069594586	1.1345056086025578	-1.5386752494647005	-4.424118299969429	2.173761703265755	1.4847628825886832	-0.557783237354866	0.9766983776053292	-0.48860437330056034	-0.36789593860199327	3.1768728453295525	-0.9964287548987977	2.3894595185461047	-2.4023823656189287	2.928666443493187	0.3302519632041947	1.5533894814647131	-0.9145204346765019	-0.7220280684537455	1.8386181355900875	0.016935283380880177	-1.183007097672077	1.6529496207931467	1.8771938563609423	0.7637549294841016	0.5240447103966689	-0.8842737018490157	0.8524643833135258	-1.202038259184743	0.31847955668365235	-0.16975385146818794	-0.5897731059545581	-0.4389976054259478	0.09306715962904812	0.5576263215600823	-0.378508001221959	0.26158531804745766	-1.1687179293514518	-1.4225553956459405	1.4526446790496441	0.03827765591643295	-2.4976600620832023	-0.5290045061884678	-1.4928839531508742	1.079643581543627	-0.1801976634171403	0.3741423751322096	1.5769461180052877	0.549470615166145	-0.5858687975784572	-0.10065104503377714	0.3995665607542005	0.10233444349965828	0.35648998968606654	1.4123264490280054	0.7295533713315605	1.521597000174438	-0.08691112521973467	0.22650536804451354	0.41621980599719083	-1.1199605634322207	0.608427317644765	1.1655401415556474	-1.8114847726074912	1.1274580906483531	1.6686204334370756	0.23544532726735504	-0.3131964831777482	0.0967242074268651	0.25891315778608237	0.29451268365611066	-0.8709713048155293	1.694876262735813	-0.41548696328839696	-1.1571286585130762	0.19222693307029942	-0.5836559730956367	0.22284296987987912	1.1974133277891392	-0.40051139933890784	-0.7728277874333809	-0.13098953198316718	0.3357473741487387	0.9540922731068049	-0.5580200813108706	-0.40297455597270415	0.509057762543736	0.7774113728608489	-1.38269556442186
DTXSID9051618	22.26059081902144	-6.1061900127137285	-2.278220665154822	-5.1504291982949475	2.6022640424721226	-1.3379402654755337	1.2423780180049886	2.5292431067202443	-1.3073308319806773	-0.8931657231553403	-0.8277798225643982	1.8236567637590968	-0.9819307686775882	0.901797120770597	0.40020223800465066	-0.49863563784079407	-2.5839118528377343	0.07485029644436604	-0.4395232052862651	-1.808888670847035	0.6787666349592694	0.8927785083078241	0.7338808909913127	-0.8179346967114448	0.7327249590592112	-1.4497802723539368	0.7061890049008042	0.8045137815004825	0.9164759021919793	-0.44614435640801814	0.3288276937728646	0.061467360039281986	0.30970439410401557	-0.2808671389630922	1.0104483796517607	1.758101900999209	0.3796973797838865	1.1844209334348954	0.2668758925546747	0.5435810596770358	0.2691071535995781	-1.5224807256216804	-0.34169288455523766	1.5507473348165735	-0.7614594228177528	-0.3905569698421635	-1.3827454508721364	-1.414147510030224	-1.010737206172182	-0.9941849457101544	0.9930468881078054	2.131585157726603	-1.4511163306341508	-0.6040093076644201	-0.082267058729584	-1.1880158645433179	0.21513068337417388	-0.2023610972357452	0.4198075726519323	-1.8233391383033999	1.2670591469034616	0.5080815439383353	0.11322963425217743	-1.7131137057239787	0.209723841451571	-1.2783442288126774	-1.1658682550423336	0.07230552228901532	-1.2649924515427415	-1.094304804131618	-0.6881083616201549	-0.14959142705596493	1.641294145896118	-0.6607402926037673	0.30730604470489986	-0.42017107907542844	-0.7067351580620961	0.8234378401125054	0.4360114750672053	1.1026665853269928	0.11008081718875906	0.21701200204642568	-0.20353371985576643	-1.1502304314398102	0.5256167365964912	0.9727769634991279	-1.2522911713946718	-0.9288008800197205	0.18563283982241913	-0.40444992040586536	0.8794047345141109	-0.20087909439410295	1.1655695918656073	-1.206505981171425	-0.729775620221184	-0.13666781315911444	0.3895051201936255	-0.10843158013973753	1.9555447070975704	0.09211011951941116
DTXSID0020319	11.329806694798457	8.48416338541923	8.75609034437332	9.052608995437069	4.524959267842346	8.651620108660849	4.6734876159227285	-1.6642095181280672	0.8692638852335651	4.043810096703703	-4.4876359301733855	3.5287647164582285	-2.412653549159174	1.9503182027071089	1.2982730261376467	0.9964267567542572	1.8207530812886248	-1.9503000803660397	-1.6276451250873172	0.8170433964635225	1.1878608379991191	-1.425074957890873	1.916082161794867	-0.8354770210161893	0.24099143873914564	-0.9963776118899715	0.6566033044416616	2.025889646986835	-1.2932560927128667	0.22478559781204094	0.024944343644500478	0.764169640696296	1.5336524311759963	0.2742463767932006	-1.2948550741803113	-0.3704472462473681	-0.5056381380344755	0.6449216273524357	1.4059607363833437	0.9708316012560708	-1.088450020891507	-0.35806149465898424	-0.743890466922287	0.09625379280555182	-0.0009355224467638896	-1.7113713401266548	-0.3160299477952951	0.8140138454795279	-0.35985410163038206	-0.9807461138101476	-0.3560859921858851	0.5773587797510026	-0.6038793906193711	-0.032544922706276944	0.3368272734705612	-0.025605942067829596	-0.602947175750282	0.23834148543764813	1.0386855790546354	0.22723234387060323	0.4229171406357562	-0.5587286639960376	0.9017262251000272	-0.08833375816167831	-0.09906717941258467	-0.9446260179434042	-0.23225085538020307	0.02694509434722191	0.7573877769039544	-0.003353571381229134	0.08655480119622068	-0.018261057126964818	0.970826115661842	-0.6061704379886063	0.7039773155065094	1.628575074416082	0.026046361741191248	-0.16298366404243173	-0.7664325651634819	0.44130488283194075	-0.4910517210803455	-0.4588598495872294	1.1699629398996192	-0.1465047706628936	0.5687416170675427	0.3173984970180775	-0.23235997531593783	0.7004342985059174	0.7923488646422573	-0.3688996063857142	0.37951837336547395	0.7742108491427407	-1.3978910572167411	-0.30401700050885994	0.2770958684874094	-0.44633612019217134	0.22717487247145474	-0.24501738262597447	0.4757603617628747	0.5304176615359513
DTXSID0020573	-8.99498658826084	-28.174412413965598	0.7389180746806593	6.425475505516601	-1.219349566018163	-0.049071403591082974	-0.9358839069001637	-3.6100925504338868	-2.1681072879305034	-1.4727993023023906	-1.266875353253495	-1.5763845354148558	-0.3962060019266109	2.1823821978664224	-0.05850925464094551	1.965460055348799	-0.11651000543456579	1.260053414431028	-0.8935771924097738	-0.765734111886963	-0.36405950620635186	0.5555886976370014	-0.9381839271526741	-0.6199666007448691	-0.20640020188986727	-0.7689599259505816	0.8477351349899866	0.7668455651072931	-1.2021173720931135	0.4881496911830171	0.600495516460018	0.271029275090192	-1.4703498367526824	0.13096413908479235	0.30752094111941347	-0.34678384752007285	0.7775546303472676	-1.7924965992242452	-0.14014893469975764	-0.3278174392443741	0.35145870808087015	0.8850358167859604	0.5452324056643845	-0.08739494100425213	-0.07644917401886585	0.7877248146283864	1.650026095925382	-0.3847420756576658	-0.41650857528442087	0.7343458702995982	-0.16997362909867747	-0.2316808394684498	-0.8266375355739696	0.7788943943734913	0.15020828338760256	-0.3410624862565875	0.6838580873663545	-0.3223054854513232	1.0293242334211492	0.7733512703251693	0.7377781608166049	-1.5692950394008944	0.014005697536255754	0.2441847215661003	-0.3769464202153881	0.018577442082805987	0.31195783862908044	-0.29960469876940005	-0.9394526163137682	-0.5389622728685504	0.07269937036717884	-0.984208916262778	0.9453228582202832	-0.3755152685969918	-1.3224088425813056	-0.16842722094549348	-1.4574965310941528	-0.3002624176894409	1.0857519281786527	0.7415993422914373	-0.06275761961487653	0.19667861572805256	1.0602005419604428	-0.39462307713929157	-0.08455028767684349	0.12045987513839464	0.8362100282423459	-0.33145776062805055	-0.234284708782722	0.69710870284549	-0.46763503067346	-0.3021165619757922	-0.17716036287788117	-0.7379439284503789	0.34175785134514475	-0.279097430138935	-0.26925374849721795	1.2884467669614594	-0.2680284422092857	0.5995515083245946
DTXSID0020943	15.820000752021432	0.4401992629953895	3.010917417895241	3.0199757446592574	1.3489867645737628	5.777393671403379	-7.501877107631399	-2.486788731449158	-0.40683179230400923	-7.16134176236276	-3.311722815526161	6.368544797499503	4.940689347997304	1.4990560624600602	0.45881714047634975	0.8715214656864999	2.6305184107646196	0.1594455146434387	1.0284686671925833	-0.2965137188651747	-0.4584558629327312	-0.4169215880882014	1.1150660054814752	1.0070908775558491	-1.0649356196771624	-0.6579496756141369	-0.6878780405174473	-1.1947886602839144	2.033969406204803	-0.6977786859126485	0.8433299385580073	-1.936343691856134	1.5513366682311172	-1.3977112067169233	0.9789588019537068	-0.5487803369794896	-0.483243395436865	1.3537058220029816	-0.5204164371367871	0.5648698021517669	1.36433294700853	-1.6674773161928726	0.2530033089152961	0.4092885404144101	1.3176188105489912	-0.3208688002662376	-0.14044267510406525	0.34642326893435094	0.3013280208531371	-1.600704577289891	0.058124400433468	1.0391508624596464	-0.7679385783112279	-0.03232953045778998	0.08869724944926298	0.16931565475521324	0.9006943289834508	-0.29378237134816565	-0.05849913513592116	0.3656926974115945	0.5194513336000044	-0.3684202181812506	-0.762336753813628	0.3898217981519922	0.10833941197141508	-0.0012179263582288676	-0.09257124687484432	-0.3362351242402942	-0.17316383404553798	0.19319288934407514	0.2888702602599881	-0.6018082145607931	-0.02552509606244996	1.3670278313807291	0.07482976726253848	1.4214613057234384	0.2209990927764271	-0.3028862036333544	-0.26677506374979887	0.1696496047370622	-0.23982065770320793	-0.20246903967949376	-0.7660828817946083	-0.5773147473570028	-0.05180405875161038	0.6224120617891628	-0.25025221993609315	-0.6792899689141004	0.2042806418509103	-0.2441162549924315	-0.10689348469154819	-0.28408301412123693	-1.1953453387084942	-0.04103102729858165	0.17376413709798583	0.361714076327982	-0.14686774280383752	-0.008534814091071265	0.2770811031104483	1.0091549340600192
DTXSID0021834	16.32606603459939	-1.5738068739243327	4.295589386073095	1.1491231235392947	-4.511032914034685	8.997033623721562	-7.075731671255138	-1.2093857190044623	4.080647920852746	-8.22478076860625	-4.054854107636444	1.3042661858346447	2.656576122034869	0.2558731269276839	-0.8360618481616956	1.7360750129980866	2.1865275318740034	-0.08065813108745858	0.49544410133654976	0.0012700296889388673	-2.051989309558191	2.127780579310987	1.3775094322344685	-0.240933606258804	-0.9151611015368583	0.36842061818423016	-0.2834472016263597	-1.0886274586532192	-0.5344698610740283	-0.23717909695868017	0.35448250029460443	-0.8719440096250418	1.3692858072245309	-1.0870018821649856	-1.7049469043489978	1.0036792631334897	0.03880762827258083	-1.2512432199635755	0.8167044383489132	1.5000056731431808	-1.8082001668650223	-0.008779948028522382	-0.293702740670292	1.7138894888198282	1.3205297377935636	0.5995239181702046	-0.8772504831180256	-1.6716348538606325	-0.9873277596058567	0.3531961814996061	-1.613515387578154	-0.48394243514598245	1.1276086341145595	0.08923807803490179	-0.31746634308783744	2.369464343598365	0.620829530503064	-0.3191629799687885	1.1600490723975558	0.26880956464737693	-1.2650381395377766	0.007922488282298837	-0.4254212173534039	0.18052525865168514	0.4412654205590725	-0.15269536972426567	0.6121177749075273	-0.9841301143669099	-1.8575869470014152	0.40301220744681343	0.3390751333710433	0.10216877233558368	-0.4880869747888167	-0.900061238734657	0.29138278557351477	-0.30924924441444857	-0.5019879062738277	-0.4944455947793262	0.9048494886857449	0.840097375172426	0.4804714453739408	-0.39436832107768266	0.07076089461285341	-0.2683377842365771	-0.06368783992900276	0.2782291161495241	-0.17933488491103347	0.9442380920346555	-0.6132693998361081	0.46786156100628795	-0.11795655387363638	-2.034767572689937	-0.6912184239702441	0.04407299250313932	-0.6957837944428823	0.16501716403852693	0.4125802361403456	0.08576263868850642	0.11584556629564877	0.6159890566613693
DTXSID0024266	2.6517531707314674	8.919105991230445	15.326827619285954	-3.0823055461915487	1.8316520019856797	-3.197077411927957	-1.1870152438755137	-3.7725977036783753	2.4211484533609893	2.9125720979205942	1.547613718268822	0.5248164322707983	3.663697867523104	1.0529160608386594	-1.9005041866325818	1.849524585383004	-3.9766595869203036	-0.5554153746750058	1.75360499712065	1.5958620838427382	1.0820119805843222	-1.5419573200057108	1.4135154331412156	0.8247728170296121	0.07730861813816832	-0.10249694130440984	2.5771403310212784	-0.19998102354551217	-0.8039951615494207	-0.7939912929199816	-0.5367591157155205	0.2332983607471325	0.7085184795751125	0.5849844789301414	-0.33554228205806685	-0.7838807985757635	0.12911936414885	-0.2492425998611014	0.46244559772392557	0.3062649477090992	0.7968686158786784	0.36097248175293156	-1.8331547965269543	-0.6955959088743436	-0.03160347155056837	-0.4356187862386861	1.103068527106134	0.8014807321050411	-0.3207203590662594	0.4999318440296177	-0.7578964660469771	1.2461835118593085	0.2748191113563487	-0.37555975588672397	0.5656093654300708	-1.9382868339273256	0.4931516051455336	0.5983397624478026	-0.6601474136278812	0.4743911644296574	-0.3615629140433285	0.3157465744597616	0.6756806188798077	-0.3653802620840104	-1.3825311879183693	1.197383980652264	-1.1858186735983631	0.4540814541765539	-0.9061332463574344	-0.4518069754144061	-1.3582031095630198	0.6015140222601764	-0.3376881172815561	1.0649460576512637	-1.311492804220992	-0.3582797551742832	0.20534093776244483	0.4742172563861169	-0.32897902496193426	-0.5903476747978003	0.1153869945230234	0.2313384596865679	0.08370757507357285	-0.5584904083526323	-0.40944564462520283	0.14336175598822248	-0.004232492550910072	0.6866937491960641	0.8886993135435524	0.1101891885565979	-0.13263669686127438	0.5376037480884545	-0.0797985550373088	-0.2926420888313566	1.0857100545367857	1.0849726724828195	-0.9960692948796771	-0.6839694234665271	-0.968591682929112	0.7269174618333736
DTXSID0032572	-12.239158237077033	-7.709058914691883	5.356096694706464	9.396718430947146	-4.795684189781902	-6.33732076277315	0.14706480515748047	10.052155388556773	-0.8425995227534868	3.7945880597123116	1.8701661129303946	1.557085563303351	-0.6998861272803422	-2.270546423338141	0.34544242420501203	-2.325091023934164	-0.30722282967057957	-0.47292697645686027	0.9368531680721179	-1.211156965011222	-1.3086219745907823	-3.4701607044639964	0.759064252582276	0.9785794856636694	-0.8602394985598866	1.5630313120462573	-2.750849668422794	-3.240393505786801	-1.1307343843684432	-2.5295334795544027	-1.6410033375358815	-4.6463568087833655	2.849878542705567	-1.4596881102967436	1.3016249546003853	0.7213880654859678	1.3837859660726517	-0.398802365564929	0.30207757186450157	0.7715054018470638	-0.27175228873233653	-1.3801257606558452	0.9093816461044398	1.2713847559049392	-0.2270164506223778	1.170725355606859	0.3632080731182254	0.7917230770540401	-0.5431836555250265	-0.32089173383797037	-0.41755414288408654	0.30355916146373574	-0.4318475337333658	0.8084032979820791	-1.2192637972972646	-0.2281181587985668	0.25338322902961063	-0.9591809237083139	-0.9934225634473569	0.6716543792568679	0.3911570219430043	-0.9273634657100636	-1.4931309958859504	0.6503401556375498	1.5524452751910265	0.7372195402090452	-0.6790140126350956	-0.48713211982892335	0.26097286652563745	-1.1175968589943412	1.1794783475434463	0.61460096285213	-0.961986944726158	-0.2784821953011288	0.6439866389335751	-0.13470145252375584	-0.7694682765858795	-0.09693972580836299	0.4574912944527896	-0.11748131443659232	-0.23792166059793507	-0.43220299007553364	-0.23834846182599997	-0.38696251087130684	0.02386663509302255	-0.6490481626236208	-0.16904386261578308	-0.4444022905164261	0.29460734475019157	0.2869931508535796	0.24061917985428355	0.8865789449905069	0.06816468211625824	0.526846268426939	0.9872046745918478	-0.2302052475584134	-0.1694064176042301	0.4464602265485828	-0.28995809221705643	-0.18611933329672475
DTXSID0034695	-14.936149797414249	-7.7949693030270994	7.921721195868503	0.12363936684659692	0.33032454390032934	3.3450065539800464	-1.9034722182340702	-6.14466122141533	5.132149730225496	-2.4892257015727695	3.5612101070006013	0.999529351391797	0.4927537014257191	1.4992056127121867	-5.685206378307387	-2.6143475197637107	-0.2933554692813418	1.03894078248327	0.17708958249525208	-0.039341017300694545	1.3057796785837141	0.7110489251850167	-0.30397650747243554	-0.9016566471923797	-2.3714121360092437	0.9792534043688084	1.8432278922954612	-1.958733740916704	0.17207966368462022	1.214785120682266	-1.1180323102082814	-1.1077006145624007	0.5223674761674548	-0.010427062865989007	0.5737737767189942	0.7120127838800338	1.771566123872021	-1.4173956538741328	0.37787652591342064	0.5599324372549466	0.4969329932192542	-1.857029138165585	-0.8652196643257554	-0.7093912115785932	1.3234671565154656	1.9684454501858066	-1.3970571583659217	-2.826742176994026	-0.1163010723651964	-0.6761397171200084	-0.5197659601732472	0.5006708447538559	-0.05655949021178654	-0.4361121425840484	-0.6465441988631981	0.7678798030639002	1.431365183606307	-0.5915928031754482	0.7316475566554804	-0.40517112926054133	1.2266911666104645	-0.12063663851353615	-0.2747444915798673	0.6198967659529864	0.030671838313093832	0.8595830657669613	-0.0948944336264236	0.4032188640842065	1.6463355149626202	-1.419245365435644	-0.09218608264087165	-0.21136134682838756	1.2654545374771382	0.17421646479330274	-0.8873230098111871	-0.546060080904158	1.2687786360775184	-0.07819866548817567	1.1422268768823707	-0.5157974354685317	0.5087317131275739	-0.012450295658857127	-0.2266272306776355	1.0391152475507894	-0.7881916609745763	-0.2306576510390414	-0.8045628149163604	0.7095057678795667	-0.8685003092734865	0.9351250082369179	0.46780250302119925	0.1354447755778809	0.11515587297030498	0.6906877723114598	0.10990402391902729	-0.18459395086824157	-0.49740259874308773	-0.44885083415676663	-0.6917723685172248	-1.0925611534255613
DTXSID0038700	15.337803394841604	2.7809935554915812	3.1003209182649476	0.05118301888601111	1.3177096563551953	5.045720030881059	-5.522758431077044	-2.9657472858165974	-0.41363093321934274	-6.6870454400226595	-2.937143608233992	6.696445562965076	5.955254481218075	2.373048504213566	2.2687561735792094	2.255536509882104	3.332371953580723	0.45489525800848646	0.9098450023392386	-1.0846586039579906	-1.670912852749621	-0.06797860298080696	0.739915384847186	-0.03706309133900831	-0.2898815647199055	1.5699494938331413	-0.7268472936301295	-0.06608463647116644	1.0488402230450156	0.5981101593742921	0.9844831122890195	-0.7372035378102465	1.2689310656553972	-1.8867559676017287	0.09549937372462745	1.2876596252120291	0.778978303782418	0.2472323825985484	-1.0627228872858803	-0.05148194642869781	-0.20138379976341284	-1.5285314268639822	-0.7802561061746977	-0.5873018363615194	0.5540036475795006	-0.7929144452014831	-1.190052567163929	0.022243775638476456	-1.2216941508220078	-0.030110977678842993	0.5309585937256963	-0.9573658089224824	-1.2926582048718585	0.46254082128304674	-0.14737248960663474	-0.11717405099223352	0.194822993125196	0.2569957882032414	-0.028087244711840705	-0.7072611754945117	1.1010619040098375	-0.6774543948569988	-0.845126463488669	-1.0207485894436306	0.23621708666093907	1.2100986071205901	2.0173034718695244	-0.6587171567122161	-0.38362435918335414	0.10437143650190134	0.6073960442713247	0.02278090752152369	-0.7254359842265737	0.7187206672987084	0.07155885956796582	0.6078798427554104	0.09535540476732983	0.4821777860378514	-0.17629748879050433	-0.7909904178978795	-0.3997509636882501	0.8032011008084161	-0.6539272097539451	-0.6115039002582767	-0.2336771156815111	0.8717445824989074	0.540053624614549	-1.1556140427536026	0.9717162004446163	-0.09842726943987845	-0.04597505243946992	-1.3169496309182505	-1.8822695146290114	-0.49648865083141414	0.11467417921934293	2.0176052899576655	-0.18428059755880205	-0.058092741033499484	0.9638860603475002	1.3889848916949752
DTXSID0042169	4.53736089184105	2.181699324632763	14.113821646847253	-10.46722939634169	-10.385495990210634	1.001389237190793	-4.937319818669577	-3.8081725017254735	2.2270078410748293	-2.3703063017698067	-0.7612344834187063	-1.2448750613485664	-0.9048761627054674	-1.6640676492576696	-0.015203030779943815	-2.71564567116155	5.096997555590921	-0.8225196546657513	1.0001121377183482	-0.7653141511202478	-0.4770785798376968	2.476347723782232	1.8249310232646705	0.8043865082599037	0.8050327261705398	-0.3174042188170542	2.2509328703662184	1.1171759041186824	-0.9840409693585738	0.09246361693447577	1.2815670961315453	-1.4184913890200326	0.6327681072551508	0.2366908106944197	0.7086285967844701	0.17017918591820552	-0.030463395774190518	-0.19973233452227587	0.6784118564137298	0.3843455926202439	-0.2565650526903001	0.35706904574179094	1.4981444167552667	0.5092710091219166	0.46299993137990986	0.19366876204017186	-0.9741935103372656	0.74969301803204	0.8369316490694314	0.909719932644221	0.2715086493700046	-1.2569113129603047	1.2348422726881045	0.5760232099505673	-0.0853365272777731	-0.9572309587038869	-0.11589530526028669	0.8625870076717231	0.6232990519563706	-1.0540567353985222	0.22699686525846746	1.4646426560077435	0.1271379639887275	-1.8349533666292588	-0.05092034561773421	0.17598928337619096	-0.6422202234634931	-0.713218528462651	-0.6790472134033059	0.9267671824393713	0.8014029471012538	-0.7489673880091037	1.431461122147354	-0.13896158944230536	0.9965423804388052	-0.13854331259200986	-1.1772090118856655	0.7833285843472233	0.47471453427663063	0.4833277833701753	-0.33329493490437745	0.3354719112424432	-0.5283797325909408	0.5615600811889083	0.3726196110008055	-0.47138690956514556	0.7403641387043266	-0.1359649082334138	0.12153671710775993	1.3298595030748153	0.5003988839379792	-0.349170511446535	-0.7495980957000565	0.3829829080204561	-0.8553481560006291	-0.38745657030386677	-0.5729497061946819	0.6263753232967921	0.8776253915782057	0.9828044479458534
DTXSID0047749	22.238161183518752	-8.004231908945084	-10.223955286848746	-6.7644145428336575	-0.721395136739944	2.7860048670751874	4.317095257673923	2.0449251130641155	-3.2975595599869756	-1.154437416345635	1.3622778790321166	-2.667105297670658	2.2481207826691074	0.25834095095217025	0.7456273140302297	-0.2929586162097409	-0.3763577840644956	-0.38494604688389794	3.5457953192362637	1.5624882261132889	-1.6775576466766389	-1.1447041363326749	-0.15069114916875403	0.3792404227443241	-0.4653635051348249	1.1242578069091842	0.4191358672226609	0.20298236102633171	-0.0859803815299191	-0.4102755008838989	-0.8124808774570007	-0.38325137020852407	-0.15023130739073318	0.9512466131809282	0.856048371729381	-0.9902696580619624	-0.6041195493093041	0.14107722908645917	0.8341047762719151	0.2920538439658238	0.6075730969077339	-0.5132318493103657	-0.22544522951613388	0.37924145593481984	0.7128742294081575	-0.3542948369215233	-0.1309893672007472	0.047494320218506074	1.4972169811527303	0.12829570475297986	-0.13431991439715762	0.25183295515634463	-1.046483419074464	-1.0519373758649246	0.5490545291678475	1.4760927129349846	-1.4433397165451933	-0.8547536279780751	-0.3895140283876815	-0.6521268172042971	0.7953732654819015	-0.7455470244183676	0.30544841067101886	-0.4570847793060856	1.172807369935546	0.653883751545754	0.6266617321346006	-0.09525673328426454	0.5277606324289892	-0.31031965481771107	-0.14884205734373393	-1.1003877470387444	-0.6756926419764149	-0.4920408935565802	0.1188548912406744	0.6044361350282039	0.45090833663834484	0.2382800996725807	0.4211990098767209	0.09589642880705723	-0.16092754224903924	-0.291171534421113	0.18302811766853277	0.34182511188141895	0.5269969374357997	0.3069765025431811	-0.12636120508024412	-1.120947304867324	0.8476540736761042	1.6908603306343621	0.01967946786144409	0.045365061132152516	0.4792350831699522	0.05283680712687267	-0.3539968494664738	1.0262109503983892	-0.3310109911627014	0.39116077356190726	1.2915257866147023	-0.2391210893210425
DTXSID0051574	16.484363208223442	-9.470302629644408	6.742749125956576	-11.797405990779746	-7.089234584526784	-2.0802742477352667	3.8150730093616163	-1.2766150215349148	-1.0435407780115518	-1.2889478768181812	-0.08757258631846417	-2.763839842988946	-4.022658225799013	0.03151040975808311	0.7752834539320053	-2.3657276937453386	2.688774785991901	0.3508103052451218	3.5127726180407395	0.16543476909403126	0.3741314242485845	1.171293660854743	-2.1380142829479563	-0.6553230762122404	-0.7117615965060865	1.9767998539756855	-1.07798959049494	0.7459867231626645	0.3686516009355174	-1.3600964766283576	-1.2659877665935604	-0.05885928745191927	0.4861418104916934	2.4429350176603943	-0.8595886590413218	-0.06528977808841938	-0.19284870758899147	0.49524757347872345	-0.41013990970634273	1.035969983680131	-0.29705361578639394	0.4063031205376915	-2.5936280851592843	-1.0257643367024045	0.5787433409600472	-0.16556952042658793	-0.8549888702286694	-0.2401807423057559	-0.32374504650841357	0.44856632773317695	0.05640751989137987	-0.9436630153799026	0.8606638109844489	0.5057745620667461	0.18400377766397202	-0.6718723173310578	-0.5954583254587326	-1.0749099309688206	0.24686101250137332	0.7241994230321709	0.39498274725633004	-0.8789415987138494	-0.9033080611994204	0.40015194992435615	-0.5096666064952882	0.9422055069660638	0.15839564922494354	0.33283407420479555	1.7401853015802922	0.8804523945946424	-0.37771820858267374	1.031275667208813	-0.7118028526242977	0.1313793917570397	0.11943486606898669	0.3481153118958629	-0.6812998708982732	0.2851493158964979	0.5173436730065567	0.171358434142535	-0.688015410165039	-1.0248512617303354	-0.7866879915852418	-0.21148701808458645	0.2127007127705453	0.7211839485977957	0.9422575170443371	-1.2207417727544025	0.5108408930227268	-0.1312503021174463	-0.6647796565167464	-0.6180317541477794	0.8829080503578735	-1.3889320729416992	-0.18284527917763194	0.7552324673560608	0.3174611362183707	0.16647722680817767	0.17340668820163882	1.0940821156810916
DTXSID0051944	15.380565902590146	-8.309538743705602	14.84925933276355	-7.940754017895476	-3.621367693319608	0.5626710681481546	-1.1810056142456804	3.6129959104504654	-0.08579893848825815	-2.937606152951808	-1.7239842923769622	0.9791312797929155	-5.386845393715036	-1.5483541942808454	2.014314408800441	-0.9112061622962606	-0.1548495519942419	0.4812282194898345	-0.050688048124510825	-0.7084751796455692	-1.260309583273516	-0.2608755596466313	-0.6096493671159119	0.15883777367984192	-0.24287634646550746	0.7027699896723016	-0.47891837543614185	0.1566532462671222	-0.4116399296169654	-1.5523359365297924	0.06338901111485028	-0.6460682619214936	-0.7414065968006655	-1.252954337775399	-0.20625876355964942	-1.110962662453308	-1.198975514863262	0.034398400803212284	1.1231242298513828	-0.20265213395015547	-0.04697169651430154	0.0302092545935641	-0.2787629051178631	-0.6051354925957145	-0.18752187953470345	0.7888038740290082	-1.16537364544561	0.15318033520137558	-0.15272054960244427	0.054202836164974955	1.1217211815099557	0.6503948456195323	0.20470767409325302	-0.4231717594077128	0.04448431645401459	0.4078439388064778	0.5068686888370464	-0.5625115617168772	0.18842760168204867	-0.18279570575273485	-0.9097034192007004	0.7341222192200559	0.045799693400034765	0.6277266728428005	0.7897792627951609	0.14210097764214258	-0.6978373505333473	0.06332335087977203	-0.34974215566984534	-0.542374193936006	-1.472775285475115	1.0159820130301627	0.19214265433994018	-0.04402067496705677	0.0658014330057078	-0.3680375477169953	-0.42561058684760306	0.2798768059100283	0.14716678260388297	-0.7206187755780282	-0.22173650819666327	-0.008023509870521492	-0.5605590294862405	0.8776236801773015	0.14643486839046194	-0.027395880357103473	0.1271066033915621	0.033345593853542264	-0.3652317067826504	-0.1202762437231938	1.0189451189114445	-0.2213130169475647	0.14378329336660461	0.3496497361000963	-0.442843110184256	0.801277950230522	-0.8120353313661426	-0.03275347062605355	0.3890470136827346	-0.921593228328386
DTXSID1020855	1.5324866635297805	8.872636855281602	10.649731174718315	-2.3026088509133458	-3.6440370393827344	6.567337819054842	-3.1833115487672656	-8.124318693037125	3.7811104647012668	-5.9516681137457494	0.33288907400044876	2.476206389878236	4.963287561198609	0.8086880466482125	-1.655315833570715	1.135611935828496	-0.35621460897925195	0.13126064752559383	3.196006096010155	-1.1874902906590794	-2.3124266384872776	-2.465727803622997	1.0365095649322638	-0.7464737918877419	0.6821427272974824	1.2301813343949295	-0.9715306143352527	0.4902648731135659	0.6817673357803598	0.14523901095237474	-1.227092703178918	-3.022224665677726	-0.1946230374504517	-1.0359701712571718	0.14280820115715756	-0.13953039852467838	0.7112358538905107	-0.5758589120936511	-0.20876949790850166	-0.6415196239188725	0.05848937082953232	0.45830864153274126	-0.8542218936887148	1.451308798408472	2.4834061113148813	0.451741917578291	0.6081083181700311	0.18839795122341763	-1.7858815514434283	1.1300086730846617	1.2683572517904314	0.08135383695640142	0.3418937137485057	-0.5673974125944435	-0.7627465462607327	-0.9102633746932082	-0.1483637131828708	-0.3641245071184567	-0.7914897116902146	-0.6095456165696621	0.03231136798196076	-0.871100778808177	-0.897530733990087	0.20409305309990972	-0.014269308368667	0.2224690593842172	-0.080066391828595	-0.332697411094464	-0.725519581401295	1.7459444319494977	0.999248816710911	-0.7029231337703836	0.19000458849552504	0.6213322384308245	0.6790340996598144	-0.4800255948494694	-0.21412353603903495	-0.20788647239184818	-0.39269622080238026	0.7912096034354752	-0.7339148679551674	-0.9274510175179763	1.3541371971862395	-0.7023941136443579	0.6883411323883742	-0.2215338674919523	0.33296813759133537	0.11062684032595164	0.30346993977820785	0.24515130858749937	0.2021449362520552	0.668525238976884	-0.7946641479086483	-0.405856372539649	-0.3860084640977905	-1.2325979874545434	-0.38032986439201627	-0.3945820228718293	-0.09379039659560398	0.416999855134722
DTXSID1023817	15.400821964307653	2.86216344046498	-2.390691484265681	0.29832878356279185	0.6859001266386454	-0.6080185673307112	3.744861084608316	-4.821761519222187	2.7738578992209533	-3.8023888660655323	4.571115611770454	-2.943694395402729	-0.19754338568947996	0.1321477344024941	-0.8072704048282515	-0.17906204711855184	1.7519689802642608	-2.4199756645590043	1.50394377904684	-0.10145046427700093	0.4712186779846224	-4.226025780831845	-2.738011638167447	-1.4831779163583296	-1.1417676543299797	0.9419308522351736	-2.769944720131955	0.6140948682531884	0.8514206321588726	-1.5361829288483375	-1.0847756675486797	0.629020328744919	-0.7211208476241561	0.5399139325666588	-0.6824310379833405	-0.754609780273733	-0.70994611155254	-1.1472849095896966	-0.7396498342835361	1.0067249668951048	1.8265949690391967	0.14061330881642692	-0.9521033641767831	-0.1835306220801912	0.35923091626564074	-0.7610264368137041	-0.7808979191362169	0.08611130729021882	-0.29282290497457436	0.7445442699599736	0.7320801020292381	-1.0323843542027789	0.43763412775883004	-1.837434832552808	-1.0177200928447425	0.08302796065997563	1.0095188078658635	-1.7312711840852673	-0.42713478483615824	-0.1498223189732793	-1.139251248685249	-0.43470246562470743	1.3210566880636259	0.11419510086198434	-2.647927167001576	-1.3511127574811093	1.3541601304102258	-0.13264590313339975	-0.5417047252065202	-0.22754571640018825	-0.16116585883497034	0.9904813223266591	-2.0559288247665926	-0.523751426875052	1.2324981206601735	-0.8818291026209171	-1.7316647026953333	-0.34650593240643907	0.0994832273531943	0.3813795971855904	-0.5720921426055946	-2.012467064224397	0.8536012365000237	-1.2817772072333544	-1.949690799199767	-1.0782883057749253	0.07760434399363818	0.04902171597574305	-0.30332347096821066	0.6562821648399922	0.5436011718813373	-0.29793743264886363	0.7906681174500366	-0.740058181938185	-0.17697783815205115	0.2773233334207642	-0.5284037940769114	0.48510817955949254	0.5110087373057745	0.21274858569411803
DTXSID1024598	5.790232442665605	8.670141491593057	-0.1876702101936559	0.6983998944849732	-8.954424472889087	2.760687346958062	-3.878611584982648	-2.6684733508234224	1.5180678396052674	-3.454826919375291	1.8594393499909658	-5.150373371177218	3.5969481473131912	0.2959748804305864	-0.18850338808333506	-3.102705787128524	0.5300893929566863	-6.879546707347316	0.47262624546829246	0.6289707755254116	-3.036366118472357	1.8152628498920356	-0.4117031488652395	1.2476641054122783	-1.556977083448334	-2.3268610176371896	-1.0759823282841645	-0.4095242657166561	0.5087309736146385	-2.071661142418484	-1.5842456069501822	1.323712582381017	2.2393394173396386	-0.0720403245596652	-0.4898718132398466	1.6076236195540137	2.574610940482501	0.35829693396562967	0.90002690153336	1.3141368878955328	1.324211851514065	0.9840465472242587	1.3613907745126566	1.6805508853358528	1.2390012576751004	1.57121185932197	-0.29584613080370864	-0.7707177061924652	-0.22421300085557333	1.5606638780829418	-3.0673130670278743	-0.46888761159642656	-0.29193680440070496	-0.7457177373478695	0.25402957214672395	-1.5140194041605033	0.430964288779533	-1.1074586538406859	0.8934334360000881	-0.05333426860890893	-1.4052759444512164	-0.5242994007777659	0.08417784484477304	1.7688876175869441	-1.097234740173807	0.28153484653918215	-0.18953065615162046	0.6774920880425226	-0.5568547678533909	0.7501620062615697	0.151436688055379	-0.9541924946282121	-0.1907404540054853	1.194481795162276	0.8225704111995654	-0.5328842317149662	-1.6636034743228238	0.45818985933728906	-1.0168263296448357	1.8172895462653547	0.4641672118952358	0.7994119430173422	-0.3978800300360704	-0.2313968769626503	-0.7725033021140226	0.2226573353584108	-0.024559632724143424	0.660373189603375	-0.28558158921182025	-0.5941126504274823	1.2374043997684445	-0.3580052718076398	0.8628900948568168	0.5501413830226856	-0.227971910439089	-1.451711375418622	-0.5265454072543182	-0.243079200549087	-0.37850595817006893	1.2205987296834804
DTXSID1026900	10.146462130026759	-8.469801581975632	13.52819928891742	-4.740523268122358	-8.029637903157369	-4.365332176341495	3.681557521194323	-1.3717227505395795	2.7465161774723974	-5.1270991332017655	-3.1236154933605516	2.2883542712770444	-3.7913758693012665	-0.9615128996485602	-0.19924766537353214	-2.1281402277570924	3.0436271071274885	1.6446751770322503	1.6994915770130614	-2.1247112698598505	1.0716900118598882	0.9122275338293462	0.7489553950804999	-0.12187965776595788	-2.269259403386998	-0.5953082317494224	0.9482218461771543	1.6638122174593872	-0.07579607246193346	0.10315074554555931	1.139878096109192	-0.12356285592186353	2.108082338051112	-0.5587653868694274	-0.25556816123596865	1.0202664074726835	0.4515400110995045	3.275219641036135	-0.35493136881399656	-0.39481222262353577	-0.3839711020286341	0.9446831300070191	0.047668942312609874	0.9369605766415386	0.4612912738195829	-0.3155284371725931	-0.03183044354941419	0.8322080681417983	0.19913709349180422	-0.6732723019562724	0.2013598785799593	1.688745606200588	-0.46099673823940035	-0.2671684508642667	0.08644481413172762	1.1239022688109017	-1.0908371504652152	-0.13916456552228798	1.014984676892951	0.29278049189874655	-1.195700748439905	0.1416751234849246	0.07901263818978195	-1.1585620834012096	-0.2839095144353505	-0.25736654186153035	0.9812934390128581	0.624569260457667	-0.030724784716215103	0.175138964871468	1.1030086368798495	-0.8970009829485492	1.6922648923997763	0.6840562213144619	0.9531740766639463	-0.33831144001512375	1.2124275784189025	0.14999522918926755	-0.6790244487097977	0.795064913522247	-1.6305847545906915	-0.668102686957908	-0.3906550272533413	0.5288517492706961	0.5263342573377875	-0.8404820526811854	-0.2677925946428398	0.2747613974295885	0.5745047822917899	-0.4341553094211647	-0.6345218123670677	0.4301941661206062	0.8104648299067267	0.7790134810598751	0.6546542118778055	0.39345099337075407	1.1504045271811412	-0.1004248353244157	0.20860188855872527	0.0695940758601029
DTXSID1026906	11.689879442401313	-9.992496429714338	10.419410778424956	-11.982232003044516	-6.393832192365412	-6.68106336522024	2.3204172690643885	0.64108680846253	-0.9370496644243749	-1.57600812742887	-3.5890911136390673	-1.1291129559831257	-5.017733847846689	0.2508782579557684	-0.6173224106834254	-1.7978897068439919	4.395574261190083	0.5032656604504641	2.6158263889740416	-0.8237721756102655	0.4907297050043772	2.6020833042189153	-0.14751197296382465	0.7263079920931282	-2.018722767473562	0.6308295250813069	0.24631452757718447	1.4856422482946736	0.22598621968280078	-2.041593593709733	-1.2418869868906306	0.17012749952582434	0.1726925154743361	0.5100721061322603	0.6270715789529567	0.3069385820195804	0.04366087630551102	1.2212400221699529	-0.49057764277608784	1.2137702321169253	-0.6415656653697879	0.5217628740087215	-1.773188586253154	0.14404093331677587	-0.44947222381115637	-0.6865243024992103	0.13483385657817157	0.2966401342252315	0.4901442488726015	0.3248601064612069	-0.18422268154063934	1.3234918254853703	-1.039901427057789	0.832198045734029	-0.10232121236445957	0.833092469193546	-1.186679555102938	0.17212386648816985	1.4186196553643717	1.3493255017842332	-0.6080790757970486	0.340632949714154	0.2153368712560092	0.0390553130799271	0.45908026185951506	0.9810163525633209	-0.625612082730038	0.6657368283341196	-0.04750644166762597	0.3663269781509488	-0.5505243728323641	0.21386350996112338	0.650764714594816	-0.5502525838389293	-0.10937599133320784	0.6921115138715148	0.5592378985261831	-0.2688157834513592	0.1084743474455303	-0.3863418482303837	-0.7739731766602417	-0.8295932099400066	0.46957742655547374	-0.7249320046410419	0.9987213273896774	-1.193462189544893	0.004722450727405944	0.14222416313963412	0.6213466492692449	-0.8608945950108269	-0.5715219396732475	1.1513240202968738	1.3284530065002178	0.4097896273964291	-1.1328582712731594	-0.4165779852571844	0.5020567372976955	-0.6677353755202055	0.696348571148635	-0.8819558613017136
DTXSID1034187	-8.80161373311829	5.138791154905631	-2.1933938761912786	-2.6939978103911226	-7.358872625581192	-11.062611294672472	3.1972293477301625	0.8733334566395649	3.086155789093221	-1.3425891274270838	-2.1052771881993553	-0.9527965539491228	1.7378030559312032	0.678572076655212	-2.886188611110164	0.7893810062386799	0.9576974564586707	-3.4372246246472242	0.23403704513607893	-2.3804366258658094	-0.6938888405541801	-1.2935795566629378	-0.03364266325722835	-1.8059425443224242	-0.725718011916475	0.009262848825538905	0.4650343688888228	-0.5138386340426123	0.47974353128522357	-0.8110730879802308	1.139018453320163	3.180959244751723	0.7892255672900139	-2.1045866345071333	0.5236941572765684	-0.8175952656366208	0.9238260880388364	0.6130764429209822	3.659298111861359	-2.225975837499191	1.3076445333983506	-0.23618835439991526	-0.2866125890724622	1.958483682419546	-0.06426472416993305	0.636261820333662	-1.3773541221635421	-1.3842429618401888	0.5081947624415325	1.4263612962913148	-2.104287998831703	1.375403556822339	-0.03213416937209891	-0.6845219581846772	0.11168853893710881	-0.07300446149218054	-0.34968239037677995	-0.06425516272319791	1.3974965418677243	-0.09493610061544462	-0.07915749636049452	-0.7290187772811748	-0.1315345582110351	0.2613751265223949	0.7802837679954737	0.04305303681442552	-0.6813594764616481	1.405829385825906	-0.781515051203881	0.0702427267500754	0.30796414136994293	-0.8719535544110326	0.2862148639106678	-0.10488039191851867	0.6133125152044224	-0.7110591374019463	0.5274777460758657	-0.3854413229655695	0.24936990434296338	0.15980826368035464	-0.8593912923910974	-0.8052958526374733	0.6971920025077414	0.4793197939353967	-0.08791727002692369	0.13007460790232675	-0.07592041422538488	-0.391059251536109	0.9760120734298028	-1.6437389326639378	-1.0081084253380463	0.09090985678373738	-0.45883008104097395	-0.09822721886070855	-0.05749300543530781	0.05595266126440472	-0.6812117890869561	-0.3635018016804047	0.6456925179987753	-0.6135074118689994
DTXSID1047362	-9.18144039191451	-2.6372187434750938	4.263091594057602	5.08991183101143	-2.5947885284720997	-3.9524645208177596	-6.28009991904535	-3.8499499220755293	-4.312261337031508	-7.689425110923036	1.5233537409340825	3.65339345780305	1.9619121178757393	2.879438076258682	-4.156286516592978	-0.42630835991025406	-0.7757622076715195	1.5510215113128882	5.208126846110494	0.36619263406216956	2.289303804560981	-2.0273659020821126	-0.6657740388290978	-1.9804585772959151	-2.426633112675423	-0.9812509951147033	2.305663971700496	-1.931965852619653	-0.22018134650574187	1.581786812459627	0.29267413544792703	0.5272916973122143	-0.5806932575256202	0.0947326206580482	-0.722538723815599	-0.48836655945661495	0.38755962036862496	-1.1107140098232302	0.10677378944430317	1.1694568825356169	0.16390045113699103	2.104775628250053	-1.0319552467573583	-0.8560201704209824	1.0934701425748103	-0.8248112002633915	-0.28385918472605837	-1.1059086975838779	0.20937266566710624	0.9288436813754632	-1.7241163610315937	-1.2256615608463923	-0.36365151372914717	-2.1565098805638456	-0.7351711494932828	0.9413136134032256	-0.7253290071674748	0.34780277995678066	-0.8345992223920745	0.10386570540512934	0.04601093542903146	-1.189192734090362	-0.647739011855867	-0.40414609134798835	0.21557837442315894	-0.5382811971876073	-1.1568764959734732	0.3541191407435027	-0.47282608559966705	0.12829138913981517	0.8120421115807936	-0.1835008400854937	0.499127357956565	-0.39647848504075456	0.27071203168127844	-0.5699441848610316	0.47474190310509445	-0.7860719341272311	-0.44134915120592166	0.5918478199745048	0.33948791144409424	-1.5818878960580836	1.0667325961240206	-0.230708099055872	1.3569697459715673	0.24581754099831332	-0.9842611121873756	-0.40564489573466633	0.5895259212605289	-0.7140797724657412	-0.42179523415719683	0.1809404989700816	0.3741077609955433	-0.5810204241183435	-0.359412265356804	-0.31097304644800045	-0.6899207163259095	-1.9634182054765694	-0.1378320173665464	-0.518593194569034
DTXSID2020347	-8.534907947896388	9.459338775852947	12.831642569984538	-1.4496299237050123	-5.112147169173053	2.819209259129339	1.600853122772905	-2.3730686805122625	3.6519925592568603	5.641223519323081	4.686774648029028	0.3723557719884919	4.0924373959339695	-0.4034092010812942	-1.0280595978796576	0.37933814781368036	-0.8123442713459408	2.582147398741281	0.5241572045591704	0.5589023933319301	1.7415717883195398	-2.7727721570002046	0.3842035181702076	-1.1447963453620316	2.3805807900228992	-0.06846022770679577	0.22777078405190704	0.7215691653965525	-0.25123452958196657	-0.43979604139565526	-2.3081758943137083	-1.6839089807191736	-0.5604480222312512	-0.5119005282287782	0.6052468681389438	0.02929800873316148	-0.3153808239625441	1.213381173961378	-0.08426795299793381	0.5295871000940063	-0.036478159987593725	-0.5718077194459245	-1.2717183043221136	0.42688630522342147	-0.1562132829041533	-0.04414533639402906	-0.8853411021245401	-0.23063044419305556	0.037224375780245594	-0.07184155328534411	-0.2524565561556216	-0.4967643490820519	1.5413678155683443	-0.13744887143309417	0.3513770431561054	-1.8871091965616136	-0.5951014409615057	2.2239759977905877	0.41222943977693555	0.06838310080308983	0.9799424660154195	-0.7779913315181619	0.12725981000488146	0.14407128888717785	0.21598261742433258	0.1608384456316735	-0.906871490118984	0.7157964566101922	-0.011179732741698709	0.12474533458950068	0.5119930119111124	-0.9306182448150422	0.1414804194015078	-0.5332100123460284	-0.5627818220921433	0.025601085105011943	0.06446148983512519	-0.24667437282126733	0.24672617051966708	0.6788993227760453	0.3433525001053517	-0.5706870433011356	0.3954156838375736	-0.29560001550304327	-0.7051524566451685	0.924322629728635	-0.5165270604381763	-0.8304004747380225	-0.7445748812470858	0.9705476092929185	-1.0054404928597587	0.49607836405101846	0.503344347566472	-1.1639371655032413	-0.24188304857967066	-0.2874788753157624	-0.31446909899385433	-0.31699707006163536	0.9086514537487662	-0.12162241408639309
DTXSID2021105	8.954355593437914	6.992644226450848	9.172701946593449	10.145287454594296	0.32921624242273967	11.791695798480536	0.8099669694549608	-1.0169998305127728	4.212344492790024	-2.739196562631236	-4.675544398058369	2.887617562377317	2.4862004973693304	2.1077413713655258	0.5689377333544282	0.21797178144483895	0.7127496693465392	-0.30251176185279194	0.0428287588546924	0.5266739103987536	-0.8004353098347506	-0.2902223702249395	1.1713188992939105	1.038371405258275	-0.08210272850710369	-0.1575477044624297	-0.30543421956192873	0.5153290880068065	-0.34582613126729944	-0.3198549786190699	-0.17411471663957045	-0.816843403385918	1.2091448869256192	-0.011220709787160905	-0.2832649271812654	0.09099420014349131	1.4705654796087173	0.9789564347284041	-0.12945548089858577	0.7214146244425105	-0.1839438611850782	-0.5266925062328245	-1.4897530211392092	0.9314456552967924	1.6155220314927219	-1.1533613100565734	-0.28258163298460004	0.23867583927350378	-1.0771120125358957	-1.1738783843901586	0.4377138850423693	-0.08609117975879355	-0.5846589974295502	-0.06256600323587437	0.7918800339090017	0.37236304877208876	0.07619940996586053	0.5380298358859966	-0.038431224480865625	0.6403091448956092	-0.1607454218181671	-0.1668168788109826	0.18439209231867715	-0.35926030220279265	-0.3215833415508587	0.36295300891474536	-0.8902135095167256	0.3315257650372907	0.1487378946921014	1.0076082417900145	-0.2938585152654369	-0.6390762889223582	1.2788212550828115	0.19340913946611318	0.35458134683927844	0.12473769102034024	0.21765306440028548	-1.1498674181128024	-0.4992435821882185	1.0482631537093832	-0.25742180803363524	0.17639064951971145	0.04838082423536391	-0.7134570465159444	0.20816364209890686	0.09497299152550472	1.2295723423900144	0.5637976143918532	-0.6333514190712621	-0.1112206379033445	1.114607031977552	0.5919766219639632	-1.3985499083808133	-0.05295660186833589	-0.9504045497880447	-0.3820055157933638	0.1497697851110817	0.08125098857425472	-0.3166080583500114	0.19186983310508346
DTXSID2022123	12.104454440395706	-6.456621536314377	16.48537675090475	-9.183391935920483	-7.138347960486229	-0.5200952206837594	-1.8977595138757304	-0.08857563054425506	-0.8337483753730895	-2.688132636967824	-1.1766411639825625	1.4109059314998411	-3.0846427097915674	-2.8259922959513064	1.690316907615746	-1.9632737801549474	1.6213699297714	0.6954552243465336	0.1961240317594493	0.4764776078588713	0.20043904375764557	1.662751728601084	0.2994340078634823	0.21242464607635259	-0.6702814564756746	1.3750430299449643	-0.23605248864356404	-0.389266752778092	0.07610047080931046	-0.47842478209131534	-0.3392465341775117	0.7194429295279535	-0.1463644774387087	-1.4619264024579213	-0.517928034942696	-0.03451800736249875	-1.3868522290211192	0.5216385976357758	-0.5569243187570113	0.19657609776709495	-0.6830349042922936	1.34909795467848	-0.20386653788218778	-1.0035844953955508	-0.44620711118043777	1.709923228775553	0.011220349825185305	0.42951125395791345	-0.5557779347955452	-0.1269514489799645	0.602889039593868	0.528027878984497	1.0908514090174433	0.9591780909757656	1.2288505965754881	-0.4425753406093233	0.11819885573538694	-0.6982999698181762	1.3470008496819732	0.16677846748073932	0.4945708020655125	-0.2887095331315029	-0.09249858611533743	-0.44581376143393425	0.01266244549848058	-0.03143909515903758	0.666297921809327	-0.025174948852419502	0.6684111201396445	-0.6032889634941526	0.7316644647977304	0.3366790363176739	0.16970922913253222	0.06192794358763961	-0.31383733482379644	0.14955115364178329	0.18328070682630676	0.5904634887137188	-0.0041033700707225245	-0.10806419594033168	-0.18688630400821854	-0.2868985309977437	0.3093378682973493	1.2465779864717124	-0.427291538777502	0.06624397931135158	0.054424823659486185	0.07186406340398409	-0.786801828442997	-0.014495326950992002	0.36940907653355226	0.36796664369020826	0.12569309858191818	-0.6019695640712167	0.12004414895297434	-0.3311423834892157	0.6167072402051853	-0.926398464905085	-0.6244239930097202	-0.9917807081755292
DTXSID2029246	3.3009630060288124	-3.6452355497493483	17.18411480527383	-9.364580299569058	-11.666889280473505	-4.0887698798357714	4.0090058525237335	-3.3676926430672287	4.220273040390787	2.1217062215479197	1.215475172240796	0.47627276916351013	-0.27445786893062946	-0.41551781940168236	-1.160124304867105	-0.9511151364044516	2.3140077963696095	3.5872734487695963	0.49449480052405537	-0.957777602779324	2.4057580015945783	0.8444478713626509	1.0215969312471387	0.6009999180522477	-0.20344790113044217	-0.5843353004134355	1.974858319941672	-0.15650165588115228	-0.7667516160706273	-0.9445670855657514	-0.7564793253821009	-0.019076603672263485	0.7571100487236677	-0.20050796522566525	-0.5161383218441279	0.4474608322794064	-0.2836611447918676	0.7237311923113661	0.4916964390750653	0.3539409663022124	-0.7138494384291104	0.26640576099636276	0.3785960629707361	0.7620310907693074	-0.4079435815000275	-0.09587935418392006	0.16514935633105113	1.3267150340659024	0.49630145191775693	0.5255453546843216	0.5635282868656243	-0.1716627334787232	1.122803628186573	0.06353648608557279	0.5220954074436571	-0.04263391767459645	1.0686775630018701	-0.7102277506155469	0.9503693943857437	0.5372344762871935	0.46681503216704967	0.940148467072895	0.6186464237633051	-0.8565327194190574	-0.13774824692971657	0.5933146292421118	-0.7979295162123324	-0.2589594464272978	-0.41390430348323376	0.38500647161667856	0.6529764362579283	-1.4772765989118228	0.6157839706602511	0.3115009862510215	0.06737096404700406	0.4002276999527015	0.20843053875974854	-0.060877349054554115	0.3648155802585456	0.37973506371952076	0.8821782168802105	-0.08898358291169638	-0.19778139864095076	1.2741595143188993	1.335803500437933	-0.4324044601335675	-0.31409418029316927	-0.3265853864150257	0.27903808010951525	0.31326016079024344	0.28000149238625316	0.05069417765082806	0.24813365724396225	-0.4865377147345066	-1.3463706419682264	-0.8856022826297659	0.3114490376922093	-1.0927609653383172	-0.156338510544929	-0.1153049230539518
DTXSID2036299	15.901403620184485	-10.248782291135818	10.510653385576372	-9.818588728208422	-3.6718754550252752	-4.473624067356321	2.5136229001996524	1.575045097173262	0.4818311104917138	-2.9882362902180137	-3.590398021067564	-0.33481422623685797	-5.6164470108239035	-0.9038084895700221	0.07083298594072615	-1.58845393995084	1.536165446230522	1.152775377942594	1.4241843597568207	-0.1473734760212309	-0.3992998877382506	2.8608358401551888	0.1423331900578145	-0.9687898023971245	-1.3988011236454747	0.7051600657837153	-1.7136648956724998	0.9038188115365278	-0.9398222040765327	-1.0091963401252326	-0.528640167120211	-0.4086194444376451	-0.40773262522168996	1.380936813169878	0.26338731402440874	0.8683259270061641	-0.28112648891594144	0.719429088193325	-1.1679801205673381	1.2923509540202265	-0.7512243089084667	-0.32018105455368484	-1.7638278011465862	-0.1582049819546095	0.11084811634104359	1.0919344547552083	-0.5018391646543338	0.614823086183469	-0.9633268254906291	-0.9477825119461686	-0.7409110441565222	1.741124062481617	-0.19996754350495125	0.4215379168208925	0.4723860933412847	0.6238127424399255	-0.4650041282946564	0.16091201749496908	-0.6494482662638484	1.2481438019968774	0.1317258621828569	0.8307803586276477	0.3353700907203444	0.12251111289340783	0.46059157072558154	0.2838022513282829	-0.6292004804614728	-0.03392221200895239	0.9656276120049522	-0.31632613081348043	-0.4634624288088051	-0.11266424502243662	0.9260762859620549	0.9799178067538781	0.7615215814176963	0.13013532202094516	-0.23669607966048847	1.111636081851451	1.5549268854804974	-0.124813003256323	0.015759330979349454	-0.401715686582232	-0.18822877396324258	-0.3879459421010276	0.8784382817041657	-0.11182771211328284	0.19076571841315604	-0.16326457344901615	-0.007130528089404735	-0.3328974721749923	-0.19004415198155405	0.37792029905426267	0.9986968171911148	0.021786794947458173	-0.0020028511121712796	-0.14108863138898367	0.2036931613246732	0.139062844619752	0.47106624135164926	-0.45898070243253225
DTXSID2040361	12.691079257443166	-3.3603211679958402	15.804105423523133	-4.337507690883982	-0.8375476545349806	6.372172818971418	-2.923462479964696	-1.5382912811712162	2.45443054846618	-5.65564052119654	-1.8997460747268167	2.874366138371741	-2.6303534267764905	-1.556572649669809	-0.28140836944009284	-0.010320638210052661	-2.2984162093988236	-0.3786865229226188	-0.1217804152885915	1.3784707917904153	-1.8393379109364627	-0.5380086524537678	0.46339514038362833	-0.013919719577399842	-0.25042223782008866	2.986478822452044	2.688984979414293	-1.5975785577132935	-0.11851613569206734	-0.6858349808034029	1.1385233829538277	-0.3746326945934694	-0.8421307221158314	0.24974765034098403	0.4320532137065478	-0.2953182464026159	-0.7711905979316257	-0.16294518950407355	-0.5436848249190976	1.4580030897963079	0.06732554006360505	-1.7445056268235324	0.7702728021530575	-0.5478829374941119	0.523152157745463	1.3081695726746414	-0.686854569010924	-0.5516659915323965	0.4761456557587223	0.2498059367078622	0.8547054942724047	-1.0300295995857847	-0.783853016698064	-0.7156165972575268	-0.4945315854904664	1.3711185446920617	1.2258058464618085	0.4982643788812343	0.8649662424605532	-0.10717301736107777	-0.7831014692454895	-0.3691573916731092	0.07403717643382308	0.005495083663661885	-0.8701719302021271	-0.9894219736675035	0.9165380209567497	-0.5880957756461308	-0.13952932269318954	1.0510597124025494	-0.2374401538046412	0.504393873738531	0.04624333885602405	0.8751767514227388	-0.5423727404951204	-0.06391916936661649	-0.36774450271085074	-0.14942251994544067	-0.26626094109423415	-0.4320743017868804	-0.7928296672786184	0.4043246366769075	0.5972533827955008	0.6416650267592052	-0.7250470746730546	0.5531468001002343	0.3852728167859273	0.23725941164158107	-0.06557610148035409	-0.012621740647607146	0.7320436177911216	-0.9306605646321588	0.1789271018093636	-0.048516598417518146	0.6159105970589451	0.38586756205387773	-0.8417088517376562	-0.34384897369734047	-0.5226354194491959	0.08826113075118945
DTXSID3020209	11.914666008941689	4.445602165737391	2.361407413922649	-1.9195595362564004	-10.325151107297437	-1.1451040688756582	-9.054759788221611	1.6851113629418817	-3.453861684029097	-0.9231214372127663	-1.2147365859437778	-1.717147877975901	0.10711419723146745	-0.9190286706044043	-0.12104036521740735	-0.47848311716520747	2.1170412703199024	-4.8519845238411135	1.893782443325394	-3.0920195050518333	1.9252321081173438	0.5093381015188467	0.9698457800257358	-1.8877082347989678	0.33747899101393847	0.9814384125656709	2.037242496468951	0.07296064345422047	-0.11001972970108123	-1.1505849030338953	-0.6515414890771741	0.339007260985684	-0.5967783469401752	0.4430377444807819	-0.5983148815529673	1.3887111259196132	-0.15292212624453771	-1.45054084087197	-1.8771860804907643	0.057431974814998614	0.29701847732168096	0.8382152218993261	0.8031927014943716	-0.49425602765525084	-0.6215165100160641	-0.5297161947951184	1.1459850014566635	-0.4919192255461416	-0.4318060879109837	0.8669822247182606	-1.6219077485701987	0.8002306050776747	0.27445691715441906	-0.4990350338036188	-2.7793591481449518	-1.1617559991308175	-1.0511874247468156	0.07344275868273319	-0.48853007815479194	-0.4339003355610173	0.29035522746817755	-0.9469693210748669	-0.3835138444839723	-0.5288596289143639	0.3943797084378386	0.8786668014307357	0.8695742930185351	-0.07214345824412469	0.6637698324409612	-1.0769275004017476	-0.15247375190906745	-0.9687906932863716	0.5984019659716919	-0.20078507742860083	0.12990949175714908	-0.46460645674929507	0.4494968657176653	-0.7951245350201317	0.4581402479224806	-0.047526196326873216	0.37744437267858677	-0.011475733674465851	-0.8922917574443677	0.9005671391624577	-0.4363664261609175	0.8184188749981601	-0.1162925583867064	0.11544895867159254	0.34845287608161585	0.720395184928284	0.6165207822709747	-1.2155638420451025	-0.20773643365547606	0.41076624046227816	-1.4068083356971566	1.1607343515807922	0.18794336017652716	-1.543376997980009	0.9349538862262612	0.528706516751688
DTXSID3020966	10.199935074372874	4.783371096764588	2.265875314180729	4.4792430741631115	-2.2855348279889642	7.349678794482977	-12.108836613854297	-2.9220590978540506	3.0817525457347505	-7.977260278749631	-0.9628720393331871	-0.09947965494224834	3.3600670775883077	0.7904077357009454	0.29778696419182354	-0.142200862572359	-0.13307736105329104	-1.3469778244309214	1.2156872920096826	-0.10976858334040195	-1.2944020371531453	0.9148652281336581	-0.5090095456390773	0.3160818820224894	0.9645240328514274	-3.635355593454623	-0.595959277658594	-0.13783983375003084	1.40702444967689	0.35986565887027466	0.7997065100925289	-3.5628740082767094	2.0438527125405757	-2.2454978274723256	-0.2046231735824348	-0.3046433940308165	1.5320626567981295	1.135718432402923	0.6828851515792541	0.004584301864075763	1.5982492628251896	-1.4407155065343447	0.2657488182839769	0.7072216940592192	0.48447715037271066	1.4695404387750601	-0.11322977611211947	-0.39078557610960696	0.46692759558057556	0.8750120321477398	-1.1203091632063882	0.6037232369423268	-1.1451502253635835	0.36483300090900117	-0.23756695865805372	0.36635490057045333	1.4305888914279907	0.32895057945190015	1.100629993642311	0.15055722423452558	-1.423850349814815	-0.8502405378132583	-0.7807055546051174	-0.342668971214517	-0.42137669207582323	-1.286833933705079	-0.17998635691448656	0.17022214106273686	-0.9820781111438762	0.9758513973190849	-0.543779994158434	-0.012472740780151094	0.7537663775466426	1.3665188785706208	0.2396615518940089	1.2090960182744983	-0.28477988837038026	0.14420423407709537	1.021702602585864	0.7989054505742048	-0.28306777920122694	0.5671617369398586	1.0210582186475563	0.8622527675137631	0.8789620731247884	0.4648399876182745	-0.11620927009026479	-1.3703410294288674	0.19142229546793715	-0.7029467641530484	0.4976143901992964	0.260319390810802	0.10415671802201153	0.8026025824537005	0.03890922953719735	-0.21186742066044603	0.5544807356098805	0.9615849316451568	0.579133804348137	0.5232919273002377
DTXSID3023899	-9.266488244888155	6.187049907725697	7.9575273120520125	2.5125313068882473	-1.9293419693401883	2.344972284870024	-5.042724243880615	-3.9127333455759725	-0.3544540227852884	-7.388196925322584	-3.9089554978742886	3.5001683414117104	4.715004866617484	0.8635606819626088	-5.123386025457462	0.29883817919457456	0.873050215226554	0.4223349224252671	2.1871371037673653	-0.33103227674571584	1.846206094246531	0.1803990605872728	2.686488999053315	1.548276409769413	-1.698103483396127	0.2430160590061207	1.0425177800205647	0.5185432409545581	0.5763635217575015	1.142137633054202	0.5789325852023147	-1.5616502021374041	-0.1869179620506253	-0.9740588350830993	0.06660811080624776	-1.1020765766550784	1.4083310909413065	1.0818751105068134	0.11867530837724084	-0.10052834749228634	0.4885124552664708	-1.727573796622127	0.942166730415675	-0.6111031247819348	0.3823140676227785	0.21418133122423555	-0.7816118575710097	-0.14415950639116715	-0.7848174531227791	-0.2995547728630707	-0.34366977232943835	-1.1144149507977845	-0.10337984963703974	1.5256517762727353	-1.66801756747698	-0.18967264064463438	-1.6805961154429079	-0.700938369908739	1.4735595655668599	-1.038392248229272	0.6444008577445645	-1.3260952355925057	0.9255271306911947	0.49761609143848234	-0.17538827872218443	1.0902012812127075	-0.29403892284858946	-0.13581804343408488	-1.1205723037619648	-0.19168546540852188	-0.47317643876150944	-0.286193729912473	0.5479422463586981	-0.2688908400959868	-0.7316874933986223	0.24359626964979977	0.18481781180345724	0.5960966128002815	0.008224571684360065	0.31742337413280514	-1.0459870772795197	-0.3685141226484573	-0.10915687794846238	1.319226483188399	1.288578031445243	-0.4063048001809974	0.177815644384059	1.1355423652024197	0.5210278699119544	0.7252440221166462	0.23162016640798894	0.6532953819775079	-1.5294949049581281	1.1106517386480423	-0.09396897753460504	-0.5937284713403624	0.33126204892416045	-1.0578229025987413	1.3542731553332985	0.3849721462640979
DTXSID3024102	0.1655450858998879	9.61834646995167	13.205727882777689	-3.8919763856093974	1.2510052302592118	-5.776372506162939	2.138505284026191	-1.3738011736350395	2.189975117977319	0.10013649895192835	-0.9949918465239999	0.5284879518435335	7.140143277205238	-3.3122711947956276	-0.3244807528621745	0.06100710460686898	0.45241951192025587	1.2998827873395447	-0.6674500447876645	0.24728708990007037	0.24837071001282138	1.0897350606939304	0.45611917506863037	0.49004758521383124	1.6821547220636879	-1.8165912158084407	1.687509024678596	3.297045898858082	0.9221670826105098	-0.18783963261982378	0.0033663107821440435	1.18427992181966	0.6925561159238501	1.9950626171558552	0.3217222540381952	1.5398182120287927	0.0778312098570774	-0.2879298285727387	-1.0045636848808446	0.4088177025531534	-1.6649615091826608	-0.15442331418530425	-1.1910849596655633	-1.4022727843710605	0.5635120070658731	-0.007453483891046712	-0.5050547232104016	-0.028994121777697553	-0.45151362829169545	-0.16955147468692552	-0.1977499332762101	-1.4150984190080815	-1.7796945704470535	-0.5890817751783511	-1.6482015306541231	0.09586910896545817	0.7945160296144882	0.6706625673856467	-0.6059308734527686	1.7687193661887475	0.5964633454925429	-1.2657311775822246	-1.6679541963443252	-0.25217622514730265	-0.023678910790511255	-0.3776849868970481	1.4133515984202476	-1.275397735636403	1.3174008522540386	1.1782555493814835	1.542763123853879	-0.6083321776956451	0.6639416466878284	0.49133955947119445	0.8411448886049746	-0.028685070250948876	0.14523400724214358	0.5077597994415235	0.2046439023443085	-0.09080522822272041	0.1298820683362641	-1.5053710204169168	-0.7711398265595256	-0.3505209675017886	0.00402840205483272	-0.09908791053264036	-0.0360755328663548	-1.1825136947256016	-0.8133165109854802	1.335991736038817	-0.5546838122232328	0.18821447816716771	-0.7994292949315412	-0.40322564874254896	0.9463653056567406	1.500186665247567	-0.9238170665775239	-0.36866021335329824	-0.6193931862762173	-0.03996949840134746
DTXSID3032337	-1.7036706063851472	3.363531745647594	9.352777865828875	7.747317906155789	4.049416889028305	-0.39003738785735964	-2.449023222634276	-1.0044207341363816	4.025462843403134	-11.148776303675369	-3.444325612478769	3.946297417132116	6.066882828212936	-2.370184343115083	-2.556071237867199	2.9906215941974152	2.9526791586124044	3.5981052485615312	2.3449193759740408	0.8706642016914455	1.0130613920582876	1.4864172190408247	2.5524302065848614	1.4108171621060004	-4.196039828651893	-1.4461292932896277	0.7403849757896348	1.046357416768834	1.8096650716732148	1.185756115654376	1.6594530788513981	-1.29170366904532	0.33458693087891134	0.8622638710957963	1.6346943563240408	-1.0764198399464986	-0.8139353423512689	-0.5304668189981393	-0.17042870414540945	0.7518936499418625	0.3707556160575413	-1.3344158486679558	-0.3181907279824552	-2.4145761671199235	1.188456365038165	-0.12797694301044898	0.25311840507253586	0.1522323883826996	-0.7124298332775317	0.4620219833978954	-1.1122549928059027	-0.2013822739545605	-0.32978924741045795	0.403320171034377	-0.30166194783773287	0.11812855944878467	-0.2650088412495053	0.03472478123487045	0.5147364530306989	-0.6703343507387415	0.4422971770912656	0.06875399528612261	0.3242332618811555	0.13606516771420493	0.9621924912644025	0.7925971540064495	-0.18995700807824611	-0.5426110122721669	-0.38308071101559316	1.5326793571102746	-1.686580506148306	-0.7559918895641109	0.3370526294661796	0.3408322519926332	-0.8181806767434926	-0.1230906135165056	0.8456945745220187	0.29448409520781255	0.7218379826214515	-0.3709592516320363	-0.7349477916926584	0.28641754168318734	0.17832323023677119	-0.6683985707847394	-0.0032597357216747704	0.07041592391994418	-0.40312866297945127	-0.3857542325857205	0.6248372672341863	-0.23975298341128223	-0.16362902175237856	0.016995127052488533	0.45797890674539943	0.36146493280613845	-1.2260590293515303	0.031222493973648163	-0.06315242644778028	0.9276306638429268	-0.33428632876691455	0.6371305243204837
DTXSID3032389	8.069892994479067	-10.000794101051078	12.601737513169216	-2.906439604065982	-7.372169523366521	-9.413874092496858	2.8003303827063677	3.605376715292413	1.8598071801650602	0.2494876578513452	-1.90558587241877	-0.5260736080313365	-4.190958295737465	-2.71298177404584	-2.307082039878857	-0.8008975546745077	3.5246593833926387	0.4863059770096491	-0.2945872485570354	-1.5884882066018495	-0.09214053578459172	-1.9739719823918125	-0.12072326194173848	1.8452277026896158	-0.29252952282373196	1.6800858314682872	-0.3202114070144886	0.5384402979270269	-0.9713797849175695	0.04928456820726176	-1.33695984180904	0.14939962549456776	0.5685090435032056	-0.16843581628244905	2.48735363160501	0.9921163027942386	0.5138513087997697	1.3619455953557114	0.419046137167291	1.6875185642237192	0.016942615814408066	0.5185517682009761	0.002034204620489055	-0.4681845380597969	0.21600199512763663	1.7824144580385883	-0.3801960065470288	-1.2133581664926965	0.2521167848142981	1.1364725991128253	-0.23990107237204933	1.5188992810613413	-0.30268352377350866	0.02323132435777196	-1.5005988950851437	-1.2604949651044088	1.314856307569023	0.022515753316511077	0.08658866074013898	-0.05150854018527924	0.7313067924109649	-0.6814524555078623	0.859988130442299	0.4714986310443252	-0.2555236491767372	0.4931878466877334	-0.9049171012787302	0.17453750910369595	0.5795566593139492	0.8720382466413508	0.029701109276597484	-0.7427666586908914	1.8572351588735	0.651816273999675	-0.3593580974954132	-0.27195354757589446	-0.01564488571982155	-0.27794722866213784	1.331537766034454	-0.49314400517678453	-0.18279009771335397	-0.798814855179579	-2.215225251943822	0.5482576611672696	1.3212851397536671	0.2657359292901762	-0.0908706963206999	-0.11925047092313117	0.39157915724704107	0.44397993407430786	-0.2891029120177655	-0.55030483859189	1.0436798043955	0.7082239176402558	-0.5939154805979756	-1.2762281502972916	0.40778907696688915	-0.06024299991054538	-0.6487977284017152	-0.4530126568715841
DTXSID3037541	-12.132763595847827	4.3712749035345	6.685992327249767	11.259937078524363	-2.320004558756538	7.6522918109899445	5.074524408151596	2.2632134646693496	-1.3387430186486906	2.882889112691539	4.726030606854996	1.9238255043585304	-1.7176220525058659	1.3141383114822522	-1.5366085943683732	-2.4034529582795807	-3.647277122276655	0.9068523778196421	2.318847658019013	1.0743401237581531	-1.1258644612810549	-1.5348926638916216	-0.8809516103403333	4.774440322074813	2.2569044275690135	0.45703681214244024	-1.8837777558075768	-0.6201727507836119	-1.2141308049214181	-1.4640600586055603	-0.33431058075576026	0.50011893797997	0.6317205904442511	1.7740293396017546	1.872066185674981	0.23566346158773363	0.23049260301117658	-0.7332222071644604	-1.6769172756527777	0.4646077417450233	0.6810715484269414	0.17197689680094413	-0.49323952642177027	0.8233797586654782	-1.6271748222048616	0.9403056704621009	-1.0342783997844942	1.3420781588550343	0.6664383125930727	-2.0091365456594787	-0.4421886776473729	-0.7252389081985476	-1.7299634546988714	1.5491240708091456	0.35848345340461335	-0.7594323131132128	-0.36176141571166504	0.1731726612185938	-0.7046149744926136	-1.2113596478549653	0.8005773537215485	2.0417881024358056	-0.8551472263947034	-0.19541556992011647	-0.9775028900468872	0.16605976598759276	-1.5875874537594648	-1.2850777951561945	-0.35184732928313905	0.47937848965351987	0.9080608481465975	0.32273878582548854	-0.3898515580711169	-0.06327785904746269	0.9581883588286783	-0.08099499954709374	-0.3752039019258138	-0.8845541894903034	-0.8389782526949313	0.3892906363554098	0.31581208894300117	0.9895686371250823	-0.5680774170028191	0.3334012406550838	0.43803502424405	-0.4213435985208073	0.4877362410582672	-0.28820485810468943	0.08935985537470911	-0.5517652891990197	-0.042945560109116265	0.6550425113220412	0.0692291826458966	1.2748133628860745	0.2867060135203053	0.41841011767605063	-0.223545768324236	-0.41054404423011526	-0.6885855157441498	0.19875531974060298
DTXSID3037094	-12.71229637235324	5.804869985137868	-10.369043956976196	-1.3355232190092163	-7.759991725631195	-6.217388202197858	0.06094466619994562	4.459478467531462	6.096376964211886	-0.2116093213223396	-1.267912057389279	-2.7516483334806234	-0.05175814607729282	0.8230739788404636	0.3959732847277188	1.4285426540809198	2.7605489569447106	-0.2746341937776238	-1.4118996336613783	1.4221714462185422	-0.8005597191504062	0.2716704287608721	1.5719148044030675	-2.9992552526335867	-0.6542699004379892	-1.284545782601686	0.7438388344686326	-0.515765709006449	1.3441025889139946	-1.497560733665176	1.3343434768239968	0.0005881105853285884	-0.6902859771675366	-1.2446314179097953	1.668583549029787	-1.3805892121079903	0.6435369332674343	-0.7493963569411001	0.03032222273237922	-0.7607502100411695	0.2872210606966378	0.5616347815578915	-0.16631192162041797	-0.42724318121477634	-0.5542041445493515	0.3830594573981243	-0.13351784439107192	-1.2261290413874717	0.0040909779317867	0.8229497101325033	-0.7344035738195839	-1.3657375881854634	-1.0837997138661128	-1.3832150318632856	-0.729629002227315	-1.0702511058776625	0.9064789942118489	-0.08097541851572253	0.824172573608425	-0.33022345504643075	-1.6883165912733225	0.5937242716110168	-1.1403098907525335	0.45067636252738985	0.11441455882330703	0.6229604223318597	-0.4232554722413888	-1.036481134388144	-0.08784150505102993	0.8509874719019147	-0.38765643637115194	-0.12753586509987375	-0.6074325720475625	0.7353528621172994	-0.16302699191249373	-0.7744502605878254	1.394413734200088	0.17514222270412655	0.17360485500856768	0.23343913911939435	0.023395719803215313	-0.5098960695840165	1.7342210471550759	0.41119826219044775	-0.10543388510570713	0.6431366844277212	0.7712965607247882	-1.3302676304974832	1.1617598265098465	0.4597115441088524	0.2017671843596981	0.3486093870147954	-0.1569176185272972	0.2791208304233931	0.9027272332595845	-0.5629378468649706	-0.4016177852828766	0.5397773083928001	0.17742482330737946	0.4102506596708635
DTXSID3038939	-16.4528187935268	11.601282798689754	3.4863435100500597	-5.156553053773063	1.408986211414192	5.2381516695178245	-0.04074405505041124	1.3337676719471274	-2.5227525472725674	-0.2680445267583793	-6.846709841826053	-2.609243685424027	2.1242370161470934	-0.9903064006546455	-5.9126999774503055	-3.3360619980853015	0.12929251300421027	1.3396417076925249	-1.1661931318304817	-1.3885272894861878	1.540582108003458	-1.6883385483880924	2.652387338942537	1.579008495858203	-0.2558469471904626	1.5906119781830221	-0.8814382743040853	0.11446881713317901	-1.2221995863559845	0.3036083531379284	1.0750783777859312	0.43083350292358064	-0.5128347172760175	0.26509356948605095	-0.7941124911909331	2.022721917695822	1.0371029741393922	0.2989369695403461	0.733518353947667	-0.19262678509407805	1.7728622399276182	0.009724335957262915	1.2826735840622427	0.6214636818174805	-0.8763906861713194	0.13320813673758075	-0.45266954619156574	0.6607639045667159	0.27390813232312416	-0.20556001397000193	2.5543251298241865	-0.6353765405912344	-1.3869839839908082	0.2640746805929518	-2.2202116584990574	0.4148159173052584	-0.1271111781932805	0.5198267388749964	-0.42221456136143354	-0.34783280657214605	-0.06779471906145268	-0.3764391607621645	0.341846486150326	-0.31400274422527674	-1.3188905048920028	0.3073020002044573	-0.8601104809403497	-0.05531473214512883	0.013865304730922503	2.32859052612727	0.6286351505265672	-0.9409173276848899	-0.5001436883285907	0.00138883714601099	-0.061234572579372995	-0.6970260224265568	0.45704333379032575	0.8346283071209162	-0.04851664963969373	-0.13353008341779538	-0.5032067922792092	1.9388330668758587	0.8253729820259027	0.7818024308712889	0.4028357133312554	-0.3104531292808309	0.6094374500808666	0.8614002631112726	-0.7663969127860867	0.025951539649934248	0.1646194190129957	-0.14797758346539594	0.12122733459150452	-0.6535195343350363	0.29898635138273066	-0.4276052550709469	0.26871544508588874	1.184344731212889	0.15508838756551016	0.43898039712809794
DTXSID3040722	21.905430218216388	-3.1052290265603526	-13.260582684286526	-3.423478365780345	-0.029534335704957313	0.9540682483332374	1.5964348712938181	0.7590867215799719	-0.3757592540859651	0.2521578855142026	0.7432193418859773	-1.714490331991772	2.7621900855391104	1.0550363050884073	-1.3968116400694104	-1.2996979193361202	-1.2528876152908943	0.24134160958069475	0.7272922936103201	-0.8680693385575203	-0.12139255831034776	-0.19649376660329865	0.1955718601186017	-0.6545907918134523	-0.44538954862137187	-0.07832351495415837	0.27612476484022414	-0.17985399157124893	-0.12106035253956918	-0.9640667809956933	1.5546174837406674	-0.009496215847176087	0.06849967122309757	-1.3419567734198843	-0.20966652333851263	-0.44815815920221275	0.16382697352529613	-0.6949565953260571	-0.4666809959933924	0.06457496502314386	0.29403809803701764	-0.029963931049434338	0.6219425903831597	0.1469591140603649	0.3060422041335096	-0.4323483676516565	-0.0932423292387921	0.6984033156633632	0.46003249234101656	-0.436201316820845	1.146898561641417	-0.3674491989774323	1.4370908842015289	0.2101055250960441	-0.778764091746739	-0.9555072641974527	-0.5444837450495701	1.0396303688814625	1.4149563765554718	-0.36797534999301346	-0.09414482029337756	0.37673381321639654	0.03615711538166234	-0.029976612865588174	-0.9506868335520666	-0.4176908911518732	-0.4487808667967563	-0.05847515421027216	-0.42699716648342384	0.0883314634188331	-0.8270696672341674	0.731323476744309	-0.15046467421497167	-0.10140672631955533	-0.8302099067640303	0.20891796150860512	-0.45588887459696376	0.3609591376196149	0.5570039239468284	-0.1862811724064221	-0.23513804232176372	0.537871266440707	0.3643127244171107	-0.25376363140118896	-0.3338664720824662	0.5803653896146636	-0.9203992263832546	-0.029398209151933582	-0.030294557778904902	0.10424880790952193	-1.0612320023114903	0.6884308880145121	-0.01364445258944314	-0.8048171423479079	0.5902421640975706	-0.7488741292364597	0.7626060966506444	-0.1705216352853519	-0.2349654657113749	1.1467693907362493
DTXSID3041376	6.09308879375895	-2.1174502797610293	8.419780770406927	-4.9210924985614195	-6.440720185120794	-12.420229669912112	4.126990991395527	1.2536982978809932	-0.02507479119859316	-0.04183956537099377	-0.064126853453138	-0.41963761679117245	-0.11203773778991717	2.1204694086997975	-0.30321008327616744	0.05528292849142033	3.3284679610073256	-1.2218327262901014	1.3343158020478072	-1.5058382072427705	1.9806033360372448	-0.49859590989361413	-0.1828023687751447	1.0952130303199252	-0.25581606169042614	-0.6917341464888888	0.060897304081975266	1.7369660056482439	2.0728906601423924	-1.772890897850922	-2.643328138252679	1.9973727572438658	1.0132805665678293	1.4753433218124177	1.05003221490718	0.19837788515640126	0.25392644617103816	-0.3705857123296653	-0.8187908976736878	1.1309913716425646	-0.9150863308499968	-1.2041782310905267	1.7298243548023795	1.3085368165880453	0.33427896145601993	-0.6184318764884358	0.19415204175563874	-0.3762367478529842	2.8669960266388284	-0.19706239689580254	-0.5209955397573415	0.1592901429904433	-1.121985166685516	-1.6114323967396302	-2.844452753849311	-1.782639668346192	1.3712322544752844	2.8724279052535393	0.8250224719424354	1.1028011250057093	0.7506894453606818	2.0056881533904303	-0.8086200871095228	0.7609759706422412	-0.10624717248271068	0.3216793309890126	-0.10194287587075225	-0.8339247583189558	0.34877437637856856	0.6714022434553857	-0.9526204737978091	0.6458234835522948	0.32043752966176875	0.27714422352506274	0.05894928589838534	0.04220895777317374	-0.46828541092067527	0.10665012940730531	-0.030685125390293885	0.679028561024443	-0.5666784140864909	-1.1223403559847203	0.1266999067802659	0.3617417299198221	0.817727840242819	-0.6987225272329248	1.231313332633562	-1.1839061957273813	-0.5509197872242801	-0.8913944251584419	-0.28484668268770347	-0.9693700825653299	0.6232234284150351	-0.5729419485757472	-0.5436463421978701	0.264793062230087	0.051565775817937406	-0.08077132281227556	-0.09482133703954664	-0.4903698208484046
DTXSID3041663	8.318583732567399	5.2825324280075066	-3.018506783055567	4.012509399054587	-7.730292229846671	-1.3158034678747073	-0.461032787482576	-1.76876322463779	-0.6546536128297165	-4.855169480348599	4.451786801410313	-3.2368145337039818	0.20244026021631475	0.9322192879331509	1.3480070881990032	-1.4919238316485954	-2.029058684836144	-6.587711282723243	-0.4992501501102142	-0.16663002236569557	-2.576707908951035	0.6194823288870699	0.24992861407183517	1.7609711533256178	-1.2691823679151457	0.5722428793447409	-1.540212933695484	0.5209016950605916	1.5735318059966028	-2.4054780550701507	-1.1364073180659335	0.9521813994727407	-0.12915962578450738	-2.2186249869427668	0.7717396203757473	0.582099037800729	3.5416834996409814	1.0925508670512687	0.6075227873156038	1.6865174307944475	2.588103676417406	0.7840384404998847	1.1640286046256345	0.7562241863671924	1.418238331294163	0.9695802677012231	-0.54377342530063	0.20017308498996672	-0.17640822148675933	0.26627921913686253	-0.2601834853240927	0.7136283489094749	0.30048803753461734	-1.3922897722053555	-0.3566569680634877	-0.3313839722704849	0.30161275966246887	-1.550936588539966	2.927104797608061	-0.3047756317142488	-2.0661684921218586	1.5290314810191477	0.41773299422119586	0.06123239044485515	-0.4237519129740552	0.2879705199373741	-0.39619043907545193	-0.17120331389303145	-1.2785268179689473	0.5240807909690371	0.5557958783652049	0.22233449040059067	-0.32279467781808385	0.38288613811726746	0.22910151515682137	0.747911562642179	-0.4315146574189869	0.6172668562311008	-1.4883933496554251	1.1041874956025386	1.081959457687338	0.15232332413298227	-0.14139810335569272	-0.14475926342238218	-1.5054499082767867	-1.0466929185906981	-0.41199494837673206	0.43258451294743094	0.36449289411506275	1.2422576808352404	0.8216852802080992	0.05385336087020639	1.6213455602518803	-0.006034773620569581	-0.38942808582564276	0.13796611702839026	-0.4555291195521289	-0.09765986545995187	0.3542592211620554	1.2713628087744677
DTXSID3047425	18.786462211425913	-4.9850108049282085	-2.147645916043449	-7.321687474867681	-8.204182744646815	-2.291815216572875	-0.9501998216637058	2.829666297332785	-0.7488123461799562	2.230469711917655	-0.09787549636269767	-3.054424606177746	-2.039658283894352	1.3944098272885834	-3.7363360016243954	0.42181392152932606	3.9085462197541534	-2.464616058951359	0.806032338527319	-0.9949467049302715	1.1953334592333449	1.1961387845360625	-1.4703576347090899	0.9660840359893531	-1.1240553558559625	-0.1040633126694907	0.996119879797605	0.30584189014604124	0.24369651203110634	0.08533907001850544	0.5729356471563785	0.5223149573922109	0.18404369012365723	-0.7756826981149378	0.7801051979039504	-1.6340735011183205	0.18597329945735863	-0.6045823843561112	-1.2310979665119053	-1.6209367314023602	-2.283267956562729	-1.2775808275733551	-0.6026483309227936	0.22340727872303767	0.9445975530006107	-0.5817525600572984	0.5109493231652152	-0.01424293105464303	-1.1872654513964245	1.0074920639105354	-1.3675445590491424	-0.4315497760209509	-0.0819771621818355	0.9926288280830342	0.3971917636950106	0.22439614771718816	1.0796699217443093	-0.0333071809134534	-0.09501502947285113	0.404885122961961	-1.0930204714858225	-0.1458290423008456	-0.4624476600207437	-0.18310349098347892	0.17859163707629785	-0.10793150675828611	-0.8722346740129837	0.2705123697078111	0.720350844734163	0.1877604113239045	-0.800345898097778	-0.3688817541354817	0.17619478431157012	1.4901545458868513	-1.4082166438851305	-0.2593431729036845	-0.048306110436570834	-1.1960924836218676	-0.47152945057596296	-0.24321315727358045	-0.24718434509660425	0.03363486389147866	-0.1571096037540586	-0.10646339906559421	-0.13302430624132427	-0.08420831265434582	-0.26850309284264884	-0.40317754212175955	1.1687357641090266	0.2742788954234996	0.26314511716633143	-0.7938104600682862	0.5314447797707509	-0.09808773450783169	0.9150485946083882	0.044220047093175334	0.1652355750590317	-0.034490586457872674	0.35622421391590164	0.7317853390850284
DTXSID3047471	17.656702734259756	-11.166752483105151	10.528434472409044	-8.251445072527497	-3.674988699796139	-1.1718512704197446	1.3773018352276432	3.55091214763751	-0.4474898872075485	-2.9745561820065625	-2.2027518704372806	-0.9070312528413166	-4.430939419394068	-2.528298664806875	0.5711465956096992	-0.6174915908313676	0.5818747343151068	1.0829304668753934	-0.2569423799285093	-0.4195948694516718	-1.6272084194131573	0.34350784220002756	-1.1566224518764752	1.6549466126575516	0.20879300685108557	1.033064057853639	0.1391304856518926	1.5268246530612273	0.2790702638384996	-1.2895117772508304	-1.1722673838697348	-0.2081437486341141	-0.2581568454000884	0.5330673261074036	0.35918564969037703	-0.16602040721865144	-0.25222060273691543	0.4062628641400593	-0.5821317038427865	0.4075710212601821	-0.434168161589882	-0.08523140810399887	-1.2560439924227043	-1.0451300935335577	0.254373432501319	0.13559692478062013	-1.2799724752991237	-0.09916337879802278	-0.5063400309460846	-0.500036412320931	0.10311002678288103	1.310610823062594	0.9147473272576205	-0.18676639010904963	0.3189833136459637	0.5390121272375434	-0.9744364408857245	-0.13836626619774617	-0.7151271626823383	0.5392947638654632	0.15411064635243454	-0.3449411715753013	0.7483140974114345	0.17983883441922116	1.1039707572722839	-0.03434936044305142	-0.8272310657431472	0.643526256993884	-0.42377859708948606	-1.102553063337849	-0.22778429949975051	0.5755932441755746	0.40037370815051054	0.45824444304114365	0.5823245988311957	0.2623542382679048	0.21642666561778648	0.20377503053020793	0.3931122694173881	-0.32813496902880085	-0.13186892391675853	-0.8487426880823999	-0.5452191933006552	0.4246296417345464	0.839817518323824	0.23540483013086394	-0.3847134318332097	0.4119108250242194	0.2731063942255739	-0.5073806704216229	0.01497668167013838	0.19143124476611081	0.23450985874894897	0.8733831622623143	-0.9212638598140684	-0.21304382707531574	-0.07912752413450251	-0.17391170025046176	-0.1489846629581987	-0.4891672312073242
DTXSID4020458	-1.3427322114863844	11.231486471188683	15.488050217486613	-0.331897048499974	-4.787896227121447	2.402229351044457	5.305510706816788	-2.789430034270803	3.425434253699034	6.5834164072321695	0.6722640952576647	-0.22263510386210814	4.861765073908054	0.5400759763353056	-0.25188636128624425	1.7210228253471196	-0.5493533299846028	2.810642750793764	-1.4856230424366876	-0.7359261473675104	0.8087621567328516	-2.136590681848488	-0.7962552992614711	-0.354499741544044	2.2588803890286884	0.44697531059588413	-0.3578985267533344	1.236147604820191	-1.5552755301677337	0.3927926643732938	-0.2740140288968196	-1.4553373444116202	-0.18092396845426098	0.4905100040863179	-1.18577096889492	-0.4255285997550507	0.11641154851582093	-0.04282953642336783	-0.44741442753136007	0.5691384174116314	0.10690146830417546	-0.09912821886195716	-1.6308321278358904	0.8416908929366345	-0.8305783238166441	-0.44993540876405347	-0.91950354051719	0.16548569936916058	-1.3070673028291493	0.3653295289616399	0.40545560124643315	-0.5589894262519519	-0.25371084819810213	-1.4665008043445886	1.212153446993236	-0.4002686287039252	-0.06339683399742319	0.9378860807115283	0.21244470368908214	-0.7565879603262211	1.1020833067127511	-0.4763798372221061	1.1506500062029845	0.5228817786194118	-0.1762559618197709	-0.4926723388351183	-0.9046091093065917	0.22799066562680334	0.6011613750751577	-0.4693424163485843	1.4115604271504065	0.21660729103968268	0.2190217571619901	0.6018976044496989	0.5853237243914661	0.6228176179830593	-0.13077950985396286	-0.8964431302655433	-0.9574115918892703	-0.13667649723650444	0.09811762410664732	0.11713313651232778	0.9450033198686634	0.008255776473326842	-0.13159629046312826	-0.04195685052644808	-1.0307396932127586	0.023562979605022998	0.12162650048850876	0.8783664937749486	0.44442881268606976	0.020070089826033997	0.6631266711187581	-0.6379801105275267	0.44796100981714004	0.1007001959233045	-0.7145805912149129	-0.5059227533771075	0.3942621605969274	-0.9865935268937851
DTXSID4020791	0.20037073507818937	5.676508448517169	20.528122170689997	-5.556893525205689	-6.313427323745837	4.6245510384916955	-1.8214330061273487	-4.234617829485147	1.363696710442349	3.7480992655002088	2.0933116714643094	1.2190746997561586	1.751384659384641	-3.3863163765414046	-1.4651037369760733	0.19682056790525645	-2.551016986032154	0.786889712426389	0.13669496931217695	1.2916946877335898	-0.7914346061430632	-0.9002506995899024	2.7747297068615264	-0.4303247323268146	0.34218008087177726	-0.4557926131473402	0.30836030008617865	-0.33595876588668794	-0.6414097371064005	-0.38665796500092015	-1.6520217244661928	-1.126279066849542	-0.22855936118204004	-0.25694168667498424	-0.4887314117591293	-0.006651353959259237	0.6730056192131059	-0.08089402887864748	0.752595952078908	0.007781206549667923	0.6108114566062881	0.7807662794295254	0.6630172031593264	0.48163483895959275	0.2865681189785403	-0.22564386654573776	1.8534862653654096	-0.2738265110816988	0.23751196449715964	0.9468098085003784	-0.3882529661145148	-0.20627480210729743	0.3151179937815767	-1.2281330285452996	0.021838362004379056	0.6786630600511951	0.9992882476504018	0.6624474242886749	-0.9737800469682197	0.03633211782939076	-0.26944216096830753	-0.2043380257240592	-0.6555434841310867	-0.05387849796689173	-0.2281274671588051	-0.4642527163842282	-0.4538292796817034	-0.23705527074179655	0.9254870418239993	0.6082222521114335	0.055363613373401746	-0.03147624146971424	1.1930560058570807	1.0859195082962634	0.7548535725272151	0.3982272108931408	0.46826114066906827	-0.34466050886316746	-1.1095535629659294	0.8669029620097692	-0.6554625452642864	-0.4272578830828	-0.34759739485218794	-1.034556847672315	0.2549410084931406	-0.728772195021973	-0.31521108372982287	-0.4982915399284936	0.8065876137527583	0.006594168841727073	0.40774476464585335	-0.12674557396060313	0.3228631764040924	-0.7299634561093524	-0.1563649423866114	0.01280782855598958	0.028599890800512905	-0.4908534653333242	0.06849475934599322	0.11737774019439508
DTXSID4020959	18.113227999852715	0.5508678586271015	2.3832839117458753	1.2929143304032764	2.956221638505213	8.514641502970958	-6.318668866127828	-1.316356274813182	2.3093550797503224	-7.077565610941603	-2.4994096913735935	5.365887582939857	3.2428534127337647	2.2216250035989273	0.8658130214876222	2.4811386682178593	1.855517857711206	2.4939408921673785	0.7612279638650498	-0.18039088363232983	-1.761846500034866	-2.102683450912607	1.6578950219710105	-0.7152706504347887	-1.4020345400557517	-0.42725274884237663	-0.22276366703221462	0.32340213936056833	2.243870625950798	-1.7260031957865032	0.18127393764844701	-0.6364609436492455	1.1275367006150667	-0.988772400639536	0.579961265661707	-0.6389158715931341	-0.6926630051143918	0.21258856497908266	-0.5592194772844806	1.674899029201771	-0.29072460430328045	-2.257981032986021	0.4251871679160938	-0.3671055139847025	0.1954364737139095	-0.09434339253118897	0.41840657160809663	1.7482269675929807	-0.16221762697481154	1.0100951158000058	0.8907936014324499	1.0514195221648455	0.22766574914134532	0.5382570614844672	0.13237290556786974	0.7851480499790386	0.7896661230649167	-0.08544992520555088	-0.6626100564295364	0.8838893937010951	-0.013298620681249089	-0.08776230901918106	-0.5903812614344829	-1.1452049233219834	-0.09374505142207543	0.08978285686832904	-0.007595114764127046	-1.0193158782090377	-0.5954662371422849	-0.2742423624280212	-0.15434461189093238	0.1084797598241663	-0.3559906746022168	-0.03366240430486172	0.7725252204438245	0.14065455479513647	0.9803014103953759	0.21556999494842158	-0.7749339101770346	-0.10022993519311446	0.1025651756937297	0.1784610706352311	-0.11027324401231284	0.5203495711821498	-0.7490835312987288	0.007886764360314281	-0.6718954673489983	0.22457788753782448	-0.2475480737763533	-0.8732416295018895	0.5903155499199871	0.12406065380720714	-0.6431421458843664	0.14954993137907582	0.05960413699000346	0.7584250352807115	0.19060845453594988	-1.0038609183515068	0.11483910626167901	0.9953736207286039
DTXSID4021395	-9.360372404063654	7.54927297439893	7.7090774387584595	3.729916492741844	-2.8582806804558074	4.138425967958171	-2.380944426636405	-3.672506993843739	-0.1338778587606352	-6.788088372836347	-5.967947708426744	1.7745221404709397	3.4560494997421687	1.048234693792758	-6.255006313459418	-1.2844343251171582	1.1663805159810405	0.8804547998001434	2.5854883452072075	-0.1673064949570235	1.4130009762048488	-0.8278638693998275	2.0160613997849706	-0.8927216308584293	-1.907660212426004	-0.0012126570034119704	0.8061280348089254	1.7721398898592189	1.3220098300391074	0.8848846247170656	0.49646431533693935	-2.1054234561601364	0.1328597483487742	-1.1651164757691568	1.170341156793692	-0.7967354873243288	1.5451499801656199	0.5249505269369211	-0.7694213036622107	-0.710211851817484	0.12459528548720988	-1.576062724790762	1.5097325139850577	0.23424741601727847	0.7377831884765195	0.6707254610059077	0.39280673567474284	1.0818653096104565	-2.020344725174718	-1.9890775745675882	0.7716971922172902	-0.8529066009091381	0.6930650159777128	1.2637757827423957	-0.5294585895815525	0.6012788908478507	0.11067237573415167	-0.7276704951022739	1.222142114923059	-0.9879564623375627	-0.17457125401115242	-0.35301364031266286	1.3824510637854763	0.636540804876305	0.9949498253954383	0.616509091665363	0.10629058314671759	-0.9246842100878236	-0.16221418237414742	0.30414160040100685	-1.0024055419833575	-0.3785043969433179	-0.556276116429442	0.25691706699281097	-0.5207237790095367	0.31674180812169694	0.23334352594201807	-0.9162342547810969	-0.28038092234650874	0.39472609606665887	-0.3199043790459949	-0.4891805266494703	0.47984408313693316	1.4181816187108491	0.616861965251295	-0.47317635652954815	-0.563357629574995	0.05867925694686824	0.0707770427408333	0.18056186691153317	0.301277372636071	0.1032290134103729	-1.4838599149650453	-0.5203083696900356	0.5004842683525369	0.5508406129706027	-0.9195553732785992	0.3876756691134671	0.34958528400826805	-0.10407222256627253
DTXSID4021559	7.795720982868316	-0.4585772753888271	9.581272874438346	7.0022134598822765	-0.08343442253560471	-1.6089271905118068	-1.2375835218311129	0.5722891961023617	3.8644487363884767	-10.914461525983082	-5.233646660695352	6.169783687873229	5.122274828008687	-0.1368564919345429	-0.5094059114480038	1.7608210851724757	0.6961072890667173	0.711667546462967	1.0357841852055696	-1.9015420330376507	0.06631097016016366	-1.173840843612908	0.8926067534612582	2.491336591444671	-2.6853043810156185	-2.297028561784185	-0.37067466696896184	1.908547279770953	0.19761076293603405	0.5125713431749741	1.2268259116417284	-0.7866289026473371	0.4335885800193289	-0.7081138543751563	0.3671195281672919	1.240668215835396	0.28749109955791297	-0.03418995695922915	-1.0906706662244592	0.5034899927636373	1.064649728243512	-1.2033250887921114	-0.07825761365494303	-1.4694788597206498	1.5066569413630204	-0.49281239056107273	1.0432019841651252	1.0055495598015454	-0.6580286538038607	1.1059605458182786	0.7350538251346946	0.10793642847068419	1.6768271980564575	0.47258925895480175	-0.5261633578095366	-0.14057105701397524	0.3316617670947056	0.5215229956211962	0.1279580288095727	-1.1333189618398292	0.10442203148084866	-0.6467077606618846	0.2669163535534384	0.7825266331781107	1.070205676062837	0.2813991642977575	0.5029843028596123	-0.6923300258680211	-0.9321537597939954	1.2485363586566993	-0.4651814878733694	0.06623757958629188	-0.7749490829237676	0.04808139131068894	0.23960750351672055	-0.8205259067886117	-0.26237045972104145	-1.646229314385908	0.8526008850776841	-0.24759647236481058	-0.3144746916261002	-0.0652521959072077	0.18391102194373013	-0.08986500061531073	0.38310215794178015	-0.5860502995735586	-1.4549035973741862	-0.24056350482172142	0.41529861076720725	0.3859934913450875	-0.6525093842337628	-0.6043626103659592	-0.3072656163961019	-0.516465489352213	-0.14579897482768142	0.1896564027588703	-0.4407730598287825	0.3146005787520099	1.0708810508906357	0.7570730392166756
DTXSID4021973	14.136072507714337	3.727873276950644	4.800302363412724	5.054151425005461	1.2327647983061991	8.273144784509537	-3.785202880714187	-3.731712711103155	1.4715526442523528	-7.4914887865110975	-3.856744263777733	6.100777070945049	1.3377843080363205	1.0040686060578454	-1.3361459879691868	1.3772289034894574	3.480534435610099	0.8492118954835782	0.11765290992785433	-0.836453578835224	0.35146491701144134	-2.7126325292485847	0.483546934906047	0.7100915947989258	-1.0307252509460207	-0.9533571107908493	-1.7553269504258662	0.3387730270577157	0.6024228507582976	0.08273765026156782	0.32837746511412924	-2.0234237329318754	0.18438640490817465	0.2646570416937573	1.7427613644449997	-0.4345736071785082	-0.6881683807080209	-0.5654013663772891	-0.207188928387357	0.49323464449068377	-0.43921119210660203	-0.4778412193291775	0.6636347309429146	-0.3525544433708121	1.0859926581334085	-1.6312017642994863	-0.7046942203944605	-0.7311022747323933	-0.02603252277990084	0.3251139478433572	-0.22771452278355775	-0.33154929038952774	-1.4346481900903734	0.23991102997667	0.4145008199902945	0.13899155439836455	1.0676561875093356	0.12661960067595202	0.029607716624795204	0.6075781725946717	-0.19744256953961473	1.6128930274176285	0.6497356926795277	0.730632876527652	0.16202425714191884	-0.8013072415846577	-1.6006090693515838	-0.5323337728521754	0.5736404119346881	0.67735251064987	0.31080641218465593	0.6049400565803416	-0.6033239586166779	-0.7794625275946704	-0.052718784621685874	-1.0655664200433383	-0.5055262552008216	0.09618986865319903	-0.2786239286863898	-0.2107413838942936	0.015696923180191186	0.6780098509045758	-0.2161520728800478	-0.44082270387202593	-0.3447622028495021	-0.6296976101142143	-0.057666013452555856	0.5184052463674304	-0.8802621319206066	-0.2616256525163244	0.29917501595865287	-0.9322365709896991	-0.5592402639021485	-0.2080606457890255	-0.4295762699731162	-0.11057588289296678	1.0610784598051348	-0.2964207003082906	-0.12050043254259415	0.6413238556145385
DTXSID4022367	-7.825157251345486	-27.464102629339763	-0.7533501088373353	6.739457712500848	-1.8118340593391746	-1.4380809235170253	-0.5564050141732393	-2.8750359477164418	-0.5886248919362421	-1.0730251100387551	-1.0307532046082095	-2.406086707499664	-1.5492360290850444	1.68006402266017	0.5824416480908499	2.063673672310108	0.6185255013881712	2.481453941499372	-1.765051253269132	-0.994458206497793	0.030177681114029877	0.5876809749746705	-0.9728871339589892	-0.5721612545346698	-0.18194524667585113	-0.8605250071816491	-0.3123996708953174	0.8198650886138281	-1.138009757261453	0.7748344528199608	1.4729658034719209	-0.23327381519175244	0.4237782474800832	1.0540489957598742	0.6317614577948064	0.15040411688343844	-0.46094475667212226	-1.718598657435669	-0.39164933718009887	0.4639161939861742	1.212429722428005	1.232869263973988	-1.1142549120109457	0.1527587696513848	0.1520284307126637	0.050157302786330966	0.3531490575502571	-0.6730239564013706	-1.735839373688625	0.08921178948478811	0.5693703186510355	-0.25532707307046887	0.10806232499788114	0.5206336468535587	0.2710519689700709	-0.6351319248310932	0.6739444928747143	-0.1930025423286863	-0.38535141900068665	-0.019610271401845673	-0.2905035132375682	-0.6601338112170239	1.0189698177737148	0.0037682852261744205	-0.062384806297746266	-0.8906872188766327	1.735952048420638	0.10948275919933412	0.23579701553167084	-0.49974230845446127	1.0678916717937628	-0.2466143660658352	0.6642299017831338	0.33986048296296095	-1.153347955387293	0.7230580040152405	-0.34522936636352736	1.32425218621878	0.7372573423245361	-0.8254421560987645	-1.2141631287657892	1.1334129495475165	-0.0680361247220192	0.24012587612070282	0.5555090449861292	-0.05501079432159847	0.4449850067882574	-0.611826778232687	-0.2645018212983648	-0.2898384422316632	-0.7222653318954277	0.10939267656764463	0.6078314522081644	-0.39031466615112154	0.06332158618236085	-0.19515114797058733	0.3818229144010544	1.4968411217069169	-1.3517429937386822	1.041111406987097
DTXSID4022527	13.278645399722064	2.7644243265327724	6.897806360346536	-2.1893241657327915	-4.625885811336644	2.1966239878653258	-11.979090025136488	3.3489703504967423	-4.498611396782737	-0.5407298786961003	-0.877221817785905	-1.5440532057692968	-0.606021327315092	-2.5626460512485827	0.10672085345205481	1.6742439237576825	4.441890677335045	-4.724544597808804	0.19218910661302577	1.5630100982550084	1.577107224433416	1.105612594758154	1.6381845449619603	-1.3183050299361572	2.0841327702675616	0.41193035412667317	1.7873339391757024	-0.5775520033124503	0.8105628517355298	-1.3485777171825444	0.3899914993186899	-1.25166250606596	-2.4549613583602756	1.1022052499682142	0.35062561516365964	-1.1542880656540413	-0.4892332814186346	-0.5226180403674585	-0.7321745152880694	0.43738873866009653	-1.5579862867137684	0.44121266648709045	-0.6652522670001175	0.2584253031520558	-0.15530820950222363	1.1708199049814385	1.7776559875557327	0.08847804941544879	-0.3814064759534537	-0.3499859584878499	-0.5063540785970564	-0.5266088774284282	1.1387451907080262	-0.5380875219182962	0.0010587743539445824	0.20200414841735229	-1.0739436420194917	-0.33193083731543865	-0.04857622927325951	0.0496399320643081	-1.3402596143298842	-0.7919689786460615	-0.32038487965293305	0.9024541847762034	0.9801018921462115	-0.8371810470546824	0.4530747887562985	0.01876558092038871	0.7950874420016735	-0.2431568408808138	-0.1027857186117893	-1.321634747826446	0.8779047099317362	0.6628150040036004	0.74267635257697	1.2308355968909184	0.8093340099514919	1.048340902691829	0.15117057025920946	-0.4342550221290688	0.18122681571132304	-0.4120148664911578	-0.36387662714888636	0.712418825837609	0.693302726763145	1.4791642077010136	-0.007599766181539805	-0.11618886683546055	-0.469900892467068	-0.5253931992042996	0.3632347484327933	-0.9371729545711679	-0.10661715517964927	-0.008415340902599424	0.055794026969132215	-0.5065702080222739	0.4979299859959727	-0.3592571133487326	-0.3073811546203763	-0.32453422066225635
DTXSID4022529	16.67962185432549	1.0566311708848768	1.8889334680424186	-2.52228904838824	-6.492022313218289	3.159474138177722	-11.745054230153134	2.8157082539810654	-2.813665825164859	-0.5402345229827619	-1.8348038986986959	-0.1750001316198844	0.6318145319864733	0.6624996549391662	-0.1495057809465319	-0.5723052476833099	2.3547856714639295	-2.7273290634964393	0.08918941224861732	-2.9003513489040125	-0.46149158557079495	0.21793602393471442	0.24170053436971886	-2.081518025869012	1.4012680936787254	0.394652086680878	1.5676122001858643	0.31991077529399814	-0.4013485191408841	-1.0304948962060139	-0.25011361167504254	-0.24585320049435833	-1.2322439475797418	0.3248943925654625	-0.39375628382186956	-0.910986268909266	-0.2490369769210367	-2.883233628871636	-0.48599672558779583	-0.17931508729932583	-0.7692059957979342	0.7425194227554097	-1.4691283486540092	-1.0829976417888596	-0.5956291610641272	-0.40448660233222794	0.9516991897279105	-0.9735244212689474	0.5034273167966206	-0.1111480443974291	-0.9118971203135761	-0.3478576647708263	0.576048002837063	0.10786217678658637	-0.8704491303697147	1.1994177110343671	0.16263463110286072	0.2365555896190872	0.40848057646301045	-0.34699824797229234	0.010763893798979247	-0.23797826497818136	-0.7764119971382515	1.666388944202286	0.28995971757244104	2.1186297992838257	-0.03211225754076553	1.0398650024781213	-0.3964615569770611	-0.7283972503824223	-1.3831577308962377	-0.33456081540824467	-0.5208399202343476	-0.9976627120672726	-0.45492942326084407	0.01831982981437755	0.6711638140115598	-1.0923361192845369	0.18622407212639602	-0.2565636334627905	-0.41388322324940174	0.5715956061085357	-0.9037524127912798	-0.07723836181146368	-0.01311910725650107	0.10142795302590575	-0.5797068913364013	-0.4387829107580091	-0.4528841134314281	-1.1909747890874398	0.7698404434929008	-0.19966052555398772	-0.4343630417463434	0.8449111193830624	-0.418537126903712	-0.14732293600872556	0.09829942360885192	-0.7911062629959734	0.06489787765400432	-0.5959916803013144
DTXSID4027789	13.414108634341009	-2.758164386267978	17.226145399234895	-9.609481231323956	-1.7560827146054137	3.0752877810673356	-1.4132509846602512	-2.800101196414028	2.3765731374692862	-1.2277159348965399	0.44716682836318206	1.5510459604404625	-1.9303628528644272	-1.8907767508013273	0.6977229569644156	-0.6223631015321734	-1.0271017612047522	-0.9691002391471671	0.21414283990617575	-0.40302719690122984	-0.9193582561957461	1.957679293599228	0.5301966699035386	1.7170680405639058	1.5163147362776948	0.7256810246186591	0.7019195031783503	-0.3404729760779801	0.14698057750416468	-1.6175969104146923	1.2242528319477326	-1.257420646753787	-1.2178532986311588	0.8567553358985508	-0.47173305771466356	-0.42104584665544686	-0.079589008782251	-0.042929877668267155	-0.060835254166568146	0.13834122932606652	0.2737732032797175	-0.5123730427624649	-1.2777544482070726	0.27208525478889317	-0.6885263147830195	-0.4943229181950962	-1.0704323290126476	0.44099487098209617	-0.5138624696325171	0.4139304323884187	0.6165469473145871	-0.9865031898505102	0.466599098429578	-0.09067226414985032	-0.811496149536629	0.5811681134853678	-0.34957876537739974	0.2910342546786472	0.16320759199513507	0.120806579936051	0.2509219696900201	0.04632996253325774	0.33718139034076683	0.6249968076054596	0.09150590432183844	-0.6874375300378096	-0.16015943634604146	-0.9067193962815572	-0.6240137327747286	-0.21649196044792166	0.40292356880702956	0.022231631684415762	-1.6372288410401823	2.1463223904252597	0.8808980686828672	-0.3341340676228738	-0.35956157228831925	-0.5930955078576196	-0.6730993884204683	0.0329113936538144	0.1662172644782755	-0.2753755951403438	0.47981786848377317	0.07690196554098669	-0.4073550025568634	-0.3269241459471237	0.8884370964305431	-0.24499229911296086	-0.7242112981695091	0.71674019368426	-0.8323194262814338	-0.08182690450358954	0.37598457027642546	-0.037635024841276225	0.9551440616131118	0.6365355524946106	-0.8857099438749134	-0.3734818422345678	-0.1828096688138364	-0.6301392620340804
DTXSID4032613	1.3388886794082655	6.944545510950707	14.495624684854576	1.3849083340843265	-2.298862557261579	3.2472842019636126	-1.4126732126534358	-4.715368324398273	2.7535040466869445	-6.156089239845988	0.42021063958600013	3.65753064496838	6.122311095961718	-2.1079717294786304	-2.3452040407442443	2.3729321828744956	1.403715272804103	2.5765361972818814	0.7338204751467761	-1.039453465946353	-0.7318170693102763	0.4004257629508668	0.3689495887147049	1.6412157480016796	0.23388627336727583	-0.7463460206262945	0.34084420553406997	0.3917784091212692	0.16874053203287695	1.7266163978089673	-0.4076530678920347	-2.0939214053795836	-0.039842799700792096	0.7710326534861511	0.4270539990382499	0.7592179290632717	1.5043832689976397	-0.43594019566129505	-0.8883827567200262	-0.2340432188350402	0.7119061770113924	-1.327257033322503	-0.9072710893263904	-0.5747695515153949	2.188011591272285	-0.3302110354073948	-0.5558888559141633	-0.255774672768433	0.38772600789665557	0.36059137463464935	0.7123597257027282	-0.4376554733673843	-0.06403163008100134	-0.15573173149854816	-1.8699248311039103	-1.1988344919658742	0.10642357318664933	0.3946830885464998	0.6964583685445171	0.14642402717325848	0.27790222878651494	-0.9890201794309578	0.3519505073941244	-0.2957345143723152	-0.36910653649135355	-0.20967443107980488	-0.26591237678474555	-1.5062648063607353	-0.26906818286557466	0.8670857391812619	0.6245224396997863	0.5969082820455263	0.5409533037466762	0.6090855343452595	0.17900111531527862	-0.26352142657770344	-0.26710384475910115	-0.03667321192767925	0.5461389348879948	-0.47435317887360523	-0.4474516531719952	0.1632216382335861	-0.23754743903281347	0.27361002582537247	0.02659400465045857	-0.06065417899297969	-0.6156674559272748	0.9716217949546406	-0.1723734628492679	-0.37313805446860926	-0.14791076101619388	-0.02836791719811136	-1.0157019135029086	0.5790694139573667	0.14389743363813956	0.3484622967726612	-1.0741393946677884	-0.8301007878936086	0.5115838273529276	0.5467433330712617
DTXSID4034287	11.66311573101831	0.6279694546164303	3.965071075020897	1.667107295573603	-7.9125824898782025	-1.4909213330871154	-4.694788886454977	1.1447724726964228	-2.272368301906786	-3.797946058023359	4.583354890423981	-2.889218991147688	-4.1355276088537725	1.2396270904631617	0.3168836837635709	-0.9596429637334135	4.400770157261694	-2.487343175909511	2.968968289256064	0.4855162443058123	3.096582790548201	-0.962749783859294	-0.4564050074512099	0.17314165035551216	0.18210306630855702	-1.345341902092042	0.18008651049498797	1.2937493233083066	0.9085164924337251	-1.1614021536970196	0.4480199111217735	-1.835750268901922	-0.5557226294409767	-2.014478378845898	0.5845534203401256	-3.460520597090212	-0.16156843798904014	-1.5739742255771674	0.046416891423377536	0.29408926957658643	0.06081620754816883	-0.9660871796114997	1.156552345461002	0.016437762763282654	0.30338985964914456	0.3439392138966441	0.215028438663338	0.8790855069602072	2.2911033443854327	-0.3972818282865853	-0.46354530039637487	0.5878301664780629	1.744123602473114	-0.36797184079278145	-1.4777844603503651	-1.2711857600187901	0.28531739694554104	-0.11384664790982689	0.28115108070560396	1.0731720552181556	-0.18389951194984688	0.208892957731471	-0.17603163463614535	0.5386562374527044	0.23185578252000547	-0.8442508420917262	0.08905142824356686	-0.4697442644160809	-0.43638744624927395	1.1878049026404374	0.202840027351551	-0.8989226692646328	0.5445767622944425	0.6569958213237405	-0.24469741496914943	-0.7275287701585935	-0.5943148806784182	0.7814655202557348	1.6704934192057166	0.7447068027287567	-0.36586892845003205	0.3423418026989438	0.449452040427733	-0.2368365163411553	-0.15357569372239166	0.3855995560612148	0.5150239297300311	-0.4881604807642913	-0.7955160823206048	-0.0720674865239626	0.4123707362399337	1.4720490564611397	0.18864841057265666	-1.8865821051018894	0.6894833639528228	0.3537940167642516	-1.847235971766496	0.75503673532876	1.105418370284334	-0.3592326090654888
DTXSID4034948	-10.808420948110545	10.331307881706177	-1.2367680469990368	3.3551907227477984	2.603479807585644	-6.863201432673769	0.10357910967301563	3.346063608154279	-0.7698635565064865	-0.6885493284506499	3.65860477885998	-2.7794385855362247	3.1268856391488744	-1.1506543476382791	0.8618996760008416	2.285312791289562	0.4389498078787048	0.8810322734122141	1.0065900826113379	0.5076201752868205	-1.6832870287647115	3.9930494406629653	2.2314576584755588	-0.7078201710039344	-1.7915807624498779	-2.129678364480642	-1.1549488659524176	0.975660827704137	1.4632537948136335	-1.6528308331300317	0.7938832311881518	0.7098987998663896	-0.6410577327048746	-0.07386374844770671	-1.5161530756827524	1.1692123593215222	-1.1521353658310305	-0.17598307738036095	1.3641660364260841	0.7518485926693529	-0.11928044510623467	-0.26884480535766103	0.5621859616248907	-0.25572218261326374	-0.0343870625470754	-0.5718293111183206	0.7264344088072349	1.2307861308197414	0.757949678000639	-0.23453813079021776	0.5189173745044565	-0.7554545099225299	1.4634091205290192	0.09031600408592526	0.056816742058871675	-0.8132547392201462	0.5916648311010331	-0.8493019140731533	0.16002450288335585	1.5422314368913017	-0.0014372059414887667	-0.6911314089578771	-0.4500000175051027	1.2891344888771632	0.4822218993594952	-1.0031437345673477	-0.9526605177688714	0.69414699192345	-0.7844679394931727	0.9949622321284476	-0.9032994854109128	-0.3334617312528941	1.1002765858934094	-1.253432114045646	0.14209779957631602	0.09799199913729298	-1.1938070107151555	-0.3714436671788754	-0.9825016220376446	-0.43825736349816524	-0.1353264053435152	0.5967791228188986	0.3394686339741173	0.2943765919442365	0.8211604622146393	0.8637121447101258	-0.6220561958201157	-0.8250275949877796	-0.9975929829905723	-0.8062608190411658	0.3033499439070286	-0.26040384837873004	0.49638904093797936	0.32038068464859065	0.6406081099694129	0.2477190617048662	1.1306651211100263	0.01853780903110563	-0.07294769447706181	-0.5052492491622403
DTXSID4036435	11.557665325548822	-6.906933969891474	7.5534522291061235	-1.4769986253525562	-7.842993356368104	-3.461462975491995	-3.105374255590477	-1.9823128640165972	-3.071447358304119	-3.7361285351372286	3.4234006546515885	-3.719315642541207	-4.880878007524634	2.348957211957986	1.2966229313921367	-1.927988444834773	4.13379240202919	-0.38179295587893936	1.1218939694098156	2.4840497566843194	0.9116243728684903	2.0744584460942934	-0.7805798322484716	-0.9572353947547892	-0.48257205232306505	1.0517732551622876	-2.344313231420636	0.45942053731333266	0.9663722842718284	-0.9416739142052617	0.9833558330626505	-3.3069298501212168	-3.2302998613036285	0.6386104713119082	-0.553812200065227	-1.2136207973380662	0.21511064952169834	-0.23319566034759728	-0.5250532266823406	0.7335254197324671	-0.6168675612683789	-0.12160646947051984	-0.49598395295524234	2.767168900959625	0.007821643899161299	-0.1407270899861196	-0.3099944050399577	-0.05967913537821041	0.004441581025675213	0.6515974205088585	-0.51011331158293	0.7395064175005609	0.668977542852177	0.7073993278444042	-0.7561286290324875	-0.8866086680296457	0.7642127051678469	-0.011592482750831117	-0.6133789875706025	0.4011356954288555	-0.028609091025569293	0.3482082550312036	-1.136731543602783	0.4428131337554099	0.35859162055299876	-0.14702816961196752	1.376300054257064	1.0353916128679617	0.03305974682347878	0.6448726687359944	0.8047846204975748	0.6766659296152733	0.800984016937423	-0.0007839880825622153	-0.3398941762142197	0.2180136324720042	-0.48674957076741515	0.20182378459819691	-0.1412612680972676	0.1292811172206461	-1.3945964459142663	0.8028390301100345	-0.4020962225916812	0.6610450567343767	0.20293726260594408	-0.5145491301746555	0.1862536355037152	-0.48125157004012686	-1.0328380415244376	-0.11463626808133247	0.6853278103272066	-0.7649518845157478	-0.22633741873065077	-0.7729247260555719	-0.46564552813468507	-0.17198366791086558	0.8815835260873504	1.25910312249481	-0.26615724442122146	1.4521250693482706
DTXSID4040268	-3.661854361262685	2.3253515170499224	11.37377139551879	7.154583968715599	-0.7530165208430326	3.3913703915926288	-3.272903679054054	-2.502794393333043	3.7558626741584122	-9.934228086671286	-2.9095368122310097	3.7453472227008033	7.6817245979676	0.004560729621581107	-2.26991467796938	2.557081385976803	1.8452502639798654	3.3697528427369154	3.3160057054416514	0.777417285752806	-1.1274816975458637	-0.42398288393184985	1.4053537756524976	2.3103713358781786	-4.466991210931934	-0.6169695429794928	1.2797538201615546	0.270623811860034	0.9698159095820802	0.47533074244842227	1.3218244581670087	-0.8478913721507356	0.49768499807265565	-0.7614790221237994	0.6614799815796998	-1.2559807634061726	0.7319920467913159	0.08940682016904335	-0.631442221223925	0.3582090932868367	0.06446096758369368	-0.7835087069899735	-0.5475572271289278	0.17436328562818798	0.9806058097816314	0.23563739252127136	0.7388778970146676	-0.7947472828806396	-0.2990556627652925	0.9697851795233015	-0.7394747608669205	-1.5677393235965602	0.2703557032418096	-0.4185759017410553	-0.16234777246613868	-0.26091457350785746	-0.04185542683833241	0.5757067379322859	-0.5463664577649813	-0.6715531666131596	1.259350671392611	-0.48903879365397285	0.3754910358926625	0.31070363431169185	1.0975249592489498	0.11736287349100893	-0.7628152552634505	-0.41981495461097695	-0.7008052975751948	-0.08871072983039358	0.6718205708902671	-1.5113169162181506	-0.22371764274624661	0.32285385930659494	-0.5869271801218932	0.0766543235136429	0.6120413248871877	-0.17780939401727505	0.22680786519602067	-1.517530853184748	-0.07744618132672587	0.04284612489537077	-0.6293793004728092	1.2143242476904301	-0.42481168005900044	0.4790310860195466	-0.3741150462113017	0.8591429067526489	-1.1228227979394447	0.2769233141562248	0.5127724943309394	-0.39190280127606225	-0.36386972547743707	-0.2865669234999432	-0.146688088074233	-0.38819197721854015	-1.3075131827488753	-0.30969571583998123	1.452512644447216	-0.054190003293049196
DTXSID4040713	-0.31101508434362507	8.173030250687615	4.355344593345158	0.534069564754701	-12.7049302688912	-0.7026212009637237	-11.662266556759644	2.815332463840915	-0.6128139629334062	2.7414095695383276	-1.6419395414666242	-2.0113488642476103	-0.7333624346043146	-0.8697347283974678	1.9371263465818573	-2.533281230755769	1.560153058170637	-1.8115795533350563	1.0541059675824216	0.18956089030146256	2.384058885336772	-1.2943756404263287	3.086473986133107	-1.7067162336142432	-0.5225021037089486	0.5746744502274916	3.949270457007124	-0.5482286376444041	-0.04244431418629005	-1.3951267736896085	-0.07217430954693906	-0.8984726773885962	1.0354608894854358	0.4878105752956023	-0.621928595130641	0.4393121002199318	0.2638511104875068	-2.8860220749208345	-1.7644713044427847	0.8865245244741278	-1.1420004390729195	1.0418772497450128	0.34813171170732193	-0.01167379750531025	0.9368762650457442	0.2768656975464694	0.661246908795129	0.4846652523986833	0.659096273246809	0.6990925505787537	-0.3683605187778847	-0.4531653832393817	1.244741730278781	-0.34733750569192534	-0.7869452039570605	-0.38338251337338763	0.5796306701169166	1.7083221392490862	1.4993556903893444	-0.6132825139714012	0.26358660107597565	1.0343442968894005	1.046805865801063	0.30581768397118	0.1087908950263923	0.5908450273969886	-0.18399693289429775	-0.21279057335283458	1.0995873598193473	-0.5021020695817406	0.11859573502378067	-0.49301313785749307	1.8013858767919344	-0.08752421951785815	0.725357346341556	0.9787605782161656	-0.03663803215397747	0.8467851498358431	2.0679556913929353	0.8072414468054411	0.217502864001347	0.0566442731448047	0.2756656361127593	0.37546726020636534	0.17283888603608027	-0.11744588267782301	1.4888436864752144	0.23098573291435456	-0.2777426063259853	0.16772655249801968	0.43016148149223093	-1.2945906001198197	0.9453529114809731	0.7681304689915784	-1.3520370299494957	-0.15616073291421098	0.07961940484612319	-0.8334429058534227	1.0598089263492627	-0.48312893042976823
DTXSID4042171	10.074500278268644	-7.545569295055092	7.3720357012759745	-10.79683785877452	-10.03438781335468	-6.722050276204339	2.40264924751591	-3.399981794232623	-3.854088364086654	-0.4029302417569215	2.440144684486736	-2.777499275102072	-3.6130654068092958	3.0983698123342958	1.1150538256783769	-2.6043672144548253	4.405885187267483	-1.2814517478565	5.464179528420565	-1.4650111482310466	2.208486376248372	0.98402079640314	-1.8809501938780622	0.03419502042578144	-0.9328148529421424	1.8424002147931817	-0.46690582514074946	-0.1519703062253348	2.1218500559759375	-0.12968642255883556	-0.8655968078664845	-0.5761548231143063	1.3236486728497878	1.075606794058571	-0.6624742908616362	0.6616047119233617	-0.4366965760030433	-0.1261946492102063	-0.18018852130568175	2.2603712858385703	0.579931968939454	0.6034842669527424	-0.03219967670359757	0.76064694390335	-0.8745571662684134	-0.4554580405945535	0.074125710197285	-0.027016344467411666	-0.9180658424068175	0.2984293226617546	-1.2618060544887084	0.4703268989350812	-1.9459759632014328	-0.09809104702434047	-0.975618143503956	-0.5346015423154659	-0.027979878610974705	-0.48333530830277965	0.26374956888799167	0.15055285164186388	-0.5248745514638011	-0.11753685969119623	-0.7815839370624142	-0.3028502873364331	-0.049234107157929786	-0.016831187793426124	0.0846511207717776	0.6775739023715937	0.5527511475545693	-0.25269599556672545	1.0323662725379448	0.1882597145239783	0.6334759959344111	1.5839317981097987	-0.6702228095158199	0.6811010358947307	-0.8427191078765267	-0.4400185416475015	-0.3962645045050972	0.2948988555823285	-0.2116708972329131	-0.1297534228775823	0.7916021779382826	0.21453033783769537	0.2541622591522425	-0.27831475440423475	1.269564048557389	-1.0431164279653868	0.0794316742122258	0.6992093749328517	0.016034021493422368	-0.5690154262213166	1.4735489583103882	-0.15207235492116178	0.23232333957330178	-0.09113436375789115	0.6828387624316729	0.09626801776976847	0.20454307904364796	0.645698094181631
DTXSID4047389	-22.534280231098656	-2.92663688139418	-3.0169323043449534	-7.901120572606438	2.1636323711907774	0.7642320781276368	-0.9678148455949772	2.1279243840063713	2.914548792287462	-2.3986854960486803	-0.06908523242653543	2.5428212008183353	2.6791782209552704	0.1507937831810538	-0.9882160876133979	0.12269875477603007	0.5428904132246437	-2.072728823888742	1.2530168399015984	-1.8868564080631822	1.2343381765940968	-0.19889969282113565	-0.6255588668472488	-0.48235070328682383	0.5282466010226471	0.9014179442427128	0.6684106159769791	-0.44229594189266475	-0.5276000093530807	0.8506756799354576	0.32465488568394985	0.4058984771586653	0.9177949207164092	1.4219213713088024	-0.14498164486968607	-1.2900775942322589	0.2841009269213339	-1.559061717814937	1.207042253224801	1.058436149238664	0.9767726261632963	0.5598794859191859	-0.8208012412688314	-0.5098573181525101	-0.4619930882051945	0.6017502008711427	0.7101367199246963	-1.1113345796018193	1.3459603192453369	-1.3486239845764576	-0.5720574672742067	-1.6482309325788682	0.8582297031561837	-0.5460773146157128	0.13947358016824984	0.704608772937762	0.8501526001234353	-0.2994398180313682	1.1283036586691078	0.11138445722049228	0.6690784182273397	0.3502674127491998	0.8836990611563138	0.17209344639919819	0.7205304967383598	0.536746256842163	-0.2745312617388019	-0.3259943588348343	0.2017817496323213	0.9106028056723126	0.27020974386677754	0.6005179300494722	0.04239999647359549	-0.6728626327815265	0.08867307767533884	0.09330038157145396	0.06780271990733928	1.7538251442760726	0.1001330982222025	0.598137055115088	-0.49263567477316256	1.6460187828180812	0.22370827553649528	0.5468153943718771	-0.2427552964747864	-0.7670553835159102	0.3703684442572313	0.43834422893555075	-1.1437335844742396	-0.45285660930477056	-0.6668604399950886	0.699702006347454	0.1773374029689195	-0.126226970984878	-1.195049969288469	0.08859542256784524	-0.40244503254358166	0.40786113950555747	0.35902207719640755	-0.17295685112018147
DTXSID5020027	16.770247440815268	-8.61509469626358	12.165802864520895	-8.605516824339537	-3.8982534435080676	1.0662070956054368	0.6091686013960216	1.2251987261875323	-2.146749135326062	-1.9757284627484664	-2.4639401660021614	1.8934429410407168	-5.837547798590386	-2.50343099846872	1.040427390723968	-0.650017486883089	1.1482271719066046	-0.8718293641525582	0.5098566872457065	1.8954146813318191	-0.9830389166462046	0.8883078891529455	0.37153033802519414	-0.4877495531949213	-0.2214893559625613	1.3079291963214659	0.16603150713556808	-0.2348942108252188	-0.2744403639223575	-1.49520536139641	-0.4414317650862038	-0.5041383981603893	-1.3060154025753752	1.6151975747211385	-0.48294302513875575	-1.2934999684671604	0.13231916095970736	0.686832776082211	-0.8117746950738322	0.25065682136192163	0.2692948667575938	-0.26548959321488824	-0.21693278743286987	-1.3800531648923857	0.8019633394202235	0.3984417012406809	-0.5219208216006977	0.2337415929269317	0.49985748642626376	-0.4882646069214332	-0.5215988758450432	0.47902097735179333	0.9224880930247595	-0.7543117132011452	-0.21661155970820378	-0.5125540864008393	0.15973458949928002	-0.6856313119539965	-0.2974968738072825	1.4073007455583422	0.9913357228910892	0.09366214390068509	-0.6679234889443987	-0.3872280587062183	0.7876860956109688	-0.022979127176370014	0.041379060873751365	0.2710349694182925	1.0813093449638198	-0.21555933896616514	-0.17219752608525046	0.2872417814050524	-1.1585195304186549	0.4027058962425933	-0.47686001293307934	0.26555085144230745	-1.3337756433173098	1.6183539700596772	-0.22528681274620874	-0.5798336127603121	-0.5432088451710009	0.46727949736520674	-0.994893636367323	0.17921086461577154	0.207628039789823	-0.01619105024858915	-0.19642324606172845	-0.7022506131454587	-1.01149114482726	-0.07460782300579373	-0.12279064606321868	-0.5268618334190825	0.6254252068470918	1.1158385296357731	0.1055963264529028	0.8853498767364921	-0.8367871821419711	0.12327645890772043	-0.7096661154972685	-0.13524425364077688
DTXSID5020863	-21.346567592219664	-4.205334423427377	-3.751732120076765	-0.27264480768231547	-1.6693818931240343	-0.7391114832389959	-3.993372415553747	3.209994720899359	3.5479684785662866	2.3111254858295274	-0.28176189813529934	2.2392905816049473	0.5595719213828356	0.38415500287198856	-1.6382258292694245	-3.2764260055777994	0.9569539718185689	-2.3363787711745907	0.6177359858403788	1.9859664385230864	-1.3810425869699121	-0.8034061858421746	2.0499506677365495	0.39819416092398935	-0.9098655144457153	0.7178315922563251	2.1729046356690054	-0.008559511439689867	0.15184245878786337	0.6010337520287036	1.6879630999159987	-0.4797151275390099	1.0566333443308782	0.7595322456961483	2.123027805485982	-1.6192312972809286	0.22724457655256008	0.5463845478822414	-2.087778435114494	0.29854151261305284	0.9547065148928983	-0.34516765099451835	0.12740646488576401	-0.9878663053777297	-0.6126157756600524	-0.6606212677183172	-0.0474028969077678	-0.2861224821564911	1.1232482702845876	-0.923700558605675	1.675011828918428	0.7620895225557193	1.7057169464821675	-0.09387312200693501	1.5530494045971568	0.07207499323417396	1.073193431161262	0.6420180967048862	-1.7049049592560226	-2.498425435672993	0.04373167609781046	0.704900076255168	-0.2571706278446429	0.24852818823399156	0.3857181887709804	0.9376948176557062	0.451236568888166	-0.745316729503711	-0.3256636114621718	0.5929684476021807	0.5431706080945552	1.109864876669597	-0.7303723267574307	1.3222161264186503	0.39450147554882287	-0.32197855246217505	0.799810528499513	-0.42368589768271764	1.0694923775529013	0.719174059062791	-0.08912262193096762	-0.4130663579557401	0.4567630959177702	-0.0751276012176684	0.356564405298811	-0.21211031960628324	-0.05508030664722553	-0.4947319657418649	0.23474452841793592	0.07230731786208731	0.43459561445851586	-0.615423027078006	-0.3779306375439677	-0.17061442746454125	1.0901300817719934	0.07985726667497538	-0.00938588082114976	0.43179640090201427	0.0609346486688688	-0.0906165673488143
DTXSID5021411	5.206662682765981	4.327462637098207	15.992528694830092	-3.4481689175604617	-10.158219215508623	5.80148466565197	3.1148841072127658	-3.3230822814971153	3.4719109261623213	0.16441413818011333	-0.008085039673677453	0.26372391036244724	-0.6764887508074716	0.8131268705722662	-0.7236628100917174	-2.6053183823807746	-0.4775086542479434	0.11557902465410415	-2.0048930039916693	-1.7001157083512088	0.355581852127011	1.5151856465155131	0.3926138808149645	1.2535703248942272	1.8803790596177907	1.385877206789444	1.1265448839827998	0.46744859879362444	0.26185572282124	-1.5282978115280574	1.509957630322424	-1.0080752248326394	0.8022929109356716	-0.945292446627603	0.634960004616664	0.7855668047914697	0.41228979255800247	1.280479670238716	0.5517543449906063	-0.11758376609820609	-0.5580648508947472	1.2506542575499113	1.9185943578953275	1.8709445160629583	-0.01841901465675077	0.37935766576595414	0.5721909151948329	0.08016494483313738	-0.32677445499294694	0.42238909117614687	-0.8670667349687877	1.2691236245329656	1.3256204226114727	0.07285552268505129	0.6950227765601037	0.2247504075090402	0.8540534519060337	-0.06064532562863566	1.4735790158344748	-0.7860585609606925	0.26124648933772665	0.5530311847622783	0.8371168631095119	0.2715159234539866	-0.7038309768626807	-0.13925799665418717	-1.7236632581158187	0.7347173770912457	-1.3935724867411048	0.7207510533178768	1.2833098724361496	-0.4784248933431837	0.16909194453916981	1.0961396705216406	1.5775256515304894	1.2320463967823523	-1.1360504468690327	0.5043286279863906	0.060321102942607875	-0.11759408754471251	0.5699034061892954	-0.7772435174287227	-0.7305304207623771	0.28651375475192986	0.07923120029987839	-0.26276133486325237	0.05256705553570483	0.20774271552103227	0.4809722352989166	0.2228618941040428	-1.2485989833966404	-0.42575088659645277	-0.0017827992495634386	0.31813319245931027	-0.1649825306866197	-1.8143704296429504	0.40376740906052805	-1.0438296148141726	1.4122644705650158	1.0299638199699503
DTXSID5021758	-7.344560606909601	4.327686979985229	16.006151162974636	-10.423606531762346	-8.876141787577202	-0.7170461218741114	3.044737551103967	-2.772152297991342	1.9570572978607206	3.3829323894151324	3.118016123171571	-1.356823061557982	2.3398813176780324	-0.970166282636301	-1.5058164248349206	1.9434688443465453	4.009762520755492	2.260482374236388	3.6293273955313436	-0.21366802242394933	-0.19174906934106312	-1.5436858076141888	0.38199759459271804	0.7785505589613371	-1.4296923541219764	-0.7663989757594617	1.373407817783675	0.5104710720645603	0.9336826387522411	1.058904169803338	-0.2372278265091073	-0.029856211569699816	1.508443461853044	-0.9067871088333509	2.646785858657753	0.5431542310353195	-1.009269948465977	0.0017691709752747538	-1.4113613410170558	-0.1285155625902097	1.586325614954516	1.414215616206412	2.4207610951403558	0.7397390869007411	-1.4573734432768195	0.33463172437053973	0.5083296368889291	0.3904893583078021	0.7713625297972787	0.9816463625218832	1.2922228559892952	0.6047579659899182	1.3576230619982823	-0.34324906773864183	0.04345250308461135	-0.14446351651303377	0.04449691527316998	0.1448195510953322	-0.2933230016818969	-0.58603115619129	0.17200429904004216	0.4376437286759849	-0.9699123135572629	0.6314639700190012	-0.16745210135193392	-1.3853950104475226	0.9327105557813544	0.07169382692614351	1.3735857997883854	0.5775404618616982	0.3545795777434982	0.5734848219052819	1.0207448898986309	0.25440488102000064	0.563456249669325	0.16379255605372037	-1.9587579016593106	-0.5310990006798846	0.12218752884866323	-0.5539045604934006	0.7287031522887564	0.21617732585214722	-0.2590590937125026	0.046791536082473245	0.3139874362964666	-0.14321279317122004	-0.2451905864830266	1.221411728301742	-0.7796727340576255	-0.6660197564988197	-0.7729548666040148	0.9231552573346018	0.1995746040908815	-0.2008229947553456	0.7288331096113297	-1.084562193686964	-0.17722530155214955	-0.3724575506586237	0.2379032071350697	1.1248062015960218
DTXSID5031131	-7.90159769451886	7.105221695975889	12.068137920989537	-5.461744166967698	-10.468144199611945	-2.279775741616054	-3.7091209879909437	-4.112737297152243	-6.2307456736751	2.7897190407398647	5.232529870356461	-3.237858205588518	1.3687816254025011	-3.4720444803769115	1.7563437589382385	0.6918552552689725	2.475989017717153	-1.654470751755613	2.3398914887888322	-0.09416149579031619	-0.6460405953059429	-1.3417316681506897	0.5988163888903606	-1.2407941337527564	-3.1950654444068896	-2.046984705183262	-0.9618843337443506	-0.9134712974919433	-0.5169667941576006	0.6474250758913555	0.11203922835106643	-0.649847496086953	1.3062516309823784	-1.9920403218411629	0.7835637382881465	-1.1679232506147321	-0.23834093752023994	0.2632184717613595	-0.9694299409907573	1.0045730897799605	0.38286415934927304	-0.0824660315292291	0.8827692457026453	0.6668305307565254	-0.2215341101020517	-0.2412606812609438	-0.09617300437846044	-0.33633956212300387	0.4662086089806673	-0.5041454411394831	-0.4843100038106566	-0.4552045580936912	0.7513565559375259	0.18606121889492497	-0.026792569925254524	0.286363301852898	-0.3420742203908227	0.31734467976019404	-0.2453664149151818	0.4653166909467071	0.051158907886411205	0.43962616940926297	-1.072862253250564	-0.1324235055758385	0.999789739175788	-0.7644034331671942	0.7317445590461015	0.8725258594024138	0.18681771021494475	-1.3833052924054496	0.5251900039269279	0.32000702907115747	-0.49712222299023645	0.7574192274494022	-0.30938716667328325	0.6914990497199174	-0.4337638528236803	0.025879414396687256	-0.6097213732400963	0.26413033726917773	-1.7084514779023463	0.7082504676083927	-1.080155458324622	1.3512262703972653	-0.26817414490909613	-0.305723735722735	-0.7926262675155336	-0.4274865532013509	0.26274234182270506	-0.08247697490591174	0.85101791120806	-0.576028794170305	-1.5404769883532445	0.3865289209634748	-0.46420533720732104	-1.4271179620591332	0.45840192863134976	0.41967786327363515	0.915068648707114	0.9815930695922033
DTXSID5032365	18.735465590892844	3.093574057360413	3.8182947847831574	0.13513793156632378	2.24415584899461	6.263322650711181	6.164112822540975	-1.950840277814541	-0.8369751447927856	-0.859985359405084	-1.8580659325763378	2.9325120631842005	-0.3742778121957928	0.5288972132593083	3.104225969454337	1.2010720726775834	1.9195528388169019	-2.0905866959452997	-1.2658327074586528	0.08130962639963475	-0.3215377911520606	-1.1229039818973223	-0.3590322178129726	-0.3240378073457059	-1.062352607821499	-0.4833148472356489	-0.6983573265269384	1.6994125245635394	-1.2767169543952135	0.7845115548985462	-1.0288031049514323	-1.5239897903244626	0.7452884286331662	0.9344411275542907	0.13496742183521876	1.2599432660255867	0.5599133029253099	0.5285509867395779	-0.9399227116719419	0.42791508623150437	0.28234727913470964	-0.11427908264076715	-0.4627166533187052	-0.7655234381127602	-0.6718111421652458	-1.1441980453959735	-0.6540455838938146	0.752697004195717	1.5052561922731442	0.7164830668210006	-0.8523789062533631	0.515735518640386	-0.6987554306028778	-0.7093783656225953	-0.6141623050432122	0.4105329078319623	0.974672760681539	-0.5024763976499985	-0.21973426036848506	0.1476807575253078	0.2364897983055891	-1.7150942679136334	-0.42766002531184566	1.294579788091336	1.1709052350785742	0.19710396476265246	-0.06260797235818868	-0.6137881673358198	0.025068570652860073	-0.4935743074289137	0.000930682298379075	-0.8517953697699744	-0.17478572293558203	-0.3006365178009594	-0.9184635307075727	0.4486487969448844	0.8206647811053727	-0.743251601115688	-1.2087673871275737	0.821987692074954	-0.05092122776876739	-0.2404120623061825	1.5076894850618578	-0.17912531694402734	-1.047660015923104	-0.1357203868848494	0.38761916163605187	-0.0810434716454538	-1.0540227972995235	0.2551289509768822	1.3437212028825263	-1.2187998259440465	0.22526710176223935	-0.17901667735944965	-0.5280704905527152	-1.6271804143258393	0.3704101468132709	-0.3749285239028032	-0.3443447526375825	0.42679652865228535
DTXSID5032577	-21.02502421329303	-8.522755874499424	-0.31839333304862105	2.456529696484053	2.9968544846022436	-1.0398010204050936	2.8141628051089906	3.123421055340935	-0.21494756656433345	-0.5082951112353946	-1.4004421187057705	2.3106198979267427	3.1743490489514783	-0.0729888153415072	-2.3474773473655284	-3.269656401449624	1.453085454085267	-2.1653660974029485	-0.8067282619111221	0.4188929066662501	-1.070831402016621	0.8994683048620631	-0.7145740155741128	1.355646809579752	-0.31956499706212677	1.0415435196111233	-0.8171819858032329	-0.7364674822278847	-1.7077331032379726	-1.5228562366965126	-1.0075501278206096	0.9671370677286745	1.7841681523241606	-1.8693443786464448	0.8124917986943082	1.226564162450587	0.6848483815827484	-2.0968695740509533	0.16959467553673413	-0.9670370856210024	-0.005141030268845906	-0.4166025929860969	0.8211119079668614	0.0292916804665094	-1.1593473241263463	-0.047122048773904184	0.2805640085883966	0.468513063474181	-0.7710062028679696	-0.2501335048014624	-0.7740034090142495	0.5121396049989606	-0.5644344517777292	0.11804793772140622	-0.3160315055727938	-0.18698740062296906	0.6938577800259093	-0.32712259857998827	0.7407749396499473	1.0911353990419466	-0.20618792448314327	0.2563498473888467	-1.133305532851412	0.4735506581853806	0.09601124995086183	0.33015740428373214	0.08570484546933142	-0.48039196760725883	-0.7079705485397809	-0.32262492942898197	-1.115389944568396	-0.4665899853260712	-0.2770575413308949	-0.4745850479272029	-0.6845445149385988	0.006614096837506442	-0.6367861691606842	-0.09951608654483335	0.11876057048219217	0.878925102393681	-0.5213209002070962	0.772072849981683	-0.5082507286808452	0.7103081886484165	-0.6396394901283474	0.6985627466150199	0.14016270707785783	1.5027431977091303	-0.4077039695634358	0.19349699434370857	-0.44823883132496345	-0.432941804784178	0.8908750000721617	-0.17648020220866567	0.09546174929136382	-1.2726287332618642	-0.41433437734237727	-0.12929761899546044	0.3446093998122923	-1.0784106708674808
DTXSID5041514	11.824411000213537	-10.598010363941096	12.693027274731495	-8.342370218165785	-8.977359397279864	-2.4785132914932024	1.2929987195935482	0.3798947819694127	-2.4778975425617777	-1.0982787566487304	-2.12582474273592	0.21337479874966528	-7.7914271707594445	-3.252888592506451	-0.44914484325836546	-0.616143361917663	-0.15164449720351164	-0.5755433323836807	0.38320039869247513	1.3015770517428662	-0.09946889234760145	-0.08459788520576772	-0.09944774364338548	-0.9992106787683205	-1.1936568159572587	3.1271153426673584	-0.6225923108055251	-0.12382792347392403	-0.4531629978568705	-0.3140130550877824	-0.9137287758150132	0.07991079324065276	-0.7036478194268503	0.8045661664685305	-0.0872560657963036	-1.9781465738909372	-0.9063510192566019	0.12185932745712628	1.0092390780057863	1.5291234946564383	-0.7981924091223208	0.49971432419916334	-0.21004045697955231	-1.026777511621792	1.3722680146024016	0.5672654899704985	0.021753489463836824	0.24476241848523916	0.07318664198517436	-1.990729690703608	-0.3807840848839011	0.8788367025687228	0.8636892311043872	1.154756750566429	0.20384422668742092	0.007305744106606865	0.061452577797279494	-0.4601564819077117	0.5672727805331997	1.34715583379313	-1.6704390079407696	-0.04703692899282746	0.11548910721568016	-0.14654218281696105	0.07320268495782375	0.26123655001526935	0.5109092275141912	-0.14124764602670542	-0.12737418968032896	-0.11289524776806828	-0.10965467744864044	0.9557325089603805	1.557315361520711	2.315761521647518	-0.8920742271508123	0.23705590997489592	-0.6257510733906071	0.09647416816709095	-0.20192632947443712	0.09759066704132585	-0.261332203806602	0.6098557008943442	-0.5775487776029089	1.30757537677767	0.4493159692582492	-0.586916977548733	-0.37380478026697217	0.17327407854838658	-0.20360204615686134	0.6247832235522001	0.2014415051612339	-0.526064128608246	-0.37108506493239796	1.1069268544210897	-1.0954692358420004	0.36509509414921143	-0.3492958255153998	1.1385403853674274	-0.4830995037109929	-0.7218914466518555
DTXSID6020561	-16.76280505123667	-24.852021774748728	0.3104991311519421	5.043626893610398	0.9495773812807351	2.814040263244862	1.44193634666418	-3.138218341527365	-0.45301183321059	1.4293748237124342	-0.9820948275565726	-0.21090160536072092	0.021956892517345915	0.9984090411307738	-0.85760090999787	-1.4328496072140728	-0.32677787625471977	-0.9642733732352563	-0.7855629552369318	0.7319943912372251	0.04041022725980683	-0.09123501247319135	0.40716591139851316	0.28259578171234795	-0.19883076421986065	-1.2936614511593434	0.4636784069268532	-0.4345166407769624	0.465215007780907	-0.08135344079962568	-1.0274441129077905	0.8050211690312	-1.1846559874376952	-0.30987157488415557	-0.14556016940141733	-0.8194815505079908	1.0333448001401184	0.4439230387767934	-0.7989563522789352	-0.675998335334778	-0.8677137313825763	-1.2514997028955233	1.2103250569049337	0.0707616427783436	0.6060923306881126	-0.4650677788212252	-0.32852881043357285	0.11294034951384985	0.16166454603974142	-0.4368957715656561	-0.3850284917918251	0.616243454129428	0.45608528233038714	0.057764143758731054	0.42440548001856804	0.32695030813451936	-0.0004079220954109657	0.8134141495115569	-0.003885945633515919	0.9946893392782495	0.2379081981376309	-0.19736280347080906	-0.8122044034480842	-0.2687380004081117	-0.04778372171746929	0.30364440483836097	-0.08509016712321228	0.3020240527563671	0.4251725141689165	-0.5896650371361375	0.12385103149713302	-0.25353771555284127	-0.2120991319823189	0.4945329891289548	0.3785395487002474	-0.44084744610207455	0.12317718892719993	0.1852001603694964	0.34527125568272915	0.2527701242871919	0.23690295930304134	-0.5332152684694406	-0.5939619055102876	-0.4554179856334385	-0.06075877350987597	-0.575116948934237	0.3547811566902873	0.5751061831479279	-0.34495236808108487	0.16937285298376878	0.6821380428394863	-0.017939496243747223	0.3687231236395372	1.2066136053270948	0.05754943899649536	-0.022957744625226	0.169105030821882	-0.830167720429503	0.2576634065739254	0.02843159506114438
DTXSID6024046	-3.5789269092899785	7.413655464967647	14.352720690795945	-3.290296241965205	-7.446556047910079	4.264039007747511	-4.358098804749512	-4.633025877431971	3.308111747350269	1.8098755708117835	4.021439439941186	0.1186161787785531	8.312189467167826	-0.0014502765249071994	-1.1200618395192754	4.0109637309208175	1.3344043896949596	3.142828794411304	-0.28706029846630465	0.14852443781962327	0.8635918568063445	-1.0493085691654407	-0.29097568111549454	1.06448336988697	0.9652537964059719	-1.554865110091043	-0.3379183227004836	-1.418351857463267	0.3665283592809981	1.8943277559211702	-0.7372229306306312	-2.5627051593914274	0.4448353769819624	-2.6949933299745092	1.0963869471318208	-2.15243562691603	0.447155572389375	1.0349305320400721	-0.6648506290239887	-0.5271836375098564	-0.13794511741504356	-0.013561815566480333	-1.7149728749708655	0.6970526518592473	-1.3310404554277826	0.22446086166515034	-0.5105680276433587	0.9838276003063865	-0.011804371117568794	1.3837086575902537	0.17426541876167956	-1.4819893360262768	-0.5836759344710845	-1.0636076069194398	0.713694735684512	0.6756160132193287	-0.6069936965672096	-0.28438109356216124	1.1501048574292816	0.15655913001686173	1.0987739450019813	-0.7155856836492684	0.8511519835540837	-0.049833644540819316	-0.002828814780190375	-1.4589889727311307	-0.9107416473156882	0.256907723548609	-0.9130279810318807	0.4260246384250901	0.30443136229322315	-0.8411223149325741	0.534533554136686	-0.6000977796793127	0.507212979691508	0.5856285771803988	-0.43405448145068387	0.06681322699719836	-0.1607765902424845	0.5464228589020206	-0.05243770181376949	-0.8029648576350785	0.10513381113152945	0.8293548086370356	-1.1003805853685111	-0.9809499973348387	-0.4674968755339436	0.29207792737195465	-0.0941783227709583	0.3848079677636421	0.2432141371383757	0.22147244891430468	0.5141766383210946	-1.2995702374185762	0.10577585875377994	0.6399606517775779	-0.2611781578573946	0.819862540728208	0.8414254527471772	-0.6783768202946043
DTXSID6024836	13.254752534776035	-10.470317030034044	11.927905755817306	-4.267357434588183	-7.143642987504368	-4.8670853792135915	0.5487729880227875	3.2262209005448215	0.1014356089955924	-1.5945866712096857	-1.356063372675267	0.7626989091093961	-4.622467893485903	-1.7190479455040075	-0.8500217369387275	0.34449856277162627	-0.04001506235280087	0.49678135763224635	-0.28666844941992625	-0.3631852138446339	0.3754226638113929	-0.6292904241611139	-0.3884058457485383	0.7470762611382818	0.34101577743467437	1.4510381011568318	-0.9396658627749448	0.2597049339670108	-0.15732050976808182	-1.0517744359191974	-0.5407039094852496	-0.4643882068806025	0.21892319871772362	0.32688247239835094	-0.48149437261337524	-0.0418582710453809	1.431404868877665	1.2024447154850972	0.6393821637635292	2.2255060718870405	-0.282383144261082	-0.27634855617554355	1.1893295884423936	-0.8091705017213588	-0.30869975561201224	-0.08939513585314117	-0.6551920314574871	-0.9086947043859898	-0.22479352363003893	0.18232794744132458	-0.025144304162636914	0.44552248217219936	0.6631473432548152	0.16384898566229808	-0.674424703923081	1.2547437067183833	0.18762633845185098	-0.24169438220367007	-1.3630577624046785	1.57525319717904	0.16975643459565382	0.6875267433490324	-0.532089451248372	-0.6696176232912947	-0.017168371721309115	-0.0912809852882584	0.5106513654101071	0.8483401679813983	-0.272312805532905	-0.6193557465475128	0.5670791191345521	0.4933405174596613	0.0819648343796279	-0.2398965628525833	-0.8950762544489399	-0.4299652692976001	0.7372107222907189	-0.29630950345556734	0.8321164656738615	0.1930264537454674	-0.12334409488249355	-0.24297154495053203	0.28862915006327167	1.1381539583788731	0.3190028167400576	-0.4105572670703323	-0.1731790121338021	-0.5085954441609285	0.2879967591728981	0.46402674221403145	0.5611586798037459	-0.340876358597062	-0.9450114992723992	1.3311955573926977	-1.1404864255265499	0.4453321356356172	-0.4381396345585874	0.3452965397092847	-1.1459832646085157	-0.8819534012511765
DTXSID6025068	-6.419252700528281	7.327017728432013	12.56987853902105	-5.793084456808989	-10.32185854692597	-1.516300888940047	-3.515801385152937	-4.165653946481049	-6.164242439319025	3.1260170690431686	5.961719886727614	-3.655993355783608	0.4727772101713929	-2.7323576872922213	0.34694705307686763	0.37167871912712824	3.2155453426857012	-0.8740308911681428	0.6390971270438716	1.1692822674385848	0.7685959299763487	0.10375904621640686	1.9373244982987263	0.31657201416079833	-1.515333001485493	-1.6373204132171768	0.7903183239854814	-0.5120608748520781	-0.0435097410084436	-0.19850949398671153	-1.246028112861402	-0.605810302765292	1.0893658283167458	-0.9529211610872268	-0.780342980204443	-1.3098746838336428	0.4735522577097456	0.7431763513510996	0.6613221680376385	0.258812085260436	1.718810029721063	-0.8678567281092238	0.12814505821541206	0.24676851478954306	0.49057301035265594	-0.08805413973456509	0.0052178970915635805	0.7220877088899741	0.4525755480091721	-0.6988445040866645	-0.743364660341982	-1.2877498328302186	1.8430214646829706	1.2320101965905081	-0.6017119002826563	1.0947520839065017	-0.5470265979517556	-0.29567038432315285	-0.27555110194854093	0.8329766873992177	-0.32427575630975874	0.750932449849308	-0.5574499740844916	-1.1496159523221494	0.10721218130879603	-0.7058321702376315	0.6318681545064192	0.6510544292316721	0.45146948883252125	-1.2633243230367368	0.08321125905844536	-0.708694880845113	-0.022434569756637934	-0.5198465680881573	-0.335885368707209	0.6056123992378324	0.19130661639507857	0.48227532317858307	0.6473954378604776	0.2747851893055659	-0.594109492796489	0.4118683067783534	-1.6935848331131294	1.200037622507231	0.13023039392566332	-0.04996219946629439	-0.24523216115812863	0.4214001292551789	-0.1845714753578926	0.0948345376192888	0.25248987657438854	-0.44505007906646243	-0.14971987861002778	0.3632336856025963	0.05098009603625988	-1.0662663687069394	0.3734692558388115	-0.19287855381891195	0.5082496694355976	0.32903927667714117
DTXSID6027050	15.633435656765784	-7.130239368460467	11.54611441796012	-2.7088779864329813	2.489999144466395	2.2404722070836183	-0.8127369603814856	-0.3470113202895819	3.2412468832407173	-6.404596011029099	-0.8870008066290922	3.426068720451407	-2.6302079233181486	0.18047692288882689	-0.6417548019173419	0.5689644082845265	-1.349470913883778	0.8735052026938425	0.835838315247707	0.8070659731436182	-0.3801877788965696	0.6742969903523996	0.14463643628232722	-1.3004863094201387	-0.24234239379253433	0.5348762887145116	-0.40170497814912576	-0.8262160966599403	1.1225253535688267	-1.8726470417280572	1.0031483851586769	0.27004851715615563	0.2216846910201565	-0.2091204317679015	-0.756599211022402	0.3660482002890551	0.6599756921090161	-0.3626234277601085	-0.45027511694777533	0.9400948832967447	-0.39380043872378	-0.6507838816154936	-0.13598613602879672	1.3474708662979777	1.871342898712779	-0.11441446320868061	-0.15710411099960347	-0.7501113806766307	-0.5958199482778822	0.9373417017740805	0.6475250230369611	-0.8729282107178161	0.23069239460010957	-0.4131510308629507	-0.8263838497418131	-0.06707658312824302	0.5426032601918849	0.13585441102589435	0.29468883503777754	-1.3176337714493562	-0.6971482344346721	0.2312450022057947	-0.6436332490292203	0.8079728968809647	-0.7092002971629903	-0.754055109614569	1.0857029479661748	0.27979420223117124	-0.6155131975803205	0.21951136701374202	0.08561190346737042	0.1133605765975177	-0.6497541054179103	0.5087651376694303	0.3038577706732037	0.6094482588996342	0.17188601612801208	0.42641712622575356	-1.1236671105920044	0.028294264193587104	0.5578384892432423	-0.14669174829435	0.17545836072819485	0.449523455257227	-1.4364236641712764	0.8860504935535122	0.06664410283919729	0.8380306201096689	-0.002442585184410155	0.25588081895902304	0.25049500294031984	-0.3115062469057551	-0.20126840182225803	0.17957830154680698	0.22216016260847402	1.1548446295575523	-1.7781009166809114	-0.15169997305078675	-0.3555508232694521	0.2845549870728911
DTXSID6032352	1.8781305321265354	11.804691045696917	13.973793746771426	0.21133255839900708	-4.008823415098878	8.173347380857297	5.183025504485132	-5.87048200848302	1.9592093050548853	4.281743296864897	-1.5476639778086105	0.5187774361330069	2.378243846441317	2.2660315141602805	-0.7743122968866282	0.6919011420173671	-2.348388329563121	-0.372145514591027	-1.055121563035417	-0.9433043942284592	-1.5607553729074388	-3.246265209028955	1.7336921738727007	-0.515303952743387	2.159081761932642	0.6647981847330334	-0.3206495342779419	1.656562549510624	0.1271917200602035	-1.0302367581462735	-1.9531036110175573	-3.41964249359994	0.31577550941998445	1.0675416361462216	-0.5737681751518564	-0.7665663167576223	-0.4072749424062363	1.341826581372921	-0.1921775385652698	1.0664427467251516	2.109820930872578	0.5859665516386092	-1.4759607595990087	0.579254890771354	1.0422571100970532	-0.9558348022097892	-0.44096513248787256	-1.15121625505091	0.31927464055109467	-0.08374949067790219	-0.17632561385098633	-0.13099600504655695	0.935415235861349	-0.7735336633468098	-0.7481717324740372	-0.6014702828837039	-0.4876411782571639	-0.45642636475558773	0.0021664140945070634	-0.6251977655984144	1.4836569315631531	-0.8461079457376871	0.028148409123016926	1.0253797548546826	-1.3005355692333096	-0.19298843365293816	-0.8264070731483844	0.10304553404194053	1.032931313380742	-0.09753484335635529	1.3166072869910148	-0.15588509603022663	-0.5159617492739882	1.3305221084973577	-0.49577400488760737	-0.687566445787002	-0.08835892883525669	-1.135341420956379	-0.6894584617156534	-0.09625105098992853	-0.7348332482978139	-0.038950647372542495	-0.2825777576555814	-0.15941358711920453	-0.2534353870423134	0.531213133027711	-0.37290055519467413	-0.07706241675386917	0.3606252261215117	0.3755797560112868	-0.8194096507453507	0.5721760192339712	0.44059566957580437	-0.6001746563298281	1.1261546763213448	-0.05307961305317341	0.8025680961109564	-0.5277546011323833	-0.26590978094102025	0.056631263033985565
DTXSID6038827	15.95254307819988	3.669672995948452	5.188412801119128	3.708643838380703	3.801591457192373	10.133962359154518	-3.676897083139659	-2.365818396771587	2.5007837250420066	-6.470503430307749	-4.036792624575257	4.946902061393197	3.2437143535435577	1.8199413942034928	1.4749390402648774	1.1745128783722498	3.470789148945391	1.3044086780350856	-0.7782807259958779	-0.18928308239838382	-0.36446636782705244	-1.573942994692986	0.7782147730510854	0.04379436669822779	-0.8329274114937785	-0.29916537780610525	-1.7967857373939133	1.3432396110917075	2.1359284448638123	-1.3770816036274194	0.8199057945237855	-1.9955258606853152	0.07203891238391665	0.4147479543913856	1.238602879458146	1.194531355266054	0.19169922978724635	-1.3294987613016678	0.13430765281892929	0.6039411470336352	0.45517235209242907	-0.3417125098808968	-0.3838361128421145	0.8221373705753325	1.1174000485739635	0.32476803603807597	0.393206880751802	-0.22226791795247194	-0.6324681998821363	-0.3414060755444133	-0.6104666410634743	1.383103051727363	-0.6056347270020515	-0.7810535821631552	0.6924554265942926	1.1280236269356996	0.2481214018265158	-0.662833880080878	-0.7987409075807247	-0.9827517897713244	0.14927717304663407	0.5968931628372061	-0.1408305210445136	0.4375020596714823	-0.8107103324986569	0.8907532244044589	0.5707213834177882	-0.7411568852575285	0.022351386828018783	0.22292668918580377	-0.4501127600980838	-0.5637469392177089	-0.34359710567890467	0.12109503822861054	0.214430268464062	0.16730251093584655	0.14500442778963313	0.4074607640209118	-0.387324316026576	-0.22069883349585867	-1.0719423917547066	0.09682089914978072	-0.1550858043698835	-0.20354234149204414	-0.06626517599506458	0.3606871058388093	0.610564095559092	0.4773614365806557	0.05196452321909061	-0.7502441717090642	1.0636201461645232	-0.32469474360351813	-1.231652280661112	-0.279684969741872	-0.7098974428352985	-0.283269974626742	-0.08854210625597136	-0.44166607792506674	0.6874941426728363	1.3879399198844538
DTXSID6041503	-1.5724838595853514	13.705358419019468	-4.557163470099185	5.272175491166469	2.2515113861070994	2.6406057990356713	0.6824925017305887	-4.909630501432061	0.9863547955998985	-1.2710799014960403	-5.570284504204298	-2.1606512274947107	-0.42059800365225314	1.046726950503661	-4.314653960466536	0.4550162168720634	3.962852831804336	-0.8917416035311727	-0.4792042240658436	1.3364625690975294	0.06305347035691355	-1.8984806047607214	-1.6199097620883556	-1.0566184627534811	0.6276202870090861	-3.9556337037827465	-1.645365257017076	3.182875143478386	-1.2649587781518885	-1.260237887637205	-2.4152183127170868	2.101900913763289	0.23957705035930085	-0.5656940968544969	1.771090393423456	-0.3032348728432156	-1.4776090372271513	1.2302084945000247	0.15342887445887865	-0.24793666838814638	-1.4592026838850378	-1.218131768893105	1.0026290249049676	-0.8582391086045315	-1.786832453171366	-0.3061110153946208	-1.4816841344013918	-0.2596547191893138	0.014234677413063753	-0.7348065366739045	0.7248719118666815	1.1194695126739744	2.168823205270146	0.48254940628801146	-1.801974487088092	-0.4504296933071476	-0.24790451474647	0.5317013610390666	-2.2858816420578605	0.3983860863056277	-0.9861155721502382	-1.1956344065362796	-0.40635431269846584	0.4235228355436372	0.770370706000745	0.04772382614772098	-0.7993520615377762	-0.538036551887256	1.3629163668272655	-0.25469921348275826	-0.49099871321229704	0.03360745072249845	0.3632047788044148	-0.08763824415267871	-0.011714468390551083	-0.5346474498793767	0.04785959989367784	0.7626966222514013	-0.8422227601697656	0.12127009870555672	-1.2090904796504076	0.033759054263395545	0.6706629524751583	1.7426788990016153	0.762169544652272	0.22954273409651899	-0.14486556019685504	-2.101492321705031	0.7692723068930821	-0.3640539020483242	0.2938109650039973	0.19899339500668903	0.05356057539928201	0.7033321782613496	0.6683974230926546	-0.15059644676936165	-0.5929022053275377	0.08023755064525359	-1.3323984840638299	-0.6080001152779192
DTXSID6044430	15.471516624003053	0.7440592777126143	-9.246522307043794	0.3648540984938665	-4.570542973803285	0.0649193917431995	1.3898313411221588	-1.174252916923206	0.4844742157760406	-5.973970130321897	5.324513849456974	-3.1687633603880068	0.990270905091719	-0.9330541200387452	-0.9839296720382977	0.8980689313281637	-1.138913579082841	-5.337739381786108	0.7555408033767042	1.0047905029635775	-1.6124501298967269	-2.1949373197602613	-0.9642935255286392	1.9342551119534064	-0.29326905037157286	0.7164290039989135	-0.180974531920997	1.1471607520170335	0.2392321813643523	-1.082406548165365	-2.8755835651772026	-0.10777832600339411	-1.1474824432451878	-0.027885009105056164	-1.1844996465210504	-0.32994448730839004	1.0944154722021748	1.1856271360190094	-0.301859809806819	0.031029932026668258	0.8666277634491314	-0.7669159985855336	0.16906476992065234	1.1209974908030407	-0.7493697688160674	1.3356246998218047	0.17575704209890985	1.1858882447156103	-0.6025477381105455	-0.009585989813576475	0.06574560088076697	-1.4212192067338552	1.0069906894501481	-0.2650631498483309	-0.14947220481839957	0.3375638065361433	0.1391910249262153	-0.4465426561211966	1.2843297669621716	0.35227170484577935	0.6370746720450757	-0.8863660598227456	-1.208916846072228	-0.7179956287400064	0.5514601029981686	-2.059195118654289	-0.4347163193189618	0.02633246864349442	0.04109121769246831	-0.3107666224235973	0.10457576870101166	-1.3034553804952584	0.7335612936404646	-0.6576038983143998	0.24922866747761127	-0.03277418549763658	-0.11134645059962606	0.3460273306619341	-0.16745840964645778	-0.27128996447505016	0.008898759040677722	-1.243140320117205	0.8174050329210357	0.2953693759647984	-0.31786825311992606	-0.055374607205331355	-0.1841745057828651	-0.5667956132620179	-0.6390347592630558	0.8204599841139022	0.42548719506021465	-0.7800326306264438	0.7103903655377073	-0.43325447892775565	0.3754783894889469	1.1635631811388711	-0.14719103150653556	0.3982426529427555	0.6716139078508778	1.0621583918137147
DTXSID7020970	5.577870080098721	11.141450038026317	1.4643738817924274	7.772280003444248	-3.3439277527061413	7.480478599159165	1.0938181077354405	-5.438197371700847	2.6642963546217633	-6.23466639498143	-6.388764572506568	2.793327350151452	3.014014579087566	1.6084408338707836	0.18865109253035037	-0.2811953878690482	1.6905425460644687	-0.6500476470085607	0.12514598366627466	0.7284912473146435	-1.129486056060291	0.655945288762083	-1.136663912119869	0.6285795982289537	1.042638870124469	-2.1574687370908783	-1.942161983421308	0.7487642667588477	-0.7827937412360736	0.21256313410242783	0.19809797601146945	-2.178980137924786	-0.5419322156796866	0.8457291312696171	0.2604030573028012	2.096937578538305	0.6644754372596211	0.06280814558369281	-0.3416055414175482	0.6874342185131744	0.8885683644463025	-1.016510952055729	-1.7664137747953617	0.751890616880462	0.5506070410964461	1.6437159670178247	0.7017957065040027	-0.057576658248864605	-0.23705341730340523	-2.0684935899219243	-0.5953246374451864	0.13573141860710325	-0.2860264510693009	-0.9582777651220269	1.4523194517350944	0.3440042088002821	-0.7071180617083452	0.1766958658983494	-0.18091644865389606	0.028600397361732574	-0.21490287195716737	0.9746813437290496	0.46280467658940255	0.4368494765288029	0.2258889026837858	-0.953431437513168	-1.7445135420210125	0.3892837938832713	0.3093357392160069	-0.19984917505661579	-0.5008100722144618	0.24450814735838763	-0.24541459191767961	1.2839476817798363	0.8677254121257378	-0.7321406383686171	-0.9389546273711313	-0.005556775177194717	2.350592000551586	-0.08994930132376472	-0.6994063035302918	0.6752825664789458	0.17680180916138913	0.20591634816426388	-0.727086342885181	-0.17153223924063637	0.07184440295780557	0.7466261678275817	0.19901253439916244	-0.6751232191071589	0.14455040067722238	0.4522570184275756	0.05440312814169608	0.8465164651178216	-0.5910669992225746	-0.8218530613175264	0.5546566503406253	0.7334021797766624	-0.07928405458349855	0.14718277517868364
DTXSID7021100	-2.3027329835540495	7.511775265524461	14.722239976178885	-1.9843381970519993	-6.81565034839779	6.167759922446514	-1.5255648611237724	-5.8541828999864105	4.148668319962102	-1.804059044167917	3.529276221778513	1.7893074677807246	5.64492007694169	-0.13985542218003746	-2.177868518263702	3.5711443629511117	-0.3530014000016408	2.8912362704094017	0.9463287056172767	-0.8562073149260687	1.3041126272081494	-1.1288206739371451	-0.1061446984128638	-1.2429443079639992	1.425751715181317	1.1585799350878925	0.6505234243221916	-0.9717074944651138	0.7211013330981598	0.5703503646782825	-0.5184112174324467	-2.4119138050400033	-0.7178710032103128	-1.1146062017452758	1.0093396663513725	-0.5767840319047245	1.6406801299974236	-0.323419589823892	-0.7319339712421253	-0.734266373313391	-0.1482935140759962	-0.6609781625775617	-1.3033961518312371	0.53038178681393	1.7520714373789794	-0.2149195077065425	-0.10607566958295979	0.10350978910675163	-0.4560862315214292	0.1380580332785669	0.5285766361924757	-0.37216167866967403	-0.037107167535174526	-0.4238130582905604	0.0015598580133681114	-0.04178607442648999	-0.5577830997136626	-0.6007574996137186	0.3059963430699465	-0.1900263587194504	0.4821003563755458	-0.4276402035468219	0.6865627136520281	0.02872921042727358	0.12128824869233257	-0.7252400126939269	0.23929319629356977	0.02177337470748263	-0.45742323904371524	-0.43714109300016557	-0.3727421598208958	-0.3001224687193566	-0.47710776323830584	-0.9325184131886469	0.027095285951179285	0.10892690611934122	0.9279961692369549	-0.9246341049080697	0.23133803193573368	0.6380421105477029	0.2986669433943423	-0.5462347452140927	1.1588236437355925	-1.6885075690027334	-0.7823306285342705	0.05349496527302129	-0.9479987116841917	0.7180856892427959	0.3541924039901157	-0.3283409364092202	0.29458582974859254	0.16893153113917483	-0.6641772332890306	-0.35645159371587287	-0.7262421548157988	0.4081100530331141	0.20802989683804157	-0.24989996296053896	-0.20989952694664152	-0.19167565842611506
DTXSID7022174	-1.2744487860329792	10.38487473708368	8.615377439847034	-0.23074128043330416	-3.8721445856356036	8.16931964868515	-4.349302889311552	-7.628700881731492	4.124215961234011	-6.942776967162304	1.1099945958582542	2.9581981852408075	4.37385625241348	-1.7837855013044999	-3.062389048542977	1.5648140629899998	0.5083970667740348	1.836917426089154	2.991234300455086	-1.3648798449703772	-1.035813381604882	-1.855770526867658	1.3795063091927764	-0.5039290376666724	-1.0571043630155856	0.593429972821827	1.6362046435911584	0.05685779831518822	0.12475965003377218	0.8746078376665154	-1.1717542086773742	-1.988301464787678	0.12347500851884737	-1.4432660151109025	1.3707837226955175	-0.7794705906169449	0.8468265087737923	-0.6057863748481439	-1.0311051172324968	-0.7413022736987683	1.4114757058592673	-1.1612446607191853	-1.2634625538529374	1.0842327483403187	1.676232676942468	0.04853914008739924	0.050120208653926725	-0.32208122098294806	-1.5958168630355163	0.6967380817704227	-0.02041736450086418	-0.5847363550348241	0.39431545611146246	-0.5915422694021663	-1.165496981364739	-1.2905013871733029	0.07636740541836065	0.593333716375413	-0.34978258159906045	-0.45395678880133034	0.8614026035065133	-0.05453943885584298	0.4471622647311043	-0.20068147090529523	0.3412991559342597	-0.07907498686384996	-0.40958414124395237	0.06444651257260703	0.5376003147298422	0.11959162207503346	0.4180049693645413	0.4348195409130497	0.18417276204228	0.5637022038289805	0.2536585321030686	0.6320052998123988	-0.16208243177271525	-0.9985915070490724	-0.8070150107052496	-0.2300136875409292	0.6710808128361707	-1.9153546014172056	0.10555714945490222	-1.0058052817951446	-0.3145508561493082	-0.7378920692847342	-0.37934353146533206	1.1646250111251573	0.10974665491482814	1.0584376603691292	-0.023216160923404283	0.6266668646648813	-0.6934258768333761	0.3675059166539352	0.325770924448737	0.8341458912257091	-0.565398511618208	-0.4934475992782568	0.9980499567223262	0.31849095889657075
DTXSID7027461	17.373541363270277	-5.494015344321298	13.339216690589373	-8.73675897976912	1.7580053683769337	4.001370060039848	0.19672159223794633	0.5867442525952321	0.3678045551285398	-1.1917293542679848	0.4797569623833987	0.18661612123473711	-3.7674821133252046	-1.7797178621022995	0.9732647573484299	-0.5486992385296514	0.4764579767634782	0.0192909840906156	-0.05752062816667324	0.95745320155915	-1.2206296602561528	2.8178037334873083	-0.08789463473672525	-1.578120047650268	0.9161722021349793	2.0967949028604727	0.9209866598288077	-0.31485275739596114	0.6711493315716863	-1.8210325982986466	-0.8488493974624587	-0.830352125091264	-2.2984897744968595	1.9448915300009573	0.4427456290771181	0.29205606360736536	-0.16527671161858304	0.5059604908559501	-1.3532161859275211	-0.5953953957696551	-0.18738690740700129	-0.25144627082385734	0.48977248136431817	-1.0207823128372548	0.09639144018862962	-0.05684775995662444	-1.2592925066774283	-0.9113233906912179	0.028087152682631372	0.05144043130180728	0.6344242287906008	-0.8595567328799718	-0.1888088678445709	0.0816651919937784	-1.2639216642866438	0.32134969223145216	-0.2352641002230124	-1.2563602630158457	-1.0339094747488164	0.8338966683257527	-0.3626668504015834	0.3298039705253193	-0.21766641555528168	0.519152990130288	-1.1127066369140166	-0.04855466834474286	1.3838337209963114	-0.3530219937524125	0.18347581518753447	1.080432412842237	-0.5117115307449513	1.1019252130065176	-0.636552378592115	0.008200495896251053	-0.04714190741289391	-0.46409937963104175	-0.34773674017661016	0.11924988990786192	-0.6572107599336771	-0.8810551445172725	0.4040988072788799	-0.4030493729208775	-0.3665858323426599	0.2839634888899442	1.2200834967457417	0.47698132043277247	-0.2156721670037811	0.27852124336441986	0.3450145999237585	0.12091021813986501	-0.053722118950573994	-0.7555914378204115	0.5841584230155943	0.2744127537528507	0.4377216130957028	-0.02290029184982763	-0.6258149319686096	0.17235348050979982	-1.0167845915882483	-0.2951344525250995
DTXSID7029320	0.021433674824080307	5.559219280670863	10.222348624389124	-3.038925928889805	-5.3072596639291945	-11.450203163016361	-2.291171444556143	-0.08038387261779119	-2.2961531232868704	-1.3275209713167315	-0.6909649101650881	1.059493350279305	2.9641365383306564	-3.27081464141314	0.7348785772917384	-0.342386091890298	2.296943880540607	-1.8583005035698745	1.0648423805828728	-0.6617275481175356	0.6384493095591423	0.9392846602966245	1.3933360659136753	-1.890272869154111	1.903302011280771	-2.192104782223877	1.4585808964179066	-0.1464850528147901	0.22353940667264713	0.6274762005513473	0.9633046384350948	0.4885393738867154	0.7214495365227422	0.6694831159970308	-0.4207073077378049	1.017047845669206	-1.1693873700333945	-0.4215266710520407	-0.22530761068248792	1.2879244321498136	0.5985585298612811	-0.43711650330060253	-0.8624137705060386	-0.5253824797473045	0.12480907592478618	0.37605035696989175	0.4886827838249574	1.9323638493785507	1.0765219606100942	0.573614754533052	0.09208041973733372	0.23973378216975016	0.3712848718310771	-0.8308889401357669	-0.052328713962031204	1.1265218485102007	-0.5630884359028818	0.5352022286638639	-0.14813890028375434	0.5990912966108434	-0.735182699084715	-0.29699294708965507	-0.0523459471509164	1.990601385030973	0.18439857340319507	-0.9427102138504738	-0.8466238524142692	0.9712246275920875	1.180259507058999	-1.0237312925854494	-0.7801630643666109	-1.2922764081194646	0.38642115432036694	1.332936439494911	0.040350885956162943	0.670234467785898	-0.3119403041828863	0.28149977134230036	-0.3581691425638735	0.4327884475549815	0.48215310669173195	-0.12395298414506283	-0.4054272485851722	-0.7196099359284797	1.4450829264559022	-0.2830374945990926	-1.0073740880631423	-0.21204639739988165	0.05075665355007652	-0.28773505226652707	-0.12305926674977286	-0.31592055210834064	1.0546314059034723	0.46904017764794054	-0.23928192745054852	-0.37355492810646257	0.39550126333628277	0.4476545640605018	0.14042653885011355	0.13531367579523815
DTXSID7032470	2.598796120850229	0.27266423087057223	18.933823917451114	-5.850514464596763	-6.660316562244913	-3.6273451060578914	0.9687961224026803	-1.6817443999211779	4.029707160340852	0.04999964188751267	0.17500634454584663	3.2395825737858805	-0.3482573479751938	-2.849165764714282	-1.4982604499736947	-0.6923961685974334	-3.0037673874361945	0.27417498660443324	-1.5143985208558812	0.07011047089601825	0.16722041410134594	-1.6791229825472065	2.3303046397434084	0.4256255535818601	-1.5696931875031	-0.2834257306086017	1.9392404173432787	0.19015085272381665	1.0425195191328553	0.947211163532049	-0.2115920614085745	-0.16338185312811795	0.6020476843033805	1.2528636512019335	-0.15364646908104873	-0.03654608801786722	0.13007685471987246	-0.8551526833803434	1.577755855061326	-1.330823797873945	0.4621722634917063	0.46407745606262923	1.7042637935574076	0.43296784095381624	-0.3561438698027762	0.13323467262524616	0.18270731908569762	-1.3539351052334103	-0.04507345942433612	-0.8275872240593342	0.09270857031152469	-0.6311925078140059	-0.5525667112284555	0.6499460569560528	-0.5655934239430792	0.36064553404592775	0.5860462532273909	-0.4446802910582015	0.7358156177135124	0.10656001314196283	0.1835778168048064	1.6234402914620423	0.2426601845704866	-0.27418345636564506	-0.7187029030434723	0.7329877660057315	1.2502154505945833	-0.012773066598971221	1.2075103837363999	-0.901447737324681	0.053488034355855266	-0.13255923927926075	-0.7224550901582423	0.6163292136171711	-0.026441245639384756	-0.9101128852654303	0.3766622201827715	-0.5954336179732049	-0.9654166833804582	0.45769657490229537	0.5311328274304941	0.2990230451789475	-0.6058658263646842	-0.11544814565105141	0.4874809378480581	-0.28435893172669957	-0.4599253293907473	-0.24811377405466203	0.7768631542567304	0.3973913403185442	0.783120383746096	-0.8265616597834518	-1.2532218422961166	0.006922656950909886	-0.42961227018671266	0.8959732249618725	-0.02131641095918445	-0.32997976049777417	-0.35226917460370566	0.37909648038083965
DTXSID7032553	-15.089464487082001	10.22581587507076	-0.8758393584365939	1.0707684501405548	0.7854442011652147	3.1383324486987183	-1.1528509735089556	-1.1139396740368372	-2.117597742593838	-4.525700490253394	-5.1421995270299075	0.651609736509199	2.0480670920086106	0.7464371389282938	-3.758904465108654	-0.6419500638759947	0.5054283793398562	1.4523005743910653	1.4985334907290466	0.5022098307830045	1.5845314795573804	1.290956808525457	1.9553417535203261	-1.0507749978424092	-2.2247990267256923	0.6403262120700423	0.29963464151354813	-0.47754371900494375	1.8328688858947233	1.612778582404023	-0.1717355232611895	-1.1531380730817955	-0.20488859433228337	-0.409589358103002	0.9895574140730665	0.23450578906366779	0.6798526721777242	0.03522079464576179	-1.8185778765435765	-0.45875512377314465	0.6060280581191284	-0.9767933471457072	0.41939156542941985	-0.5184772951455472	1.2263073272708744	0.7255676127817575	0.8114034857837209	-0.13130575982082232	-0.904600985351182	0.466964022462093	0.8693417373711911	0.9504447355058602	-1.1290617772325073	0.39496033778121975	-1.4767964439998542	0.3310693365471234	-1.253094661254325	-0.2516093695550019	0.6743985568226152	-0.9141164426566547	0.6133743033031495	0.3504942261605505	1.583525916545785	-0.3005504964964952	-0.37651257699036356	0.27939657972218945	-0.5636045273127224	-0.30900877777709806	0.00798043664172395	-1.4856393972319675	-1.5619058741878513	-0.403887291868106	0.1590392196819618	0.4132072035725404	-0.46894211672321445	0.20565395048405025	-0.3073951333113313	-0.3351252790678572	0.09918906264300577	-0.7993152384174946	-0.4751648666939702	-0.6301976749832086	-0.14136558894836446	0.13228477553343773	0.5194634390958343	-0.7682479245426268	0.4703580775930082	0.5828016829701518	0.508672435211418	0.9117385408420692	0.08550612715676359	0.1187612306471628	-0.5227075537739356	0.6928389793187926	0.6678544903602304	-0.8251021520148818	0.23222259666735212	0.271618827803672	-0.06180727541217764	-1.692303655837802
DTXSID7034676	-3.4393749728735683	8.655709950696725	17.39038843296149	-0.6319138258108531	0.9184470319396862	0.8736058962175978	4.825786032261847	-1.697293045147648	4.7835230183207536	1.4387659020520518	2.001493546587324	-0.6046828124728247	3.6337969873995855	-2.4930818158933845	-2.518164344065784	-0.2623230046192473	0.18816371542026955	2.1014253591847827	1.3935815329246535	-0.2673190133501457	-0.35939499125286345	-0.7944218055788236	-1.6972536134161844	1.048656444003126	0.4680415362959805	-1.3136643819803686	3.940668777666975	0.3142844873752594	0.8309775508559807	2.8417278622031192	0.040366531665311775	-1.0487653651260258	-1.2881597202501633	0.6966964871817757	0.48417157716643044	-1.5722328437069761	-0.23435669495727213	-0.9581768419915502	1.652446501188921	-0.10735260667070029	1.0369261470689368	-0.08647926964491309	-1.1426706976479708	-0.4106004805945334	0.8326796299636705	-1.4502890035524465	0.049238655617147443	-0.5214392271951683	-0.13228579019791986	0.6012711807474606	-0.16400939405587053	0.00943331099394318	0.9252337526129744	-0.21333716400352776	-1.3838503861289626	-0.31398383592626294	0.39106133973873525	0.922269059369369	-0.15808431477002954	0.6087705856656255	0.9432634055293986	0.308558581120023	-0.27359067902082285	-0.5514710176879276	0.6157489459732359	-0.19912014412163098	-0.3572353396748576	-0.5659466384642786	1.456667283452305	-1.1230542691538365	-0.15514090496807012	1.0473453211883594	-0.08108939397355708	0.1807176214805761	0.37070827595259204	-0.4368024211115354	0.015445054434934002	-0.21458726689900057	0.26803353924481926	-0.4147356355055279	0.542035641949127	-2.0798962973107624	1.0992553965871708	-0.5856475566387696	-0.05052635730268224	1.330306623618887	-0.5721866433212872	-0.7027605361187237	0.6315964398818712	0.49354434051686247	-0.08830730795043717	0.6631454248868307	-0.42092201280024805	-0.5131426283500095	-0.2710132644545083	1.3604796117193827	0.7063088288832989	0.18123932307992424	-0.10346303128033688	-1.4421702912685743
DTXSID7040362	-3.7640637030690707	13.239339902542945	0.48262965325904383	6.289003446320956	-2.707405674693124	6.622401266255904	-4.163808454723971	-5.465830174861701	2.4556804852488137	-6.628770969808458	-3.506099502490251	0.16478927590950107	2.0839848139718793	0.47252376897779047	-1.3204079722668622	1.2154182697794007	-0.12360039069313407	0.6314069399220847	0.24892889283161068	0.7141843820833044	-1.0234155653565324	1.2017518920836365	0.2554624145881271	0.06463457672368106	-1.2293796825940333	-0.6848883589243547	-2.0215413145940957	1.1229807444398459	2.8215989184901282	0.3818368965791082	-1.0290098754954649	-2.8088481459812726	0.5688495365029945	0.09930862598056665	-0.09051700416049244	2.0705881198036784	1.1958984254094571	0.03989517131682098	-0.2822179525261884	-0.6060079334760499	1.471209494351944	-0.43490789910100475	-0.18463270662420844	-1.0667550381461144	1.9077368460884383	1.2138746569335872	-1.219962980475594	0.10996262483490427	-0.9214310570627375	-1.0838256942792135	-1.0663873111719826	1.0114885376221183	-1.1825261076842835	-1.638743715950651	1.0886932637735993	-0.4125852825269871	-1.1035178587587602	-0.4703864895580777	1.0116229471223253	-1.0956582359920959	0.10711354091235037	-0.9949565338624127	1.0517802612843135	-0.5974209337771957	0.5484659154955006	-0.09871723854153519	-1.1728945778302453	0.44764695044339536	0.20011306580019797	0.5262323015188132	-1.5766167946770702	-0.5142748997796631	0.8324140956741878	-0.4458810960230619	-0.09156342401071275	-0.1398071508875864	-0.15171804730564	-0.1556610817935237	0.826088879925293	0.056721298558492124	-0.03834139200435638	0.7898935285704158	0.3736926504502297	-0.3285744231212464	-0.023358199315959293	-1.6150550963072916	-0.1102916606147827	0.5726498705036172	0.48172545360151275	0.005317545641686608	0.1955187132485267	-0.4281960932792174	-0.34941868475448573	0.9243137874169771	-1.6558101866109065	-0.3038273959703393	-0.3878399831952013	-1.0842142020572112	1.2261984788318845	0.11967810377199638
DTXSID7042190	10.941191856024663	-8.179752455769513	14.852304776237364	-5.933180827463282	-6.513399537833324	-2.1206075689769333	1.7042089254056658	-1.7422984229620149	2.6248596938555253	-4.865969727342025	-2.134700212606283	0.5557267011913991	-3.0364284061379236	0.016458288372238786	-0.8108709171290297	-2.1501253127737354	2.8443347785195825	1.6754043741696505	1.9644616449556334	-1.5372030627796054	1.3404186311649724	1.039896352902542	-0.026850707916109814	-0.3735361095757127	-2.034468272846428	0.4481553254467869	0.32772771126194544	0.7382365014568594	-0.05187389498575881	-0.5864182213636694	1.325884928335042	-0.5997127912644834	0.36103516238732947	-0.1485396474004768	0.5219963087885608	0.6475516434062241	-0.1943439007851474	0.7876328978141798	-0.11016423185560652	1.2640582979736306	-0.7056662512310914	0.8881897373130613	0.36847828781624214	0.14462373565576922	1.0141312921300618	-0.49993460184541294	0.11122491164047685	-0.3125783789160142	-0.14418739349536475	-0.4905123801580258	0.0878094250099378	0.6377917142622433	-0.29092757830401955	0.21618757285290033	-0.07931648855647538	1.276065704239317	0.11320014845092344	-0.5767753200912834	0.8865123183356775	-0.2249845320112463	-0.4355824138235827	0.24052098294213817	-0.21226168392940695	-0.7479120821362168	1.0188581793043934	-1.0894199123598427	-0.1982738084359494	-0.5076035992138692	-0.07952312099196525	0.0891736903031615	-1.1850899690272854	0.19286897906009973	0.2130497858795224	0.8611116308513567	0.1196767820297955	-0.1550747209911316	-0.05903580511131732	-0.36057147262694283	-0.13205505694689876	0.068952613656659	-0.12673143975075085	-0.47134021000153564	-1.3654949506341396	-0.9744025430570105	-0.0014896120660967773	0.9866872375091165	-0.2267085326241722	0.3282898529730926	0.321937094807003	-0.7144314525039633	-0.627872592174572	0.10806562972246235	0.7777416181671403	0.09105829273706124	0.5303780858610901	-0.8533369180164981	0.34048365258142743	0.6704451940361236	0.07936162986800907	0.24242364780566553
DTXSID7047433	-13.051926621361623	-22.916950648650285	0.6578100025724031	8.24458439708806	-2.921043240483686	-1.0686661012177432	-3.087910439234325	-1.2497426694008025	-0.2974240125578579	-1.591739804485579	-0.7011892052960815	-0.05227165832474792	-0.9945059937223909	2.1521051726642844	-0.1472083229268857	0.6738391522736454	-0.11604841143897397	-0.5600256529997047	-1.065228540373519	0.9026616362884221	-0.3226191418419878	-0.15274793428348435	-0.6947895546522485	-1.2440127248719512	-1.0403233863398682	0.2963809456393152	1.4192200764306948	-0.043805159391832944	-0.6584616441879184	-0.48211244044266993	1.3417816218391754	-0.47734617169957916	0.8708747647490291	0.1040507818348541	2.129646526910473	0.7338040794185994	0.20371708577961062	-0.12246099492818345	-0.8839092933819879	-0.23707617272327483	-0.382575607327805	0.5398344740383939	1.0673806605904153	1.1133122022210649	0.8828918707068198	-0.47732773815801477	0.15755987437477484	0.9799368289205105	-0.7388589833896657	0.12084116995873746	-0.0771408744943287	-0.6571407684155435	-0.26659683093064773	0.4303434886458599	-0.583995160811647	0.3352331145305571	-0.5182345965469212	-1.1574426013550283	-0.11040855332011947	-0.04482874660691226	-0.20289342048697873	-1.4160209579865677	0.7203032760576826	-1.5127377553495776	-0.10232820903536588	0.03308895499076126	0.4670709009166496	-0.3002927521302376	-0.24921496984540603	-0.8329977722237751	0.41489709167653493	0.9655860198747782	-0.7636409188055867	0.043215184172226646	-0.48515933165131464	-0.04288456512893754	-0.3806256602942392	0.12951561513784302	-0.01970335535455627	0.9873449671003337	0.1752705155143438	0.8505423981719282	0.18177702736148313	0.7844183362954429	-0.04155789863846366	-0.5434458131505102	1.0276811875246152	-0.19815397172571794	1.0573749284737521	0.946329097905395	0.6644154439198425	-1.289306096300591	-0.401071053596094	-0.5690774285455444	-0.8471057917277116	0.23836176746919166	-0.21768240265542171	0.21136476240223417	-0.05210521044187663	0.8239378057919102
DTXSID8020337	-20.07174215703922	3.7900907583002104	0.668589859020614	-3.70816385603099	-3.441128713331052	0.7705454524347094	-0.3899175505784352	3.631035868964892	0.5177388375823618	3.7933458083100224	2.7096047014017968	1.0650792224570045	-0.09441860646426928	0.9353205342865821	-1.2055351670902468	-2.702087834911661	0.18090802937734776	0.5953253848257919	0.9933189780290773	-0.21039864203879238	-0.010913466021014912	-0.23405764164077733	1.6041290634611136	-2.6424484064272287	-0.22127477532666334	0.1622478910830037	1.1894350102741935	0.3778303548928114	1.5411147702303662	1.3852534815930517	1.2952047768829364	-0.31018638556896394	1.4851906097897305	-0.3865993477090644	0.36029430850891403	-0.867399377887295	2.263936217618291	-1.1601915107181069	1.309712089345998	0.4596098293369628	-0.08607921773568608	-0.08434157627174516	-0.2797498399111563	-0.5280135084605351	-0.07082997123976191	-0.2650990149977719	-1.3524967600107334	-0.40758340294109585	0.1719246123567373	-1.3403545468395182	-0.3198777044435136	0.08558421878107614	1.180227144471312	0.34787463539762187	-0.7790181638338954	1.297788834572444	-0.5168061318880792	-0.38757697032772975	-0.8008630552240293	-0.20920319348868105	0.5540395941205926	0.28721869227956776	0.7580313561353729	-0.03919309351056757	0.6719656165427351	0.6969250245490964	1.6357162952375512	0.1596216392479033	-0.1145648121823722	-0.8622137850237417	0.38979243334110397	-0.7155981642048281	-0.10287155908343613	0.9029356127964425	-0.8835150816651125	0.2378691969671334	1.041221157933817	-1.0084741437995741	0.8056498829595675	-0.14573936992260716	0.769735683537554	-0.7182141472032332	0.7217651659537376	0.5840352647460776	0.21355861547601715	-0.4616901712037448	0.3106552532724937	0.022099261529314778	-0.21457974616640338	0.6061261139317032	0.5585002550853814	-0.489240983260373	-0.3328677048261371	0.6859136182317516	0.31855411253779414	-1.1628849999350144	0.9619827624468923	0.5630877980327276	-0.05642988914646921	-0.8139039142634431
DTXSID8020620	7.7954980690215665	4.6865648195425695	15.082922515667544	-1.6405365764153412	-1.1583317692188388	0.3466022273138154	3.953052872601198	-1.6113205039067222	6.2554295671273294	-1.290685019433097	0.9622432141725433	3.4182419979909042	4.339448623926805	-2.4163259418632506	-0.3503850682943296	1.7128544144795352	1.7447095840555813	0.5897579767669862	-0.9620003092431565	-1.4318024989612004	-1.749532907637092	-0.2765160016268053	-0.8874274582332301	2.148392890628686	0.954866842631749	-1.1560355842890022	0.601100796822147	2.9126407900721594	0.7821044977018182	0.8838757514036402	-1.4021165749123454	1.6133092618680571	-0.012769675235367779	0.06777622598671411	1.205084429006189	0.5806979291478016	0.25074917556191867	-0.7657602499480398	-0.051042440555542405	-0.31944240898128795	-0.09478619490044513	-0.7742167100272604	-1.0226181577044406	0.2269775565138098	1.4012548504569053	-1.1656467105337325	1.3201943233984468	-2.018950387600812	-0.4603798067683921	0.5345504702834776	0.0911436381770527	0.5532029206972259	-0.8902448205612206	-0.44467408379393947	-0.8123125579125076	-1.0030908115576453	0.722545244309929	-0.36984248625285837	1.1217741429347623	-0.02734057879706571	-0.5147635898677005	-0.29150790417609795	-1.604601908848341	-0.8150917552385003	0.779478356397477	0.5394224062401797	-0.7324745725555655	-1.4592223857019944	-0.10297159211140493	0.44871874523089583	0.0761812832095205	0.6574437995846512	-0.7735998392924509	1.606229473159784	1.4774221963270504	-1.348714151252746	0.4536760111325732	0.2462128148647923	0.1785999565348089	0.26424222105093037	0.18389637724581923	-0.6258153752384432	0.2566905673365808	-0.7233226078692001	-0.6010036380273305	0.8843389902566795	-0.010777453384596694	0.6133328602213526	-0.4690033952323258	1.0832611614812218	-1.0063239160968491	-0.41164443675635964	-0.16994439936722772	-0.350785026377036	-0.0586595563009766	1.4054028301401735	-1.3969804650344508	-0.346292209724265	-0.8968593434054846	0.37787404431953064
DTXSID8021301	-20.68197146754372	-1.6708728338314844	-0.8885787149707796	-4.33688523358823	-2.8021450024487384	-3.3874239046724464	-1.524351865387851	4.184268298857787	3.363032402737119	2.148769864341783	-0.7592879824811998	-1.0879440293856941	1.5440508215466586	-0.1727026432540261	-1.6253572379736865	-3.7266694686812505	1.2792495001602702	-2.3578447439488377	-1.219360370572375	0.008186928533912518	0.15713614262972994	-0.5342349685840171	2.9219031282618433	-2.1548052565399227	1.8043132603529624	-0.15847535037913724	0.9066178067242616	-0.18295976486733645	1.3535342050704011	0.19531457888439158	2.0031893922112785	0.0370435177972489	0.4887076393463836	-0.05891902804790401	0.9231360564760435	-0.8077462009185705	1.6684884885280824	-0.273605234253435	0.8437920059687115	0.42401934335010355	0.40125553628238264	-0.3669408821870868	-1.1780581631539917	-0.2911868585892297	1.2407061118773888	0.6493520320304154	-0.8207537396056225	-0.9300001087855317	0.341522081959365	-1.0426947314220394	-1.3715663751847031	-0.1936447816240623	0.2538341656614093	-1.09232831823555	-1.3151556397528563	-0.2916264919356801	0.7067643153071884	-0.15037873883995995	-0.5432438571149993	-0.7841500468108111	0.011456729053545285	-1.202685222791595	-0.4551381001523267	-0.7135207450699295	1.2775476316936838	1.0473190799829868	0.4522946567074937	0.5545753305005041	-0.6088375623836658	-0.3396548104953797	0.42036506379623645	-1.1015266064981342	0.0630018646431495	1.2134843470006893	-0.10952042684091211	-1.3707590461200798	0.5686702643459275	-0.9629826029725361	0.14656993907116592	-0.7369600300528746	-0.5768894512085047	-0.05336058663289952	0.2924580749983977	1.1453925329222368	0.4687307868580494	0.2936756134433713	0.9056496064119511	-0.5780746788611746	0.5715885951049215	-0.7863463842202887	0.5216151497428956	0.5137484209942929	0.9095043522842132	-0.49868096875903534	0.295214162371061	-1.2017517094248475	-0.260964686849022	1.5284746385196961	-1.1559246386385889	-1.097917850708714
DTXSID8022377	-9.496013026697273	-28.035597045882987	-0.16439049361745808	5.1609920651165435	-1.0155593639401275	-1.5145794828036288	-1.0281802455147038	-3.028074792078238	-0.4952106749218531	-0.20972861667067663	-2.1742701458778795	-2.0908809132933524	-0.40715160507099873	2.158749805740774	-0.8498225965770577	1.3213313019373119	1.067217988205732	1.0500029473072707	0.20753763941823633	0.31077787223192904	0.5096368943319554	1.2342556083141556	-0.8521180007485952	-0.8894383810665444	-0.4405607728488457	-0.7834999518735497	1.2461648308006203	-0.22405164826545976	0.42527246922002915	-0.14107968809727423	0.18174788075080706	1.047279802582429	0.3022476708881084	0.643904741751473	1.7321883032268361	0.5147652819730905	-0.235940252830852	-2.3860407699765935	-0.2457126939445572	-0.20959856702942	-0.20595658991728635	-0.7115311631439737	0.38616736933127094	-0.2445986290957947	-0.08225894868133986	-0.37286173827815194	0.4402377533685361	-0.4302868101377923	0.40531320042169955	0.3473755358586666	-0.0170408824277194	0.4733265565811495	-0.7617433503112059	0.6759142544195255	-0.9724252100172829	-0.6708688622961817	0.6797323369782514	-0.8870503684934923	0.13758218016012663	0.3987868204432682	-0.8173451228915137	0.38810393655600267	0.5249365354626159	-0.42558698290556035	-0.730180365031884	0.3297275925101635	1.0066198310059102	0.3517865768815184	0.34997346160178733	-0.6113032264481253	-0.5768406003912261	-0.13028823750380977	-0.11923157629434766	0.1770187373267219	-0.21787742888326495	0.5275577226904021	-0.43779956928635194	0.051903199984510956	0.37581648808509105	0.2561678637966562	-1.083102833381862	0.9009412250465855	-0.810121290539219	0.620444663196139	-0.6096538417866761	-0.6109184376114529	0.7663141313392409	-0.23838880691036127	0.09727436937670564	1.2754120626724468	-0.24766650351320701	-0.8683908306604323	0.6283822039985991	0.3824175885300612	0.34884813822005867	0.298953485408517	-0.19565958373331482	0.44076710233044963	-0.44887048387294143	0.13640254502384008
DTXSID8027292	9.93457667754393	-2.3558579545221985	17.327405472592957	-7.4511631778120675	-7.896015137812891	2.9809763829342346	3.0150211649318894	-2.8639980668404736	3.5998308236651715	0.25659682040299064	-0.5425215634702587	1.9225986254242398	-2.067430095340681	0.4796210725555419	0.05884323425230818	-2.4264649938148986	0.6404581362472896	0.745949247448123	-1.6136220016286464	-0.4283257689887424	2.3326725034538223	1.7074663366688951	1.0188904854185548	0.8727058685383834	0.2525021971565542	1.3241660366137773	1.1130088536587035	0.855303474423054	-0.3102969579574218	-1.2951231723642773	2.0364738929487607	-1.6486349420436894	0.6056501059006079	0.9093339001894475	-1.0977986137392732	-0.8814460146536073	0.8320186248331188	0.22279841880815762	0.2869219154651012	-0.19241661699112855	-0.7225776607309643	0.41275008741067076	-0.17760195939447754	1.231682080565177	-0.07835385627449017	-1.0096940936865106	-0.9144097496335509	1.2938703032453667	-0.5301074617007513	-0.24048415665413483	1.6295954335746579	-1.6096879490655087	-0.04208980149775822	0.6281953686357191	-0.209740708963506	1.8860227121252284	-0.670659649015153	-0.5759076713044513	0.4539499301501105	0.6344090211323371	0.01292164080937392	-0.0505520445255186	0.7540694920027201	-0.18848548236217375	-0.06469999381589633	-1.0311722553118468	-0.5521698284126326	-0.5256568920602804	-0.7627218933431544	0.5196026913759301	-0.09878839051589887	-0.05731145192617611	-0.029698103459300296	0.8256696017871148	0.26881331364894345	-0.8389218393367004	-0.3330838815491818	0.026412638978904862	-0.43170836390927303	-0.17161414028841554	-0.1118799527076042	0.4382479183571622	0.07974490080745489	0.18976911468508065	0.7796799142356502	0.817312132351923	1.2921744105639752	-0.3350253717604788	-0.5794930170798479	0.2470578454032422	-1.0202353936530677	0.08986574922996139	0.5822325987794332	0.07829929179828178	0.18064677956098912	0.43161983059773	0.4649236574616509	0.17540260111035005	0.5116696284686955	0.22962706514596484
DTXSID8032417	-7.616278849811076	9.313843081001416	12.428188813331543	-7.055154442241621	1.8256996551959526	-3.223868051925331	2.045394998080408	-2.9592220388498407	4.213808435412494	-2.097221428478691	0.8827094147577186	-0.7188032566582389	4.613954119995913	-2.106421364234624	-1.7095872175922413	-1.1052250298601674	-1.1641456363124851	0.6865102525333299	0.18297837462446542	-1.5567234688284393	-0.9190451391256825	-0.874449121898575	-0.3171191699570165	-0.9061209073658898	-0.7364859768186397	0.8756898391415683	1.0704409574708365	1.9744984453154806	1.1581500926215778	0.7428880078101741	-1.6884659493535925	0.04763414082924693	-0.7516724187675503	0.5216298486071054	-0.24370015303411935	0.804490855769355	1.336780101187997	-0.10497468678988107	0.3858434929267079	0.5548268698378979	0.42643822135843185	-0.7685199229752612	0.48788363410685026	-0.17208856177610923	0.07462929878970666	0.49837607747596674	-1.2888496055631056	0.48826035383605443	0.9042489041579456	0.6740483490988717	-0.30713530638702524	-1.4346044158153568	0.6323399752525849	0.2725893543750724	-2.348961838561368	-0.2574211255245752	-0.11306600904156469	-0.3767506751185923	-0.8056742221081451	-0.06875713957906528	1.0447761953036363	-0.004088222139990083	-0.9978866882665081	1.1028202064856192	-1.081174184802601	0.14351136599216546	1.1389042256542954	0.46949304273359416	1.329467808796835	-0.42113484876511853	-0.9072454801746919	-0.03034975848129433	-0.6576077618538505	0.850441905755979	-0.2336678284606789	-1.2070599945514355	-0.04658575885219789	-0.45671152870197995	1.1101292329140464	-0.46968733586126055	0.9634286558473529	-1.4548388174473117	0.6474467962716305	-0.1904590376225771	0.022543298040611604	0.35848952379230176	0.44350817741331794	0.0912336703916969	0.40851390321995484	0.6943067216610922	0.3955003901267397	0.8050311129031132	-0.6009584616423056	0.4386623217458405	0.2740819951964816	0.42407239231912	-0.09883100447729164	0.2281487846969792	-1.5984110922576806	-0.32597558911908686
DTXSID8032675	1.49087298762241	8.046416618229106	12.629859077893332	-6.821537413797377	-6.957526826358267	0.6471622738321503	3.3076522141463296	-7.03585474958842	4.404904706630277	1.2824434747532028	4.353762231316473	1.0687394587951384	3.7230148331115727	-2.903930639950623	-2.0200884791569065	1.370280890440596	-1.0898359163972728	-0.6537591551279794	-1.1463608822689335	-0.6554876919579583	1.3407288626010647	-1.6612409533759682	-0.8337689797274409	-0.15048600810116247	1.1944184107765798	0.08649180131650386	1.0403145854165634	2.549546301570918	-0.10069534136645378	0.14801748827159536	-0.9814720675007098	-0.33536860941416513	0.2237091450425985	0.30715725337411587	1.8669801065197218	1.6717974553842843	0.37475431188033426	-0.38223535934726005	0.8490434849794677	-0.3111282987705397	-0.20997760432563578	-1.299490927741287	-2.1326287401328705	-0.41651435163019146	0.5997585416482448	0.21677037102624286	-0.4648200805639657	0.26438568844840366	-0.17311266424016702	-0.04093459519304196	0.08446008464596949	0.2018703698425417	-0.5819372061358105	-0.5092796393757302	-0.37619852760247136	-1.7581957059574154	0.3942124579543004	-0.5455974260616476	-0.5536599053694528	0.9709670698754207	-0.03966072568750811	-0.21614714390610373	-0.787759765938358	0.2098389307576479	0.05885530015604823	-0.001184477560523974	0.31171189516399356	0.6146986162835326	0.9923913727796668	0.23346671957031698	0.967502663115472	0.26684040561516026	-0.5991021672279622	0.43804248946768093	-0.4636304344639982	-0.05129628879307044	0.900962855724738	0.13333463152031935	-0.0032231099106932904	0.5816519615092334	-0.1240728490477172	-0.3610262602138945	0.42097962429577923	-0.05271766297593114	-0.48856329791995234	1.3582593736029198	-0.8536767869818639	-0.6435242281671752	-1.2040398627991067	0.7959007060605485	-0.387802843179849	0.40022881068003135	0.7404414682765441	-0.7089164665695953	-0.22084835998767774	0.47636611877299967	-0.5645487150209786	0.763858807112967	-1.2117110113323517	-0.5791061915311565
DTXSID8035180	-12.675645152796605	-9.184894210094228	4.4447526357294525	9.157329566659515	-4.64793335616115	-7.013927595546235	1.0881877236829454	8.197294138967706	-1.4552672081429106	4.863456771242496	2.00996427250323	0.9969177959936223	-1.7335782314750836	-2.316388918604435	1.5730321828419631	-2.527180239887163	0.3150142057205386	-0.20819925892149574	0.29091176046634437	1.1379602884481663	-1.1460424107910976	-3.0189540864734936	1.825404560652406	1.3697685059474152	-1.4651465569357032	1.1084946202584374	-4.183610834623233	-4.0239739167859625	0.05809123978611394	-2.941555958736133	0.010832575750731254	-3.7359326101785086	2.3117607274129193	-1.0217807518127247	1.3714922799288258	1.012874239426631	0.8920232328925716	-1.6418697196213288	-1.2361697781186525	0.28186952953695865	0.9807917565041068	-1.4508066768693098	0.8413287839140974	1.3766874501482702	1.2652353930787599	1.069397695421858	0.18924231256618507	0.9172848320598728	-1.3871143507713914	-0.6943070289076726	-0.6457144861232363	0.18408940684232797	-0.8526892472210212	1.0575683779856595	-0.45771250040254796	0.4930109243993814	-0.44581678649497786	-0.5993264045610787	-1.0752499921344798	-0.34396541754236665	0.39579336817227684	0.4446120842788159	-1.5206736016501337	0.2808592053918878	0.7955772951033656	0.749828814082148	-1.0928223194861784	-0.8727749300468712	0.23031462053064944	-0.42220895580238316	1.85341242379682	0.9811848890740968	-1.4164556454725292	0.06481078070900229	-0.7516421199190526	1.2764731100677578	-0.9474881363938021	-1.219454318764165	1.1836175610793787	0.2803863257939613	-0.47813380438601083	-0.19359822546298244	-1.1870044325339681	-0.6192048892707004	-0.5566104443854933	0.31036222230722793	0.7386566173410661	-1.1929963361348268	0.9562137263387379	0.5828904619653132	0.15942445186903692	0.9050677179360943	-0.015005931578679866	-0.16337313389022556	1.3557364825057743	-0.6103371641291596	0.758123892908588	-0.3576043761066613	-0.9526314835780703	-0.20588906139846258
DTXSID8037754	0.1570826449182764	1.9433025664308539	14.305148568349068	-2.657493507552335	-2.426069866472275	-9.967987020493878	-1.102781195057714	-1.3281656565720106	1.4061360861998187	3.203409129443575	1.4555006619102113	-1.14442820282775	-0.3104419142614492	1.8835937839722998	-2.2935669860478374	-0.015985670882164984	2.6560270365125462	0.6475769810069272	1.0280087173313164	-0.19958746173420217	2.147947541301999	-0.9427501310557986	-1.2338610693571415	-0.8682211905027138	1.5867015959377742	1.3860418599956836	1.8733048927532128	-1.1737727214375684	0.16085916637020733	1.333401193151928	-0.7961009404695722	0.5649587603748921	-0.6672801516188367	-1.0025121132063282	1.0744803593786825	-0.5816818645220027	-0.9431422684940791	-0.8242062801061479	1.0783703153157425	0.45946926800698207	0.8445976245151972	-0.7704359177011678	0.1811672292360028	-0.869803668797583	1.1643768763152798	-0.8475816676984271	-0.20189687911680917	-0.5459345673487116	-0.4156321884673157	0.45062199616469784	-1.2208739392456867	1.9744189720400962	0.17666890653935804	-0.18839858499707882	0.06044087801603748	-1.3297284270127878	-0.028602033433392685	0.17393499983174238	1.619104891275402	0.6289278069307389	-0.7016480155739341	0.8866726376056435	0.520316358872503	-0.21668254545472937	0.6115032426762926	-0.1359914108033674	-0.09661244527940151	-0.3967169168784252	0.005335814363879676	-0.25047371482934394	0.696309745367236	-0.2236059878917961	0.7486670125863284	0.7270827670185104	0.060940807303379654	0.23067138639553667	-0.2390310839238992	0.27352014830643967	-0.6160659221984387	0.046079821140251054	0.21670896902280207	0.3004071007580858	-0.005535037849383018	1.1996659444411852	0.7208541552809195	0.7093334598200614	-1.1511186695159137	1.0231575284782053	0.7144981703538285	-0.7224638862244888	0.06046762771624342	-0.35626188313461193	0.3259263508560926	0.15187195453702818	-1.1396026623750983	0.1502141245596785	0.07750116699456912	1.1774607280803338	-0.9684599840702902	-1.0610797712181945
DTXSID8040721	20.845378020579943	-4.7235118184674585	-8.877762213498883	-0.8722666530768514	-2.9333638773171247	2.2171149612742767	-0.21267773255069258	3.6428179151512348	0.7427225309006755	-1.587944114219044	3.19846640282635	-3.900575363199429	0.3792521519265137	-0.16589392109608125	-2.0432620955026675	2.017976061840921	-0.8683308752963501	-2.9575272476943697	0.6512228720268819	-0.14588004809340951	-0.6931154455230621	-2.195836570545023	-2.490367213917544	0.8982431422587663	-0.6946144611650439	0.9375476034120486	-0.035521338821884234	0.6334756100166891	0.5292616519258455	-0.265636204735923	-0.5580357225095262	0.3069448708193746	0.319573415013882	0.6606781875762674	0.9098074107023245	-1.4712769987888192	1.1271891869641386	0.5352992294685115	0.6314968871205195	-1.0386645917741357	-1.4374710257656143	-0.8173888658124107	0.8029080476144448	0.872543280470484	0.6501390041784475	-0.07392023346425948	1.6367634380493874	0.29500694982958653	-0.3895827149095081	0.06308706282404078	0.20600100973206392	-0.3866978999309328	-1.0475751010407168	-0.09258332729252351	0.07588857240791642	1.42284998433574	-0.010928568215851229	0.6674105651235654	0.3795940379376212	-0.11366112220417181	-0.052057694492862454	-1.0595669207433476	-0.4810123269685387	-0.6957920728733515	0.7955969320861898	-0.9435540787501796	-0.08509249797665756	0.00935304766302114	-0.8223422028151988	-0.5343694603878809	0.6554155693604864	0.4091013483358472	0.6256335384529348	0.5861371453072811	0.22475267577497599	0.7485978838018149	0.07942090713824952	0.25835160657327866	-0.7318694235920229	-0.20206101261518045	0.3122377622821806	-0.5127399824200876	0.6483281762198683	1.4405161618147926	-0.9365689396202881	0.5475584754872865	0.12129816469175729	-0.9962148577627066	0.12890288428635904	0.8436422029659253	0.6234858266540758	-0.6975992562176337	-0.1764600472597932	-0.6369063509550879	0.8043254198424811	1.1801096087831586	0.06406646672313977	0.8157535449263058	-0.3082599895814394	-0.327919950193479
DTXSID8041246	16.03238455149495	-9.924344408391491	10.510139525940378	-11.80393148994255	-6.843558367789748	-0.9112794806504014	0.7026575924196133	0.27443275925039884	-2.387013578850358	-2.030014616167198	-1.7880510984493156	-1.3506576183444592	-4.8406483825232005	-0.41553023748241513	1.327935854737327	-1.9080919098998672	1.5924553195699453	0.1285657672152367	2.212357447569524	0.46812987114380705	-1.4562599611346496	1.2102099268226194	-0.5988462223748262	-0.4146413827256265	-0.15492995164116669	2.601193499197028	-1.5648536422619257	-0.024425057009481395	0.36348953149244667	-0.3568252866407197	-0.7134477704758526	0.03253361780785268	-1.2085947106346804	1.1177105407688464	-0.8831395091871084	-1.1296391571904398	-0.60481023775775	0.41665320673756573	-0.28540433664116927	1.0023574940174682	-0.08553899705829332	0.16601052579670805	-1.936210118481957	-0.16110637958182658	-0.3092155219611138	0.18142450883234854	0.4689312502031672	-0.32959850349657377	-0.07830542599376619	-0.8904886472169191	-0.9345570852185286	0.8131012023024032	0.2667579406077926	0.7516262969489516	0.6915798105022917	-0.8424289514999617	-0.43267125189198347	-0.4709399912668078	0.25787817138893315	0.3227309308167834	-0.4113875548960876	-1.1964322038351967	-0.041691183643633965	-0.11168358559818162	0.2709241275015429	-0.17828282005480445	0.4052423202895455	-0.9533042850354673	-0.09427298639702662	0.08314363861637367	-0.03715861268835456	0.2345449322796868	-1.4357876920380632	1.3010824309118514	-0.4295375445786874	0.48559299395882066	-0.016073761195868053	-0.23661881901469686	0.30695692113198053	-0.7456731791805955	0.10499605444273208	-0.3641577633047086	-0.44259529532745395	1.1633537109068541	0.2195815231353596	-0.5111255646918693	-0.013552935685618342	-0.44681279605996477	-0.43135184948513416	0.006845213305255541	-0.011371853690008817	-0.3166411629095683	0.8111616736480164	0.5154755071446927	0.8139922813224896	0.5205535533614938	-0.06408547588309053	-0.4364494143826659	0.009332870941423627	0.31163191892473674
DTXSID8044416	17.03791471841065	-6.969740994927468	10.468344330331224	-11.566368214307616	-6.576154821184847	1.9370489728357483	-0.992625448442902	1.763537433908064	1.0568803184733666	-1.827602587047422	-2.295582042367672	0.48869288894996227	-4.624487263189941	-0.6057254945088603	1.726605318840812	-2.2946438307594335	0.11547086499368715	-0.9576521711730356	0.6918720560351125	0.5249298969498981	-0.957355175313064	2.2711905115970468	0.18621503422868677	0.359428212018219	0.24697126660456617	-0.031337152056630124	-0.12101274372715588	0.564376170130704	-0.542777067998858	-1.6931067003005622	0.05202320982238849	-1.5889587571640233	-0.5908463288540711	0.3867177800784687	-1.0965353008051668	-0.6395271115978288	-0.5505261074087326	-0.6918670804744955	-0.1681984717759467	1.0594821857960788	-1.3042237851930292	1.0024715517059062	-0.7207527383906865	0.18394880846228032	0.26267885287967174	1.0094665440393127	-1.4606519458925147	-0.22812420906709818	-0.05566601721664781	-0.221816803449687	0.9494771911137447	0.4196798680945999	1.0912922916349288	0.31576056616611514	0.4531372510943078	0.3220901728902309	0.33666045697413827	-0.3445492551325796	0.04947771944181055	-1.016623501212842	-0.5241687914590776	0.02644115216257486	0.7267353570909358	0.36925602946353203	-0.8500309543601292	0.4772122218281256	-0.030967000769061566	0.445439616114676	-0.626697007075533	0.30690187932513824	-0.414312059255442	-0.40555773631709274	-0.34578505407377175	0.9028032583048081	-0.28692870837078444	0.13530100906149758	-1.053158759727079	1.0126688534557842	0.40027771434536175	-0.6373009449270701	-0.10414992525846861	-0.2945883638071774	-0.42147410546764574	-0.2957375958252798	0.3096851301845539	0.6147122620471228	0.03016776539337017	0.4369514981527035	-1.023069841039705	-0.9800739607377912	-0.7548473508139828	-0.38213473508479934	-0.4009177693887906	0.49201382316819753	-0.39701181604185876	0.007096131056476147	-0.13317153015228644	0.05183926184452459	0.9366595181196511	-0.018186167859449726
DTXSID9020160	-19.93193228640513	-9.1347237850172	0.9534863656021458	4.533320890840144	0.4850713078368785	-1.2977621123265017	3.776914353705144	2.504719142330957	-1.001901867302948	-2.160721331078154	-1.0468815678306833	3.179645747447357	3.124966620546989	-2.1456218942685963	-3.948332740075978	-2.5629398659237888	1.4820169581660425	-1.6991301709201816	0.35651435704500267	1.1563153648949729	0.3507144729880186	0.6644239576965711	-2.0398322714470267	0.6082889548899221	-2.2837708383970625	0.0562716025561647	0.4432651875340389	-1.3486305523424902	-0.9696306349612929	0.8722430413238113	-0.0407636638849055	1.0998915438035055	1.5594929491751568	-0.3372243228151664	-0.032180169875767356	0.18489115399716533	-0.13004452966540397	-1.0926776427783307	0.6871096517116341	-1.4845432186516072	1.1016768904271417	-0.5899043812234259	0.2618243089894323	0.656321752556696	-0.07426766048779486	-0.19165510104099204	-0.8887905911689084	0.7676086953883846	0.35378099290552817	-0.11666698164435998	0.08869851290294736	0.5153276557534988	-0.72096308046501	-0.13018860120271822	-0.5584481391224325	1.5033872455229038	-0.4780547058383333	-0.46649501125903037	0.18993334111359722	-0.26396694645516516	-0.5783856109688241	0.14233382770013006	-0.003677746747889057	0.344937011206975	0.8716925995782291	-0.40081267219594596	-0.5420930562070582	0.6992762898236029	1.0638028912255424	0.37288267573990064	-0.7657843267969116	0.7421165468595707	0.28042425603129256	-0.43122375086461207	-0.5377977777220972	-0.47419526747885327	0.006722035798168057	0.4327788319414502	-0.2758790488948002	-0.5911537781737721	0.13814247933155543	0.7091911269218836	-0.36997143501187596	1.2690508868284933	0.022593111375199638	-0.6283956610627371	-1.2385978684639967	0.16048792698021688	0.6466823587706606	-0.9190522250984086	-0.13628666436643438	-0.9177918730810531	0.7420491411723008	0.6993817618832574	-0.48337604854374017	-0.313633855155273	0.8410116112610341	-0.09666158640449712	0.3656685397762901	-0.5936967200909797
DTXSID9020407	-1.7190993918487765	6.439369054302119	16.74882803827274	-1.8535463149963638	0.7159665850268861	-3.730691461577843	3.564461169555163	-1.038105235270197	5.324036355770371	1.5955887302567584	3.1310764326493503	-1.6074410762343516	6.503997506330022	-2.7359762986601295	-0.9382699118189393	2.580887409911884	0.06181070260609197	1.4748898959641987	-0.2678951654400003	-0.31106890311764007	-0.7945918183252925	-0.35940775045947004	-1.7998649439898018	-0.2768316190475074	-0.4575283913604418	0.7142540753007526	2.4876645522529794	0.9977600339999178	0.04349195224798803	0.6827563489397238	-0.8017804877366626	0.08787961935479109	-0.3571865083630834	0.9311290396779908	-0.1617297576830479	-0.357526682158082	-0.024765213415574982	-1.202792511113252	1.4636554207037111	-0.4881458653838384	1.063839178144019	-0.3354214698937889	-0.7824154972144748	-0.9622504157325684	0.18137137928709257	-1.4572378650046405	-0.12136724217898628	-0.4590534220912919	0.912643791010408	0.36786182366364734	-0.5190536400082705	-0.40602119934812414	1.9793035376182588	-1.333931119264878	-0.2050907383298196	-0.02880307568800941	-0.5971648692721112	-0.7575026492782979	1.9936851093704189	0.8593514533480392	1.1263968224293441	0.04591200584241123	-0.24974228505670565	0.24892882740500738	0.5540417430137354	1.1726746457650459	-0.027276038765607857	-0.7273656474534183	-0.53106086196408	-1.1848591109591313	-0.7694771472178955	0.410707023368368	-0.6759074128473188	-0.5688160318857981	0.097700960032391	0.010953154155524922	1.4679378853690155	-0.2377850210803533	-0.2082058883068977	-0.7161156776228014	0.2835553539741283	0.39333603968919245	0.14320547550508347	-0.6894922155885983	-0.9940934973339183	-0.9042530792790608	-1.5043927571961755	-0.3327816689898278	0.14368839124131916	-0.6024433136116358	0.20688101505883175	0.8677716477605262	-0.10091463528436352	-0.7401575652931603	-0.17989390271205488	1.216899346571795	-0.8747157421444356	-0.4528201550191563	0.41035264103508384	-0.16615043144096844
DTXSID9022100	21.082345192912136	-4.072207395135761	-8.793360505863788	-5.2317536215411895	-4.110299513069676	2.701711151560906	-3.4046826026509347	3.877241147823246	0.015657331858738074	1.0698218398491908	-0.8792404759383775	-0.8060637697135687	0.03818455933676559	0.2260027248290949	-3.355993106283629	-0.7297931324574194	0.8622038630172426	-1.7425301117624572	0.7059389165817035	-1.6968230717257555	1.5381386527286087	1.3273955063096858	0.5367439611332044	0.5024401788524461	0.38036445924827483	-0.47264468464662013	1.079502876241974	0.8541682426648716	0.8389286903372654	1.121074913593274	0.322044436406148	-0.28353188465798385	-0.975293323837906	-0.1967691179615905	-0.4519066211163355	-1.3553060853094696	0.08955003108958687	-0.9611949832394714	-0.5567620984624281	-1.0512994855361892	-1.6627162320079083	0.2706623986033331	-0.40112603527071694	-0.19804865068206914	0.5267988022169322	0.254790318115913	0.02462892830675837	0.6800609182958443	-0.3402007882399947	1.2868476837166543	0.15897634427556026	-0.551854901869521	0.3551358858708015	0.4239396541258933	-0.18514318841208352	-0.371522213691765	0.4397714455810864	0.9151360365857657	-0.3317317483147414	0.263143299267929	0.4047966588899201	-0.114046335061222	-0.23732973668629917	0.18423332291067138	-0.229335238245308	-0.9013780595445644	-0.6546465047675772	-1.3398865274966791	-0.909718707660799	0.2881719888897471	0.05232355997931594	0.7201079249024261	0.44011165595941304	-0.5678452990894529	-0.3767999561579213	-0.0003092757231664938	-0.7025293499255763	0.884116418713085	-1.179376243253229	-0.38965784712835805	0.6805486029394473	-0.8421089091869739	0.44019316031407196	0.28937189709251715	-1.5390697533717737	0.7209122156870836	-0.2760065678580208	0.9595958974588574	0.7830938423790529	-0.08907509950652794	1.3837499643325044	0.3116699396974502	0.8970197450376034	-0.3365214910246619	0.7114090201227017	-0.1793366638928134	0.37392104992907416	-0.5904556734007446	0.4112821030173558	0.618080843720032
DTXSID9022364	-11.853096618722228	-29.477598471290825	1.0008563694458157	5.372615288142574	0.03972428963963733	0.152359232429997	0.07674662854865107	-3.6797164830680735	-1.8145969544006457	0.7405254850997482	-2.314278595737219	-1.3625462119850282	0.6150849948940635	-0.9050595866784321	-0.1396480682478299	1.3281030464338452	-0.8181445563706973	0.6782822313327793	0.9079222563007933	-0.36453662169473217	-1.5076714640844318	-0.8634258340558268	0.5781320568425216	0.5522840005786168	0.6212783888096164	0.1520248012082424	1.034557292030639	0.3896169667444276	0.9979539555838239	1.2686367549332822	0.1969955163205898	-0.005680789170937705	-1.0382533429481935	-0.06315948083340757	0.35229776261439694	0.14994287190317254	-0.14135709847986458	-0.2455693666949211	0.4783575324585878	-0.11361782905808454	0.2875102109369963	0.9521370640392938	-0.0599257252268054	-0.15692713764419083	0.5477634342090737	-0.5745404083716226	0.4850527616043315	0.2569956302999609	-0.5227743140421949	0.41596563183854957	0.7154670144576892	-0.37035100092562134	-0.09705803578439061	-0.20103938891217413	0.4306842606764326	0.252085255600103	-0.8015775410867336	-1.1851892883989181	0.4077623105146121	0.21006357866345268	-0.05533656315674814	0.030589480604255672	0.13351522350793438	-1.0599941333589509	0.3391626441966353	-0.1397325758915825	0.08880501316482724	0.5890692346188511	0.13660390191281213	1.1251198197992822	0.04482922265518448	0.23707091062823843	0.390797050271912	0.533288681415732	-0.7472301217703355	0.3257942446907827	-0.31495266688226536	0.3516386533137827	-0.2415351079197466	0.13239429671102657	-0.13169954147187837	-0.11404625570684178	-0.0024200053030565024	0.1295396357665996	-0.11964947779512354	0.1806227974696784	-0.9405596519651321	0.19690495092893298	0.8731641007329074	0.06434012253530554	0.24611173301993752	-0.0043887818098093745	-0.1963726257713106	0.15177843817179115	-0.5444210943385923	0.8795907712464934	-0.4010710365988185	0.8308653949887448	1.4526768897937952	-0.5910313701673522
DTXSID9022366	-12.907795658453107	-27.61497581417618	0.24053058497575674	3.393173832260074	0.6269059933524139	0.21671160571780268	0.11038768741088274	-3.7008365976002717	0.7957282824981993	0.0474501701013814	-2.035099630409025	-1.9459228313363395	0.5820266655399738	1.1167335993466365	0.16700144843936576	0.8256469898395129	-0.39926001008683304	0.2701105644008444	-1.393463303413569	-0.10273933444767751	1.0057262956334567	2.1424991366687767	-0.9691473887264884	0.2824332791558835	0.3606222273603309	0.7003755268925126	0.9272095747458912	0.3403426687581578	0.1086256556738234	0.5442572506627035	0.3767101120038612	-0.4814530100914376	-0.25707697662585893	-0.1777411890507676	0.5485010125184258	-0.09478390433287097	-0.1124153983372177	-1.0690470393440832	0.20644012670594244	-0.2657948862575461	0.18176452798744427	-0.10947967707780915	0.9601791534935948	0.29180067021045825	-0.003536089897166686	-0.08238741383752977	0.30957428958043237	0.2509130354127838	-0.7797922090023184	1.1151689862847696	-0.7795978021623637	1.2737633285850456	-0.03313758911353283	0.8274963839327576	-0.7776513133251126	-0.17758772701456468	0.6401525632937406	-0.4590412786606026	0.3237735169212904	-0.0300233603374251	0.12479978637176398	0.3594877282728337	-0.1992905962036292	-0.6210171867454933	-0.9117293254393443	-0.005865491524130625	0.12065526804822267	-0.38061457165917895	0.16569401350874835	0.46663546014551893	0.016665602661733517	-0.06890395707208026	1.1820167578003313	0.3484643992161265	-0.6428310589383743	0.28440175886753105	0.4247857182198103	-0.1384155104086164	0.21317752032718304	-0.11118936686321794	-0.37020180341133735	0.5237752001904933	0.07214853941835805	0.3557242869386144	0.052356701033692325	0.709803521432798	-0.10653829191424738	-0.5418527628248234	0.6219867976088228	0.16498964532421875	0.22575977996205623	0.7232301326680385	0.1409961892156682	-0.04650957601443261	0.12058158486614247	0.02499413796191317	-0.08494526326867922	-0.3360774398491178	-0.19334146965007376	0.16982942738748344
DTXSID9022526	7.377897277822382	8.4972254665599	-8.273559933972788	3.8859226790643735	-10.779904982282716	3.2091369872055377	-9.708735669695695	2.7534966447824356	5.747017926026325	0.21379734599701133	-1.7005072507945822	-5.260305764309706	1.2038304875051773	0.581821638781178	-1.1428849134826862	0.17707451087230838	-0.4025086821426701	-4.7281352434025425	-0.2394434648454341	-0.9420107793195609	-2.7702049150075365	1.12132774211431	-0.41722343423072766	-1.5162568175755065	-0.07300018638778276	-1.2381223693635317	0.042472553321029956	-0.38734241461993557	-1.3633107764909673	0.5953807957063777	-0.8039766667392609	0.3112533979873052	0.22901323755980058	-0.7735131025965468	-1.8453770322075653	1.4324759562552545	0.7237886052043316	-0.48458745770385137	0.7904946156283323	1.6938706709489306	-0.985349798731959	0.2541154813882671	0.5879274389830158	0.9453744112687859	0.4805634465804376	0.9277575487998764	0.515066608118038	-0.23574872320073137	-0.4793129008898852	-0.3355776244744192	-2.1925022072057354	0.31575781536297015	-1.3680831726628915	-0.23626496743760597	0.183524745973316	0.2654523299510187	-0.6019597928681412	-0.4910137889666421	2.1755184260444485	-0.9658180228403599	-0.2189220648759493	0.6948247359604421	0.21192366452904782	0.2641844943230673	0.5692665800535828	0.15934475108516796	-0.3428008998046555	-1.1516998690084141	-0.5878119304064177	0.6892276180024612	-0.9645804480117672	-0.3394711468794623	-0.07286676994389918	0.23169601246834623	0.3237410681378058	0.12728260436123573	-0.38042295732778714	0.14119640551373022	0.040389849773064125	1.018389635437644	0.5636797019650426	0.18737510534076557	0.6571067156769962	-0.9708857088061192	0.08220572219903789	0.5711989629556106	-0.816522527036379	0.5715925921324373	0.9876517744155684	0.5270011753901377	0.08462914155021922	0.013971643111328418	0.3821472505716243	-0.7858269769216134	-1.553932377027074	0.017574156871959165	0.04898319368990155	-1.0540906834717554	-0.5017603964471125	-0.008468902548707762
DTXSID9022528	16.758364314777424	1.0470519139157388	4.7329758657593155	-3.283654231399588	-4.935535677089913	4.978518627300053	-11.057284403948447	3.3213520324918724	-2.735137686508714	-1.7354290447018792	-1.6917309704138597	0.3514856708256354	0.5011882301126732	0.781473942042673	2.086140533109413	-0.015134157663680007	0.4407527136256105	-4.312690148010274	-0.4115637681324963	-1.1067111355718313	0.3111489685199974	0.030131708657125972	1.4264946803731346	-2.2301111498332293	0.9488659476537453	0.3987370533790861	1.3106899750633607	-1.200368742627381	-0.6099758519991144	0.7277504617159358	-1.2710053622074755	-0.5711075942782778	-1.9000329506333546	0.07862995680155686	-1.7720785496539433	0.368105599972329	-0.667768954746066	-2.2140957453473153	-0.029514469816791362	0.019010426393123	-0.25817432253442774	0.8944428739746366	0.23548047249587256	-1.5484819585049137	-1.414814767162646	-1.4017993509752142	0.6951046818881599	-0.5597841690350384	0.6639531402129302	1.1519461053236777	-2.3542813345441886	-0.015529371946541663	0.6072458238538782	0.26747754096385834	-1.0615947393346232	0.5934748532043016	-0.31059522177851473	-0.14794744965239853	0.20746590849589291	-0.324525943683631	0.7670108369610047	-0.9788302786976557	0.032960298768413505	1.1285533518645634	-0.9065238154094197	0.8060217894200519	-0.5007471496319083	-0.2856124506800217	-0.734882248159947	0.17150785843455188	-0.2593296056920366	-0.07829481230799952	-0.835411826715582	-0.9501745565540227	-0.25414982355054905	1.3929146890119302	0.9435760600195824	0.2739950393639509	-0.1720508336691218	0.5307945519645478	0.9941401690718734	-1.8220624065162758	-0.3961824043226406	0.7860069485517392	0.3585657421351817	-0.448404947086198	-0.4109766134626922	0.2662571892201061	0.911894439862618	0.2957327307256171	0.5407945193998188	-0.3051194204609609	0.016676148599317476	0.30224018413696396	-0.6929259166281638	0.22366930565823998	0.10092796951235873	-0.19011715628657244	0.928443604044163	-0.4605231995501669
DTXSID9025401	4.360717900876486	-3.4027964608466963	20.200419647676206	-4.31723820374195	-7.596363237497744	-2.2525542348033047	-2.6802694840633485	-0.1942044053864945	-3.307923500043119	-0.6587380459336405	-0.4084065634049393	0.08881647388230915	-4.154023150383638	-3.0811220301555977	0.1949247451111473	-2.1395437157125947	0.8947266951972153	-0.21427266040831625	0.8553737820414898	-0.7425871990029789	-0.22888837068829612	-0.23006105538620034	0.3033502176611729	-0.3693691242089216	0.1013447812974957	-0.16397267100727314	1.648090567092769	-1.442594601388849	0.4401233891663251	-0.6280884808577086	0.6643989968385644	-0.6834604429267804	-0.28178552772125603	-1.5447316032625342	-0.8912843562543639	-1.7384491446100778	-0.9767098239888697	0.3702479536128346	1.2641467886340112	1.402142281750937	0.6168596747182931	-0.5184246402581743	2.4954498253960873	-0.4631710954736521	1.157086570479483	0.1380081441806814	1.5442296241246243	-0.3913832662628952	0.8466638538679001	-0.3487118747949411	0.2509611226112337	0.701821735886582	1.1883217846164251	0.5392234038529026	-0.8855470106413416	0.3125287167534071	-0.1880213590207397	0.9744128840587734	1.0509436041656175	0.2332151178343994	0.6212580227111981	0.6923226900909681	0.5246723006990573	0.20582337781695645	1.265492767910263	-0.6650873643292954	0.16513259812556225	-0.10393261094436362	-0.4428879801013147	-0.5106647780593396	1.609886229399965	1.0725730312825328	-0.10880667355049026	-0.5484594888398989	-0.4305671722948709	0.3103968667982119	0.47715161098724457	-0.5590295218360442	0.5840964741058017	-0.014291913562281268	-0.53850438291791	-0.2919761554409799	-1.2608905809153523	0.8664366561116492	0.45747701988933026	-0.28110501452474784	-0.6809054239864288	-0.18318000361790568	-0.22524137207203176	-0.09079761683839073	0.7710194143625198	-0.2634727939177144	-0.4436865635024218	-0.03720189192352207	-0.6340895306275632	-0.45546356569540264	0.06112221030537801	0.42174241749169733	0.6421400054737805	-0.6077186429072827
DTXSID9032533	-5.47952183657557	15.69898531927908	-0.5275500573230468	6.459480104450682	1.6518369404438498	5.386681113990852	3.6929016348298704	-0.9126016490455725	-2.4202671766497974	1.9638143527018315	-5.86030245218597	0.462914159727606	-1.230782640518094	0.9689129971729674	-1.2181163047260082	1.455729176734299	-0.5215290372347474	-1.087945554509359	1.1030080884562599	1.397676910602689	0.9696052378478253	-0.2180596921828509	2.1226823825452863	-1.6269298427791181	-0.7642609288387824	0.6977834516529788	1.5201868217663557	0.17565316867398995	-0.8664907330689893	1.8459691292295644	-1.3332936202391001	1.647485385830352	-0.5263211950882889	-1.645389793532018	0.625502782230535	-0.9424931499480252	-0.4203261597442877	0.8441581039840089	1.723112753760979	-0.8947040722209954	-0.5730321891369496	-1.0075758438671492	0.04384644553493023	-1.5185875999390608	-1.744178697481568	-0.5652650243355253	-0.6921138835831553	0.7769579446369521	-0.32300682270108144	0.276361164760157	1.1973208027944684	0.46104641628968396	0.915795776424383	-0.24079276807386044	-1.5339754272786348	-1.0183860096244044	-1.9006596707204075	-1.214198217171369	-1.0077947955516868	1.9656487966868963	-1.232430016170976	0.7958162049320219	1.1930415965132601	-1.1285413092768894	-0.19742983381853027	0.009693473042489468	-0.3979867134861155	0.1164636402325423	-0.3977628606027007	0.041659863098988476	-0.18020945033285038	-0.04375740988370254	1.7340138075732912	-1.275120281235896	0.155417095277384	-0.39262450211491845	1.316458014246477	-0.07535998025891746	-0.28242801986286353	-0.5642238540210092	-0.6943731331957649	-1.0652953350043706	0.43107057993816644	0.08777420846819914	0.8947360168516209	0.37468519457446303	-0.7729717411380626	0.18610803497783232	2.561654852920202	0.01308097929254474	-0.34017995783780863	0.0787572745975146	0.5441359592941939	0.6600143587902125	0.35879092823492487	0.21712240074362743	-0.2917959422321361	0.014928581726823471	-1.4178938437725201	0.3189915626987069
DTXSID9037539	-14.07059685156241	-20.38012506386525	4.493325498408135	9.163097421573077	-0.019880690673969557	3.20908694812236	3.2107518598209754	-4.298376446726074	0.3426614075105434	-0.5843184036686583	-1.7025830838649818	0.6897933837433806	-0.5999844885011258	0.7141154778872475	-1.3063221913334613	-1.4673656970961244	-0.6640904565735501	-0.07563368905020255	-0.6675826003112989	1.1345720934069614	1.7604800185605367	1.3761325652215222	-1.6728651614730317	2.7960401691042023	0.8537174779719493	0.9386000863569017	0.8392057714407498	-1.4525104235037527	2.2542719619794864	0.3331239216142974	-0.39854853511488636	1.0039359928028946	0.17484763070067613	1.4747595979455923	0.891739215703713	0.2731542307369059	1.1642839480679932	0.8714070026587185	-1.6482031588473316	0.2646461517873073	0.4055267407787626	0.2207603512219211	0.6654249764110065	-0.3840165947054681	0.49994925897631703	-0.041025654685440054	0.6131839585367009	0.3354918597990215	0.39023014987419385	-0.8841001982498454	0.5141859860349415	0.3584676362276105	-1.1659474757818074	-0.7324096148162331	1.191911699274275	0.8787122648244193	-1.1252330971295428	-0.6226948960040397	0.2722876554380531	-0.9379015475524625	-0.29544729753861176	0.7709217011282756	-0.09091522378539511	1.0068559761086213	-0.5810219919048998	-1.1532256937975054	0.20369934419817692	0.084923390380649	0.01678044105421649	-0.15150340204579996	-0.23070402124464898	0.7899058617160171	-0.17081072482535797	-0.05758360561735653	-0.6761250462521616	0.5958412924402001	1.0555577212948926	-0.4801190832243949	-0.04934617063230689	0.0587385775639227	-0.2303134337870388	0.10228842798285799	-1.0782516268397548	0.7330423986592	-1.0663787450508706	0.058311719213861316	0.15778059602269068	-0.14212985356284902	0.04903662781788198	0.8072448117748884	0.0008193079023891537	0.606140846245285	-0.8842212702372125	0.16933613339212505	-0.49667808490228027	0.05883188431107815	-0.5219567067722475	-0.5761849587215743	-0.2339345567480113	-0.38169841330981025
DTXSID9042209	12.645599733064916	-10.433465910036798	8.922088395916813	-12.632495598642521	-7.898624988995101	-6.53113776410255	2.175429164567401	-0.2725996696760625	-0.3006253114803712	-1.628766941826461	-1.9246696773474747	-2.368316107739822	-4.941935346468829	-0.5431795597944175	-0.11598257209551235	-2.552827487010479	2.3204745744501376	1.5293955979564682	3.1150573984090446	-1.5746751984972136	0.8508642920100018	2.357709738305442	-0.5218469842008637	0.7961348818147925	-2.137478967698442	0.1697535636414123	0.7155696670794698	1.6122337868657082	0.5495293658484547	-1.1597028639042624	0.27555218551035027	0.4093414378192581	1.3184177499807481	0.19365783772494555	0.10557900718772176	0.2990794017900033	0.532584767498199	0.5955294593814445	0.6328282764303111	1.2542674724935745	-0.279852955033465	-0.04568263822447998	-0.6330392925323416	1.1320734471869094	0.07472647457970095	0.6869389369928022	-2.8450061854004316	0.8206562393059476	0.14220654064009888	0.3185072843751358	0.37378194555404476	0.20812702968073632	-0.2717957962183299	0.8324297558264507	-0.9891471269215192	0.2582071853252148	-0.38584499414412143	0.5512985869644074	0.5899820240970832	0.9812138285198189	1.6016587636322368	-0.47111671506850594	0.612998381828491	-0.6733784635063391	-0.4441584977326285	0.7640611814113367	-0.5159117137652866	1.0911839750964434	0.6075872507697428	-0.850524302639031	-0.5762804415769773	-0.6491677059490559	0.9279359297641253	0.995613248992679	0.0456011758035816	0.36322585665181384	-0.43231242670725883	0.8901869387908713	0.29362022236624374	-0.21661787260942272	-0.48849851919442266	-0.22738568617001115	0.5217988266283747	0.47188566505757124	1.0535913696948778	-0.019550946761568645	-0.2525557686824226	0.10692223089122342	-0.45314629245700194	0.12762777920012414	-0.5550782498124633	0.4044773463094739	1.4338350202333863	-0.34153695702088893	-0.940076008939863	-0.4777041411389367	0.7586581208559374	0.5705839244087396	0.12665615390546056	-0.2228717689858504
DTXSID9044164	18.96116615407475	-2.6374264110747934	-7.756403463683376	-4.824678236668764	-7.84597736381871	-1.4031612636040918	-3.682415067058195	3.3528492213068715	-0.07134575403036114	1.9914348695871238	0.12860447312091938	-4.117143403502767	-0.621057800339456	1.159911320938026	-2.7659948762170323	-0.6615460057382089	3.699153979280522	-0.9576749071150797	0.0935844930007962	-1.1892988405226617	1.7304669541288242	1.409271123602016	-0.22992523619557928	0.030952931560166156	-1.231097520197202	-0.11055335053335141	1.4642144227226455	0.776381906567983	-0.46846018544007473	0.30277932695289156	1.2522701366307805	-0.6558509365637418	-1.9740783006613978	0.025711055281289735	-0.5450648833128569	-0.4391639260054791	-0.8123400961771065	-1.94127651448961	-0.667508144534283	-1.0006551557601935	-2.1299547515648323	0.4617417420794242	-0.9695523751051572	0.28538487470226315	1.703520934771784	-0.14856803461791834	-0.1061132544584758	-0.457899717821841	-0.12356132950488014	1.0608641955970133	-0.6338712617088639	-0.9404208964224609	0.33352680162087467	0.5326374011547467	-0.088331595584352	0.10513497541397313	0.777643577131614	-0.1174577726071988	-1.2741108400342873	0.2598349939679504	-0.23056083099925506	0.3273698095692989	0.5861885433569787	0.06789464974268775	-0.5833367813682755	-0.31471834124813575	0.3803493147622125	-0.2826854233390683	0.13489537665320905	0.8369670359994222	-0.20283090408607113	-0.11059058244895144	0.8305702335471244	0.08437257584510391	-0.7418247071041429	-0.19253236413626426	0.04931205665214326	-0.14928387682982755	-0.8774882395312614	-0.07149862828750014	0.023968665877765045	0.012653918871345269	0.7058327090100562	0.749610717747268	-0.5763953842639034	0.8910452847753539	0.7096968988029811	0.3995107371433689	0.5207582585925854	0.5530482608881399	-1.0434234620352323	-0.7783486248957264	0.46301818874005274	-0.795923600041374	-0.06194904993640169	0.6607867086442817	-0.6045761817315702	-0.1679434741500477	0.5245498531414575	0.6359086906790411
