compound	predicted	actual
DTXSID0020020	1	0
DTXSID0020105	1	0
DTXSID0020072	1	0
DTXSID0020076	1	0
DTXSID0020238	1	0
DTXSID0020107	1	0
DTXSID0020151	1	0
DTXSID0020288	1	0
DTXSID0020311	1	0
DTXSID0020155	1	0
DTXSID0020157	1	0
DTXSID0020232	1	0
DTXSID0020361	1	0
DTXSID0020363	1	0
DTXSID0020365	1	0
DTXSID0020319	1	1
DTXSID0020446	1	0
DTXSID0020153	1	0
DTXSID0020282	1	0
DTXSID0020284	1	0
DTXSID0020286	1	0
DTXSID0020369	1	0
DTXSID0020442	1	0
DTXSID0020444	1	0
DTXSID0022307	1	0
DTXSID0024341	1	0
DTXSID0026171	1	0
DTXSID0027983	1	0
DTXSID0027856	1	0
DTXSID0027858	1	0
DTXSID0027852	1	0
DTXSID0027933	1	0
DTXSID1025934	1	0
DTXSID1027390	1	0
DTXSID1027924	1	0
DTXSID1027899	1	0
DTXSID1027926	1	0
DTXSID2021446	1	0
DTXSID2025216	1	0
DTXSID2027381	1	0
DTXSID2028723	1	0
DTXSID2044894	1	0
DTXSID3024364	1	0
DTXSID3024861	1	0
DTXSID3025465	1	0
DTXSID3026302	1	0
DTXSID3032412	1	0
DTXSID3039240	1	0
DTXSID3046902	1	0
DTXSID3046742	1	0
DTXSID4020115	1	1
DTXSID4021391	1	0
DTXSID4022521	1	0
DTXSID4024858	1	0
DTXSID4025082	1	0
DTXSID4027866	1	0
DTXSID4035708	1	0
DTXSID4047707	1	0
DTXSID4049408	1	0
DTXSID5027932	1	0
DTXSID5041302	1	0
DTXSID5046013	1	1
DTXSID6024701	1	0
DTXSID6026292	1	0
DTXSID6027921	1	0
DTXSID6027925	1	0
DTXSID6046896	1	0
DTXSID7020215	1	0
DTXSID7025130	1	0
DTXSID7026314	1	1
DTXSID7027386	1	0
DTXSID7027388	1	0
DTXSID7027837	1	0
DTXSID7041708	1	0
DTXSID8025466	1	0
DTXSID8027377	1	0
DTXSID8046878	1	0
DTXSID8047470	1	0
DTXSID9020794	1	0
DTXSID9023833	1	0
DTXSID9026267	1	0
DTXSID9027863	1	0
DTXSID0020498	1	0
DTXSID0020440	1	0
DTXSID0020527	1	0
DTXSID0020573	1	1
DTXSID0020604	1	0
DTXSID0020575	1	0
DTXSID0020577	1	0
DTXSID0020602	1	0
DTXSID0020650	1	0
DTXSID0020652	1	0
DTXSID0020737	1	0
DTXSID0020810	1	0
DTXSID0020656	1	0
DTXSID0020733	1	0
DTXSID0020814	1	1
DTXSID0020862	1	0
DTXSID0021040	1	0
DTXSID0020941	1	0
DTXSID0021094	1	0
DTXSID0021096	1	0
DTXSID0021125	1	1
DTXSID0021121	1	0
DTXSID0021123	1	0
DTXSID0021127	1	1
DTXSID0021129	1	0
DTXSID0021179	1	0
DTXSID0021254	1	0
DTXSID0021256	1	0
DTXSID0021258	1	0
DTXSID0021331	1	0
DTXSID0021385	1	1
DTXSID0021387	1	0
DTXSID0021337	1	0
DTXSID0021339	1	0
DTXSID0021418	1	0
DTXSID0021460	1	1
DTXSID0021410	1	0
DTXSID0021414	1	0
DTXSID0021672	1	0
DTXSID0021709	1	0
DTXSID0021626	1	0
DTXSID0021757	1	0
DTXSID0021965	1	0
DTXSID0021961	1	0
DTXSID0021969	1	0
DTXSID0022305	1	0
DTXSID0022193	1	0
DTXSID0022220	1	0
DTXSID0022353	1	0
DTXSID0022301	1	0
DTXSID0022014	1	0
DTXSID0022016	1	0
DTXSID0022640	1	0
DTXSID0022191	1	0
DTXSID0022644	1	0
DTXSID0022563	1	0
DTXSID0022565	1	0
DTXSID0022569	1	1
DTXSID0022432	1	0
DTXSID0022480	1	0
DTXSID0022436	1	0
DTXSID0022519	1	0
DTXSID0023032	1	0
DTXSID0022935	1	0
DTXSID0023036	1	0
DTXSID0023113	1	0
DTXSID0023038	1	0
DTXSID0022690	1	0
DTXSID0022692	1	1
DTXSID0022721	1	0
DTXSID0022725	1	1
DTXSID0022727	1	0
DTXSID0022858	1	0
DTXSID0022933	1	1
DTXSID0023030	1	1
DTXSID0022777	1	0
DTXSID0022800	1	0
DTXSID0023084	1	0
DTXSID0023163	1	0
DTXSID0023169	1	0
DTXSID0023240	1	0
DTXSID0023298	1	0
DTXSID0023325	1	0
DTXSID0023329	1	0
DTXSID0023292	1	0
DTXSID0023294	1	1
DTXSID0023296	1	0
DTXSID0023371	1	1
DTXSID0023589	1	0
DTXSID0023612	1	0
DTXSID0023373	1	1
DTXSID0023743	1	0
DTXSID0023377	1	0
DTXSID0023616	1	0
DTXSID0023618	1	0
DTXSID0023533	1	0
DTXSID0023581	1	1
DTXSID0023458	1	0
DTXSID0023660	1	1
DTXSID0023747	1	0
DTXSID0023749	1	0
DTXSID0023587	1	0
DTXSID0023826	1	0
DTXSID0023870	1	0
DTXSID0023878	1	0
DTXSID0023901	1	0
DTXSID0023907	1	0
DTXSID0023909	1	0
DTXSID0023951	1	0
DTXSID0024052	1	0
DTXSID0024000	1	0
DTXSID0024266	1	0
DTXSID0024002	1	0
DTXSID0024216	1	0
DTXSID0024507	1	0
DTXSID0024345	1	0
DTXSID0024470	1	0
DTXSID0024474	1	0
DTXSID0024478	1	0
DTXSID0024501	1	0
DTXSID0024503	1	0
DTXSID0024505	1	0
DTXSID0024397	1	0
DTXSID0024509	1	0
DTXSID0024559	1	0
DTXSID0024638	1	0
DTXSID0024715	1	0
DTXSID0024761	1	0
DTXSID0024971	1	0
DTXSID0024977	1	0
DTXSID0024979	1	0
DTXSID0025367	1	0
DTXSID0025286	1	0
DTXSID0025315	1	0
DTXSID0025070	1	0
DTXSID0025074	1	0
DTXSID0025078	1	0
DTXSID0025234	1	1
DTXSID0025440	1	0
DTXSID0024890	1	0
DTXSID0024896	1	0
DTXSID0025494	1	0
DTXSID0025523	1	0
DTXSID0024921	1	0
DTXSID0024923	1	0
DTXSID0025812	1	1
DTXSID0025527	1	1
DTXSID0025571	1	0
DTXSID0025600	1	0
DTXSID0025814	1	0
DTXSID0025654	1	0
DTXSID0025818	1	0
DTXSID0025997	1	0
DTXSID0025862	1	0
DTXSID0025864	1	0
DTXSID0025866	1	0
DTXSID0025991	1	0
DTXSID0026173	1	0
DTXSID0026125	1	0
DTXSID0026208	1	0
DTXSID0026258	1	0
DTXSID0026701	1	0
DTXSID0026339	1	0
DTXSID0026888	1	0
DTXSID0026547	1	0
DTXSID0026252	1	0
DTXSID0027143	1	0
DTXSID0026967	1	0
DTXSID0027222	1	0
DTXSID0027438	1	0
DTXSID0027301	1	0
DTXSID0027436	1	0
DTXSID0027515	1	0
DTXSID0027771	1	1
DTXSID0027721	1	0
DTXSID0027802	1	0
DTXSID0027981	1	0
DTXSID0027806	1	0
DTXSID0028038	1	1
DTXSID0029218	1	0
DTXSID0029260	1	0
DTXSID0029133	1	0
DTXSID0029187	1	0
DTXSID0029688	1	0
DTXSID0029761	1	0
DTXSID0029262	1	0
DTXSID0029559	1	0
DTXSID0030162	1	0
DTXSID0030588	1	0
DTXSID0032029	1	0
DTXSID0032077	1	0
DTXSID0032316	1	0
DTXSID0032493	1	0
DTXSID0032497	1	0
DTXSID0032520	1	0
DTXSID0032601	1	0
DTXSID0032572	1	1
DTXSID0032605	1	0
DTXSID0032651	1	0
DTXSID0032655	1	0
DTXSID0033047	1	0
DTXSID0033332	1	0
DTXSID0033334	1	0
DTXSID0033382	1	1
DTXSID0034229	1	0
DTXSID0034192	1	1
DTXSID0033960	1	0
DTXSID0034227	1	0
DTXSID0034223	1	0
DTXSID0034300	1	0
DTXSID0034518	1	0
DTXSID0034803	1	0
DTXSID0034930	1	0
DTXSID0034936	1	0
DTXSID0035160	1	0
DTXSID0034855	1	0
DTXSID0035748	1	0
DTXSID0034722	1	0
DTXSID0034776	1	0
DTXSID0036508	1	1
DTXSID0036760	1	0
DTXSID0037023	1	0
DTXSID0037522	1	0
DTXSID0037570	1	0
DTXSID0037576	1	0
DTXSID0037730	1	1
DTXSID0037734	1	0
DTXSID0038881	1	0
DTXSID0038756	1	0
DTXSID0038887	1	1
DTXSID0039227	1	0
DTXSID0040676	1	0
DTXSID0040127	1	0
DTXSID0040129	1	0
DTXSID0040678	1	0
DTXSID0040599	1	1
DTXSID0040464	1	0
DTXSID0040547	1	0
DTXSID0040620	1	0
DTXSID0040622	1	0
DTXSID0040705	1	0
DTXSID0040707	1	0
DTXSID0040703	1	0
DTXSID0037231	1	0
DTXSID0037493	1	0
DTXSID0040208	1	0
DTXSID0037495	1	0
DTXSID0040751	1	0
DTXSID0037237	1	0
DTXSID0040672	1	0
DTXSID0040674	1	0
DTXSID0040757	1	0
DTXSID0040965	1	0
DTXSID0041274	1	1
DTXSID0041220	1	0
DTXSID0041141	1	0
DTXSID0041359	1	0
DTXSID0041513	1	0
DTXSID0041698	1	0
DTXSID0041517	1	0
DTXSID0041985	1	0
DTXSID0041646	1	0
DTXSID0041987	1	0
DTXSID0042086	1	0
DTXSID0042169	1	0
DTXSID0042080	1	0
DTXSID0042242	1	0
DTXSID0042167	1	0
DTXSID0042084	1	0
DTXSID0042244	1	0
DTXSID0042248	1	1
DTXSID0042325	1	0
DTXSID0042400	1	0
DTXSID0042379	1	0
DTXSID0042406	1	0
DTXSID0043896	1	0
DTXSID0044024	1	0
DTXSID0042583	1	0
DTXSID0044107	1	0
DTXSID0042612	1	0
DTXSID0042614	1	0
DTXSID0044236	1	0
DTXSID0042618	1	0
DTXSID0044288	1	0
DTXSID0043763	1	0
DTXSID0043765	1	1
DTXSID0044280	1	0
DTXSID0043892	1	0
DTXSID0044315	1	0
DTXSID0042668	1	0
DTXSID0044446	1	0
DTXSID0044490	1	0
DTXSID0044494	1	0
DTXSID0044496	1	0
DTXSID0044440	1	0
DTXSID0044521	1	0
DTXSID0044523	1	0
DTXSID0044600	1	0
DTXSID0044525	1	1
DTXSID0044654	1	0
DTXSID0044656	1	0
DTXSID0044606	1	0
DTXSID0044658	1	1
DTXSID0044571	1	0
DTXSID0044731	1	0
DTXSID0044577	1	0
DTXSID0044573	1	0
DTXSID0044860	1	0
DTXSID0044735	1	0
DTXSID0044785	1	0
DTXSID0044868	1	0
DTXSID0044787	1	0
DTXSID0044941	1	0
DTXSID0044781	1	1
DTXSID0044947	1	0
DTXSID0044997	1	0
DTXSID0044999	1	0
DTXSID0045090	1	0
DTXSID0045094	1	0
DTXSID0045096	1	0
DTXSID0045125	1	0
DTXSID0045127	1	0
DTXSID0045171	1	0
DTXSID0045173	1	0
DTXSID0045175	1	0
DTXSID0045208	1	0
DTXSID0045179	1	0
DTXSID0045202	1	0
DTXSID0045383	1	0
DTXSID0045204	1	1
DTXSID0045250	1	0
DTXSID0045252	1	0
DTXSID0045206	1	0
DTXSID0045389	1	0
DTXSID0045410	1	0
DTXSID0045254	1	1
DTXSID0045412	1	0
DTXSID0045414	1	0
DTXSID0045416	1	0
DTXSID0045460	1	0
DTXSID0045670	1	0
DTXSID0045462	1	0
DTXSID0045674	1	0
DTXSID0045464	1	0
DTXSID0045676	1	0
DTXSID0045678	1	1
DTXSID0045701	1	0
DTXSID0045753	1	0
DTXSID0045757	1	0
DTXSID0045759	1	0
DTXSID0045830	1	0
DTXSID0045703	1	0
DTXSID0045705	1	0
DTXSID0045707	1	0
DTXSID0045709	1	0
DTXSID0045838	1	0
DTXSID0045880	1	0
DTXSID0045886	1	0
DTXSID0045888	1	0
DTXSID0045961	1	0
DTXSID0045963	1	0
DTXSID0045965	1	0
DTXSID0045466	1	0
DTXSID0045468	1	0
DTXSID0046010	1	0
DTXSID0046012	1	1
DTXSID0045595	1	0
DTXSID0045597	1	0
DTXSID0045543	1	0
DTXSID0046016	1	0
DTXSID0045545	1	0
DTXSID0045547	1	0
DTXSID0045599	1	0
DTXSID0045624	1	0
DTXSID0045591	1	0
DTXSID0045626	1	0
DTXSID0046060	1	0
DTXSID0046062	1	0
DTXSID0046066	1	0
DTXSID0046143	1	0
DTXSID0046145	1	0
DTXSID0046147	1	0
DTXSID0046191	1	0
DTXSID0046193	1	0
DTXSID0046195	1	0
DTXSID0046197	1	0
DTXSID0046199	1	0
DTXSID0046220	1	0
DTXSID0046222	1	0
DTXSID0046228	1	0
DTXSID0046270	1	0
DTXSID0046272	1	1
DTXSID0046309	1	1
DTXSID0046351	1	0
DTXSID0046353	1	0
DTXSID0046357	1	0
DTXSID0046430	1	1
DTXSID0046432	1	0
DTXSID0046434	1	0
DTXSID0046511	1	0
DTXSID0046274	1	0
DTXSID0046484	1	0
DTXSID0046276	1	0
DTXSID0046486	1	0
DTXSID0046305	1	0
DTXSID0046307	1	0
DTXSID0046488	1	1
DTXSID0046567	1	0
DTXSID0046517	1	0
DTXSID0046569	1	0
DTXSID0046644	1	0
DTXSID0046640	1	0
DTXSID0046646	1	0
DTXSID0046482	1	0
DTXSID0046480	1	0
DTXSID0046648	1	1
DTXSID0046856	1	0
DTXSID0046858	1	0
DTXSID0046804	1	0
DTXSID0047032	1	0
DTXSID0046725	1	0
DTXSID0046727	1	0
DTXSID0046698	1	0
DTXSID0046989	1	0
DTXSID0046850	1	0
DTXSID0046852	1	0
DTXSID0046773	1	0
DTXSID0046777	1	0
DTXSID0046779	1	0
DTXSID0046696	1	0
DTXSID0046800	1	0
DTXSID0046806	1	1
DTXSID0046808	1	1
DTXSID0046642	1	0
DTXSID0046561	1	0
DTXSID0046690	1	0
DTXSID0046692	1	0
DTXSID0046563	1	0
DTXSID0046565	1	0
DTXSID0046721	1	0
DTXSID0047038	1	0
DTXSID0047163	1	0
DTXSID0047080	1	0
DTXSID0047088	1	0
DTXSID0047082	1	0
DTXSID0047165	1	0
DTXSID0047113	1	0
DTXSID0047161	1	0
DTXSID0047084	1	0
DTXSID0047111	1	0
DTXSID0047169	1	0
DTXSID0047244	1	0
DTXSID0047246	1	0
DTXSID0047290	1	0
DTXSID0047248	1	0
DTXSID0047375	1	0
DTXSID0047296	1	0
DTXSID0047292	1	0
DTXSID0047325	1	0
DTXSID0047294	1	0
DTXSID0047327	1	0
DTXSID0047371	1	0
DTXSID0047404	1	0
DTXSID0047406	1	0
DTXSID0047377	1	0
DTXSID0047379	1	1
DTXSID0047456	1	0
DTXSID0047454	1	0
DTXSID0047533	1	0
DTXSID0047539	1	0
DTXSID0047450	1	0
DTXSID0047589	1	0
DTXSID0047662	1	0
DTXSID0047797	1	1
DTXSID0047799	1	0
DTXSID0047820	1	0
DTXSID0047618	1	0
DTXSID0047741	1	0
DTXSID0047745	1	0
DTXSID0047822	1	0
DTXSID0047610	1	0
DTXSID0047660	1	0
DTXSID0047828	1	0
DTXSID0047870	1	0
DTXSID0047905	1	0
DTXSID0047957	1	0
DTXSID0047874	1	0
DTXSID0047876	1	0
DTXSID0048181	1	0
DTXSID0047959	1	0
DTXSID0047878	1	0
DTXSID0047909	1	0
DTXSID0048187	1	0
DTXSID0048189	1	1
DTXSID0048183	1	0
DTXSID0048185	1	0
DTXSID0048210	1	0
DTXSID0048349	1	0
DTXSID0048509	1	0
DTXSID0048632	1	0
DTXSID0048634	1	0
DTXSID0048715	1	0
DTXSID0048680	1	0
DTXSID0048682	1	0
DTXSID0048769	1	0
DTXSID0048840	1	0
DTXSID0048844	1	0
DTXSID0048713	1	0
DTXSID0048717	1	0
DTXSID0048719	1	0
DTXSID0048684	1	0
DTXSID0048638	1	0
DTXSID0048842	1	0
DTXSID0048507	1	0
DTXSID0048686	1	0
DTXSID0048761	1	0
DTXSID0048763	1	0
DTXSID0048846	1	1
DTXSID0048688	1	0
DTXSID0048765	1	0
DTXSID0048767	1	0
DTXSID0049074	1	0
DTXSID0049022	1	0
DTXSID0049076	1	0
DTXSID0049078	1	0
DTXSID0048848	1	0
DTXSID0048975	1	0
DTXSID0049026	1	0
DTXSID0049028	1	0
DTXSID0049070	1	0
DTXSID0048977	1	1
DTXSID0048979	1	0
DTXSID0048921	1	0
DTXSID0048923	1	0
DTXSID0048890	1	0
DTXSID0048925	1	0
DTXSID0048929	1	0
DTXSID0048971	1	0
DTXSID0048973	1	1
DTXSID0048896	1	0
DTXSID0048927	1	0
DTXSID0049072	1	0
DTXSID0048892	1	0
DTXSID0049236	1	0
DTXSID0049288	1	0
DTXSID0049311	1	0
DTXSID0049313	1	0
DTXSID0049315	1	1
DTXSID0049361	1	0
DTXSID0049363	1	0
DTXSID0049367	1	0
DTXSID0049369	1	0
DTXSID0050423	1	0
DTXSID0049365	1	0
DTXSID0049238	1	0
DTXSID0049230	1	0
DTXSID0049280	1	0
DTXSID1020146	1	0
DTXSID1020148	1	0
DTXSID1020069	1	1
DTXSID1020015	1	1
DTXSID1020140	1	0
DTXSID1020142	1	0
DTXSID1020190	1	0
DTXSID1020144	1	0
DTXSID1020308	1	0
DTXSID1020350	1	0
DTXSID1020352	1	0
DTXSID1020221	1	0
DTXSID1020223	1	0
DTXSID1020275	1	1
DTXSID1020431	1	0
DTXSID1020433	1	1
DTXSID1020510	1	0
DTXSID1020566	1	0
DTXSID1020647	1	0
DTXSID1020439	1	0
DTXSID1020697	1	0
DTXSID1020483	1	0
DTXSID1020485	1	0
DTXSID1020560	1	0
DTXSID1020770	1	1
DTXSID1020699	1	0
DTXSID1020778	1	0
DTXSID1020803	1	0
DTXSID1020805	1	0
DTXSID1022180	1	0
DTXSID1020807	1	0
DTXSID1020809	1	0
DTXSID1020857	1	0
DTXSID1020859	1	0
DTXSID1020930	1	0
DTXSID1020932	1	0
DTXSID1021031	1	1
DTXSID1021039	1	0
DTXSID1021087	1	0
DTXSID1021089	1	0
DTXSID1021114	1	0
DTXSID1021116	1	0
DTXSID1021160	1	0
DTXSID1021118	1	0
DTXSID1021162	1	0
DTXSID1021243	1	1
DTXSID1021247	1	0
DTXSID1021164	1	0
DTXSID1021166	1	0
DTXSID1021168	1	1
DTXSID1021372	1	0
DTXSID1021328	1	0
DTXSID1021409	1	1
DTXSID1021455	1	0
DTXSID1021530	1	0
DTXSID1021615	1	0
DTXSID1021617	1	0
DTXSID1021291	1	0
DTXSID1021299	1	0
DTXSID1021320	1	1
DTXSID1021827	1	0
DTXSID1021871	1	0
DTXSID1021667	1	0
DTXSID1021744	1	0
DTXSID1021792	1	0
DTXSID1021798	1	0
DTXSID1021956	1	0
DTXSID1021958	1	0
DTXSID1022051	1	0
DTXSID1022007	1	0
DTXSID1021902	1	0
DTXSID1021952	1	0
DTXSID1022130	1	0
DTXSID1022396	1	1
DTXSID1022421	1	0
DTXSID1022425	1	0
DTXSID1022265	1	0
DTXSID1022217	1	0
DTXSID1022479	1	0
DTXSID1022508	1	0
DTXSID1022394	1	0
DTXSID1022718	1	0
DTXSID1022760	1	0
DTXSID1022762	1	0
DTXSID1023071	1	0
DTXSID1022843	1	0
DTXSID1022847	1	0
DTXSID1023102	1	0
DTXSID1022764	1	0
DTXSID1022922	1	0
DTXSID1022926	1	0
DTXSID1022766	1	0
DTXSID1022768	1	0
DTXSID1022974	1	1
DTXSID1022685	1	0
DTXSID1022687	1	0
DTXSID1022556	1	0
DTXSID1022978	1	0
DTXSID1023021	1	0
DTXSID1023027	1	0
DTXSID1022635	1	0
DTXSID1022681	1	0
DTXSID1023441	1	0
DTXSID1023150	1	0
DTXSID1023495	1	0
DTXSID1023497	1	0
DTXSID1023231	1	0
DTXSID1023526	1	0
DTXSID1023281	1	0
DTXSID1023314	1	0
DTXSID1023283	1	0
DTXSID1023316	1	0
DTXSID1023362	1	0
DTXSID1023364	1	0
DTXSID1023368	1	0
DTXSID1023817	1	0
DTXSID1023572	1	0
DTXSID1023605	1	1
DTXSID1023819	1	0
DTXSID1023607	1	0
DTXSID1023609	1	0
DTXSID1023869	1	0
DTXSID1023736	1	0
DTXSID1023730	1	0
DTXSID1023998	1	0
DTXSID1024045	1	0
DTXSID1023990	1	0
DTXSID1024049	1	0
DTXSID1023996	1	0
DTXSID1024128	1	0
DTXSID1024097	1	0
DTXSID1024124	1	0
DTXSID1024126	1	0
DTXSID1024170	1	0
DTXSID1024255	1	0
DTXSID1024259	1	0
DTXSID1024338	1	0
DTXSID1024835	1	0
DTXSID1024467	1	0
DTXSID1024598	1	0
DTXSID1024413	1	0
DTXSID1024463	1	0
DTXSID1024704	1	0
DTXSID1024831	1	0
DTXSID1024621	1	0
DTXSID1024625	1	0
DTXSID1024702	1	0
DTXSID1024629	1	0
DTXSID1024465	1	0
DTXSID1024881	1	0
DTXSID1024885	1	0
DTXSID1024887	1	0
DTXSID1024912	1	0
DTXSID1025148	1	0
DTXSID1025013	1	0
DTXSID1024966	1	0
DTXSID1025017	1	0
DTXSID1025431	1	0
DTXSID1025271	1	0
DTXSID1025300	1	0
DTXSID1025306	1	0
DTXSID1025485	1	0
DTXSID1025437	1	0
DTXSID1025304	1	0
DTXSID1025483	1	0
DTXSID1025302	1	0
DTXSID1025649	1	0
DTXSID1025560	1	0
DTXSID1025693	1	0
DTXSID1025805	1	1
DTXSID1026035	1	0
DTXSID1026031	1	0
DTXSID1026033	1	0
DTXSID1025807	1	1
DTXSID1026112	1	0
DTXSID1025857	1	1
DTXSID1025930	1	0
DTXSID1026164	1	0
DTXSID1026457	1	0
DTXSID1026536	1	0
DTXSID1026241	1	0
DTXSID1026081	1	1
DTXSID1026118	1	0
DTXSID1026293	1	0
DTXSID1026089	1	0
DTXSID1026665	1	0
DTXSID1026667	1	0
DTXSID1026792	1	0
DTXSID1026619	1	0
DTXSID1026661	1	0
DTXSID1026879	1	0
DTXSID1027184	1	0
DTXSID1026904	1	0
DTXSID1026908	1	0
DTXSID1026954	1	0
DTXSID1027344	1	0
DTXSID1027219	1	0
DTXSID1027263	1	0
DTXSID1027346	1	0
DTXSID1027479	1	0
DTXSID1027427	1	0
DTXSID1027500	1	0
DTXSID1027506	1	0
DTXSID1027425	1	0
DTXSID1027429	1	0
DTXSID1027342	1	0
DTXSID1027502	1	0
DTXSID1027558	1	0
DTXSID1027633	1	0
DTXSID1027714	1	0
DTXSID1027639	1	0
DTXSID1027978	1	0
DTXSID1027970	1	0
DTXSID1029120	1	0
DTXSID1029122	1	0
DTXSID1029124	1	0
DTXSID1029201	1	0
DTXSID1029128	1	0
DTXSID1029207	1	0
DTXSID1029679	1	0
DTXSID1029338	1	0
DTXSID1031462	1	0
DTXSID1031626	1	0
DTXSID1029677	1	0
DTXSID1029889	1	0
DTXSID1030317	1	0
DTXSID1030606	1	0
DTXSID1030319	1	0
DTXSID1030604	1	0
DTXSID1031096	1	0
DTXSID3021356	1	0
DTXSID1032278	1	0
DTXSID1032309	1	0
DTXSID1031460	1	0
DTXSID1032355	1	0
DTXSID1032488	1	0
DTXSID1032513	1	0
DTXSID1032519	1	0
DTXSID1032359	1	0
DTXSID1032482	1	0
DTXSID1032484	1	0
DTXSID1032569	1	0
DTXSID1032640	1	0
DTXSID1033539	1	1
DTXSID1032648	1	1
DTXSID1032690	1	0
DTXSID1033664	1	1
DTXSID1033371	1	0
DTXSID1032646	1	0
DTXSID1033402	1	0
DTXSID1034187	1	0
DTXSID1034503	1	0
DTXSID1033876	1	0
DTXSID1034634	1	1
DTXSID1034212	1	0
DTXSID1034181	1	1
DTXSID1034260	1	0
DTXSID1034214	1	0
DTXSID1035783	1	1
DTXSID1036541	1	1
DTXSID1034929	1	0
DTXSID1034844	1	0
DTXSID1034769	1	0
DTXSID1034973	1	0
DTXSID1037565	1	0
DTXSID1037696	1	0
DTXSID1037806	1	0
DTXSID1037197	1	0
DTXSID1037224	1	0
DTXSID1037272	1	0
DTXSID1037515	1	0
DTXSID1037303	1	0
DTXSID1038298	1	0
DTXSID1038795	1	0
DTXSID1038321	1	0
DTXSID1038824	1	0
DTXSID1038822	1	0
DTXSID1038876	1	0
DTXSID1038666	1	1
DTXSID1040320	1	0
DTXSID1040243	1	1
DTXSID1040326	1	0
DTXSID1040372	1	0
DTXSID1040742	1	0
DTXSID1040324	1	0
DTXSID1041132	1	1
DTXSID1040611	1	0
DTXSID1040617	1	0
DTXSID1040740	1	0
DTXSID1040792	1	0
DTXSID1040794	1	0
DTXSID1040619	1	1
DTXSID1040661	1	0
DTXSID1040459	1	0
DTXSID1041184	1	0
DTXSID1041188	1	1
DTXSID1041423	1	0
DTXSID1041502	1	0
DTXSID1041346	1	0
DTXSID1041421	1	0
DTXSID1041269	1	0
DTXSID1041508	1	0
DTXSID1041506	1	0
DTXSID1041689	1	0
DTXSID1041639	1	0
DTXSID1041683	1	0
DTXSID1041891	1	0
DTXSID1041897	1	0
DTXSID1041920	1	0
DTXSID1041978	1	0
DTXSID1041970	1	0
DTXSID1042285	1	0
DTXSID1042281	1	0
DTXSID1042364	1	0
DTXSID1042154	1	1
DTXSID1042077	1	0
DTXSID1042499	1	1
DTXSID1044221	1	0
DTXSID1042441	1	0
DTXSID1044227	1	0
DTXSID1044223	1	0
DTXSID1044352	1	0
DTXSID1044196	1	0
DTXSID1042570	1	0
DTXSID1042574	1	0
DTXSID1044437	1	0
DTXSID1044439	1	0
DTXSID1044433	1	0
DTXSID1044435	1	0
DTXSID1044481	1	0
DTXSID1044356	1	0
DTXSID1044514	1	0
DTXSID1044568	1	0
DTXSID1044518	1	0
DTXSID1044645	1	0
DTXSID1044643	1	0
DTXSID1044720	1	0
DTXSID1044647	1	0
DTXSID1044560	1	1
DTXSID1044691	1	0
DTXSID1044693	1	0
DTXSID1044770	1	0
DTXSID1044722	1	0
DTXSID1044774	1	0
DTXSID1044805	1	0
DTXSID1045116	1	0
DTXSID1044936	1	1
DTXSID1045118	1	0
DTXSID1045160	1	0
DTXSID1044982	1	0
DTXSID1045162	1	0
DTXSID1044851	1	0
DTXSID1044853	1	0
DTXSID1044986	1	0
DTXSID1045033	1	0
DTXSID1044857	1	0
DTXSID1045164	1	0
DTXSID1045166	1	0
DTXSID1045245	1	0
DTXSID1045291	1	0
DTXSID1045081	1	0
DTXSID1045083	1	0
DTXSID1045085	1	0
DTXSID1045089	1	0
DTXSID1045110	1	0
DTXSID1045112	1	0
DTXSID1045114	1	0
DTXSID1045293	1	0
DTXSID1045328	1	0
DTXSID1045370	1	0
DTXSID1045297	1	0
DTXSID1045320	1	0
DTXSID1045322	1	0
DTXSID1045324	1	0
DTXSID1045372	1	0
DTXSID1045376	1	0
DTXSID1045530	1	0
DTXSID1045534	1	0
DTXSID1045615	1	0
DTXSID1045619	1	0
DTXSID1045536	1	0
DTXSID1045661	1	0
DTXSID1045663	1	0
DTXSID1045538	1	0
DTXSID1045405	1	0
DTXSID1045407	1	0
DTXSID1045409	1	1
DTXSID1045453	1	0
DTXSID1045459	1	0
DTXSID1044859	1	0
DTXSID1045326	1	0
DTXSID1045580	1	0
DTXSID1045746	1	0
DTXSID1044930	1	0
DTXSID1045584	1	0
DTXSID1045748	1	0
DTXSID1045665	1	0
DTXSID1045586	1	0
DTXSID1044932	1	0
DTXSID1045790	1	0
DTXSID1045792	1	0
DTXSID1044934	1	0
DTXSID1045669	1	0
DTXSID1045740	1	0
DTXSID1045742	1	0
DTXSID1045588	1	0
DTXSID1045794	1	0
DTXSID1045611	1	0
DTXSID1045744	1	0
DTXSID1045796	1	0
DTXSID1045871	1	0
DTXSID1046055	1	0
DTXSID1045954	1	0
DTXSID1045956	1	0
DTXSID1045958	1	0
DTXSID1045798	1	0
DTXSID1046007	1	0
DTXSID1046134	1	1
DTXSID1045952	1	1
DTXSID1046132	1	0
DTXSID1046003	1	0
DTXSID1046059	1	0
DTXSID1046130	1	0
DTXSID1045902	1	0
DTXSID1045906	1	0
DTXSID1045904	1	0
DTXSID1045825	1	0
DTXSID1046217	1	0
DTXSID1046263	1	0
DTXSID1046136	1	0
DTXSID1046182	1	0
DTXSID1046184	1	0
DTXSID1046211	1	0
DTXSID1046213	1	0
DTXSID1046138	1	0
DTXSID1046180	1	0
DTXSID1046186	1	0
DTXSID1046188	1	0
DTXSID1046265	1	0
DTXSID1046269	1	0
DTXSID1046342	1	1
DTXSID1046344	1	0
DTXSID1046215	1	0
DTXSID1046267	1	1
DTXSID1046392	1	0
DTXSID1046394	1	0
DTXSID1046396	1	0
DTXSID1046390	1	0
DTXSID1046504	1	0
DTXSID1046506	1	0
DTXSID1046558	1	0
DTXSID1046421	1	0
DTXSID1046423	1	0
DTXSID1046429	1	0
DTXSID1046508	1	0
DTXSID1046550	1	0
DTXSID1046475	1	0
DTXSID1046477	1	0
DTXSID1046425	1	0
DTXSID1046471	1	0
DTXSID1046631	1	0
DTXSID1046427	1	0
DTXSID1046637	1	0
DTXSID1046633	1	0
DTXSID1046552	1	0
DTXSID1046556	1	0
DTXSID1046479	1	1
DTXSID1046500	1	0
DTXSID1046639	1	0
DTXSID1046502	1	0
DTXSID1046764	1	0
DTXSID1046766	1	0
DTXSID1046685	1	0
DTXSID1046710	1	0
DTXSID1046712	1	0
DTXSID1046714	1	0
DTXSID1046768	1	1
DTXSID1046687	1	0
DTXSID1046716	1	0
DTXSID1046681	1	0
DTXSID1046841	1	0
DTXSID1046683	1	1
DTXSID1046689	1	0
DTXSID1046760	1	0
DTXSID1046891	1	0
DTXSID1046895	1	0
DTXSID1046920	1	0
DTXSID1046843	1	0
DTXSID1046845	1	0
DTXSID1047029	1	0
DTXSID1046970	1	1
DTXSID1046847	1	0
DTXSID1046849	1	0
DTXSID1046974	1	0
DTXSID1046922	1	1
DTXSID1046926	1	0
DTXSID1047071	1	0
DTXSID1047075	1	0
DTXSID1046976	1	0
DTXSID1047102	1	0
DTXSID1047156	1	0
DTXSID1047108	1	0
DTXSID1047281	1	0
DTXSID1047150	1	0
DTXSID1047283	1	0
DTXSID1047316	1	0
DTXSID1047289	1	0
DTXSID1047310	1	1
DTXSID1047318	1	0
DTXSID1047360	1	0
DTXSID1047312	1	0
DTXSID1047287	1	0
DTXSID1047362	1	0
DTXSID1047285	1	0
DTXSID1047366	1	1
DTXSID1047368	1	1
DTXSID1047443	1	0
DTXSID1047447	1	0
DTXSID1047491	1	0
DTXSID1047576	1	0
DTXSID1047493	1	0
DTXSID1047528	1	0
DTXSID1047570	1	0
DTXSID1047497	1	0
DTXSID1047578	1	0
DTXSID1047601	1	0
DTXSID1047609	1	0
DTXSID1047603	1	0
DTXSID1047605	1	0
DTXSID1047780	1	0
DTXSID1047782	1	0
DTXSID1047788	1	0
DTXSID1047811	1	0
DTXSID1047813	1	0
DTXSID1047784	1	0
DTXSID1047786	1	0
DTXSID1047815	1	0
DTXSID1047817	1	0
DTXSID1047819	1	1
DTXSID1047869	1	0
DTXSID1047940	1	0
DTXSID1047942	1	0
DTXSID1048170	1	0
DTXSID1048172	1	0
DTXSID1048174	1	0
DTXSID1048176	1	0
DTXSID1048178	1	1
DTXSID1048592	1	0
DTXSID1048594	1	0
DTXSID1048596	1	1
DTXSID1048207	1	0
DTXSID1048209	1	0
DTXSID1048598	1	0
DTXSID1048201	1	0
DTXSID1048621	1	0
DTXSID1048259	1	0
DTXSID1048203	1	0
DTXSID1048590	1	0
DTXSID1048623	1	1
DTXSID1048625	1	0
DTXSID1048627	1	1
DTXSID1048629	1	0
DTXSID1048671	1	0
DTXSID1048677	1	0
DTXSID1048679	1	1
DTXSID1048754	1	0
DTXSID1048756	1	0
DTXSID1048758	1	0
DTXSID1048837	1	0
DTXSID1048839	1	1
DTXSID1048910	1	0
DTXSID1048700	1	1
DTXSID1048912	1	0
DTXSID1048881	1	0
DTXSID1048914	1	0
DTXSID1048883	1	0
DTXSID1048885	1	0
DTXSID1048887	1	0
DTXSID1048889	1	0
DTXSID1048833	1	0
DTXSID1048916	1	0
DTXSID1048835	1	0
DTXSID1048708	1	0
DTXSID1048750	1	0
DTXSID1048918	1	0
DTXSID1048752	1	0
DTXSID1049225	1	0
DTXSID1049227	1	0
DTXSID1048960	1	0
DTXSID1049067	1	0
DTXSID1049271	1	0
DTXSID1049273	1	0
DTXSID1049063	1	0
DTXSID1049275	1	0
DTXSID1049221	1	0
DTXSID1049017	1	0
DTXSID1049019	1	0
DTXSID1049065	1	1
DTXSID1048964	1	0
DTXSID1048968	1	0
DTXSID1049223	1	0
DTXSID1049011	1	0
DTXSID1049013	1	0
DTXSID1049015	1	0
DTXSID1049304	1	0
DTXSID1049356	1	0
DTXSID1049358	1	0
DTXSID1049352	1	0
DTXSID1049431	1	0
DTXSID1049277	1	0
DTXSID1049350	1	0
DTXSID1049279	1	0
DTXSID1049306	1	1
DTXSID1049433	1	0
DTXSID2020006	1	0
DTXSID2020054	1	0
DTXSID2020137	1	0
DTXSID2020139	1	0
DTXSID2020260	1	0
DTXSID2020181	1	0
DTXSID2020266	1	1
DTXSID2020268	1	0
DTXSID2020212	1	0
DTXSID2020262	1	0
DTXSID2020189	1	0
DTXSID2020216	1	0
DTXSID2020347	1	0
DTXSID2020341	1	0
DTXSID2020349	1	0
DTXSID2020399	1	0
DTXSID2020420	1	0
DTXSID2020424	1	0
DTXSID2020509	1	0
DTXSID2020557	1	0
DTXSID2020634	1	0
DTXSID2020501	1	0
DTXSID2020470	1	1
DTXSID2020474	1	0
DTXSID2020478	1	0
DTXSID2020684	1	0
DTXSID2020686	1	0
DTXSID2020636	1	1
DTXSID2020688	1	1
DTXSID2020680	1	0
DTXSID2020682	1	0
DTXSID2020713	1	0
DTXSID2020717	1	0
DTXSID2020767	1	0
DTXSID2020898	1	1
DTXSID2020921	1	0
DTXSID2020890	1	0
DTXSID2020923	1	0
DTXSID2020929	1	0
DTXSID2021070	1	0
DTXSID2021103	1	0
DTXSID2021238	1	0
DTXSID2021159	1	0
DTXSID2021232	1	0
DTXSID2021151	1	0
DTXSID2021284	1	0
DTXSID2021234	1	0
DTXSID2021286	1	0
DTXSID2021315	1	0
DTXSID2021363	1	0
DTXSID2021367	1	1
DTXSID2021440	1	0
DTXSID2021365	1	0
DTXSID2021311	1	0
DTXSID2021496	1	0
DTXSID2021498	1	0
DTXSID2021442	1	0
DTXSID2021448	1	0
DTXSID2021492	1	0
DTXSID2021656	1	0
DTXSID2021789	1	0
DTXSID2021810	1	0
DTXSID2021781	1	0
DTXSID2021860	1	0
DTXSID2021864	1	0
DTXSID2021868	1	0
DTXSID2021941	1	0
DTXSID2021997	1	0
DTXSID2022048	1	1
DTXSID2022090	1	0
DTXSID2021993	1	0
DTXSID2021995	1	0
DTXSID2022121	1	0
DTXSID2022256	1	0
DTXSID2022331	1	0
DTXSID2022179	1	1
DTXSID2022381	1	1
DTXSID2022127	1	0
DTXSID2022672	1	0
DTXSID2022674	1	0
DTXSID2022593	1	0
DTXSID2022541	1	0
DTXSID2022595	1	0
DTXSID2022543	1	0
DTXSID2022678	1	0
DTXSID2022626	1	0
DTXSID2022549	1	0
DTXSID2022628	1	0
DTXSID2022707	1	0
DTXSID2022751	1	0
DTXSID2022753	1	0
DTXSID2022880	1	1
DTXSID2023149	1	0
DTXSID2022888	1	0
DTXSID2023195	1	0
DTXSID2023224	1	1
DTXSID2023222	1	0
DTXSID2023276	1	1
DTXSID2023016	1	1
DTXSID2023519	1	0
DTXSID2023303	1	0
DTXSID2023064	1	0
DTXSID2023307	1	0
DTXSID2023068	1	0
DTXSID2023480	1	0
DTXSID2023567	1	0
DTXSID2023488	1	0
DTXSID2023143	1	0
DTXSID2023353	1	1
DTXSID2023145	1	0
DTXSID2023692	1	0
DTXSID2023725	1	0
DTXSID2023775	1	0
DTXSID2024030	1	0
DTXSID2023727	1	0
DTXSID2023729	1	0
DTXSID2023771	1	0
DTXSID2023569	1	0
DTXSID2023640	1	0
DTXSID2023642	1	0
DTXSID2023644	1	0
DTXSID2023690	1	0
DTXSID2024242	1	0
DTXSID2024113	1	0
DTXSID2024589	1	0
DTXSID2024660	1	0
DTXSID2024452	1	0
DTXSID2024454	1	0
DTXSID2024163	1	0
DTXSID2024458	1	0
DTXSID2024585	1	0
DTXSID2024662	1	0
DTXSID2024791	1	0
DTXSID2024793	1	0
DTXSID2024822	1	0
DTXSID2025004	1	0
DTXSID2025006	1	0
DTXSID2024878	1	0
DTXSID2025050	1	0
DTXSID2025058	1	1
DTXSID2025345	1	0
DTXSID2025347	1	0
DTXSID2025422	1	0
DTXSID2025424	1	0
DTXSID2025139	1	0
DTXSID2025183	1	0
DTXSID2025395	1	0
DTXSID2025680	1	1
DTXSID2025501	1	0
DTXSID2025688	1	0
DTXSID2025715	1	1
DTXSID2025503	1	0
DTXSID2025551	1	0
DTXSID2025840	1	0
DTXSID2026101	1	0
DTXSID2025975	1	0
DTXSID2025977	1	1
DTXSID2026022	1	0
DTXSID2026074	1	0
DTXSID2025892	1	0
DTXSID2025896	1	0
DTXSID2025925	1	0
DTXSID2026446	1	0
DTXSID2026494	1	0
DTXSID2026151	1	0
DTXSID2026157	1	0
DTXSID2026496	1	0
DTXSID2026232	1	0
DTXSID2026523	1	0
DTXSID2026602	1	0
DTXSID2026573	1	0
DTXSID2026606	1	0
DTXSID2026527	1	0
DTXSID2026525	1	0
DTXSID2026529	1	0
DTXSID2026600	1	0
DTXSID2026789	1	0
DTXSID2026652	1	0
DTXSID2026997	1	0
DTXSID2026739	1	0
DTXSID2026941	1	0
DTXSID2027094	1	0
DTXSID2027175	1	0
DTXSID2027200	1	0
DTXSID2027466	1	0
DTXSID2027414	1	0
DTXSID2027416	1	0
DTXSID2027462	1	0
DTXSID2027591	1	0
DTXSID2027333	1	0
DTXSID2027412	1	0
DTXSID2027593	1	0
DTXSID2027595	1	0
DTXSID2027620	1	0
DTXSID2027830	1	0
DTXSID2027832	1	0
DTXSID2027886	1	0
DTXSID2028985	1	0
DTXSID2029327	1	0
DTXSID2029117	1	0
DTXSID2029290	1	0
DTXSID2029298	1	0
DTXSID2029325	1	0
DTXSID2031089	1	1
DTXSID2029612	1	0
DTXSID2029616	1	0
DTXSID2030695	1	0
DTXSID2029244	1	0
DTXSID2029874	1	0
DTXSID2032390	1	1
DTXSID2031956	1	0
DTXSID2032005	1	0
DTXSID2032180	1	0
DTXSID2032348	1	1
DTXSID2032500	1	0
DTXSID2032550	1	0
DTXSID2032552	1	0
DTXSID2032398	1	1
DTXSID2032554	1	0
DTXSID2032639	1	0
DTXSID2032631	1	0
DTXSID2032556	1	0
DTXSID2032421	1	0
DTXSID2032637	1	0
DTXSID2032392	1	0
DTXSID2032558	1	0
DTXSID2033445	1	0
DTXSID2034095	1	0
DTXSID2034382	1	0
DTXSID2033736	1	1
DTXSID2032891	1	0
DTXSID2033314	1	0
DTXSID2034598	1	0
DTXSID2034625	1	0
DTXSID2034465	1	0
DTXSID2034338	1	0
DTXSID2034590	1	0
DTXSID2034540	1	0
DTXSID2034885	1	0
DTXSID2034881	1	1
DTXSID2034673	1	0
DTXSID2034700	1	0
DTXSID2034833	1	0
DTXSID2034962	1	0
DTXSID2034627	1	0
DTXSID2035481	1	0
DTXSID2036112	1	0
DTXSID2036588	1	0
DTXSID2037712	1	1
DTXSID2036827	1	0
DTXSID2037186	1	0
DTXSID2037508	1	0
DTXSID2037714	1	0
DTXSID2038813	1	0
DTXSID2040363	1	1
DTXSID2040525	1	0
DTXSID2040579	1	1
DTXSID2040652	1	0
DTXSID2040608	1	0
DTXSID2040151	1	0
DTXSID2039336	1	1
DTXSID2040234	1	0
DTXSID2040236	1	0
DTXSID2040731	1	0
DTXSID2040284	1	0
DTXSID2040735	1	0
DTXSID2041206	1	0
DTXSID2041252	1	0
DTXSID2040945	1	0
DTXSID2041389	1	0
DTXSID2041125	1	0
DTXSID2040787	1	1
DTXSID2041250	1	0
DTXSID2041200	1	0
DTXSID2041460	1	0
DTXSID2041464	1	0
DTXSID2041468	1	1
DTXSID2041709	1	0
DTXSID2041545	1	0
DTXSID2041626	1	0
DTXSID2042220	1	0
DTXSID2042224	1	1
DTXSID2042276	1	0
DTXSID2042436	1	0
DTXSID2041880	1	0
DTXSID2041884	1	0
DTXSID2041886	1	0
DTXSID2041913	1	0
DTXSID2042060	1	0
DTXSID2042062	1	0
DTXSID2041547	1	0
DTXSID2041622	1	0
DTXSID2044000	1	0
DTXSID2042199	1	0
DTXSID2042143	1	0
DTXSID2043874	1	0
DTXSID2042195	1	0
DTXSID2043909	1	0
DTXSID2044002	1	0
DTXSID2044131	1	0
DTXSID2044137	1	0
DTXSID2044395	1	0
DTXSID2044214	1	0
DTXSID2044210	1	0
DTXSID2044347	1	0
DTXSID2044397	1	0
DTXSID2044399	1	0
DTXSID2044218	1	0
DTXSID2044266	1	0
DTXSID2044268	1	0
DTXSID2044391	1	0
DTXSID2044420	1	0
DTXSID2044474	1	0
DTXSID2044470	1	0
DTXSID2044509	1	0
DTXSID2044638	1	0
DTXSID2044428	1	0
DTXSID2044507	1	0
DTXSID2044503	1	0
DTXSID2044553	1	0
DTXSID2044424	1	0
DTXSID2044765	1	0
DTXSID2044713	1	0
DTXSID2044715	1	0
DTXSID2044842	1	0
DTXSID2044844	1	0
DTXSID2044686	1	0
DTXSID2044719	1	0
DTXSID2044767	1	0
DTXSID2044840	1	0
DTXSID2044684	1	0
DTXSID2044763	1	0
DTXSID2044769	1	0
DTXSID2044896	1	0
DTXSID2044898	1	0
DTXSID2044921	1	0
DTXSID2044923	1	1
DTXSID2044925	1	0
DTXSID2044890	1	0
DTXSID2044892	1	0
DTXSID2044927	1	0
DTXSID2045153	1	0
DTXSID2045232	1	1
DTXSID2045076	1	1
DTXSID2045157	1	0
DTXSID2045072	1	0
DTXSID2045101	1	0
DTXSID2044971	1	1
DTXSID2044979	1	0
DTXSID2044973	1	0
DTXSID2045103	1	0
DTXSID2045109	1	0
DTXSID2045151	1	0
DTXSID2045361	1	0
DTXSID2045365	1	0
DTXSID2045367	1	0
DTXSID2045440	1	0
DTXSID2045442	1	0
DTXSID2045492	1	0
DTXSID2045494	1	0
DTXSID2045498	1	0
DTXSID2045448	1	0
DTXSID2045490	1	0
DTXSID2045496	1	0
DTXSID2045444	1	0
DTXSID2045571	1	0
DTXSID2045573	1	0
DTXSID2045280	1	0
DTXSID2045315	1	0
DTXSID2045575	1	0
DTXSID2045521	1	0
DTXSID2045652	1	0
DTXSID2045579	1	0
DTXSID2045606	1	0
DTXSID2045868	1	0
DTXSID2045600	1	0
DTXSID2045608	1	0
DTXSID2045602	1	1
DTXSID2045941	1	0
DTXSID2045781	1	0
DTXSID2045656	1	0
DTXSID2045527	1	0
DTXSID2045654	1	0
DTXSID2045529	1	0
DTXSID2045658	1	0
DTXSID2045783	1	0
DTXSID2045785	1	0
DTXSID2045787	1	0
DTXSID2045943	1	0
DTXSID2045810	1	0
DTXSID2045945	1	0
DTXSID2046042	1	0
DTXSID2046090	1	0
DTXSID2045812	1	0
DTXSID2046092	1	0
DTXSID2045814	1	0
DTXSID2045860	1	0
DTXSID2045862	1	0
DTXSID2045864	1	0
DTXSID2046094	1	0
DTXSID2046389	1	0
DTXSID2046410	1	0
DTXSID2046250	1	0
DTXSID2046252	1	0
DTXSID2046254	1	0
DTXSID2046121	1	0
DTXSID2046256	1	0
DTXSID2046258	1	0
DTXSID2046173	1	0
DTXSID2046175	1	1
DTXSID2046123	1	0
DTXSID2046177	1	0
DTXSID2046179	1	0
DTXSID2046385	1	0
DTXSID2046127	1	0
DTXSID2046200	1	0
DTXSID2046202	1	0
DTXSID2046206	1	0
DTXSID2046460	1	0
DTXSID2046208	1	0
DTXSID2046464	1	0
DTXSID2046468	1	0
DTXSID2046599	1	0
DTXSID2046757	1	0
DTXSID2046759	1	0
DTXSID2046624	1	1
DTXSID2046626	1	1
DTXSID2046628	1	0
DTXSID2046543	1	0
DTXSID2046830	1	0
DTXSID2046832	1	0
DTXSID2046834	1	0
DTXSID2046545	1	1
DTXSID2046670	1	0
DTXSID2046836	1	0
DTXSID2046880	1	1
DTXSID2046549	1	0
DTXSID2046591	1	0
DTXSID2046674	1	0
DTXSID2046886	1	0
DTXSID2046597	1	0
DTXSID2046678	1	0
DTXSID2046701	1	0
DTXSID2046703	1	0
DTXSID2046705	1	0
DTXSID2046707	1	0
DTXSID2046709	1	0
DTXSID2046751	1	0
DTXSID2046755	1	1
DTXSID2046888	1	0
DTXSID2047270	1	0
DTXSID2046911	1	0
DTXSID2046913	1	0
DTXSID2046915	1	0
DTXSID2046919	1	1
DTXSID2047064	1	0
DTXSID2047141	1	0
DTXSID2047060	1	0
DTXSID2047272	1	1
DTXSID2047191	1	0
DTXSID2047195	1	0
DTXSID2047197	1	0
DTXSID2047199	1	0
DTXSID2047274	1	0
DTXSID2047278	1	0
DTXSID2047301	1	0
DTXSID2047276	1	0
DTXSID2047303	1	1
DTXSID2047307	1	0
DTXSID2047305	1	0
DTXSID2047357	1	1
DTXSID2047309	1	0
DTXSID2047355	1	0
DTXSID2047359	1	0
DTXSID2047434	1	0
DTXSID2047353	1	0
DTXSID2047351	1	0
DTXSID2047519	1	0
DTXSID2047436	1	0
DTXSID2047565	1	0
DTXSID2047644	1	0
DTXSID2047567	1	0
DTXSID2047646	1	0
DTXSID2047569	1	1
DTXSID2047648	1	0
DTXSID2047694	1	0
DTXSID2047773	1	0
DTXSID2047775	1	0
DTXSID2047777	1	0
DTXSID2047779	1	0
DTXSID2047723	1	0
DTXSID2047725	1	0
DTXSID2047802	1	0
DTXSID2047939	1	0
DTXSID2047937	1	0
DTXSID2047931	1	0
DTXSID2047933	1	0
DTXSID2048169	1	0
DTXSID2047856	1	0
DTXSID2047858	1	0
DTXSID2048161	1	0
DTXSID2047806	1	0
DTXSID2047804	1	0
DTXSID2048379	1	0
DTXSID2048581	1	0
DTXSID2047850	1	0
DTXSID2047852	1	0
DTXSID2048583	1	0
DTXSID2048585	1	0
DTXSID2048797	1	0
DTXSID2048589	1	0
DTXSID2048610	1	0
DTXSID2048664	1	0
DTXSID2048749	1	0
DTXSID2048791	1	0
DTXSID2048799	1	0
DTXSID2048747	1	0
DTXSID2048793	1	0
DTXSID2048820	1	0
DTXSID2048666	1	0
DTXSID2048612	1	0
DTXSID2048614	1	1
DTXSID2048822	1	0
DTXSID2048618	1	0
DTXSID2048743	1	0
DTXSID2048660	1	0
DTXSID2048824	1	0
DTXSID2048795	1	0
DTXSID2048662	1	0
DTXSID2048745	1	0
DTXSID2048876	1	0
DTXSID2048878	1	0
DTXSID2048901	1	0
DTXSID2048903	1	0
DTXSID2048905	1	0
DTXSID2048907	1	0
DTXSID2048909	1	0
DTXSID2048953	1	0
DTXSID2048955	1	0
DTXSID2048957	1	0
DTXSID2049004	1	0
DTXSID2049006	1	0
DTXSID2049216	1	0
DTXSID2048870	1	0
DTXSID2049000	1	1
DTXSID2048828	1	0
DTXSID2049052	1	0
DTXSID2049050	1	1
DTXSID2049002	1	0
DTXSID2048872	1	0
DTXSID2049058	1	0
DTXSID2049135	1	0
DTXSID2048874	1	0
DTXSID2049054	1	0
DTXSID2049260	1	1
DTXSID2049262	1	1
DTXSID2049056	1	0
DTXSID2049210	1	0
DTXSID2049212	1	0
DTXSID2049214	1	0
DTXSID2049266	1	0
DTXSID2049393	1	0
DTXSID2049420	1	0
DTXSID2049422	1	0
DTXSID2049345	1	0
DTXSID2049268	1	0
DTXSID2049424	1	0
DTXSID2049395	1	0
DTXSID2049397	1	0
DTXSID2049426	1	0
DTXSID2049399	1	0
DTXSID2049347	1	0
DTXSID2049349	1	0
DTXSID2049391	1	0
DTXSID2049428	1	0
DTXSID3020043	1	0
DTXSID3020093	1	0
DTXSID3020091	1	0
DTXSID3020095	1	0
DTXSID3020097	1	0
DTXSID3020099	1	1
DTXSID3020122	1	0
DTXSID3020120	1	0
DTXSID3020205	1	0
DTXSID3020128	1	0
DTXSID3020209	1	0
DTXSID3020253	1	0
DTXSID3020257	1	0
DTXSID3020380	1	0
DTXSID3020413	1	0
DTXSID3020336	1	0
DTXSID3020384	1	0
DTXSID3020419	1	1
DTXSID3020415	1	0
DTXSID3020330	1	0
DTXSID3020548	1	0
DTXSID3020465	1	1
DTXSID3020596	1	0
DTXSID3020629	1	0
DTXSID3020598	1	0
DTXSID3020621	1	0
DTXSID3020469	1	0
DTXSID3020540	1	0
DTXSID3020625	1	0
DTXSID3020627	1	0
DTXSID3020708	1	0
DTXSID3020673	1	0
DTXSID3020679	1	0
DTXSID3020756	1	0
DTXSID3020887	1	0
DTXSID3020700	1	0
DTXSID3020671	1	0
DTXSID3020889	1	0
DTXSID3020704	1	0
DTXSID3020914	1	0
DTXSID3020916	1	0
DTXSID3020910	1	0
DTXSID3020918	1	0
DTXSID3020912	1	0
DTXSID3021190	1	0
DTXSID3021144	1	0
DTXSID3021065	1	0
DTXSID3021069	1	1
DTXSID3021140	1	0
DTXSID3021192	1	0
DTXSID3021148	1	0
DTXSID3021142	1	0
DTXSID3021196	1	0
DTXSID3021198	1	0
DTXSID3021304	1	0
DTXSID3021221	1	0
DTXSID3021358	1	0
DTXSID3021223	1	0
DTXSID3021483	1	0
DTXSID3021485	1	0
DTXSID3021487	1	0
DTXSID3021562	1	0
DTXSID3021801	1	0
DTXSID3021851	1	0
DTXSID3021853	1	0
DTXSID3021803	1	0
DTXSID3021770	1	1
DTXSID3021774	1	0
DTXSID3021726	1	0
DTXSID3021772	1	0
DTXSID3021805	1	0
DTXSID3021778	1	0
DTXSID3021807	1	0
DTXSID3022035	1	0
DTXSID3021938	1	0
DTXSID3021936	1	0
DTXSID3021982	1	0
DTXSID3021986	1	0
DTXSID3022320	1	0
DTXSID3022089	1	0
DTXSID3022164	1	0
DTXSID3022160	1	1
DTXSID3022162	1	0
DTXSID3022370	1	1
DTXSID3022401	1	0
DTXSID3022403	1	0
DTXSID3022536	1	1
DTXSID3022405	1	0
DTXSID3022409	1	0
DTXSID3022582	1	0
DTXSID3022584	1	0
DTXSID3022455	1	0
DTXSID3022588	1	0
DTXSID3022667	1	0
DTXSID3022742	1	1
DTXSID3022617	1	0
DTXSID3022748	1	0
DTXSID3022796	1	1
DTXSID3022663	1	0
DTXSID3022904	1	0
DTXSID3022821	1	0
DTXSID3022950	1	0
DTXSID3022611	1	0
DTXSID3022825	1	0
DTXSID3022902	1	0
DTXSID3022798	1	0
DTXSID3022871	1	0
DTXSID3022873	1	1
DTXSID3022875	1	0
DTXSID3023051	1	0
DTXSID3023180	1	0
DTXSID3023188	1	0
DTXSID3023219	1	0
DTXSID3022958	1	0
DTXSID3023059	1	0
DTXSID3023132	1	0
DTXSID3023001	1	1
DTXSID3023005	1	0
DTXSID3023427	1	0
DTXSID3023007	1	0
DTXSID3023471	1	0
DTXSID3023508	1	0
DTXSID3023265	1	0
DTXSID3023550	1	0
DTXSID3023479	1	0
DTXSID3023502	1	0
DTXSID3023552	1	0
DTXSID3023554	1	0
DTXSID3023556	1	1
DTXSID3023269	1	0
DTXSID3023340	1	0
DTXSID3023342	1	0
DTXSID3023425	1	0
DTXSID3023764	1	0
DTXSID3023716	1	0
DTXSID3023897	1	0
DTXSID3023718	1	0
DTXSID3023845	1	0
DTXSID3023681	1	0
DTXSID3023687	1	0
DTXSID3023712	1	0
DTXSID3024154	1	0
DTXSID3024108	1	0
DTXSID3024152	1	0
DTXSID3024077	1	0
DTXSID3024104	1	0
DTXSID3024100	1	0
DTXSID3024102	1	0
DTXSID3024239	1	0
DTXSID3023974	1	0
DTXSID3024287	1	0
DTXSID3024318	1	0
DTXSID3024235	1	0
DTXSID3024289	1	0
DTXSID3024441	1	0
DTXSID3024316	1	0
DTXSID3024497	1	0
DTXSID3024499	1	1
DTXSID3024368	1	0
DTXSID3024522	1	0
DTXSID3024869	1	0
DTXSID3024574	1	0
DTXSID3024603	1	0
DTXSID3024657	1	0
DTXSID3024738	1	0
DTXSID3024786	1	0
DTXSID3024815	1	0
DTXSID3024659	1	0
DTXSID3024736	1	0
DTXSID3024944	1	1
DTXSID3024994	1	0
DTXSID3025178	1	0
DTXSID3025049	1	0
DTXSID3025203	1	0
DTXSID3025091	1	0
DTXSID3025093	1	0
DTXSID3025257	1	1
DTXSID3025332	1	0
DTXSID3025338	1	0
DTXSID3025253	1	0
DTXSID3025330	1	0
DTXSID3025047	1	0
DTXSID3025590	1	1
DTXSID3025839	1	0
DTXSID3025540	1	1
DTXSID3025548	1	0
DTXSID3026279	1	0
DTXSID3026304	1	0
DTXSID3026148	1	0
DTXSID3025889	1	0
DTXSID3026065	1	0
DTXSID3026306	1	0
DTXSID3026190	1	1
DTXSID3026308	1	0
DTXSID3025881	1	0
DTXSID3026067	1	0
DTXSID3026562	1	0
DTXSID3026514	1	0
DTXSID3026516	1	0
DTXSID3026564	1	0
DTXSID3026641	1	0
DTXSID3026512	1	0
DTXSID3026560	1	0
DTXSID3027037	1	0
DTXSID3026645	1	0
DTXSID3026647	1	0
DTXSID3026851	1	0
DTXSID3026724	1	0
DTXSID3027116	1	0
DTXSID3027291	1	0
DTXSID3027293	1	0
DTXSID3027241	1	0
DTXSID3027247	1	0
DTXSID3027249	1	0
DTXSID3027322	1	0
DTXSID3027328	1	0
DTXSID3027370	1	0
DTXSID3027401	1	0
DTXSID3027584	1	0
DTXSID3027617	1	0
DTXSID3027790	1	0
DTXSID3027588	1	0
DTXSID3027823	1	0
DTXSID3027829	1	0
DTXSID3029237	1	0
DTXSID3027950	1	1
DTXSID3029310	1	0
DTXSID3029281	1	0
DTXSID3029154	1	0
DTXSID3029312	1	0
DTXSID3029287	1	0
DTXSID3029289	1	0
DTXSID3028001	1	0
DTXSID3028005	1	0
DTXSID3029364	1	0
DTXSID3029655	1	0
DTXSID3029158	1	0
DTXSID3029233	1	0
DTXSID3029362	1	0
DTXSID3029869	1	0
DTXSID3029572	1	0
DTXSID3030056	1	0
DTXSID3030189	1	0
DTXSID3030636	1	1
DTXSID3031862	1	0
DTXSID3032416	1	0
DTXSID3030428	1	0
DTXSID3031860	1	0
DTXSID3032129	1	0
DTXSID3032464	1	0
DTXSID3031864	1	0
DTXSID3032547	1	0
DTXSID3032620	1	0
DTXSID3032622	1	0
DTXSID3032549	1	0
DTXSID3032751	1	0
DTXSID3032624	1	0
DTXSID3032591	1	0
DTXSID3032759	1	0
DTXSID3032628	1	0
DTXSID3033511	1	0
DTXSID3033983	1	0
DTXSID3033989	1	0
DTXSID3034402	1	1
DTXSID3034531	1	0
DTXSID3034456	1	0
DTXSID3034612	1	0
DTXSID3034113	1	0
DTXSID3034614	1	0
DTXSID3034583	1	0
DTXSID3034664	1	0
DTXSID3035341	1	0
DTXSID3034872	1	0
DTXSID3034903	1	0
DTXSID3036105	1	0
DTXSID3035214	1	0
DTXSID3034618	1	0
DTXSID3036496	1	1
DTXSID3047477	1	1
DTXSID3034662	1	0
DTXSID3036999	1	0
DTXSID3037044	1	0
DTXSID3037094	1	0
DTXSID3037545	1	0
DTXSID3037541	1	1
DTXSID3037709	1	0
DTXSID3037208	1	0
DTXSID3037626	1	0
DTXSID3037707	1	0
DTXSID3038694	1	0
DTXSID3038696	1	0
DTXSID3039242	1	0
DTXSID3038725	1	0
DTXSID3040271	1	0
DTXSID3038939	1	0
DTXSID3038852	1	0
DTXSID3040697	1	0
DTXSID3040699	1	0
DTXSID3040720	1	0
DTXSID3040643	1	0
DTXSID3040647	1	0
DTXSID3040279	1	0
DTXSID3040691	1	0
DTXSID3040726	1	0
DTXSID3040728	1	0
DTXSID3040722	1	0
DTXSID3040770	1	1
DTXSID3040774	1	0
DTXSID3041085	1	0
DTXSID3041293	1	0
DTXSID3041299	1	0
DTXSID3041247	1	0
DTXSID3040776	1	0
DTXSID3040980	1	0
DTXSID3040724	1	0
DTXSID3041328	1	0
DTXSID3041376	1	0
DTXSID3041403	1	0
DTXSID3041409	1	1
DTXSID3041530	1	0
DTXSID3041613	1	0
DTXSID3041827	1	0
DTXSID3041873	1	0
DTXSID3041877	1	0
DTXSID3041665	1	0
DTXSID3041794	1	0
DTXSID3041663	1	0
DTXSID3041615	1	0
DTXSID3041617	1	1
DTXSID3041619	1	0
DTXSID3041661	1	0
DTXSID3042051	1	0
DTXSID3042053	1	0
DTXSID3042130	1	1
DTXSID3042390	1	1
DTXSID3042261	1	0
DTXSID3042263	1	0
DTXSID3042394	1	0
DTXSID3042269	1	0
DTXSID3042180	1	0
DTXSID3042219	1	0
DTXSID3044332	1	0
DTXSID3044124	1	0
DTXSID3042508	1	0
DTXSID3044205	1	0
DTXSID3042477	1	0
DTXSID3044380	1	0
DTXSID3042631	1	0
DTXSID3042500	1	1
DTXSID3042681	1	0
DTXSID3043734	1	0
DTXSID3043782	1	0
DTXSID3044201	1	0
DTXSID3044251	1	0
DTXSID3044411	1	0
DTXSID3044203	1	0
DTXSID3044413	1	0
DTXSID3044382	1	0
DTXSID3044384	1	0
DTXSID3044465	1	0
DTXSID3044590	1	1
DTXSID3044388	1	0
DTXSID3044469	1	0
DTXSID3044702	1	0
DTXSID3044621	1	0
DTXSID3044704	1	0
DTXSID3044706	1	0
DTXSID3044627	1	0
DTXSID3044887	1	0
DTXSID3044835	1	0
DTXSID3044833	1	0
DTXSID3044960	1	0
DTXSID3044837	1	0
DTXSID3044914	1	0
DTXSID3044881	1	0
DTXSID3044962	1	0
DTXSID3044883	1	0
DTXSID3044756	1	0
DTXSID3044758	1	1
DTXSID3044966	1	0
DTXSID3045227	1	0
DTXSID3045196	1	0
DTXSID3045198	1	0
DTXSID3045221	1	0
DTXSID3045223	1	0
DTXSID3045140	1	0
DTXSID3045144	1	0
DTXSID3045271	1	0
DTXSID3045300	1	0
DTXSID3045190	1	0
DTXSID3045192	1	0
DTXSID3045304	1	0
DTXSID3045194	1	1
DTXSID3045437	1	0
DTXSID3045485	1	0
DTXSID3045566	1	0
DTXSID3045568	1	0
DTXSID3045350	1	0
DTXSID3045435	1	0
DTXSID3045647	1	0
DTXSID3045514	1	0
DTXSID3045691	1	0
DTXSID3045693	1	0
DTXSID3045356	1	0
DTXSID3045306	1	0
DTXSID3045645	1	0
DTXSID3045697	1	0
DTXSID3045560	1	0
DTXSID3045433	1	0
DTXSID3045699	1	0
DTXSID3045562	1	0
DTXSID3045988	1	0
DTXSID3046081	1	0
DTXSID3045776	1	0
DTXSID3045778	1	0
DTXSID3045857	1	0
DTXSID3045859	1	0
DTXSID3045930	1	1
DTXSID3046110	1	0
DTXSID3046112	1	0
DTXSID3046083	1	1
DTXSID3046085	1	0
DTXSID3045805	1	0
DTXSID3045807	1	0
DTXSID3045803	1	0
DTXSID3045770	1	0
DTXSID3045980	1	0
DTXSID3045772	1	0
DTXSID3045774	1	0
DTXSID3045809	1	0
DTXSID3045851	1	0
DTXSID3046320	1	0
DTXSID3046114	1	1
DTXSID3046116	1	0
DTXSID3046322	1	0
DTXSID3046324	1	0
DTXSID3046243	1	0
DTXSID3046245	1	0
DTXSID3046247	1	0
DTXSID3046118	1	0
DTXSID3046160	1	0
DTXSID3046164	1	0
DTXSID3046326	1	0
DTXSID3046295	1	0
DTXSID3046291	1	0
DTXSID3046401	1	0
DTXSID3046166	1	0
DTXSID3046168	1	0
DTXSID3046241	1	0
DTXSID3046299	1	0
DTXSID3046403	1	0
DTXSID3046405	1	0
DTXSID3046407	1	0
DTXSID3046409	1	0
DTXSID3046451	1	0
DTXSID3046532	1	0
DTXSID3046536	1	0
DTXSID3046584	1	0
DTXSID3046586	1	0
DTXSID3046588	1	0
DTXSID3046538	1	0
DTXSID3046580	1	0
DTXSID3046613	1	0
DTXSID3046615	1	0
DTXSID3046617	1	0
DTXSID3046619	1	0
DTXSID3046663	1	0
DTXSID3046453	1	1
DTXSID3046455	1	0
DTXSID3046457	1	0
DTXSID3046459	1	0
DTXSID3046744	1	0
DTXSID3046875	1	0
DTXSID3046879	1	0
DTXSID3046790	1	0
DTXSID3046792	1	0
DTXSID3046665	1	1
DTXSID3046823	1	0
DTXSID3046740	1	0
DTXSID3047001	1	0
DTXSID3046904	1	0
DTXSID3046906	1	0
DTXSID3046796	1	0
DTXSID3046908	1	0
DTXSID3046825	1	0
DTXSID3046827	1	0
DTXSID3046798	1	0
DTXSID3046821	1	0
DTXSID3046871	1	0
DTXSID3047053	1	0
DTXSID3047055	1	0
DTXSID3047059	1	0
DTXSID3047136	1	0
DTXSID3047184	1	0
DTXSID3047130	1	0
DTXSID3047138	1	0
DTXSID3047186	1	0
DTXSID3047263	1	0
DTXSID3047261	1	0
DTXSID3047348	1	0
DTXSID3047342	1	0
DTXSID3047344	1	0
DTXSID3047265	1	0
DTXSID3047267	1	0
DTXSID3047425	1	0
DTXSID3047346	1	0
DTXSID3047429	1	0
DTXSID3047504	1	0
DTXSID3047508	1	0
DTXSID3047554	1	0
DTXSID3047558	1	0
DTXSID3047843	1	0
DTXSID3047639	1	0
DTXSID3047845	1	0
DTXSID3047847	1	0
DTXSID3047716	1	0
DTXSID3047683	1	0
DTXSID3047687	1	0
DTXSID3047899	1	0
DTXSID3047920	1	0
DTXSID3047926	1	0
DTXSID3047891	1	0
DTXSID3047922	1	0
DTXSID3047893	1	1
DTXSID3048522	1	0
DTXSID3047895	1	0
DTXSID3047974	1	0
DTXSID3048574	1	0
DTXSID3048310	1	0
DTXSID3048734	1	0
DTXSID3048449	1	0
DTXSID3048576	1	0
DTXSID3048736	1	0
DTXSID3048780	1	0
DTXSID3048578	1	0
DTXSID3048782	1	0
DTXSID3048601	1	0
DTXSID3048520	1	0
DTXSID3048784	1	0
DTXSID3048786	1	1
DTXSID3048655	1	0
DTXSID3048603	1	0
DTXSID3048605	1	0
DTXSID3048657	1	1
DTXSID3048659	1	0
DTXSID3048607	1	0
DTXSID3048730	1	0
DTXSID3048653	1	0
DTXSID3048732	1	0
DTXSID3048817	1	0
DTXSID3048869	1	0
DTXSID3048788	1	0
DTXSID3048811	1	0
DTXSID3048992	1	0
DTXSID3048996	1	0
DTXSID3048813	1	0
DTXSID3048942	1	0
DTXSID3048819	1	0
DTXSID3048865	1	0
DTXSID3048867	1	0
DTXSID3048944	1	0
DTXSID3048815	1	0
DTXSID3048946	1	0
DTXSID3048948	1	0
DTXSID3048998	1	1
DTXSID3049041	1	0
DTXSID3049043	1	0
DTXSID3049045	1	0
DTXSID3048863	1	1
DTXSID3049209	1	0
DTXSID3049205	1	0
DTXSID3049332	1	1
DTXSID3049259	1	0
DTXSID3049047	1	1
DTXSID3049257	1	0
DTXSID3049338	1	0
DTXSID3049049	1	0
DTXSID3049201	1	0
DTXSID3049203	1	0
DTXSID3049417	1	1
DTXSID3049419	1	0
DTXSID3049384	1	0
DTXSID3049388	1	0
DTXSID3049411	1	0
DTXSID3049386	1	0
DTXSID3049413	1	0
DTXSID3049415	1	0
DTXSID4020161	1	0
DTXSID4020038	1	0
DTXSID4020240	1	0
DTXSID4020086	1	0
DTXSID4020113	1	0
DTXSID4020246	1	0
DTXSID4020248	1	0
DTXSID4020290	1	0
DTXSID4020242	1	1
DTXSID4020294	1	1
DTXSID4020296	1	0
DTXSID4020298	1	0
DTXSID4020321	1	0
DTXSID4020373	1	1
DTXSID4020371	1	0
DTXSID4020329	1	0
DTXSID4020458	1	0
DTXSID4020402	1	0
DTXSID4020406	1	1
DTXSID4020452	1	0
DTXSID4020375	1	0
DTXSID4020450	1	1
DTXSID4020379	1	1
DTXSID4020539	1	0
DTXSID4020533	1	0
DTXSID4020535	1	0
DTXSID4020581	1	0
DTXSID4020589	1	0
DTXSID4020612	1	0
DTXSID4020668	1	0
DTXSID4020400	1	0
DTXSID4020745	1	0
DTXSID4020616	1	0
DTXSID4020666	1	0
DTXSID4020614	1	1
DTXSID4020749	1	0
DTXSID4020618	1	0
DTXSID4020820	1	0
DTXSID4020870	1	0
DTXSID4020876	1	0
DTXSID4020878	1	0
DTXSID4020822	1	0
DTXSID4020826	1	0
DTXSID4020828	1	0
DTXSID4021133	1	0
DTXSID4021137	1	0
DTXSID4021056	1	0
DTXSID4021131	1	0
DTXSID4021135	1	0
DTXSID4021139	1	0
DTXSID4021218	1	1
DTXSID4021260	1	1
DTXSID4021189	1	0
DTXSID4021212	1	0
DTXSID4021393	1	0
DTXSID4021268	1	0
DTXSID4021214	1	0
DTXSID4021181	1	1
DTXSID4021185	1	1
DTXSID4021216	1	0
DTXSID4021347	1	0
DTXSID4021341	1	0
DTXSID4021424	1	0
DTXSID4021478	1	1
DTXSID4021503	1	0
DTXSID4021715	1	0
DTXSID4021717	1	0
DTXSID4021557	1	0
DTXSID4021892	1	0
DTXSID4021769	1	0
DTXSID4021925	1	0
DTXSID4021894	1	0
DTXSID4021923	1	0
DTXSID4021929	1	0
DTXSID4021975	1	0
DTXSID4022109	1	0
DTXSID4022020	1	0
DTXSID4021977	1	0
DTXSID4021842	1	0
DTXSID4021848	1	0
DTXSID4022107	1	0
DTXSID4022288	1	0
DTXSID4022311	1	0
DTXSID4022361	1	0
DTXSID4022315	1	1
DTXSID4022442	1	1
DTXSID4022446	1	0
DTXSID4022525	1	0
DTXSID4022448	1	0
DTXSID4022529	1	0
DTXSID4022527	1	0
DTXSID4022523	1	0
DTXSID4022658	1	0
DTXSID4022571	1	0
DTXSID4022785	1	0
DTXSID4022731	1	0
DTXSID4022602	1	0
DTXSID4022652	1	1
DTXSID4022573	1	0
DTXSID4022577	1	1
DTXSID4022810	1	0
DTXSID4022735	1	0
DTXSID4022783	1	0
DTXSID4022812	1	0
DTXSID4022814	1	0
DTXSID4022816	1	1
DTXSID4022367	1	1
DTXSID4022999	1	1
DTXSID4022369	1	1
DTXSID4023123	1	0
DTXSID4022866	1	0
DTXSID4023125	1	0
DTXSID4022862	1	0
DTXSID4023042	1	1
DTXSID4022868	1	0
DTXSID4023171	1	0
DTXSID4023175	1	0
DTXSID4023044	1	0
DTXSID4023094	1	1
DTXSID4023177	1	0
DTXSID4023096	1	0
DTXSID4023179	1	0
DTXSID4023200	1	0
DTXSID4022993	1	0
DTXSID4023202	1	0
DTXSID4023252	1	0
DTXSID4023412	1	0
DTXSID4023541	1	0
DTXSID4023254	1	0
DTXSID4023674	1	0
DTXSID4023545	1	0
DTXSID4023416	1	0
DTXSID4023460	1	0
DTXSID4023753	1	0
DTXSID4023917	1	0
DTXSID4023258	1	0
DTXSID4023549	1	0
DTXSID4023624	1	0
DTXSID4023628	1	0
DTXSID4024014	1	0
DTXSID4023701	1	0
DTXSID4023593	1	0
DTXSID4023670	1	0
DTXSID4024012	1	0
DTXSID4023672	1	0
DTXSID4023622	1	0
DTXSID4023462	1	0
DTXSID4023333	1	0
DTXSID4023591	1	0
DTXSID4023381	1	1
DTXSID4023385	1	0
DTXSID4023387	1	0
DTXSID4024145	1	0
DTXSID4024193	1	0
DTXSID4024018	1	0
DTXSID4024062	1	0
DTXSID4024270	1	1
DTXSID4024272	1	0
DTXSID4024195	1	0
DTXSID4024274	1	1
DTXSID4024436	1	0
DTXSID4024276	1	1
DTXSID4024773	1	0
DTXSID4024692	1	0
DTXSID4024484	1	0
DTXSID4024488	1	0
DTXSID4024696	1	0
DTXSID4024359	1	0
DTXSID4024640	1	0
DTXSID4024721	1	0
DTXSID4024729	1	0
DTXSID4024775	1	0
DTXSID4024937	1	0
DTXSID4024771	1	0
DTXSID4024981	1	0
DTXSID4024985	1	0
DTXSID4024800	1	0
DTXSID4025662	1	0
DTXSID4025298	1	0
DTXSID4025581	1	0
DTXSID4025329	1	0
DTXSID4025406	1	0
DTXSID4025454	1	0
DTXSID4025587	1	0
DTXSID4025404	1	0
DTXSID4025668	1	0
DTXSID4025610	1	0
DTXSID4025903	1	0
DTXSID4026212	1	0
DTXSID4026000	1	0
DTXSID4026214	1	0
DTXSID4026050	1	0
DTXSID4026137	1	0
DTXSID4026139	1	0
DTXSID4026181	1	0
DTXSID4026505	1	0
DTXSID4026684	1	0
DTXSID4026711	1	0
DTXSID4026713	1	0
DTXSID4026557	1	0
DTXSID4026262	1	0
DTXSID4026266	1	0
DTXSID4026268	1	0
DTXSID4026422	1	0
DTXSID4026501	1	0
DTXSID4026769	1	0
DTXSID4026979	1	0
DTXSID4027072	1	0
DTXSID4026921	1	0
DTXSID4027284	1	0
DTXSID4027076	1	0
DTXSID4027159	1	0
DTXSID4027153	1	0
DTXSID4027103	1	0
DTXSID4027282	1	0
DTXSID4027109	1	0
DTXSID4027490	1	0
DTXSID4027521	1	0
DTXSID4027494	1	0
DTXSID4027496	1	0
DTXSID4027527	1	0
DTXSID4027319	1	0
DTXSID4027498	1	0
DTXSID4027781	1	0
DTXSID4027579	1	0
DTXSID4027608	1	0
DTXSID4027600	1	0
DTXSID4027604	1	0
DTXSID4027656	1	0
DTXSID4029195	1	0
DTXSID4029220	1	0
DTXSID4029353	1	0
DTXSID4028967	1	0
DTXSID4028040	1	0
DTXSID4029690	1	0
DTXSID4029698	1	0
DTXSID4031566	1	0
DTXSID4031980	1	0
DTXSID4032372	1	1
DTXSID4030047	1	0
DTXSID4030336	1	0
DTXSID4032376	1	0
DTXSID4032378	1	1
DTXSID4032405	1	0
DTXSID4032532	1	0
DTXSID4032536	1	0
DTXSID4032580	1	0
DTXSID4032615	1	0
DTXSID4032619	1	0
DTXSID4032667	1	0
DTXSID4034102	1	0
DTXSID4034150	1	0
DTXSID4034497	1	0
DTXSID4034528	1	0
DTXSID4033390	1	0
DTXSID4034576	1	0
DTXSID4034287	1	0
DTXSID4034601	1	0
DTXSID4035209	1	0
DTXSID4034609	1	1
DTXSID4036229	1	0
DTXSID4034653	1	1
DTXSID4034948	1	0
DTXSID4037617	1	0
DTXSID4036435	1	0
DTXSID4038762	1	0
DTXSID4038847	1	0
DTXSID4037582	1	0
DTXSID4036514	1	0
DTXSID4037584	1	0
DTXSID4038922	1	1
DTXSID4038924	1	0
DTXSID4038926	1	0
DTXSID4039235	1	0
DTXSID4040343	1	0
DTXSID4040476	1	0
DTXSID4040713	1	1
DTXSID4040002	1	0
DTXSID4040715	1	1
DTXSID4041280	1	0
DTXSID4040266	1	0
DTXSID4040682	1	0
DTXSID4040684	1	0
DTXSID4040711	1	0
DTXSID4040686	1	0
DTXSID4041070	1	0
DTXSID4041234	1	0
DTXSID4041363	1	0
DTXSID4041317	1	0
DTXSID4040719	1	0
DTXSID4041238	1	0
DTXSID4041230	1	0
DTXSID4041232	1	0
DTXSID4040767	1	0
DTXSID4040979	1	0
DTXSID4041521	1	0
DTXSID4041527	1	0
DTXSID4041529	1	0
DTXSID4041442	1	0
DTXSID4041492	1	0
DTXSID4041494	1	0
DTXSID4041446	1	0
DTXSID4042121	1	0
DTXSID4041783	1	0
DTXSID4042129	1	1
DTXSID4042094	1	0
DTXSID4041654	1	0
DTXSID4041656	1	0
DTXSID4042171	1	0
DTXSID4041818	1	0
DTXSID4041995	1	0
DTXSID4042206	1	0
DTXSID4042416	1	0
DTXSID4042335	1	0
DTXSID4042418	1	0
DTXSID4042208	1	0
DTXSID4042256	1	1
DTXSID4044371	1	0
DTXSID4044161	1	0
DTXSID4044379	1	1
DTXSID4042622	1	0
DTXSID4043777	1	0
DTXSID4044581	1	0
DTXSID4044408	1	0
DTXSID4044458	1	0
DTXSID4044533	1	0
DTXSID4044535	1	0
DTXSID4044791	1	0
DTXSID4044793	1	0
DTXSID4044664	1	0
DTXSID4044587	1	0
DTXSID4044450	1	0
DTXSID4044452	1	0
DTXSID4044668	1	0
DTXSID4044743	1	0
DTXSID4044745	1	0
DTXSID4044799	1	0
DTXSID4044456	1	0
DTXSID4044876	1	0
DTXSID4044878	1	0
DTXSID4044901	1	0
DTXSID4044822	1	0
DTXSID4044824	1	0
DTXSID4044872	1	1
DTXSID4044618	1	0
DTXSID4044953	1	0
DTXSID4044955	1	0
DTXSID4044905	1	0
DTXSID4045002	1	0
DTXSID4045183	1	0
DTXSID4044909	1	0
DTXSID4045187	1	0
DTXSID4045189	1	0
DTXSID4045210	1	0
DTXSID4045632	1	0
DTXSID4045636	1	0
DTXSID4045347	1	0
DTXSID4045391	1	0
DTXSID4045478	1	0
DTXSID4045551	1	0
DTXSID4045638	1	0
DTXSID4045680	1	0
DTXSID4045393	1	0
DTXSID4045555	1	0
DTXSID4045399	1	0
DTXSID4045557	1	0
DTXSID4045559	1	0
DTXSID4045686	1	0
DTXSID4045472	1	0
DTXSID4045474	1	0
DTXSID4045682	1	0
DTXSID4045688	1	0
DTXSID4045216	1	0
DTXSID4045262	1	0
DTXSID4045422	1	0
DTXSID4045424	1	0
DTXSID4045428	1	0
DTXSID4045711	1	0
DTXSID4045763	1	0
DTXSID4045341	1	0
DTXSID4045921	1	0
DTXSID4045925	1	0
DTXSID4045927	1	0
DTXSID4045131	1	0
DTXSID4045973	1	0
DTXSID4045133	1	0
DTXSID4045139	1	0
DTXSID4045181	1	0
DTXSID4045896	1	0
DTXSID4045975	1	0
DTXSID4046020	1	0
DTXSID4045767	1	0
DTXSID4046022	1	0
DTXSID4045769	1	0
DTXSID4046024	1	0
DTXSID4046076	1	0
DTXSID4046101	1	0
DTXSID4046103	1	0
DTXSID4046078	1	0
DTXSID4046107	1	0
DTXSID4046109	1	0
DTXSID4046151	1	0
DTXSID4046153	1	0
DTXSID4046155	1	0
DTXSID4046157	1	0
DTXSID4046159	1	0
DTXSID4046230	1	0
DTXSID4046313	1	0
DTXSID4046236	1	0
DTXSID4046238	1	0
DTXSID4046280	1	0
DTXSID4046282	1	0
DTXSID4046286	1	0
DTXSID4046288	1	0
DTXSID4046232	1	0
DTXSID4046234	1	0
DTXSID4046442	1	0
DTXSID4046315	1	0
DTXSID4046444	1	0
DTXSID4046446	1	0
DTXSID4046319	1	0
DTXSID4046448	1	1
DTXSID4046363	1	1
DTXSID4046604	1	0
DTXSID4046523	1	0
DTXSID4046525	1	0
DTXSID4046739	1	0
DTXSID4046606	1	0
DTXSID4046608	1	0
DTXSID4046783	1	0
DTXSID4046785	1	0
DTXSID4046494	1	0
DTXSID4046498	1	0
DTXSID4046652	1	0
DTXSID4046521	1	0
DTXSID4046492	1	0
DTXSID4046600	1	0
DTXSID4046733	1	0
DTXSID4046654	1	0
DTXSID4046735	1	1
DTXSID4046737	1	0
DTXSID4046529	1	0
DTXSID4046571	1	0
DTXSID4046577	1	0
DTXSID4046658	1	1
DTXSID4046490	1	0
DTXSID4047042	1	0
DTXSID4047092	1	0
DTXSID4046787	1	1
DTXSID4046810	1	0
DTXSID4046866	1	0
DTXSID4046868	1	0
DTXSID4047046	1	0
DTXSID4047090	1	0
DTXSID4046812	1	0
DTXSID4046814	1	0
DTXSID4046818	1	0
DTXSID4046862	1	0
DTXSID4046864	1	0
DTXSID4047094	1	0
DTXSID4046999	1	0
DTXSID4046991	1	0
DTXSID4047098	1	0
DTXSID4047096	1	0
DTXSID4047121	1	0
DTXSID4047127	1	0
DTXSID4047123	1	0
DTXSID4047125	1	0
DTXSID4047177	1	0
DTXSID4047252	1	1
DTXSID4047254	1	0
DTXSID4047331	1	0
DTXSID4047333	1	0
DTXSID4047200	1	0
DTXSID4047258	1	0
DTXSID4047206	1	0
DTXSID4047381	1	0
DTXSID4047337	1	1
DTXSID4047387	1	1
DTXSID4047389	1	1
DTXSID4047339	1	0
DTXSID4047383	1	0
DTXSID4047335	1	0
DTXSID4047385	1	0
DTXSID4047410	1	0
DTXSID4047412	1	0
DTXSID4047462	1	0
DTXSID4047545	1	0
DTXSID4047416	1	0
DTXSID4047549	1	0
DTXSID4047464	1	0
DTXSID4047468	1	0
DTXSID4047543	1	0
DTXSID4047591	1	0
DTXSID4047593	1	0
DTXSID4047599	1	0
DTXSID4047674	1	0
DTXSID4047672	1	0
DTXSID4047705	1	0
DTXSID4047628	1	0
DTXSID4047622	1	0
DTXSID4047678	1	0
DTXSID4047703	1	0
DTXSID4047838	1	0
DTXSID4047880	1	0
DTXSID4047882	1	0
DTXSID4047961	1	0
DTXSID4047969	1	0
DTXSID4047963	1	1
DTXSID4047886	1	0
DTXSID4047888	1	0
DTXSID4048270	1	0
DTXSID4048191	1	1
DTXSID4048513	1	1
DTXSID4048193	1	0
DTXSID4048640	1	0
DTXSID4048511	1	1
DTXSID4048195	1	0
DTXSID4048199	1	0
DTXSID4048519	1	0
DTXSID4048644	1	0
DTXSID4048646	1	0
DTXSID4048648	1	0
DTXSID4048690	1	0
DTXSID4048692	1	1
DTXSID4048694	1	0
DTXSID4048696	1	0
DTXSID4048698	1	0
DTXSID4048721	1	0
DTXSID4048723	1	0
DTXSID4048725	1	0
DTXSID4048727	1	0
DTXSID4048771	1	0
DTXSID4048773	1	0
DTXSID4048775	1	0
DTXSID4048777	1	0
DTXSID4048779	1	0
DTXSID4048800	1	0
DTXSID4048802	1	0
DTXSID4048931	1	0
DTXSID4048933	1	0
DTXSID4048935	1	0
DTXSID4048937	1	0
DTXSID4048939	1	0
DTXSID4048856	1	0
DTXSID4048858	1	0
DTXSID4048806	1	0
DTXSID4048852	1	0
DTXSID4049032	1	0
DTXSID4048983	1	0
DTXSID4048808	1	0
DTXSID4048985	1	1
DTXSID4048987	1	0
DTXSID4048804	1	0
DTXSID4048854	1	0
DTXSID4048850	1	0
DTXSID4049080	1	0
DTXSID4049325	1	0
DTXSID4049321	1	0
DTXSID4049082	1	0
DTXSID4049036	1	0
DTXSID4049038	1	0
DTXSID4049292	1	0
DTXSID4049296	1	0
DTXSID4049242	1	0
DTXSID4049373	1	0
DTXSID4049402	1	0
DTXSID4049406	1	0
DTXSID4049375	1	0
DTXSID4049377	1	0
DTXSID4049327	1	0
DTXSID4049329	1	0
DTXSID4049379	1	0
DTXSID4049400	1	0
DTXSID5020106	1	0
DTXSID5020152	1	0
DTXSID5020108	1	0
DTXSID5020154	1	0
DTXSID5020156	1	0
DTXSID5020231	1	0
DTXSID5020233	1	1
DTXSID5020029	1	0
DTXSID5020287	1	0
DTXSID5020071	1	0
DTXSID5020310	1	0
DTXSID5020447	1	0
DTXSID5020441	1	0
DTXSID5020443	1	0
DTXSID5020445	1	0
DTXSID5020239	1	0
DTXSID5020366	1	1
DTXSID5020368	1	1
DTXSID5020283	1	0
DTXSID5020312	1	1
DTXSID5020314	1	0
DTXSID5020360	1	0
DTXSID5020576	1	1
DTXSID5020607	1	0
DTXSID5020572	1	0
DTXSID5020570	1	0
DTXSID5020730	1	0
DTXSID5020732	1	0
DTXSID5020738	1	0
DTXSID5020782	1	1
DTXSID5020784	1	1
DTXSID5020861	1	1
DTXSID5020867	1	0
DTXSID5020865	1	1
DTXSID5020819	1	0
DTXSID5021093	1	0
DTXSID5020863	1	0
DTXSID5021124	1	0
DTXSID5021097	1	0
DTXSID5021126	1	0
DTXSID5021120	1	0
DTXSID5021122	1	0
DTXSID5021170	1	0
DTXSID5021201	1	0
DTXSID5021251	1	0
DTXSID5021255	1	0
DTXSID5021253	1	0
DTXSID5021209	1	0
DTXSID5021338	1	0
DTXSID5021384	1	0
DTXSID5021336	1	0
DTXSID5021386	1	0
DTXSID5021388	1	0
DTXSID5021413	1	1
DTXSID5021627	1	0
DTXSID5021419	1	0
DTXSID5021544	1	0
DTXSID5021758	1	0
DTXSID5021708	1	0
DTXSID5021754	1	0
DTXSID5021839	1	0
DTXSID5021881	1	0
DTXSID5022194	1	0
DTXSID5021962	1	0
DTXSID5021968	1	0
DTXSID5022308	1	0
DTXSID5022437	1	0
DTXSID5022439	1	0
DTXSID5022481	1	0
DTXSID5022279	1	0
DTXSID5022485	1	0
DTXSID5022803	1	0
DTXSID5022851	1	0
DTXSID5022562	1	0
DTXSID5022641	1	0
DTXSID5022855	1	0
DTXSID5022643	1	0
DTXSID5022647	1	0
DTXSID5022489	1	0
DTXSID5022932	1	0
DTXSID5022857	1	1
DTXSID5022699	1	0
DTXSID5022649	1	0
DTXSID5022510	1	0
DTXSID5022934	1	1
DTXSID5022722	1	1
DTXSID5022724	1	0
DTXSID5022938	1	0
DTXSID5022980	1	1
DTXSID5022982	1	0
DTXSID5022984	1	0
DTXSID5022774	1	0
DTXSID5022986	1	0
DTXSID5023031	1	0
DTXSID5022801	1	1
DTXSID5023114	1	0
DTXSID5023166	1	0
DTXSID5023243	1	0
DTXSID5023247	1	0
DTXSID5023033	1	0
DTXSID5023037	1	0
DTXSID5023039	1	0
DTXSID5023322	1	1
DTXSID5023324	1	0
DTXSID5023085	1	0
DTXSID5023370	1	1
DTXSID5023293	1	0
DTXSID5023295	1	0
DTXSID5023089	1	0
DTXSID5023110	1	1
DTXSID5023376	1	0
DTXSID5023378	1	0
DTXSID5023453	1	0
DTXSID5023532	1	1
DTXSID5023611	1	0
DTXSID5023536	1	0
DTXSID5023582	1	1
DTXSID5023584	1	0
DTXSID5023613	1	0
DTXSID5023586	1	1
DTXSID5023615	1	0
DTXSID5023665	1	0
DTXSID5023794	1	1
DTXSID5023740	1	0
DTXSID5023742	1	0
DTXSID5023667	1	1
DTXSID5023796	1	0
DTXSID5023744	1	0
DTXSID5023746	1	1
DTXSID5023669	1	0
DTXSID5023748	1	0
DTXSID5023900	1	0
DTXSID5023908	1	0
DTXSID5023877	1	0
DTXSID5023902	1	0
DTXSID5023871	1	0
DTXSID5023875	1	0
DTXSID5024055	1	0
DTXSID5023950	1	0
DTXSID5024182	1	0
DTXSID5024059	1	0
DTXSID5024211	1	0
DTXSID5024261	1	0
DTXSID5024269	1	0
DTXSID5024346	1	0
DTXSID5024683	1	0
DTXSID5024392	1	0
DTXSID5024508	1	0
DTXSID5024506	1	0
DTXSID5024500	1	0
DTXSID5024637	1	0
DTXSID5024639	1	0
DTXSID5024504	1	0
DTXSID5024473	1	0
DTXSID5024687	1	0
DTXSID5024764	1	0
DTXSID5024926	1	0
DTXSID5024970	1	0
DTXSID5024922	1	0
DTXSID5024845	1	0
DTXSID5025021	1	0
DTXSID5024976	1	0
DTXSID5024978	1	0
DTXSID5025023	1	0
DTXSID5025231	1	0
DTXSID5025102	1	0
DTXSID5025237	1	0
DTXSID5025285	1	0
DTXSID5025310	1	0
DTXSID5025312	1	0
DTXSID5025607	1	0
DTXSID5025447	1	0
DTXSID5025570	1	0
DTXSID5025572	1	0
DTXSID5025574	1	0
DTXSID5025863	1	0
DTXSID5025653	1	0
DTXSID5025657	1	0
DTXSID5025948	1	1
DTXSID5025998	1	0
DTXSID5025861	1	0
DTXSID5026049	1	0
DTXSID5025659	1	0
DTXSID5025819	1	0
DTXSID5026251	1	0
DTXSID5026091	1	0
DTXSID5026120	1	0
DTXSID5026178	1	0
DTXSID5026461	1	0
DTXSID5026544	1	0
DTXSID5026912	1	0
DTXSID5026625	1	0
DTXSID5026207	1	0
DTXSID5026209	1	0
DTXSID5026702	1	0
DTXSID5026706	1	0
DTXSID5027061	1	0
DTXSID5027142	1	0
DTXSID5027148	1	0
DTXSID5027198	1	0
DTXSID5027433	1	0
DTXSID5027304	1	0
DTXSID5027300	1	0
DTXSID5027302	1	0
DTXSID5027223	1	0
DTXSID5027358	1	0
DTXSID5027489	1	0
DTXSID5027518	1	0
DTXSID5027512	1	0
DTXSID5027647	1	0
DTXSID5027803	1	0
DTXSID5027770	1	0
DTXSID5027772	1	0
DTXSID5027805	1	0
DTXSID5029136	1	0
DTXSID5028114	1	0
DTXSID5029184	1	0
DTXSID5029186	1	0
DTXSID5029211	1	0
DTXSID5029683	1	0
DTXSID5029762	1	1
DTXSID5031133	1	0
DTXSID5029263	1	0
DTXSID5030955	1	0
DTXSID5031131	1	0
DTXSID5029265	1	0
DTXSID5029267	1	0
DTXSID5032365	1	0
DTXSID5032498	1	0
DTXSID5032523	1	1
DTXSID5032442	1	0
DTXSID5032315	1	0
DTXSID5032577	1	0
DTXSID5032525	1	0
DTXSID5032579	1	0
DTXSID5032600	1	0
DTXSID5033595	1	0
DTXSID5033674	1	0
DTXSID5033098	1	0
DTXSID5033389	1	1
DTXSID5033757	1	0
DTXSID5032573	1	0
DTXSID5033096	1	0
DTXSID5033468	1	0
DTXSID5034357	1	0
DTXSID5034698	1	1
DTXSID5033836	1	0
DTXSID5034270	1	0
DTXSID5034303	1	0
DTXSID5034729	1	0
DTXSID5034723	1	0
DTXSID5034355	1	0
DTXSID5034773	1	0
DTXSID5035163	1	0
DTXSID5036684	1	0
DTXSID5035957	1	0
DTXSID5034981	1	1
DTXSID5037577	1	0
DTXSID5037498	1	0
DTXSID5037739	1	0
DTXSID5037731	1	1
DTXSID5037523	1	0
DTXSID5037527	1	0
DTXSID5037494	1	0
DTXSID5040679	1	0
DTXSID5040702	1	0
DTXSID5040625	1	1
DTXSID5038830	1	0
DTXSID5040675	1	0
DTXSID5039721	1	0
DTXSID5038888	1	1
DTXSID5040700	1	0
DTXSID5041279	1	0
DTXSID5040758	1	1
DTXSID5041148	1	0
DTXSID5041306	1	1
DTXSID5041190	1	0
DTXSID5041273	1	0
DTXSID5041308	1	1
DTXSID5040708	1	0
DTXSID5040750	1	0
DTXSID5041516	1	0
DTXSID5041439	1	1
DTXSID5041641	1	0
DTXSID5041431	1	0
DTXSID5041518	1	0
DTXSID5041512	1	0
DTXSID5041356	1	0
DTXSID5041643	1	0
DTXSID5041691	1	0
DTXSID5041699	1	0
DTXSID5041726	1	0
DTXSID5041772	1	0
DTXSID5041728	1	0
DTXSID5041774	1	0
DTXSID5041851	1	0
DTXSID5041778	1	1
DTXSID5042324	1	0
DTXSID5042584	1	0
DTXSID5042451	1	0
DTXSID5042613	1	0
DTXSID5042247	1	0
DTXSID5042299	1	0
DTXSID5042297	1	0
DTXSID5042320	1	0
DTXSID5041803	1	0
DTXSID5042083	1	0
DTXSID5041809	1	0
DTXSID5044023	1	0
DTXSID5044029	1	1
DTXSID5042249	1	0
DTXSID5043714	1	0
DTXSID5043895	1	0
DTXSID5043897	1	0
DTXSID5044239	1	0
DTXSID5044289	1	0
DTXSID5044314	1	0
DTXSID5044362	1	0
DTXSID5044316	1	0
DTXSID5044491	1	0
DTXSID5044495	1	0
DTXSID5044445	1	0
DTXSID5044520	1	1
DTXSID5044447	1	0
DTXSID5044364	1	0
DTXSID5044441	1	0
DTXSID5044572	1	0
DTXSID5044526	1	0
DTXSID5044528	1	1
DTXSID5044578	1	0
DTXSID5044574	1	0
DTXSID5044570	1	0
DTXSID5044607	1	0
DTXSID5044609	1	0
DTXSID5044738	1	0
DTXSID5044732	1	0
DTXSID5044817	1	0
DTXSID5044780	1	0
DTXSID5044786	1	0
DTXSID5044869	1	0
DTXSID5044782	1	0
DTXSID5044819	1	0
DTXSID5044992	1	1
DTXSID5044811	1	0
DTXSID5044940	1	1
DTXSID5044788	1	0
DTXSID5044994	1	0
DTXSID5044990	1	0
DTXSID5044996	1	0
DTXSID5045176	1	0
DTXSID5045128	1	0
DTXSID5044998	1	0
DTXSID5045209	1	0
DTXSID5045332	1	0
DTXSID5045091	1	0
DTXSID5045093	1	0
DTXSID5045178	1	0
DTXSID5045099	1	0
DTXSID5045201	1	0
DTXSID5045203	1	0
DTXSID5045170	1	0
DTXSID5045174	1	0
DTXSID5045120	1	0
DTXSID5045382	1	0
DTXSID5045205	1	0
DTXSID5045122	1	0
DTXSID5045384	1	0
DTXSID5045625	1	0
DTXSID5045546	1	0
DTXSID5045677	1	0
DTXSID5045542	1	0
DTXSID5045590	1	0
DTXSID5045594	1	0
DTXSID5045673	1	0
DTXSID5045386	1	0
DTXSID5045388	1	0
DTXSID5045540	1	0
DTXSID5045675	1	0
DTXSID5045461	1	0
DTXSID5045413	1	0
DTXSID5045417	1	0
DTXSID5045596	1	0
DTXSID5045598	1	0
DTXSID5045467	1	0
DTXSID5045671	1	0
DTXSID5045419	1	0
DTXSID5045469	1	0
DTXSID5045544	1	0
DTXSID5045623	1	0
DTXSID5045881	1	0
DTXSID5045679	1	0
DTXSID5045758	1	0
DTXSID5045831	1	0
DTXSID5045752	1	0
DTXSID5045706	1	0
DTXSID5045889	1	0
DTXSID5045704	1	0
DTXSID5045835	1	0
DTXSID5045885	1	0
DTXSID5045910	1	0
DTXSID5045700	1	0
DTXSID5045702	1	0
DTXSID5045708	1	0
DTXSID5045756	1	0
DTXSID5045916	1	0
DTXSID5045887	1	0
DTXSID5045960	1	0
DTXSID5045962	1	0
DTXSID5045964	1	0
DTXSID5046017	1	0
DTXSID5046061	1	0
DTXSID5046063	1	0
DTXSID5046067	1	0
DTXSID5046192	1	1
DTXSID5046194	1	0
DTXSID5046196	1	0
DTXSID5046273	1	0
DTXSID5046275	1	0
DTXSID5046069	1	0
DTXSID5046140	1	0
DTXSID5046198	1	0
DTXSID5046221	1	0
DTXSID5046277	1	0
DTXSID5046223	1	0
DTXSID5046142	1	0
DTXSID5046279	1	0
DTXSID5046144	1	0
DTXSID5046146	1	0
DTXSID5046148	1	1
DTXSID5046190	1	0
DTXSID5046225	1	0
DTXSID5046227	1	0
DTXSID5046229	1	0
DTXSID5046271	1	0
DTXSID5046300	1	0
DTXSID5046356	1	0
DTXSID5046358	1	1
DTXSID5046306	1	0
DTXSID5046308	1	1
DTXSID5046483	1	0
DTXSID5046487	1	0
DTXSID5046516	1	0
DTXSID5046485	1	0
DTXSID5046352	1	1
DTXSID5046481	1	0
DTXSID5046354	1	0
DTXSID5046433	1	0
DTXSID5046435	1	0
DTXSID5046489	1	0
DTXSID5046510	1	0
DTXSID5046691	1	0
DTXSID5046728	1	0
DTXSID5046770	1	0
DTXSID5046568	1	0
DTXSID5046641	1	0
DTXSID5046772	1	0
DTXSID5046699	1	0
DTXSID5046643	1	0
DTXSID5046776	1	0
DTXSID5046722	1	0
DTXSID5046778	1	0
DTXSID5046647	1	0
DTXSID5046649	1	0
DTXSID5046697	1	0
DTXSID5046560	1	0
DTXSID5046801	1	0
DTXSID5046693	1	0
DTXSID5046724	1	0
DTXSID5046564	1	0
DTXSID5046726	1	0
DTXSID5046695	1	0
DTXSID5046857	1	0
DTXSID5046859	1	0
DTXSID5047037	1	0
DTXSID5046807	1	1
DTXSID5046938	1	0
DTXSID5046980	1	0
DTXSID5046803	1	0
DTXSID5046805	1	0
DTXSID5047039	1	0
DTXSID5046851	1	0
DTXSID5046853	1	0
DTXSID5047031	1	0
DTXSID5047081	1	0
DTXSID5047116	1	0
DTXSID5047087	1	0
DTXSID5047166	1	0
DTXSID5047168	1	0
DTXSID5047241	1	0
DTXSID5047118	1	0
DTXSID5047085	1	0
DTXSID5047164	1	0
DTXSID5047291	1	0
DTXSID5047243	1	0
DTXSID5047320	1	0
DTXSID5047295	1	1
DTXSID5047299	1	0
DTXSID5047249	1	0
DTXSID5047297	1	0
DTXSID5047324	1	0
DTXSID5047328	1	0
DTXSID5047322	1	0
DTXSID5047372	1	0
DTXSID5047584	1	0
DTXSID5047611	1	0
DTXSID5047451	1	0
DTXSID5047530	1	0
DTXSID5047538	1	0
DTXSID5047617	1	0
DTXSID5047453	1	0
DTXSID5047459	1	0
DTXSID5047374	1	0
DTXSID5047376	1	0
DTXSID5047790	1	0
DTXSID5047663	1	0
DTXSID5047665	1	0
DTXSID5047661	1	0
DTXSID5047879	1	0
DTXSID5047744	1	0
DTXSID5047877	1	0
DTXSID5047875	1	0
DTXSID5047825	1	0
DTXSID5048180	1	0
DTXSID5048182	1	0
DTXSID5048184	1	1
DTXSID5047954	1	0
DTXSID5047956	1	0
DTXSID5047904	1	0
DTXSID5048506	1	0
DTXSID5048186	1	1
DTXSID5047906	1	0
DTXSID5047908	1	0
DTXSID5048188	1	0
DTXSID5048637	1	1
DTXSID5048712	1	1
DTXSID5048714	1	0
DTXSID5048716	1	0
DTXSID5048681	1	0
DTXSID5048687	1	0
DTXSID5048689	1	0
DTXSID5048710	1	0
DTXSID5048211	1	0
DTXSID5048718	1	0
DTXSID5048760	1	0
DTXSID5048685	1	1
DTXSID5048762	1	0
DTXSID5048764	1	1
DTXSID5048768	1	0
DTXSID5048633	1	0
DTXSID5048635	1	0
DTXSID5048841	1	1
DTXSID5048847	1	0
DTXSID5048970	1	0
DTXSID5048849	1	0
DTXSID5048891	1	0
DTXSID5048926	1	0
DTXSID5048897	1	0
DTXSID5048893	1	0
DTXSID5048895	1	0
DTXSID5048920	1	1
DTXSID5048922	1	0
DTXSID5048845	1	0
DTXSID5048928	1	0
DTXSID5048924	1	0
DTXSID5049075	1	0
DTXSID5049285	1	0
DTXSID5049021	1	0
DTXSID5049025	1	0
DTXSID5048974	1	0
DTXSID5049287	1	0
DTXSID5049077	1	0
DTXSID5049027	1	0
DTXSID5049029	1	0
DTXSID5049079	1	0
DTXSID5049073	1	0
DTXSID5049233	1	0
DTXSID5049235	1	0
DTXSID5049366	1	0
DTXSID5049289	1	0
DTXSID5049364	1	0
DTXSID5049318	1	0
DTXSID5049360	1	0
DTXSID5049362	1	0
DTXSID5049368	1	0
DTXSID5049312	1	0
DTXSID5049314	1	0
DTXSID5051440	1	0
DTXSID5050426	1	0
DTXSID6020014	1	0
DTXSID6020068	1	0
DTXSID6020141	1	0
DTXSID6020220	1	1
DTXSID6020147	1	0
DTXSID6020149	1	0
DTXSID6020199	1	0
DTXSID6020197	1	0
DTXSID6020145	1	0
DTXSID6020143	1	0
DTXSID6020224	1	0
DTXSID6020274	1	1
DTXSID6020309	1	0
DTXSID6020355	1	0
DTXSID6020359	1	0
DTXSID6020276	1	1
DTXSID6020430	1	0
DTXSID6020432	1	1
DTXSID6020511	1	0
DTXSID6020561	1	0
DTXSID6020480	1	0
DTXSID6020484	1	0
DTXSID6020777	1	0
DTXSID6020569	1	0
DTXSID6020771	1	0
DTXSID6020721	1	0
DTXSID6020779	1	1
DTXSID6020690	1	0
DTXSID6020646	1	0
DTXSID6020692	1	0
DTXSID6020648	1	0
DTXSID6020802	1	0
DTXSID6020804	1	0
DTXSID6020856	1	0
DTXSID6020933	1	0
DTXSID6021030	1	0
DTXSID6021080	1	0
DTXSID6021117	1	0
DTXSID6021240	1	1
DTXSID6021292	1	0
DTXSID6021244	1	0
DTXSID6021294	1	0
DTXSID6021321	1	0
DTXSID6021327	1	0
DTXSID6021371	1	0
DTXSID6021373	1	0
DTXSID6021246	1	0
DTXSID6021296	1	0
DTXSID6021248	1	0
DTXSID6021290	1	0
DTXSID6021165	1	0
DTXSID6021082	1	0
DTXSID6021377	1	0
DTXSID6021408	1	1
DTXSID6021379	1	0
DTXSID6021402	1	0
DTXSID6021795	1	0
DTXSID6021660	1	0
DTXSID6021610	1	0
DTXSID6021793	1	0
DTXSID6021618	1	0
DTXSID6021456	1	0
DTXSID6021907	1	0
DTXSID6021953	1	0
DTXSID6021824	1	0
DTXSID6021872	1	0
DTXSID6021957	1	0
DTXSID6021959	1	0
DTXSID6021828	1	0
DTXSID6021874	1	0
DTXSID6022006	1	0
DTXSID6022187	1	0
DTXSID6022056	1	0
DTXSID6022133	1	0
DTXSID6022131	1	0
DTXSID6022000	1	0
DTXSID6022341	1	0
DTXSID6022391	1	1
DTXSID6022050	1	0
DTXSID6022393	1	0
DTXSID6022399	1	0
DTXSID6022345	1	1
DTXSID6022420	1	0
DTXSID6022422	1	0
DTXSID6022472	1	0
DTXSID6022557	1	0
DTXSID6022474	1	1
DTXSID6022719	1	0
DTXSID6022630	1	0
DTXSID6022632	1	0
DTXSID6022636	1	0
DTXSID6022684	1	0
DTXSID6022842	1	0
DTXSID6022553	1	1
DTXSID6022555	1	0
DTXSID6022927	1	0
DTXSID6022973	1	0
DTXSID6022975	1	0
DTXSID6023020	1	0
DTXSID6022846	1	0
DTXSID6023024	1	1
DTXSID6022892	1	0
DTXSID6023103	1	0
DTXSID6023076	1	0
DTXSID6022894	1	1
DTXSID6023109	1	0
DTXSID6022898	1	1
DTXSID6023367	1	0
DTXSID6023153	1	0
DTXSID6023155	1	1
DTXSID6023315	1	0
DTXSID6023317	1	0
DTXSID6023319	1	0
DTXSID6023280	1	0
DTXSID6023159	1	1
DTXSID6023363	1	1
DTXSID6023652	1	1
DTXSID6023286	1	0
DTXSID6023313	1	0
DTXSID6023365	1	0
DTXSID6023440	1	0
DTXSID6023999	1	0
DTXSID6023656	1	0
DTXSID6023658	1	0
DTXSID6023608	1	0
DTXSID6023442	1	0
DTXSID6023650	1	0
DTXSID6023490	1	0
DTXSID6023492	1	1
DTXSID6023868	1	0
DTXSID6023496	1	0
DTXSID6023523	1	0
DTXSID6023529	1	0
DTXSID6023571	1	0
DTXSID6023862	1	0
DTXSID6023600	1	0
DTXSID6023947	1	0
DTXSID6023997	1	0
DTXSID6023864	1	0
DTXSID6023735	1	0
DTXSID6023737	1	0
DTXSID6023810	1	1
DTXSID6024175	1	0
DTXSID6024200	1	0
DTXSID6024204	1	0
DTXSID6024206	1	0
DTXSID6024254	1	0
DTXSID6024412	1	0
DTXSID6024414	1	0
DTXSID6024460	1	1
DTXSID6024337	1	0
DTXSID6024462	1	0
DTXSID6024048	1	0
DTXSID6024123	1	0
DTXSID6024466	1	0
DTXSID6024591	1	0
DTXSID6024597	1	0
DTXSID6024674	1	0
DTXSID6024599	1	0
DTXSID6024622	1	0
DTXSID6024624	1	1
DTXSID6024834	1	0
DTXSID6024880	1	0
DTXSID6024676	1	0
DTXSID6024882	1	1
DTXSID6024886	1	0
DTXSID6024832	1	0
DTXSID6025068	1	0
DTXSID6025014	1	0
DTXSID6025018	1	0
DTXSID6024915	1	0
DTXSID6025064	1	0
DTXSID6024967	1	0
DTXSID6025226	1	0
DTXSID6025272	1	0
DTXSID6025145	1	0
DTXSID6025143	1	0
DTXSID6025301	1	0
DTXSID6025303	1	0
DTXSID6025565	1	1
DTXSID6025567	1	0
DTXSID6025569	1	0
DTXSID6025309	1	0
DTXSID6025355	1	0
DTXSID6025436	1	1
DTXSID6025480	1	0
DTXSID6025486	1	0
DTXSID6025513	1	1
DTXSID6025939	1	0
DTXSID6025983	1	0
DTXSID6026080	1	0
DTXSID6026084	1	0
DTXSID6026088	1	0
DTXSID6026082	1	0
DTXSID6026115	1	0
DTXSID6025696	1	1
DTXSID6026119	1	0
DTXSID6026161	1	0
DTXSID6026664	1	0
DTXSID6026797	1	0
DTXSID6026799	1	0
DTXSID6026169	1	0
DTXSID6026240	1	0
DTXSID6026294	1	1
DTXSID6026872	1	0
DTXSID6026450	1	0
DTXSID6026535	1	0
DTXSID6026537	1	0
DTXSID6026167	1	0
DTXSID6026298	1	0
DTXSID6026325	1	0
DTXSID6026955	1	0
DTXSID6027052	1	0
DTXSID6027131	1	0
DTXSID6027218	1	0
DTXSID6027181	1	0
DTXSID6027262	1	0
DTXSID6027185	1	0
DTXSID6027341	1	0
DTXSID6027503	1	0
DTXSID6027343	1	0
DTXSID6027345	1	0
DTXSID6027507	1	0
DTXSID6027551	1	0
DTXSID6028028	1	0
DTXSID6027975	1	0
DTXSID6028022	1	0
DTXSID6029202	1	0
DTXSID6029121	1	0
DTXSID6029707	1	0
DTXSID6029331	1	0
DTXSID6029626	1	0
DTXSID6029670	1	0
DTXSID6029703	1	0
DTXSID6031380	1	0
DTXSID6032192	1	0
DTXSID6032354	1	0
DTXSID6032061	1	1
DTXSID6032352	1	0
DTXSID6032431	1	0
DTXSID6032356	1	0
DTXSID6032437	1	0
DTXSID6032514	1	1
DTXSID6032645	1	0
DTXSID6032641	1	0
DTXSID6032562	1	0
DTXSID6032647	1	1
DTXSID6032518	1	0
DTXSID6032649	1	0
DTXSID6033825	1	0
DTXSID6034186	1	1
DTXSID6032722	1	0
DTXSID6033401	1	0
DTXSID6033538	1	1
DTXSID6033241	1	0
DTXSID6034265	1	0
DTXSID6034005	1	0
DTXSID6034928	1	0
DTXSID6034764	1	0
DTXSID6034392	1	0
DTXSID6034972	1	0
DTXSID6035784	1	1
DTXSID6035152	1	0
DTXSID6035156	1	0
DTXSID6036467	1	0
DTXSID6037015	1	0
DTXSID6038798	1	0
DTXSID6037649	1	0
DTXSID6037697	1	0
DTXSID6038875	1	0
DTXSID6037728	1	0
DTXSID6040404	1	0
DTXSID6040583	1	0
DTXSID6040246	1	0
DTXSID6040290	1	0
DTXSID6038877	1	0
DTXSID6040115	1	0
DTXSID6040296	1	0
DTXSID6040371	1	0
DTXSID6041133	1	1
DTXSID6040745	1	0
DTXSID6040662	1	0
DTXSID6041268	1	1
DTXSID6040747	1	1
DTXSID6040664	1	0
DTXSID6040666	1	0
DTXSID6040668	1	0
DTXSID6041210	1	0
DTXSID6040795	1	0
DTXSID6041185	1	0
DTXSID6041426	1	0
DTXSID6041347	1	0
DTXSID6041349	1	0
DTXSID6041420	1	0
DTXSID6041422	1	0
DTXSID6041507	1	0
DTXSID6041682	1	0
DTXSID6041636	1	0
DTXSID6041684	1	0
DTXSID6041715	1	0
DTXSID6041719	1	0
DTXSID6041638	1	0
DTXSID6041688	1	0
DTXSID6041680	1	0
DTXSID6041892	1	0
DTXSID6042072	1	0
DTXSID6042074	1	0
DTXSID6041973	1	0
DTXSID6042280	1	0
DTXSID6042157	1	0
DTXSID6041927	1	0
DTXSID6041977	1	1
DTXSID6042440	1	0
DTXSID6042448	1	0
DTXSID6042490	1	0
DTXSID6042494	1	0
DTXSID6042579	1	0
DTXSID6042602	1	0
DTXSID6042369	1	0
DTXSID6044014	1	0
DTXSID6044303	1	1
DTXSID6043913	1	0
DTXSID6043915	1	1
DTXSID6043709	1	0
DTXSID6042498	1	1
DTXSID6044307	1	0
DTXSID6044309	1	1
DTXSID6042365	1	0
DTXSID6044272	1	0
DTXSID6044226	1	0
DTXSID6044353	1	0
DTXSID6044357	1	0
DTXSID6044436	1	0
DTXSID6044438	1	0
DTXSID6044355	1	0
DTXSID6044359	1	0
DTXSID6044488	1	0
DTXSID6044430	1	0
DTXSID6044517	1	0
DTXSID6044561	1	0
DTXSID6044563	1	0
DTXSID6044565	1	0
DTXSID6044644	1	0
DTXSID6044646	1	0
DTXSID6044648	1	0
DTXSID6044725	1	0
DTXSID6044690	1	0
DTXSID6044773	1	0
DTXSID6044777	1	0
DTXSID6044692	1	0
DTXSID6044696	1	0
DTXSID6044985	1	0
DTXSID6044939	1	0
DTXSID6044856	1	0
DTXSID6044858	1	0
DTXSID6044933	1	0
DTXSID6044808	1	0
DTXSID6044852	1	0
DTXSID6045082	1	0
DTXSID6045086	1	0
DTXSID6045088	1	0
DTXSID6044983	1	0
DTXSID6044989	1	0
DTXSID6044981	1	0
DTXSID6045321	1	0
DTXSID6045371	1	1
DTXSID6045323	1	0
DTXSID6045248	1	0
DTXSID6045115	1	0
DTXSID6045117	1	0
DTXSID6045161	1	0
DTXSID6045163	1	0
DTXSID6045169	1	0
DTXSID6045240	1	0
DTXSID6045292	1	0
DTXSID6045165	1	0
DTXSID6045325	1	0
DTXSID6045373	1	0
DTXSID6045119	1	0
DTXSID6045296	1	0
DTXSID6045167	1	0
DTXSID6045581	1	0
DTXSID6045583	1	1
DTXSID6045618	1	0
DTXSID6045660	1	0
DTXSID6045375	1	0
DTXSID6045452	1	0
DTXSID6045662	1	0
DTXSID6045377	1	0
DTXSID6045587	1	0
DTXSID6045614	1	0
DTXSID6045531	1	0
DTXSID6045666	1	0
DTXSID6045585	1	0
DTXSID6045533	1	0
DTXSID6045400	1	0
DTXSID6045535	1	0
DTXSID6045537	1	0
DTXSID6045408	1	0
DTXSID6045616	1	0
DTXSID6045539	1	0
DTXSID6045749	1	0
DTXSID6045668	1	0
DTXSID6045905	1	0
DTXSID6045907	1	0
DTXSID6045878	1	0
DTXSID6045795	1	0
DTXSID6045741	1	0
DTXSID6045828	1	0
DTXSID6045745	1	0
DTXSID6045872	1	0
DTXSID6045909	1	0
DTXSID6045901	1	0
DTXSID6045874	1	0
DTXSID6045951	1	0
DTXSID6045953	1	0
DTXSID6045791	1	0
DTXSID6045820	1	0
DTXSID6045957	1	0
DTXSID6045959	1	0
DTXSID6046133	1	0
DTXSID6046135	1	0
DTXSID6046189	1	0
DTXSID6046210	1	0
DTXSID6046212	1	0
DTXSID6046214	1	0
DTXSID6046216	1	0
DTXSID6046137	1	0
DTXSID6046260	1	0
DTXSID6045955	1	0
DTXSID6046139	1	0
DTXSID6046181	1	0
DTXSID6046218	1	0
DTXSID6046262	1	0
DTXSID6046000	1	0
DTXSID6046183	1	0
DTXSID6046185	1	0
DTXSID6046187	1	0
DTXSID6046008	1	1
DTXSID6046131	1	0
DTXSID6046395	1	0
DTXSID6046397	1	0
DTXSID6046420	1	0
DTXSID6046422	1	0
DTXSID6046264	1	0
DTXSID6046266	1	0
DTXSID6046268	1	0
DTXSID6046341	1	0
DTXSID6046343	1	0
DTXSID6046424	1	0
DTXSID6046426	1	0
DTXSID6046349	1	0
DTXSID6046428	1	0
DTXSID6046470	1	0
DTXSID6046557	1	0
DTXSID6046630	1	0
DTXSID6046472	1	0
DTXSID6046474	1	0
DTXSID6046715	1	0
DTXSID6046634	1	0
DTXSID6046503	1	0
DTXSID6046505	1	0
DTXSID6046636	1	0
DTXSID6046761	1	0
DTXSID6046476	1	0
DTXSID6046478	1	1
DTXSID6046501	1	0
DTXSID6046507	1	1
DTXSID6046509	1	0
DTXSID6046551	1	0
DTXSID6046553	1	1
DTXSID6046555	1	0
DTXSID6046638	1	0
DTXSID6046686	1	0
DTXSID6046688	1	0
DTXSID6046763	1	0
DTXSID6046765	1	0
DTXSID6046767	1	0
DTXSID6046844	1	1
DTXSID6046846	1	0
DTXSID6046890	1	0
DTXSID6046892	1	1
DTXSID6047101	1	0
DTXSID6047103	1	0
DTXSID6047074	1	0
DTXSID6046898	1	0
DTXSID6046921	1	0
DTXSID6046979	1	1
DTXSID6047076	1	0
DTXSID6046925	1	0
DTXSID6046977	1	0
DTXSID6047070	1	0
DTXSID6046923	1	0
DTXSID6047072	1	0
DTXSID6047078	1	0
DTXSID6047105	1	0
DTXSID6047159	1	0
DTXSID6047280	1	0
DTXSID6047109	1	0
DTXSID6047157	1	0
DTXSID6047313	1	0
DTXSID6047286	1	0
DTXSID6047288	1	0
DTXSID6047282	1	0
DTXSID6047284	1	0
DTXSID6047311	1	0
DTXSID6047319	1	0
DTXSID6047440	1	0
DTXSID6047444	1	0
DTXSID6047315	1	1
DTXSID6047498	1	1
DTXSID6047363	1	0
DTXSID6047446	1	0
DTXSID6047606	1	0
DTXSID6047608	1	0
DTXSID6047781	1	0
DTXSID6047525	1	0
DTXSID6047604	1	0
DTXSID6047523	1	0
DTXSID6047529	1	0
DTXSID6047369	1	1
DTXSID6047783	1	0
DTXSID6047785	1	0
DTXSID6047787	1	0
DTXSID6047789	1	0
DTXSID6047810	1	0
DTXSID6047818	1	0
DTXSID6047941	1	0
DTXSID6048171	1	0
DTXSID6048204	1	0
DTXSID6048202	1	0
DTXSID6048206	1	0
DTXSID6048175	1	0
DTXSID6048200	1	0
DTXSID6048626	1	0
DTXSID6048628	1	0
DTXSID6048670	1	0
DTXSID6048676	1	0
DTXSID6048705	1	0
DTXSID6048208	1	0
DTXSID6048333	1	0
DTXSID6048599	1	0
DTXSID6048591	1	0
DTXSID6048709	1	0
DTXSID6048751	1	0
DTXSID6048753	1	0
DTXSID6048757	1	0
DTXSID6048759	1	0
DTXSID6048830	1	0
DTXSID6048832	1	0
DTXSID6048834	1	0
DTXSID6048836	1	0
DTXSID6048672	1	0
DTXSID6048674	1	0
DTXSID6048622	1	1
DTXSID6048624	1	0
DTXSID6048593	1	0
DTXSID6048595	1	0
DTXSID6048597	1	0
DTXSID6048884	1	0
DTXSID6048967	1	0
DTXSID6048886	1	0
DTXSID6048917	1	0
DTXSID6049272	1	0
DTXSID6049276	1	0
DTXSID6049060	1	0
DTXSID6048965	1	0
DTXSID6049062	1	0
DTXSID6049064	1	0
DTXSID6049222	1	1
DTXSID6049224	1	0
DTXSID6049066	1	0
DTXSID6049010	1	0
DTXSID6048913	1	0
DTXSID6048915	1	0
DTXSID6049016	1	0
DTXSID6048888	1	0
DTXSID6048911	1	0
DTXSID6048838	1	0
DTXSID6048880	1	0
DTXSID6048882	1	0
DTXSID6048961	1	1
DTXSID6049068	1	0
DTXSID6049220	1	0
DTXSID6049305	1	0
DTXSID6049307	1	0
DTXSID6049355	1	0
DTXSID6049357	1	0
DTXSID6049430	1	0
DTXSID6049432	1	0
DTXSID6050386	1	0
DTXSID7020007	1	0
DTXSID7020009	1	0
DTXSID7020053	1	0
DTXSID7020182	1	1
DTXSID7020184	1	0
DTXSID7020211	1	0
DTXSID7020057	1	0
DTXSID7020138	1	0
DTXSID7020348	1	0
DTXSID7020340	1	1
DTXSID7020342	1	0
DTXSID7020392	1	0
DTXSID7020267	1	0
DTXSID7020344	1	1
DTXSID7020263	1	0
DTXSID7020550	1	0
DTXSID7020427	1	0
DTXSID7020504	1	0
DTXSID7020425	1	1
DTXSID7020398	1	1
DTXSID7020421	1	0
DTXSID7020552	1	0
DTXSID7020558	1	1
DTXSID7020687	1	0
DTXSID7020685	1	0
DTXSID7020631	1	0
DTXSID7020689	1	0
DTXSID7020635	1	0
DTXSID7020714	1	0
DTXSID7020760	1	0
DTXSID7020716	1	1
DTXSID7020766	1	0
DTXSID7020768	1	1
DTXSID7020710	1	0
DTXSID7020764	1	0
DTXSID7020899	1	0
DTXSID7020920	1	0
DTXSID7020845	1	0
DTXSID7020893	1	0
DTXSID7020922	1	0
DTXSID7020928	1	0
DTXSID7020895	1	0
DTXSID7021102	1	0
DTXSID7021150	1	1
DTXSID7021106	1	1
DTXSID7021152	1	0
DTXSID7021158	1	0
DTXSID7021231	1	0
DTXSID7021233	1	0
DTXSID7021235	1	0
DTXSID7021360	1	0
DTXSID7021362	1	0
DTXSID7021287	1	0
DTXSID7021366	1	0
DTXSID7021312	1	0
DTXSID7021493	1	0
DTXSID7021364	1	0
DTXSID7021314	1	1
DTXSID7021237	1	0
DTXSID7021316	1	0
DTXSID7021520	1	0
DTXSID7021239	1	0
DTXSID7021491	1	0
DTXSID7021524	1	0
DTXSID7021780	1	0
DTXSID7021784	1	0
DTXSID7021867	1	0
DTXSID7021657	1	0
DTXSID7021815	1	0
DTXSID7021817	1	0
DTXSID7021869	1	0
DTXSID7021992	1	0
DTXSID7022093	1	0
DTXSID7021994	1	0
DTXSID7022120	1	0
DTXSID7022043	1	0
DTXSID7021948	1	0
DTXSID7022049	1	0
DTXSID7022253	1	1
DTXSID7022411	1	0
DTXSID7022332	1	0
DTXSID7022413	1	0
DTXSID7022382	1	0
DTXSID7022384	1	0
DTXSID7022415	1	0
DTXSID7022417	1	0
DTXSID7022590	1	0
DTXSID7022540	1	0
DTXSID7022592	1	0
DTXSID7022544	1	0
DTXSID7022598	1	1
DTXSID7022170	1	0
DTXSID7022172	1	0
DTXSID7022839	1	0
DTXSID7022883	1	1
DTXSID7022912	1	0
DTXSID7022914	1	0
DTXSID7022918	1	0
DTXSID7022968	1	0
DTXSID7023011	1	0
DTXSID7023019	1	0
DTXSID7023061	1	0
DTXSID7022673	1	0
DTXSID7023063	1	1
DTXSID7022835	1	0
DTXSID7023067	1	0
DTXSID7022837	1	1
DTXSID7022629	1	0
DTXSID7022752	1	0
DTXSID7022671	1	0
DTXSID7022754	1	0
DTXSID7022833	1	0
DTXSID7023194	1	0
DTXSID7023225	1	0
DTXSID7023227	1	0
DTXSID7023481	1	0
DTXSID7023302	1	0
DTXSID7023350	1	1
DTXSID7023190	1	0
DTXSID7023352	1	1
DTXSID7023485	1	0
DTXSID7023487	1	0
DTXSID7023510	1	0
DTXSID7023356	1	0
DTXSID7023435	1	0
DTXSID7023437	1	0
DTXSID7023691	1	0
DTXSID7023693	1	0
DTXSID7023724	1	0
DTXSID7023697	1	0
DTXSID7023930	1	0
DTXSID7023512	1	0
DTXSID7023516	1	0
DTXSID7023518	1	0
DTXSID7023566	1	0
DTXSID7023568	1	0
DTXSID7023643	1	0
DTXSID7023645	1	0
DTXSID7023699	1	0
DTXSID7023938	1	0
DTXSID7023300	1	0
DTXSID7024035	1	0
DTXSID7024081	1	0
DTXSID7023277	1	0
DTXSID7023980	1	0
DTXSID7023986	1	0
DTXSID7024031	1	0
DTXSID7023279	1	0
DTXSID7024087	1	0
DTXSID7024164	1	0
DTXSID7024110	1	0
DTXSID7024166	1	0
DTXSID7024247	1	0
DTXSID7024320	1	0
DTXSID7024291	1	0
DTXSID7024409	1	0
DTXSID7024455	1	0
DTXSID7024457	1	0
DTXSID7024661	1	0
DTXSID7024299	1	0
DTXSID7024667	1	0
DTXSID7024532	1	0
DTXSID7024873	1	0
DTXSID7024875	1	0
DTXSID7024821	1	0
DTXSID7024956	1	1
DTXSID7025001	1	0
DTXSID7024902	1	0
DTXSID7025003	1	0
DTXSID7025005	1	0
DTXSID7025053	1	0
DTXSID7024538	1	0
DTXSID7024580	1	0
DTXSID7024586	1	0
DTXSID7025269	1	0
DTXSID7025215	1	0
DTXSID7025217	1	1
DTXSID7025180	1	0
DTXSID7025342	1	0
DTXSID7025346	1	0
DTXSID7025421	1	0
DTXSID7025423	1	0
DTXSID7025429	1	0
DTXSID7025479	1	0
DTXSID7025895	1	0
DTXSID7025922	1	0
DTXSID7026108	1	0
DTXSID7025716	1	0
DTXSID7026235	1	0
DTXSID7026102	1	0
DTXSID7026285	1	0
DTXSID7026231	1	0
DTXSID7025924	1	0
DTXSID7026156	1	0
DTXSID7026029	1	0
DTXSID7026025	1	0
DTXSID7025926	1	0
DTXSID7025972	1	0
DTXSID7026368	1	0
DTXSID7026526	1	0
DTXSID7026528	1	0
DTXSID7026366	1	0
DTXSID7026520	1	0
DTXSID7026499	1	0
DTXSID7026653	1	0
DTXSID7026572	1	0
DTXSID7026811	1	0
DTXSID7027047	1	0
DTXSID7026994	1	0
DTXSID7027049	1	0
DTXSID7027259	1	0
DTXSID7027334	1	0
DTXSID7027174	1	0
DTXSID7027205	1	0
DTXSID7027546	1	0
DTXSID7027594	1	0
DTXSID7027413	1	0
DTXSID7027540	1	0
DTXSID7027467	1	0
DTXSID7027596	1	0
DTXSID7027756	1	0
DTXSID7027625	1	0
DTXSID7027833	1	0
DTXSID7027887	1	0
DTXSID7028300	1	0
DTXSID7029162	1	0
DTXSID7029164	1	0
DTXSID7029166	1	0
DTXSID7029611	1	0
DTXSID7029299	1	0
DTXSID7029241	1	0
DTXSID7029247	1	0
DTXSID7029320	1	0
DTXSID7029534	1	1
DTXSID7029665	1	0
DTXSID7029871	1	1
DTXSID7030197	1	0
DTXSID7030307	1	0
DTXSID7029879	1	0
DTXSID7029904	1	0
DTXSID7031458	1	0
DTXSID7031248	1	0
DTXSID7031290	1	0
DTXSID7031797	1	0
DTXSID7031903	1	0
DTXSID7032345	1	1
DTXSID7032393	1	0
DTXSID7032555	1	0
DTXSID7032474	1	0
DTXSID7032559	1	0
DTXSID7034250	1	1
DTXSID7032630	1	0
DTXSID7032688	1	0
DTXSID7034252	1	0
DTXSID7034383	1	0
DTXSID7032638	1	0
DTXSID7034672	1	0
DTXSID7034545	1	0
DTXSID7034674	1	1
DTXSID7034836	1	0
DTXSID7035010	1	0
DTXSID7034676	1	0
DTXSID7037131	1	0
DTXSID7034961	1	0
DTXSID7035272	1	0
DTXSID7037185	1	1
DTXSID7037555	1	0
DTXSID7037478	1	1
DTXSID7037262	1	1
DTXSID7037715	1	0
DTXSID7037680	1	0
DTXSID7037551	1	0
DTXSID7037717	1	1
DTXSID7040283	1	0
DTXSID7038814	1	0
DTXSID7040285	1	0
DTXSID7038317	1	0
DTXSID7038864	1	0
DTXSID7040657	1	0
DTXSID7040287	1	0
DTXSID7040360	1	0
DTXSID7040732	1	0
DTXSID7040289	1	0
DTXSID7040526	1	0
DTXSID7040651	1	0
DTXSID7040653	1	0
DTXSID7040734	1	0
DTXSID7041047	1	0
DTXSID7041091	1	0
DTXSID7040948	1	0
DTXSID7040736	1	0
DTXSID7041097	1	0
DTXSID7040990	1	1
DTXSID7041253	1	0
DTXSID7041178	1	0
DTXSID7040788	1	0
DTXSID7041126	1	0
DTXSID7041209	1	0
DTXSID7041413	1	0
DTXSID7041201	1	0
DTXSID7041461	1	1
DTXSID7041336	1	0
DTXSID7041411	1	1
DTXSID7041544	1	0
DTXSID7041671	1	0
DTXSID7041621	1	0
DTXSID7041752	1	1
DTXSID7041675	1	0
DTXSID7041467	1	0
DTXSID7041625	1	0
DTXSID7041627	1	0
DTXSID7041756	1	0
DTXSID7041623	1	0
DTXSID7041629	1	0
DTXSID7041966	1	0
DTXSID7041916	1	0
DTXSID7041918	1	0
DTXSID7041889	1	0
DTXSID7041910	1	0
DTXSID7042140	1	0
DTXSID7041914	1	0
DTXSID7042146	1	0
DTXSID7041962	1	0
DTXSID7041964	1	0
DTXSID7042273	1	0
DTXSID7042061	1	0
DTXSID7042063	1	0
DTXSID7042279	1	0
DTXSID7042065	1	1
DTXSID7042352	1	0
DTXSID7042356	1	0
DTXSID7042196	1	0
DTXSID7042437	1	0
DTXSID7042198	1	0
DTXSID7042019	1	0
DTXSID7043829	1	0
DTXSID7043873	1	0
DTXSID7043952	1	0
DTXSID7044130	1	0
DTXSID7044132	1	0
DTXSID7043908	1	0
DTXSID7044215	1	0
DTXSID7043950	1	0
DTXSID7044394	1	0
DTXSID7044217	1	0
DTXSID7044396	1	0
DTXSID7044267	1	0
DTXSID7044340	1	0
DTXSID7044342	1	0
DTXSID7044398	1	0
DTXSID7044421	1	0
DTXSID7044427	1	0
DTXSID7044429	1	0
DTXSID7044392	1	0
DTXSID7044471	1	0
DTXSID7044506	1	0
DTXSID7044631	1	0
DTXSID7044502	1	0
DTXSID7044473	1	0
DTXSID7044475	1	0
DTXSID7044633	1	0
DTXSID7044635	1	0
DTXSID7044479	1	0
DTXSID7044554	1	0
DTXSID7044768	1	0
DTXSID7044718	1	0
DTXSID7044712	1	0
DTXSID7044762	1	0
DTXSID7044841	1	0
DTXSID7044760	1	0
DTXSID7044843	1	0
DTXSID7044681	1	0
DTXSID7044685	1	0
DTXSID7044764	1	0
DTXSID7044716	1	0
DTXSID7044689	1	0
DTXSID7044710	1	0
DTXSID7044922	1	0
DTXSID7044926	1	0
DTXSID7044849	1	0
DTXSID7044893	1	1
DTXSID7044895	1	1
DTXSID7044972	1	0
DTXSID7045360	1	0
DTXSID7045364	1	0
DTXSID7045366	1	0
DTXSID7045368	1	0
DTXSID7045287	1	0
DTXSID7045310	1	0
DTXSID7045441	1	0
DTXSID7045029	1	0
DTXSID7045152	1	0
DTXSID7045316	1	0
DTXSID7045108	1	0
DTXSID7045158	1	0
DTXSID7045312	1	0
DTXSID7045281	1	0
DTXSID7045150	1	0
DTXSID7045443	1	0
DTXSID7045447	1	0
DTXSID7045493	1	0
DTXSID7045497	1	0
DTXSID7045522	1	0
DTXSID7045526	1	0
DTXSID7045578	1	0
DTXSID7045570	1	0
DTXSID7045603	1	0
DTXSID7045605	1	0
DTXSID7045572	1	0
DTXSID7045574	1	0
DTXSID7045576	1	0
DTXSID7045940	1	0
DTXSID7045782	1	0
DTXSID7045786	1	0
DTXSID7045811	1	0
DTXSID7045992	1	0
DTXSID7045865	1	0
DTXSID7045813	1	0
DTXSID7045659	1	0
DTXSID7045863	1	0
DTXSID7045944	1	1
DTXSID7045867	1	1
DTXSID7045788	1	0
DTXSID7045946	1	0
DTXSID7045948	1	0
DTXSID7045607	1	0
DTXSID7045651	1	0
DTXSID7045655	1	0
DTXSID7045653	1	0
DTXSID7045815	1	0
DTXSID7046386	1	1
DTXSID7046128	1	0
DTXSID7046259	1	0
DTXSID7046332	1	0
DTXSID7046178	1	0
DTXSID7045996	1	0
DTXSID7045998	1	0
DTXSID7046384	1	0
DTXSID7046388	1	0
DTXSID7046041	1	0
DTXSID7046093	1	0
DTXSID7046045	1	0
DTXSID7046126	1	0
DTXSID7046047	1	0
DTXSID7046091	1	1
DTXSID7046174	1	0
DTXSID7046201	1	0
DTXSID7046205	1	0
DTXSID7046097	1	0
DTXSID7046099	1	0
DTXSID7046120	1	0
DTXSID7046417	1	0
DTXSID7046700	1	0
DTXSID7046702	1	0
DTXSID7046465	1	1
DTXSID7046627	1	0
DTXSID7046673	1	0
DTXSID7046411	1	0
DTXSID7046463	1	0
DTXSID7046122	1	0
DTXSID7046677	1	0
DTXSID7046548	1	0
DTXSID7046592	1	0
DTXSID7046594	1	0
DTXSID7046675	1	0
DTXSID7046176	1	0
DTXSID7046207	1	0
DTXSID7046621	1	0
DTXSID7046415	1	0
DTXSID7046253	1	0
DTXSID7046255	1	0
DTXSID7046257	1	0
DTXSID7046708	1	0
DTXSID7046752	1	0
DTXSID7046754	1	0
DTXSID7046623	1	0
DTXSID7046461	1	0
DTXSID7046758	1	0
DTXSID7046467	1	0
DTXSID7046542	1	0
DTXSID7047144	1	0
DTXSID7047146	1	1
DTXSID7047065	1	0
DTXSID7047067	1	0
DTXSID7046889	1	1
DTXSID7046910	1	0
DTXSID7046881	1	0
DTXSID7047142	1	0
DTXSID7046912	1	0
DTXSID7046914	1	0
DTXSID7046833	1	0
DTXSID7046837	1	0
DTXSID7046918	1	0
DTXSID7046966	1	0
DTXSID7046885	1	0
DTXSID7047190	1	0
DTXSID7047277	1	0
DTXSID7047271	1	1
DTXSID7047304	1	0
DTXSID7047196	1	0
DTXSID7047306	1	0
DTXSID7047308	1	1
DTXSID7047279	1	0
DTXSID7047512	1	0
DTXSID7047437	1	0
DTXSID7047562	1	0
DTXSID7047518	1	0
DTXSID7047358	1	1
DTXSID7047439	1	0
DTXSID7047435	1	0
DTXSID7047356	1	0
DTXSID7047433	1	1
DTXSID7047568	1	0
DTXSID7047641	1	0
DTXSID7047487	1	0
DTXSID7047510	1	0
DTXSID7047645	1	0
DTXSID7047647	1	0
DTXSID7047649	1	0
DTXSID7047774	1	0
DTXSID7047807	1	0
DTXSID7047697	1	0
DTXSID7047726	1	0
DTXSID7047851	1	0
DTXSID7047772	1	0
DTXSID7047857	1	0
DTXSID7047776	1	0
DTXSID7047930	1	0
DTXSID7047803	1	0
DTXSID7047938	1	0
DTXSID7048669	1	0
DTXSID7048291	1	1
DTXSID7048580	1	0
DTXSID7048615	1	0
DTXSID7048617	1	0
DTXSID7048168	1	0
DTXSID7048619	1	0
DTXSID7047936	1	0
DTXSID7048661	1	0
DTXSID7048663	1	0
DTXSID7048166	1	1
DTXSID7048582	1	0
DTXSID7048586	1	0
DTXSID7048665	1	0
DTXSID7048667	1	0
DTXSID7048588	1	0
DTXSID7048611	1	0
DTXSID7048742	1	0
DTXSID7048746	1	0
DTXSID7048748	1	0
DTXSID7048790	1	1
DTXSID7048792	1	0
DTXSID7048794	1	0
DTXSID7048875	1	0
DTXSID7048827	1	0
DTXSID7048879	1	0
DTXSID7048829	1	0
DTXSID7048900	1	0
DTXSID7048871	1	0
DTXSID7048902	1	0
DTXSID7048873	1	0
DTXSID7048823	1	0
DTXSID7048908	1	0
DTXSID7048950	1	0
DTXSID7048825	1	0
DTXSID7048952	1	0
DTXSID7048796	1	0
DTXSID7048798	1	0
DTXSID7048904	1	0
DTXSID7048821	1	0
DTXSID7048906	1	0
DTXSID7048958	1	0
DTXSID7049001	1	0
DTXSID7049003	1	0
DTXSID7049005	1	0
DTXSID7049007	1	0
DTXSID7049009	1	0
DTXSID7049213	1	0
DTXSID7049051	1	0
DTXSID7049053	1	0
DTXSID7049055	1	0
DTXSID7049261	1	0
DTXSID7049269	1	0
DTXSID7049057	1	0
DTXSID7049059	1	0
DTXSID7049263	1	0
DTXSID7049265	1	0
DTXSID7049340	1	0
DTXSID7049344	1	0
DTXSID7049267	1	0
DTXSID7049346	1	0
DTXSID7049429	1	0
DTXSID7049423	1	0
DTXSID7049394	1	0
DTXSID7049348	1	0
DTXSID7049421	1	0
DTXSID7049390	1	0
DTXSID7049427	1	0
DTXSID8020040	1	0
DTXSID8020090	1	0
DTXSID8020121	1	0
DTXSID8020123	1	0
DTXSID8020092	1	0
DTXSID8020094	1	0
DTXSID8020175	1	0
DTXSID8020129	1	0
DTXSID8020173	1	0
DTXSID8020200	1	0
DTXSID8020202	1	0
DTXSID8020250	1	0
DTXSID8020256	1	0
DTXSID8020331	1	0
DTXSID8020337	1	0
DTXSID8020381	1	0
DTXSID8020541	1	0
DTXSID8020591	1	0
DTXSID8020383	1	1
DTXSID8020543	1	0
DTXSID8020462	1	0
DTXSID8020410	1	0
DTXSID8020707	1	0
DTXSID8020674	1	0
DTXSID8020709	1	0
DTXSID8020626	1	0
DTXSID8020620	1	0
DTXSID8020628	1	0
DTXSID8020678	1	0
DTXSID8020703	1	0
DTXSID8020757	1	0
DTXSID8020759	1	0
DTXSID8020830	1	0
DTXSID8020755	1	0
DTXSID8020915	1	0
DTXSID8020886	1	0
DTXSID8020888	1	0
DTXSID8020913	1	0
DTXSID8020919	1	0
DTXSID8020917	1	0
DTXSID8021147	1	0
DTXSID8021062	1	0
DTXSID8021197	1	0
DTXSID8021193	1	0
DTXSID8021145	1	0
DTXSID8021195	1	0
DTXSID8021222	1	0
DTXSID8021224	1	0
DTXSID8021270	1	0
DTXSID8021272	1	0
DTXSID8021305	1	0
DTXSID8021359	1	0
DTXSID8021309	1	1
DTXSID8021488	1	0
DTXSID8021484	1	0
DTXSID8021519	1	0
DTXSID8021563	1	0
DTXSID8021276	1	0
DTXSID8021278	1	0
DTXSID8021301	1	0
DTXSID8021721	1	0
DTXSID8021775	1	0
DTXSID8021725	1	0
DTXSID8021777	1	1
DTXSID8021800	1	0
DTXSID8021771	1	0
DTXSID8021729	1	0
DTXSID8022082	1	0
DTXSID8021802	1	0
DTXSID8021804	1	0
DTXSID8021856	1	0
DTXSID8021808	1	0
DTXSID8022325	1	1
DTXSID8022292	1	0
DTXSID8022111	1	0
DTXSID8022246	1	0
DTXSID8022117	1	0
DTXSID8022161	1	0
DTXSID8022612	1	0
DTXSID8022666	1	0
DTXSID8022614	1	0
DTXSID8022749	1	0
DTXSID8022589	1	0
DTXSID8022404	1	0
DTXSID8022371	1	1
DTXSID8022406	1	0
DTXSID8022377	1	1
DTXSID8022408	1	0
DTXSID8022822	1	0
DTXSID8022870	1	0
DTXSID8022872	1	0
DTXSID8022741	1	0
DTXSID8022901	1	0
DTXSID8022955	1	0
DTXSID8022959	1	0
DTXSID8023000	1	1
DTXSID8023004	1	1
DTXSID8023050	1	0
DTXSID8023054	1	0
DTXSID8023137	1	0
DTXSID8023181	1	0
DTXSID8023187	1	0
DTXSID8023472	1	0
DTXSID8023393	1	0
DTXSID8023551	1	0
DTXSID8023478	1	0
DTXSID8023474	1	0
DTXSID8023395	1	0
DTXSID8023422	1	0
DTXSID8023476	1	0
DTXSID8023426	1	0
DTXSID8023470	1	0
DTXSID8023713	1	0
DTXSID8023636	1	1
DTXSID8023688	1	0
DTXSID8023719	1	1
DTXSID8023848	1	0
DTXSID8023890	1	0
DTXSID8023262	1	1
DTXSID8023977	1	0
DTXSID8023216	1	1
DTXSID8023345	1	0
DTXSID8023347	1	0
DTXSID8023927	1	0
DTXSID8024072	1	0
DTXSID8023260	1	1
DTXSID8024101	1	0
DTXSID8023349	1	0
DTXSID8023214	1	1
DTXSID8024107	1	0
DTXSID8024105	1	0
DTXSID8024109	1	0
DTXSID8023971	1	0
DTXSID8023973	1	0
DTXSID8024234	1	0
DTXSID8024151	1	0
DTXSID8024159	1	0
DTXSID8024286	1	0
DTXSID8024317	1	0
DTXSID8024315	1	0
DTXSID8024280	1	0
DTXSID8024523	1	1
DTXSID8024529	1	0
DTXSID8024739	1	0
DTXSID8024573	1	0
DTXSID8024787	1	0
DTXSID8024810	1	0
DTXSID8024658	1	0
DTXSID8024814	1	0
DTXSID8024862	1	0
DTXSID8024498	1	0
DTXSID8024600	1	0
DTXSID8024602	1	0
DTXSID8024608	1	0
DTXSID8024866	1	0
DTXSID8024941	1	0
DTXSID8024947	1	0
DTXSID8025094	1	0
DTXSID8024991	1	0
DTXSID8024993	1	0
DTXSID8025258	1	0
DTXSID8025040	1	0
DTXSID8025464	1	0
DTXSID8025046	1	0
DTXSID8025670	1	0
DTXSID8025703	1	1
DTXSID8025593	1	0
DTXSID8025830	1	0
DTXSID8025886	1	0
DTXSID8025969	1	0
DTXSID8026018	1	0
DTXSID8026060	1	0
DTXSID8026064	1	0
DTXSID8026068	1	0
DTXSID8026193	1	0
DTXSID8026224	1	0
DTXSID8025599	1	1
DTXSID8026195	1	0
DTXSID8026220	1	0
DTXSID8026303	1	1
DTXSID8026305	1	0
DTXSID8026145	1	0
DTXSID8026147	1	0
DTXSID8026307	1	0
DTXSID8026513	1	0
DTXSID8026698	1	0
DTXSID8026694	1	0
DTXSID8026309	1	0
DTXSID8026640	1	0
DTXSID8026488	1	0
DTXSID8026515	1	0
DTXSID8026519	1	0
DTXSID8026981	1	0
DTXSID8027167	1	0
DTXSID8027321	1	0
DTXSID8027537	1	0
DTXSID8027581	1	0
DTXSID8027402	1	0
DTXSID8027246	1	0
DTXSID8027452	1	0
DTXSID8027585	1	1
DTXSID8027589	1	0
DTXSID8027797	1	0
DTXSID8027826	1	0
DTXSID8027793	1	0
DTXSID8027795	1	1
DTXSID8029153	1	0
DTXSID8029072	1	0
DTXSID8029105	1	0
DTXSID8029236	1	0
DTXSID8027959	1	0
DTXSID8029280	1	0
DTXSID8029157	1	0
DTXSID8029282	1	1
DTXSID8029286	1	0
DTXSID8029315	1	0
DTXSID8028008	1	0
DTXSID8029650	1	0
DTXSID8029602	1	0
DTXSID8029604	1	0
DTXSID8030423	1	0
DTXSID8029733	1	0
DTXSID8029739	1	0
DTXSID8031077	1	1
DTXSID8029868	1	1
DTXSID8031497	1	0
DTXSID8031603	1	0
DTXSID8032417	1	0
DTXSID8032544	1	0
DTXSID8032548	1	1
DTXSID8031863	1	0
DTXSID8031865	1	0
DTXSID8032627	1	0
DTXSID8033433	1	0
DTXSID8033512	1	1
DTXSID8033564	1	0
DTXSID8033566	1	0
DTXSID8034580	1	0
DTXSID8032675	1	0
DTXSID8032673	1	0
DTXSID8034087	1	0
DTXSID8034401	1	0
DTXSID8034586	1	0
DTXSID8034376	1	0
DTXSID8034089	1	0
DTXSID8034588	1	0
DTXSID8034324	1	0
DTXSID8033803	1	0
DTXSID8034085	1	0
DTXSID8034665	1	0
DTXSID8034669	1	0
DTXSID8034792	1	0
DTXSID8034871	1	0
DTXSID8034956	1	1
DTXSID8034877	1	0
DTXSID8035180	1	1
DTXSID8035186	1	0
DTXSID8035423	1	0
DTXSID8037594	1	0
DTXSID8037752	1	0
DTXSID8037596	1	0
DTXSID8037756	1	0
DTXSID8037750	1	0
DTXSID8037706	1	0
DTXSID8037708	1	0
DTXSID8038801	1	0
DTXSID8040274	1	0
DTXSID8040278	1	1
DTXSID8040694	1	0
DTXSID8040222	1	0
DTXSID8038855	1	0
DTXSID8040270	1	1
DTXSID8038857	1	0
DTXSID8039241	1	0
DTXSID8040484	1	0
DTXSID8040725	1	1
DTXSID8041032	1	0
DTXSID8041379	1	0
DTXSID8041034	1	0
DTXSID8041080	1	0
DTXSID8041115	1	1
DTXSID8040727	1	0
DTXSID8041248	1	1
DTXSID8040721	1	0
DTXSID8041327	1	0
DTXSID8041242	1	0
DTXSID8041329	1	0
DTXSID8041298	1	0
DTXSID8041404	1	0
DTXSID8041452	1	0
DTXSID8041371	1	0
DTXSID8041668	1	0
DTXSID8041373	1	0
DTXSID8042052	1	0
DTXSID8042137	1	0
DTXSID8041743	1	0
DTXSID8041951	1	0
DTXSID8041793	1	0
DTXSID8042181	1	0
DTXSID8042210	1	0
DTXSID8042260	1	1
DTXSID8042189	1	0
DTXSID8041797	1	0
DTXSID8041799	1	0
DTXSID8041828	1	0
DTXSID8042632	1	0
DTXSID8042424	1	0
DTXSID8043814	1	0
DTXSID8042559	1	0
DTXSID8042343	1	0
DTXSID8042349	1	0
DTXSID8042399	1	1
DTXSID8042422	1	0
DTXSID8043941	1	0
DTXSID8042507	1	0
DTXSID8042509	1	0
DTXSID8042426	1	0
DTXSID8042478	1	1
DTXSID8042503	1	0
DTXSID8044208	1	0
DTXSID8044383	1	0
DTXSID8044202	1	0
DTXSID8044204	1	0
DTXSID8044381	1	0
DTXSID8044206	1	0
DTXSID8044410	1	0
DTXSID8044462	1	0
DTXSID8044545	1	0
DTXSID8044593	1	0
DTXSID8044547	1	0
DTXSID8044464	1	0
DTXSID8044412	1	0
DTXSID8044591	1	0
DTXSID8044543	1	0
DTXSID8044466	1	0
DTXSID8044414	1	0
DTXSID8044595	1	0
DTXSID8044597	1	0
DTXSID8044624	1	0
DTXSID8044599	1	0
DTXSID8044626	1	0
DTXSID8044620	1	0
DTXSID8044670	1	0
DTXSID8044676	1	0
DTXSID8044709	1	0
DTXSID8044751	1	0
DTXSID8044830	1	0
DTXSID8044759	1	0
DTXSID8044834	1	0
DTXSID8044836	1	1
DTXSID8044915	1	0
DTXSID8044678	1	0
DTXSID8044701	1	0
DTXSID8044703	1	0
DTXSID8044880	1	0
DTXSID8044886	1	0
DTXSID8044963	1	0
DTXSID8044961	1	0
DTXSID8044967	1	0
DTXSID8045141	1	0
DTXSID8045228	1	0
DTXSID8045351	1	0
DTXSID8045357	1	0
DTXSID8045359	1	0
DTXSID8045147	1	0
DTXSID8044884	1	0
DTXSID8045191	1	0
DTXSID8045305	1	0
DTXSID8045226	1	0
DTXSID8045193	1	0
DTXSID8045195	1	0
DTXSID8045220	1	0
DTXSID8045222	1	0
DTXSID8045438	1	0
DTXSID8045565	1	0
DTXSID8045561	1	0
DTXSID8045486	1	0
DTXSID8045567	1	1
DTXSID8045488	1	0
DTXSID8045569	1	0
DTXSID8045640	1	0
DTXSID8045642	1	1
DTXSID8045511	1	0
DTXSID8045432	1	0
DTXSID8045149	1	0
DTXSID8045513	1	0
DTXSID8045515	1	0
DTXSID8045307	1	0
DTXSID8045519	1	0
DTXSID8045563	1	0
DTXSID8045694	1	0
DTXSID8045852	1	0
DTXSID8045698	1	0
DTXSID8045771	1	0
DTXSID8045854	1	0
DTXSID8045856	1	1
DTXSID8045773	1	0
DTXSID8045775	1	1
DTXSID8045933	1	0
DTXSID8045935	1	0
DTXSID8045646	1	0
DTXSID8045937	1	0
DTXSID8045939	1	0
DTXSID8045983	1	0
DTXSID8045690	1	0
DTXSID8045692	1	0
DTXSID8046161	1	0
DTXSID8046244	1	0
DTXSID8046246	1	0
DTXSID8046036	1	1
DTXSID8046115	1	0
DTXSID8046321	1	0
DTXSID8046323	1	0
DTXSID8046038	1	0
DTXSID8046084	1	0
DTXSID8046117	1	0
DTXSID8046088	1	1
DTXSID8046163	1	0
DTXSID8046165	1	0
DTXSID8046167	1	1
DTXSID8045985	1	0
DTXSID8045987	1	0
DTXSID8046113	1	0
DTXSID8046119	1	0
DTXSID8045989	1	0
DTXSID8046086	1	0
DTXSID8046240	1	0
DTXSID8046298	1	0
DTXSID8046325	1	0
DTXSID8046327	1	0
DTXSID8046404	1	0
DTXSID8046242	1	0
DTXSID8046450	1	1
DTXSID8046454	1	0
DTXSID8046296	1	1
DTXSID8046456	1	1
DTXSID8046406	1	0
DTXSID8046581	1	0
DTXSID8046458	1	0
DTXSID8046531	1	0
DTXSID8046660	1	0
DTXSID8046662	1	0
DTXSID8046664	1	0
DTXSID8046743	1	0
DTXSID8045779	1	0
DTXSID8045800	1	0
DTXSID8045802	1	0
DTXSID8045806	1	1
DTXSID8046585	1	0
DTXSID8046589	1	0
DTXSID8046537	1	0
DTXSID8046610	1	0
DTXSID8047000	1	0
DTXSID8046749	1	1
DTXSID8046876	1	0
DTXSID8046791	1	0
DTXSID8046793	1	0
DTXSID8046795	1	0
DTXSID8046799	1	0
DTXSID8047006	1	0
DTXSID8047050	1	0
DTXSID8046905	1	0
DTXSID8046909	1	0
DTXSID8046822	1	0
DTXSID8046951	1	0
DTXSID8046828	1	0
DTXSID8046870	1	1
DTXSID8046872	1	1
DTXSID8047131	1	0
DTXSID8047052	1	0
DTXSID8047137	1	0
DTXSID8047139	1	0
DTXSID8047185	1	0
DTXSID8047189	1	0
DTXSID8047133	1	0
DTXSID8047135	1	0
DTXSID8047266	1	0
DTXSID8047268	1	1
DTXSID8047391	1	0
DTXSID8047341	1	0
DTXSID8047262	1	1
DTXSID8047347	1	0
DTXSID8047264	1	0
DTXSID8047399	1	0
DTXSID8047420	1	0
DTXSID8047349	1	1
DTXSID8047397	1	0
DTXSID8047422	1	0
DTXSID8047424	1	0
DTXSID8047426	1	0
DTXSID8047428	1	0
DTXSID8047474	1	0
DTXSID8047551	1	0
DTXSID8047476	1	0
DTXSID8047553	1	0
DTXSID8047680	1	0
DTXSID8047505	1	1
DTXSID8047890	1	1
DTXSID8047846	1	1
DTXSID8047684	1	0
DTXSID8047892	1	0
DTXSID8047894	1	0
DTXSID8047848	1	0
DTXSID8047686	1	0
DTXSID8047713	1	0
DTXSID8047842	1	0
DTXSID8047844	1	0
DTXSID8047717	1	0
DTXSID8047840	1	0
DTXSID8047896	1	0
DTXSID8048577	1	0
DTXSID8048579	1	1
DTXSID8048650	1	0
DTXSID8047971	1	0
DTXSID8047973	1	1
DTXSID8048600	1	0
DTXSID8048521	1	0
DTXSID8048652	1	0
DTXSID8048654	1	1
DTXSID8048656	1	0
DTXSID8048575	1	0
DTXSID8048602	1	0
DTXSID8048731	1	0
DTXSID8048733	1	0
DTXSID8048606	1	0
DTXSID8048737	1	0
DTXSID8048785	1	0
DTXSID8048787	1	0
DTXSID8048781	1	0
DTXSID8048789	1	0
DTXSID8048735	1	0
DTXSID8048810	1	0
DTXSID8048658	1	0
DTXSID8048860	1	0
DTXSID8049044	1	0
DTXSID8048814	1	1
DTXSID8048995	1	0
DTXSID8048997	1	0
DTXSID8049046	1	0
DTXSID8048864	1	0
DTXSID8048818	1	0
DTXSID8048866	1	0
DTXSID8048868	1	0
DTXSID8048812	1	0
DTXSID8049042	1	0
DTXSID8048816	1	0
DTXSID8049048	1	0
DTXSID8048999	1	0
DTXSID8049040	1	0
DTXSID8048941	1	0
DTXSID8049204	1	0
DTXSID8049339	1	0
DTXSID8049381	1	0
DTXSID8049256	1	0
DTXSID8049335	1	0
DTXSID8049202	1	0
DTXSID8049258	1	0
DTXSID8048943	1	1
DTXSID8048945	1	1
DTXSID8049206	1	0
DTXSID8049208	1	0
DTXSID8049385	1	0
DTXSID8049416	1	0
DTXSID8049389	1	0
DTXSID8049410	1	0
DTXSID8049412	1	1
DTXSID8049414	1	0
DTXSID8048947	1	0
DTXSID8049418	1	0
DTXSID8049387	1	0
DTXSID8048949	1	0
DTXSID8048991	1	0
DTXSID9020031	1	1
DTXSID9020081	1	0
DTXSID9020083	1	0
DTXSID9020087	1	0
DTXSID9020110	1	0
DTXSID9020160	1	0
DTXSID9020112	1	0
DTXSID9020089	1	0
DTXSID9020164	1	0
DTXSID9020166	1	1
DTXSID9020168	1	0
DTXSID9020295	1	0
DTXSID9020249	1	0
DTXSID9020293	1	1
DTXSID9020243	1	1
DTXSID9020247	1	0
DTXSID9020241	1	0
DTXSID9020245	1	0
DTXSID9020322	1	0
DTXSID9020299	1	0
DTXSID9020374	1	0
DTXSID9020409	1	0
DTXSID9020372	1	1
DTXSID9020378	1	0
DTXSID9020401	1	0
DTXSID9020453	1	0
DTXSID9020407	1	0
DTXSID9020580	1	0
DTXSID9020582	1	0
DTXSID9020538	1	0
DTXSID9020615	1	0
DTXSID9020617	1	0
DTXSID9020669	1	1
DTXSID9020740	1	0
DTXSID9020796	1	0
DTXSID9020792	1	0
DTXSID9020827	1	1
DTXSID9020829	1	0
DTXSID9020825	1	0
DTXSID9020902	1	0
DTXSID9021059	1	0
DTXSID9021134	1	0
DTXSID9020875	1	0
DTXSID9021136	1	0
DTXSID9021130	1	0
DTXSID9020877	1	0
DTXSID9021138	1	0
DTXSID9021182	1	0
DTXSID9021184	1	0
DTXSID9021267	1	0
DTXSID9021188	1	0
DTXSID9021217	1	0
DTXSID9021342	1	0
DTXSID9021344	1	0
DTXSID9021219	1	0
DTXSID9021215	1	0
DTXSID9021396	1	0
DTXSID9021398	1	0
DTXSID9021425	1	0
DTXSID9021477	1	0
DTXSID9021552	1	0
DTXSID9021685	1	0
DTXSID9021479	1	0
DTXSID9021631	1	0
DTXSID9021899	1	0
DTXSID9021716	1	1
DTXSID9021718	1	0
DTXSID9021924	1	0
DTXSID9021843	1	0
DTXSID9021847	1	0
DTXSID9021841	1	0
DTXSID9021897	1	0
DTXSID9022027	1	0
DTXSID9022310	1	0
DTXSID9022360	1	0
DTXSID9022079	1	1
DTXSID9022312	1	0
DTXSID9022100	1	0
DTXSID9022364	1	1
DTXSID9021976	1	0
DTXSID9022366	1	1
DTXSID9022445	1	0
DTXSID9022520	1	0
DTXSID9021974	1	0
DTXSID9022607	1	0
DTXSID9022609	1	1
DTXSID9022655	1	0
DTXSID9022524	1	0
DTXSID9022522	1	0
DTXSID9022659	1	0
DTXSID9022574	1	1
DTXSID9022526	1	0
DTXSID9022603	1	1
DTXSID9022528	1	0
DTXSID9022944	1	0
DTXSID9022861	1	0
DTXSID9022780	1	0
DTXSID9022782	1	0
DTXSID9023128	1	0
DTXSID9023170	1	0
DTXSID9023095	1	0
DTXSID9022813	1	0
DTXSID9022940	1	0
DTXSID9022815	1	0
DTXSID9023097	1	0
DTXSID9023122	1	0
DTXSID9022734	1	0
DTXSID9022736	1	0
DTXSID9023201	1	0
DTXSID9023205	1	0
DTXSID9023209	1	0
DTXSID9022948	1	0
DTXSID9022998	1	1
DTXSID9023386	1	0
DTXSID9023388	1	0
DTXSID9023041	1	0
DTXSID9023043	1	0
DTXSID9023463	1	0
DTXSID9023049	1	0
DTXSID9023540	1	0
DTXSID9023411	1	1
DTXSID9023413	1	0
DTXSID9023542	1	0
DTXSID9023546	1	0
DTXSID9023415	1	0
DTXSID9023419	1	0
DTXSID9023548	1	0
DTXSID9023590	1	0
DTXSID9023621	1	0
DTXSID9023255	1	0
DTXSID9023380	1	1
DTXSID9023623	1	0
DTXSID9023629	1	0
DTXSID9023673	1	0
DTXSID9023677	1	0
DTXSID9023679	1	0
DTXSID9023702	1	0
DTXSID9023706	1	0
DTXSID9023752	1	0
DTXSID9023837	1	0
DTXSID9023889	1	0
DTXSID9023756	1	0
DTXSID9023881	1	0
DTXSID9024304	1	0
DTXSID9024063	1	0
DTXSID9024194	1	0
DTXSID9024015	1	0
DTXSID9024481	1	0
DTXSID9024483	1	0
DTXSID9024485	1	0
DTXSID9024512	1	0
DTXSID9024487	1	0
DTXSID9024489	1	0
DTXSID9024568	1	0
DTXSID9024641	1	0
DTXSID9024774	1	0
DTXSID9024770	1	0
DTXSID9024855	1	0
DTXSID9024772	1	0
DTXSID9024691	1	0
DTXSID9024699	1	0
DTXSID9024930	1	0
DTXSID9024934	1	0
DTXSID9024980	1	0
DTXSID9025114	1	0
DTXSID9024986	1	0
DTXSID9025037	1	0
DTXSID9025087	1	0
DTXSID9025035	1	0
DTXSID9025291	1	0
DTXSID9025293	1	0
DTXSID9025297	1	0
DTXSID9025299	1	0
DTXSID9025534	1	0
DTXSID9025536	1	0
DTXSID9025538	1	0
DTXSID9025403	1	0
DTXSID9025409	1	0
DTXSID9025580	1	0
DTXSID9025451	1	0
DTXSID9025588	1	0
DTXSID9025370	1	0
DTXSID9025825	1	0
DTXSID9026132	1	0
DTXSID9025617	1	0
DTXSID9025873	1	0
DTXSID9025661	1	0
DTXSID9026059	1	0
DTXSID9025879	1	0
DTXSID9025665	1	0
DTXSID9026265	1	0
DTXSID9026558	1	0
DTXSID9026631	1	0
DTXSID9026710	1	0
DTXSID9026342	1	0
DTXSID9026899	1	0
DTXSID9027158	1	0
DTXSID9026922	1	0
DTXSID9026423	1	0
DTXSID9027281	1	0
DTXSID9026500	1	0
DTXSID9027312	1	0
DTXSID9026974	1	0
DTXSID9027368	1	0
DTXSID9027021	1	0
DTXSID9027441	1	0
DTXSID9027443	1	0
DTXSID9027570	1	0
DTXSID9027603	1	0
DTXSID9027522	1	0
DTXSID9027653	1	0
DTXSID9027520	1	0
DTXSID9029146	1	0
DTXSID9029221	1	0
DTXSID9029223	1	0
DTXSID9029691	1	0
DTXSID9031800	1	0
DTXSID9030048	1	0
DTXSID9029277	1	0
DTXSID9029279	1	0
DTXSID9030258	1	0
DTXSID9029649	1	0
DTXSID9032113	1	1
DTXSID9032329	1	0
DTXSID9032531	1	1
DTXSID9032327	1	0
DTXSID9032533	1	0
DTXSID9032375	1	0
DTXSID9032589	1	1
DTXSID9032379	1	1
DTXSID9032610	1	0
DTXSID9032535	1	0
DTXSID9032581	1	1
DTXSID9033058	1	0
DTXSID9033264	1	0
DTXSID9033896	1	0
DTXSID9034232	1	0
DTXSID9034282	1	0
DTXSID9034361	1	0
DTXSID9033923	1	0
DTXSID9034286	1	0
DTXSID9033979	1	0
DTXSID9034365	1	0
DTXSID9034490	1	0
DTXSID9034492	1	0
DTXSID9036226	1	0
DTXSID9036438	1	0
DTXSID9035204	1	1
DTXSID9034818	1	1
DTXSID9035620	1	0
DTXSID9035175	1	0
DTXSID9034864	1	0
DTXSID9036515	1	1
DTXSID9037248	1	0
DTXSID9037749	1	0
DTXSID9037745	1	0
DTXSID9037539	1	0
DTXSID9037612	1	0
DTXSID9036933	1	0
DTXSID9037741	1	0
DTXSID9040134	1	0
DTXSID9040342	1	0
DTXSID9040554	1	0
DTXSID9040001	1	0
DTXSID9040502	1	0
DTXSID9040635	1	0
DTXSID9040130	1	0
DTXSID9040683	1	1
DTXSID9040685	1	0
DTXSID9040760	1	0
DTXSID9041075	1	0
DTXSID9041104	1	0
DTXSID9041152	1	1
DTXSID9040714	1	0
DTXSID9040687	1	0
DTXSID9041237	1	0
DTXSID9040710	1	0
DTXSID9040718	1	0
DTXSID9041368	1	0
DTXSID9041362	1	0
DTXSID9041441	1	0
DTXSID9042097	1	0
DTXSID9041491	1	0
DTXSID9042124	1	0
DTXSID9041813	1	0
DTXSID9041815	1	0
DTXSID9041528	1	0
DTXSID9041607	1	0
DTXSID9043853	1	0
DTXSID9041653	1	0
DTXSID9042259	1	0
DTXSID9042415	1	0
DTXSID9041659	1	0
DTXSID9042382	1	0
DTXSID9043938	1	0
DTXSID9042592	1	0
DTXSID9044378	1	0
DTXSID9044401	1	0
DTXSID9042594	1	1
DTXSID9043988	1	0
DTXSID9044112	1	0
DTXSID9044241	1	0
DTXSID9044407	1	0
DTXSID9044534	1	0
DTXSID9044459	1	0
DTXSID9044455	1	0
DTXSID9044536	1	0
DTXSID9044374	1	0
DTXSID9044532	1	0
DTXSID9044370	1	0
DTXSID9044663	1	0
DTXSID9044584	1	0
DTXSID9044617	1	0
DTXSID9044588	1	0
DTXSID9044742	1	0
DTXSID9044613	1	0
DTXSID9044744	1	0
DTXSID9044746	1	0
DTXSID9044790	1	0
DTXSID9044748	1	0
DTXSID9044794	1	0
DTXSID9044796	1	1
DTXSID9044829	1	0
DTXSID9044871	1	0
DTXSID9044873	1	0
DTXSID9044877	1	0
DTXSID9044950	1	0
DTXSID9044908	1	0
DTXSID9044825	1	0
DTXSID9044821	1	0
DTXSID9045182	1	0
DTXSID9045184	1	0
DTXSID9045186	1	0
DTXSID9045188	1	0
DTXSID9045215	1	0
DTXSID9045003	1	0
DTXSID9045005	1	0
DTXSID9045217	1	0
DTXSID9045267	1	0
DTXSID9045342	1	0
DTXSID9045132	1	0
DTXSID9045344	1	0
DTXSID9045136	1	0
DTXSID9045138	1	0
DTXSID9045346	1	0
DTXSID9045348	1	0
DTXSID9045552	1	0
DTXSID9045394	1	0
DTXSID9045502	1	0
DTXSID9045425	1	0
DTXSID9045506	1	0
DTXSID9045508	1	0
DTXSID9045556	1	0
DTXSID9045633	1	0
DTXSID9045390	1	0
DTXSID9045500	1	0
DTXSID9045635	1	0
DTXSID9045637	1	0
DTXSID9045558	1	0
DTXSID9045392	1	0
DTXSID9045849	1	1
DTXSID9045897	1	0
DTXSID9045899	1	0
DTXSID9045847	1	0
DTXSID9045639	1	0
DTXSID9045683	1	0
DTXSID9045922	1	0
DTXSID9045762	1	0
DTXSID9045685	1	0
DTXSID9045895	1	0
DTXSID9045924	1	0
DTXSID9045764	1	0
DTXSID9045766	1	0
DTXSID9045687	1	0
DTXSID9045843	1	0
DTXSID9045845	1	0
DTXSID9045689	1	0
DTXSID9045928	1	0
DTXSID9045976	1	0
DTXSID9046235	1	1
DTXSID9046152	1	1
DTXSID9046237	1	0
DTXSID9046239	1	0
DTXSID9046154	1	0
DTXSID9046156	1	0
DTXSID9046281	1	0
DTXSID9046283	1	0
DTXSID9046100	1	0
DTXSID9046158	1	0
DTXSID9046231	1	0
DTXSID9046102	1	0
DTXSID9046104	1	0
DTXSID9046491	1	0
DTXSID9046106	1	0
DTXSID9046497	1	0
DTXSID9046285	1	0
DTXSID9046287	1	0
DTXSID9046108	1	0
DTXSID9046150	1	0
DTXSID9045978	1	0
DTXSID9046023	1	0
DTXSID9046029	1	1
DTXSID9046071	1	0
DTXSID9046445	1	1
DTXSID9046073	1	0
DTXSID9046499	1	0
DTXSID9046449	1	0
DTXSID9046289	1	0
DTXSID9046443	1	1
DTXSID9046524	1	0
DTXSID9046784	1	0
DTXSID9046786	1	0
DTXSID9046526	1	0
DTXSID9046651	1	0
DTXSID9046570	1	0
DTXSID9046788	1	1
DTXSID9046607	1	0
DTXSID9046657	1	0
DTXSID9046659	1	0
DTXSID9046578	1	0
DTXSID9046817	1	0
DTXSID9046609	1	0
DTXSID9046576	1	0
DTXSID9046732	1	0
DTXSID9046730	1	0
DTXSID9046734	1	0
DTXSID9046736	1	0
DTXSID9046813	1	0
DTXSID9046738	1	0
DTXSID9046780	1	0
DTXSID9046782	1	1
DTXSID9046992	1	1
DTXSID9047043	1	0
DTXSID9046861	1	0
DTXSID9047045	1	0
DTXSID9046942	1	0
DTXSID9046863	1	0
DTXSID9046865	1	0
DTXSID9047041	1	0
DTXSID9047091	1	0
DTXSID9047093	1	0
DTXSID9046946	1	0
DTXSID9047201	1	0
DTXSID9047176	1	0
DTXSID9047126	1	0
DTXSID9047203	1	0
DTXSID9047205	1	0
DTXSID9047174	1	0
DTXSID9047251	1	0
DTXSID9047257	1	0
DTXSID9047259	1	0
DTXSID9047255	1	0
DTXSID9047095	1	0
DTXSID9047099	1	0
DTXSID9047120	1	0
DTXSID9047124	1	0
DTXSID9047253	1	0
DTXSID9047419	1	1
DTXSID9047411	1	0
DTXSID9047330	1	1
DTXSID9047417	1	0
DTXSID9047334	1	0
DTXSID9047463	1	0
DTXSID9047461	1	0
DTXSID9047338	1	0
DTXSID9047465	1	0
DTXSID9047590	1	0
DTXSID9047540	1	1
DTXSID9047548	1	0
DTXSID9047542	1	0
DTXSID9047592	1	1
DTXSID9047594	1	0
DTXSID9047598	1	1
DTXSID9047673	1	0
DTXSID9047675	1	0
DTXSID9047677	1	0
DTXSID9047704	1	0
DTXSID9047679	1	1
DTXSID9047706	1	0
DTXSID9047702	1	0
DTXSID9047839	1	0
DTXSID9047833	1	0
DTXSID9047835	1	0
DTXSID9047881	1	0
DTXSID9047883	1	0
DTXSID9047885	1	0
DTXSID9047887	1	0
DTXSID9047837	1	0
DTXSID9048190	1	0
DTXSID9048192	1	0
DTXSID9048194	1	0
DTXSID9047966	1	0
DTXSID9048196	1	0
DTXSID9048198	1	0
DTXSID9048510	1	0
DTXSID9047968	1	0
DTXSID9048512	1	1
DTXSID9048516	1	0
DTXSID9047960	1	0
DTXSID9047962	1	0
DTXSID9048518	1	0
DTXSID9048805	1	0
DTXSID9048649	1	1
DTXSID9048641	1	1
DTXSID9048643	1	0
DTXSID9048514	1	0
DTXSID9048803	1	0
DTXSID9048695	1	0
DTXSID9048691	1	0
DTXSID9048807	1	0
DTXSID9048801	1	0
DTXSID9048851	1	0
DTXSID9048984	1	0
DTXSID9049031	1	0
DTXSID9049033	1	0
DTXSID9049035	1	0
DTXSID9049037	1	0
DTXSID9048720	1	0
DTXSID9048722	1	0
DTXSID9048724	1	0
DTXSID9048726	1	0
DTXSID9048728	1	0
DTXSID9048774	1	0
DTXSID9049039	1	0
DTXSID9048853	1	0
DTXSID9048855	1	0
DTXSID9049241	1	0
DTXSID9049243	1	0
DTXSID9048930	1	0
DTXSID9048932	1	0
DTXSID9048934	1	0
DTXSID9048936	1	0
DTXSID9048938	1	0
DTXSID9048980	1	0
DTXSID9049370	1	0
DTXSID9049322	1	0
DTXSID9049372	1	0
DTXSID9049245	1	0
DTXSID9049374	1	0
DTXSID9049293	1	0
DTXSID9049295	1	0
DTXSID9049376	1	0
DTXSID9049247	1	0
DTXSID9049320	1	0
DTXSID9049324	1	0
DTXSID9049291	1	0
DTXSID9049378	1	0
DTXSID9049403	1	0
DTXSID9049405	1	0
DTXSID9049401	1	0
DTXSID9049409	1	0
DTXSID9049407	1	0
