compound	PC1	PC2	PC3	PC4	PC5	PC6	PC7	PC8	PC9	PC10	PC11	PC12	PC13	PC14	PC15	PC16	PC17	PC18	PC19	PC20	PC21	PC22	PC23	PC24	PC25	PC26	PC27	PC28	PC29	PC30	PC31	PC32	PC33	PC34	PC35	PC36	PC37	PC38	PC39	PC40	PC41	PC42	PC43	PC44	PC45	PC46	PC47	PC48	PC49	PC50	PC51	PC52	PC53	PC54	PC55	PC56	PC57	PC58	PC59	PC60	PC61	PC62	PC63	PC64	PC65	PC66	PC67	PC68	PC69	PC70	PC71	PC72	PC73	PC74	PC75	PC76	PC77	PC78	PC79	PC80	PC81	PC82	PC83	PC84	PC85	PC86	PC87	PC88	PC89	PC90	PC91	PC92	PC93	PC94	PC95	PC96	PC97	PC98	PC99	PC100
DTXSID0020573	11.294855200188344	-24.86341275765259	6.321673641932234	14.256070614711996	-2.2652754306781246	-4.156709409142946	4.303435007444916	1.5381582573181978	-1.1280992775310228	3.8055984146506994	3.5973171253674625	-3.491545713491644	1.6071901815809226	3.0713939878595338	0.13225184529262932	0.250741935928966	0.23830247977466493	-0.0694864838005299	0.06473145031328849	1.2323882010585208	-0.13042796951348748	0.47715583117767235	-0.9043945371480053	0.5916839500719803	0.4012104913761611	-0.2580387524202092	-1.2941825994159477	0.02452901040880656	-0.45275737961177454	-0.4962903009188102	-1.0950126294464135	0.14610722615116417	0.14451597015708803	0.13547122803840722	0.266123872455562	0.9536686435761447	-1.1646953296100737	0.7205283775038058	-0.7091056730723033	0.09637987538548494	0.955601871059663	-0.2851819988150596	-0.8197579184419369	-0.8068005060827864	0.37820492435162273	1.595223304234192	0.40763324533963713	2.731454560374675	0.6741706828383349	-0.8645234481966592	0.10296450429788374	0.9407243412578937	-1.0818874592169152	0.29678597157874087	-0.3355625316253208	0.6791564121394505	1.0388192384063366	0.4394559883146469	-2.3572283037283133	0.3477045375717218	-0.028091125703025004	0.5369597359164479	-0.39698683418159497	0.2688664237250726	0.6287206227225953	0.6498853742422113	-0.41068179373702673	-0.13612484297984284	0.9152795712260907	-1.6573705252406243	-0.6361540038048297	0.661062808092872	-0.4653864728348944	1.8844841784617707	0.4158507193864425	0.4543114333176009	2.5076296558807836	-1.1368686225263718	0.7494149315805136	0.759667062793323	0.3334966324785153	-1.7834590128184318	0.43475378729845143	-0.2315210326226509	0.5854521119986712	0.6339376534233532	2.557042550113523	0.41746167027226905	0.3872821793672847	1.4468685261022032	-1.0662447878080565	0.6389030201416583	-0.9463863000093448	0.8595652218955387	0.6217150846517604	1.1200458544372822	-0.25886185926085004	1.0257030840930537	0.5320127597966664	1.1895914611852447
DTXSID0020814	13.841520988649956	-24.671617422089167	6.609271966516841	13.160689570336563	0.07867622411278306	-3.505585795291233	3.7197689931245916	1.6372986843285886	-0.8273219817884909	2.197368078886702	3.328606913577077	-3.4822827729643846	2.046274596090016	2.037477396200836	-0.15389965859210866	-0.575357928258893	0.19247343882361587	-1.155474644160868	-0.7339407945255092	1.3235445036286928	-1.0445146910792453	-0.11437683522050301	0.4314064718113658	1.0340214296805523	-0.5387282632494261	-0.12089766331360204	1.2026339829017358	-0.3673610200036391	-0.23000632995375006	1.048339602532066	-0.7763570200913843	-0.11665604246394895	-0.8496258581094008	-0.3198819139418668	0.2182140802553526	-0.38734510609279454	-0.4182428362849746	-0.1396415585732481	-0.27381463999534	0.8899758070191178	-0.8554996376339832	-0.1974891556664243	0.04969067580554558	0.17447196361600428	-0.04776926601308656	0.0920056057953911	-0.6846253694983455	-0.5276326658696696	0.5557347929921846	0.3789474038398576	-0.6766143897516362	0.1906877511448269	-0.07092777834712018	0.6538431605127215	-0.14159029081093866	-1.08931729553449	0.41272649961773555	1.3200271532479277	-0.2691733479669329	0.914345803095015	-0.3900377951738649	0.05655555229184237	0.2777345056916931	0.2090500101133887	-0.38988902201377784	-0.08012967230265701	0.20076102160971357	0.4463846863176892	-1.152889152240605	-0.5824318317106661	-0.9692368963170239	-0.9641957541180397	-0.333393169941689	-0.42617214653207564	0.1075634824985416	-0.6531595616884233	-0.5483298806082999	-0.7807360102544628	-0.07414937950189497	-0.4651354659914449	0.8677063274285072	-0.16493225200283376	0.15406227411325232	-0.17333523053917954	-0.5025845507695172	1.0681370322608046	-0.2634988315424839	1.0484810731076961	-0.2115551536507423	0.4306675760726227	-0.28748104229160176	-0.197828486458494	1.0121273035763672	-0.2122226341180866	0.179753643411586	-0.013140865510235349	-0.1937021917102305	0.47239851282226947	-0.38454488302527295	0.15632411528179269
DTXSID0020943	-13.852415358722974	6.353717066091262	-11.670194793586742	6.663093594009183	0.6016710644106043	-7.668500411561226	-3.6944992199596296	-0.1407308291567725	6.495354961027199	-1.22353426877894	0.0484586383484378	-3.651895049604005	3.9608132302106096	-2.891902837668445	0.04595851354412377	0.6464710999055364	-4.2525392746533015	-0.35998097899687825	1.423318845400339	0.40222927900902306	-0.20712547549370966	-1.111368938421385	-1.8207013242704393	0.24075035749550439	2.330162594517599	0.4733608579436735	-0.836781341025122	0.8727483754660889	0.06951881690696957	-1.470291519187262	-1.471172712442561	-0.3773009947197656	0.5439432527953787	-0.48616049603416756	1.35578549049883	0.15247464445722556	-1.024806911011903	0.3321496942196199	-1.016440360615153	-0.12624995484281268	0.14021687483069306	0.5356226636255761	0.26079791700964716	0.5342413450936054	0.1958116848619958	-0.1539885221734936	0.1146670937540691	1.5014869816317233	-0.9562723137098482	1.271005366999015	1.6131236912764035	-1.528576151005657	-1.4614513155672257	0.528726131075125	0.8757951849116695	0.019604119546507	0.3344356739293102	0.3669980185208609	-0.2911007834770542	-0.20217806105771877	-0.6537073540041343	0.03591510855862288	0.9242765748575539	0.07373890912302787	-0.18378658492566508	0.14514316470802288	-0.2133424629958088	-1.1982657342649834	0.4691300079668427	0.7054187398980287	0.10725240697341443	0.16420505546215827	0.27244292528380243	-0.5991598166427208	1.4999322918319427	-0.5418779071385851	0.13927445588316925	0.16151232581409816	-0.22409067350778064	0.28548696182618816	0.4486522407537564	0.1514491390940265	0.11097796179368993	-1.8842694038047718	0.8829215010012864	0.13564973706603925	-0.31016985751343734	-0.3474852036189396	-0.5168859841848215	0.5973084249719793	-0.15852154678478877	-0.8594715269974018	-0.29392208711626033	-0.9017565582993292	1.982137881559325	-0.03663860062569115	-1.4470582218107575	0.9041579348500928	0.38297161537754737	0.20247802137082815
DTXSID0021094	-14.27590722376298	4.297234199550486	16.116258884399304	0.7605589952473252	-2.6387694909089188	4.050522641909591	1.691729647051321	-4.5943113748194335	5.571565021987084	1.877853671497895	1.5348405884102103	-0.05296678516006383	4.36669434276576	-0.5623109065087974	3.393939843107788	1.2042583129561928	5.354332793572015	-1.8818264992208105	-2.84162757568418	-1.7744876275092483	0.6000899980268714	-0.3156376208126639	-0.6414741769975081	0.06441172450309278	0.6288084222547738	1.4742213806708317	-0.5589518702199033	1.6336081075470887	-0.8143377067708945	-0.5457756644813809	-1.6753396688763602	-0.7149208106652631	-0.22546759869149816	-2.144201334366022	-1.1586334908539357	0.026739751893873506	0.8337323464278843	0.7067483234340202	-0.31130761269256885	2.124084667487248	-0.3241480973841711	1.6127005229568008	-0.565421355762705	0.2522204010586806	0.16198436223292367	-0.7620531346748581	0.7917150628807518	1.1681556070901329	-1.7519123958298004	1.516106888725284	-1.2470202375524533	-1.2360659397078984	-0.4069850852356135	1.2542239964238422	-0.4496403848209714	-2.0173756150886453	0.5917778649898511	-0.8196380755546293	0.6678013665289622	0.2865359224757306	0.11237981892597694	-0.9745329183639986	1.0820019702350576	-1.7057706712402667	-0.14854099466812187	1.107626544814956	0.2830191870660148	-1.2577355044177654	0.9841097364423598	0.5754054510865154	-0.5756996294519177	0.15766436392366756	-1.2731178916667527	1.1693074974596016	0.6863861880745578	0.5533218936725204	-1.308074000797786	-0.2990898732351086	-0.3781329162181783	1.1626576107302802	-0.7183612996658983	-0.06462147068711369	1.6156401604833288	0.9488485559050228	1.275903472314385	-0.12045898500386479	-1.1922333237082179	0.3328582477467452	1.2576980034509573	-0.4030452053237653	-0.7114145800190862	0.13806888045756185	-0.0760427230905986	0.6593683086275899	-0.02215305342291153	0.6655731931191458	0.08981850319393261	0.18616472078692514	0.4508079514152863	1.3431998428374718
DTXSID0021125	7.276766346814612	4.164923343316634	14.849127087598315	-6.758040578351389	-10.553237506181468	-3.3149533133254643	-0.2451186883310721	-11.223037174457172	0.11617799725532231	-2.492989805494021	3.6424493324123772	-0.3960673346412273	-1.8531230053093741	-1.0353779851079623	-3.280895885237702	-2.0023807369645605	0.9343918689833037	1.302650115346835	-1.1477902835167129	0.9358847873288914	2.0396751782005857	-3.1372654972604184	0.2011544140148699	0.11188306027229493	0.26211377558091503	0.10228994409051854	1.4149329431470186	-0.1294251948518239	0.42290826232049805	2.765668575973479	-3.529270430602093	1.585941181120707	2.643247878842087	-1.2019927712934806	0.030855684606388437	2.2613890767970073	0.4141977692410264	-1.169342518497329	-2.0585065303040757	-0.5426427596133654	-1.224332747479454	-0.2439420192763987	-0.6822940533447299	1.1343163772798734	0.9217014610576667	-2.4861046269841616	-0.27839851270913923	0.18004775511350565	0.6359084479089193	0.1970092990834452	1.3311009135385377	-0.5519405093551144	0.30864755183776965	-1.6839500918389239	1.6464125509162564	1.4970609361333227	0.4471660001377814	1.5553369820465612	0.24270408657407375	-1.9378550302784943	-0.9951648181771188	1.7995443547384942	0.8675242202510138	1.1466819950375473	-2.0140049674751674	-0.2117327948891046	0.3418003088704207	-0.4060132089101224	0.8806752546464917	0.8431949266096123	-1.1084993355170383	-0.8640869638751603	0.11708704709224495	1.0448898375015878	-0.5634727736861169	0.9746559474591007	-0.04273032593856812	0.9883880295863657	-0.21578168164749614	0.6100870717291935	0.4683488691672311	-0.06421352613112372	0.5832723400506116	0.18629809679339787	1.4204043498857866	-0.16618848278206713	-0.5375635554931213	0.21527160049007604	-1.213591273968647	0.5125829599696187	1.1137861373188314	-0.0994805658837839	-1.246102850116948	-0.7257050760939647	0.6031082038231895	0.41442047553794037	-1.8120374008356732	-0.4588676040209845	0.9477196462234126	-2.4184343438473754
DTXSID0021337	-16.768865535415497	7.519709150794419	9.285735496367833	10.614505064650984	-2.5194188254713503	4.071683262105249	1.679915789422966	1.968359778324396	2.8569208155043855	4.226755892635959	-4.186704465144309	3.978761719814065	2.2410965411354162	-1.0759574752688563	-0.5237976020720956	1.0505520508978805	2.079271382482875	3.4413529519391557	-1.4554254406842024	1.2453753887579653	-2.544579518896804	-5.003945476726322	-0.2589835648875755	1.701389417209537	-1.5635202089957942	2.722663049819898	-1.7742263532991374	-1.968263211620138	-1.3652373873060384	1.5580764564705005	0.4003117727351334	0.5898796714990355	-1.6785156005781752	1.1806957683022696	0.01242989898734204	0.7660838640793821	-0.8217136881046242	-2.055528120263518	-0.8812605204771048	-0.21479627695815787	1.495126330873126	-0.4637875587990301	2.362039908572341	0.046689372880707534	2.1841306792947246	1.3056364028639549	-1.9344766867073124	1.3679468489276638	0.9086086784949137	1.9689187822682737	0.4052672867482425	0.5795835427502498	2.011601589373605	0.6840808304758577	-0.014983194242087827	2.2120273222877502	-2.2742799692399	-0.1864446783841836	0.2337862676093813	0.3564494817929488	0.7023511157749568	-0.17093236218269073	0.1381831870415429	0.9156927638319303	1.5504920233585113	-1.0839838273245626	0.9163138649954327	0.21949919904590598	0.1783347391849089	-0.01595172333094423	-0.20821580232399722	0.24602999774900383	0.9785883428737286	0.9431645820033613	-1.203150630643278	1.9072516141172562	-0.3709585856927326	0.5327726014039352	2.965623307118439	1.077922112794641	-0.3594173068744493	-1.0978865858121434	1.3711168944667238	-2.023925372167874	-1.3682471619128633	-0.5399938346481633	0.7341285759657578	1.0702524051857656	-0.3981049279907938	0.08914715162743939	-1.407871208675164	1.0527449507260234	-1.7026103004287272	0.3734742331438725	-0.8030964441156063	0.44328956821724425	1.1919710998734032	-0.112353907694768	-0.32851202305122845	1.0674400280387264
DTXSID0021385	-0.9624734737425724	10.17045413000479	-14.61787095435582	6.016471178884779	9.021438548926199	-2.8728301088310095	3.81423822042206	-3.3759143088250925	-4.930955443919986	0.5633261312007075	-0.5552426849789018	2.377464636394136	-0.5827395158290394	-2.4223972197665575	-1.7520094872739065	-0.31486244368604943	1.632589481670828	-0.7638930345330807	-1.3665506665371978	3.1202628042405873	0.2840887804426135	-0.2769480984090193	0.07797768209307164	-2.2817573581419412	-0.4096708588204703	-1.2227741072746612	2.3127782833645547	0.04785267175638824	0.5982885295845543	-0.8782960606638726	-0.012828524707926555	-0.6906759023874443	-1.4114560452311316	-0.30993632522093084	2.074761425104868	-1.3170267618098723	1.2370159042291002	-2.395594458758428	1.8676540596205315	2.8549772476862407	0.8615099853770398	1.2301643106468891	-1.124707017185695	0.028555983865280264	-0.0014293847141889548	-2.0119332324363044	-0.6079958733089076	-0.2097297562265853	-0.6834659895912131	0.18820348485853947	-0.3032572326682985	-0.04198141629624708	0.09471927213289894	-1.5526817447341656	0.12762426435432972	0.9890549827614366	-1.7315442714869997	1.5978674028200122	0.18559252525281106	-1.161499564908647	-0.1633489103069334	-1.794332034773437	-0.015217172250485212	-1.2008273264117508	1.5996807550235697	1.2328594291195683	0.8315613136284427	1.7543534425828864	-1.135523165198833	0.6296276247442868	-1.3557653902217603	-0.26748388287720803	-0.923393300203513	-1.1420432216936807	0.19448180835467607	0.01034513861598256	0.32906199409580356	0.7583374866583493	0.9647991277342177	-0.12617414386379153	-0.22719554533942551	-0.2834041099183948	1.3320464893768302	0.7706963214845288	-0.526024885109755	-0.31475601823956695	1.1200782365154316	-0.11089498950881084	0.3911528064467196	-0.08887255866809847	-0.9629774979893069	-0.6680697113699514	0.315512367335131	0.043648246434375954	1.16349653248773	0.5225220625434641	0.13522004712223593	-0.2907606844129128	-0.5306851104816145	0.7251685213092266
DTXSID0023907	-8.53854800165621	3.4848277187179697	20.702058106502786	-2.8034786176371167	10.164370374086117	0.9876686424798382	3.8741630306540378	2.993125596995741	5.554214290680078	0.08594113064813784	1.1410314592900899	-0.4455358988071158	-1.4014648300252186	1.125403077126656	-8.358049949126848	5.742446402290577	-0.6879230979541802	1.2742010620469828	-1.205414693263955	-0.7014044840326944	2.7341451089381232	-0.3220381088448972	-0.5309541933112115	0.8029646346703758	-0.4590351118748172	-0.4706138018415346	-0.47699938310678563	-0.7349145510263642	-0.5079254102619606	1.9137473420008781	4.66809043141955	0.26934171722305106	1.2935958685266402	0.11685931689816387	0.9044574322184391	-1.230611271032696	-0.5976847091005529	0.4563217204899051	1.8519800913374462	-0.0031227783751945136	2.1473088593743657	1.7202575536165163	-0.1705611963606622	-1.355046120241141	1.172001602389786	0.36493269254459715	-1.1259991150174111	-0.3614112572189271	1.7744104568364536	-0.4253016367772282	0.8883549256409908	0.791862254489109	0.4729619730570108	-1.1381410718167941	0.5671131278854459	1.2459594253696356	1.102167138074657	0.3303850788724145	-0.9952413720392824	-0.7655966697524262	0.6903725039032581	0.6857237718378351	-0.918500068853465	0.04360165666957689	-0.7801363027545246	-1.2498331344188593	0.6265646946495753	0.29844208360384883	0.43994464968304686	1.4415897021332635	1.17751312064109	0.38742786607250035	0.06290403754521996	-0.35823666908436835	0.21990074814804705	-0.23581779386312485	0.3740988019652198	-0.42313660136238324	-0.9430476729086551	-2.0977368156732585	1.5025228026034032	0.4751675923585065	-0.27078718322809964	-0.11652439097526852	0.06012072121130811	-0.6534128572928839	-0.11885790684869948	0.031054564989115387	0.03571054936693288	-0.7648524909019776	-0.07107234921391287	0.9944742815177919	-1.0153794074080682	-0.13437182938315148	0.9704119399829326	0.670804620695987	-0.8815550608260667	-0.5867698531102883	0.7769314406625053	-0.3990281705663467
DTXSID0024000	4.344585346317642	13.677322828190281	-13.21489593044438	3.896830570312963	6.3733224515061355	-3.636604089945388	2.1751252350433368	-0.6534433480037735	-6.774304996425337	3.1408694707737785	1.4017066724895442	-0.7306355865100665	1.121178672343588	0.08662879573364163	0.21998819773573017	1.4490117345459477	-0.045172713417722755	1.0234131818645462	-1.9366371993321483	-0.7072713885890887	1.019508173692576	-0.17974257475105027	-0.7933934839514065	-1.188198086720443	1.1212524767779608	0.6700136997990228	-2.738988704687432	0.5689734340423699	-0.24955069009433814	-2.365205170288501	-0.9874612055410207	0.21705497985435412	0.13567291433748155	-1.8269490657528962	0.45675905049545107	-1.3111397138429983	-0.030602949139734145	-0.7800029162690383	-0.07783321828063841	-0.014670875814565089	-0.8883198891378952	-0.24999662884297158	0.4676424064649502	0.4719234414248663	0.6774583922049737	-0.5574326930438137	-1.7392814666603846	-0.016721382175575276	-1.071173307776179	-0.8295824735291102	-1.3752594221279582	-0.09760844396016369	1.4075333411128976	-0.09599988365536732	0.23517855957748607	-1.3886723343542169	-0.974044161313334	-0.44596709947966423	-0.4264336902508517	-0.8139204608576842	-0.5319982527299363	-1.2807375893249124	-1.628031110598979	1.7266637558116036	-0.1863780470938562	0.001106274529511491	-0.4215335894788654	-1.0974680651200401	0.2399900384980459	-0.9297495163844155	-1.4263395254256872	-0.3286839288240055	-0.37034856268546784	-0.9492164304155067	-1.2371714046300186	0.5192455538610157	0.6756075965053248	-0.27886139844204133	1.615515691784156	0.3986599405714055	-0.44256962900523766	0.8020359410197008	1.822614787063114	-0.6222939812056759	0.7043626378113768	-0.4045803185259075	0.3320497530722238	-0.35823495377457987	1.3184187055952215	0.84831894145364	0.5613435696394152	-0.8320013964865451	0.36458206935137266	-0.3189970886016598	-0.7276367672662445	0.28449732527044147	0.5251386651050761	-0.384629392795278	-1.2142712202954855	-0.7224757419928695
DTXSID0037495	-12.324511212768165	9.668179655934786	-9.864814364720697	11.945213334884748	-4.23492424176097	9.075958984170677	0.04088959969748	1.426004218526522	-2.260604951825555	1.8440247576337498	2.3822872873028995	0.7916524681489105	4.54484517626709	-2.411000431331894	-2.4660102067214895	-0.812439544105046	-3.0775033217681074	-3.7817143189900273	-0.22254811013390421	-0.36555812118978326	-0.7322232444129831	-0.7918969468282193	-2.0862301672791888	1.3275632879141184	0.02998950676787307	0.11629628286132775	-0.5515911178370798	1.006040369741847	-0.9308335307531233	-1.0331442367724555	0.0536728062492575	0.15239416707150016	2.3834474112474098	-1.310027539411994	-0.9908354266103727	-0.7916413170762256	1.291521860714924	-1.3993862210977213	-0.4540583920162064	-2.3368466016218443	-0.49549812732939086	-0.3458195546075016	-2.331935644619161	-1.1996801162698327	0.362510376302397	0.26234754476484323	-0.020316558437383826	1.5017213008576984	0.03067481008048078	0.8438822349134332	0.5267277533682013	1.7143337746622482	-1.1027575461124663	1.0425637710011333	-0.0637244659212326	0.3010968130131546	-0.5063057177492425	1.2000692768473493	1.6524871150430651	1.393403877957355	-1.4308839211495457	-0.06710985281467931	0.10433844046469327	-0.4554555765145021	-1.5550061932396506	0.49302432716048517	-0.37288976355798475	-0.4100324390861912	2.013464519281985	-2.9641905640362807	1.0014790081018674	-0.5766005996620567	-0.6660304016320105	0.5515798473888819	1.9015423640991915	0.30707250643986816	-1.4131054159934324	0.0016910342458173453	-0.7143930629758344	0.5688562544329062	0.40203808872000163	0.07655531068403577	-0.8520783755089287	1.134212202382641	-1.360703204570038	-0.5960561889860186	-0.3520610683483594	-0.7304387384629668	0.20935866709144327	0.319269978586921	0.2798700835005038	0.48935130936939925	-0.8112999903927103	1.113344067042866	-0.3432173317611965	-0.7552482956433644	0.08271609733063875	-0.39150472570348294	-0.40113069883933	-1.0573717756489127
DTXSID0038700	-11.531821933405102	7.674664583572202	-13.057588764031692	6.585345496082085	1.9965413536689396	-8.580750128108924	-3.6540867550085276	-0.8215777034450746	6.649762291623492	-0.847545152805944	0.6468054696339957	-4.259681627122305	4.0906764705985434	-2.791869501752738	0.6104106159936157	0.5856217365434782	-4.920571675009798	-1.6470956989213235	0.7704918591684181	1.4951993890262365	0.006037403547609095	-0.6523851784161926	-2.1380932157058075	-0.5359688092274937	-0.2506720262040758	-0.26557789491517725	-0.07335715490386699	-0.4130617746023063	-0.88330750600661	-1.1102099976727942	-0.22074622469801217	0.1644433728932833	-1.8864547428651561	1.3388281303467229	1.4009386115942222	0.014663000092236065	-0.6474132466626459	-0.3011956695554603	0.5103701555513144	0.03725545642352553	0.022723183042747636	0.6879887318663941	-0.7427796328571398	-1.4518010776840837	1.2616772165458416	1.8029906472846906	1.0349144541104878	0.40266724239166873	0.13221729787036546	-0.8118375345364713	0.43662448371118995	-1.6535937811950203	-0.6201511511075924	-0.14636958667836514	-1.00339104797021	-0.48133880056292677	1.828378706918703	-0.08968256417073346	-1.2668629437824128	0.07129637758975313	-0.3356923518256535	-0.3456214290274207	0.7704590075330044	1.3731737672634696	-1.9180152856276091	-0.463959233306821	0.8188196822817092	1.4637534283494638	-0.8340115168944827	-0.1615336283465776	-0.5683864899620702	-0.4869359811804648	0.8559213530373344	-1.190630795670304	1.833949558276996	-0.178522409404544	0.11790805951300513	-0.3132405371818609	0.03714008993871073	-0.20662902904865418	-0.5778763522648709	0.6601111044358715	-0.2529964187312357	-1.8987466652759868	-0.11466343343085202	-0.5960845366519762	-0.9869901933945718	-0.04795902433568277	0.2079004411160863	-0.12918000306932395	0.6682060673619538	-0.15056426927011352	-0.31486737415708843	0.8547561126877532	-0.6947723976747069	1.1296099319434454	1.5646319598719165	1.3282774681423146	1.0742466584301271	0.12648411760654044
DTXSID0041274	-8.155804337918749	3.3217765321667936	-6.754508349813831	-3.5268143908134544	-6.658660790596871	-8.47880824587919	5.243890088735776	7.316986459570366	-4.228640604486633	-5.055372643351394	-2.3511587022937634	1.7951837400950417	0.03651119889696092	-0.8428028732736412	-1.297017293964823	-1.920554913089559	1.626396694965502	-0.013391119740280778	1.1570551094673722	-0.5698171752700979	1.6897412025442031	-2.681167858514415	-0.46124268497318693	0.2562383546514854	-2.7893970123408405	-1.7501731304018426	4.00741947797707	1.5813076166584492	-2.2535563963434706	0.010093455392728556	-1.8415770026389853	0.466922942948968	-0.8147933268324843	0.6478095437599638	0.14621516311856567	0.08823515563211302	0.9180976135008272	-4.3132900949945565	0.5821043807057643	0.18403626275570392	-0.32882398021920506	1.363416293365396	-0.5447537448741272	-1.6699198151234196	-1.6982384902509882	1.2262547289076495	-1.4307739499813428	-0.27896818518625943	-0.19559777782684074	-0.42269631290916543	-0.7118387165088381	0.31968437122138604	0.7117165612662939	0.500490664589521	-1.1318406664006895	-1.361371677458631	2.468647867858007	0.6700035066418905	0.4312418692392193	-0.27631748863643113	-0.19607748469318426	0.11253930436909228	1.9099282408197265	0.3092698399641572	1.5531339598220326	-2.599379669932144	0.3654832537092438	-0.7135568273672042	-0.7083228444032512	0.5699377049846978	-0.12236922113843327	0.7116291359325199	1.320823497639486	1.706085094275209	-0.04359840081045115	-0.6718467658965612	-0.5682285086022091	1.364696837853253	-2.0427299363592377	-1.891017032814365	-0.5319037736208749	0.7900012787705012	-0.7391625781065997	0.4495162671095592	-2.517564631559847	-0.4122333701548583	1.537511936513817	0.4756167310390575	1.1728584219263527	0.21422403084310598	0.2502349523311006	-0.2737169166797679	0.005484914317843677	-0.05500004143134188	0.7994566291451431	-0.2944750676926706	0.36647155107617235	-1.187868653290643	-0.7396164727929484	-0.8351637412962105
DTXSID0046488	22.373901555733962	-8.580988324540138	2.7627750158265325	5.577923653767476	-1.0626278559130977	-0.9957967267070911	-2.7560145989278997	-0.9620513634928367	1.4389195532003718	-1.4751463038720989	-0.8877118506637085	-0.5626025193296348	-2.7423177304876667	-2.909035549329718	3.3280576935371498	0.04380488068453381	-0.2978368505855204	0.616476658223056	1.6673010826116204	-2.680361501354314	0.5341000060159178	-0.44604381637709634	-0.8666905758813828	0.3939178201892913	-2.9331678238669783	1.4164618748864048	-0.9409585684071744	-1.9589712739375973	1.1913754993685652	1.268235752824408	0.3547165661149855	-0.6871443725392223	-0.6809390113718038	0.043849260865995915	-1.5277825832738057	0.34173045753333436	-0.18198797034125105	-0.07189321906409514	0.5390782852127466	-0.11261685531075497	-0.29292066477123874	-0.669146927393499	-0.7902134486661383	-1.3466524495864804	0.025266788307631637	0.8474030042238222	0.16617890238078814	-0.40595904067797745	-0.4518944814599361	0.19529602556922288	-0.957352690332954	-0.6180361260855156	1.2214788508060874	0.5606361296735016	-2.7190280383165155	-0.26169287490459114	0.5467272067349941	-0.41846422047275544	0.925570473519324	-0.9408166947168143	-0.3690266952562772	-0.45882866374392073	-0.7396588582449178	-0.15401737023458878	-0.30029978412793407	-0.08234940398606218	1.409594631213946	1.3870182480343387	-1.9685509044047225	2.3707354339471407	1.14599261890006	0.271065391826643	-0.08955793882804766	0.3769224441648268	-0.4990676351242002	1.9122430422767143	2.0040504751795893	-0.30857216089621675	0.16422969652988278	0.8864570383489354	-0.5883746567445122	1.3640632525845762	0.05256991638599445	-0.3345228950748756	0.6331399176208035	-0.30969015272637623	0.6808641632615399	0.4185392677265643	0.730126850361888	-1.284673652891638	-0.13766196626205449	0.5185854292669579	-1.0894049005891813	0.0006757548694553809	0.8728281589418839	-0.635739496576667	0.4699181974693867	-0.7902574166111723	-0.6207648750196811	-1.252485007617476
DTXSID0047248	19.754977449817197	6.491706790337032	5.365982015208693	-2.4014787735642127	-0.49092949262686253	1.177658514797082	-5.686508400900038	4.263777210197851	0.10810409270436942	-2.002031413811638	-1.1532812930542518	0.32049516993622557	0.25166363906554984	-0.36642627330885097	-2.5672888146199697	-0.9867123371043097	2.202968229953207	-0.2233245388964673	-0.27173105287439586	2.7707964693905103	0.19494846789830453	-0.9818623050431442	0.524631160172694	-3.2785737644241872	0.0707578932112368	0.005413143729530095	-1.5598032236338715	-0.21927384893171392	-1.1807272554050416	-1.3577458329844063	2.2793792020118406	0.6230936161939415	0.6703663673956606	-2.0877043689154946	0.9125570964428428	2.7144135856239924	-2.227259150503934	0.6143325081923174	-1.5864070342202987	-1.1080308320644836	1.9754308132678933	1.493786519911123	-0.7120551568224568	-1.8243250556640291	0.7291415640175357	0.3579993720486596	-0.7643753908961056	-1.074537285208724	-0.5343183154573065	0.36740288749160555	-1.130799583933637	0.6195032915653709	0.6862328987249552	-0.5877903317383925	0.713914130411543	-0.7682681975209225	0.6828560488382376	-0.3541145130861558	-0.2859667695674511	2.150542006593172	0.4749978246195762	0.3104017650395232	-0.8474738977696871	-0.05844131157088261	-1.8822093014384627	0.511446795117094	-0.3799229590717751	1.71873155005458	0.19577808667998073	1.7398536406854095	1.3199952324843807	2.417383551595889	0.5772653674333164	-1.4920156690866568	1.1480111664766346	-0.025533887719130358	0.7613545801373498	-0.09693541425280897	0.2886447632880841	1.294550095071324	-0.23764717991603176	0.8928251457010847	0.8337802562368903	0.06288068612596724	0.43228260896185344	0.8078360288645087	1.5313079791465158	-1.575033544116262	0.1489284725400774	-1.1281591581291173	-0.2542941182261591	-0.15574751104154955	-0.46955283611375453	0.9714023055262001	-0.26147751707011646	-1.1824681555916525	1.2353364558328381	-0.7425117792137003	0.5307126451716292	-0.6282438802043265
DTXSID0047296	17.141741440544756	12.222025684412149	-0.16175795963913553	-0.8589268249014155	0.6002474989750384	-1.512946284702217	-3.4786995144698967	2.5834429230881644	-3.5527019660263073	1.842653025251739	-1.2056420202055267	-1.0436043925804754	-0.4724207027858168	1.0616312896606295	-0.5825054000040298	-3.9027701183300687	1.7462444635011087	1.46051950811326	-0.6495719231047943	0.4474678673373511	-0.8812757321504	0.03508461619223957	-1.130022008860599	-0.44946280438392605	0.5788795555540246	-1.7286661521479423	-3.7295614457411643	1.887854779180044	-1.1132442379432665	-0.4817849689202404	-2.2022125003476845	1.8495403850023315	-1.0403012355286712	0.06611567687745817	-0.09934136819790929	-0.9723820328914137	-0.8715674025291916	-0.312374997947101	0.49176939931595703	-0.4306395137277433	-0.9365125155591638	-1.3432144240811204	0.4476852824927304	1.0709629330235448	0.29509654953494324	0.2628074365183405	2.089708797338712	-0.3450137166784254	0.9013332603756885	-0.5363436997051174	-1.495257308837024	0.11948617654655441	0.16456510311244066	-0.8022459259426088	2.1232003034636886	-0.1950414755511101	1.390722948967071	1.075230151717292	1.7983257156887014	-0.11577601749571445	0.29931438910779756	0.9989103741824013	0.41281863138463304	-2.6600585881278977	0.9611845705851748	-1.017305497701746	-0.19011376827475843	2.0449815770249575	-1.8006196712447007	0.4411007786005431	-0.5984928521954084	1.286455859561927	-0.8481125537844607	-0.42226832239005396	0.12211919802176736	2.195582928365134	-1.3028335819063335	0.8909928192833235	0.13717157967973415	1.0105780288512274	0.33415090692012406	-0.5055298157774023	0.020878945537753796	1.6832384547388202	0.7956798262238782	-1.176828962463916	-1.66137754505109	-0.09788857697770212	-0.2743500507105899	1.3835401326523957	-0.37886321260557765	0.963280464034124	-0.45518131764608716	-0.6531434810643589	0.633534937495026	-0.3473686186561036	1.608563274161245	0.27790404358770304	0.26140304663696	-1.4804105155243186
DTXSID0047294	11.364720058643297	11.801161993163259	8.648960114400534	-0.11983217852182416	0.6807727290056238	6.317534801175279	1.5813103971788631	3.331015788719399	4.457718161270122	1.8650694885392918	-3.980602497436501	-2.7030695982539976	-0.8378340808703076	6.226245575051786	-2.73259026282615	4.931651136114885	1.5685133589008575	3.9924458874533517	2.9061320828868844	0.28475184189837466	-3.4233995966504382	-0.8489187510062915	-1.5004229545029228	0.9406004190617958	-2.836127683088336	1.1018628768991896	2.0139052330012515	-1.4919006838777333	1.0465223508612167	-2.195599130096882	0.5100440369663365	-3.4841209334407894	-1.7263273520437794	0.3810335135559608	1.364642628927361	0.20297729655348182	0.5667131418241769	0.8449869965298299	3.4371381384289643	-1.4695015368650886	-0.11251893803846098	1.2535174162567926	-0.4174351393089077	-2.5453582550029084	1.7632044033249143	-0.41153140588142856	2.2489563442897644	-0.738305455929069	1.3061130146557076	-0.6136816032847063	-0.43090668910363256	-1.5257116830994375	0.19913271985049638	1.8757913744056172	1.5043050261172737	-0.636242373740842	-1.3554414086997817	0.8446208099859154	0.12363756411817571	-1.4551265377738039	0.6547648913797227	0.8956900153126431	0.11470388264342705	0.6846397900042527	2.450124570000787	2.044324422170448	0.11218831255586353	-0.447579858506186	0.24408607911176267	0.01288304052289431	-0.6870260540693528	0.40764322946029063	1.535701062682316	-1.7859203329466227	-0.5010601274089335	0.5789652164085696	1.3298997311163856	-0.31525414791760653	0.35910113103207275	-1.0622429091086434	0.35528665200380377	-0.17207063237439427	0.08902412471761095	1.3821797504853177	0.20730499010128892	-1.0965402076026616	-0.46204041988226563	0.09068193218874372	0.25871601501116953	0.3089582630569316	-0.5127059398637512	-0.3136736851211714	0.5429739275869458	0.8981646309778968	1.1556967947737347	0.7698460333978063	-1.2101691581221972	0.47723683706481673	-0.01166543078444484	0.3493613400196205
DTXSID0047325	23.267448121076804	0.15770869073195767	7.58702772356851	0.32306535813215265	4.07210857822032	3.735611492580795	-9.542124576677843	-0.35532993318270484	-3.611909765505662	-2.2875335070903366	1.7343350053853104	0.9641735890414649	1.795396104593879	-2.224773239012861	-0.3055988934416329	1.3923168365072254	-2.236602405484242	-0.07982104141086131	-0.3842916078238316	0.42251512860844725	-1.4966337639373992	1.6068407739410349	-1.3428344127720218	1.368327345033879	1.8675732739834476	-2.586595668460382	-2.0381254978951957	-0.1264416423624622	1.9640383302764561	1.247828230286599	-1.6312789808793628	-0.24610498388574614	0.7404201704538518	0.7998508454141795	-0.7216421181531515	0.4161261659744458	-0.011507050880683697	-2.152205056073783	0.343417977509	-0.837486774370092	-1.4885829339407946	0.9119816623847284	0.6728317047728947	-0.1381520670953232	1.309479070306222	-0.8394388842302254	0.08762825345722265	-0.9517444456219287	-0.5438213856297973	1.5689829334395313	0.1143398733346666	-1.3004991592515323	-1.2982443838535722	-0.00649158129680066	1.291888078980908	0.35315838507049224	2.7431438647748236	-0.2976588451822897	-1.2812757372819783	1.4590093705009548	-0.651454492831531	-0.858917555883041	-0.36829005028199835	0.5339889959270309	2.304166400807108	-0.31324902053636217	1.3908514950493103	-1.1544675987543789	-0.6530000559386716	-0.0013291616017700322	-0.92975955097425	-0.044270151279928845	-0.21315152288629494	0.5654890935694195	0.8903361293312846	1.192487538089121	-0.5168298912190675	1.2135514294524739	1.9262519452108902	0.10600457026425983	-0.9223953139944142	-0.4385710988837504	0.9881403214000763	-0.12062359047365863	0.7988542883604982	-1.337268736105351	1.2015564351258117	1.304913814694575	-0.22260350242855992	-0.06790007166063064	0.20886432405044494	-1.7390034472042855	0.7473136374077394	0.4613638426652032	-0.04443495178149347	-1.6271525506143094	0.5334278587561863	-0.41568799577034077	0.6131950045782627	-0.261306619374452
DTXSID0047749	-23.150186357032048	-4.009907374974237	10.507174028094934	0.26873138335704494	5.709063101951334	-0.008355862631961248	-5.841439988096357	4.477679892356846	-2.2601583110625203	1.587312414528115	0.9560469436287581	1.3287557223799917	-2.9047042181669593	0.47091786782794093	2.4547339278945155	-2.4349713704578084	0.03519085154786574	0.0916731066369595	-1.700206885996618	-1.347950571872031	-1.142731647776165	0.4235257068502439	-1.5674935778757089	-0.5246373817238555	-0.624244994696774	1.363670668213424	-0.6981444678813876	-1.1181497978987094	2.541840872868015	-1.7784742853203146	0.005736554307631174	-1.2988104175578639	0.794915289191532	-1.8947692172036925	1.7744494274412659	0.318299574980672	-0.5398754431980604	-0.07223586968758848	-0.40173048096514347	0.6383554692681532	-0.08124081994138348	0.31978111092184425	2.275647087174985	-0.7056945718160959	-1.1474957854861205	1.1840101673531505	-0.30797185484601813	-0.3153672060610414	0.919147636972293	1.0528804368623847	-1.8719349517126234	0.8527672135378372	0.2225893549921007	-1.0921769698056454	0.6750066286213174	1.4667239008695556	0.3220952862743873	1.6796303744183732	0.21050349474620628	0.413901284032722	0.4968865224638027	1.7484782767676723	-0.7357909961722936	1.7233026744295785	0.5575139778061651	-0.8946987005405749	-0.9356234808602627	0.46673458314734023	0.1739945296519435	-0.5022443945088926	-1.699508269028804	-0.1378295723282791	-0.37236180993964757	0.6221138578716217	0.9320421970847025	-0.5673987682596675	0.2940034518780862	1.3799369625238758	0.7348260861342591	0.1517044642821541	-0.5657302044828593	1.1039157251874108	0.8743409145058536	0.3201739332582604	-0.3779109411718791	0.26808523003272555	-1.074825923764629	1.8297860825185301	-0.017776550310554785	0.9093036108274013	0.6937756841415517	-1.3373240026807296	-0.06411701535161343	1.0552223385754143	-0.9723189266045974	-0.19026371138695164	0.9312432214838879	-1.0742498007613754	0.5973083907824643	-1.1923410798210032
DTXSID0048507	19.000473368732703	8.63800854059646	1.0957686013609984	1.2617544291468799	0.24065229867507693	5.2704280484926604	-3.8667321964963466	0.7944456629623882	-2.5341741827566997	0.49280030222391225	-1.8750645716890244	0.29872309304420736	-3.8989092822234457	1.7202041655205855	2.1962806895424336	0.7047015069402117	-0.07690972758408354	0.07721716314471133	-0.7560869433934442	-0.46447251652820776	-2.876250102711272	2.1543904922250987	-0.5990474345643866	-0.615240977809404	-0.3046917163328118	-0.10099263819651975	1.1237168111193077	1.5182870325597149	-3.5686740215205415	1.556524225253519	0.42975247325376675	-0.27513996759856957	1.581505603514336	1.189416353552012	0.09873912254786116	0.8768437281697007	-1.9406107247503475	-0.6944043980290462	-1.0816157883791537	1.3603479692467626	0.49146924462257546	-2.495486615141986	0.9244030889210095	-0.6762628697796086	-1.3753753545091263	-0.04588735456338755	0.44063534904791235	1.403676063763388	1.8148274763698977	1.6254585113083393	0.5155887966433825	-0.24977349842644733	-0.6329874875394449	0.4176525338789772	-0.33684384218058605	0.48704047153402497	1.7221892042028635	0.34312988373074665	-0.5038737433311934	-1.3090785477451705	-0.7013026976767173	-0.856870829320963	1.0827259220063368	0.14445058858501258	-2.0092110842903304	0.1737210305020784	-0.5177974347295263	-1.6791704856254486	-1.2078362536841327	0.1967568613966346	0.8089808745582467	0.18998173083377784	-0.3228037292065658	-0.1278565475276464	-0.32918480629535435	-0.7668439822201595	-2.117819507109908	-1.1943350158629935	-1.9814174498843884	-1.030234453218686	-0.38081061575062264	-0.1777442757007008	0.24030123184432825	1.2262153067215884	-1.4523129776480874	-1.5152283883172881	-0.6020152271684588	0.27101050965941725	0.00022259652592165327	0.1298029353155227	0.16155978772520543	-0.46556147481538296	-0.3462659464214726	0.6662401119953528	-1.031298709354861	0.39819735315686317	-0.03292554900212183	0.6981288703696783	0.14568003368263	-0.37049504840561837
DTXSID0051447	2.857917803446049	15.515715854557996	4.349748082880838	4.476898501573056	-2.9782658083373126	5.653041397432759	7.654614984799905	-1.6884391284595202	2.1608423262587104	2.306634367658637	-0.38063664500832284	0.6747751286459688	5.569050371466695	2.092489054289863	-3.702262133196482	-0.6592736305417317	-4.279726037544395	3.8544194017717177	1.002161150309686	0.6472622971763455	0.9734810764025088	3.066490443109095	0.8677705314117785	-1.9181512308608897	2.116554040188601	3.5678846652939087	-0.0827789694034354	0.3339971413662392	-2.9974812148088272	-2.1911136895583727	-1.4332218197724877	-0.12312220370748411	-2.02842921125238	1.296504343457606	-0.6139180770055965	1.0544987976422617	-0.5099092050026726	-0.04156731715987981	2.1527550211417172	0.5244688344747127	0.6950034259836462	-2.341038107284824	1.037509229750583	-0.6161647603617	-2.159473879343481	0.9873986952076999	1.4246997855970283	-0.05293061677836588	0.12229145094037788	-2.380666692807046	-0.9328970191138374	-0.47294524768430385	-1.9725090511941905	-1.5076152140051888	-0.2872612116318668	2.258819069964763	-0.3066432744425183	-1.5593331993639985	-0.0544729150779167	-1.5476077626538889	1.3622984386801968	-2.225329256383638	0.3654395534872395	-0.661217289874917	-1.6280273277697828	2.2321381457237446	0.74404828392317	-0.3514051777353222	0.6932130765068149	1.4088560594722717	0.29441349038528397	0.5179454080221235	-0.8126494178712593	1.8423941615880897	-1.9379191119038575	0.5602994263325097	0.8963907066614691	0.8150852664255173	0.7107979724747093	0.1186861739329208	1.5414781680992053	-0.5404913530708778	-0.4525142451879798	0.015932637111709457	1.3698510646100992	-1.6784648220131517	-1.0919551485523933	-1.08472850639632	0.530213757889498	-1.0966919699873396	0.18148269252524776	-1.110182839596062	-0.26752382941953406	-0.5576394987531795	-0.28866526489453354	1.0348539887377217	-0.15293231775455926	-0.28181413797423677	0.5959744424288311	0.4053013293866043
DTXSID0051493	-23.591110655957568	1.393044782093206	5.93532591460133	7.408204858763617	-1.0854063977411772	0.6444792084319786	-4.861912757758329	2.343567362447498	-1.2363643637515813	1.3455264450735973	0.5166739156424299	2.46659368255086	1.8870967169823598	-2.536855462666292	2.180833910777797	0.0644087900686946	1.4278302575398656	0.6669999038197485	0.9625132125154062	1.7573687733875918	-0.7393351929531063	3.1194387702378226	-1.1141367764617298	-0.8553448764254395	-1.6611107898601207	-0.9443328602444965	-1.0418199085711224	-0.9392271537819435	0.9559223536400571	1.6808395277647865	1.6154472982219772	-0.05071080957710977	0.7245439691160824	0.6194799611829429	-0.9465243094300689	0.9841939328048405	0.22390971044720792	-0.3614760390293377	0.8561158171686282	0.39753259895533427	-0.18087004790082886	0.920183075474291	0.9003695230752514	0.3593463367768484	-1.3507393285221216	0.5579437171887578	-1.123846140472035	1.6529234515170868	0.2819270067828127	-1.0077868613721828	0.8924546253610517	-1.3446714873871863	-0.10919132749230366	-0.3578853819900591	0.42043916120798375	0.4551568883971354	-0.5312633071846536	1.2316888541553652	0.536701503354285	-0.2315884688541324	-0.2412486876105093	1.043572289802848	1.0935340970917387	1.8117894849430063	0.992724949447737	-0.265851415947284	0.9050552359184861	0.09154223582678502	0.1941516297372585	0.3754768148474313	-0.2760456441333785	0.20893297726990237	-0.2334826750022798	-0.9396443036892175	0.14150833068710966	0.18297351086758973	-0.35190919152403954	0.5971773307503216	0.7262732592415211	-0.041134807471504754	-0.44484084344315006	0.9444774981409951	-0.24859200723332817	0.8873443444420515	-1.3532909928704588	0.8048589248024464	0.25421069727855394	-0.510648315551116	-0.7294854339931368	-0.4523752182154264	0.35810440773203406	0.11724770967915293	0.7098741944059286	0.25696357184370394	0.437757727834826	1.1145883455620256	0.4445061482422651	0.4052794999988475	0.45525927225022994	0.26440501710630726
DTXSID0051732	-20.952089884863504	0.5058119343298211	13.380255470852534	0.7104699318531866	2.6926385783564384	0.06591803583571382	0.2903659577544797	2.5472339898045178	0.17416519907808664	1.3664211806695343	-0.6558633050164602	2.432633967934295	-1.8323716506253944	0.21638888420446128	2.503031222649559	0.48266260308950465	1.1782808043165687	-0.03845991450870144	0.14760496633164444	-0.6570643229902758	1.5757648108503328	-1.7751771706406614	0.8272478995387319	-0.9538280550389633	1.2215531081662312	-0.5109766354703159	0.9268153512409757	-1.3083400379551753	-0.49055495281633044	0.28199840113163244	-1.628670370486764	0.9593284943767317	0.05984429833195439	0.5717477892791494	0.09550947416605565	2.6249002683306637	0.47810272492973194	-1.360980819958354	-0.09050018348380756	-1.113792461049701	0.22967690204413796	-0.9183314948305279	-0.44771337326329524	0.35383951215457604	-1.4702580600096913	-0.35823194110277556	-0.022838907025645196	-1.5117074533059531	0.8455661718141078	0.29150297572126727	0.20117891492289733	0.19900002490796467	1.8584813425496785	-0.37375120489194397	0.2166060098574675	0.5795008626845942	-0.511036745790038	-1.3600813820248563	0.21756622174880966	1.2474663321658837	-1.0542790209017538	-1.5226940925329822	-0.40166218680785193	-0.5531625972105239	0.2692473108156006	0.21783412722818773	-0.6394381188035394	0.5775462588545691	0.12129096944021768	0.45013760900106736	1.1982547550460945	0.08333295699413908	0.2955307141604204	-0.24216800061465024	-0.676265692561441	-0.23450231018472412	0.3704621415970593	-0.10885495735652538	-1.0248209674620021	-0.9985489975483177	0.20301713234688448	0.6583111405815091	0.4674361206150904	-0.23406345272019646	0.33214420601903233	-0.7476582397076903	0.6720162347917754	-0.01616931261952636	-0.9168775820096693	-0.046600359515682	0.8272608992030602	-1.1603576733341079	0.17847012137089166	0.54812295503981	0.8448680472001536	0.5279559468851478	-0.44476820024444147	0.7156189164856278	-0.023058037125361537	-0.5047673240355175
DTXSID0051574	-18.540488186374997	-12.598256611887475	-3.375391347205532	-4.34300210152655	4.131419103772067	4.6247708604458815	-3.912185972965303	-0.06328502852981877	-1.8651976664988899	1.6333500661796396	-3.167867084569977	-0.9180295159142576	-1.129520933413777	2.0225903490554074	-0.686805804123082	-4.473172555425452	-2.3218603316846407	0.659881560429302	-4.134778078480833	0.13640800942682516	1.7425959111781655	1.374729501572967	-2.198166165302024	0.23789333292071924	-0.6339337409739679	1.7559774115882651	-0.2928469635827013	-0.16033557041476004	1.5867863305451413	1.0954302246394625	1.6213280554368028	-1.2796329805908422	0.10945939088453023	0.6838829637709987	1.198688801384493	-3.53133298888251	-0.49581641058518944	0.7204548251541927	-0.1511704071537569	0.04393812256358465	-1.075219512580485	-1.6328108230642464	-1.226874055274775	0.3506234983339819	-0.6429920044004	-0.15476079806644036	-0.2930429861719423	0.3259261405565576	0.02656818833769866	-1.050279867372369	0.3676709489635741	-1.215796270164874	2.292952121590344	0.8890197141939046	-0.9336299469300495	-0.09165058307365156	-1.5316640896930738	-0.026881885503343063	0.006475144555198795	-0.8401647432095062	0.7720123082922667	0.13635742022192934	1.4477166125927947	-0.3283253523696838	-0.2342916356533709	0.3724661901675783	-1.3495656388054291	0.7138317120767129	-0.17892463304275638	0.31820804659963553	-1.73117752140616	1.315975642620106	0.3847637678082618	-1.2282832629838574	-1.8167371505174703	-1.564114924340967	-1.2535525157014529	1.0251462963415476	-0.5232329908563433	2.0611715608726526	1.1435279684336823	-1.0205945211300786	-1.5489250813987154	0.3145066315589306	-0.7733121358379504	0.6889117179825223	1.6223475058327461	-0.3104352738325124	-0.3822907008969496	-0.38677324195634166	0.2760436049077151	-0.7494061086692813	1.0215707235611962	0.2505680013680566	0.5561127292801622	-0.03570526463653045	-0.7089478247972545	0.2735046910891606	-0.20474327703782635	-0.2363665946065946
DTXSID0051782	-22.243205958138923	-0.8138372854835778	0.5101476833841578	10.818330552230169	-4.881739244167687	-2.885282187739546	-4.850472582423	0.40453582447192965	-2.3413304748525485	-0.768024513353099	-0.700579609330578	4.803408841393022	-0.4153615128508202	-1.1401146363356043	-0.6430909151858957	-1.017213587406454	-0.8788882293579756	1.1124559160379532	0.7922824535989165	3.4193783571162277	-1.8493394949641533	-0.6310866582952592	3.5495827663910697	0.9223493131680278	-2.5761395299710106	-1.0491717099523894	0.04727401061967343	-1.61901544423071	-1.0879136400784943	-0.21499876158775744	1.2240187057020095	-0.358828426083746	1.8074600270925034	-0.45558450103195663	-2.0263811072260145	-0.02656469221719249	0.020056480060844192	0.5689562831808201	0.9074694592514724	1.1117519943930085	-0.8973784977884358	-0.3140314117320541	0.2598387447823354	0.18836546945759022	-1.4707358714965264	0.4632602692615747	-1.5377820084355645	1.0033988910626546	-0.4925782442608724	-0.7117219630766607	0.16856231097213292	-0.14556401647921574	-0.6092790644374652	1.65054995760842	-0.9859370087122424	-0.5170883347866991	0.2686426700956771	0.07548749691631755	0.819938893747334	-2.372398887269195	-0.9305305960508821	2.562155882137003	-0.4893722764363596	-0.7493743369508885	0.02669867547915016	2.2495575433516612	2.122459169557595	1.3407671667848724	1.379561962216786	-0.6770756556622356	0.25164058717902305	0.35233415891851466	-0.7399239497598038	-0.09954121794559667	-0.3538515965779517	1.0940464916840749	-0.6942235246756446	-0.7031900654818546	1.481721018891454	-0.745823711065926	-1.0396566028764338	-0.8940354662734001	-1.0304960302349182	-1.288171256609358	-0.636788638899187	-1.1032205433322233	0.45805493868400166	0.05158020427904248	0.6167815154267656	-0.2544057276333087	0.8198466736722841	-0.3542932923988467	0.4214764084913677	0.7019893270518496	-0.2533624116224964	-0.187507887211797	0.6363943999526771	-0.0359548632335533	0.6911525308718862	-0.3085288928594262
DTXSID0051944	-18.399324102369967	-7.80721140528718	-11.254200237384687	-0.16591922503695836	-2.1379271000634787	-0.4831419558297791	-6.117692270937514	2.0349909490536517	-1.7498585488892664	-5.4361900590329615	0.7158084462869613	-2.772672125330547	0.6133739404099673	0.783918560665136	-3.687110413108234	1.0573184388265766	-0.11323180152516021	0.021726692481272358	-0.35548857879559764	-0.671563525303676	-0.5005094959318971	-0.5956670540115677	1.1429937980844551	-0.05807094254151058	-0.95669497841696	1.0077424899229912	2.5120724222776953	0.7868485024009768	0.004980786100834453	0.03677785208505606	0.8819036209452769	-0.16111022142532216	-0.2578658457179058	-0.07443101833049154	-1.2215475311470516	1.4700252315734443	-0.5113977833384162	1.0376633069154415	0.08070441556556923	-0.11468788716329806	-1.6107738792809823	-0.48423651726435196	0.8651593599086976	0.32703791637870716	-0.4635708742090338	0.5121991563330776	0.6127616861460055	0.3052113526542793	0.30674755030365936	0.356247657368208	-0.4884978078395112	-0.9281466334946085	0.3231519946225596	-0.04250723513346082	-0.7994008536020795	0.3598739412081604	0.7626903086505883	-0.13847618029443515	0.03521373024469053	2.2315623076704734	-1.6134561142499313	-0.6651000950307048	0.17297614215388116	-1.0559938746700872	-1.4247051126574553	0.24968083248860815	1.7559123819902969	-1.2330553057036662	-0.7320459983086404	0.5598495128634435	0.3801594775109063	-0.9809251072147204	1.7595166885968336	1.2097365581174306	-0.2417021746402215	-0.25171820991818383	-0.4606089445070499	-0.3049279093566666	1.174112529467439	-0.07752624458652362	-0.4994108251040392	-0.9689984465429923	-0.9189580872081692	-0.916326782412714	1.1349435357581035	0.7256405620026042	-0.781631334008849	-0.2101622681612621	-0.9491349134163445	-1.1491820187450947	0.6877858385242753	2.5343409693637433	-1.1539187402551614	-0.6225659600683643	-0.6634097512348088	-1.5369527356296468	1.421338176817877	0.020153106274730593	0.05794015307596342	-0.8039394343837822
DTXSID0051996	-21.39849082635576	0.4127484814308637	5.532358533209727	2.597621342083385	-8.690564823067305	-2.709073058661877	-4.747295920262449	-1.971912216440869	-2.1753730877900903	0.2750257795169644	0.7760000275437553	1.3073785651101653	-0.6180226538167349	0.2909299175069319	3.6991166959530926	2.5757984967125083	0.04801566430749437	1.0482754497967381	0.2153937240157292	3.0740409398494997	-0.4761508260874426	0.6769738139279116	1.4129481187491333	1.4361124126284515	-0.47754895015491194	-0.12256936633051095	0.6329430483967408	0.6249693242260401	-1.183838080767078	-2.1703906550124654	1.9643029317677674	-0.6210482286302199	-0.3794289829066545	1.1139437327920985	0.8149725613648493	-0.6046817227842005	0.04724017031517248	-0.648574377572788	0.08258012735653969	-1.1302209365715223	-0.3405266259182312	0.9914446225583187	-0.9289801591575996	0.43294919288201295	1.7926487780076705	-1.0351832518523674	0.36228700296109945	-0.8852078358184184	-1.1321629906802861	-0.32354206906303384	1.582857500861028	1.5416270423448089	-0.5978290327800443	0.6011993260857466	-0.5954931252628708	0.9177697879931374	1.4027731799754868	-0.16797068624398526	-0.0035135199732592823	-1.5893789814957402	-1.127641328731366	-0.05821875733874473	0.8843657976429941	-0.47617822656661896	0.8187868920810992	0.13295406628219206	0.3887948352272757	1.0568565676133852	0.5834803071492789	1.8686519405567539	0.08650635555205921	-0.8609903133595461	-0.7504855425073027	0.7259251865410185	0.15615676898124464	-0.6549752203433257	-0.6716515235220628	-0.5700187555144146	-1.5421045450916602	0.7619347327289447	-0.6897295053101654	1.405506808080241	-0.14156205336067393	-1.0051833098826726	-0.3419877255920491	0.16836464588720737	0.3950302060482607	-1.2760675696547081	-1.2997721973087535	0.992400963424479	-0.09873177487453852	0.9792979266792524	-0.2398899527304228	-0.4529296348688558	-0.6125406050077757	0.011506546518184625	0.19637436888092327	-0.2530251252347045	-0.49693175549633023	-0.9885620120310817
DTXSID1020350	-23.206024479547736	-1.515750349542647	1.7636407198416002	4.982623842065595	-2.677818874621136	1.4403384501043346	-3.0731689720807776	1.838658750033789	-1.4678901441097767	-2.3343214681173134	-0.07299087410466105	-0.9056895403270434	2.2672968759487597	-1.6772268965101396	2.004246987119031	0.43356283470223334	-2.2958797216541145	2.2662599993201824	1.0582226877105567	1.2429500979601253	0.21427725923133265	1.1829369763272488	0.025328927801463664	0.3269829786269716	0.166402576650601	1.4871600872545259	-1.0362311342184927	-0.6895934940439294	-0.5853978710382977	-2.429897167339415	0.3578168666463828	-0.3942405693681644	1.0596098419433333	-0.2647110544594551	1.0036970221953587	-0.5502096423612076	0.28166784091747693	0.7460302236483447	0.013535013501017878	0.8856427306575777	-0.677248985077841	-0.18583144526373413	0.13129374666746724	0.5627857607961578	-0.2594703724335234	0.1546405318166149	-1.0313884153999047	1.2279512517608808	0.20252100107705512	0.39292744504900123	-0.7173236830212826	0.9663902084513998	0.7221061215851227	-1.2111380387553927	-0.8291567943844489	-0.1528662375913221	0.5142571398067167	-0.5245689351720324	0.4881361742091437	0.6145156535281037	-0.6673368840296685	0.5669787604460906	-0.5316159932139366	-0.5048361081158947	-0.9051825926555417	0.2769960343900461	-0.2065531216670818	0.08032060805394677	-0.5140707106410897	1.01260820726083	0.15915840542550433	-1.4208932151784306	1.9300461862117175	0.9759240673814252	0.007821570919481612	0.8939864878822841	-2.084883268973644	0.06619179957717355	-0.2667663413559566	-0.1361503969696747	1.265772549289625	1.1927615585660567	1.232358868668095	0.15755816627389593	-0.9791113059759311	0.3242954556175834	0.5094788232545004	-0.01139604404452659	-0.0734738449402858	-1.2783230920699038	-0.7700829865981834	-0.6475048067293465	-0.7369986742853165	0.7829804919891958	0.3477270492960295	-0.04587240203836942	-0.5741604017224726	0.4516202126115224	-0.4281680427796467	0.5567112273764209
DTXSID1020221	-16.302268763299043	-2.6972030331465633	4.658988767226155	-4.712308771029429	-9.478449383775747	-1.5013189342199686	-0.4811493425236206	-7.112519663260224	-2.8150583605849406	-2.2639370601679087	-0.028937356162814985	-2.314597040970452	-5.590691881898485	1.0244941915362955	3.147919910084954	0.23829237821206772	0.9866581700010382	0.15922184009439944	-0.9680511746528461	3.034352644416739	-1.3677921901432917	0.7682096663724132	1.4214920546875258	-1.2885612596040126	1.8232862455212295	1.7906037664773329	0.5813576167837632	-0.8109118499667042	0.7613937234459637	0.4382251426057028	1.3734093081412737	-0.7166952162640388	-0.15900229594719573	0.6368228477105655	-1.5474665916131638	-1.1027893530726345	-0.349876062055438	-0.5120741008902431	0.09540417321423339	-1.739412825750612	0.5085512530262172	0.4027417902411654	0.6697009060361497	-0.07531952165370112	1.6147602725377987	-1.6531428867214737	1.3731952649226749	-2.1758065359051906	0.41224877742242216	-0.2435598606289102	-0.49345733883107307	0.022789044568306282	-0.7622096986399183	-0.01645665416994951	-0.474899769824657	0.3796300589912077	0.1856173705016337	-0.8090431966461591	0.5227050874566642	-0.8743360862959463	-0.24479828362363884	-0.4276061452535866	0.6911236659589015	-0.2129448645424521	-0.3968484528063038	-0.4642261726946082	-0.10938910565344066	0.778150042577831	0.1445256526639989	-0.06336370179215393	-0.5695920541652213	0.3310924254752903	0.4863284654351531	-0.8642723434432577	-0.38434005049457115	0.9031892660986041	-0.5966232341321287	2.2024916485362716	-0.4702621443854755	-0.6690802142346102	0.7273194391992766	0.1796077912310068	0.5780331028414154	-0.28844045846854766	-0.33456086108003286	-0.5815259310312425	0.23682632210843838	0.2868936853585552	1.3597831337995911	0.46249735254195473	-0.44530653890419253	0.7751278679901188	-2.117091011114975	0.05903952994378042	-0.6483603185438777	0.4053071387819487	0.7839211589009771	0.8565299198225993	-0.3892642565712206	0.16320077339044614
DTXSID1020510	-13.468623733915685	0.7887947757867646	17.06382027266902	-5.490521240891107	8.6243276273041	0.21203631350474308	2.3564457209834098	5.967058220511097	2.589612708588418	0.4983439095282426	-0.3667501227401036	-2.810006491063139	-3.172574915419006	-3.219137274420007	-3.5961548533987973	3.4592001171409006	-1.3596141282123895	1.9127994738617906	-1.2897190536782972	-1.4000829185116963	0.5585587023797979	1.5581459484923181	1.5691156959493273	0.41143837405344325	-1.0530491674947946	0.9748258721155995	-2.4538239823667314	2.0652028664914543	-0.10329762021578709	-0.2376017212792093	-0.7830496461050519	-1.6513620958628619	0.4961810869773395	0.5243605736168183	0.10434754405881469	0.3244264566917492	2.0640678827961696	1.6048180394225329	-1.6145936375291827	0.7276308032116763	0.4343042365941984	-0.3324974039379867	-0.4245763175331399	0.23596140658601153	0.541885178465059	0.18156222480409726	-0.3957605687791786	-1.7507260637976987	-2.3942893426031944	0.2249551205016309	-1.2812360865199866	0.47589215875691	1.490789723459373	-0.9631031120479175	0.11722360034031148	0.9558130301542407	1.592256258528328	1.183107631532921	1.419172075370418	-1.1325009853246026	-2.3340538103423305	-0.9687899373074131	-1.3342558092375103	3.0065023622553975	-1.2385490574195765	1.8214420093798724	-0.1308543149126152	-0.17975935483090127	0.9970174944844885	1.0252846389395194	1.4106503334589084	1.2293024080444348	0.6825871747159556	-0.09944996091872194	1.3956944771429436	0.723281285469729	-0.769488303657673	0.7879721994748716	-0.3738598548378162	-1.9643242734977389	-0.9113526097725401	-1.0740325269915398	-1.618454318980699	2.633638003281724	-0.4069467033243573	1.6512901753236797	-1.143665692068089	-0.6021712550041467	-0.302821604797002	-0.40612502269692585	-1.2199213814485619	1.288552588781695	-1.0016013597168727	-0.8837095680567674	0.70582453739228	0.3344917403784423	-0.19866813197035665	0.49560439249127586	0.6286118370051136	-0.17383740654086516
DTXSID1020485	-3.2286820735899724	13.496165179647654	1.2011493811151894	6.058114016476878	-3.384322461420455	6.40160468305799	4.959322657403648	-7.997799783673029	2.5715054218264553	-1.0000265456683153	1.0629800893155148	-4.011293944824825	5.05220161371658	2.726613115709136	3.9491590727596906	0.5831709613121113	-1.6425133447299427	0.29745323911385585	-1.633221937020109	-0.5041850515462661	-0.15824109543724177	-1.583661800872736	-5.161919032531445	-2.3250869350765595	-0.6538206827210038	-0.4347301760943067	-0.158473276788241	0.673273904631738	-1.193687483272181	-0.011310939773719542	1.516708441445851	0.3848465809802883	-0.334855345446341	0.9403076369828197	0.04672050734497846	0.7332544080860667	2.237027162234753	0.3033288918084895	-0.5480838176372201	-1.5728419343249915	-2.8200922983223493	-0.27019300040697336	0.5203399524651746	0.8087517311909089	-1.5353395229700184	2.0948593418024144	0.6960288916570624	-0.13107366577923302	0.7265480255460735	0.3750199920349043	0.25562602354355957	0.10174130617732485	-0.2963023979506852	-1.2971119734456424	0.5997952087798186	0.18548082167380123	0.5331615709026029	0.39731524570805415	-2.619915720473117	-0.5827544897175921	-1.5860603247812368	1.9174484123948994	-0.9472710524720566	0.269269714790042	-0.9956198623170659	-1.0421440390222219	-0.9260711849991123	1.510818744359463	0.6734663294039177	-0.9266636045280517	-0.5714224238822478	-0.5401454848933513	1.3137299017130195	1.1789175089928303	-1.7237487515016572	1.1267965132763353	-0.19117553165781914	-0.8249437128994754	-0.8582665034213391	-0.5503187210304877	-0.45062791506384275	-0.9064468985452014	0.2319226020027559	1.917702193763729	1.1574001833490435	0.4945666498415284	0.7938027945678738	-1.541323900342297	1.7612589749904592	0.6623646325434778	0.5972926054691808	-0.10295494040802011	0.6914716480517792	-1.2768828501109009	0.2511474107263745	0.20710136096260745	0.4512320831226285	-1.0331944047808221	-0.4449890327965877	0.8935604240729965
DTXSID1020807	-21.453616235767512	5.9058349270573665	8.014350061926189	7.403338599684974	2.545864630840789	-0.3521518996283603	-0.05385163240552206	2.854140363086953	-1.7371039079973125	3.744311944231058	0.3034159347365711	5.341386186244771	-1.2791101061541923	-2.194981753197797	1.1132727365468074	0.5312044502437664	-2.3250573227486635	0.8462108382597958	1.3251080898957672	0.26148349559163564	-1.0031409153119712	-2.3463654041796467	0.6293474342794064	1.6243322613301188	-2.1062227065776447	-0.4119646746946617	1.113814334744985	0.7630190986153538	-0.411859176297271	3.19293734658114	-0.7205681728180233	1.4302665318983214	-1.298204842444835	1.8464269187070077	0.11786771359264228	2.949478530140877	-1.3605538657612342	-0.4577338729795903	2.371007842652852	-2.1143806671760936	0.11715101040223537	-1.8497837149423502	-0.8343447767520896	0.622937799194241	-0.05633852756967394	-0.8430846756549628	0.16293069360593898	0.13501675672095248	-1.2232551179830433	-0.1946905313494249	0.9025822603359234	0.6754861248081406	2.421798081422989	1.5081626801482175	0.5919565933676955	-1.9255572204383216	0.1432116717305868	-0.5249087536062627	-0.7043402802493026	-0.6901301704224768	0.3809104804466193	0.2436921644120069	0.9305784161741179	0.7490571611113177	-0.5891265375600466	0.27920495014252106	-0.5474749777629264	1.4012317961758356	0.6692672978031341	-1.5220584420029024	-2.222932733074159	0.39608352854118567	-0.054526284640891244	1.0291400651921376	-0.3253611868320542	-1.545084567578143	-0.015276151942056166	-1.1930492416657574	-1.7447087153566592	0.17559029384882122	-0.2851619360966408	0.1452898995134206	-0.6422462519605788	-0.8318080953923094	-0.011530461051133273	-0.8314222203131123	-0.04791967992976905	0.49615350910974415	0.03958097056736514	-0.6738656777346747	-0.4475971775004569	-0.5654938906876478	0.8098104699083544	0.26894780779544813	-0.8359179875279485	0.45894368799502633	-0.3371334906950571	-0.07698435216826001	0.5089070635535462	-0.2937831107304464
DTXSID1020930	-15.161452136790345	-8.454023228812357	0.7237134009386179	10.37274587367871	-3.89130888957939	1.523456346428293	-0.14834135114017863	0.271242910308039	2.1805764234619525	-4.056052039470941	-6.523445219774075	2.1099693931846457	0.2707357616507261	3.6622367714258477	1.5033826670884989	-1.4570304809059422	2.23241674452647	-0.2620357453806033	0.7442759177263288	3.194551286786018	4.197473578295322	-0.42972521272130126	0.3375047019040535	-2.2082188456689464	2.4038911458402783	-4.953916202699843	-0.9176478684155136	0.3380177389166861	3.3471144281089407	1.117517262095201	0.07111523817028771	1.679765906229873	5.419576008170342	3.0870287626230506	1.342281009068969	-0.32409515671781103	-0.05164743424394212	0.5622928777927508	-0.5977074058867841	-0.35313886404467304	-2.862428560373994	-0.5138456160493707	-0.7673061199568353	-0.7090338576636881	0.883859098266657	-0.21937932639061783	-0.3108608471374074	0.19326088159432897	-2.0150922060511243	0.6131602725063943	-1.2043806327673032	-2.288350631567	-0.596324194484548	-0.5275777494889661	-1.5172425714919138	2.757158414250349	-0.7655443365922101	1.4150385425950283	-0.5727235677134005	-0.7822937332482576	1.3334208101952632	-0.8757519531307403	0.3552499557415516	0.6341262445015217	0.5127980367007319	-1.1306021144601766	-1.695853131166483	-0.8392942179127972	-1.6241240443134461	0.8771088944908868	0.005084883286115444	-0.06440612844002508	-1.7004760674309645	1.7852338361520288	0.8626418099748339	-1.2342698165399792	1.492352880560173	1.1762239511164003	0.4960495318407286	0.42213364786586044	-0.009445356140540746	0.5927241100076039	-0.42455428390706657	0.6305700804604895	0.5089029755709487	-0.018328167384806082	-0.09416887484122628	-0.9759405264322072	0.7707796047720532	0.35198945759314865	-1.045971874829165	1.8020763507159279	-0.827508986714187	0.6432131423926473	0.02683544312345043	-0.2100433696466715	-0.18881694596042006	-0.17637442088012234	0.6706003746802393	1.1435046725049984
DTXSID1021166	6.2101822887138365	-17.361101319926302	1.8313650913432422	-13.325917220065076	3.9365124469139934	5.532920262846162	3.488217371247333	-1.4789037173453905	1.8767392558485574	6.777902443611675	-0.6853897654896755	0.16285882748348457	3.1764778551380943	-4.223870980480409	0.6384958637847203	0.8857691901954853	-1.5788242642748433	-2.8048831355638835	3.5223860432031273	4.589599227984079	2.508307433793556	-2.7946701105392844	0.5680991572073028	-1.5581406128064115	1.0428432267301353	-0.09632315974682461	4.1935613303322095	1.8374582035032696	1.1517414093124447	-3.1581161334986825	1.748690362006884	0.6724152752954815	-1.4896001134099428	0.8623312391839324	1.7912769735887484	0.7015258088686492	-0.8567288025737596	1.3374130055969138	0.3585253382962649	2.945871260355963	1.8701490158393854	-0.8713840911987698	1.4323633263421862	-1.7205294835261498	0.9781307381532636	-1.0453345796010678	-3.6444775734382673	-0.10795749278453581	3.440475062949514	0.022140697756639315	-0.13290124624081945	-0.4060950866617428	-0.6120899590472597	0.3010275881175937	0.679943660880191	-2.0588214789380026	1.564574718059617	0.7642535958061942	1.4115837337294477	-0.38276882588332933	-2.749185629058213	2.140963887519528	-1.766288262746926	0.7489643604649799	2.2549432637823186	0.4670714585531991	-2.306171547365676	0.46028058085247814	-1.1282184750223403	1.968865754309187	0.3792058552444183	-0.03346072031215378	0.0040930553869417885	0.9132876713038937	0.6898255833087095	-0.5827937486169672	-2.795958898114309	0.15397233713231012	1.5655211250900605	-0.18144120715666692	-0.6750519250648589	0.22524422608785857	0.6222034778604086	1.9181236984484242	-0.6220723225544759	-0.19298658824495732	-0.8449236092500613	-0.4332565027958643	0.7667673959596129	0.6028213597585246	1.1441356272527279	0.41140459791097905	1.2975328767432799	0.46942525503549865	-1.1649846421990229	0.011672454218877311	-1.9100992873726457	0.7575429704019385	0.7484650638096055	-1.1759057737241587
DTXSID1022396	-0.8814256710503131	7.855998407602961	9.753229989624325	-3.234304835863645	-15.2344380846672	-6.2939108371778065	2.642369677983216	-8.366283222621027	0.37567535996672324	2.578635280106682	1.3933269262217454	2.207299732852257	-3.2660723907211477	-0.2399014529331897	-2.79294052715961	2.1608485609205914	-0.8071827012594582	1.8830138564958085	0.40133208878506216	1.7874008365255745	-0.9333253606989722	-0.1122007991243021	-1.916604809126639	0.5026202495988914	-0.7565504017620246	-1.0273693999647786	1.6665334463008419	0.8501592266392358	1.1219110331763211	-1.1335285148039302	-0.833507557245559	-0.8869658939961572	3.907936773218981	2.563753492278066	-0.7418274531690505	-0.40214321254291635	-1.0053011098080313	0.4698113198067643	1.0216449546992836	1.5372830714427634	-2.604607424160662	-0.3329310124512203	0.802531780103789	-0.3848270213103503	-1.5601015659630093	2.1141144856795906	0.42486950381605554	-2.7597809080472775	0.49507267644616026	0.6617619152053796	-0.9533206496388074	1.0782090276345477	-0.3562154280677823	-0.6195734655498167	0.19850351360437	-1.061958235423182	-1.7303437578000833	-0.2045810128954965	1.7101189084131379	0.10244555821185182	2.031619892923101	-1.4553140015530548	0.5091024192786564	1.215907187720165	1.3321526507015289	-0.3156423156073387	-1.1938622424143692	0.06072160922399781	-0.3169232321529968	0.1872339049568295	-0.9126725122787542	1.1829747916178144	0.7412650932467683	-2.1853694759254263	0.483215973565188	-0.15681930077930414	-0.03288138137495463	-0.20207164180893206	-0.39349946378852696	2.460933023002341	-0.4207460882358806	-0.2627992028416897	0.4127233188055308	-0.1410052168086947	0.9983970066651098	0.48334400694801444	-0.38084676436616915	0.4955015942760931	-0.024194978473492237	0.6922143749440655	-0.28344761033409366	0.2637854934969196	-1.993584071349906	0.8206412045296592	-0.9426519915518238	-0.6572004195189179	0.3821668714835901	0.5284803903829756	-0.17310607471987396	0.7941343266723554
DTXSID1022421	-4.556235097496275	5.617337260311755	-2.8829480708112296	5.435637801602808	-13.627060123670958	3.7803367653293636	4.02451609448474	2.787603248919676	3.1333187919724432	-1.7793510505258079	-4.35562259509193	1.9719852712167572	1.5868488082719152	2.228034424910632	-0.49321233007171245	-0.49388172226139104	-2.8584267921124416	3.2126809720166998	-2.1062900620331084	2.973327897061317	0.6052347173542231	0.39040617183596626	-0.49468205756404493	-1.172096301287079	5.776024427516299	-0.7293269780992019	1.1773683479292896	0.4931572291536828	-0.1062954978963401	2.1405708290439978	1.3677914779754587	3.2842649927535037	2.5464751342714536	0.814673495882358	-2.1307273759545753	2.7269749364069193	1.2567495432702254	1.3465408998576192	-1.1672329148974887	2.560150890153665	-0.04294427798236009	0.7357025884217483	-0.01964683111581481	0.9146892549198828	1.1608911809046498	-1.0298931027203806	-0.7742220088758731	-1.3930998082876922	-0.8553523877461275	1.6128451008747333	0.7234127234312033	-0.4968456412319456	-0.34399575705211294	0.3002243072623771	-0.21351598167815247	-2.834660928804874	-2.3425742639942078	-0.6031585859399494	0.6369264008419517	-1.8658265279381236	-0.8670012805458972	-2.0972876954391153	1.8170163695525694	1.0887413065211935	-0.6271175874017506	-0.199187977376586	3.2346277171375513	-1.1828670250761502	0.32862122809527894	0.810170087006181	1.2220999379864437	1.2957689009142808	-0.7711017962954367	-0.20665830477226407	0.4404819253341081	1.0805811131462368	-0.6745550447853845	0.06993831152931501	0.9422485060736911	-0.4125005129133791	2.5734674445132395	0.27337686372917575	-0.6636267749180302	0.0955959385189868	-1.4800432056471917	-0.05735749132439741	1.0399018617273812	-0.1723965997943397	0.9410965699046216	-0.17347192981686757	0.8294014334959432	-0.2846460730942798	0.640122576056244	-1.666858237590579	0.36665589657370384	-0.3447372573653187	0.025060773122692143	-0.19259036614178288	0.5997572032959649	0.2856078723864852
DTXSID1022394	5.213938367945012	8.430665463646415	9.321938741489813	-2.6950313286457273	-17.98636177273287	-4.458995486387456	-0.9939755134924304	-5.894789151253649	0.7265392961354029	3.4494702770541714	1.4538290838298538	1.3694504478159706	-2.536301818692115	0.04455681023735053	-4.796102869346496	2.627908930580765	-3.521838886678763	6.416870569075696	-3.4158632744563375	1.9753077245984672	0.9142664827235727	3.226369900985255	-2.828986192119908	2.6414330533991115	1.626102851605333	1.5094124539070066	0.9227504986527949	0.8232532816768733	-1.3217255517874473	-0.4952600842379415	0.39626251828173503	0.039844200422925	-1.2828325911955298	-0.256945181035419	-1.7892668906719216	-0.10217501492850889	-0.552628885536714	0.8047477135361458	0.6436246716449395	1.1882174533805334	-2.8532903912556775	-3.1570605607145206	-0.4089741510185433	-0.47151540544394244	0.9545687305593273	1.0775247455914783	0.7691867116905665	1.7920141519866897	0.7944614659964412	0.583036887848853	-0.8285884009420131	1.9661794180176715	-0.5025562414633796	-0.9866267954194202	0.3597527319829784	-1.1129841418465451	0.750771878083488	0.33101835248175726	0.12628543267402498	2.2240561894670763	-0.7983232853830156	0.9794283514080302	0.7590491199035766	1.1547670766968459	1.5614210705474203	0.6923009324006536	-1.2646891022529867	-0.49002937478542924	-0.6713010604365878	0.4610640152310962	0.559764108043129	1.6876698914012052	0.48329734496274473	0.8203103655322882	0.36351664329861577	0.1408726690121913	0.042385006573812174	0.5047168302340883	0.6217907703152674	-0.08137518065354324	0.4362490161355714	1.9437893099694923	-1.029267508995516	-0.8504604802765672	-0.35078635745348813	-0.3510703428017724	-1.2386164120231837	0.7081033871976837	-0.3283453425471581	0.4280311885198956	-0.9101298547435414	-0.9958659218624696	-0.2669267783482703	-1.088161740061718	-1.5278636061053184	0.8876420932186957	0.2256770050843904	-0.44962356210664217	1.6730100609214393	-0.5540743578453388
DTXSID1023817	-15.457448462022953	1.4636077406293815	9.752142420454135	-5.628507244257888	7.263910404968959	-3.2539112085475352	3.5107709067743547	4.324565225075344	1.2832024375604358	-1.735801790732597	-0.1279791940579775	0.7664932628214062	-0.6006900142128894	-2.2371216242639194	-0.11225039371526584	-0.6774915173526285	1.4803967833223184	-0.6649855774909743	-0.5155860318374444	0.5640159896983052	-1.6531488021906628	5.512430295716566	-1.8954565632990972	-0.747372578532165	-2.676445710442629	1.8585910573885627	1.3748140347011324	0.172014491463565	2.417626944826993	-1.4070539767574122	1.114264042731915	0.23878934075593605	0.5462370985160466	-2.006230178892519	1.0795769750108999	0.27764107544953937	-1.8126076348560984	0.6949026083177028	2.267930717874571	1.1265796346776442	0.28718642491910873	0.2900615702010374	2.548598900109461	-0.9081760304525882	2.6397792957809685	1.5707889449552548	-1.0231009447443233	-0.37364575692721225	0.5960472654533804	3.031929714869638	1.3943552870671572	1.1390798988880624	1.4568127337362942	-0.3957312258190012	-0.8617749746431539	0.2542644190727756	-0.2300884974134873	-1.3044151030636946	-0.953087872859696	-0.29893470766272773	-0.1722537510561106	-0.6409466347435505	0.6999118116910553	0.4601145509621267	-2.315113307813574	-1.3701029934222226	-2.32295249408027	-0.05113495754765273	-1.1674293268546925	-0.01254220112115055	0.4315861703427077	0.2331884465792363	-0.6207217912458793	-0.7376950051670148	0.9357404169687309	1.7229270884831804	0.8019195484830757	-0.7117854441376555	0.6919566093853096	-0.4354499545567125	0.21248900052888928	-0.35707089455444635	-1.0511284688222324	0.3530305787769135	0.704982716289816	-0.6913366468292111	0.849430887289119	-1.362147442131694	-1.421601202313228	1.5274567220039907	-1.3576974037095035	-1.5117957978683747	-0.22839797692512645	-2.2995696678258835	-0.32753464014167033	0.7090339854243454	-0.13662131125057833	-0.3255509770380168	-1.4860145305739276	0.30775788232410284
DTXSID1023869	-7.543716730488056	8.534594104014545	-10.928639672043108	7.365352498400677	-9.352259330208357	11.53137395144067	2.918619503506773	5.0708707307455	0.9745384439524648	1.1254882926437677	2.4308647908996157	-1.998512251559284	-2.6970385282774227	-2.577349172822088	-3.3411570828794432	-1.8054365061075797	-0.45518568064114484	-3.8149516393845033	0.46422866291575354	-0.42461508621423777	-0.18438427345770173	-1.1724591165629947	-0.21148435922878342	3.3224922546880578	0.8172640371712546	-0.2933233207367208	0.2852597776481165	-0.09965027485237937	1.8132948243609528	0.21122290364477042	-0.6227433270652	0.4783505586058135	0.25071869496433324	0.7252855723062218	-0.6042261802217594	-0.9617252427827606	0.3738848678541449	-0.3781809529948798	-0.7882035865687484	-0.1902019411644624	0.8221497568220463	-1.1428777114950825	0.08129543940599322	1.1504355753739726	-0.11206340991013945	0.5942452700311657	0.28089354183946064	-1.0712756320473766	-1.1709172023345926	-1.9732660990756747	0.017659407312384735	-0.6165066129396631	-0.2946290083949156	1.085625808892553	1.4805927751419004	1.9688665612372926	-1.631529828186274	-0.5961569953351036	0.8389687174053243	0.9684376273700399	0.9641463879961496	0.441058217118914	0.2320926547416288	0.14328215361550417	1.0269496634428592	-1.1180917407655693	0.4669352859351184	-0.27172234342231855	-1.2400337265572314	0.2777609006382065	0.8468975415281093	-0.11648343662434989	-0.5188692499984453	-0.5499900460926045	-0.30037704881896526	0.19012037823487327	-0.9080932579672112	-0.8623080081062073	0.10197012969570386	-0.18499669976219643	2.2763369829188456	-0.27620508682104	-1.0140208278795555	-1.497623498654573	-0.7167309706715784	0.14628076065614784	0.22573388683363113	0.47558037413241555	1.7164470317855347	-1.0424612932874158	0.1516015313273346	0.011526124992887575	0.6901655321919995	-0.16763381951884304	0.17814917794980656	0.9437507831287517	-0.8398222288026413	-0.4915794829739793	-0.667802999046352	0.6540458988314544
DTXSID1023990	-1.4118070716031546	8.771169287204263	-13.953000245541237	9.768004353057254	-1.8981880744173885	8.702260921451007	4.205412259652312	0.3870404345926352	-1.9068674512513342	3.213868272718627	0.7482213783296097	-2.3811864850829094	-4.228072082795576	-4.500618501130845	-2.581201796007442	-1.781152525950809	0.6905360610650205	-3.450718544154328	-1.2772140273237864	-1.2462078045760365	-1.3496914244530092	1.3187126439164316	1.3930492424480034	3.2207790895504282	2.0828215316269056	0.4795363132694456	-0.29623173068931924	0.9385122355853268	-0.38149905269132256	1.1788864289954182	-1.1196223910598615	-1.5233700617026174	1.3831246929894996	-1.4111339250909771	-0.10457679639201467	2.1542156911669346	-1.8892457124853828	0.14925201006640057	0.5888434281264003	1.0423093443053517	-0.15258378087658667	-0.2350550528745795	-0.4712510614124916	-3.427482811250375	0.08792388261745972	-1.8607471287619388	0.9956217497052563	-0.8447326629891175	1.4544892544467458	1.7030927881492794	-0.3088933344512896	-0.17531114840229028	-1.5629694763245523	-0.3628409707696421	-0.43701200561973613	1.391989027464606	-0.5056025714270544	-0.5082107838560423	0.2681830096423316	0.06488423922778397	-1.1159160538721244	1.6267292129096116	-0.825285922119356	0.34432213860282734	1.5593207315253506	-0.45299589931342443	2.327144002694514	-1.4399327854669886	1.1064032377792612	0.9226771995907963	-0.2610006324268115	-0.7502756970028485	-0.4366846260826324	1.6115731265470747	-2.3560609533767742	-1.2984819775847534	0.7242502790778028	0.2208603796328263	-1.3768265461668203	2.2273486052761764	-0.283057912955796	-0.498703978381121	-0.13558874756973463	1.0304653870017422	0.9324355537531066	1.5903612022249076	-0.8529331856305132	0.6852403210217991	-0.2357200850348432	0.485409881704495	-0.9836221686714498	-0.20509249529440093	0.8850226723668824	-0.17535285083665852	0.17512510006745752	-1.117497949310414	-1.2794713247671416	-0.8436844646455521	0.47151555499552805	1.2912094724048444
DTXSID1024338	10.255984727222387	7.922935047386183	-12.990051857880871	-1.641175326923102	-7.170963911090176	-1.1322005137551068	-2.4735272149941743	7.645814052070608	1.8733261528996212	6.23915142769687	1.18412633304808	4.216016055442072	-1.735896183022137	2.81389124334404	0.04034346489306303	-0.5009076743610272	0.6272462600819437	-4.927766618435244	-0.4999762567297309	-1.6429178902340398	3.574854288980788	2.5893696242521886	-0.28716537429117456	-3.5212725870423807	-0.4381943244449567	0.31663950317817985	0.4818323675909386	-0.8513257587267392	-0.8658197919821864	0.41201502849575733	-0.7691198663662625	-0.6271060463391293	-0.662040371324985	0.7224842429329194	1.3113365221392794	1.6597882366247276	-0.1536388922458079	0.48527897124245084	-0.7240348689735051	1.4355597486427956	-1.2550893002873946	-0.5547726965872284	3.948759997153661	1.4638997825440943	1.4856468352391545	0.6245066847777175	2.204170760414969	0.12913662175191137	0.17954553364966575	-0.48193543582048437	1.2448349647910875	-1.7296292292287248	0.15502898021580447	-0.5886507019876454	-0.4759840963883593	1.098597971836963	0.6101928735723413	0.1939581872072159	0.8462318120802288	-0.4055821242509087	0.4869767759717176	0.4525017441666235	-0.247019754396506	-0.19697495205910695	-0.031320554449926326	0.5751765236924627	2.0121575737196147	1.0132197748715033	0.9751021213168891	0.010061180635671588	0.36966808025534204	0.818681537203695	1.6741794926711446	-0.4476945508433875	0.9393587166600585	0.6099662808833941	0.8573674938849889	0.07276337906407827	0.5818181685971362	-1.1739749823254044	-0.5981712867633895	0.9500746694538543	-0.5394980982044195	-1.2234450899878255	0.26362340451369864	0.704104807721266	0.4666423813148821	-0.12322514227517171	-0.7476525007502861	0.46776231404683316	0.41924130184271413	0.8397906810071756	-1.5117717993496338	-0.864041055401642	-0.04103261015288494	-1.0428767169746311	-0.3188581604373405	-1.1232574764978067	-2.120705808045099	-1.5438320593578752
DTXSID1024598	-3.3038129191439083	4.104684957550602	7.604871570646989	-10.880116646969263	0.8090753596877129	-7.768642826122743	7.603750968825507	-0.49910329223377353	-0.9528264877914042	-3.5901501799070665	2.5519612217397483	1.6154618610921414	-0.6386935318198452	0.37370758986496405	-0.2804928296617825	-3.7487537129455264	-0.6685263586356928	-2.872086012741796	4.941458010411901	3.0571062947404783	2.5734886263153536	2.032086603451637	-2.9432308266409715	3.4194042748871136	-2.6747249998295612	-0.6100466160836138	1.629505491959539	0.967719831326385	-1.648648571667885	0.4834721273722739	3.136027694311711	-0.9049197417301003	-0.3854969778348079	-0.2543246257347292	-0.08588129011971313	2.922503732347643	1.0678076405673445	0.2265307714845117	-1.72172089617617	-0.05237736628933765	1.3324326053505242	0.7961688616321252	3.3308227448560426	-0.6385032634478189	0.7308337014980448	0.7690356540676223	-1.100314454799288	2.194355107499955	-2.09071955320652	0.542339665640222	0.5383174275103939	-2.272796658381859	0.8453825816450754	-0.9082065661621985	1.653913872801701	-0.895991514126873	-0.136260133315662	0.6600744939784753	0.2529048599313124	1.1669857344132815	-0.000598117503098778	-3.2119984349407185	-1.9882458449336424	-1.1886921640379444	0.33257262348361044	1.8454656378225636	-0.3586674544702832	-1.1336193614892225	0.7232908824486879	-0.144771991098745	-0.23589920572245898	-1.0137594114759514	1.5823821138064416	-0.1677383771689281	-0.3045886260696407	-0.6052005545033823	0.7346183471417157	3.116279736601041	-1.5457678709218152	0.7868326537556587	-0.20881747776146267	-1.2875408784179108	-0.23083608151492296	-0.5176949985461982	-0.026127216116396863	-0.9219811989730619	-1.4393066322525896	0.2427119041524619	0.7259027904559012	-0.7612581847809998	0.5186300012074219	1.2153972828400939	0.7837692185263389	0.14830526820431908	-1.1709064423922932	1.3591549329811787	0.05736326249287785	-0.9540586976061245	0.4191792751737116	-0.39658672372874404
DTXSID1026792	-23.84491559872833	-0.4814466793269317	6.755823902263797	5.976066689259895	-0.9137732289603697	1.9020308212192356	-5.812836416947841	0.7480629542932122	-0.8420342452057611	0.030606791997696028	-0.04635464891797567	1.6990061873783295	0.5551974154568977	-0.3474044571237252	2.8898158719272313	-0.8431181090908982	2.2651415611704944	-0.5672295427806744	0.4895974635173819	0.3747623843305336	1.4718944387114252	-0.6310740058198699	1.0965281774409426	1.1288031555828566	-0.6564431517790228	-0.4072262930860214	-1.7461789709004245	0.00685536199145743	0.1308984109657598	-0.3332814168446913	0.08653606883369211	-0.501244690129944	-0.8632404930593598	0.4808425570068739	0.6688412665489253	0.35969802407389284	0.9329705655856373	0.7510780540783237	0.9425998096168913	1.6934014732804683	1.3754872173867243	-0.07414741097964334	0.6220285475775058	0.5890737728615858	0.2291742885745388	-1.1814306938648838	-0.6292583930304203	1.3948246044588262	1.4239762153592654	0.17270245689012365	-1.5301420667072616	-1.173007512122863	0.12547961290132326	-0.9840210771110869	-0.07187397310316779	0.4030452538876059	-0.1281731591980541	-1.3188315005415066	0.3839745287878492	0.005324035961972256	0.6982442786556805	0.7266050210058079	-1.25816331230142	0.5734761930427033	0.36110638092091	-0.6608355524885676	-1.1928585229404787	0.13045217123608066	1.6949789581864816	0.4652342307597658	0.8841914517181366	-0.537837622458754	-0.5387005861300966	-0.6891645464084749	-1.5635709575374201	0.2211309525240771	0.9721510906601305	-0.5472551578647733	-0.2532526426095314	-0.9876425058885244	-0.35230401199121486	0.17718879841655555	0.20719506552461558	0.6947994612474699	-0.1621050049428254	0.3991945299636225	0.44846710894898345	-0.7584725118523685	-0.26853372535598796	0.4617706203178646	-0.7397883122274348	-0.11601833028698783	-0.7565936952239184	-0.11661014160709246	0.4355205204391967	-0.11538047725506931	-0.46268832376381874	0.22111224753016628	-0.46546417572476706	-0.4408709403890894
DTXSID1026900	-3.624556734988059	-21.05402501620751	-9.686289957946862	-7.001792307021975	4.784064852371899	3.0705433252742838	-0.2576359165103288	-5.2462613878273725	4.367871451953569	1.6713981263601543	-3.2516729240950113	0.1412694033223839	0.33992607675282477	-0.6207260624099311	-1.4653330094598058	-2.1193575635400643	1.0175131240222965	3.3028801020460232	-0.5772406630789185	0.9415723462513756	-1.8345124382480862	0.724877713267938	0.05270023163081255	-2.295679440131535	0.17819862186254398	0.2996007574051191	-2.1912066512863233	1.04136798225566	-1.7172384524621935	0.1618658537341381	0.21527798651359092	-0.45383648150313466	0.4276644601005063	-0.2957923975556678	0.8761462956697414	-0.43360269374827726	0.057888462046623776	-1.7389976480900309	0.6090972574354967	-0.910485173154402	-2.175398615224193	-1.064325498183635	0.9998517787450427	-0.15885822143517955	2.039657982240953	-0.19363916051021432	-0.4581919379184544	1.0694549364342667	-0.8958117668324498	0.5124772127941167	0.8207672098928885	0.9024981475964399	-0.17741767349901266	0.7623142955430752	1.538623749581839	0.3074253835249765	-0.1567086839083936	-0.011714281525633984	-0.33185213295717336	0.6523981278994687	-0.7900967138406221	-0.001958992265091738	0.4135037983313614	-0.9827705548837393	-1.2381931206430665	-0.35079721950641635	-0.5550530591989291	-0.9719585302755027	1.0162804700743016	-0.42122130055854984	1.304088935671687	-0.8165950754798409	0.16602747665710982	-0.6404365746902893	-0.6778730586904407	-1.262933322725758	0.23404667507177584	-1.0249160485710824	-0.4839464699519441	0.602368605162995	-0.022670195643590667	1.9519150204623172	-0.17646037857399935	-0.900950351146811	0.5200760970573483	0.1612574249220125	-0.23582815587343203	0.3351853349450294	-1.405285926313733	0.6488067064161793	-0.7084637905089978	-0.4295425939602488	1.0006860420256867	1.1257312801271986	1.9287436210956659	-2.1523687248930163	-0.10920044097300494	-0.2021414209761529	0.08414263715679923	-0.842019880879264
DTXSID1026906	-8.338658265421593	-20.041584284327783	-4.805784908201048	-10.522401686540002	4.027556452533634	6.62749265933154	-1.0666447809203445	-1.8352372887205455	-0.1731129598726577	6.021369635624312	-4.895715114590688	-4.462323835238086	-0.1820208465909612	0.312490281328394	-1.7443514793087673	-3.21703406482242	-0.756338820706538	0.8194313825954436	-1.9561688456137427	1.1578041444831115	-0.9953468344192627	1.169374296784626	-2.0082772165887532	-1.2518729362225849	0.25364709828723353	-0.31717010978249205	0.5842833693593551	-0.87627018152854	-1.7132486503258446	0.825962778976941	0.7141960496593421	0.1155277569229981	1.082246007305515	-0.5802837159140465	-1.813893154045446	-0.6370363732802201	1.7679133125406432	0.02759921731324422	-0.23473151112444585	0.1191594573204239	-0.40254631288046255	0.2937116881248932	0.5205060841693774	0.8691735662696456	-0.10534538711934492	0.3535840224256482	1.1820571119023606	0.47260385481711137	0.24795667953970635	-1.9243739599735248	0.7882178243170406	0.8789251380017141	-1.9026890565159145	0.2142159561854547	-0.1250388954444179	0.3226242621942495	-1.2864171752942972	-1.034875372724317	0.20941736079528345	0.2318549616089603	-1.5913644341291955	-0.13489888715059137	-1.2772061479888375	0.7246581017558056	-0.09698627802949729	1.1449861492138687	0.9543051595058173	-0.7010588850739938	-1.3390561079086156	1.4261635790963925	-2.2469776323939383	-0.15505521271200612	-0.5970088274995475	-0.7719251831372033	-0.20407383808806054	-1.013954797464431	0.5529659524323361	1.0914393667697957	-0.4834516423627307	1.0415999815230321	-0.5294508464436493	0.6499112419383436	0.42832730040720346	0.5067033362178348	-0.48348342357604995	0.7783669307917105	-0.9320288552514938	1.4153838111891117	0.23032447528943126	0.21851117608888262	1.1708065262601013	-0.19959812329951726	1.676269943308344	-0.33311768819846665	0.32252869090798164	-0.4308104007090462	-0.6668857567718497	-0.683202764965717	0.06921402744681779	-0.23016444318347434
DTXSID1032511	-17.259158344707977	-8.521037222464114	-6.410705468540765	-1.1963126644070563	-0.5798196929689465	6.4325544300595485	-2.6321676605440842	0.8107262950132343	2.467494711420323	-5.7708002324096475	-0.07105384922284458	-0.1591289908215247	-2.120986009984868	4.290104024856074	-0.5787866691817999	-1.4982191344973241	-1.453513477237638	1.0724317140522388	-1.0365676393223997	-0.6113092530537387	0.1712208858045006	-2.9084379420637787	-2.555197236680702	-0.6498036301261996	0.2370165324990279	-2.68125770942115	-1.3808667023421792	1.611821129349147	-0.2776994714620563	-1.4276944920372008	-3.3564517311351656	0.5738471473877005	-1.6719597092218508	-2.682004000233886	0.5251677409727068	-1.48175368886651	1.5872877545725854	-1.1760158784087864	-3.195802410236738	-0.09264941263160256	1.8494433639245806	-1.072363438559091	0.6164928622583099	-0.7529127004522768	0.9821875280937715	0.8805508737772142	-0.5266282728855726	0.13755348317350274	-1.3937449516023177	-1.2771460146342704	0.8651271586350913	-1.7859935977681016	0.8025136781393788	-2.4778202444000965	-0.31549169652642006	-0.3979394113859727	-0.2981861112198776	-1.1661351422633646	0.7040342737388053	-0.8394894500665633	1.6179913505192762	0.18511218507086094	-0.0036880676556304377	-0.6972622732330777	1.657227425667532	0.061557173756635476	-0.9606941933197629	-0.8907036894177163	-1.1891683118392238	-3.7542532158526885	1.1641556088542384	-1.0577250653993242	-0.5592739341705585	0.3937063065591832	0.7149346987616665	-0.5567580619777002	0.9336661285922194	-0.5092617155727612	-0.8441298601570932	0.8420138932769043	-0.4494569904038884	-0.5531902037348888	0.8735895368782847	1.64703120931296	-1.0907283907458192	-0.6488692464734142	-0.3513152117467571	-0.5504937306273134	-1.2529101276973758	-0.7877660574899861	-0.8500006250760337	-0.2280824188667842	-0.3109079414984287	0.03297781272173768	0.8856518663293406	0.14553847260388758	-0.5020940831106879	0.1841947228075885	1.3310458947784396	0.3185164736051628
DTXSID1032519	-4.944957288548048	9.195923071322252	-9.036393155724443	0.8817996370841239	-8.660883770544043	-0.8249074386135324	4.219832168026635	6.138181910396142	0.37353746136041693	3.3277806310427245	-1.7894589210667486	2.6666550601257777	3.060981130000417	2.1562795302150826	-2.3094894675148914	1.080447390014299	-2.9535050800172407	2.143363918783447	-1.5076458090311784	0.1084464015920476	-4.720591520601274	0.8100943511807592	0.1765701281489107	-1.698063459985872	3.394660532768167	1.1551158570171283	1.1515191889012106	0.44611202019056795	3.3057313274175906	0.4046153893940754	1.1074129567927349	-0.8915053954603583	-4.959856799527112	2.4725079528058016	0.34426452688985115	1.3518049722408607	-0.11340226439273988	-2.370263965117244	0.2806543567924753	-0.9220594366458518	-1.3838430842384721	-1.4758388803422027	0.21123346370200163	4.843679720873634	2.1335673918704168	-0.6923496460720306	-0.7438780688560772	1.8844212916784804	0.05259819981653629	1.488915273577076	-1.7762302536024506	-1.2648390498238473	2.363515614382383	1.3774287571863888	1.4959663029375745	-0.5939533263059577	0.5327623991432836	1.0479386682218994	0.6800941398631909	-2.0919449966457435	1.2230984873702746	-1.1741287669810194	-1.1571032088018571	1.4416886595736664	-0.8262937070495254	-0.5816129852081295	0.31426268156213905	-0.6863551062029088	-0.04538768986367088	-0.12030056458873943	1.0916461445740506	-1.0175714330909953	-0.9841579022432183	-0.8911890095964724	0.2872848520412012	-1.4529542286489767	-1.135207585712175	-1.0244709779600425	0.014267341008649563	-0.6982005403597915	-2.3437396295080184	1.5704062543705026	3.1091370713998776	0.4941842568288389	-0.913651686503278	-0.19602202869629118	-0.5497726592391766	0.04355398270274997	-0.5700198145244376	-0.008137545394975711	1.5480817085718357	0.6262380173694464	-1.6405426493669926	0.3673268059616724	-0.16804174612624545	-1.1964485275613652	-1.0179623345174627	-0.9002830675272679	1.1652438437857238	1.3520427225995608
DTXSID1032569	-1.8692492197849917	8.32047216271097	-13.601116991695484	2.271145562553043	-10.673370659559094	3.5470241456855804	1.5514992314385805	5.777204854442996	0.1670459225823865	-1.3856000884720192	3.4576297386341786	-5.585226774954752	-2.4893998789236322	0.5095119731539959	0.8205129227327673	-0.602033787325584	-0.0005906465610951752	-1.5319555055502785	-0.6505033289315114	0.7564569604647376	2.677675765169082	-0.4737861560816284	-0.32811510408071504	-0.15856147543255739	0.8152524416634296	-0.2756081076780789	-0.2666839336835282	-0.5808643540732288	0.5129154177668601	-0.5919812087130295	2.1232503891830263	0.8438453996385609	0.9112495722370401	-3.048821980236453	1.0341755334185174	-0.29589502089318326	0.00933836806946732	-0.08134847963248491	-0.6092943266882538	0.5436574559968564	-0.6169153753090051	0.963234430221775	1.158668898275808	3.1942238757094144	1.052470594778348	2.1436258896557403	2.265612059591535	-0.7980871727843951	0.6825827439729678	-0.28432578647427914	0.6673311449112834	0.001929364983425159	0.0035945520949170902	1.0589763950581719	0.38536169414070043	0.1287366458149564	0.8716096972720173	-2.547631354210396	0.3343451778698768	-0.3695467165597483	1.2217745729484983	0.6984376928211455	0.9637076266731254	1.8846191816897406	0.8038865899983415	-0.12252810056480558	0.6079908168283094	-0.06185439118833568	-0.03875162487821314	-1.1920543886097263	-0.01863960254433854	-0.22318549413846908	-1.6063145128520273	-1.3685223809149096	0.191472397207958	0.8180612191144808	-0.8950968407329827	-1.6739377835302216	-0.7475919961365176	1.1246670233187577	-0.3612307237651292	0.769986643805621	-0.9558633947264452	-1.0812692375870832	-0.27928775383130827	-0.8499110654140215	-1.4208038465596144	1.046790100731598	-0.39298555578527844	0.39254609244215677	-0.13558769579820776	0.7847431628914888	-0.5909371199037842	0.9944609523005312	1.2168707811293558	1.0410894559703192	-0.15673294553337183	0.25668524382970326	-0.5690564023448367	1.4434240086094605
DTXSID1034187	9.993208753222124	-1.9074689542310788	9.857276252980334	-10.936624388647505	5.260569735527257	3.835294418788206	4.241007098846788	-0.9696452577725088	0.8213068651481921	-5.152222943457362	1.6938263603025148	-0.6892521894784623	-1.6505454906843964	-1.084339640094865	0.6619424432558696	-0.1567080792225961	-1.3131243417725031	-5.793020434695406	3.069455362129798	0.2596214672746862	-1.1073954369001693	-1.5776983906491555	-2.780329377955014	1.158914415243594	2.973060348086033	0.009873241038660423	-3.200941361866499	-2.3648576752550388	-1.088484608573671	-1.6418187587024826	1.6486836036160921	-1.4742759518543906	0.054847880919304114	-3.419883746140732	-0.39300666279683916	0.5006346418913998	-1.3936862990212584	-2.0226422255707823	-0.49119297759152425	-0.09070118037903399	-2.8868012976841975	-0.9198986221790981	0.9174841442713358	2.044834606138985	-1.3387681457208376	0.09999634311321022	-0.7368489172651542	0.8355905133612633	-2.751158090639353	0.32837203739867626	2.3793017561530396	-2.3959329976659514	0.34636656508453456	-0.8370603044525443	-0.135275201889415	-1.877986594800842	-1.5199906992060102	1.1731268740822554	-1.074940550122941	-1.2998515821274879	0.36382691464474837	-0.9285588316618749	0.241173569888568	2.007895869311046	0.578590658530434	-1.204152989496101	0.8415409595820802	1.4405171822958023	0.8504099783448339	-0.01197470868339625	0.05912499246554231	3.0378754749058263	-0.9726466056109402	0.5333698722037571	-2.1347203496955225	-0.8607923316084023	-2.9226660423099915	-1.9267220023185982	-0.3298037001529295	-1.8165558771996608	-0.5373422113214331	-1.5654806512455401	-1.6929378562034927	1.1641797964136007	0.6282541899973814	-0.6636853021849372	0.4969153277511378	1.7833417653319983	-0.9544961518168654	0.4302132594929942	0.9075016168093816	0.31061512356359705	-0.11154449946487396	1.052164269178231	-0.29010692036406693	1.4046503135564152	1.3660716249617093	0.23547375410038562	1.0619076591404115	0.7953719925703813
DTXSID1034181	19.555095302260128	3.5398166677795526	12.161994539953666	-2.574665721817712	-3.232143298899797	0.8248685426745862	-6.453135499424244	-6.755447813799082	-1.000158509016224	-1.278021133809043	2.145900272860387	1.620495047018835	-0.9024892431216391	1.4730683463131211	-3.3750092496287154	1.515830795811031	-0.7459609138686507	-2.6061580148216397	-0.19840282229095893	-0.33198361370464335	-1.3345722640714484	-1.2796241606993217	-3.497736323400061	-0.796410458533036	-1.0522130692451732	-0.15643107693083733	-0.6058487158183947	-1.1579833653253975	-1.0765589349479803	1.72252408532722	-0.7643228574756993	-0.24975613700169924	0.9973439221384645	-0.8782215261268742	0.4708812720134336	0.47249596766391316	-0.3604438950045568	-0.3521646851354059	-0.2942536688076229	-2.30071887573819	0.1929417809500646	2.2956444874158612	-0.015529192873197773	1.6518118841330223	0.6303964377985873	0.7160021154634649	-2.938794087420815	0.36551226636275724	1.5963097518651785	-0.7975100968433785	-0.7097849507217076	0.9102390310278009	-0.009391374877757831	-1.6272159110282176	-1.0177706952735044	0.8476929358251486	-0.37601821852204664	1.907293136863914	-1.0045062875492086	-0.890696326045228	0.352861930074656	1.657938924714622	0.49065737879156174	-0.8332827353732633	1.3884509426868228	-0.29665568895548633	-0.7555847071751961	-1.0977330733850656	0.32010300523160734	1.2452944922173832	-0.6769701144177949	-0.8037423565917315	0.564306264356127	-0.3641061728154095	1.08991273116636	-0.5105021510389498	-0.5575907315196492	0.2341391329455434	-0.054188983521509734	1.467814024205532	0.1721121918676918	-1.0786492050470378	-0.4254940970226406	-0.33797934031906	0.41863580962892627	-0.30434326696625097	-1.129118448611878	0.5014444151563123	0.060886144076283975	0.3507398382076747	0.8879848895904163	-0.20188630191862217	-1.021835570145906	-1.3237763553030701	-0.5935600008394705	0.09207329989589841	-0.5414042300005613	-0.40170179245632315	-0.2223905392105925	-1.0895484423838186
DTXSID1034769	3.5395407509076313	-5.783733596350928	-3.2704290833454532	-14.699711707831298	-11.223877889396418	-4.6382433976444375	0.6247294676639985	-5.020953258440688	-4.296174800001669	3.9292631387721277	-0.3137894453694919	0.9749792584098269	1.6863156827997199	-3.1620859194007704	0.1277714567695043	2.48275094539747	-2.338784351287124	-1.7628043996762828	2.669317747610269	-0.844980411961498	0.7079923079173606	-2.6551037839701865	1.7517487152678313	-0.6128048419057545	0.4081658234690223	-1.7839799707762414	-2.355900139406166	-0.1910816944182167	5.096389137199064	-0.023689002701165907	1.7021637479841853	0.5784688996803908	2.3945832447679765	-1.8428808113829258	-0.08929709623096821	2.071935277925055	-0.35208852684589664	0.7382733109054899	-0.5730959525199224	2.6860455477434995	1.6870289839030645	-1.0722716581776666	0.33911551724217776	1.548650352160317	-0.35546978563755244	-1.6396464259492451	0.5972850907318358	0.751444613693142	0.25507399048156454	1.590964824228335	-1.046467325543976	-0.8259263391158606	0.3870649066388981	-0.30766510204706815	1.6429973625217278	0.36247346393120705	0.6116400589442944	-0.4924070641492699	-0.44072526968760245	-2.6557624897490655	-1.1895093580700689	0.0243319664670782	-0.7776253274473984	-0.7945712066714835	-1.0643936074170723	0.7331974602368192	-1.172686758337386	-1.8793499511609464	0.9838326988600989	0.49923126084194686	-1.0961245930951151	-0.7746228288104003	1.0622075548948555	-2.903944809065691	0.7555008872936079	0.7024974089931356	0.44465659693611936	-1.689508825339347	-0.4889838712212803	0.16933782716938336	1.556328978276223	0.9011580483857813	-1.870008224790702	-0.3336838816281727	1.1195659549554824	-0.5326257271245434	0.14782903640126877	-0.13577839758205856	1.5318056335167343	-0.75530311979163	-1.3542354186522982	1.0940175571089106	0.06511420597092168	1.7943520056376914	0.27511522846883685	1.0721416993358617	0.032392546843098176	-0.8315928557631325	1.007550412356549	1.7721189840607965
DTXSID1034973	12.556187706682032	-3.3444096376403483	-3.536067533052564	-6.894250569989782	-4.664344330162006	1.4635197928272432	5.836876142902089	3.7796504221394445	-2.7239356807657997	-2.371583687290486	-0.8027780565541174	1.5009705418202082	-0.4211132636749085	0.08749516314785977	3.796889691625408	0.9517619729512736	-1.5237929151303264	1.181714881091742	-3.4516807087442913	1.249828705316623	-0.48462652559527647	0.13624187805610588	-1.0777843508811005	1.4380543091579872	-5.234418480603765	1.8555197124555192	4.056408851895412	1.6294882671134638	-0.617771746940718	0.8996556810016401	-0.4269122027445814	1.0653956144544154	3.7016002889302175	-0.0382872356381459	-0.007987605241580594	0.5760343617808477	-0.3895595168854151	0.6373237275771146	-2.3713871469049583	1.1792006503586077	0.5539419259846471	-1.5677322921795342	-2.340304862955103	1.474046411339155	-1.0719442851981649	-1.0866642817745789	0.1221898825713384	0.4397638017480072	-0.4146473436173694	-1.3968349817905636	2.2447716525546406	1.912607483399467	1.1489159055450175	-2.0306039850737854	-0.23732381931575103	-0.016658287184748054	-1.2329736516679415	1.5464837646518972	0.3340879397972557	-1.0160493642646649	0.0050042850190067534	2.147806951726935	-0.8437165959395535	1.1428377800135958	-1.26487157285329	-0.2493587665061706	0.5912601410976812	-0.3393778154516825	-2.3158638776946523	-1.2225486837558672	1.524513957841895	-0.6441729496765138	-0.31303401695422317	-1.9537883069253708	0.16021450330330939	-1.516418320015843	0.7736123833208626	-0.4724096670315677	1.1925695882516294	0.2259408255630547	-0.3732539367590881	0.4203694751437698	1.4167342384568713	-0.43497186425562123	0.15505694995409589	0.8469221938716139	-0.17629246783750968	0.5781748384947402	0.011682228021663544	0.9893999595795783	-0.6334590524341946	-0.6577728309849227	-1.0934444490617583	1.3132519688509074	-0.6825022138956248	0.5728608556087516	0.3315687527308745	0.5742507034274387	0.92419958249945	0.2630776193541736
DTXSID1038298	-12.535892081343798	-1.9366293717034977	20.700936201028362	-0.8923445969175128	6.851553215257972	-2.6669787876475555	2.527431990392185	1.363559973628644	2.286591020983562	1.763753291377491	-1.0273760145401096	2.055540510210863	-4.322524702563124	-0.4824565244665042	-1.9957648857277772	2.025577304833308	-1.651564881955508	-2.218592167142191	-2.0894826079412967	0.49882465345573507	2.257688525394586	0.030765956765406836	1.925440550889168	-1.614451509912184	3.4456122498660093	-0.836922713163561	0.03284258422564848	3.3817439599829977	-1.1355315679157458	0.902733422388728	0.7050027671231889	0.9909361791091899	0.7394798764832665	0.21161637266328576	-0.9546740083919555	0.38804209617843516	-1.707832611059707	0.6094359225724422	-0.4166597926629744	-0.7794441315997128	-1.5403720643529772	2.3812672216037	1.9332514095036084	-1.8540320287187342	-0.02299270292307758	-0.666846380969195	0.14429200740640438	0.027643878004959606	0.7162054557275369	-1.0223398386467875	0.994629845575317	-2.064704646976236	0.3389805369430855	-1.0689795236450141	0.5524369782225932	1.1248783258387471	0.7145560550994531	0.3821703211897078	-0.6210412774855041	-0.05465348021539099	1.1475229986120534	1.0716092957567944	-0.7944915643545574	0.7646941732122896	-0.7034339379529928	0.7291174526394537	-0.27163666885440346	0.4300231136076162	-0.2776900388893182	-0.8465276078150146	-2.207833723687213	-0.28930399574717475	-0.5418466270325534	-1.8235086308496904	-0.9884526759141888	0.7821501188021236	-0.39230525398315585	-0.5390758848489726	0.06021993727857879	0.1988450603537931	-2.515126128489142	0.9975355603126067	2.4843256399261593	-0.5889851185375321	-1.572823758173405	-0.36495944925097	0.9478602302514014	0.18563761536352708	0.5889227181183396	-0.7306660335753113	0.22674267004823637	1.0465479537967706	0.7819518811546007	-0.7020851573273257	0.6792298785076365	-0.3143865754869434	-0.2567618571083974	-0.23704713872525185	-0.8159019205271236	1.8369996627922993
DTXSID1038743	-21.726903078241843	0.45542876337430843	7.751545030344868	8.952019987857014	-1.6737973133319435	2.1717988053876467	-1.5135641869382206	3.333560162039716	0.6403389725362535	0.6979276957138758	-3.522294440173765	3.6657990484572354	0.5964291849230523	-0.4114135446373262	0.49833474851584786	1.4835151073841986	0.380970488988502	2.1857174395005687	1.4166927507207485	1.5921760320753382	1.2258424673943977	-2.0411023287233383	2.616406999445955	0.09315692011682812	1.1751816843718	0.39555993846187937	0.41044503820879724	-1.918541528765742	1.3099895209400882	0.2947990852504989	0.4097916084696447	-0.16873689469828335	0.5075526734915403	0.14992173483119886	-0.6873546125855393	1.979113721889337	-0.13849029493457643	-0.34712821818858897	-0.8490243052855942	-0.4718377990649505	0.853651103417325	-0.22369621063348985	-0.16716872106285108	0.2032882892335592	-2.3228660873506355	-0.8358028152928166	-0.19931576093054704	0.6547214595500485	0.13460932938179038	0.5012899798552638	0.7499377169990415	1.281022462708628	0.8088936549261121	0.6624664849205691	1.9642372944827544	0.4893976273439633	-0.7495965321198307	0.898439926552313	0.44411232854401794	-0.6322372597788511	0.2783099953741122	-0.445439002596657	-1.3651549887840184	-0.5665789946946161	0.2924800099161441	1.0060137082003857	0.8197214176230301	-2.0770813033102593	-1.344482403164785	-0.7164741315678127	2.105106126984487	1.2724821092202019	-0.3987781054729502	-0.24779416759866035	-0.39332019723552497	1.8200716903551133	0.992740090182779	0.5140653850835242	0.0028114606845583067	1.0765266673056062	-0.8281868994101194	-0.6912958419459737	-0.1477044415737143	1.1853023606359008	0.0015025534974003442	-0.4996333356650673	0.6332729670193563	-0.2284317404441918	-0.5904517422528529	0.4395022955493411	1.0469561768162092	0.5098821716383587	-0.8741214158405173	-1.1349301228729691	1.069458201480963	-1.1071793478391208	0.34296146215546275	-0.48994816807608166	-0.7968049270599792	0.6359647545677913
DTXSID1040794	-5.758282403632938	-1.6939314606220495	-11.29531294164194	2.588840460891108	5.836578720654739	-8.845446020683227	-2.1376870969062876	-4.207203579228308	7.09195454505029	-7.00128523787146	-4.7237108858844685	1.1692430036031904	1.6083750617712695	3.8773850760705035	3.229974385853142	1.7517665203494945	-1.2382779761244191	-3.753712390236128	-1.6322545721934085	0.3678604265511611	-2.408311536368803	-0.21162547409625587	1.4069125116606904	0.7325958162817288	-0.12683714855067596	-0.1880943320271127	0.8941207895064135	2.1706410647327785	0.2641415493913118	1.4033015637763366	1.5938615380843153	2.3975671820602225	3.00522950815625	-1.1861649202799884	-0.27463963815333875	0.5585366478238117	-0.7562826736586036	0.6640469053451147	1.8021203043777596	-1.2898667616544865	-0.12451288798784359	-0.19481525696200347	1.0257964307707297	0.20396489579294538	0.2940075309251055	1.691587733398187	1.243941819082294	1.648041715921736	1.551655678187327	-2.3575317499164594	-1.5668423340928905	1.4728329560389992	-0.3910754395182606	-0.3325632865098841	1.009178460285223	-0.00149968183683048	-1.3846052627343235	1.6265713613853099	0.4199082916575273	1.4841201349048654	0.16006004011032296	-0.5419100611031086	-0.5331524308220248	-3.670356890608242	-0.013262341479699688	-0.29051811849664233	-0.3260603366177189	1.6756426974322691	-1.011472422000753	1.609943106393637	-1.4476872884998009	-0.07605921195829944	0.21207108903562708	1.616956646927612	-0.9803616926056803	-0.2663488768456472	-1.4063722580891753	-0.8229445865073234	1.8845841233932321	-1.6637579159889992	-2.1727704440151907	0.7260084375038992	-0.6283915217784419	0.17037574832261104	1.4590371762553027	-1.3400553343599508	0.2205251956110405	0.45626656572173413	0.5497253723207409	-1.167152008325572	-1.0356938370364164	-0.08686630700000628	0.240065413730946	0.5782737160620156	0.19598038535915013	0.018283085363568215	-1.5802657265045954	-1.2680806492628474	0.6321373956302466	0.16811106116131658
DTXSID1043910	-0.04941391157093375	-14.936610050740459	-7.775407259094928	-4.736357726627023	2.876533517966666	3.4467423916430135	5.751469105364405	-2.808918924642498	5.739550272115795	-0.8747899461449201	1.0355687820597133	7.407313920177677	0.3766069327720824	-0.007814370916205739	1.1181145342136354	-4.419215437289222	0.7005313958397488	1.260706860222323	3.5822305264618244	0.6890825475493262	0.397486284042204	-0.24102375247397045	2.1387033502420123	0.35256021918967817	4.553622642210706	-1.1148460404122487	-1.6068590573464554	3.7415379428626077	0.35237424591810956	-3.159094295971885	0.8544518580190945	-1.567212168472674	-1.6037837037328981	1.0088851527930611	0.5648593037635178	2.922092230474859	-0.2721230863471992	1.1142808073788428	1.4511878317837767	0.8471610129161202	1.1581872715101489	3.3791744064722877	-0.6479877367988273	1.941524873955472	2.2766773862736644	1.5704131839445772	0.7107965159660705	0.9357233707678204	-0.26466201548091617	0.598323779941861	-1.3239178537447946	3.046583660188572	1.0696313163578959	-2.821246073513887	1.2716573939092617	-1.8417386491521661	-0.9288884756274965	2.221210460573566	-0.2115005813799942	0.2910815707165537	0.34770589178898453	0.5683570532908994	-1.05532736501209	0.26474552584166106	2.56549937134065	-2.829384109224906	-0.44662909619623525	-1.0129661921266446	0.5071716387880276	0.215957603207677	-2.191206872237103	-0.10744626794397187	0.24097716971271713	-0.45061403774422826	-0.257110432127352	2.2977144458803487	0.36257884406493496	-0.10869437194546494	-1.1311612139644216	0.22972733290489672	-0.1286848678218265	-0.3161627885221493	-2.335379685794119	0.7252865008580396	-1.2863563120271189	0.6791387659960428	0.13814657179172085	-1.0473762603780208	-0.6387033903525166	0.227422013809476	-0.5335170422336147	-1.6975702565096336	-0.35658311385634067	-0.7000527232879543	-0.4610868915588221	-0.1260822774538355	-0.25318726647809775	0.9491772933712251	0.007742402294095861	-0.22769920612083583
DTXSID1046970	13.538517806483028	6.205978704774424	5.915879623784823	-7.490328334893411	-9.822030107425823	-3.0883830273363486	-0.8477603418223758	-1.5657439421179469	0.3938577986439964	-3.2563413495672027	0.040200104529164914	-2.0709549958460887	-3.2140897557892734	-1.607902731045133	-3.1355970814601166	0.5433307719826376	-0.6150051437810516	0.3223610176548254	-2.385568482732087	3.9737856132650524	0.7479967390387287	-0.31840197321048774	-1.3359701707609655	-2.7079200135975294	-3.0690712837161405	2.4533531059166696	-2.4624169607121447	1.7094242958619663	0.5598502189817888	1.5358562628854793	0.5377392820793706	-1.98707165615735	-2.4414737226000307	1.2821485426422627	1.1976083358183152	-0.4356192800484162	2.323770919886844	-0.059337750049820046	-0.19719154566112335	-3.1088544701987977	-1.1900585832305643	-0.40166560890622677	-3.0070999293660696	0.017376106129551754	-2.28127688928529	0.6034076745341171	0.8199849769246335	1.6154054598888028	1.2665451425227412	-1.4096126632882258	-0.5779643177781079	2.126633980799841	-1.6012658820803625	1.7508474951138993	-0.39773185103038305	1.587848772715038	2.25911105662477	2.447742061382771	-0.4226848643724805	0.9588214169095329	-0.16284418271715959	0.8124311560001196	-1.492676659451712	0.8647420983639614	-0.39221804957180795	1.0546869711938878	-0.9483703688147062	-2.1227838170780027	0.7462147285398928	-0.4124178272196905	-1.6082973910583518	0.24395291414683482	-1.63952552348561	-0.860619342548275	-1.0655535127943492	0.02535109887980201	-0.8338592387983014	-0.5072499890630946	0.06534729621506187	0.14672702430905402	1.7875202351476718	-0.7506278918290468	0.35425477587821647	-0.4948066402963355	-0.3599645809298556	-0.1573448965464909	0.670856638115164	-1.1932206534094432	-0.9087589781914243	0.15015825461369495	0.25449528364620344	0.2914415209715778	0.039425731111017076	-1.7403974764753032	0.8591756296530627	1.2722572532759602	0.9213666433775514	0.5976801922960329	-1.0626516847948135	1.2822459400822257
DTXSID1047283	20.720009179818078	-13.956216147063431	6.4077316200980725	10.263515830378694	-0.8648619699371841	-2.0958003313687485	-0.3973340995850844	2.4438403572146643	-0.15348941381589717	-1.5808081536376282	0.021507537910485732	0.5243527397077248	0.3994586110422902	-1.6110985940132283	0.5895668398606897	-0.8014081794934708	-1.2078933691141103	-1.0330865194420409	-0.1756628035528364	-2.2001561012766677	2.8402238638145656	-1.054729099464518	-0.20208668777311733	-0.9022807169213447	0.46735910550418436	3.030921702601522	1.0435549427019208	-0.9581488207729475	-0.38095154179549207	-0.33633794228290087	1.0839290214472315	-0.14096998901666893	-0.4148026618462354	-0.4204544796051369	0.9240307506360699	-1.2673245427162185	-0.006371444807563229	0.12669313865655682	2.02437769861737	1.1903283396883475	1.7953671350618507	0.26766612585670774	-0.540989208291417	2.2628378992264517	1.2043048333474093	-0.2303027795103623	-0.48953003202979145	0.7913220051470271	-2.517687028058539	0.48653781815639713	0.11643849443941796	0.06499494398929512	2.1941680504980265	0.8172002057355369	0.47716070581397063	-0.09017874382222778	0.46435428386550326	0.03618662032333593	0.6660068666558354	-0.5737742550522869	0.5222291358421173	0.11289012129738323	2.0514639549797637	-1.069575963884645	-0.24337035561846593	0.1720735689480781	0.007503847324833573	0.0048105846355364175	-0.14220055023945666	-0.7428917925227949	-0.30816359904495144	-0.9589986277520075	0.522321689078784	-1.5334546656027195	-0.2591924406910124	0.002307016918958003	-0.32082818205693037	1.4100531330435937	-1.9098446835435103	0.04744608670436775	1.1601039544075047	-0.3688770805072839	0.2106228801195117	-1.0413221562996182	-0.43366364193152246	0.4917990062537311	0.6649644140629504	-0.24516941598734904	0.11235522569872813	-0.03093403630831845	-0.23530074979895618	-0.39627842864313617	-1.2966420308215794	-2.2627166220169075	0.9225315674413004	-1.2381649881036874	2.0912977833779065	-1.4198222283759812	1.4274847985019223	-0.5472948502766156
DTXSID1047289	22.509721887793155	4.555146164803302	5.086472232766305	-0.8956595791555594	-2.034413879553068	1.6031298422204094	-8.809960029118997	2.361685498805074	0.9622009934098069	0.5844433262833103	-0.014875587382804893	1.8101529868255313	-0.32075384370910187	-0.8270996997977462	-0.06579966784052964	-2.8886071040939196	-1.4235346058423286	0.48666700341409824	-0.4982628359256795	0.040824710870695724	0.9247925247341388	0.3198566405908501	0.028107395298938107	-2.062289839158111	-0.3516264752282992	0.4098357239226506	0.3655841346602628	-1.4057231457354495	0.10023823597750739	2.6191820914222754	-1.5350670813852703	1.5175277531641103	-0.41037950072341073	0.48698683540816873	1.3906001116068893	-1.0342734799805926	0.6591680691386869	-1.3447694788804747	-0.1973010842024226	0.05993617007890436	-0.600864218849612	0.8821831787610261	-1.3502299913220408	0.13048375444394575	3.1128320095395026	0.4862265112361555	-0.03060957606156416	-0.34431894083901676	-0.3399734900169731	0.01656510334472415	-0.45216373374792884	-0.10398006724673897	0.3030870056364207	-0.08038753686017025	-0.8444130257007011	-0.2272737084169399	-1.059591005461783	0.2729771586602165	0.2779708033813187	0.8193531168290634	-0.6602791387390343	-0.09208280060657455	0.35530330677800737	-1.0138539622221816	0.9818188584373058	-1.299093091934704	-0.3171718734346918	-0.4120792961647351	0.22491988350742143	-0.6688696117112489	1.8082710604381007	-0.6324187602583053	1.168506388603995	0.32726365409276587	-1.5962330889862861	-0.2376262204590599	-0.4639796602706225	-0.3912112423322272	0.006392483667058766	0.8314290162816245	0.19981487223731903	-1.1142821575044335	0.016613667053158337	0.8571630917723094	0.13608304012944258	-0.462818285865204	-1.9608418468132016	-0.6220293125063989	1.2144674584254571	-0.41525952691846263	0.2056541717725773	1.613585499898877	1.2792029182934246	-0.959299033132958	0.6757854427674775	0.18839236783527286	1.3606435549908449	0.4029420306576904	-0.022980392452371136	0.6892787939888589
DTXSID1047362	12.446501164150526	-7.061460404890994	-1.6661618418726107	2.7099924293518622	-5.723077388902828	-0.30281157388436125	7.048834580394448	1.8060653815532928	3.7400529634964235	-6.138530000386783	-4.486354954986411	3.41071997853167	-0.26805297144948614	1.429684939343055	1.0127056355817337	-0.7109219495859181	-1.096073166998307	-1.425734723286265	0.14838870627078296	-2.0123962650407456	2.5308700527106116	-1.1301066221518234	0.7693944517953724	-0.29380410009915525	0.366179422317293	0.18139626167233608	0.45110552232562723	1.1563866025382477	0.17625579520059112	-0.7547522804560398	1.6379667042330377	-0.14219821338262056	2.304682201467764	-1.2920649049075794	3.629228238727366	-0.26027502961434507	0.09696819791809043	-0.12162951299450929	2.467787287466259	-1.8415551405839625	1.1754246818753797	-1.135330379641488	0.5458187630286127	2.362260740786148	0.48008620578800054	-0.3759467153420535	0.4534185495145906	-0.9199876032522339	0.775512175127728	0.05218289829793712	0.3442374947474129	0.17073886495706475	-0.20284666629115405	-2.0111252990003172	-2.5430785486161716	1.8046246795991763	0.7199510994582936	-0.18591966072755817	0.8228978428312141	0.14323813466705246	-1.2847975472374367	0.17323203764645304	2.0503271898632685	-0.07274081428823252	0.22157280832599363	1.010934874485276	2.5620771363835946	0.8853794110863908	1.43376254173992	0.014218828208744524	-0.5261267506451283	-0.4136696024777097	1.1848439549677718	1.3092560440264838	-0.3377074663123736	-1.3122557915559387	1.1953702497582355	-2.455341870638735	1.7939223147602912	-0.1979227946278906	-0.15811358233963269	0.5352064627819778	0.27572363626658714	0.6613104279649136	0.4736634634316403	1.3276328547661551	-1.2850453912017856	-2.1939693939471914	0.7450032107854581	2.8192790769884493	-0.4577745031630923	-0.9584932713719616	-0.2337972648575463	0.3747963446595064	-1.078799622327472	-0.23937670012681214	0.12398492897075061	0.8851597535079239	0.9375613304551366	0.4473335268314555
DTXSID1047366	15.60113249161143	7.49627282863138	13.028659150768155	-1.5209249256824044	0.5949309238578133	1.6593162318893768	-1.3857188393323232	0.19121503466275624	0.9613314984058284	-3.3352179272034292	-2.7681640426500573	-0.5666127845747267	1.1220458861202092	4.397930266358509	-2.2633355303646754	-0.9865177844021341	-0.6386419066899531	-0.09152463809958933	1.4806289485814481	2.1506294371119297	-2.3587764482572946	0.8499361934886932	0.8089803666501159	-1.6667393470636727	-1.4026143478511761	0.9305120041924586	3.053200034728118	-0.9037672320141383	-0.5386551209150726	1.7295324719809315	-0.14215034362859505	0.8953229514919085	-0.11705351325598666	-0.6517390039862531	-0.28449193108408516	-0.98390985224434	3.0128225884187536	1.482223650526194	3.2795662304338977	0.562274279262083	0.31185398567096084	1.0202728053106638	-1.9009629621083928	0.5297864569637343	-1.7031859308083077	-1.353965060450905	0.26365196700858634	-0.14419988077153267	-0.9190779452555528	1.4167930934517323	0.31934059388432307	-3.348457744030452	0.8009441974867749	0.10337206739470367	1.667329056145851	-0.9483654429292369	-0.0008621229145585524	-0.8499330691973946	-0.6552421886849623	1.000005790126087	0.22705135896191994	-0.8848542074428197	-1.4527686488745926	-0.17564437347477396	0.08547128167553601	-1.1941896378086694	-0.40257832299427576	-1.5283882317528246	1.196966288537703	-0.9233618903855324	-0.5499925247867964	0.597381777532269	0.9100020208697341	-0.9969115044105908	-0.2720826056248797	0.39415148851533954	2.0947198630710306	-2.171440473844491	0.6621756402580519	2.6144441988206406	-0.9710882430705987	0.742658441514613	0.7248831791302327	0.40652259534793794	-0.20289563141758285	-2.0881239877929803	0.8079762196512869	0.6476367872642539	0.8536449045594298	1.4421600608100276	-0.9935672968255648	0.6861906709354101	0.349628106408238	0.7136599096218588	-0.9279584350762349	-1.3709591463261745	0.318607782062248	0.5696207746393105	-0.2831675402582921	-0.8210070108617611
DTXSID1048172	23.54769150021749	3.8077888746967217	4.821196061071463	-0.19522799739164162	0.7645522900979229	0.5147390918845882	-9.074435068702321	2.6123601384628263	-2.24804365608754	0.38861306552028774	-1.425140539555285	1.656385963662784	-1.7842704512659486	-0.024045303347495207	-0.4236777521596995	0.020439336289465707	1.2993068905486655	0.36649975401254553	0.8455503113448232	-0.26599239097562194	0.013974117110680112	-2.177955915234178	0.41788118880728337	-0.26911657310501885	-1.947788064919457	2.4726463063683948	0.6394453522945392	-1.0577913723109194	-1.3312697076740738	2.0443728886203933	-1.3364285272151053	-0.13879222736260227	1.1404642109568188	1.216043890046526	1.5849258217501865	-0.3069825297581968	-0.6019623384243582	0.12997735627520604	-0.7919765690739832	-0.23582435224416934	-0.4020394907625674	1.934082629755356	-1.0256918691381225	0.5275661581957148	2.442727697204376	0.8909629562996567	-0.4055403575811202	-0.4331980145637828	-0.2613435863169749	-1.2253336277574138	0.0722994681288031	0.5728033856517174	0.4745336638131895	-0.5514994481491994	3.28319133009543	0.4411566309685203	-0.690516255368064	0.8015872193113918	-1.465229847422335	0.2809586342969629	2.8037572810603484	0.11412184681558417	-1.1508644325925559	-2.0798942212845737	1.3803339549798221	1.4369361575209378	-1.6241809827967724	0.30097836787123566	0.5228233643670309	0.5091805146059986	0.7171041247616141	-0.749142100040451	0.5853108058492333	0.901243839438607	1.5959305949005052	-1.3465138330057422	-2.2868038229643166	-2.7150767320710205	0.12437109001212611	0.7564833010108732	0.04053558095961861	-0.44428526885438585	-0.7583099187665052	0.18231277410968122	1.042422092575689	-0.1913471712889039	-0.782201170465599	-0.2818194939670762	0.4336815952573416	-1.4304636281787115	1.2463544839002818	0.9500689323824583	0.21159791569885533	-0.3013779587709317	-0.07687581536284781	0.22115350421582486	1.4159484864136525	-0.6194492951118487	-0.4350368906390107	-0.1779083591116301
DTXSID1048174	14.37950447284189	12.247836894088916	-2.0613112028498586	-1.2635225253422333	1.4242801844170392	1.7876760011221133	1.7510936798257215	0.1038641832450124	-3.6849160459764274	0.9344877751079853	0.16073801542048752	-1.9441521185809165	-0.1345069660494281	0.6790016047398456	0.9208891100711758	-2.5027058387810732	0.055665524668675935	2.1044287072844674	-1.2259606329360602	1.8492148742929666	-0.8119740712803589	4.7017466128296475	2.495361321728282	0.5999110142459454	1.6939946037522953	-2.62779084059915	0.40531716694072	-1.0237498245244185	-0.7250654038262547	-0.5223414962969518	-1.2181829700603732	-1.7853361099379272	-0.16224000417382406	-1.8665220514785894	-0.4798204461085302	1.741477290028992	-2.3005076649542158	4.104209239050085	-2.1187622096814325	1.067653931048377	-0.9943035509722156	0.07266419227128353	-0.1311639209567783	-0.36565708095784294	-0.9056552209375826	-0.7350569456042559	-0.8837135195774896	0.8899309936592451	0.7153582045569367	0.20073335308643236	0.4480337492519992	0.9343722896244819	-1.0926456784013576	-2.107228270827276	-0.6932294900236303	-0.9513523492612717	0.7438156975441452	-0.7812337136620535	1.5306888318474394	-1.0071646668601504	-0.2898892606241904	3.859119983421758	0.26174240400138926	-0.35254622613248	-0.5391338802706694	-0.33599909282446	-0.2752637098868529	0.12132851179294186	1.113216773010726	-0.9435836352686658	0.009761704033245161	0.11998307679347657	0.41277099546979334	-1.1761909124492442	-0.7318889714477816	-0.8893166899379543	-0.8244424372514404	0.9810260030445236	0.1854715325862024	0.4754543577137686	0.3069543287332413	-0.7683032295343286	-0.5417299038657722	-0.39980232609092387	-0.9793008485558642	0.3559300138590328	0.3488304033658246	-0.7595394193314442	-0.4818968197216123	-0.8119378794167622	-0.14684645068946975	1.1368069254399853	-0.020053494536782814	0.5277668423654284	0.12080229342154498	0.6324038927652831	1.815373960264979	0.38499429130551527	-1.302031243394912	0.05051476154712109
DTXSID1048178	12.900184915310238	-1.3598234502290643	7.049624379924284	2.063606691722911	-2.8763994383115223	2.106058712384243	5.041369824137719	0.6295840069227231	5.60655942255247	-0.3942540066670822	-7.707681078714552	0.9560403067029144	2.6257913182336434	4.334269408899828	-0.4093121285117773	3.5696529268061674	-4.643613963975304	-1.034062840306483	-3.1556006113724386	-1.0648937367846767	0.0832069919723902	-0.18659214496537335	-0.6968369648629583	2.123776400592164	-0.9550489892670182	-4.352349186274697	-0.023785028346006012	-0.2986065109957835	5.654152973574218	0.7323286254815778	0.25413376467252247	-4.129729013747518	0.4257091403302368	-1.4698454696583425	2.231933643783598	0.3205698252998462	0.7276494761822132	0.4407237838454139	-0.19544924321444285	-1.505258783638288	-0.8199245697554857	1.7471739145790357	-0.874066906490256	0.03748865575022479	-0.2700589383915281	0.16879080251207615	-2.351064040442982	0.29259305735840896	-1.8655249020528768	0.5572125589776633	-0.9869241482034598	1.4026331986546703	-1.4194606371291452	0.2058979518845681	2.498116402241114	-1.9979347612223384	1.006934371834602	-2.780265749781842	-0.166914862188899	1.2324209268964343	-0.48356894738253664	0.6682373336229652	-2.1620845645590707	1.073491170497266	-0.6861105024806574	-0.827834985235018	0.17392961428135492	0.5432753194654072	-0.31754847484958154	-0.5284487782701371	0.07307008069415928	1.1039519430242304	0.470925691991568	-0.3822935122361569	-1.3029841071454855	-1.751465237620983	-1.4969142022541928	2.4346723548349765	0.7506709482138825	-0.14457361231779844	-0.1284928922156051	-0.6999963072351773	-0.10823371719019595	-1.386012165779594	0.673791246753251	0.10139194305579843	-1.1458512935951606	-0.49175938615302744	0.20177178136289986	1.004308716641467	0.14545285332769822	-0.07921602219078094	-2.555325318033961	-0.525911076468173	-0.01620920317187155	-0.8516144195406916	-0.11111566918656654	-0.3306324478575747	-0.22563162537113715	-0.4488199722220614
DTXSID1052585	-18.052512861818848	-0.3752775252256548	16.510462376602305	-2.0534468905141487	8.632470963292114	-1.1287410131263373	-0.26140082699357114	5.950039006817786	1.0068409222937869	3.349975695943998	1.8687305053189098	1.157378327191105	-4.630601113540822	-1.110626372588779	-2.133316118138913	-1.1686932894534383	-0.7145027650930911	1.2201520017288017	-2.3456522007294205	-1.6060602193525826	0.5942365209141222	-5.3614350082037125	1.0538336911744524	0.6193160835736424	-1.4326894441205507	-1.1200675846913195	-1.7577209301334362	1.614999570651325	0.09937503939613639	-0.6817829165998659	-0.6361470870528776	-0.6410769101809033	-1.8999540745071597	-1.7146351791603707	-1.437746239193226	1.3660474255008186	0.608582085320387	-0.36010380541504544	0.14552749263779602	2.672704866817474	1.1408822122522582	0.9643907108796738	0.8687977947778137	-0.30783914462352946	0.8505716677909659	-0.3830963751380001	1.7382908035016258	1.119160922370306	0.03429198047681469	-1.3125396545485262	0.7797533029808554	-1.19297575351023	0.5980685162553517	0.36024265557711527	-0.8972455281577064	0.34869320019130917	0.9485810381461921	0.7318704943241898	0.277333065714331	-0.6395717747836225	-1.5506239790851608	2.7656830170751996	2.302986521679071	1.6335911859092085	0.014698645104698363	-1.6751473548876081	-0.736289422435794	0.09743718349888865	-1.7249764697391445	1.144646394215742	1.0121500664450673	-0.2002445588271858	-0.3761634219289769	0.836633852555115	-0.11676146896469013	-1.0160536883932414	1.6787887168607254	-0.5258044045453021	-1.1271700837994398	1.9216628935977709	-1.827263573531835	-0.10516572436059032	-2.2574694641469746	0.8544037773786746	1.2686107303686822	-0.4596073346171513	-0.2565332299609515	-0.6103423693525352	0.8849279189549648	0.6078136005133845	2.2412034150365985	-0.36022136991437953	0.743634074391823	-0.862898182397788	-0.8380466934812113	-0.19022693689123163	-0.6102065296845314	-0.25106383718088693	0.09600464588517812	0.9633200143754929
DTXSID2020137	-15.878753183164463	5.614366067093599	15.014915674021367	1.620425347387899	-4.19369504638053	2.2959379737711876	1.0369170657025149	-3.6519203401852014	6.18515842082824	4.10444112778955	2.00721389475765	-2.48886321703597	4.382435245483329	-1.611608574253824	3.2059832872761276	0.8366084833016774	5.506157372344317	1.4846975168833145	-2.7473137574127744	-1.6885931649547234	0.7258173074935637	1.2959140117654324	-1.2378653738862044	1.2458012613539342	-1.4556477886432782	0.030713745317664434	1.068716200248184	0.1326160767230069	-1.2682481437246045	-0.9122107117537985	-0.25781961748563254	0.2338014394222197	0.9326503287676942	-0.8985038162714638	-0.5759493937569727	0.10245065722480512	2.218497548994421	-0.6513368237471993	-0.5788542180186228	1.7446548160493514	-0.634556810509583	1.620325686654509	0.5927483042741478	0.08861359485125943	1.47596278274863	1.2296934533338	0.46270899718335506	-0.40445891415306523	0.5846971239938771	-0.06532984626955993	1.8372609489017555	-0.8566840166604367	0.20894880663547688	1.9606400242906257	0.5065322825679186	-0.30671289163181903	-0.02313425581335387	-0.7206486367890134	1.2073527273712212	1.0855860968397073	-0.3525243188193674	-1.000584887934636	-0.03339420744307325	-0.38491695882150984	1.9890852006495898	2.3489831731377393	0.4724808429102454	-0.7479059603218039	-0.5569788119277087	0.7186757531883037	0.31346041416700465	-0.7843788547520256	0.8254525474675072	0.6686087890801389	0.24190059974133887	-0.547119851879339	-0.39727124142954645	0.2687766521160981	0.050791734838628	-2.5476596459802945	1.458129769942095	-0.2830615145107302	0.5086252279394416	0.10711641176585313	0.4271946104342795	0.5908227253226013	-0.5481076106700754	1.4216274440368906	-1.5770225103425914	0.04848937318171235	-0.6599760039552434	0.6591287677000971	0.7873724356310633	0.3558754808542779	0.4939400368911215	1.1984739595156153	1.0392974192436095	0.3114729086850882	-0.5405168890222803	0.6941240989245892
DTXSID2020420	-1.549460281996141	8.037188299307562	-13.750195212393002	-0.5068360571811457	5.583919916834808	3.150085525818672	4.818612445063955	-3.08791955795205	-4.263030478633483	-1.5785034736727819	1.5840175580579148	-3.7441530512290337	2.431213774962364	2.6575895585678833	0.564802505546965	0.6693828696687841	-1.296903947015085	-0.3268345050715588	-1.6594772229128887	-1.0381071515067903	-1.1749342899252118	1.672634289063601	4.138591576528303	-2.6636666524105834	0.9898966059333942	3.6818244491200387	-2.504441584665958	-0.7375330862698626	-2.465952078248372	0.9989498661260542	0.8103824947158695	-0.30163333189717256	1.3494513208537693	-1.4425040669243896	-1.0250579802404538	-0.5708254126249092	-0.025366245392134265	-2.0684770270074777	-1.8762225143225155	0.8976420353687268	-0.03340302361307316	1.2809888897204496	-0.80496463934678	-1.025649924890664	-2.7711093366093973	0.5719234313011717	-0.32103050730364385	-1.3553851774089762	1.9741018537861328	0.4621732888260546	-0.19780653407639265	-0.8940249397907072	0.4018587364947874	0.291681368605635	0.3482648562930596	0.44480192526723406	-0.37898894889373336	0.9675121234884789	1.8931456969392908	-0.866058896786587	1.1381169427019633	0.964445487620501	0.6948732124136298	0.5820253308382948	1.068429424979416	0.5057028083738783	-1.1603888272616116	1.6463003309695263	0.946576578696495	-0.1678075064893183	-0.4710114885161582	0.40739896101531226	2.097466919057922	-1.7609956990917164	1.16938240729793	-0.8659936587600452	0.01370013305092827	0.5647122936472798	0.34372575129723204	0.20733857661045482	-0.47834629679739854	-0.7059968523411025	-0.03400910534340082	0.22899425242615806	1.283568812162243	-0.31590075292718234	0.5739538155242447	1.331354887080367	-0.6562026433791024	1.3983265479402203	0.46344144024609596	0.3607895470150961	-0.9672519815566424	-1.227894214928474	-0.1446319289120441	-0.5344552990439978	-0.6711357381167826	-1.0731799161503006	-0.39878368338746156	1.1645315412442798
DTXSID2020921	-20.034945419050032	2.067366410183231	14.1186525117294	2.2109120172255246	5.57752890501717	-1.82391429775011	-0.7692570493069666	3.1275073344132807	0.08648573499019567	3.6082713886957185	-1.1759266229370688	2.920280523071791	-0.8157542032882811	-2.426910086183293	1.4142450457720581	0.19361174933865538	0.765842171184311	0.3187214101410638	0.9157150403726123	-1.1857908921153424	0.3027616690766865	2.551327440060473	0.992525736593793	-0.5312415335018141	-2.536926793763104	-0.7570897435983305	0.07981080888860562	0.6288444882974702	-0.13755238633410952	4.366354958357534	1.792541799761199	1.1830674280559708	0.42412864020003144	-0.20580734627271854	-0.5136816357490425	-0.6995882837533934	0.46508929846743235	0.4976320044145137	-0.14411463448502532	-0.8959321274025703	0.8774849585261608	0.06812252813282046	1.7097640151588944	0.3678017729654766	-1.6993487999060994	0.5852034634068308	-1.503839449341101	-1.766590475618748	0.1080128294444413	0.21086848702048963	-1.2143416532717213	0.6868245323833166	0.8349112794480796	-0.6315045152985	0.5579791581469431	-0.7720511003869529	1.7671306066624457	1.91357719613289	-1.2616516954662749	-0.5013791127695041	-0.14504144436885288	-0.8832160037886083	0.5282818956700546	0.1516648571281643	0.3436484331499356	0.2923232759575931	-0.5147062326653653	-1.1391548110702419	-1.5736903726505922	0.10323230832448192	0.23373545275255492	-1.5857689727008517	-0.3307886226779979	-1.0342545589612198	-0.16838622290869687	-1.607920139638539	0.06883622996976352	-0.7538475824893173	0.13523829120236322	0.5747246781488642	-0.019473441145341646	-0.7534418365267138	0.13442146082739317	-1.1077049390956488	0.5547199525813484	-0.16510480504048167	2.3646552158373995	-0.588767160389009	0.024453949075669994	0.8551813935271981	-1.2454992352695586	-0.1062382431460083	1.7590026117809043	0.7256790231532454	0.1688665076176413	-0.8244545540236595	2.6699375604772912	0.07359264583185819	0.4776302653459579	-0.32983576593108627
DTXSID2021105	-4.319372613635564	10.462958183423694	-13.701469170515612	9.35647558815403	13.764344004025492	-5.368218155388175	-0.8013165846253933	-5.834999427174338	-1.2411137452908174	1.8457642447833031	-0.2083675074405697	-2.2291766766784478	-0.07091687459412062	-2.2434102145289923	-3.1259739737696233	0.2604011611100737	-1.1530247181998958	-0.509183589390341	0.054501866860898175	0.5401717389787306	0.8549466271323675	-3.0127461224151073	0.5944422668311476	-0.35665604434259174	-1.4726721754684473	1.6392116509104513	-0.5492005462090987	-0.04615940187696432	-0.4396636353138772	0.1450844636557761	-0.32690982429102755	0.18179069646693785	0.6137067741897769	-0.3201929385971513	0.0307711393921305	-2.613860418649991	0.23206238332520923	0.5517419347822485	-0.4236577744424769	0.5939598867702701	-0.8994900000180787	0.07856014821640256	1.0751900007805242	1.5240120039002323	0.8026744847916664	1.4400090179114642	-1.1640109457024361	-0.4331087804859118	-0.7057130260550132	0.525095850635154	0.8648623327014108	1.302086243356986	0.9486899665836024	-0.80367670528506	1.4290273204718338	-0.6903722171688291	-2.568098665619079	-1.0114275970769129	-0.3786295780910465	-0.0665725918487802	-1.4213276075228662	0.7884059689629843	-0.7289667432837725	-0.5067446466965658	0.387982480629592	1.4002489402525693	1.5029652670549671	-0.5675216302242067	-0.5732408609329146	0.7874589532011074	0.2887568523657234	-0.23458472479786166	0.006156500480059299	0.5299779620627774	-0.4969810623840513	0.6386302584395418	-1.4402707026239432	0.2673797131826801	0.29489360726194236	0.5303666878121375	0.16303116688148664	0.2320139568387966	0.8216629020216907	1.2905358447717379	-0.44908456066934155	-0.004724682789105566	0.1091459120410488	-0.0764080738963359	0.9018589534469711	1.9162847800568779	0.3677014646405464	0.20557427047272236	-0.10242414762219157	0.061608039736443215	-0.1565928059224385	0.5031956279096593	1.3377046321847355	0.1643951267346325	-3.0210307617577623	0.22589316363755552
DTXSID2022123	-17.53862755031394	-7.491788090648342	-11.964596933273489	-2.9825726256512164	-2.178548711903396	-1.0378852363610442	-5.267521777525517	1.21383621093731	-0.8548889182272491	-3.5395810721879806	0.29835801543206886	-0.2858478224645521	1.8307778680922029	1.1508151068808727	-3.37535621322907	-0.27765226645271623	0.24755390098805272	-0.30845363675497567	0.16018555303914514	-1.9190446236410483	1.075663052381365	-0.010214364315525732	-1.0762877858878463	0.5409767490038262	-0.1958150224920533	1.3421600129260307	2.7608182674913078	0.43336315119164814	-0.816187545966485	-0.5973914425517413	-0.39315746004282	-0.06232112313333804	-0.8007383086974215	0.9379255378079472	-0.9213518174814251	1.1506234209038968	-2.4859292094112693	0.5515520244956542	0.5730356278077268	0.22593396618752667	0.8533470965361767	-0.4082944805465896	-0.43516479515879186	0.8263409042819106	0.016241375788274764	-1.1734108149286426	-1.2490423724087685	0.5158649296388114	-0.11866407332526838	-0.36512684753959873	-0.018303832296789013	-0.28878289922909234	-0.83531156466048	1.1843642323811068	-0.22299622624147647	-0.11790201703052891	0.9964291616849229	0.18210314044580544	0.25544612007685924	0.7948041369513956	-0.9881443996706879	0.5795025082063922	0.9329591556729995	-0.4328423718904119	0.5754266083385976	1.12108085053702	0.5718534634837492	1.2561507860344567	-0.15756906569721452	1.0861583286517658	-0.15897249467875246	0.9200850496536456	-0.017683758303775755	-0.02747841957053881	0.4391502575085887	1.3294917843559393	1.172880607482138	-0.2868441714647595	0.6216127627299359	0.03059447188416474	-0.9587076939838235	-0.8479499629559447	-0.12899493972017154	1.2333105242895217	0.5219669956124575	-1.1468137856231413	-0.6185455671029153	1.0714379133028238	0.2036755472626569	0.06075091098903732	-0.8832099842981289	-0.8429464893364916	-0.723897979744743	-1.5114491057927928	1.3447388326237268	0.5409723443969248	0.3843308464515033	-1.0601586504428844	-2.0713681833597004	1.6083106969221475
DTXSID2022254	-0.19653812324460285	-6.736531614465169	-18.495414506148528	-5.615360102764413	5.445995161433426	4.449403528323859	0.40355637063216726	-1.968051364179002	6.8538130511891096	-1.20600504104311	7.201588123568379	3.5132640857985664	-1.7205597536064503	-1.5232091582394949	1.2370876855007196	2.920693169737093	2.3764763745604127	1.9634447742219416	0.5547032537239928	-0.42488186915290965	-0.9259472852619693	0.6887875117179982	1.3645607570524212	1.4394609343753684	-0.31715661778282717	1.192310849160699	-0.4371080494360016	-0.03752023138124577	0.8287644524166392	0.5418741036436578	0.1749343473741403	-2.6392580457336607	2.2028416273540086	-1.87637024766745	1.6695989759432848	-0.02797652455247832	-0.4885443614019992	-0.1737510840121341	-0.27880897466797155	-0.5854051365875975	0.0032998078589251043	-0.39655493237247946	1.3282274288599887	-0.7497644617860505	-1.8692673785564622	0.23159030261874528	-0.13579707082455023	-0.11172356484453028	-1.115076156856776	-1.9245692746671084	0.14426362665899556	-0.13867385590264464	0.49657539046498445	-1.1021508852604853	-0.3059074493105675	-0.48979855821129975	0.9540524906749184	0.5436283728922926	-1.867773896224203	-1.969822761840006	2.5578315222197805	-1.3081246381805094	0.9558569392456624	-0.7357846016634125	-0.189453934545674	0.15170436625242864	0.44046010984060385	-0.059638697920208476	1.6253220590758626	0.2963106721892926	0.09750667923550718	-1.729813336934046	0.1723913817742651	0.14519769270993477	-0.38964328788242036	-0.018400679139549583	-0.7123082794399235	0.5865558462490972	-0.13933612264062653	0.6533383576735698	-1.7918581174188195	0.29060342364861796	1.1594724882913818	-0.4343155725206946	0.5973438743610324	-0.25219054595836493	-0.2812689744093562	0.39333561107973625	0.39833248124109916	-0.09923971830382636	0.5588344920309264	-1.7331519230377914	-0.44928074650355354	0.2679758063536239	-0.5947513071550836	-1.068301156069363	0.20658950780387766	0.5250318267708503	-0.06501245900696725	-0.2367725352931373
DTXSID2022880	14.178553113833054	-23.793030396240738	5.272450312206391	13.674351768901005	0.9261734061024223	-3.117749760136013	3.8058841069226435	1.0794373014995045	-1.067455989888076	1.0686505577461856	3.2640810780621	-2.6919553036022776	2.052989658414541	1.4238042059532272	-0.4543961914398329	0.2747593106996094	0.089534583851679	-1.39915239798663	0.06414491118449979	0.7642766658784548	-0.8500190833358189	-0.2958392617825707	0.6237102491098043	0.88428384516791	0.6970541345385954	-0.8877745682477226	0.11039018541242787	1.1658658413912861	-0.3414541045957631	0.4457130510561027	-0.6906407749645035	-1.0219586618525591	-0.38845000539226987	-0.7307067159476089	0.6409820422817798	-0.934089428198278	0.3833001454972048	-0.5040371487322783	-0.6602227415661059	-0.8427091876332264	0.3749068288318971	0.6507589757187424	0.7145724387221312	1.0040657432583922	-1.165974701161444	-0.5931506391894446	0.20703315179590803	-0.5072542802740869	-0.8455443379462885	-1.1527334105476943	-0.1982326890725029	-0.24628974419801486	-0.8827721790101161	-0.253668821074383	-0.1346528247580986	-1.3480162063411063	0.01803021417672191	-0.40881101268190095	0.1682165722622207	0.09724290367586366	-0.5022347490646334	-1.79703810316698	-0.6489468120265492	0.4957496569435697	0.3093384379224822	-0.02597224729428745	0.5828005647758976	0.4949252036374034	0.8301014299956718	-0.38683882570437633	-0.7465607154068591	0.8384460612661896	-0.6705592156761232	-0.12128909745839588	0.8734417567121453	0.3509397348653247	0.13061108845694952	-1.0109358285322017	-0.9228882535129119	0.5495124953997019	-0.8664622618879437	0.59531212930112	-0.9395127831132485	0.5133782234535167	-0.6838023925301023	-0.006637409703126123	-1.07208198943859	-0.1315948083280531	-0.3830822491050394	-0.6672937209319125	0.06660089427049756	-0.6782624962542946	0.21328324307521554	-0.6905155199846792	0.6458656692521872	-1.5692386511797793	0.7112706074668561	-0.44919251742333915	-1.58379262680606	-0.310820088623068
DTXSID2023309	-2.0682326865042047	-4.1788660094684404	-5.912696048895973	-8.58171083729072	-7.205129501751218	6.850987715781137	6.19881491857317	-3.663211644433165	3.5428116336722493	-2.101340807903994	2.1015879869163383	-3.6590524119771857	-5.801260246437879	0.9232917798041642	2.6017900175897655	-1.418450433734856	-0.4357172843223598	0.8801378285124357	3.281318081286236	-2.8093660540391583	-0.5616843317365944	-0.802823584161719	0.8931384118275207	2.311038966823468	0.5460134964094927	-0.5925614176147332	-1.9777058100888505	-1.7308795379536575	0.9810251090664237	0.5583359263443572	-1.6408857642059465	1.8055604003575487	-1.897445954844767	0.6080879086422557	0.3368164303849641	0.3704568327565014	0.26034484842736344	1.797926382971661	-0.15746440837857928	1.5194491849751608	2.460819038242983	4.02791949054838	-2.050921042433951	1.6578782915121915	-1.9086042290859722	3.0985460811296015	-0.166837011444551	-0.40984034043829254	1.2488305895780576	0.30026373154198327	0.8639521572542508	-1.882963855599948	1.5527799416615464	-0.7391653065783845	-0.8376901159196685	-0.7464935892483349	0.2688779323892134	-0.3352265883119688	-0.6402327113676882	-1.7396920562849045	-0.028907526210503392	-0.2553857006360275	1.1147668071096308	-0.7736469015638557	0.5654820438962629	1.8374174558473892	-0.8595642655099552	-1.658922786860038	0.8465128772431126	0.34238930713972027	1.0333849280815488	-0.04434613105876853	-0.02274118680435242	-0.8756555424156536	0.9690703936419435	0.22178597954461954	0.13197830587862708	-0.8481804689380146	1.1143946418711597	-1.1781443168444474	-0.7289233404348731	0.8384965758583318	-0.3444562850810694	-1.3157235310554873	0.28790695262879	0.65809133832858	-0.6949939912013651	0.7278928834956854	-2.4220900541663015	0.40629895550311285	-0.3587897526786199	0.05057836580146209	2.3853259840589107	0.18028604490664205	-1.0534570049934242	-1.35343931305259	-0.037195826300678664	0.8488617678917694	0.9544448968053278	-0.5743354745241411
DTXSID2024086	4.791038867070678	-7.386666880230235	-17.05766625039793	-6.993131272011976	7.573998113145722	2.557174741653837	-0.24173502680990278	-0.9048839433635905	7.622937035990374	2.428529965444155	8.783795002114328	7.269182386489314	0.8687568119221403	0.024542379483887652	1.0131742993055506	0.8550483105144623	0.9931261670972569	1.4765554361877573	1.8831768021789363	-0.9131152822306624	0.5895135165943491	0.17727316375981367	0.16355852936101317	1.7638555031801584	0.2877046988168561	0.12711853047667226	0.16783830354510934	-1.286623877992113	0.5597118393211793	-1.3044379108302386	-0.03107135643112267	-1.0272177047154152	0.4117614245072132	0.24491030355020854	-0.5760170578442279	-1.8148947708943663	-1.304191074815542	-1.0357449664971008	-0.12036210868869207	-1.5540162365478771	0.6425984458663032	-0.7062330693802799	0.10637392475141681	-0.9716319503699617	-0.8709252115729669	-2.069668035592714	1.4029734737070325	-1.1778262764201843	-0.32545657500712444	-1.0409812080206802	0.36201723815159637	0.18789981041177245	-0.3463449541672669	-0.015481735055922954	-0.10717412939481863	1.217977528066034	-0.45953390909192365	-1.1457915990218666	-0.36242601937119007	0.9718796032105506	-0.899823425880907	-0.030427575748270118	1.3212204886779488	0.07431515746592413	1.326139703300532	-0.8049213165653896	-0.18950721828928765	0.43148106594615465	-0.7811651958870515	-0.6886217526361202	0.7231749278509587	0.7452845225844043	0.7604870635302464	0.18985578966923372	-0.7974752749502558	-1.050951607428908	0.025475864889397466	1.5907960850403695	1.3758287356639491	-1.1447070848225438	-1.2777896871954897	-0.1815415097764379	-0.9057234500013823	-0.2295414010800803	1.8870886463131247	0.4102094996489877	1.2175373686606872	0.12363986942830318	1.0322810703283027	-0.7368035330737055	0.3917759697212282	-1.6439699350648118	-0.8604276846242734	-0.1933381263080664	1.222555767607421	0.47136159405320244	1.575645929288949	0.3788424759708145	1.37292423968086	-0.3353736085097174
DTXSID2024793	-14.570033991142838	9.097054420740132	-7.101052629843924	8.59343995378563	5.701664380847795	2.279170288774764	2.7658286011098983	-5.101376409782587	-5.422735013304394	-1.2067999829853802	5.131511748213596	0.7196260374561578	4.004820687247907	0.9393591996483512	0.0939547720003376	-0.2687027247602785	-3.819282813781293	0.5284478058065306	0.48612891835873834	-0.8229418674539761	-0.23080134189945728	-2.3345734317632467	-1.2536769000217924	-2.69362308036746	1.2846234157188763	0.2264073066085355	-0.9598536935197385	0.7790440670658697	0.36228913571828836	0.8096120705999517	0.3453411954960419	1.7184448190511183	-0.6090645490809086	-0.5238867760308618	0.29782843766244	-0.7773549211348368	0.30409567188943043	2.197570690968349	0.5374600688923424	-0.3848259449720169	-0.9616316354366906	-0.571613483260693	-3.309398473635885	-0.34157020088101553	1.996359739970993	2.1473929853308076	0.6031355049598065	0.25976943564719757	-1.4915335892446557	0.6183127649752824	0.30644648059395935	0.571612855073157	1.774671051990291	0.7482294459805273	-0.654798452927084	-0.45373442501101346	1.137587427071527	0.6394553860612779	-1.1730559400275742	-1.030724520473205	0.2790086373918434	-0.7083783242129632	-1.6064994116792812	-0.185223392121877	-0.816122695168393	-0.6462205860393413	0.4533640578560638	-0.9210780810044858	-0.5318489585879805	1.3895554989304135	-1.7356774996739102	0.697081536794403	-0.5397397274233361	-0.10991568507620025	-0.24918484481738307	-1.103194919159232	1.376145251109299	1.0514356301366563	-0.13736043239725879	-0.5859604298402892	-0.3217423916772118	-1.1811336087131972	-0.23577641372826677	-0.02815288860442432	0.6228237519254293	1.567532871651627	-0.4746558295194746	0.18892862004760896	0.8260451719577697	0.28179450988306326	-0.15351911671754767	-0.39907056681741526	1.0860128043047141	0.3033910976090065	0.025611310077404706	-0.1796275639457397	0.28250828198903477	0.5004381279789537	-0.03281126337938487	1.20186639478444
DTXSID2027200	-20.734204817415023	4.835442391742891	10.840117358503857	4.842666105698892	2.6151723943153735	2.77053393712623	-0.05585211312676563	2.5624833096489352	0.8621883366070097	2.395859058503042	0.7509169728876525	2.400166294615935	-0.03479858293829624	-0.8506415054977718	1.2144940482016124	2.1610922434311464	-0.1688014543673075	3.6291183825027575	-0.7256705894145572	-0.639641574835716	-1.7803236189530298	-3.7275473347301933	-1.8183190652084436	2.6385384391264814	-1.6781514619032893	1.5066791819076222	0.4665513247597088	0.4683517067673825	-0.6963531531982623	1.2151119778694905	-0.48797441223097243	0.09583119598915274	-0.6850260686457565	-0.423676594701519	0.40328613588916906	0.9414653321614678	0.770025077290829	-0.26607746606568783	0.5742806650071215	-0.3197756745784261	1.4636585109616878	0.4695608603000545	-2.2944266007832246	0.6708380545805369	0.03428040677094276	0.8347365766701483	0.6531759657405504	0.5304159447409198	-0.12757168021714033	0.4094884015817809	-1.0620805070955202	0.918068534576291	0.5191004203908914	0.20060410814893231	0.2535551684599403	-0.7286697568673659	-0.6947907825744453	-1.508952556050402	0.5821145599108524	0.268110799800603	0.8085784492505458	-0.81991062154091	0.4233915453502436	0.9082173131569926	-0.04479384653287178	0.33598539134079475	-0.683723761251481	-0.09852054541436255	0.00401164681594186	0.6516172172132466	-0.23615557828350586	1.6268783395902482	0.9945391191917798	1.1009268716964393	1.3224388776291363	-0.623350414160447	0.9671279251756291	-0.6605113949641743	-0.8163436189970232	-1.2458779435614986	-0.8594442382708338	-0.02771496750479371	-0.1679704258977925	-1.2588681011766034	1.3862826908083077	-0.047733955409456	-0.38402846518794354	1.3999311874280287	-0.7201856891641956	0.2836608832255747	-0.8223263865732509	2.393890898654176	-0.6453094813993651	0.46009703405483193	0.6097321743334441	1.1898431739799729	0.11511839330380894	0.39982348577895926	-0.7906274353058421	-0.6260477920173549
DTXSID2027333	-6.16235335224305	-16.147945003169674	-12.856487230267234	-7.411800034207311	4.519004550271556	4.933436884699218	-1.1785973611793672	-3.8153247253283866	6.42253078748722	0.6178241397723605	2.643768098623395	4.374130983829528	0.5205500705680949	2.0430708690594233	-1.9711769652860318	-2.906818327411816	1.9677498699214893	3.1068623182058	1.2063160367716044	0.1745961284400413	-0.6939378410678531	-1.8336353478840557	-0.9794169580748375	-0.3673727221101436	0.10914164286602433	0.31685549859521206	-2.7844782321854056	3.391775702996834	1.0242351127926594	-0.5727818687403985	0.6026901811749269	-0.6966732426466666	-0.06034916485753301	0.7141688623639224	1.4431315104089595	-0.5833704556403011	-1.3281366846599716	-1.7279007429488582	0.41695874691052265	-1.1611529475882438	-0.7442376635449446	-0.2897541692162758	-0.8637595691555231	1.5435307180066582	-0.8248381208107147	-0.35685667616623384	-0.15628679520672764	-0.31635661109132585	0.9038791855063474	-0.015501938700077801	0.46643858857251497	-0.43044143935678963	-0.8796165255367293	0.3928202837559584	1.4729710432270946	0.1644212973401025	0.34197390625169877	-1.188967068926486	1.8054325991823874	0.25284168405931645	-0.08725339107818854	1.8478678613277104	0.3679755022393443	-1.0285720893562638	0.07931149391949459	-0.11629053611386307	0.8589934463337673	0.25256374981186586	0.07378799537716392	-0.4954575904473243	0.15972477421838432	-0.5645569321059785	0.6858747861562825	0.16288048448932857	-0.3175505897439112	-0.5354175102290091	-0.05344961276154852	-0.5800350000665293	0.04123480376315449	0.017603630489153112	0.8495368801186431	0.5139711076675821	1.3640746884764803	-0.3146207697653302	-1.2617315250134529	-0.5293987712047614	0.9282163736395715	-0.1383703765713583	0.06117738391803539	-0.6151284725607941	0.5497836699850923	-0.6789941939924845	-0.3860336516328268	0.1966577874429042	-1.1985204463826284	1.008567551725379	1.9709960777449713	-0.4364703268981643	-0.7292451410732051	0.616581144722034
DTXSID2029246	-2.430449768025505	-19.15250734972966	-10.115531581192405	-10.388963057911397	5.619124584195672	5.297120867817698	0.9317322246952788	-4.934071259331925	4.276559291688044	5.222048953181721	1.5266590811159626	2.1073330864228863	-0.10086705457748772	-0.6746053194470147	-1.3500021786923413	-3.7323910935378586	1.0329108087372547	3.014948248743767	3.27756426197348	0.9912655272551673	-0.16847617933464962	-1.9905726821192378	-0.7805999158539347	-1.606138798168394	-0.5910538546610133	-0.04717575577021868	-0.04023358270105812	-0.8788177643535596	0.9859707459778851	0.16207016251848505	1.6279658753767057	1.402468093086503	-0.3425661129324706	1.5089676582350333	0.7575436574634175	-0.5255305520987471	-0.056954465567656695	-2.549182931295547	2.2159094013534597	-0.10514866873316167	-0.7059025715592167	-0.5626628993021414	-1.5704374433164305	1.6048629651392465	-0.800783700979983	-0.5758120425195242	-1.5212209087281108	-2.3470031136023697	1.0795339161291007	0.006121609762113931	0.7776773372697107	-0.07997936539306688	-1.2944002931904206	0.2662419894183166	-0.6980260088910036	-0.552641774403289	1.3623549264166666	0.191512161309717	-0.5903881700334259	-0.4339351423100297	-1.1819336519166064	2.3043200327216944	-0.4134129100731703	-0.11381282255251368	-1.216763101460505	-0.08143859319811302	0.5003250332402392	0.25701578046324663	-0.5103428281919313	-0.1836688468225337	-0.9205836988662848	-1.2357353271891853	0.21680480590360274	0.33444628741117355	-1.1504970491821271	-0.12516978239064613	0.45016381060034155	0.5927544963097758	-0.23618778197019577	-0.4487322258390131	-0.5723165885558457	-0.04750276980116288	0.21802663687650473	-0.042081914635971815	-0.47462463909902536	-1.0842541434100288	-0.28695298450609563	1.2842767749754618	-1.1110624698956335	0.511084645003779	-0.8090251180384712	1.037790299648339	-0.5237056730117562	-0.4281592276067668	-0.8089155567053791	0.691622236412722	-0.22954347897237462	0.12821165439626603	1.112612468408465	1.1598426483165993
DTXSID2032552	15.420062390975053	12.600768871980703	-3.9577600688591783	-1.5512331663579633	1.7225317641951916	1.9815057119187691	-3.060543227977956	0.8339335862445557	-0.7589291295703207	3.81276958877698	-1.5358272245525637	-3.3097031069199447	-3.9235677748637423	3.2318340273307182	2.3554065616110256	0.9773910245033351	4.627987314999573	-0.9379549762303944	1.9915139087523315	0.29714638944790545	1.4187595261938444	-0.09631641832321183	1.3877072037857106	1.717803288103787	1.7307372762229107	1.5850867747512578	0.2603741996773851	0.5502061683275649	1.0783298054717756	-0.21593031486109274	0.716570073087403	-0.5767722009798164	-2.4792303134189133	1.0005838321373013	-0.3120573392753396	-1.1003397979326264	0.5624411655808332	1.4642643616196964	2.0914806837797677	1.4153590057433405	-0.41583180292704264	-1.045558608325596	-0.20778679752232043	-0.6410615145523842	1.2535070922021059	0.25899407088560383	-0.1807085064906506	1.9265510389979317	-1.5713699673871089	-0.17254666474045974	0.5309822781596565	-0.030258360210990768	-0.5810886366978683	-0.8593881064373401	0.06550431882529845	0.8599161106659429	0.46543853017606973	-0.30660006533908335	-0.4711783702164663	-0.27120986695528226	0.10048891553383522	0.679125414527264	0.18443508560849034	-1.031420889987673	-0.8575435554977741	1.1109644296955046	-0.3196584995853019	-0.9909567359188922	-0.5544888967893552	-0.14645479678020856	-0.030006534920433123	1.398519740411945	-0.7816699624061165	1.0051320439659706	2.190427496411846	0.45230100718758953	-1.2843294639972727	0.43244365855983946	-0.7075353243827098	0.9750530472692385	-0.9386301044651717	-0.5908367156458864	-0.7214481540042237	-1.024895824597908	-0.09348104164823053	-0.8906643865076155	0.05086027783118458	-0.0024281570422178184	0.17921738895657047	-0.010720683807731442	1.327883765401725	-1.133888495078021	0.7539935464853573	-0.4778751721647665	0.057809286868123935	-0.658308594838806	1.7391270183143746	-0.14150995812056427	0.4035509760159259	0.3920366075286686
DTXSID2032500	9.618699479703764	11.860251289284616	-7.9224312697519	-2.5830297060004694	7.674146143633788	-0.8933844072895303	-0.9692082669769528	-0.5650900347965685	-6.614646387067989	5.117420995281334	-1.6672551715221455	-0.8180549227260974	-0.9519006420430793	3.5120818583373614	2.1991478993332416	-0.49129763979909474	4.883672089749481	-2.5065701690543367	0.6719718391407109	-0.36915827812840896	-0.3229497601051382	0.6238214834520563	1.3220128272491813	2.6897595677934314	-0.727252711654641	1.2961670588005172	-2.86072401811607	2.0769153788183914	1.622809421297598	0.6369201580657622	1.3132960945847483	0.2589709097551624	-0.679516246237717	0.27896493282040835	-0.9042341884787805	1.4813592778613183	-0.4310857293320778	-0.7538807744686424	-0.22522586688650917	-1.0003125480419142	-0.9054194796719259	-0.8995919500361801	-0.5048734739480097	-0.5704995804954874	-0.05063870751174009	-1.0830709571036692	-1.0537984823129176	1.1339997159700193	0.5496583038009215	0.2990387509512581	1.1145244017204718	-0.255683514219762	0.7812986195646939	-1.0871570884475574	-2.6397812437601536	-1.2292416460280384	-2.3078590762011544	-0.976121807793762	-1.2259898157963913	-0.09388069465326412	0.5341790192094	-1.338388881096571	1.290284443795228	0.5645406058821684	1.560177542675399	0.49637693951695816	-0.8458581504057799	-2.1567662263331355	-0.01503464583857671	0.9724167942316273	-1.307769101959214	-0.13628424691198665	1.7792184691399444	2.3738741736042215	2.3145938059999303	-0.5298394705221181	-1.492476871743745	-0.5194960193515112	-0.06505626979454808	-0.8126229012181274	0.3504461337424372	0.25646328078951597	-0.2314099487077306	-1.1091763379541852	0.15912923169620605	0.2194801250205852	0.8003748873965394	-1.2122343535051625	0.25344268589066266	1.6403584595010934	-1.8097243131603595	-0.07505188970038236	-0.41007007042897603	-0.0598311311868107	0.6455702934946587	-0.7725119890237124	-1.773171065096046	-0.5837939184230798	0.10780145537475619	-0.2836693581812971
DTXSID2032558	12.981641276205554	-2.2334138028476302	-2.7497382554956094	-9.523069902636308	6.011356548794447	-0.32536159057676023	4.896253194962391	3.3111456624648916	-0.7949181831076979	-5.327267324377437	1.4936335533335847	2.8753745241388136	3.03802319676406	0.815124468849838	5.137106296617917	0.9583123737361612	-2.4360215946225545	0.290202952758899	-0.7520110886007992	1.6229520557806945	-1.4228202996395802	2.049146832874687	-0.8348377168250043	5.471075803633623	-2.6175672636300096	0.44586136790870556	-1.6764097267984412	1.3488064631915817	-2.590040566985219	-0.7759176267244625	2.4551349342683713	1.8574207340926014	0.8010923040571581	-0.36081030747327875	-0.12950122592154345	-0.8173502178647948	0.3255866821822417	1.4171280926734207	1.0358764312914124	2.767734600414531	-2.018916564325215	1.5785732616550454	-0.4899141511551233	2.4136391713245757	1.065615193066829	-1.5326501602643945	0.931227237705775	0.006395077560538371	-0.9166359785978306	-1.1361758080474884	0.5637437084480886	1.9305588525356403	0.5275257974171195	1.355546052749749	-1.076468362310139	1.2855572288981016	2.224765009655126	1.9678991960584455	2.0573047237283677	1.0117468073781253	-0.025435851198570125	-0.5323113738249812	-1.09589030707998	-0.7015614654507054	0.9838039711672019	-0.7958074876666081	1.8817068931667449	-0.6650250233373559	-0.852685040188498	-0.8821210788955736	0.34248126218803937	-0.6163718771976295	0.5569068091576447	0.8142149205678278	1.720775778619654	-1.2376097116901577	0.4705486077366751	0.6968489380624731	-1.4994459070735473	0.540477479173783	0.7418787960313302	-0.9786032326541209	2.535482505470742	-0.2685489923944785	1.2352793291121693	0.5006338292831651	0.9681988614013857	-0.5679252683689026	-0.7376178639323121	-1.7721997849188833	-0.7685955469105413	0.56321126835608	0.08859365711355263	-0.6263469023067367	-0.6316650528712296	0.297006176106992	-2.1055196283427136	-0.14916254574540316	-1.2709483435210795	0.9635849983901071
DTXSID2034465	-1.5363313629930766	8.778778710799656	-15.05945727664503	8.773096156519959	5.372108732582998	-6.672289811543294	-1.879033001798053	-3.3102357243837774	4.720950817841178	2.4796380219064007	-4.6197584562332965	0.5122197170972003	-1.1508417531849238	-2.19008312494756	-1.9382141799101689	-0.12099592886174881	-0.8086891109965261	-3.8251675951525757	-2.5310193599946076	0.008974130927120908	-2.9518796882344143	-0.6575005683947115	1.2360621909862037	0.7463693049625684	-1.7617489387746181	1.774115725772137	-0.5948931192699444	1.3471994022414864	-0.48504911514356486	-0.05896208084349029	-0.14559708992397266	0.4655170090199168	1.8153724839770624	-0.5803909792187079	-1.5003069311131236	0.26186957783234943	-0.8116152303992165	0.9173396838367294	2.855822934242361	0.6483391057754783	0.1793747520756737	-1.8007802008228109	-0.5745320552672575	-1.1308991118940286	0.2706501060338024	1.33661746391737	-0.5411086414077838	-0.9360231714125667	-0.583276265141436	0.07095775576122557	-1.039822303639016	-1.426134773540031	-1.1550311669553077	-1.2891994318875255	-0.7905231281280918	-2.143269053088426	-0.022758595859031054	2.747929316894533	0.013151003841240672	-1.5726230040176197	2.1934723399587006	-1.2254725866788378	-1.909289770242889	-0.34673905851947134	-0.01017697146236638	-0.9975092821867034	0.2575226725719819	-1.1236500944995689	0.7820453774002775	0.38023989704590894	0.1722702215037658	0.879561938179724	-0.8314480248775246	0.566396000526383	-1.1095013979068034	1.1373082011354714	-0.6265174559808943	-0.6840066580851474	-0.48932133856836746	0.31285428139638305	-1.0237716370055137	1.2482551241713788	0.5316673253851678	-1.5052269280365262	-0.22004141762240106	0.6461486739245129	1.0072748204927375	1.5418097240627655	-1.1048516193007982	-0.7657654220371912	0.6934810759365636	0.05060672065893851	0.46618038603165773	-1.1429248030958736	1.236050028377219	0.7096990108643635	0.20671854541924198	2.000565146916696	2.3338214625879266	0.161978024591949
DTXSID2036299	-15.524266611196886	-16.141570140879054	-4.859848865552324	-9.639766240112284	3.911968537983838	5.035776758983319	-4.530154274611088	-0.46645388343662564	-1.2801489854491928	2.240538954583151	-3.6865572594282647	-3.1699590951685908	-0.2609776712293072	1.4534501401954931	-1.4786543420212495	-3.941625554494603	-0.6738110593793373	1.3411392701601779	-0.6475970987279204	0.21037785554180832	0.9926025985516934	0.19636188812353847	-1.2642134840927415	-1.2844543697198065	-1.4779320156926734	1.6550314649643159	0.9767265270563016	-0.720640446121883	-1.3252921683313141	-0.7606602355076584	0.354614739049918	0.7087980396126909	-1.369531461055547	-0.9591149798546721	2.003846957533727	-1.4745461675274059	1.0409445130334498	-1.0362147968558737	-0.6851413794931613	-1.3460658445369522	-0.3474615709365635	-0.03795826454147009	0.09533525642182543	-0.6356755167469573	0.790496575448732	0.730030604411384	-0.06457155760755422	-0.3218737168558322	-0.8043967014669154	0.2901077137192662	-0.20928574459472832	-0.10107874624590635	-0.722701620742564	-0.1721046884790213	-0.319304603373635	-0.7520479287243076	-0.8435125025314093	0.31158348318361234	0.47973605023327687	-0.5176784174963188	1.2587546768755336	-0.33177583335619615	-0.1731678913961185	0.939987727810693	-0.18081029287796208	0.08783888706117414	1.0763375844017773	0.781090959879068	1.115075985759719	0.10483712338679936	-0.00011679738840376052	0.24178956238741844	-1.4730005220767346	-0.839057601609211	0.9224191098769254	0.9551701835488288	0.3602575710659683	-0.05067931124001713	0.21672903840084914	0.008254242694238339	-0.4410816961540702	0.7061486593038507	-0.2221219771231303	-0.1111195578746557	0.7814077547428078	-0.4034229730302089	-0.3529082690950039	-1.8701131156614024	0.6068150033155421	0.3333575794549752	-2.969981867521887	-1.3660451144315968	-1.2953744363156678	1.4366043232930503	-0.3222083324559192	0.17589625210241844	-0.19777423183962328	1.3279239021851126	-0.6203599696343004	-0.3147119009292234
DTXSID2036588	-4.7919099714091775	-16.1619597541318	2.5742479810046577	-14.93726347481432	5.585209870595442	3.8137490172710553	2.651687094213579	-2.3482765934212906	-1.0691631442341163	7.593341718985597	-3.8038288323442964	-1.9217222810141803	0.6493394400360769	-2.067804249573204	1.0879124559330604	-3.813202382035006	-2.103338937520334	-2.4771755698198437	1.6469035567950305	0.6021286983351573	1.1059051237177406	-1.4906036353597452	-1.8086997455776888	0.3061768589784535	2.714654161592186	-0.11430196020636225	1.1679861881749634	-1.5084971846766126	0.33102790025243783	-2.005040386737659	-1.3090851640036276	-0.2391727465098762	-3.2507688502614984	-1.6603723909028572	-0.0022448655703251573	-0.9193922315596527	-2.7001170961093317	0.2185995159885941	0.21890194873503482	0.9303595264942435	-2.212717247488089	3.8313790259297225	-1.1037378554803798	-0.12765945343191623	-0.601755896404476	0.41308616223091094	-0.6075654623172356	-0.06456561460656918	-0.1160522998205491	-1.5673645333764281	0.4485581968129411	0.7081584636541725	0.21313434402691095	0.006278708378256784	0.26804273690373076	-0.9405216747018552	0.7617120161895538	-0.44244611480600976	1.1592010835718551	-1.1012581125563363	0.7887139685047452	-0.6080583308565963	0.7190738600787695	0.5691240660065318	-0.37320043317603996	-0.7687834389473658	-0.09300717887410963	0.8723537806097644	0.03564802492900733	0.485875380699142	0.4639938249079637	0.7179974334149781	-0.08077910495622175	-0.5827693320483086	-1.6472743589904322	1.0717362252091471	-0.041599589791780016	-0.518978081290561	-0.17093791215704532	-0.14044967015927654	-0.2388399214727505	-1.1463986924353327	1.07675989650525	-0.23206374683096598	2.043835035006612	-0.3618452751941301	0.5557810501971596	-0.7645552730542365	0.38962191309819616	-0.36070918723770645	-0.5203361402475701	0.8772126636486458	0.5309655289758205	-1.146381990987266	-0.4083998033886236	0.39855424064901385	-0.007482164727740077	0.8560374755707005	-0.04544537671147288	-0.567705447184192
DTXSID2041252	0.1988927162044082	10.422007257926419	7.849048555316929	-4.519848850651277	-5.510476832510228	-7.39759875280248	4.554889114897237	0.9756450593410619	3.203729084474037	-1.4176814670866782	-2.3237295550214814	-1.0108506769474237	7.092770232559852	-2.2928159286239684	-0.7729144452398309	-4.988965804826876	5.9903243524422685	-0.21022483122478164	-1.9761756008134088	-0.3912768904323466	2.898612336231695	2.663340087582737	-0.9768182935970322	-2.0093868843206146	-2.0782701507381325	-0.5554335291455722	-0.6020424240749216	0.08778925513177005	0.33424749302745654	1.2369588559483766	2.7775725156568907	-2.4996530091988194	-1.8507768195437737	-1.570531094949908	0.3423318777117752	-0.04464360870319539	1.0267196616067666	-1.9790449359709699	-0.7499643059648583	-0.7799499223741874	1.135529463667995	1.5781479521331991	-1.6742879814486067	0.109183485434253	-1.6958052519624598	0.7418800091118238	2.3079961437001435	0.1543054652089521	-0.36061122507738547	-0.5694162635123017	-0.4839805413616819	1.9898033339165175	1.767486145844676	1.617966325799581	-0.3925190090673811	1.1890962565817926	-2.294710800300045	0.961919252346547	-1.9985812107812087	-1.5547791856969	0.8204383024656193	-0.3746270581021917	1.0124152968922246	-0.4437477862421754	1.1424808265616857	-1.1634538430432073	-0.03770982564892493	-1.2143280814279795	-0.4793744061916735	-0.4011266392870228	-0.19216099080768176	-0.7902233550365187	-1.4108330387001375	-0.26846982906426115	0.26687990162423897	1.1875286023340434	-1.18580374774024	-0.6172398462678425	0.13936448187209585	0.49833263816056056	-0.8783114750947382	0.33637315579682914	0.3265012208425213	-0.41088013044430155	0.09172106580341209	1.0709581326983952	-0.9451838545961674	-0.017949589436789808	-0.04879151433526031	-1.1736481346620364	1.1119863919035762	1.1218370031519278	0.28025084389935306	-0.13913360986584214	-0.2751169520831932	-0.053348280099086064	-0.7210456144445713	0.10079502985239812	1.3326129086136675	0.9096492813399661
DTXSID2041389	-13.73150080309297	1.470843166405138	1.5998874692168656	-9.152847535913338	0.5697243784851534	-8.810427610872113	2.1900893127760543	7.880277558480254	-5.150951771928419	-3.4727235132130057	-0.160223666219692	-1.1196424011505743	0.26840391207299863	-1.2251934652860303	0.29106210763173734	-1.6168336098826641	1.6039038427488879	1.695469062148305	-0.2569593631634305	-3.8390144374457433	-0.6890430936502525	0.7803323607669755	-1.2525299475004799	3.2230278895242233	2.7748155906581586	0.3521736592973473	0.7976757457492838	-0.010604683876908884	-0.5605825038005656	0.8416330695301157	-0.013503501136287423	-0.9802989797117885	-2.182147684658224	-1.8668817091468042	-0.5669298003911217	1.1377948549939192	0.3523628760841879	0.7519024545905685	-1.0680319329305243	-1.7698431483624724	0.22497729066198	0.2972535096256229	0.41318536387650134	-0.39205009117909734	0.8562649748348886	2.2982676736411003	0.2456956865863439	-0.08572516119462327	-1.3387504263794172	0.465186706137507	-1.5046247231598342	1.1605825471974742	-0.6450993295781438	-2.5925932303330907	0.33306809166850304	1.2199512353937572	-0.5000360576966805	-0.5616534964117302	0.31666221749073126	0.04011148140300838	0.40401732951947167	1.9548459260559607	0.1710881585600968	2.8223128143558975	0.47207099878570874	1.8340284966490312	1.797033511644694	0.17738485628143344	-1.4044810738276312	0.5947957932957785	-0.38530147606156295	1.8775200200583164	-2.5133617379842272	-1.566817688163005	1.1487595010946665	-1.8541855748793554	1.291710712890824	1.049057231792664	0.27019145084193347	0.46156371700713933	-1.8850946382520435	0.9467038335088401	0.6334760286361809	0.7329484547663667	-1.2792624806721604	-0.14631624065393287	0.7035519790784436	-0.09873075098835855	1.8440480490295075	-0.7958993665940901	-0.06802889422521372	1.147661336625192	1.8862914775957627	-0.17115254695014695	-0.29351211077655814	0.8760635937419134	-0.532964832196213	-1.2182474802190215	-0.052334267860016916	-2.080285322350041
DTXSID2047270	20.404127218436543	4.627489156944025	7.283350373495804	-1.98119061496593	0.7546590548879122	2.9273959110605974	-4.122907655889408	-0.5662328591281227	-0.29128942276797015	-1.1677358123946329	0.22431375436670317	2.4581605797779185	2.2616994093441063	-0.4720469629252853	-0.5639949026293105	-2.2501018138150437	-2.557861306077604	1.7953306637969888	-1.061473104321644	-0.08369349273018645	-1.6732303223797096	-1.323945849527862	3.5707311586667307	-0.48300321924480843	3.06377036489068	0.1131475041055348	-0.3282838320106826	-0.6633340480538653	1.0348514956864712	1.426750098348709	-2.7623777950074317	0.4274937515442077	0.011196834389577434	1.9706370728325469	0.19552319887841185	0.594703990039341	0.853271342438076	0.6948349743073532	-0.8393395149345418	1.5036919147807717	0.991884916923676	0.9632084199307906	0.6606902404624442	-1.5170893624304287	-1.7495535523806107	0.2545988705108273	0.9573249301202551	1.499783494586761	-0.5180839733443703	-2.3770601083924645	-0.011179665693912608	0.6428235048954046	-0.8549458211717824	1.140564956823123	-2.918203343134114	-1.291568025944911	-0.889353351950701	-0.5711819245017518	-1.0123342970023395	0.4958170634349409	0.9385346611171729	1.4598241913389092	1.3593416955957478	0.6031719638573502	-1.3089049102571182	-1.5294713274542544	0.6212784869564473	-0.0001855413850400914	-0.4213108953647119	-0.10899913110394073	0.4754989096407562	-0.8938278012964568	0.8113962895666981	-1.2403419668859972	-0.6367479132244724	0.29873506680237205	-0.27923364393830213	-0.2338268017615989	-0.7588882062009832	-1.0385454776822192	-0.27397133510339994	0.7723436924039591	0.40164818623567067	-0.29219367652224876	-0.2157406899496541	-1.498037640235154	-0.06597646574115172	0.14996632458119932	-0.2771200174237503	0.4245010778809562	-0.27044747449638973	0.9199332258325748	1.323796533816283	0.5884355588983301	-1.134780861718452	-0.021756537503559763	-0.13163891104352585	-0.2971229039610924	-0.16266513341666558	-0.670245590196501
DTXSID2047303	19.558167134336834	2.5606401870148785	6.272565413117121	4.055511542014942	-2.693044170101773	2.557356334861487	-1.4462462940930894	-0.8504299267433465	0.8372266225460645	-2.965932480936973	-1.263801335160694	0.9998388381644663	-0.3056596719189831	-0.4981350417220999	0.3358783105405336	-2.19135502756471	0.7489239962866518	1.0644991157262613	1.9598750709125996	-4.345758503948483	-1.2574473863301545	-1.0476132892153187	2.447068759950053	-0.6091892721109979	-1.2382256703388599	5.6313921304144685	0.8982663791017916	2.8904058416435223	-0.0025378863193842274	-0.7723071251805909	0.1662190359742812	3.540142491882504	-0.3157458784072184	-0.9374226209832447	-1.2921913821289743	-2.012670421332359	-0.3538305820761977	-0.9262927326370975	2.040622444809388	1.9861430613375162	-0.6859544594318746	0.1662340692823941	4.73469069032336	-0.31637147215732936	-2.124767442670115	-1.522173203895926	1.0602948676398825	1.1985349569421029	-1.3572526358393953	-1.7659820125388177	-2.058665398400314	0.20932820975863592	0.2267095156813037	1.7449207146343169	0.5452826185769218	-0.1099744509278769	0.7205666619152095	-0.490544831980309	-1.3942671342404886	-1.4101300817899876	0.3273890708126246	1.4453363923378801	-0.9827927238525326	0.19584561809875517	-0.45323478151469526	-1.3108907022961687	1.8609671127272218	1.0517747471831342	0.9566588570154662	0.8648614547519916	0.4734349627571055	0.5781706018888392	-1.3213484749775286	0.19795635605247067	0.6027491687579033	-2.1949647289181664	-0.7409807906044746	-0.2965560118363025	0.519928510154261	0.556186905649171	0.7323874241742567	-0.4432936908939736	-1.3106852385020784	-1.6189298059260138	-1.7233137397428226	-0.16982280773051445	-1.1080180847914367	-2.0751313618955756	1.1392646044594033	2.129597104287563	-1.323648207567902	1.2511089497276255	-0.5183453938775636	1.2279295527480834	0.14950699776335902	-0.3057195785623081	-0.6441457516242635	0.09609218657572972	0.8344649839255939	0.34535384829857513
DTXSID2047309	10.370202938802674	6.626400715848277	6.268277473027519	-8.431215493820812	-6.980767916595718	0.38922746230445593	1.3105372616057105	2.7464231418449634	1.5889142749523335	0.467057411993734	-3.875461841106614	-1.4720101181984842	1.5888861386945579	1.867238251702001	1.2514943917786863	1.7047381290429156	-1.0868537503255755	-0.9194519015351998	-0.9143722845433384	-1.0275927171869284	-1.0020551962130209	-1.4852802960809819	-1.7696031263301837	2.268158556099112	-0.656842560953599	-6.760157986060513	1.8753593327591471	0.6863945585708566	1.671681809326605	1.8309781766892188	-2.1165813320184395	-3.000126676685035	-0.3497981353767657	-0.4070907268569825	-2.2213172913600827	-0.6618757144276338	-0.22157808398581977	-0.6446045521000752	3.303542176426032	1.7191068924669144	1.7774461231356893	0.9446461026067126	0.5459434796028888	0.4325295247901666	-1.4591155415893367	-0.22030253282805087	1.2096162974478712	-0.5562304594982018	0.5078194556932291	1.064435195851471	-1.8164216298634746	0.4367629795095708	-1.2094662767554647	-0.15513725280299678	-0.5160074229277191	-0.12304307651641809	-0.9340945950999858	1.1808682328227051	-0.9770626323910859	-0.6438989224666227	-1.2585398119276974	-0.1484941772913548	-1.449383640973587	1.600988952548005	-0.10555133619599995	-0.7896811994873447	0.3652371371315476	0.10385294288956055	0.7014992494281078	0.7555184387720729	3.248810632759344	-1.9153606990078196	3.217355277394996	0.6269167083701052	1.5499773293212467	-0.5489895209282176	-2.027913877596563	-1.199631568762361	0.16546443609940398	0.924607406317215	0.0991588865218855	0.961525016701088	0.44650815814504163	-0.09967554627212398	0.06966412354557393	0.927963332322425	-0.011759664348239211	-0.523476957564859	-0.5174721662336553	0.4598412131789001	-0.28465282936641956	-0.42865873983319075	1.5891862375114492	-0.471774808324479	-0.25381199935378035	1.3356427823550887	1.6198441834372825	-0.11865346071703527	-1.344391764561674	1.734327210138574
DTXSID2047359	11.895996919004459	8.647331011151767	6.238146821823717	-6.1010876019385805	2.248812741690913	0.6138398304494574	4.487551527228046	1.8814641683321023	1.1531918068346576	-3.2963776218907395	2.3025199437395036	0.8248214011090957	0.013336775929234084	2.3411567510897124	-0.9967482898366623	-5.594428556571323	-3.097229639970159	1.232558615215843	3.6032890696916757	0.7946110867850287	2.350901140114022	0.3171419552621016	2.2197899059902833	1.9970633347147002	-0.6377949558292044	-0.8895326835350409	1.9895823892549909	-1.114135376967179	-1.1381776919726143	-1.015545070500315	1.0499605811815491	-0.08886650510042375	0.09533634398174674	-1.8915568002592322	-0.7171543106674049	1.4225183429575659	1.9486742153717596	-0.3844582527426675	2.182958961682168	0.05096015221536087	-0.26608570426389105	2.4914434351944017	1.1592324187571343	1.5504405971152915	-1.3183519625115294	-1.0899691616111946	-1.2352702315447948	1.2506340659946698	0.12098992616011546	-0.6864499256387233	0.923542215954042	0.48877751524243634	-0.16921587079750344	0.0733140957717329	-0.8787223123561916	0.865209462050595	-0.3087743776200568	-1.6661728463695886	-2.6440250692719487	1.3488197153821515	-1.6761600647635215	-0.9178929768263742	1.1362192983185244	0.312078061792395	-1.8932122970270757	-0.8876285395098663	-1.8977423416191745	1.0428405319228364	-1.5192536204396017	-0.9620482392310108	-0.7724435865263355	2.456616464043992	2.1329906189370007	0.5708346745407656	0.8994036636344116	1.7961293638127531	0.24144526576094233	0.2830140109140248	0.4841071320130168	0.807647761668155	1.9994028455043953	-1.8158448494283121	2.2230033902064625	0.49941346863635644	0.11762998959334324	0.5344791447488755	-0.6283084506113682	2.2814164705188356	-1.8114389398465156	0.22649711232556805	1.9826942049308736	-0.8489758969018976	-0.9159505455223568	1.056832178872429	2.4176751762387925	-2.1063626700806193	0.04318296305290195	1.7235364548412098	-0.03589105701203952	0.8718551403808118
DTXSID2047355	23.110141707069097	3.340133577700228	7.743762156458999	-1.4777131358718227	0.25149773021294713	2.7525025924653064	-7.420492959749726	2.533659726844884	-1.3106267494834243	-0.19145686621771515	2.4683065945712466	-0.2419402239176609	1.8192606223638785	-0.12891265407066976	-2.939814766142931	-0.34462490331207424	-0.15955364343093636	0.3299323127447767	-0.6388260884220002	1.6011345331505167	-1.204650665056172	-1.0218020832955466	0.6579105652773619	0.05505637501626109	-0.33296325192759824	-0.9871212841205882	-0.22992906605486682	-0.1959507846386333	1.0659536701321612	1.3531776744210886	-0.546637098683082	0.11803198318536429	0.5596432375558389	0.45246203121660217	1.0316909715623443	0.6531057450965383	-0.04625144287792845	-1.6489536461138652	-1.3599151396475575	-0.06743397524519493	0.06553841821434885	0.8336213998893434	-0.20787328402449592	1.4876358538553391	0.13269680189438	1.9969404883188056	2.4537314734558127	-0.14799270831416503	0.8657327654733368	1.0361988748185083	0.8541510196815397	0.6242989302203495	-0.12865417624002823	-0.32132019647689186	-1.0347086226745992	0.4526607436023846	0.4191110394726152	-0.2366261727193007	0.7726312556334916	0.39318330839834753	0.1801464747492702	0.7818320340668619	1.366676832686181	-1.5416188212567608	1.279420109043316	0.11608819988544881	0.6629441896919931	1.4211655108061154	-1.337321516889613	1.751916391922332	-1.3532509571240463	-0.31476321188589773	0.7668013147642743	-1.1921194250586873	-0.1221999647884809	-1.2412002293833397	1.2994543590427856	-0.4019535321329943	0.3016487013440905	-0.035379283159224485	1.5098249884983248	0.08665954850951071	0.754819013783151	-0.3631557498491611	1.0598740521517818	-1.107476321732219	0.4414013520707008	0.333435804811888	-0.8277051530142926	-0.7019744163426259	0.8666960090521854	0.3728459277826876	1.6138921001100313	-0.07469834389192323	1.2577459797106827	-0.3977260365796467	-0.829722237890836	0.6712701968428104	0.8993494093439603	-0.17692384346379497
DTXSID2051687	-6.976973126060235	9.279598115150062	6.717714844984203	-6.23122825723598	9.203040249731638	-5.189626370087948	5.816749761590522	-0.44113891393417975	-4.066898119561828	-3.0866704063290626	3.456110232423189	-0.9932612695756163	0.16846498961465353	0.20423481141575067	-1.4153968915356934	-2.5828515727525554	0.14054903313830805	2.1009254063986367	1.1039134826317392	-1.8225168191941097	-4.626678065636801	-0.24595504076815466	1.1315040150087932	-2.4837109456698356	1.6170576602014735	2.5154256985658066	0.736721661476681	-3.8062884192407704	2.3607528038768555	-1.2786575053360905	0.8499508424746747	1.652586864893483	3.167123633225608	0.3858126453096503	-1.262253182951811	2.576217769585898	-0.1645886371102131	-0.8806792538917059	-1.4033940394469036	-0.011734841065117747	0.40437914806963965	-1.8079885217235203	-0.3141261273396326	-0.5228526146830983	0.9417524636196855	-0.5254839083606527	1.8211788285466106	0.7476053585473205	-0.4005162121788631	-1.496585264690261	-0.9782763636374228	-0.37616095025909735	-2.0254156856668724	-0.028626176998047616	1.819715098334137	-2.1622202041827814	0.9535950143150335	1.4312503995306338	1.3551476732670196	1.2568936323014381	0.6039403897238393	0.36233837509814437	-1.5857505156547327	1.7693998063629546	1.3478911920944208	0.9603236916828273	-0.9504597669016508	0.08137565490478006	1.4931544393759029	-1.5163959989573146	-1.5892770845553028	-0.5358111415750083	0.9642156438084044	0.7475293152080149	0.5613366923940063	0.23388271972886132	0.9477405497347624	-0.8917754933585813	-0.13684829964811882	-0.8080224073175869	-0.7460644336759066	-0.2753160777915215	-0.547789025921674	-0.2988804180134262	0.09342513008573886	0.3789344454703653	0.8636976353547392	-1.365104850662307	-1.7744233388921948	-2.2180731477420004	-0.4554760187774384	-0.17131995779618198	0.3194049679757339	0.12693356456266439	0.27673204245097616	0.011324395455456679	1.003634196402773	0.5196072499304246	0.4932874037541851	1.1316131014297983
DTXSID3020093	-21.623675163446634	1.303821642250266	-2.2438125179321156	6.660928573989462	1.282126733440275	2.506924836314173	-3.2927508404364616	-2.5806292252470975	-1.495897498228447	-2.9945192674153294	3.400091142484342	0.05358210746301061	3.999289792624646	-0.6534042187482849	2.4906575958487025	-0.12336812885872384	-0.4636215683852125	-0.5229612990620897	1.5861209778385665	-0.44858882557469293	0.3980874442692223	0.2039185000362015	-0.788434614689405	-0.36865084116605473	0.9785732514236347	-1.684586041858624	-0.5902316758806949	1.485435841446874	-0.6519009648405155	0.4199225696463955	0.6669990151709091	-0.5772295544284705	-0.9239185102678442	0.6127806587292564	0.008370761187849633	-0.020710216243710947	-0.30075110402880084	2.2613099901624896	-0.21869401386928983	0.4813399813159498	-0.989664151991251	-0.9613254557103139	-0.11691673744977416	-1.2285669970345374	1.0287606762166899	1.279681800672544	0.7142356705627299	0.4964609662915459	0.7144341323712295	0.12250992884116277	0.6805712949042271	-0.3551424360172129	1.4204839790840642	-0.642733000123623	0.10240018423061692	-0.21245886926628052	0.48247705400804114	-0.20782368811605909	-0.6759304124187082	1.6681693469559968	-0.5644386635143459	-0.06518012682373871	-1.0423837683729829	-0.16885652209150298	-0.3140677344608214	-1.1271120886829478	-0.7957890565505747	0.11628175765076436	0.6253232020966929	0.18628269537254794	-0.7397702957034562	-0.12648986851286922	-1.184165646458475	-0.35152543837975414	0.683926854453845	-0.07892319077367872	-0.8031846529073641	-1.0318780792230227	0.8078769876186397	-0.8309825516351048	0.17964541508585896	-0.3273954458134913	0.6493524677112148	0.6186299251036984	1.4182071273317838	-0.20916231012246903	0.039334856921333254	-1.088859665319999	1.0470710165658412	0.6614811101079293	0.777030901406258	-1.1961746865763976	0.06582373505178649	-0.06274918122511622	1.7664410186661912	-1.4379458437620767	0.7875880786272469	-1.0588309885783602	0.5133321870575301	0.2681869313052591
DTXSID3020122	9.358540351264525	6.352420890438315	-13.496888437897582	-2.7502334649806084	1.0858262491073292	-3.680801270156916	1.0169409820974247	4.366276948859705	3.6462131631455312	4.622330399148513	3.329621078586718	6.563237813429029	-2.608551870940465	4.61109778620133	2.1648732133600888	-0.6172490556206828	-0.358284090202035	-0.17752379984530353	-2.895115778710955	3.5698275931367376	-1.7469055738710972	1.7903508598891225	-2.2439843571869007	-0.6567067642394704	0.6844225793235613	-0.981762557497399	1.3504940054473156	-1.8241718331216887	1.5870421703398425	-0.525126465151234	-0.8810215747257604	-0.5773191150399553	-1.2997427900171006	0.6629863989593079	-2.8231289302897933	-0.5981406299054134	2.3390151734149724	1.0199135874133642	-2.017348161011177	-1.5077453585675928	1.2309737875216307	1.4257108295735716	2.078813723298879	-1.4621839784160604	-1.170880475467269	0.34908009987778876	1.134302237465748	1.1196523542951138	-1.5490803159108193	2.5201479786983207	0.5122988491080851	0.6007823952017123	0.7054698450452243	0.766066907668922	1.4863419956283785	0.14317231783941867	0.5457975508318661	0.7471360254659666	-0.7227518483600474	0.6572085431682659	-1.066115895416857	0.11189949960786676	0.056292907078881314	-0.30663353570547874	-0.9162210291083901	0.20464095581592576	0.15922015996384	1.0572959388855612	0.0816116020680472	1.3158582854903735	0.9489875741194294	0.014255890380521184	-1.2871419821549352	0.09192700973455967	0.1837882552957151	-0.6795768375244771	0.45497953246948886	-0.896728442083756	-0.8312927193450752	0.1433192962039436	2.0034080938870753	-0.13718244433359114	-0.8155388627828313	-1.0236644876134025	0.2741999847179314	1.9250210970344064	-1.0703623514408809	1.0557308195462292	-0.34216054858474493	0.2767702325593122	-0.7774129093247149	-0.002586939906423171	-0.11891586359528526	1.06594775050823	0.4439436210017738	0.6549399319952417	-0.09817008100427269	-0.06221206962592142	0.5023367005874633	-1.155287832587268
DTXSID3020209	-8.015820872585298	-4.741451409477142	-1.556379647839749	-11.358072529316306	-13.740718318255917	-7.028085435536692	0.07422706373004999	-4.170074884462414	-4.047711777492194	1.6208668673790116	-1.3677730846735205	-0.09322058988344419	2.5566884515445647	-0.15535854704442728	-0.06363551283217837	3.2172636057214907	-2.3569038847301806	-1.7750837915864772	0.4664102240535564	-2.1480693054560414	1.5242564053949836	-0.7355655285619994	1.8860755259394897	-0.9558039055827908	-0.04965979737212452	0.7017513859640753	-3.347985965189516	-1.1862260882161653	3.2300806953358734	-0.7044907253747332	1.3114093633728927	-1.4696316677910304	-0.9912539782029608	1.8897488692080397	1.2273786151688004	-1.0607198785938876	-1.4473356852386623	-0.559950859812945	-0.6904911169498255	-0.8942034144823442	0.8032869317921921	-0.12286018160090392	0.736137919270051	-0.8656465248068672	-0.6205929566624886	-0.4543540667146932	1.7552024902658832	1.8186132731434435	0.21985003440802292	-0.7835315293778008	-0.6797350225217157	1.352362970771794	-0.5909794709611361	0.6586829364813143	-0.04931193682197585	0.656457905591284	-0.7493639394967999	0.5636221085755259	1.0476427818665581	0.3711645624636074	0.9196505128385254	-0.21863157346959605	2.698627439966642	-0.4219253897648876	-0.39783471598775233	0.45119758235962937	0.6245378388460888	1.2129497032407057	0.9959438538973118	-0.7233948939747381	0.33724424099780853	-1.7283606956175421	-0.38947719793220736	0.49328644696421764	0.39377750185803345	2.414237245663127	0.1715335812786945	0.6377224603821581	-1.1460965724362056	2.163934179611787	0.5862572119347416	-1.480104288790336	0.22871150895392087	0.20754148918954815	-1.1025721452914947	-0.19458571724100857	-1.1123496615103783	0.9091084010707384	-0.4408384293121671	0.7943643103541262	-0.9708530263327368	0.09165628355887484	-0.39820396216407117	1.688392102610169	1.0549656729142793	0.6388048365992023	0.1324573857560102	-1.486423296505118	0.34848857312991227	-0.1509688186428173
DTXSID3020625	17.94071148341699	-20.074764599777097	4.857220585192586	12.265179734212325	0.771452125542317	-2.8870690097054856	2.3070881309859828	2.6415126899401082	-0.538459837866143	1.2795613875440461	2.552819624671903	-1.8773019658215375	0.915496246150873	-1.6562452993237446	0.5940326357579001	0.31068123917524965	0.2693315033165711	0.7527432002939499	0.8688843327442974	-0.7452505199963192	-0.3395724776817811	-0.5151570863432019	1.1357648035697843	-0.23101917844545033	0.2677758949739508	1.085179744231471	1.106168548157644	-0.06837743498033261	-0.5161223114124514	1.0831663315378117	0.35750430746290784	-1.339167933727132	-0.2919245316990161	0.10298247193807862	0.13379966104503993	1.2107878419771505	0.18807868777095849	0.40754199875088065	0.7152222218606176	0.03487886156578772	0.04419430355439002	0.4388886102430005	-0.7899216841399026	-0.24899167275599027	0.7872109615101249	0.9782001306238711	0.2689237173331646	-0.45191434257227314	0.6339279398956741	-0.5102202629396614	-0.808496991091678	-1.2772783521294802	-2.0815654588123946	-1.7384802255277734	-0.3423508911065801	-1.0491134748795958	0.6768760925465603	1.4764505317267158	1.8156356127540698	-0.13293259912720115	-0.17014365041953797	0.7509154064512498	0.7261698836547243	-0.9200726135863352	-0.581251927520159	-0.5249501749567671	-2.2635253691557673	0.3810674710074848	-0.27073518390254064	0.10947477541643592	-1.3071544161657043	-0.972527032267257	-1.1098106003390102	-0.6346674400904238	-0.867812749010302	-1.2120474192820114	-1.2908559181924488	-0.1416297163553752	0.34601788912462633	-0.7721422120988759	1.4559992955746761	-1.130654803335371	0.5434042575049018	-1.2257539871153549	-0.3751802633213906	0.5276932854160246	-0.5746483943523587	-0.20141487489104304	0.37487088535831103	-0.7021617693963597	0.9740753654705623	-1.1981427182264703	0.42113343037028067	-0.8875276297703651	-1.1158456017995557	-1.934797051896438	-0.30984117330495825	-0.02641217701181772	-0.05171899853953125	0.5993755662212391
DTXSID3020881	-8.362163231540693	-4.47533619655085	-6.715045856666259	-9.317693229991555	-5.1961974030554	-5.4655208756862415	0.8902684225103683	1.3926228598208614	-2.844427366895285	-3.7134575049672964	-3.715528727836663	0.8979237529526058	2.246693250290253	1.6095901406548445	-1.1569118258574709	1.7124263523305936	2.9294221736250154	0.7793116379354571	-4.831717351321415	1.1833381378172385	-3.513803481451079	1.2128956763189809	-3.300323925575115	4.100430001979269	1.8252640447363175	2.042497816789872	-1.6227319033710335	-1.4028920552851316	1.7451508989357993	1.402039004206688	-1.029354353177405	3.8551990981374455	-3.1922496118482506	0.6574955666218122	-0.7438798663340852	1.5244797497215372	3.227466236663324	-0.8136156829018648	-1.1681952571948546	-0.16347970935440007	-0.8992934921648491	0.8298697445790967	0.8181208820133962	-1.8048939377605586	2.797717834941629	-2.5337227313546324	-3.574281862230019	-2.20817906850753	1.0250791303063305	0.08534981237521759	-0.59001498099714	1.3783594468279068	1.3807821826832718	-2.319659180062031	-0.26019160238133354	-0.9371593327258554	0.6165954743218499	-2.1536720649179566	-2.5651889402152603	-0.7232048125404601	-0.5909250194854837	1.249677058575352	-1.673355388278287	-1.250642368426866	-1.6391069161274217	2.3682976888990703	-0.027040662625278083	2.9172520130837407	3.004199825397434	-1.5707929960911473	1.9245510591530355	-0.40734861282323886	-0.23983185328576603	-0.6631824985817264	-0.6049610057619823	0.15248847150404043	0.31460616344314396	-1.1979630030197168	-1.1571828877388695	0.5836853677301332	-1.4371784187553367	-1.679013976745078	-0.9363007773952763	-1.222756273596307	-1.007269882631121	-0.886162561548164	0.35647099865342774	1.4873199091714926	1.8739300587843668	-0.1875129786680276	-0.32898287635781287	-0.7336471442853635	0.28990919620314426	0.8608149858114538	0.8293648559335207	-0.7510077891401317	-0.34666797631053137	1.268900798643811	-0.4470690177189945	0.30789989728303646
DTXSID3020916	-20.454524461721384	3.3918446146257173	12.511032296652537	5.140625053284821	-1.2363727535369242	1.82887441959301	-0.12127379149600809	-0.8490276577140224	2.9703998207632107	2.3206613047420115	0.6398604012718796	0.8702621083527498	3.5591293094870204	-2.1217278229814673	3.123447661454475	1.8536917275453968	4.28744248315123	1.0119745416381702	-2.060005234111831	-0.24781274954243604	0.7362120116754463	1.5145996761254683	1.7843577129448707	-0.500797949658013	-1.1210975263135632	0.549222300329029	-1.1317079789860518	0.3486892885956329	-0.8390150939400584	-0.35627018756507944	0.7419023403050233	-1.322827637888793	-1.686022188252609	-0.007961596617657772	-0.18343116847197136	0.2597007343892625	0.08225760125417432	-0.3517012418742007	-0.22547219495816756	0.32475776261010125	0.06895022854470885	0.7267837169634003	0.6790386085775036	1.8585406018432837	-1.6358157056069704	0.65487965670615	-0.2263246401143153	-0.01299833008878581	-0.38885406459052696	-0.48080841909886873	-0.31759582618131105	-1.6080780838382054	1.1512962154747397	-1.6476234407310737	-0.1107524224816322	1.0710006471836113	-2.0832051116700336	1.0403912448065598	0.2582044258630336	1.5208208350873134	-0.9557931590741275	0.07262641657613987	0.3457802675709833	1.275095780974055	-0.21958926184025895	1.5495910396966308	-0.06200205530217305	0.239116595364606	1.5346133884662156	-0.09813441460109466	0.370750081955437	-0.3196740949118895	-0.024801198075346177	-0.8528388546155453	0.5019862353603776	-0.27789941527838213	-1.0449844621695017	0.5480644245828412	-1.989015673127632	0.040606575572856816	0.41183610379441743	-0.34035489586995127	0.9317393943789227	-0.1614543351118672	0.3754076391278211	-1.6340047321591071	-0.8380337803136779	-0.3458016229699311	0.39832334768156497	-0.02961003968379813	-0.22625787081212298	-1.7793015316659018	0.36205058477003604	0.3398034252886403	0.4726474365930321	-0.8738739673108319	-1.2955972168632897	-0.17853096622168207	-0.13900719390655228	-0.12261154593103929
DTXSID3021196	-5.898361980641658	9.430487510573569	-12.068400432316931	8.416722942801748	-6.951810197572826	9.784119172905697	4.081069074082956	2.06079146074369	-0.9825021754830172	0.8029916594983132	2.6953430715941664	-2.4741979893698276	-3.408651328352234	-2.4890381138774833	-2.42175797072468	-0.2891565329952733	-1.298901910059753	-3.0047730535246346	0.45670989021384584	-0.9473514886745502	-1.6537546771477811	1.8173932554899692	0.8707409635888408	-0.032074194877785685	0.044565339524207506	-0.910374079430811	-1.6528021144598308	-0.7361223386479209	-1.0682621387814475	0.042690893471480654	-1.128897984924357	-0.015778725910805647	2.287024164934734	0.6747686722660162	-0.0504732865659705	0.08901473097020884	1.9068433919187628	-0.49033803326177555	0.6780128197840863	-0.7968455681589958	1.502068442433199	-0.8281960152444177	0.5150069088213678	-0.2849783345088921	-1.0573284147763395	-0.4030140697003749	-0.37867105905916393	-0.9979322121005413	-1.7198245324679227	-0.3372024890669669	-1.1836498563621616	-0.4842172201956406	1.7345018936548395	0.14326142179916362	1.4307989560724352	-0.9381392080336504	0.365407545337385	-0.5002502877718122	-0.554371981583084	-0.04909949748215495	-1.029807022982515	0.007566247226130177	0.32148929921926317	-0.5484459273265443	-0.9201581119498604	0.027271008458811734	0.27502194309225636	0.6691724470947596	-1.6365876843123754	-0.4889724560443499	-1.1603768635287945	-0.1907522485123149	-0.019187667706999083	-0.2190022187073041	0.6450026843112909	0.05448997074982255	-0.017533485688800317	1.8465341470833168	0.052493155813605884	0.716647517081293	-1.369694403325097	0.14879639445258305	0.8213518398963329	-1.677783303295119	-0.28426357140763775	0.3539006116245902	-0.5518975884061854	-1.6744126850237302	-1.2764073354025331	0.8513261362287377	-0.09868884008016013	0.24401668881579935	1.5871671629224728	-0.07368876605114769	-0.5167841364365027	-0.0923612334976867	-1.6027202012655062	-0.5910380723571939	0.27433789128474745	-0.3445791564623726
DTXSID3021641	-14.19484251217219	-12.10477261577251	-10.21665527022972	-8.510679412831934	-0.32130894169769825	-1.5331703940373453	-3.505028128768693	-0.08479535901931899	-3.136512858843167	-1.0331953003154242	-2.4651193404849687	-1.0713058230585195	2.8435005639694264	1.003072382881422	-2.656259925869562	0.4664092311367418	1.5367982061528287	-0.2040289155221947	-1.8762886365866462	-4.976229027897791	2.197645573880738	1.680745342435829	-0.04535528400792705	1.635613790275791	0.6173408390196702	-0.44582179922661597	1.8797293849125025	-1.8445190152191824	-1.2890252182227253	1.2831808117203143	-0.2597437517422963	-0.10272970504943701	0.6776190083249677	2.308327334877274	1.3953424281738835	1.5821469448912728	-1.4691691826934694	0.9034145924614693	0.807740705351825	-0.6673065180009675	0.7232826176105318	0.30709021201524617	-1.4291441653932666	0.2394221628709127	-1.0203355174991486	-0.6984790912913672	0.29446111113152146	-0.21091624682748608	-1.822930270677718	-0.044858866705506685	0.06834751962326262	1.7141492056606795	-0.0703861430733795	0.04463470894333877	0.5356829099851378	-0.1465774634723329	-0.05207991177618181	1.2939009675182025	0.8794703791617862	0.7392313756681195	2.376814963909924	-0.35900731244879563	0.1384569996334105	0.7003093644200099	-0.18635740651002325	1.1190210371403226	-0.3657040081820915	0.2419483012258929	0.44754053129234683	1.3868873064087028	-0.9388825331710964	0.9725830333235419	-0.15673345382209578	-1.5023127925650788	-0.39937424002543	1.682374397766514	-0.28150636052553407	-0.562402990845785	0.5723195942432142	-0.17168018412900823	0.6547148612380859	0.3256975805448323	-0.01633390575488672	0.4202051754082435	-0.0609765120571928	-0.3729244293816834	-0.5373919453669603	-0.10812530781299613	-0.32563854539100623	0.22653512231571163	0.7134936243804344	-0.297495536624745	1.1897763342982879	-0.5807370700998675	-0.08162447340199318	-0.2571400724575341	0.47567068594905976	-0.2763805521329421	0.042541152191037206	0.43486400088396365
DTXSID3022405	-2.163545289461641	7.828752960059285	0.981269736233517	-8.057253475326222	-10.338967422153527	-3.9753618116933085	5.080972525593978	-0.0926747961235525	-2.1995559389617916	-2.931509570386334	-0.3893324385839777	-2.379378989441844	1.8279551101904847	-4.117819529725353	1.8276053306161848	-1.780508280638835	-0.48737555921711045	1.7197077609134905	-0.3816896703931887	-1.3484428317861652	-0.2396119072225307	-1.0738872712610754	1.0975298792104775	1.69309335301033	1.476852033134402	-1.137216426871015	-0.5834730636074502	1.3454835556901297	2.2100679978838684	-0.8211676568083357	-0.3301062754053867	-0.8808977250302442	1.6050683251050113	1.3594673975389933	0.10259518859460594	-0.8764089535042492	-1.9080802014909777	0.40188496127324275	0.3787952163288482	1.5074209865391361	-0.37422750739715505	-0.6327729419252048	0.43428952640677276	-1.3665914563690427	0.45094953175974173	2.2549483876686005	-0.76887197447661	-1.6951319850763789	-0.7307230393925653	-1.217577121567896	-0.264363945585163	-2.1559723208072845	1.3128664142727509	0.8198977314387914	-0.7045095785925662	1.251902212859349	-0.9596641222431515	1.0066671766588366	-0.24284047000848302	1.0552753039681717	-0.49911633102962627	-0.3867191276909377	-0.5746678827020241	-0.12200229479548062	1.5630878089028142	-0.31136760717099576	-0.8187833144989997	3.23011438552639	-0.16803816133493435	-0.8459184215738683	0.5731129707199117	-0.04707759767758022	0.0688826987232566	-0.15530433521909967	-1.1852422337700934	-0.1886693329051189	1.0597499292127823	-1.1704049072077432	-0.24485844759799183	-0.3936931612500448	1.0115498877429248	1.064478074758037	0.07877381942074538	-0.27622058611946965	-2.030814869041426	0.4607474919640308	-1.7994784850457268	-2.444124975838238	-0.9195879416120314	1.4528579464400586	0.5349467457682122	-0.25219875446724555	0.19506312325076278	-0.6093367141405346	1.3776919544513408	-2.3725519040214764	1.3774172592319505	0.07232475784321947	-0.6773967090520524	-0.3468468894996317
DTXSID3022409	-1.2838357057931091	10.300523280337302	6.417431791816028	-4.483659246677139	-11.38562608263981	-8.011879086251438	2.0808049603765206	-7.523016861125944	1.2189783582138622	2.245574817503296	3.2648744075099154	1.0206889360092717	-0.5017471135519552	1.1353519662288012	0.6796031802469875	-4.761114820067211	1.0764903617221573	0.8411805987664948	-0.4837861707807186	-2.6778921104653035	-0.9714821368740305	-3.261740925533389	0.44194787108632483	0.48738618221970326	-0.6415491489276698	1.1043992755546455	-2.1055853428470037	-2.28149084654085	-1.8310429092457399	2.2867098611652903	0.4982085863726201	-1.3376678589125004	0.7517546064776574	3.217238226994138	1.7944879139798307	-0.652672480294414	-0.25737649968997517	2.265833839563225	1.9045281655167636	1.1100088805819757	1.0782094229456805	-0.09765282387795798	1.3433226689786228	-0.8221230494115982	0.7554140784283265	-0.5573438627504085	-3.84115725225668	0.274748367833947	1.469945997372386	0.7487878186192812	1.3393639166718372	2.7817582476921032	-0.24602334363037912	1.46289139180554	-0.5403810741307998	0.22707347901788255	0.07634693697817592	-0.6698541616857115	0.07471355171250031	1.937708281588559	0.8350543155399257	-0.7727760821528371	-1.2926436708434756	0.6619942258789813	0.43298608210276457	-1.0260041972688732	1.86584191751545	-0.6369889395706834	-0.9817761102784575	-0.21620716457468764	-0.43420831236922597	0.8727080508172909	-0.8104158462315363	0.6855921476464685	0.537349943763351	-1.8970282672437377	1.6051544915262892	0.5102126454895782	0.11853093612837086	0.19639211825352312	-0.14107087531137114	1.429614612460825	-0.7229909425586926	0.6719674329976517	-1.3946622116819443	0.4640818644261927	-1.121447524665416	0.6922312902053984	-0.14676114774119464	-1.1092296797814045	-0.2995165869376538	-1.0436121879171683	0.2161574520949672	-0.5043599129913533	-0.5355800489624309	1.9448419130756824	0.13531567319295215	-0.4119642690479229	-0.6378019922300187	-0.5695088394141913
DTXSID3023899	7.387376530850389	9.573816135352633	-11.887464274338697	1.4706982435216611	6.433845527584117	-7.721256879906669	-5.681872539470028	-2.0036387834386664	7.242902996180119	3.172093655501223	-5.147816708268618	-5.414645216551272	-1.2659171442341153	0.16903731322834942	2.1251001798285047	1.124471029276683	0.9972451140868174	-0.9813995670644287	0.4825479091450665	1.580850619290173	2.2463320656206323	1.036706824202724	-0.6572857479599012	1.3615696366765764	-1.0363702915574216	1.410862469039182	-0.5303766950967975	-0.0745870367763129	0.37961492720534207	0.48452686435169723	-0.26885012046221374	1.942072428219632	-0.13375835982476156	1.2063479428521284	-0.28096536432011576	2.029267096042508	0.4404688113694073	-2.5587610224544166	-1.6071390544022062	-0.27040301116762416	-1.0615429409767994	-0.4883689059373822	-1.1564442114811144	-0.8453998352883141	-0.8269742753857552	0.08623704584693623	0.20385247874603546	-0.5072649645086036	0.24012953138916582	-0.7828292079466721	-0.9270337439485122	0.48461777129574646	0.6932979406005839	-0.46799268789972853	0.4994416637482565	0.23229961360725804	1.0568380435281577	0.073485435442514	1.7851748458477008	-0.8538314491703409	0.04809937540769817	0.16113334243709415	1.575245952763653	0.37249717124788334	0.5144008489269903	1.0186389418325084	-1.6051011053214486	1.0211279177354262	0.12822919110375697	-1.119213683310836	0.7434183593573185	-0.9536556314438545	0.10803517830975391	0.494986373003237	-0.606026946127733	0.137694522106314	-0.3161780084735206	-0.756586202420973	0.781065235279758	-0.4557889697186555	1.3641431854576702	-0.6070234942619789	-0.20792519031151546	-0.2885155295925919	0.3687347811579001	0.27531770276797085	0.269848218112491	-0.7416168582334179	1.5295433297929162	-0.580192669222278	-0.7418407043891674	0.20240161239629637	-0.45487222212083533	-1.147376250129444	0.4606164513194281	-0.20068681471684638	0.4092495903167569	-0.9864166182660787	0.6039646848284596	-0.2881751794708178
DTXSID3024104	-9.898632747587222	2.1180897072288642	20.964216034067235	-3.4731943012610964	9.405168901794958	-0.09288028302212303	3.4365480619417923	3.9039087021464827	5.387220660101402	0.8419341118054	-0.09891966723233828	-1.258578124038804	-2.4094481391977878	0.7870882767091744	-6.300971739043134	4.881735366991821	-0.7404038251668908	-2.259014104798998	-0.8748672106658707	-0.5591039471439675	1.0251168256699614	0.14921892916367635	0.10803516012194118	0.3257366427818351	0.5553639654125925	-0.29263914976144806	-0.5298560922650747	0.26434956043171604	-2.2392765010900906	0.6352627349042833	2.4802728972032417	-0.29959738639026207	0.5755196272532963	0.6025262372993452	0.10838359607715897	-2.2227731136036635	0.4098861844287036	1.0252819340503605	0.5022146402337002	1.0135569887768983	0.8948757020989963	-0.04155722934434602	0.2852436647529078	0.4014163608569491	1.8771844732915435	0.8938735276418774	-0.8348831603957333	1.6163940323845478	1.2594998191817979	1.1534358286068207	-0.34545275390234026	2.2748173384290613	1.063695179838326	-0.39567695288852905	-1.5086686880752673	1.2654398361656924	1.8327435923572957	-1.22565542276614	0.2207848117541718	-0.43066053876717686	1.9067848738861195	-0.8204678694723196	-0.7943659573330105	-0.6074991072410201	-0.9188381915148964	-0.6439450327283229	0.0682622270100769	1.1420045129337406	1.280519922379925	-0.9078393562337547	-0.8047731211561628	-1.5212018416405435	1.8736028174257522	-0.6819069534123282	-2.117564459784206	-0.6198963620362734	-0.35156004092861964	0.5752759274201936	1.9729124738991473	-0.8872528013790384	1.804179412795611	0.6262668043908548	-0.7205324209003472	-0.09632799930778228	0.31012766851749285	0.2661002957633922	-0.7356312433161251	0.32853614340739434	0.27635671464984585	-0.2609502304036249	-0.5662552098414625	0.3660242133347705	1.6830662002465182	0.7071352492873879	0.4458861685837362	-1.4623806478005505	-0.07699846177516698	-0.9591939386905592	1.1488768169705346	0.7959463201188516
DTXSID3024239	8.61271588592948	11.088233806145052	-10.127532275378744	1.9473606134372115	0.3201029088327593	4.318761229395638	4.299122821802337	0.11070388294313546	-2.0702714887796443	-1.0678941132712378	-0.22180758633896921	-4.151420536931056	-2.7594108191805167	0.21773135075163363	2.63506296876192	1.6918783486751972	-0.5163884869942689	2.5560022605102355	-2.1811457616885717	0.628496714072781	1.0686066796324283	0.9307868929486727	-0.02919201446925863	-2.0193780268890484	-0.1751053884726737	-1.6287001873165616	1.3964086099592683	-0.6083146156874748	-0.7687177290438018	0.27955039132297577	0.5689822171189125	-1.6470992672620728	0.7387768116289639	-0.7321820538339413	0.2022843111668441	-0.33939657243842103	-1.7355566180587694	0.2207157778799774	0.9467362995116132	0.4213863609533001	0.41330493191821216	-0.79403077113517	-1.9950188449872117	-0.6417306179458394	-1.1828525135082406	-0.20406640445330185	0.6663911205574775	0.8209421324180376	2.1541593046419982	1.4316107793915709	-0.15230634524059267	0.8600494943355308	0.22957986502637479	1.028564094096522	1.7099816426662104	1.594372160554472	-0.558152413836858	-0.889805864501386	-0.46700573472566925	-0.8169363355724529	-0.3509708005439954	-0.9711301205621734	1.904495223563073	-0.390243018830887	-1.4948796457314866	1.449311258009905	-1.169034037240623	0.5823164758277676	-0.21362132452729388	1.5363562448141819	-1.7268815335376044	-0.2475738042933613	0.6111365046515913	-0.952614552990406	0.7893447439056128	-0.6872366988403519	-0.33866606491091666	0.44508931508848154	0.3434142341716867	0.1862515760637344	-0.8986004713926495	-0.4859710075537112	-0.9333473430940229	0.05516314396234791	-1.6559640671268965	-0.6156605163454133	-2.8545669914669225	-0.5760953516064092	-1.652148271303722	0.6708965303474294	-0.9300244308560897	-1.130644608246138	-0.3351442082188011	0.1734890466822049	-0.7873064855175044	-0.33914609944658947	1.2510758949257634	0.5130119423287356	-0.2919724303489251	0.08865290535382025
DTXSID3024289	-17.012866940494966	-2.206720019442578	18.360177162106595	-2.4154102746703145	9.374223881726321	-1.1552700095803312	0.5385064781762465	4.415810295974721	2.1067224243940963	2.4150373314353955	-0.637105651832726	0.16201464671400878	-5.294100224375343	-0.8902268746475495	-2.3361711319130603	1.5742132422453086	-0.45544645702555775	-1.3564119720683023	-2.6993630845393763	-1.906229753234669	1.599472660494453	-1.7121430492441236	1.169063630825463	-1.5258026375070894	1.2050830904321508	-0.30448342684777574	-2.4007189062782666	0.22165384829995957	-1.2081748736120774	-1.8921370672322944	-0.4195594199659788	-0.5949782817376909	0.6321059609214256	0.4620024051532721	0.13469780455811353	0.7904418361351331	0.9354292218592983	-0.6549156906864643	-0.5278305739320658	0.0018664468521777046	-0.7260564260549874	-0.7822252414597187	-1.2155533875097513	-0.5264852833696652	0.20610874245477118	0.392628204961206	0.4134957738108618	0.7906955784424735	0.8370354588074466	0.2239527838483443	1.7650439074278912	-1.3200138697777566	0.22338730736341977	0.2351404908315343	-0.7989429139886145	0.8660604540278098	-0.13455184082434712	0.8926069740171676	0.7314716341648707	0.6593858730903729	-0.6788362481625008	-1.6990060073852553	0.4253280618738424	0.08250917483227477	0.5693927309832548	-1.5167456955990064	0.5034421205220975	1.4835228621686714	-0.891680096443732	-2.347665755219287	-0.7535340030099987	0.6121240099062636	0.7311621052349297	-0.0649769456841387	0.09856263453627807	1.609265471967881	-0.7522006971956331	-0.32841345652879966	-0.29942110949762957	-0.8541161112381497	-0.31045524174911915	0.9430947342248318	-1.071449242878144	-0.050897319792643655	0.41426639594960385	0.1711190759727492	1.28544244566423	-1.6040128731710641	-0.17490409140631774	-0.9721129347447507	0.834644585928529	-0.6981892931253942	-0.390791661227433	0.997472964571799	-2.01187535235809	-0.9721944851076851	-0.19483072961107908	-0.037523253570103735	-1.6977265873535368	0.6152387942905685
DTXSID3024364	-22.760934359188596	-2.7397841306384807	6.809655897078839	0.6761709987691287	6.621481196599287	0.3571262473284343	-3.0182534381885047	2.681844329888337	-2.4873370861585746	-1.4678826820264395	0.4947893146282252	0.9225160125522471	-2.363238000096648	1.2513842958471715	2.8940011637020633	-0.20357962855082862	-1.244525350520109	-1.0138572352817274	0.717161651649488	0.004354425001032616	-0.1945730590307165	1.7840363924621878	-2.306874480808921	0.3017749195545293	1.429511526762044	1.98938354189682	0.4737733493517681	0.6244387783353749	1.0886179832107996	-0.8905135397580453	-0.41333888545786046	-0.270012718682684	-0.4624141253598752	-1.0499450194073803	1.3860835260940072	1.4284187356821518	-0.6372079033630104	0.8344289989346054	0.6690201117858746	0.44688769552764135	-1.5424221554402135	-1.6828509235661893	0.4228436550305084	0.2862039382500159	-1.9607003352427275	-0.48780231349609227	0.5717139813047324	-0.03543189042806704	0.32274076556669007	1.4175036267044545	-0.19138915475262971	1.7511797087463012	0.375878050610834	-1.588835659292645	1.7315183588574221	-0.41476995769416747	-1.4210009719527326	0.611738380468772	-0.032387732736458466	-0.45957932068275115	0.9731486515731845	-1.5187196138835564	-0.8584299404384729	-0.9622269094887613	-0.40750439769143515	-0.4042015367337461	-0.5461393148587731	1.0941008744272964	-1.9592358381463726	1.1754813956322339	-0.7654681531945525	-0.1295744216585383	-1.0975702400585212	-0.43343256057565277	1.2349996194826962	-0.43666369096678703	1.1197698506907	-0.42844268559446347	0.35884312406699115	0.6114161240572875	1.737004817189115	0.408142144448165	-1.9224721877583129	1.474057877272195	-0.8591661688405581	-0.4772187719184101	-0.3522351120877185	0.2991339736823873	0.4600317058673207	1.0791342896239664	1.3425545540180357	0.5090381347431163	0.0161911618280802	-0.6409568734768314	-0.1542038221062229	0.2743712902804832	-0.26844730878072176	0.4397001430789103	0.3209362293838644	0.22040765611885627
DTXSID3025091	-7.872362236865871	7.929335861442344	9.853705812010968	1.4934144483576928	-8.757261083536221	5.6068239726156275	4.3777021627026915	-5.032669880724874	8.078234460682344	-0.1703334965819112	2.2511990063925866	-3.1607656980129266	5.850129713989988	0.7528428331943089	3.9587654556043157	0.28974790274437395	2.398175968221067	1.5093282958216379	-1.5511541688765025	0.945512717601974	2.59564970256054	-2.6016557268163414	-3.053390542568318	-1.2801664972421598	-1.1000007689392173	1.0503367427787018	0.7293249369407475	2.6765398545641226	0.5417544156244812	-2.6779708233270587	1.4969664312890838	2.191989945592184	0.49810546820069046	2.0108314210417317	0.8496698240091863	-0.3763686727907364	1.4712475855938743	1.2475698675368494	-1.3676704795381205	-0.28590304993670607	-0.24635346126799534	-1.7404650494017782	0.5404514698199399	-1.743364138555345	-0.9753587326235317	-1.4155586354936658	0.8721108734336158	0.28928034955710313	-1.2380414180982293	1.0446752193354956	0.05692763463741427	0.08190202659302781	-0.46472426330349037	-2.2441091672646114	1.3141562540273632	-1.3758891325143936	1.1026263310726756	-1.4220187629307552	-0.6468061073146895	-0.303356257991323	0.8724291768260566	2.095259688969907	0.8694643269640793	0.47616295321795704	1.4446115302461582	-0.34242814289829715	2.437772797199817	-0.45639000855759077	-1.4279179018258261	0.1546931121288549	-0.7892300538526191	-1.535840264040359	1.2402319442756313	-0.3812802501764276	-1.0089637770092714	0.33651065425164256	-0.3497578693523223	0.14492759228620505	0.1645210845347248	-1.8177716414572935	0.438502218869484	-1.0205764383924638	-0.7618260463222647	-0.0930016017724793	0.9219360602836606	-0.903123193225768	0.07828342219228727	-0.4359016917882053	0.7280433605693996	-0.283353662166638	1.4114159598867095	0.2848156412793198	0.11853607180365669	0.045065042001168676	0.45820167476495577	0.47122469477629614	0.3206064831557478	-1.5254075083837866	-0.0725060987343156	-0.4020594313280541
DTXSID3025881	-23.628351067803052	0.3924057008270377	7.2859950607130965	5.008867762068949	1.1303381637985803	0.09542318411643996	-4.710231946644822	2.3320048090054177	-0.9570429251434338	1.8395279574496515	0.6627447483554217	1.5894767344983043	1.0456758237039663	-3.150841622517318	2.8820083180146385	-0.9259095822623932	1.6229678126733695	1.7945511839437769	0.2514384643541216	1.7038024847375888	-0.6886223917222105	1.6971764592089458	-0.13201534964903971	-0.9896644716615781	-2.236140829366516	0.07495366490381906	0.0896184243459999	0.3690240462801482	0.9841523659450175	2.6865759781989205	1.5651642908399253	-1.3197433820121365	0.25596699424492214	-0.888148392800436	-0.7420300311785109	0.8786222217893601	0.2877962610608079	-0.9901300259723201	0.47560381070531427	0.6062842082463386	0.39893275346579554	1.6506389251186948	2.1051643463161804	-0.2888690839026289	-0.5423078983775191	0.14767557251727959	-0.47799843584141544	1.5775264212544662	1.8113969625771018	-1.108662950141658	1.606593644579172	-0.5964412208834886	0.8936545036712621	-0.3678736194207372	-0.6210387187739596	0.01838782592085979	0.10041113928208464	1.9278884233186746	0.27989430100711715	0.19052037771566802	-0.023869220865020115	0.02490934172662699	0.8223220431304901	0.653875954028858	-0.28751320255396107	-0.03058457114144471	0.6186176825486084	0.7996060887236569	1.0571406500858644	-2.056529527097731	-0.856183124848175	-0.2481403596632664	0.17775137515721845	0.8513427013368765	0.505008431483264	0.213789566141928	-0.05530553223431849	-0.33231264006490807	0.32116664743283424	-0.38193955326179124	0.04360570026093924	1.2438924396899795	0.577777023880578	-0.12883470966520344	0.36621630003403877	0.5213955391244566	0.9473970339397059	0.605396200229188	-0.5933245230122968	0.7757547949690521	0.4578164607391105	-0.6732600779688431	-0.05382345303465744	-1.510114327705763	-0.6261412229652212	0.7265072568984994	-1.1254306616258647	-0.3730464864192179	1.753792536456854	0.6366734432263579
DTXSID3026564	7.67578396647491	-18.107584958369785	-9.209986513162075	-13.567856626968428	0.28861610791059356	2.1467539505498734	-1.8110094722987629	-1.070867691937441	-0.862350074240022	6.909280467076115	-1.5242718056874527	2.141690173726462	2.992652118327981	-3.044846634762289	-0.4596519738848379	2.6926731633653977	0.5969149137245631	0.5502902052132568	2.8952053149408155	-0.6413175221555802	-1.32351217989028	-1.554257291541044	0.6949498776144339	-2.1997531941282755	-1.2931835249806871	-0.7972809283032524	-1.1108877927501144	-0.22690237905028332	-0.687825937082651	0.1783451235550515	0.15305743891490572	0.780871933313374	1.0113779455571696	0.39057277000064816	-2.184106207810896	0.3294343338850049	0.7355343538970737	1.112844368232107	-0.9076753813058486	0.49169441217453375	0.35072991904075274	-1.2185308910085468	-0.1044393922636719	0.941973865807547	-0.1773447889805897	1.5245195065153667	0.3524403254036867	-0.6154386006782391	0.24952926222087185	0.05188271636564914	1.5795632556909343	-0.4090498959194255	-1.957089396179043	0.5736635666359542	-0.09359073158855805	0.3163830505090193	0.6391113638376986	-1.086641149921777	-1.5026503042748258	-0.18178294423516553	-1.8824382916044922	0.02160893316347482	0.6011593907068477	0.4467168851315669	0.2994641877255616	0.4705386107508697	0.14129338748383627	0.4808667220943833	0.09908901585101017	-0.8523681305757049	-0.02508203051084912	1.110685599497888	-0.7790655502419351	0.12812595172222963	-0.7121907299177552	0.11068133109578586	-0.2510308644779636	1.11186148697603	-0.650079159638232	0.19391523075491818	-0.4587504476282304	0.24848704083950682	1.6745216608678386	0.008909246166349537	0.40349464305682026	-0.08360242495737519	-0.2560863336467782	-0.9198323152038633	-0.33086278601079033	0.4649959694314057	-0.2957873346296688	-0.4919013976698707	-1.0572372947644233	-1.2530841612304018	0.2864770941473562	-0.8087828819350881	-0.5203182124150859	-1.5734692727132291	0.6803604736664567	-1.2451227259452402
DTXSID3029572	2.930676048625715	10.393968727486582	-8.764808518928096	2.3592259802880875	4.57202282325115	-2.1981544856820525	7.358214102539449	-0.5128061780016433	-3.805237991112567	-1.4509569143959589	-2.2008622098090447	-0.7445111803550233	1.6128785062207271	3.625871438603837	1.8417157225473333	1.7803049884013382	-1.4540089763588688	1.8521990368361703	0.809747332484402	-0.5438514714578485	4.963707866112571	0.8189789517957983	1.802268137079058	-3.771818052752029	-2.108728641473605	-2.026517137033163	0.5432026898231256	0.10447746734589858	1.541493928036074	-0.4980090894644623	-1.2781526157056189	-0.41581801085380143	-1.5108828325800647	-2.25324594227295	-0.8291554683259451	-2.3681777839215052	1.7193402968668279	0.8400238247888132	-2.3439710928961137	0.10932723588260926	-1.7871467740155478	-0.41079800164231356	-0.07181940647619896	-1.485157826489711	1.220494661114855	-2.154948503324146	-2.2476114329726355	-0.73594307874912	-1.858685172773412	-0.5621792433591073	-0.7651897418583314	2.0083375362843165	-0.7724361382070442	2.069832583421874	0.22968311867596308	0.05428260283467852	1.6157593460807036	0.8521389732065773	2.126752829422654	0.5399460651508388	0.6495712469872987	-1.750007671173087	0.8574813835475312	1.2174637360826734	1.3049603053129903	-1.2008119664474908	-0.7733506980587262	0.41878716358477724	1.5558750023870938	-0.2362516184619093	-0.34837248528245063	-0.07277266892326699	0.9656785869638802	1.0926498431494414	-0.9251788421152164	-0.950066867363138	0.6014007001403278	-1.6620571585838655	1.884671624979307	-0.7864227370836017	-0.13200912253925595	-1.0720206444220686	-0.36712608354854814	-0.9625108521495036	-1.0439733578232997	1.4005742265250003	-0.989745213328849	0.7973505924110085	0.11899753130640867	-0.5315560289399364	0.7011969816365777	-1.2378106509995819	0.8951452825071697	-0.32745427986347064	0.6266292543439139	-0.3807719775141036	-1.1520066349196605	0.22080088834833606	-0.382967193956535	-0.6045790828181724
DTXSID3032416	-4.937118615372102	8.411750389478488	-6.970556292057289	5.993138556235603	-10.57223184364668	9.652058609430501	4.840295640083205	4.030493709056836	0.7664981053636369	-2.0647505594030453	-0.5056380079411106	-4.3307845578433195	-4.274318710642803	-2.3439291975492567	-0.8691566845721476	1.217448565014799	2.7523194291702993	-2.8343560752328627	2.0214585789453974	0.8973300180069808	-1.2353370896115226	-0.29065868030458486	-0.297441480478545	0.6131026471828535	0.6721143740172137	-0.17922921176682508	0.4319514024074312	-1.740307227530695	0.011127257961916073	1.4277414685189587	0.14994901572382044	1.2074456103388298	-2.106202542430578	0.7040444294740629	3.4331112331278897	-0.8145630916281484	0.33178427768235724	0.6750850555733423	0.10471470127986482	0.13335296820033307	0.5094654463941589	-0.4041654632366774	1.4544625671755211	1.2883135664662404	-1.1336362181193875	-0.6302737263988849	0.5184890891054633	-1.5128035896909593	-0.039571532085881135	-0.735540921464919	0.6232121096805118	0.5006197800830927	-2.7640556448355547	-1.413507096670723	-0.17373573926228936	-0.0007105194146701356	-0.7110870600512865	-1.0725687069609755	0.5830900655294201	0.5973064559713815	1.373717263018646	-0.24117353548447715	-0.08399462543966886	1.3302880224591578	0.10622526851665841	0.6616120837840185	-0.24706828236896788	0.516203427511312	0.8146741372371624	-0.6055851805982656	-0.22221477022689673	0.27773783521178996	-0.6985020738166953	2.031491867255669	1.1600186326667694	-0.49321024987012196	-0.10679446617342758	-0.7989547297918262	1.0033939401838758	1.1998197617104873	-0.27951566899003394	-1.3742968398328168	-0.3564922174155482	-0.6635530217782548	-0.3408175435543809	0.08238975491081853	0.0844005790084885	-0.52378752206991	0.1513158186805199	-0.7083609482723744	-1.1049283900739375	1.482795486960735	0.08027734198628297	-1.0181040913019606	-0.9552949684575878	-0.453660006707773	-0.13193743331607313	-0.3737896317874759	0.4658628288868617	-1.1644133351274966
DTXSID3032337	4.888464315381597	8.070102762820039	-14.846628586247748	2.4334739671713748	3.1593548592946767	-6.3528708472549695	-2.760431423876893	-0.6493225218096927	8.806241111431643	0.33829711274098184	-3.695016645486983	-6.087390699319274	-2.0601482380455787	-2.4272901287227766	2.7584613869264674	0.44221002492876915	-1.1778016685023052	0.08258387483085285	-1.5391175832407138	0.3604371895878243	0.6016184832691368	0.3230938398739585	1.2388171602003437	0.28669724906340693	-0.3684705186995224	0.168235755750223	-2.6697765070435153	0.0035018006045479094	1.4935288459686356	0.09217136405667149	-1.0021600558467196	-0.6834222886367033	-0.16136292707500186	-0.26597444432733414	-0.7137948193951593	-0.9712611855411198	-0.12591785692650748	-2.3741832832814174	1.5187403012807663	-0.31507227380329633	-0.03192464889132044	1.0673405138047065	0.3010741855992439	-0.6092811624254716	-1.4701527944516815	-1.5593299346735907	0.9088513002484523	0.9894738288381768	-1.088106737419786	-0.2463583713798839	-0.9499489037473329	0.13480201184759288	0.4997030595500809	0.4777093875465361	-1.8391267339021542	-0.7013541194841717	1.5553249401428832	-1.1286876448748144	0.9213666074334578	1.3046632570184766	-0.5130661820342115	-0.587689027564558	-1.550788352457117	0.10891039376571592	-0.13708770048876334	-0.36946767492286026	-0.9489000550413903	-1.031826248618285	-0.33646102203317974	0.7419641761211666	-1.1435325395906375	0.4852847718532083	-0.6659978016435482	-1.1847366768275753	0.10243346188042776	-0.37675889863286494	0.7777470112590751	-1.1052775253611404	-1.409272798974345	-0.2512321338251487	0.001968485716281112	-2.1122588475074595	-0.21289952589803313	1.5312603798679905	-0.6442288375265216	-1.0527668903855338	1.063084328698129	-0.17283662988295345	-1.361618331953329	0.5336362361233373	-0.33331739917154657	0.37391949212564707	0.13403055885467716	0.09518291672501582	-0.6595651510093627	0.43147274636302435	-0.20904768663655862	-0.9029720783961668	0.08238819188597202	-0.7585622682968588
DTXSID3032389	-8.511080168060811	-17.98379656367417	-5.702054450196176	-11.529344866553174	1.0750395606134309	4.927782292251302	-1.7237120892144953	-3.7910548202311363	-1.6953813820479458	4.4188580629272325	-4.162210707993636	-1.4939301517778163	-0.04438711116340573	0.5785493737163108	-2.170023365472723	-1.2832201661881564	0.5219576174217929	0.5217773823415316	0.9012180714851955	-0.2253154374205164	-1.3104250039222607	1.8755492225223245	0.5132726774374903	-1.4575793502862138	-1.6818656980491036	0.1753530369816998	-1.0503691830127786	2.176457032805083	-1.6680443503388716	0.37710002734748793	-0.8709491039470357	0.5122059713455984	0.6475369946897022	-2.003515500058254	-1.517795197963421	0.6409171542411948	-1.2229823768427361	1.6137196826448363	-0.9946173106255881	-0.39314550710419566	0.8782989288273061	0.9415329499480588	-0.45022395080778727	-0.1590680235838646	1.3623233033461042	1.4441956388346127	2.081528116098662	-1.4415672015227519	-1.5256067609631234	-0.012333893678855047	-0.04134038967342008	0.43186401952567505	0.4862348608903619	-0.26605918685857194	-0.4598772601457678	-0.6256209911685395	-1.6712152127225306	0.7977402325619758	-0.741311886426631	0.5131793013225963	-0.6755888756368569	0.11306445643737821	0.6925083383650358	1.6172292305859406	-0.3505368933059316	-0.9975476220644355	1.0889484262646434	-0.5786579755090335	1.3514324648280813	-0.8420076430418991	-1.9318849498493567	0.7660024282802078	0.9808579711695963	0.49048118882679337	0.9395673494893522	-0.9012033046026746	-0.5595030559671451	0.1976030362818229	-0.030147576318563997	-1.9163803090644829	0.5204441424043352	0.4134106783472828	-0.27041329173475526	-0.728444207316754	0.1834027470408419	-0.037613584750514045	0.9885902761145139	0.16071541996214414	0.8507243170071203	0.4020222503540093	0.10219268138037704	0.15190143556314745	0.480128931018988	-0.07301813269986404	-0.1349118283320589	0.5726441581628645	1.011229044594816	-0.6420457515481882	0.8008263441758715	0.4995356566478648
DTXSID3032547	-6.069505608755127	11.443030064913081	-13.583914722627828	9.33805508265602	9.008671839037767	2.0510948079247635	4.257698727268416	-5.277638291888416	-4.533527774051477	1.2024363882946971	3.0416146869720384	0.062062727805643696	-0.8546408186322586	-1.615565661651103	-1.958044538013353	1.7470219455367344	-1.018332674812558	0.16393824261768847	-1.9249188586427772	0.2315317322204677	0.7406141194176828	-1.2753963567519986	1.2972818618951507	0.036970367685703436	1.6199754563906708	0.7998080551669774	0.29142950060956835	-0.26377880303684176	1.2324477298781158	2.502815527521146	0.1774722595349548	-0.6655211893379654	-2.114162540026107	0.8197260121819426	1.8145269208125974	0.09473437789297584	0.9185162627403186	-0.42319250738431935	-0.058953586759954366	0.9880136901418916	0.7116594627142554	1.1260175653318287	-1.221447122478448	1.0149086861087089	-0.09619938382065689	1.5316565022972928	1.863738542144675	1.1789548239427683	-0.4651646979610417	-0.3062129022646851	0.5705279426920137	0.8976222581945253	-0.7813586066209274	0.8783524119624038	-1.245041316763748	0.3336597637931831	0.4609581152618556	0.17427631648486436	-0.9867255587098166	-0.3897063421923655	-1.334645569196463	0.5831908644844666	-2.4947024764235453	-1.8624715916430747	0.8920716280815689	1.108649279178152	0.7461427113510123	-1.730936144548766	0.768624223094472	0.6561842176707744	0.07327133004042569	0.23435344100840996	0.061246329250439706	0.42503762616768337	-0.29366081904100455	-0.03690235132555718	-0.5047122283287617	-0.4677911195416291	0.3038080051183608	-0.3695829661108251	0.6162777937368363	2.034033606447929	0.9310664820418753	1.097865220335525	0.09651401084622893	0.8293850020769332	1.392430856770474	-0.43473148556097035	1.7253999943409508	1.380668287296586	1.8127566732225637	0.06219894956861188	-1.5293688268470635	-0.7543163231271086	-0.41094984139211155	1.1307956856524113	0.7689256372442902	-0.12582365171460247	1.107281731597889	-0.22834357493522023
DTXSID3032628	14.997134674983322	7.668608767468923	-6.064902114412362	-5.345658583524244	-3.535494503906201	2.506753983800743	-0.6936542667254879	4.859205198755969	0.23255231434208726	0.24560521947811623	1.7927049480999953	-3.8750603557203513	-0.668848040771865	-1.4269767251880032	4.900072731454139	1.7878555076106109	-0.848312028570756	3.784498780530444	-2.6936105562480432	1.474561197024601	1.7687547492848785	0.029895719982001804	0.7625985750152083	-0.05952940663966889	-2.796670570586878	-1.0510765299158118	-0.45511654777732424	-0.47448341455550774	1.1827171046689537	-0.6878311836472119	0.7646693019679228	1.3827307182163942	-0.24086225921980836	-0.12507119347633386	-0.42554788452736697	-0.2057059224897994	-3.794045522458487	0.5960444228741351	0.7561130115399144	-0.36841724587208163	-0.8304497686611271	1.2587876249956105	-0.8785695325664927	0.32198329067166875	0.4409733181996754	0.23500794051859988	0.012835048466113006	1.7663005536989882	-0.5656625651864925	-0.793982641894637	0.12705066283110625	0.37279218049366086	-0.4552928776183488	1.7115058627108035	2.025957000897791	-0.44758523695588714	-0.43274729325601446	-0.19790180325591253	-1.2101752658054554	0.4112604348234716	-0.38161586468797337	-0.6370313622133286	-0.7950623733147302	0.1658769133479815	-0.3345922835128408	-1.313288649018541	-0.9111393205543215	-1.004392790479392	0.7866192362179039	-1.4346191715932388	-1.1375492775791844	0.9917166874551404	-0.31916193659613634	0.10619534436433165	-1.3462833747555227	1.220745742408156	0.8166222687064721	0.022812259146047065	0.17247203555704946	-1.3253621346746403	0.8192264234589889	0.8077318297484017	-0.566317864533469	0.13955862981232953	0.2566513177478103	0.4143420225951466	0.28620043498707054	-0.23320677269286832	0.021849125352540265	-0.17925323555056938	-0.8622046239116057	0.6078367220814357	1.3625599579592491	0.3538459851175196	-1.0483025101809473	0.1458473457192679	-1.32257930936929	-0.06474006742685252	-0.05318341192493928	-0.2944896400904277
DTXSID3034456	8.787139369617902	-21.113226691561902	-2.2941586119100874	6.233024220752749	-0.3499790235213636	0.34427645473733176	6.935072761241113	0.34629526110280534	2.8076071957171314	-2.7277765203068385	-2.5192407049741163	-2.148889495774668	-2.8677970800607273	-0.32820214011015636	1.9896025217358524	-1.717225054699538	0.5022548618120055	2.4703020468248376	1.224405930516495	-0.7435769875620005	0.7414725547956215	-1.463852387719208	1.2118039595477672	-2.2629308560445724	-1.0716043528344366	-2.6210651590570913	-0.5178487738694131	-0.5854371374173581	-1.9806529054615551	-1.017154209155354	0.10564525136273331	2.298136687377971	-0.7074850803135112	0.19106919657065247	0.8380719764054501	1.629471431638572	0.8811148033326299	2.1463602804028357	0.7619447174599682	-0.6759594390523966	-1.6780353383868398	-2.8108794029029616	2.164727410307844	-0.3175285356418741	1.0468772547904366	-1.7728032306594097	0.7115413332912608	-1.4421944291156052	-0.6789567499150077	2.353929486716817	1.5484996295749527	1.3810164469760209	1.1380962336046068	1.9466262180899527	-0.6258362477862218	0.8931015366826205	-1.9186596071378534	0.9940413892524186	-0.41831223745574697	1.7344723297844495	1.3573462978912847	0.7117905375685831	-0.050260986156658145	-0.7891745711277367	1.5875688987004	0.868472997808603	-0.7976950225147543	0.6055870457926172	1.1111315345070996	1.875806950918213	0.9078965208483845	-2.2517800013285614	-0.4757893566624316	-2.3515755386830186	-0.6537756614538255	0.521496868041884	-2.429479511919005	2.091353137255207	-0.8409188300780014	-1.2573657463391772	-0.39116769083131575	-0.0009203378234512746	0.7035778660283907	0.8500976929585409	0.5017534493130786	0.8572465545888907	-0.49579424528761434	-0.00370929181415732	-1.067651047674888	-0.7642231372647104	-0.41489453374371005	-0.32216754714456436	-0.3510867752379892	-1.0689089075173615	-0.08982477342179052	-0.008521404477540621	0.1499831527925501	1.189464704623533	0.2701721973978715	-1.4156439967812389
DTXSID3034583	-5.272133204233686	2.4112472541142935	-4.7932828849922124	-9.090182460062685	-2.8107074820617686	-6.671724415500234	5.681285465198625	6.232997622752724	-0.004299548624696801	-2.276081780405313	-1.5271047594108307	0.5400560684222498	4.816973247308671	3.55274735418347	1.6345324822952176	2.073154181532966	-2.6689973771335582	1.8799296385183322	2.9972251481530026	-2.266479128284706	3.028985204963222	0.37898311934952617	1.594787212745433	-0.4915284960630702	4.307705107175911	0.3309800049146269	1.235026692945114	0.6084418124583261	0.24824335143677545	3.4814945886619135	-2.1482445275135102	-1.8866240601547026	-1.2865264254118736	1.0395258406453243	0.977204378907036	-2.7565858549178897	0.9952100831723032	-1.3121910904331555	-2.6157960752249503	-1.4344333894160954	-2.049990215852907	1.9782389435153327	2.184266903121129	-0.7935859468956413	-0.9431397350350529	-0.45684635953330455	2.0208591704559815	0.10998859602450772	2.032424403264036	-0.8787937063170908	2.1219586063200566	1.1215719039939225	1.0008078399731097	0.06587914766236806	1.1941125601787492	-0.5921175640911713	-1.6838146928720692	-0.2354754361298233	-0.6419727925288258	-0.08121231643912488	1.3233548483558162	1.149449369817033	0.011228008552239896	0.3308964227836905	-1.9377275744678766	-0.3523862983825915	-1.1018430847894418	-1.0374532429813172	-0.21809191717334153	1.3031182439256082	0.21445965467182812	-0.7102324328953002	0.3572510766400011	4.12317775537724	0.1473112017969795	-0.3088549951968196	0.4023781072083667	1.1868122649054407	0.5543695675485366	2.009385127142515	-1.5841116434013727	1.1515570939439115	-0.23694880012532207	-0.3096297912306997	1.1880860570371021	-0.4103769070555977	0.8487793041663371	0.13384440556505503	-1.6634343028463903	-0.5321330578454689	-0.4496616863831614	-0.38504042646825454	0.34226342666153386	-0.5464031895695185	0.1990364038351567	1.4542106625377453	-0.25076342367733295	2.0835501285635667	-0.8041803800121599	-0.018888505963687265
DTXSID3034872	-6.825029136905819	14.962188957639569	-4.390294227512241	4.698574569518624	-2.236742635961319	-2.913307546914371	3.445652618181922	2.804702355275603	-2.0027319358647135	2.676492692764638	-1.6676262546990681	-0.7230986687553208	3.1172151841508335	-2.0187052596279527	-0.8532475709445869	0.31609128613887505	1.8822730686063633	1.3143455458674262	2.110802976704995	-0.5863082343631456	-3.079912361504284	3.3020115295293864	-0.10287206133445588	-2.8831002466538607	0.17653594191844088	-2.036267115953294	2.3490894844994035	-1.103678158939971	-0.09153720832683906	0.5339997916847606	-2.2749292118776747	-0.5181380242625249	-0.22914201294805206	-1.9972339756339448	-0.48629485850857185	-1.7679461829704917	0.07047684391961988	-1.734309359231726	3.8182203588798176	-0.7457280143397835	1.6037912083927308	-1.681149985353016	0.561316455889771	1.7221497713707694	1.1365364780420002	1.153036113257712	-2.7804049028084403	0.2967733135542516	2.578178490291969	-2.023376111632183	-0.9520242220790467	-0.5829157960376039	-0.08200662333557972	-1.0628507037070754	2.526249409397591	0.33978207606673283	0.7452939451412997	1.1855281589065712	0.4419181918607963	0.37092360465742147	-0.0023576987196394067	0.26233759525688505	1.8593375955469047	0.22656768596654742	-1.05883184235988	0.32975202501574485	0.09829262071560531	0.36193076452998935	-0.19050952251360395	-0.22029718074772645	0.8266268156459682	-1.8286740255003	-2.0524898539844405	-0.3830745314713042	-1.0976144390927456	1.886836220603064	-0.29183326665449555	1.919195544254511	-1.8314776049037182	0.17680371424049315	0.8720752271360398	-0.5350437363984311	-0.8397548885000501	-0.35044652422542816	1.095197588118225	1.9094285512726503	1.2139419097211006	0.323854793581375	0.31374058462459864	-0.29200540272358533	0.03076755350668716	-0.047186476087953844	-0.3538175396673996	0.23256167904776856	-0.509783842926846	-0.42592883707148016	-0.44091256851605587	0.09197258343327906	-0.47940352328340946	-0.5764418356099339
DTXSID3036496	13.356838229265087	-25.095962628935013	5.4686952811220575	13.92354182728625	0.9688028190247839	-3.77187671906622	3.3324230474605727	2.020199266683506	-1.8269439851721996	3.3117665777222713	3.365634896293193	-3.7916154421679993	1.5632993449746362	2.2988780068355714	0.11067672993343543	-0.33534026269741646	0.5239058910358951	-1.3891138626350574	-1.4113062964747627	0.8249088699760003	-0.6387731244319169	0.3246044129416015	0.42305323840985165	1.3640745750408698	0.24044188118114895	0.12279498051216019	-0.31157050204238823	0.34058637864398816	-0.2825739367364275	-0.911647601207196	-0.42894652060305494	0.34318250440676773	0.04497391751608822	0.11081738825156208	-0.5238973588831563	-0.3007944894607882	0.3367243251734806	-1.665611921949742	1.9648258123438598	-0.2917479200863139	-0.23458478265193977	0.5503269769557578	-0.9731885128642358	0.09380895878907228	-0.9744114556498655	0.19866295820654484	0.425487124102295	-0.8172953535618456	1.5616580078410012	-0.8860512389176153	-0.41201256637204586	-0.4653121574913038	1.1488706235721824	-0.30030662945947	-0.2652741541528301	0.1759651403501155	-0.19281388432230573	-0.9313636068190563	0.033430683201028086	-0.21642001961781052	0.18326725497664115	0.6027714627311391	-1.7177667464822564	0.7280877047499379	-0.09460813346559198	-0.9802165701948908	0.4693816700699681	0.22598345003210074	-0.3472779797348813	-0.24473504586559974	-0.4858743819252751	0.41389022429905475	0.7971140551893854	-0.33823896460310743	0.12604355603544165	-0.17261528965346315	-0.46287047633194484	0.6431926442690312	-0.808447215255396	-0.1494826708408337	-0.4606387739026329	-1.8069277987270738	-0.313901849313151	0.7690839337709431	0.14667834409267425	0.5208577532106071	-0.35481400817315845	0.8228339302963613	-0.2656093994256741	-0.8102304565184479	0.12841518416799616	0.8660696417783063	-0.47430129629393153	0.9595540150166464	-1.1320428011650163	0.015656933626406806	0.20212760697682355	0.2816047082337762	0.9167504627950133	0.20179287934154588
DTXSID3036525	11.572148499050773	-24.683567561568506	3.19561434432217	14.239666717294735	-0.049314922534479735	-5.006668803052096	4.757460247535158	1.422299722298766	-0.9691180455315708	1.2151471059868333	1.1903463661300653	-2.9694591968547304	0.3100223706816767	0.958513473018158	-0.3921908670957874	-1.7058625080045926	1.2316156488913623	1.143145273487349	-0.2250102364446477	-0.19850926414942055	0.46858053167806596	1.0066251660821133	0.9312888222918949	0.06726712875902068	-0.3418603116080772	0.925186561875608	-1.2420273317164092	-1.1053797214921224	-0.4620909427148184	0.8399787518830328	0.6205760179077507	1.0733202354449165	1.9848082214989562	0.7706962954767225	1.3167420518755126	0.9027450679529215	1.2498583000364123	-0.20676707577145664	-0.9192184674571308	0.06983082347024866	1.245428920326484	-0.5707046352958511	0.13263831132759524	0.228282102657314	0.8354866021830119	-0.42869283416448195	1.0063939571543457	0.0642417259662148	0.21552451213847967	0.310085481053367	1.436487638560892	0.7602759478726115	0.5430446108201872	0.5417697170446691	0.23620565523950854	-0.04039173162955059	0.12389772557260854	0.5561929389935026	-0.36133319101980804	1.4068003066623858	-0.2735841613559453	-1.9830187015911631	-0.13116476733182886	-0.5614824165137976	0.5208434891919537	-0.6341170556341376	-0.741687074649863	-0.3999171547538977	0.4680856872091397	2.0993229978188426	1.9150024328484452	0.4459013571294245	-1.3074803966016584	-0.2686403155690358	-0.11590787806550522	-0.09776551711583971	0.029680962108804283	-0.7377886862694872	-0.13316772301435348	0.911334957271096	-1.3016710861018586	-0.30490664410613716	0.1764370339348279	0.1982438257727334	-0.252936117205766	-1.1282292741516764	-0.5905017489538898	-0.9531233896788562	0.3709358681437499	-0.4234236463478526	-0.41939802875326715	1.0258789647350677	0.4481352178538701	0.17399585175462698	-0.05496673394472153	0.2956744201678818	-0.9367331560781682	-0.5875981296062236	-1.26017298815146	0.1802949791405068
DTXSID3034664	13.195063811776583	3.1305257604601926	-5.061931618632323	-2.596963139503637	-8.560542180639509	2.7856656373521385	2.0952428373763126	4.859130942468765	-2.340349707579682	-4.503577025174403	-0.8968456144381847	-0.6172570774144692	-4.235201470464081	-2.422307233017135	1.8116114586549579	1.3054256738696337	4.785257142444731	2.602461920895681	-2.1615759446409943	1.1333626444958533	1.1512610918045136	-4.879376431982353	-1.9819845079398086	-0.8793483768671608	-0.27885236138601677	1.3254405422791886	-0.7800398926698624	1.6974858223698424	-1.5181326612469936	0.762212063004011	2.493956663091946	-1.397918618850782	-1.2578819290496914	0.790172688528538	0.2081802886008745	-1.205872372704168	-1.0967877346518269	0.1111542751341887	-1.3086562043879864	-0.8755533184318779	-1.7419573462423048	-1.8716363509030627	-0.7280945574235334	-1.1530618276825377	-0.7575088669237994	-0.9769548381558245	1.3934831199547513	0.16845143738545323	-0.2016585181566777	-1.3032888729535264	1.3173995085384549	-0.7072447438276671	-2.430569297719592	-0.032752553316278625	-0.9330880235024576	-1.7338689576795556	1.952424287538613	0.15085442512123792	-0.5164963813795821	-1.6295161218026692	-0.26578180294398446	-0.12722096042694483	-3.1778439397403355	0.19998933125424084	-0.8015712484499325	1.0947982554562758	-0.6079552235227806	1.8639800199754035	-1.9450792835447681	0.673192964480825	0.8182388054584285	1.5462516085794507	-0.6392031571865913	1.2617538181381138	1.1466372315727114	0.08610810526175793	1.1092718313970507	1.3660802463806594	1.086953780363436	0.5491591731261393	0.9286939132168845	-1.1750947252690143	0.12317448666288464	-0.03033357720975118	-0.9745521307130298	-0.423785657844996	0.26286607937854545	1.1364498441429205	-0.7788886484989487	0.10005785951535831	0.9161676257911688	-1.0773625595315837	0.5947409935990322	0.5404500692764027	0.2559067212591336	-1.616892765739698	-0.06352471538772861	0.12231830993841436	0.3963904346779617	0.6812909916539913
DTXSID3037094	13.531230680548923	-0.6963246369588032	14.110792470455635	-9.140255897835864	-4.912329821171152	2.8703836292911875	-0.6259617526262566	-6.70966570517079	1.9698223139407611	0.2804965298037733	3.5268980976766198	-0.4416967892534594	-1.1307294160016417	-2.0225437549175527	-0.7750655351370456	-0.7428485487291742	-2.826921131545796	-5.793658617033807	-1.488287220409932	1.7017167871832557	0.8300183306878927	-2.0152615449012097	0.5805415954019328	-0.1186247724454585	-0.18692205851420723	1.18058609940349	1.7939398945452325	-2.4718676990668342	1.2811555882718118	-1.7473659008370148	1.2280947246079994	-1.5962086414276522	-0.956599772972296	-2.6854436395519463	-1.615800838857905	1.4916764012495882	-1.7515308988615121	-2.1349812995905983	0.46196099983287114	-3.518236752410302	-2.3602259350428185	-1.3184439900314822	0.7076040778704522	2.621635663524963	-1.3504578354015282	-2.108089014440231	-0.3160602194984248	2.0790811706478216	-0.927175860385273	-0.026408607137821095	-0.4048185503528136	0.9237610708747293	3.006036959252545	0.07512965577060493	-3.2046412307503553	-0.6822596307274803	-0.9962913527870361	0.6781940190974548	-0.6931541518706881	1.1437694134907757	0.01359780009513513	0.7748850263254227	0.0832861787466518	0.9943641062901727	0.6004033493883075	1.1311493132114714	-0.6439475766092001	-1.0089215570523613	0.270353865366204	-0.166306604527211	0.9518474745895538	-0.2373121815237259	-0.1411994072384635	-0.13683859644718854	0.8532695816440924	0.6821466519891277	2.139795658946463	-0.4503220552510054	0.5867838534442513	-0.7168164797451456	0.2750664236930758	0.5617146693806173	-0.40530745441953364	1.5542410420882433	0.6202804636483238	0.029178315242672656	-0.16684703181699145	0.8107839912100875	0.7360083635546589	0.2761353625781004	-0.13041038215383224	0.8173496105732715	1.4341621025255813	-0.99624458146309	0.2562877005636302	-0.8140360511770659	1.5790875936098594	0.7074829380015775	0.26254791213802375	-1.3710433753708566
DTXSID3037541	12.47835031277476	8.502334736788292	-6.536031142094226	5.52085823991646	10.620653086784893	-2.450434293317006	2.993404275743357	-6.111139773639169	-7.684647621542764	-0.7722926359106059	-1.8027352644023011	2.7001242664568013	-1.6736434578240418	-4.02082564869516	-1.0259567931085765	-0.7262129831550969	3.0049910667821473	2.1245182038239907	-2.3836209085007423	1.4652529253977822	2.340422178727895	-0.7276191599267132	-0.7746849777489828	1.5446602307394155	1.6668653098463457	0.46007887056803803	-0.006603822605018987	-0.9204422528637424	0.2129986268495969	-2.747789609211108	0.24662563805116847	-1.2676262596563856	1.0207082180499105	1.3817054603847785	0.18233032288745193	0.6243200678998266	0.07813836296777328	2.4443731258748436	-0.8648149140742218	-0.16498167099878938	0.8774912809688363	-0.31472858175060897	0.20506080815610173	2.0657819062050615	-1.6947501804715297	-1.2790404426886148	-1.3624724782619637	-2.311554776325817	1.376932033312979	-0.8124472053833086	0.5436966488799423	-0.8872892238111049	0.21734083770138468	0.7517945513590294	0.9237942827946696	-0.3503072167688617	1.0897344387863523	-1.2232420301843305	0.9230626225484879	2.2322909724349675	-0.7903831148438235	0.46474122324267786	2.0180406776430067	-0.583173908048129	-0.08628112245970217	0.8746272008885951	0.13909069010661004	0.1332382776460131	0.3682379565946439	-1.6226813127067743	-0.37897918556341387	-0.39355870023875594	-0.8592118538624248	-0.9026011236164739	0.0687836694466254	-1.9407810048036893	0.4855199740868968	-1.385992521360095	0.3180400126000962	1.175573120801519	1.3815514139957445	0.5711287875806329	-0.5796281130777093	0.188585725221327	0.932963653021242	0.4055946678928701	-0.22376260321047567	1.7465436480665961	0.5012178283872674	-0.4850877173828237	-0.4143219367036465	-0.11732809405723822	-1.1301102062951354	-1.8953145497047679	-0.35596855419707457	0.307987037414967	-1.3061521000945542	0.9182622563285772	-0.047259676227877336	0.7585582225755647
DTXSID3038939	12.604574369119415	10.076654420854883	-9.888248471184024	2.976840333057183	10.392186918908198	-3.76118901008713	-5.5032741020984	-4.392972538306334	-3.316664536722568	3.633383793358611	-0.8989284913551734	-0.4041493000784136	-6.1812621765033615	-0.6746770733357581	1.490766580099375	3.910542365363871	6.187258523921168	-2.071556077623468	2.2763513109681193	1.1815408312056974	2.162742666813187	0.594841145958966	0.5147427604594592	2.086072370062468	4.662371874191592	0.5479563136229646	-0.04063393175328858	1.9208655175744442	0.8151133218124222	1.5322501810158866	1.8122078493106462	-0.029858886378132554	0.8135078109770641	-0.18142044346713598	1.6552847479418467	0.519085345346472	-0.6523818514772957	-1.2600481047880971	0.6200786532073569	0.09003090131461475	-0.41233448396679334	-0.15826723796673228	0.28115570843199034	-1.3254828539533425	-0.6198501628322445	2.577930048750904	-0.08278584857303965	-1.5222643315819249	-0.17931750564783822	-0.8408149667436182	-0.18646071419881555	0.8104998284782462	-0.6352155051107686	0.8244543755663485	-0.8060345064850504	-0.44436642378950136	-0.90367351641105	-1.1497843273041468	-0.5825947313663566	0.4301904594077313	-0.45724240187253296	0.34982406444131514	-1.5089096537089022	2.138206079764661	0.2849637919187214	0.13101212259839123	1.4191165408873951	-0.3481144151008602	-0.5723422922399753	-1.6516247624496776	-0.39164848689400866	0.3270115983099327	0.9543836456128392	0.7545462410191109	0.3608763283786298	0.4298355818699712	0.08515672586609752	-0.11012457351428451	-0.9003260854270347	-0.025097505483936317	0.40558888015583944	-0.8485479177006412	1.6115960592862175	1.3995844068694623	-0.6256169642272812	-0.6655804379127817	-1.0319528402753697	-0.30764224478544017	-1.7347029169439379	-0.4409977691435753	-0.291989268950528	0.358388116400799	-0.3528886356674543	0.4705405914477833	0.8166975901677292	-0.11610970171209566	-0.701167218926095	-0.13891904994805837	-0.1236585688900699	0.4226456619197562
DTXSID3040722	-17.94670696493483	-0.8941159351264947	15.071689899220356	-4.431585408292108	7.66343161960555	-1.4221021726748129	-0.0691908019084669	2.754424687879224	0.49400130405185455	0.8869312940852345	1.0620173975594789	0.11461330626396982	-5.354809261543307	-0.708752561980192	0.3202378357400971	-0.05315140225654308	0.6538520216242412	-1.354073287610385	-1.892625840628999	-1.1748889968365732	-0.720147353480684	-0.020101577317549576	-0.4468232737973888	-1.067281279383285	0.2357982255506429	-0.4522471748609768	0.7765169950329674	-1.0285976421057663	0.21570576307895115	-1.6692918685014284	-1.8139308561688434	1.9430091024627907	0.6579499434996283	0.33470070952160047	1.4465162161164524	-0.5418962357567817	0.4084422890047616	-1.249264960896011	0.46615399450388206	0.9445357761393497	0.39979114514834163	-2.135957567894831	-1.1612002145259797	1.6351431960196865	0.5431776642322794	0.29777112909523684	0.7988886896860707	0.28048540153167634	1.3334409866023553	-0.5022660248949511	-2.372003380978394	0.8598833778561803	-0.20757358084358957	-0.3639570437589525	-0.11836570161075272	0.34518476380917323	-1.1206278099832319	-1.8091349573805977	0.4968588936690039	0.787902684360637	-0.22370410583843878	-1.1354322063261908	-0.7387890402350776	-0.10592629060510993	0.5712008581341373	-1.6483280667984646	0.3134790997965952	-0.9301276743136012	-1.0814947267262103	-0.009781930441113952	0.2746052482283251	0.3056508556500286	0.635828106238326	0.20766708517033158	1.9108936021763447	0.38083266965967855	0.2995253419748253	0.18723098457694326	-0.4276056536965845	1.4183271286533492	-0.9537814417049129	0.3685684212010792	-0.8435782768350831	-1.2584901396466073	0.4539811307645755	1.4999381504916338	-1.3366504645904942	-0.03293716928331213	0.9089598575414317	0.7214735089965971	1.2938061536221497	-1.0397175860870054	-0.7774842087704963	-0.31307979603733227	0.029731984597625397	0.2313027939963383	0.5731152430693466	0.5467148735281544	0.2590698069426278	0.8989604499234174
DTXSID3041376	-1.7723212227332354	-19.48082158995625	-2.9554466768075907	-13.450488410239698	3.6967261381499616	7.0778492591942745	2.82864370709779	-1.3876372490609339	-0.3409514460211997	6.516349406214244	-3.1188718795838555	-3.7002987253242834	-0.2155619357045726	-3.956100750541731	0.7032494301148046	-0.014002612881903406	-2.6056120235741558	0.9177425062707278	-0.08862789840544001	1.06467280620179	-2.650771812774603	0.4477694818467799	1.4090825902988062	-0.646970444118796	-2.2612693525868734	-1.8409212298338482	1.649171566375776	-3.1801052297354477	-1.2014479479793923	0.03031344641405621	1.5484194179843458	1.3097272466173973	1.953735192297346	-0.029966669095697503	1.5653504104620568	-0.13511587284066934	0.4015369191793633	0.6629707495183995	0.4538022918462245	1.105009587381108	-0.8680209118070503	0.38771379741332407	-3.2397988862049982	0.28353404874499905	0.15860522880252148	0.2467813834819053	0.922948917941704	0.32678679431159496	-1.7923383917222413	-0.025523448452967647	-0.446111315024757	-0.10273533557215392	-0.20777318367290248	-0.07527430953539155	-0.24942536174554047	-0.26066317446374027	0.6190561847507788	0.7583171370908898	-0.23108616186043268	-0.6066949366879134	0.9816514209118314	0.44136365848896225	-0.582716598916967	-0.0285287469002236	1.4970734700779527	0.7432423846958038	0.8809324280536251	1.6326114712233855	0.04350284471135259	0.6592431695157905	0.2593703166595115	-0.6093262979678276	0.5362407906416606	1.8194373208049102	0.8912669273026852	-0.9393053200825979	1.3825169095926302	-0.435856449697447	-1.5261032922055517	0.7666127315157304	-0.4084215533621873	0.14212067479314064	-0.1355310305907956	0.7106160550505218	1.1807503249998865	0.023171899130157353	0.7840344131874797	1.2437820968830753	0.06832993684152652	-1.223696979201251	-0.23988787038494458	-0.10130888705587343	-1.4914152257218625	0.6309416943272225	0.1656538603085808	-0.16593828939524624	-0.4886454014112228	-1.477424673781294	-2.1488459716170167	-0.842778640281782
DTXSID3041794	11.715078865037578	-6.5256868353033095	-7.00511778145881	-12.337661280449767	1.1319455090592183	3.1917005929828903	3.416360409246284	0.3964373643641496	-2.979610236005734	0.7821055557245689	-1.844867230673582	1.2952440920786517	3.6577284506202528	-2.3540037676562813	1.7752597172704943	2.1919072314513275	-2.1452571742257667	0.50350085451767	0.629654680028762	2.7398811731931167	1.045104405012342	2.1874466704564064	3.671903653245932	1.5776393714356671	-0.92172949301662	1.8817407212922412	-1.935515589597192	0.9191299164582187	0.8985938910658837	-0.18287682257797983	-0.9810333653685559	-0.0012192174189679652	0.15052756221214372	0.8420605564032578	-0.8321541046758797	-0.5658553738610023	1.8300636562143597	0.2502164496513598	0.30488284004999405	1.2504430419464339	0.3636047211467967	-0.5824312967240929	-1.4076426965069704	0.11234105904504695	-0.5957537522797569	-0.5303782713327778	-0.9115380917902765	2.023360242910375	3.1075449712870915	1.7342398415156632	-1.978701693581139	-2.081296065927443	-0.38844032394375616	-1.4258415579303152	2.0598461635608905	-1.3902211593813294	-0.3163719453953971	-0.40011975417610784	-0.7185536553588904	-1.4008734622193053	0.35156798835152847	-0.19863398832256932	2.4187235158633835	-0.7467514337341814	0.09771606472081588	-0.17684772532254425	0.1629181047158277	1.1167551575839396	-0.012257127924764789	-0.7075537185862864	-1.0013780024456187	1.7430195676448488	0.15849761340903593	-1.1778779167208215	0.7858099346771569	-0.532635769246609	1.36815295067577	0.2591190656794911	-0.6597887129254638	-0.6132738819917838	0.47205252921758906	-1.5179802693975812	0.1946425990486481	0.49456811775604165	-0.7070795679941817	-0.7846460110473589	-1.0467714450835186	-0.24636134569848928	0.6300169413413399	-0.4304776065844243	-0.8197985709271294	-0.46458649485937714	-0.3114519515425288	-0.9803134642282898	0.7034310339185306	-0.1469119696574444	-0.7433187982110621	-0.7301948105774799	-0.5409575000707784	-0.20755291758377703
DTXSID3041663	-7.940971912741942	-0.4340363718166425	4.853448132441084	-11.950275567429625	4.525812477404232	-5.271099286780757	7.596768113115045	3.7223812323865246	-0.12897012229248764	-5.054313852850774	-0.4726905489287482	-0.9755497117315641	-1.8715513988272008	0.43701734408010323	-0.8724930704732452	-4.733774330624049	-0.4778498424792447	-1.3140530286467882	3.2731747482182563	1.3898477571273973	2.5957748774422478	1.5027061629212928	-1.517847656203182	1.3889522248147412	1.674779905376173	3.2507566535486094	1.3695289762422098	-2.2477598448666436	0.25979718903156157	-0.501712451134667	-2.4697769978481046	-0.09587865836530757	0.37709245521603074	2.3449287996519383	-0.9444473916545478	0.19688915832375922	-0.17219954112339192	-1.2769691371517935	0.9927985448812243	-0.6848854835432733	-0.09042794146489629	-2.5880258790365915	-0.29466561247275813	-0.6330522012860488	1.0307228630511804	3.693839317699471	-0.6546307762442886	0.6727967024071786	-2.017071783161121	-0.4217066902270673	1.9520304865811358	0.892582165995408	-1.2687747563938367	1.154257560918916	0.425319482837767	2.2736576636040224	-0.2542365500169491	-0.4538156253041499	-2.207518582452665	-0.9895017950025766	-4.3650879697672185	0.9178410526242156	-1.0273265222963086	0.9092869236835881	1.0218022942800566	0.5597489842059955	1.2885254819126968	0.2840700396599044	0.05805788223847842	1.2485003753297406	-1.90161964753818	-3.390061638571804	1.4295093837087867	-1.3645788046289087	0.2339859482336491	1.7926694480019747	0.37930032744925307	-1.6899190837470526	0.07352520488422	-0.5491954270614255	-0.19800015746881777	-0.2047924646949343	1.9136667532456038	0.2494120333678858	-0.9494210787392958	-0.1686899960746986	0.14891890473266325	0.07304854467359415	1.5348972345337337	-0.8360295551713102	-0.15889074522107546	0.9091782007356181	-0.7323257461332374	1.5519041469220254	0.45888678482786505	-0.25698419703027714	-0.3470857135613846	-0.2468038686813101	0.6777618387337433	0.3852894789502739
DTXSID3044203	18.427748271972888	7.391039458856374	0.9435687071069553	-2.436934269761632	-1.4691124647260867	1.6766995535543097	-2.123016768094652	0.23060391396959296	-2.837277861237803	1.857138095388558	-1.194250125957866	4.2929444725607615	1.3383578029408136	0.23240762270146553	1.7093651847781506	-0.7642326038773671	-2.3460108484633397	-1.2068386767221382	-3.11727091550368	-0.025338108455091556	-1.3558478841512194	2.582488152709727	1.008810388249269	-2.0988845435420744	-0.08991915150294595	0.11824552354843298	-1.4589768867694144	0.5640888931797982	-0.9373192782710758	-2.311513073730422	-0.991921923586421	0.09406279972670178	-1.1180245033653546	-0.535387529733751	-0.10996786921078347	-0.5589030678847776	-0.37443356243334586	-0.05219136347669845	1.4292451082953677	0.2573153539351936	-0.8288648086043172	-0.24926400151935657	0.8780750188845636	0.13925909188279195	0.233940286933339	-1.548624705479988	-1.2608034428137553	-1.2626438488282723	0.1825419750931696	0.007796122970743412	0.4279409479155516	-0.09192254395752003	0.35888479852420263	0.5288485408306429	-1.7969871763999068	-0.21036373364714692	1.6076955825731503	0.5635980100173618	-1.6467498347549734	1.2427003098030505	0.8094180047698574	1.8593918717953497	-0.7144943737203803	0.6278060919221119	1.5842093594509359	0.6525222903169097	0.4073328535327831	-0.39549292945980413	0.17203953837917518	-0.5194572746209709	0.6073789811617424	-1.7119027202821002	-0.2432331609274071	0.8223903833571808	1.0391615890110473	0.6034925210156044	0.19193011057362258	1.6039335508940273	0.07278805044133967	-0.46965273170537786	1.6038868726208193	-1.6106610320315102	-1.5639618635185508	-1.327143234510435	-0.07022121621276171	-0.2723778233058469	0.28912204057002494	0.8560670673711368	-0.9513576981043412	-0.2033824511032368	0.23899961618266602	1.7394559567669656	0.23745702269283403	-0.7464259889254692	-0.6639569902540503	-0.678267433658261	-0.7570098367715197	-2.6462983441795735	0.03184318684614761	2.0334168654343676
DTXSID3047263	10.126990219471987	9.992226068744358	4.329526064427813	-4.681768526056924	-13.74753500460273	-2.722319068395668	-1.6228452918693521	-1.1805921591503774	1.2545536533384436	1.4254508804251051	0.05842077117099875	0.26205047835544326	-2.100136884595543	2.519893036069882	-1.4607075377320475	-1.4081876105200446	1.7109343941936728	-1.021381326707512	1.023296395299928	0.39959951778079406	-0.6292168657533089	-1.9241360559363256	-2.8595533148518353	-2.6237044581841595	-4.3043735193751544	1.2090046001645733	-4.363156699480003	-1.4620927574969513	0.06798897284274033	0.49455926212759793	1.1775898590009877	-0.13072495160111386	-2.1120136031103263	0.6082360262861739	3.7977325475634856	1.246678303708536	-0.1984916563365443	0.33228409891927907	2.1879057746422155	-0.5029172009174576	0.4684994295867513	-0.9697146426807712	-0.4654000137622422	1.0743664158659163	-1.4736580569393236	-2.1888854859401166	-0.34804373061587696	0.307168473684522	-0.9582271779541608	0.5561402957199686	-2.7077489199785605	-1.048157343302592	-0.8949089761387833	-0.412022736396964	-0.31507756447627294	2.056931897504019	0.2921559664774009	0.14346407392454508	-0.2659255020437425	-0.6710170683928238	-1.4777553590034493	-1.6268096740252398	-0.07934177123945056	1.0057365269162994	1.4755407853351055	-0.7994085057188024	1.1075073164647273	1.6463633907854154	-0.017360257039516925	1.2763613835253924	-0.46414005525727203	-0.32591386951353774	-0.2069947187427484	0.25350181873924893	1.0123862528469674	-1.0652032623003231	-0.56247514377504	1.0167411737682983	0.5370587500226792	-0.03242436148411818	-0.3541665633493416	0.1381025789924303	-0.0754447606117086	-0.2653850419706783	0.6290016728094804	1.4250337272296425	0.34383716824815497	0.4660307531587738	-0.9743035556168596	-0.4186128691849927	-1.3569398548034126	0.09930298063463777	0.4198721798299366	-1.1225303963581912	1.075190854873753	-1.548979953576362	-0.37797262571855483	1.342787643149442	0.987765627835108	1.0756420933983262
DTXSID3047267	20.170499588034268	-10.45351719316792	1.1972681566848213	9.530681188933563	-3.5335121295919523	1.1314897898353895	-0.7182452859407258	2.71080252205371	2.122597390786634	-1.1224371175831616	-3.456065615776669	-0.939247572365798	-4.914156675827392	-4.582901698325248	1.5223051989446907	0.5466147634134629	0.1063332032562013	3.952965571756384	0.9085367564497703	-4.1464154566308515	-2.179535062661676	-0.9505917794733993	-2.1819974043355375	0.6430504512350231	-0.4782002201852573	-0.08031954256695557	1.2542480479479399	1.1482726615138632	3.765028405313622	-1.6387442894016218	0.6269704533237849	0.6662899422079545	-2.0213624309706306	0.015593716665740763	-0.7488490965783807	1.0425537530940705	-0.8408381890436802	-0.7519487474227718	-1.5118211264785302	-0.058302927596433886	-0.9305087104672691	1.1106151658968255	0.16291463464973766	-1.6047898149798967	0.6468681193201409	-1.9864321912631682	-0.4084304523664814	0.27057146932345577	0.10797678548273709	-0.6681687008135057	0.3922316872887034	0.4650141815277548	-0.470077826614765	0.2815486627513299	0.18960100278084424	-0.5505322610798662	-1.225115168921574	0.4929611763225119	-0.819111340858249	0.396953879893392	0.09914387538968057	-0.19746610197919975	-0.256141846320163	-0.33482366845223493	0.42291744967018174	2.340320152838196	-0.12628416089189817	0.27031808000144947	-0.11413431860782973	0.43321529632695566	0.34044894603599085	1.4953488031639903	0.32733518927558003	-0.9927746124694538	0.21809180030477565	-0.09272109742907408	-1.4836091244052432	0.28701639693398495	0.23855879964580448	-0.3531128026349845	0.41037491778044705	-0.3642213360688466	1.1479665423173058	0.07177056528841623	0.28649808840839514	0.22336228752043955	1.148729674993378	0.5055024924822208	-1.4782120848306863	0.18211706974176328	0.3623140843561409	-0.7868276558022319	-0.3547022340515437	-1.032645102854643	0.7234992016457195	0.9542197521349823	0.2202479714700608	-0.476438153159213	1.4723507788199697	0.18203732550687624
DTXSID3047342	16.024971476590924	-1.9659383148486218	7.010936710811697	-2.8461456415425586	10.165598318591616	5.663480803980645	1.9580870883068195	-4.160944404543839	-3.236612322386647	-4.746465810756456	-1.1763418782240262	0.22600589262353446	3.03173655442263	1.4954521988136513	2.680441830608305	6.0715961338941025	-3.2607812345418576	-3.02664653983277	-0.6385312899850856	0.9404381579911282	-2.865978282822363	0.12702048387014483	-1.5885541832898424	2.055362486263466	0.1683907581161208	-2.8175400673672995	3.5796498151714897	0.8642246840325578	-2.806071141617752	-1.828875005180095	2.014757860009772	-1.285552262777667	0.17100208929517843	2.9511951761049064	1.5934780453487554	-0.9801280863466354	-0.8050565154120783	-0.036954948904362614	-2.0671350264402584	-0.14831440387365444	-0.8832080313366458	0.29546741558258416	1.616688698187737	-0.8783646628751498	-1.5605899981201707	0.19490667976038462	-3.042703429573281	0.3041827981575589	1.9495768991950215	-0.7817632766175744	-3.2181561582666998	-2.374981104909364	-0.18172282634757853	1.0578667401424515	-0.20221021577255838	-0.219667444705242	-1.1129979605111604	-0.555174472039084	-0.5566074492802988	-0.5502251728524801	-0.834955795106965	-0.15494616139672326	0.8063456609895493	-0.17280417194468772	0.6458516444544614	0.39027062026145487	1.5803818499757432	-0.07047698329319523	-0.11605823720096602	-0.7581889161733228	0.24208132895421858	-0.6416692793785392	-1.3741948169440548	-1.0048814842426919	0.06929907706728707	0.6631679011982704	1.2020559692622683	0.1763796868211518	0.18744403157895342	-0.5939574654694413	-1.4942757825097361	2.0995530813130836	-1.505846626151238	-1.1795363809279984	1.2942463881469966	0.6826477177200273	0.07394569334985902	-1.1848346486467876	-2.9111279406993207	0.5260287799478021	0.9096172615501863	1.5300695977346668	0.7555884985265875	0.30755457544939047	1.481117749373719	1.1187611391228687	0.8473531727281417	-0.00918827827943732	-0.8260601415751191	-0.08757712356500291
DTXSID3047425	-18.21400784152248	-5.56598675704743	7.668660090414452	-5.167098015114663	-5.830037046467946	-2.379123366572011	-2.370683653960997	-6.814519515311359	-3.7754698754053164	3.757080845726788	-2.3290793288629583	-0.7102102210750857	-2.5532272983093662	1.8869862056222937	3.565091595206885	-0.8344155126362817	-0.4946239121047019	-1.9646047020845123	-3.2475726909787053	1.2430019918376936	-0.08776469819905877	-0.8398565535384788	-0.16383390397483188	2.261293930750337	1.604914406630353	0.08923793948025448	-0.5638349127445493	0.3630098925524377	-0.015823533944788793	-2.549765736970784	0.6648573924298872	-1.0158161789579367	-0.39122305291280296	-0.1300095190863651	0.5315765572123147	-1.3208506645128624	-1.9096586493253438	1.0785171021144768	-1.2834276515059673	-0.46132563559552975	2.03216140331936	1.2563127450072642	0.6332135005047346	0.26283649727558456	1.337442705123095	0.18885958177227066	0.8028461656700001	0.5221025428578658	-1.815602390512835	-0.7300016188006444	0.9859791950024346	-0.5542853098980484	-0.7180111405239612	2.188320329368058	0.03276948659875928	-0.8147599348149759	0.9869244190988963	0.5008588712400988	-0.3663791424208685	-1.587196631736922	-0.6261931637432524	-0.07167883081696831	0.07902626888832388	0.4579721184040375	0.5868232268274582	-1.2680119851389677	-0.8238735228691249	0.7454700261960934	0.09756283322158114	2.286207954884691	2.5221417981975933	-0.02513295845662678	0.28926517305886146	-1.7511318192329295	-0.794221745571321	1.7686860188337472	-0.17430055036750836	1.898188216247998	1.6835081890414623	0.7857897307711754	-0.8033755501824054	-0.4323929365540305	0.2574810585713751	-1.4679825271485119	0.9890761328089046	-1.1932710831321898	-0.09860269221836578	-0.40836349958795665	0.41611921594689516	-1.5584004759666694	-0.3193695959218377	0.8476512456657623	-0.07016131229400588	0.9879414494896892	0.5557783364406991	-0.2575349141265544	-0.4351850295412817	0.7476773187866268	-0.8115144046318382	0.17151763471849657
DTXSID3047471	-21.27446703496135	-9.708279076125319	-6.0791381823446216	0.8091061485175481	0.18681879225520878	2.274735370863158	-7.151653945366864	-1.2837584048644293	-0.9719061506549457	-4.5053811623788	-0.11845104606602261	-1.4944276743933305	-1.014967065168015	1.9341251044179317	-0.5948516169695329	-1.6976523206146095	0.1149562283900207	0.9881162478030378	-0.847752015839215	1.0712651484974762	0.3961018361022848	1.1767874791731257	0.08086803633013055	0.3752291595943456	0.8743851197459709	0.6214386377166405	0.010862987145831534	0.5712849645501918	-0.39702597317094535	0.07647089958005024	-0.2620911686819435	-1.2141318693493088	-1.4380694762411501	0.023320865405766115	-0.026303778243660755	-0.8272100881907405	0.09194354242810727	-0.4447288041243936	-1.0593977688435974	2.037750805004232	-0.05944177540333804	-0.6515598569812995	-0.2433107710415297	-0.24582158460937356	-0.07301559889792313	-1.1750439409449194	0.1445508606716579	0.45867834615855846	0.35504906220517657	0.4136545742266652	-1.005074740804873	0.1761008872607273	0.45924596644741605	0.12570610034824076	-0.5228524037761898	0.9692234116756872	0.010904115210925916	-0.040203116270947595	-1.0914692322228778	0.556597305684226	-0.5484751832151807	-1.0379098050751363	-1.534450168562737	0.3330951800656064	-0.047438786841593146	-0.09622923919965833	-0.9828898613815475	0.6012262761178108	0.4383912261557025	-0.4117884587108453	0.5359489258411827	0.24997618321180234	1.035406540505045	-0.40131311013559406	-0.6083180218264577	0.6006542668371254	-0.4666882602111548	0.7159771771823314	0.13230462457756928	0.6400691855720174	0.14516899281263707	0.39536988225642733	0.829534793851417	0.46620593048490705	-0.9679261488698647	0.6891437674253296	-0.9111818418370222	-0.5293388660144792	0.7690106198342058	-1.0008900587864253	0.9112787832295086	0.06050791862848237	0.0034516286962043307	0.18732832523023743	0.10302869269739896	0.8743770036447116	0.09489950115210513	-0.31840425213916584	0.06362523619765684	0.18862445979389758
DTXSID4020242	3.329017303836576	9.658141757382548	-12.885791786297194	6.594713810801607	11.674094373270893	-4.591884953714848	3.2041877609764517	-4.325559195139476	-6.769349423388112	-0.9976451210644864	-0.9861454971033297	1.9342863589628936	-1.6321601539919266	-2.355897945176986	-1.984304521640908	0.893045849048926	0.46693647372479635	1.0000510999132215	-2.1007994010653466	1.104055088426156	4.104354476681658	1.9851750894268012	-0.28649422109210854	0.07400404853905372	-0.0016608496862510335	-0.934198744423174	1.268153675671335	0.5921230508409306	-1.3746632985153404	-1.0872389176474198	-2.138462248947383	0.27406012803519236	-0.11534067789438594	-0.3936721299352866	2.633633693267003	0.7052751334003743	1.3573515856701241	-0.10255683663860614	-0.341344289625717	0.2601449591170913	0.8972157808516605	0.19065237705683036	0.2808805907725212	-0.1959353874155302	0.8663333205355095	-0.19448190738759635	-1.3034567080454529	1.0245538676347845	-1.2414417074011628	2.136111205760084	-0.7394662112477163	-0.23179541490602626	-2.31767409293247	-0.08427552433292718	1.242456876986361	0.441428627271667	-1.160850406959203	-0.30824502426070877	-1.9484714913982548	0.030425299789782256	-0.4899293351813454	-1.3461057017052376	0.45540215750367474	0.10647840006566871	0.6970451084494461	1.2944293245166347	-1.0049365061355504	-1.221347144885148	-1.672398012835532	0.3034970889951731	-0.42096097960456497	0.5794729278341153	1.680868984979379	1.2636766489682856	-1.8612288712865868	-0.17960765002175738	0.673869284202259	-1.4300125808549995	0.2883356701240566	-0.41984842459952126	0.6770947578679971	0.09325181253181816	-0.35220195437236884	-0.787420579348535	-0.2865975864585326	0.756501911106866	1.0355007665587217	0.8129438009509838	-0.8408597223877076	0.4227388247221012	-0.06394583992461425	0.9326695173680376	0.6011583859999069	-0.6468726591137834	-0.9973931772053909	0.19412714771652606	0.3336360814235319	1.4434512232142382	-0.021171171852619998	-0.6142309053017911
DTXSID4020290	7.287292196821479	15.224704722697558	-5.561602881355364	3.509158994076646	-7.587408762221315	-0.018958535409900605	0.8975398606812112	1.1691007193902172	-3.475643070348899	5.985968517311328	-0.5948536351068088	1.4766230650908052	-2.294727615400622	3.139482882684608	-1.4536275205365548	-2.5710775773903465	-0.27823101589675003	-1.8314839547488067	-1.5607479048000892	-1.802344298767553	-2.381768381855411	0.6472802555020422	-3.253362012085278	-1.2219073004221017	1.048125351739666	-1.7793779743555815	-0.42452106191042205	-1.5848181411099769	-3.0472197369666496	-0.37521298909527057	-0.2540226160874931	-0.8789335288619688	-1.2528243356299371	-2.7370265527046684	-0.08830677001529921	-0.16043460831093198	1.0405556116816488	3.828517333892219	0.08026563252828406	0.19084116929052033	0.018160892273840424	-0.4215985004320911	1.6809612883702933	1.2572734770240512	-1.9136203931376607	-0.5828175244768856	-1.0017718840320264	1.0832164396449258	-0.8424110386537713	0.030641272542895913	0.2870926033149776	-1.4391743103971995	0.5590717500478702	-0.7918664909186836	0.42464279315791154	-1.7240594049456	0.08799461515316369	0.028364105743529825	0.5904261635862725	-0.040567040470248915	1.1122462418641645	0.3740934586932789	-0.4400597110294203	-1.323636465962126	0.3495942062663597	0.5077843400051035	-1.0122231367621888	0.4387528010354112	0.39830542815476183	2.045134536175345	0.34772432800354625	-1.2820728614813373	1.659621457924667	0.9988034000403184	-1.257160037269422	-1.2456216517521241	1.79630912690658	-0.8455476882836747	0.08835111492704764	-3.1172992725561555	0.17385509464382962	-1.836951796231134	1.8472894604627998	0.4576018043462342	0.193949654583165	-1.5457001979251925	0.09306520551319254	-0.23799127226839567	-0.250113323350173	0.4583274618484865	1.0969958929011203	0.17171260706184338	-1.6660347094003725	0.21748566801940308	-0.06440291612802716	-0.5116311859316223	-0.23987210163178715	-0.023412596083900405	-0.35220651479339676	0.5361024006321589
DTXSID4020371	-3.5976638170184767	13.993526828458165	4.959934598496682	-2.832018480998679	-5.314959803388774	-3.594223223486907	0.19631963405131725	-1.869521268863239	6.559565341438116	2.76373424003235	2.8161482428256974	-3.4012879228340083	7.797103506802548	-2.530152718682141	4.275162452951847	-5.551979734482301	2.7043229669504374	0.7194206088426163	-1.0137432458098399	-3.446119285036314	-1.324148347368246	0.03677636755680219	1.7917534987083903	-0.4513088622687674	1.4093689106762488	0.4862012034409772	-0.38396735910125535	-0.32990012138811864	-2.390754870542917	1.69330555831737	-0.7361333762993703	-1.3357205244895445	1.7399332104765	0.5307433534753476	2.6324965804231457	-0.88519222962274	-0.05039694636869628	3.180010059587839	-3.4983203025836236	-0.5097216420878621	1.0645574308182417	0.8566453365089663	1.2752851073354237	-1.6813213096363087	0.814460298601912	0.03770877795286143	-0.0480266888629775	-1.3482533306740545	-0.7508576228478264	-1.4757032703213027	-2.2324270024976425	1.6921273385408069	-0.858258539901943	0.5270161426635441	-0.7130890339420626	-0.7323543778378473	-2.2751116067310013	-1.0331450307924523	-0.6586950465147319	-0.9081697776324076	-2.47967766219993	-0.8480948350872349	-0.9148526710012871	0.13082703015300218	-0.8556044770132479	1.439532413473882	-1.0018009761323716	-0.41793760752320014	-3.45335267774061	-0.9756440240219288	0.2672115221047269	-1.9906918138160543	0.03743657719635304	-0.5169460414255905	0.6615587053618854	-0.03858845561115814	0.5453545494454792	-1.0236708399716334	-0.37262434902101915	-1.9830513059878467	-0.97532350498071	-0.18971936964214134	-0.9943380049616549	0.5866624539932859	-0.008327147923306317	-1.8244330797041486	0.9273213343146219	0.8260441452374807	0.38183828139374626	-0.21402197451172253	0.44132186050734	-0.42722415362931443	-2.4386319667548504	-0.01650567075299206	-0.7677027085344111	-0.8309702366344967	-0.35233683712006647	-0.21603819046885825	1.359661501743856	0.6446528052007006
DTXSID4020379	12.701790884407432	-24.13818053369136	4.125222696163372	13.695034706868029	-0.6266746538393199	-3.458833638166057	4.5240845714380695	1.5084568709336361	0.4207202824177853	1.01743490453812	1.5519259931765126	-2.182618305501211	0.19861388364456428	0.7487542517845227	-0.4339855404667552	-0.7017276080476956	0.6808420287965119	0.43507785299801705	-1.1157986364270862	-0.47511485829146866	-0.5445286294261411	0.17215660497458368	0.33930909475731336	-0.8084389641735614	0.838934160801398	-0.20224972571152006	0.5806303903096589	0.2297167708170122	0.7987912513459782	-0.3210964149123022	-0.9482460080277773	1.3592629004820678	0.22543113816908586	1.209192242304912	0.24910050411067042	0.5836198956541427	0.47266693362460166	-1.4483163460392712	-0.17736915541786796	0.3783569330913459	0.8307698552314071	-0.9002766536745107	-0.35229094140385475	0.1171075801561439	-0.19446643197192254	0.23765428980923983	0.06281056033874739	0.22482226857388676	-0.6112952401679806	0.17091857284669018	0.36412373745165694	-0.28901892180904026	-0.6356004686551701	0.5617779996089215	0.7077255079810915	0.28826822467428614	-0.8620309721584872	-0.2425919360114543	-0.13804611358474	0.44206850383675417	-0.41829038818609166	0.15973646399771887	-1.2508974533723374	-0.20432465994313947	0.3152215241019003	0.33978149862244067	0.03500365266244933	-0.8561370786290664	1.1381304520903945	0.4549396272711717	0.31785802445821243	1.3707822886559697	0.20663832305706722	-1.117921797061506	0.25694716583699956	0.2002681305310229	-0.48920502693266793	-0.2544781904901254	-0.6554764958062705	-0.8464948557673775	0.009631100750941661	1.0150882056627444	-0.5638280331077163	-1.0218929891017372	1.0564524508965083	0.36517775591782814	-1.0336317587993022	-0.3284120680289797	-0.7465098793039803	0.24711258471490852	-0.0011411192019878727	-1.0649254192963191	-0.7445631294642143	0.9141939998457624	0.1663854396232281	-0.26485364444801746	-1.3802269410943135	-0.43862116488886227	-1.154596614689322	0.32148456265799596
DTXSID4020791	4.906871351243643	-3.615408966956373	-19.205192806026695	-7.336351837084695	0.555053977459682	-2.212606584058779	-1.8617606414946928	2.2208816771605115	3.9727243975695212	3.2683785164342307	4.882110018372526	7.04775594536516	-0.7504172413421228	-0.7697079494627604	-0.34923304277202266	2.732318887860423	2.243452077940915	-0.7532182225967959	0.6394118671384275	-2.5757578675409762	0.5862375916459778	0.23724878535535113	-0.27623443658290653	-0.08495071139578737	0.6715651119367074	1.175152906887931	-0.30468068671230714	0.48636629387082136	-1.1169907893636803	-0.08400261278755815	0.843018667998952	1.2762790349426902	0.8187035033902824	-0.9362424131658553	-0.8283316118420204	-0.6635629982954047	-1.43979192710406	-1.8861964851172373	-1.012394073917767	-0.4446589905985037	0.6176667828828224	-0.0609638836648681	-1.2838722342390025	-0.05356942881503549	-0.524892794537559	-0.4355647904693142	1.0439891774735388	1.462772302348749	-1.0824218914260801	-1.1615755008015634	-0.4655619257136033	-1.2370392099851666	-0.6627640067107468	-1.4018963127115034	-0.5232604385009317	1.4867897224349143	-0.9825053181303186	-0.9489322547351005	0.9605260675823749	0.4395883701712565	-0.45459803188200687	-1.0222069233731357	-1.5128223037296207	1.0526031487464618	-1.3163782336828695	0.32215678946629467	-1.2151125743271056	0.9641351196420292	-1.1416983927714404	0.715239326143296	-0.16312959793387072	1.3796908912124897	1.3752389134690204	-1.4390486882135318	-0.275357373161231	0.11335873608977017	0.21266382750814594	0.2434836585458307	-0.8911620902792274	0.8758635349428394	1.1530768057738126	1.8097409629073251	0.029394679594998474	-0.10622176513615332	1.7598742999936836	0.30330113121472285	-0.06248760600915242	-0.3905553342238974	0.0417341232146164	0.7584558217486161	-0.2476053290385309	1.1939195849956463	0.15146456147589185	-1.3859247331098918	-0.09269558179122282	-0.26389934904277346	-1.3439948663525316	0.4832043491752572	-1.3991606885426673	-0.04715290747617715
DTXSID4021135	-9.06383457586243	4.959260110313737	16.972954059212586	-5.185082103826545	7.5064438998024965	-2.3973302439882493	3.6646916430658214	4.5143720314986995	2.5976548493653233	-0.33373217262563437	-0.4796715608660424	1.8154222877813906	-1.1773779247076868	0.11513275849236232	-2.3679832064348827	3.2163930257115947	-1.0510407583512555	-2.605350183475248	2.5084717031467605	0.7478757665747471	-0.7116753433966906	6.644471692367777	-1.8944335334165594	-0.9880807451771122	-0.6560907978900764	-0.7524920211965268	0.11380798832897634	3.2448210446009544	1.2247373595178854	2.2696225523125846	2.2405971001154135	3.963386273543068	0.9724827282606655	-0.9051508504518974	-0.6558028434302304	-0.3695662018471894	-0.7932315143284007	-0.5566041775302855	0.3435070347312464	0.7741545394893441	0.2555708625074073	0.4052173093822746	1.608466011589757	1.5101511379997106	0.6601578973951062	-0.5437689168466103	2.028784250730129	0.6937805058616577	-1.1404095330441804	-1.9805919183458351	0.522501457630499	0.4630531628440382	0.30706681856565526	0.3205326100002918	-0.602791367831675	-2.525026650567975	-0.519003346545782	-2.491176022421009	-1.595508429047548	1.330233251188891	-0.8125177689650492	1.095807319461443	0.8745027409361832	-0.7824808790416748	3.077195081396308	-0.20112563158188762	-0.8959396786679704	-0.06897053600369073	-0.8493738328472076	-0.5593228784469445	-0.40528912271513495	1.0377246107091018	-2.5801802676065098	0.5119211609318302	-2.054037976301521	-1.6247310154597685	1.0037486213282178	0.48352640694064664	1.4513993015350692	0.5291965134244705	0.07985844437757915	0.49787774594871304	1.8189374534068983	1.7567878182116332	-0.2590058890972372	0.08693505183214753	-1.1967672824819908	0.28046171596390734	-0.27321720741463884	-1.0623075367196884	1.0965353101025208	-0.6553633517221017	-0.9404170609142315	0.30699251223048546	0.5987393104634731	0.13836924750043708	0.6702053184499375	-0.5200992246824433	-1.3013080988726216	-0.11175169342403089
DTXSID4021268	-10.968803274140498	11.198259570658678	-8.772039174873973	8.27470664189136	-3.998610020319319	8.566500270898459	3.3583676672127556	1.7881789922795037	-3.7821616220076684	3.084774803913762	2.755958283972418	-0.5644929607347741	3.1272352626344446	-2.748890553350885	-0.8478279254115458	-2.9751445801066922	-3.7089296677391577	-3.050749351196095	0.5982803219562532	-1.963056369049707	-0.5743591527884979	1.1095211288437064	-0.8557808732174041	0.942174404120899	-0.3535228779888245	0.509122167456928	-1.233084711966892	1.1049872954036413	-0.05652460935782863	0.9152310514677665	-0.4305056822827754	-0.7076614228478743	1.158446525704591	-0.9159246032296278	-1.3096004319231314	-0.46951030520993403	-0.7866120521016042	0.49474106741912977	-0.35066357863967684	-1.0707117295270343	1.7048426541839754	0.480994178690846	-1.6415017678854156	-2.8912041780809767	1.0849501693652241	0.434942686775251	-0.661523337878572	0.32512591938802365	0.315882214444935	1.3147495719378448	0.6126506375508444	1.4384569554508204	0.5074026415408958	-0.39007344949350836	-0.019619322634873648	1.0822153414447482	-0.8665577286334907	0.010820942138657853	0.005653208525622944	0.5033806030135944	-0.009040912744504566	-1.033431451209407	0.042313771167786667	0.20169201358243585	0.48793194016708025	-0.2383091786963409	-0.4276735489626975	-0.13788623172552572	-0.35090800357298546	-0.17745008177720084	0.627043681632949	-0.6641327822318255	-0.6308761242904125	-0.28168380381096797	-0.1283349916830379	-0.5050452891181089	-1.0866914670177041	-0.3292081631696172	0.4860831277015486	-0.19491126615340468	0.3134767122121773	1.1250567886679959	0.0408469129725787	1.264154410240319	0.6639657272321625	-1.4069599813783253	-0.12679747788071133	-1.3950087394167312	0.1885025144910439	-0.9308023131068006	0.5210792456043495	-0.8636449809570699	-1.1596223381988855	0.1243703875103277	1.0574266748035694	-0.6401750784758691	0.6148753405022296	0.9713783036313614	1.083923823241815	-0.25299251666214906
DTXSID4021395	7.21059240667877	12.146591500109523	-11.89339813487122	3.011386009674853	7.892079337706746	-7.020048043904384	-4.613512679306345	-2.8916952385003984	5.619873481222982	4.338162949453435	-4.152531918300663	-4.128988829255476	-1.6094324195164906	0.7504726357977404	1.0506250987099859	-0.23000363493720621	-0.4751113743332621	-2.3914309131824494	0.46706417829474134	-0.4174103911882486	1.8692753259146817	0.8346682234433176	-1.326085220991473	1.5488843910107941	0.12512210083717326	0.5750886779576342	-0.13206523714833326	-0.9805796848429406	0.3654637861389335	0.17402433228134295	0.1205522088195242	0.9211965955501892	0.4289264885969493	0.6783237373362964	-2.241680916615782	0.7960535864527059	0.3747239716004329	-1.8840927892560622	-1.2553297631704226	-0.8404998072621718	1.3638914474530703	-0.9426548568455919	0.9906430565544907	0.4922809248423263	-0.5979061305526414	0.8358564968307417	0.9072619644695802	0.09359348691799932	0.10684846045632473	0.4162035196954702	0.044513057740620414	1.3740804407554223	0.9004109093033152	-1.791749015258161	-0.6450117798019662	0.17701002105027944	-0.46806140494566634	-0.4173082518369417	1.2249203742064014	-0.43053188221941757	0.6682673553901499	0.7007782220155959	-0.3065108949696047	0.8142053155630702	0.5501155592679244	-0.17046386384501958	0.9041994858450096	0.3874578357520593	1.393607738984684	-1.0803173239048869	0.4845793467030482	0.3199024328127239	0.10327597631662232	0.5914320958331467	-0.8828311719702937	-1.0459458734693996	-0.3096946600568527	1.065930922411028	-0.03178265619990537	0.9100401731486507	1.4459796503465974	0.9235639490522162	-1.0761365969394863	0.6857985748516768	0.1884751640843744	-0.004279387998607081	-0.6908578723341381	0.17397797236170648	0.17284376621518072	0.5245306813273183	1.1706539326769434	0.0018270193323835762	1.0300633703602609	0.2659629080029213	0.43780627176085574	-0.09691843337371481	0.048308317865254385	-0.21333487686057298	-1.4521765049991406	0.33003001366101903
DTXSID4021391	11.283497137149691	-0.2884439784723396	3.7885452146859775	-4.599474200554109	9.871089696846063	1.1596214809818393	5.2861782926395815	-2.140041404799101	-0.25744710834413825	-7.344212779506293	-2.1769391033055725	3.7090767886677645	0.7493694655570786	0.9427963859427787	4.0993206880526305	1.1417083403728758	0.3080242254883247	-5.742639923138691	1.4787538910361935	0.7380972840736306	-3.758733797345834	1.060557765280074	-1.3622304588204137	-1.625110284904608	1.8680477294590887	1.1025903177149516	-2.507233756692889	-0.2532583462617621	-3.870034663220341	0.6069967120914009	-0.1889701777413665	-1.3980633936849411	-1.010211656725785	0.8486381352243314	0.37904373527607127	-0.34240579932734544	-3.7684156576225503	-0.11523008053138344	-0.14001691329024257	2.7106656482889417	-1.8325620026316167	0.42807043667957545	-0.7325761760852907	-2.265680364122339	1.2343111872730994	0.08416706613272652	-0.1333120462053698	-0.7268136112311556	-0.6581643515911014	-0.1949823464187785	-2.2540202490321923	1.4928713635222561	1.9534404400134944	0.44181370717495555	2.9404571488293074	0.9065577027657279	-0.8650086424971087	0.10194855131002521	-0.3706664119713918	-1.1609816789115137	-0.4540859562891569	-0.3992442298805247	1.6876819572689545	0.34847466759602	0.31259100725311795	-1.3978811777708486	1.7472689612967869	-0.23731258494515245	1.046241097245991	0.4025836418441839	-0.469487203695872	0.8000815673932937	0.4225460669155021	0.8008129761251122	0.8294810444043853	0.2751857448864029	-1.3413525881937574	0.2665137908987193	1.4034426907131852	0.3764460889074788	3.2882087638520163	1.5126095484947977	1.0284525526321828	0.6517231275979034	-1.0471750769871133	-0.14631520577102694	-0.3799864016770672	0.6754532837347414	0.20409200312332412	-1.4243035588343618	0.8698778169320107	0.34003233989578907	-0.8764967977518834	0.28855407983569287	-0.30685373992733994	-0.1756791944442641	-0.4852708990161558	0.2770889419875266	0.4915686205720131	-0.585360698842153
DTXSID4021478	11.416496319897059	-25.739462862262428	5.70907608745981	13.445044209673227	0.5200185154357597	-4.290373753680926	3.6133749165526607	1.0364880415156517	-1.0764416775239625	3.112502119315224	3.3923427519394	-3.2172226068180696	2.2659942103304442	2.862701716632156	-1.0728765962855478	-1.3026616829905604	0.6371718745039987	-1.4818063916153068	-1.744915301495647	0.9969827231082681	0.13572962093184776	-0.7150534300009015	0.9239111969787657	-0.08107284859505444	-0.45473540652208844	0.16814908943822743	-1.496214870264476	0.19785966792256499	-1.5100314768458158	-0.7897637924886909	0.05477982573171617	0.6022694236265963	0.4366737940592811	0.42993811792027353	1.1767499052540715	-0.5528033779085333	0.4564767009122737	-1.8366360426798896	0.6788847399661943	-0.7163007028933658	-0.3176631391353619	0.7377283360641492	-0.5891561730555026	0.3787947194215067	0.48006213880449494	0.7033578978749014	-0.7532850152262339	1.7671464071145584	0.11407825589983685	1.1030777157342073	-0.24504231685264855	0.01218980678593914	0.7309410199802077	-0.08539526972116626	-0.3381725165554283	-1.2557494150127266	0.6429767530132519	-0.3038849130608889	-1.6429557861135915	0.05718874626215095	1.1778318489677708	-0.022935019623712215	1.7483255120682892	0.004395834537967501	-0.2822686755848004	0.37777399988002897	0.876888401643833	-0.88615838438704	-0.4821011503843166	0.70998659621319	1.0162618796862883	1.0538934457290248	0.5794347427356197	0.4110405678574337	-0.09111374657234998	0.16527018277607902	0.675093979628887	1.209060351335345	-0.8661034544513669	-0.11692016268021191	-1.953173824513122	0.273321780351164	-1.3154593426884624	-0.4956874993272911	-0.062465719846461834	1.1320527201644586	0.9323597956151143	-0.33847683587415245	0.489285130805975	-0.6226931269297992	-0.21075544590750703	0.20960884131749263	0.3581730060023638	-0.03290728734441398	-0.34079684369902186	-0.1298925393795931	0.9774640576413416	-0.4354204514842687	0.2954072089781343	-0.6170323415420221
DTXSID4021717	-22.06066234454161	2.040270914880798	5.078569421223891	5.435843030752695	-0.8148957102168071	-0.993156458423278	-1.0418085555583172	-1.5204466663438794	-2.608289381898446	-0.2630790748454328	-0.028015313887080593	2.0216397862634445	1.0673335128809907	-0.8583876157864222	3.797125238110454	0.9590433799560322	-1.979485253039987	-0.053766269452677415	0.5979376219216445	-0.7991385704196163	-1.1415951323776594	1.2549810930733067	0.7499607163029764	-0.7096605928552102	-0.13072986930771546	-1.5224337808498027	0.588845860638481	0.42103713525656977	-2.6797412931365887	0.34659687639601366	-1.2009396776062222	-1.2144086886744558	-0.40762170221676136	0.02200385842047792	0.871120637055352	-0.1109563708195001	-0.49196481815845705	-0.18112799828675089	0.6321154237009818	-2.8435819605395642	1.2271533742037604	-0.6657524348792534	-0.07130434325595209	1.3892407469264638	-0.4829998553858124	-0.31974685829688765	1.466312150956183	-0.1904505685680069	-0.24508631579709328	0.7634213574212774	1.0778099176576064	0.36745108951891653	-0.042067664680666486	-0.4542938110250733	0.5400029437584711	0.09837377903884069	0.7150318630951015	-0.8674465063561625	0.6381683803509255	-0.30091049167529277	-0.8802491958921106	0.6447642183832414	-0.06384690830131438	-0.4124439359338672	-0.7211750356351719	-0.2329633868952245	0.04334791735955891	0.8250677058809954	1.1262080653282684	-0.08859543478406622	0.43106312979641687	1.6129469872177862	0.8673194113252601	-0.8223685360751417	0.14870812258925184	-1.95920145619767	-0.9183113833951488	-0.7603427933166245	-0.7073723874212714	0.23432398632286902	-0.543757028170694	-0.8903579214624348	1.4436074285593703	-0.3719455157986062	-1.108482963928715	0.22522238199406167	0.20603232826127849	-0.174819118637428	1.5229126022582546	-0.09638429212830363	0.0005630225312685196	0.7574479287838954	2.0209403322385526	-1.5557884147082734	-0.6913988474699387	-0.3722186234145488	0.10701060793064923	-0.6007317762806546	0.3904758758724442	0.5525264959055354
DTXSID4022313	-3.4475400130201344	12.230577177939706	-0.6302737362749062	1.6327258723228648	17.182903994989452	-0.08932627833680351	5.336519847877153	-5.551611833385843	-5.820241714428477	-1.4894284991788043	3.103821330428506	-1.6667637307479457	1.9418170389513274	0.8282639385115481	0.3934956121795158	2.059912076858564	-0.8480603438449763	2.7392685136875157	0.8702836342501955	-0.218397774077347	1.7489916072027074	-2.1876821994937656	-0.5144811719402248	-0.9601667447351958	-0.942339251301993	-0.16842599899758798	-0.6813343767206496	-0.14574029326455443	1.4141118974390776	0.4784680073562602	1.580634759658029	1.5759171633244005	-0.2917803612074709	1.0599568959219101	-0.14423960220686005	-2.2675924734236226	-0.6685474001875865	1.568846180433782	0.9421672839694257	-0.4086818617575266	0.3397646971082375	0.12045413070900074	2.134881193591286	0.3739548835002585	1.8280921700443682	0.6525348955130352	0.6526534556423893	-0.28066341491446667	-1.9276821068418952	1.05603729471607	1.1512466678881286	-0.08481734281725423	-0.8863584869306994	-0.39814438245290024	-1.1039812828150917	0.21332423091848587	-0.686578357985462	0.17433739910939597	3.1300171639852064	1.421847846347232	-0.7827889474819636	-0.3108022043193107	-0.11553465304584003	0.3581970107951039	-1.195076469029613	1.8249465567782557	-1.2393063773934399	1.0054770742063597	1.037661347666199	-0.0748352290288528	0.9050013459371145	0.8139619528960333	-1.0102363121279987	0.3857183314187591	2.1615931740323893	1.8100645850309909	-1.7674298027956885	-0.6518445757190138	1.6955129030987846	0.6304669043741397	-1.27832115842967	-1.238431704162072	-1.5252683923760144	-1.2992466187756158	-0.9343036182623303	0.16019861303899532	0.1756954364641754	1.3960955863100377	-1.7558545199103168	0.8522866371504535	-0.18024755074164212	-0.3572409406509956	1.1817403223387324	-1.1007438828668854	-0.34964526137491503	-0.36418696666084577	-0.14091610736057422	-1.0101862117152098	0.19607683419311076	0.983983908532766
DTXSID4022448	1.5751963937542484	3.961534527933677	-13.897968307331965	-5.181484915349895	-0.023276283623692894	1.1257982971666918	4.634124567596554	3.269517518510099	-0.8583626006143089	-2.7768913147443564	2.905336485936826	-3.1140013404708897	-2.2219790559899115	1.4783142614426812	3.170044189600671	2.674322361258693	-1.1576668635064673	1.3925381986103753	-3.0169734749992694	-2.018062743525226	0.6503384290309615	-0.16066151020810193	-1.2464557912655343	-0.7039236183080582	-0.36606659172079925	-0.7059405383340486	-1.6481576221240237	-1.2702728787322952	-0.23111063863024048	0.817826997892321	-1.4347305816370914	-0.0008762382357468393	-0.6057785199386462	-0.7316309832537393	0.69312369679764	-0.21461172602847095	1.1417125513708886	1.789069984784048	0.023696367457185785	-1.653490948325855	0.7811020875022069	-0.8471729230479681	0.826598979069686	-1.2317919574287393	1.2334408211138381	1.4056339709360448	-4.117887831109039	2.2065243014348717	1.757391263590465	-0.9963345381603247	2.5249369512254702	-0.3454201853644112	1.5267823770366806	-0.7400038590034873	-1.4964593829938457	-0.6238241569591356	0.11344865878478068	0.2784590465774541	1.954983500725648	0.19700818298228487	-0.3852663013971385	1.5295134881410717	1.5555591668557942	1.1051439262463165	2.6015352430174525	-0.4989018848014948	-0.5596388838022145	-1.3379836514303622	0.8818583897780307	0.9005006638922515	-0.7509726396686361	1.1508733632160588	0.350840192404698	0.5061440792639735	1.0069649859138277	0.25984768123533714	-1.0040723993373941	-0.336948385209166	-1.9525812475213884	1.4798806474852946	1.3070876766391626	1.9443481501160509	1.1609101460791815	1.4235668614538164	0.5916357039411688	-2.3740014622995487	-0.6652208366513847	0.2299424840475581	1.1178661777852015	-0.2402934831377264	-0.39836381062604165	0.6845004167180561	-0.7940145896896916	-0.21172811025663604	0.6745758167214098	-2.0407770365306783	1.4084322386476544	0.7883954194998817	1.471681859173246	-0.29016096662958124
DTXSID4022529	-12.579831499010671	2.0551256698187017	-5.228672868605318	-3.2039740799732632	-15.704200993509406	-8.396839572832647	-2.132799987085432	-1.4223289315220613	-4.226945166171012	-0.46354498120800425	3.61319499050777	-0.13929541646963575	1.2371847773915035	1.4079264055582477	-0.4029468118240143	0.5864220102362186	-0.3319525436696539	0.35238873136294835	1.0213853956474523	-1.8038801339042325	-2.7639931889408675	-0.9474334823957737	2.8604066927412037	-0.7960935251141228	1.476216314768124	-0.0842875913455391	-0.3892373877665816	-0.010456373131985443	-0.4741581187642695	-1.0968333419765572	4.854251661914311	-0.7084101854666734	-1.142710552208225	1.4325389896291727	0.9256887099276777	-0.04174432425559342	0.9129335810164526	-0.997824805140691	0.027385531044911537	0.3176237785672777	-1.85053920312237	0.8772589218723238	-0.1535844026058441	-0.6929993108818248	-0.37389363716328855	1.172057292785281	0.276382651143437	-1.4943571404481522	0.023256183625992514	1.3166766902012812	1.6489787693325044	-0.25093056109489814	0.26507035583633376	-0.0855758690256449	-0.7763896636906237	-0.9325793012374045	0.20010670462781488	0.7379033451694292	0.5359497432283293	0.7280449423037266	-1.4632916548346233	0.3325816454465924	-0.345342308043629	-1.8361410683129153	0.8750981814783291	-0.5417975864116149	0.957503303708057	-0.2677190117851757	-1.2743363797746978	-0.5258556170138109	0.9707094269654322	0.596738504507154	0.12787347740333424	-0.007016551125688437	-0.5598031096996027	-0.03303255361880421	0.9313124293791359	-0.2617027635525025	-0.8510500478810428	0.3458533394214106	0.9090275788737646	-1.2765838006967978	-1.03725387568256	0.6716284174242456	-0.5525161253722318	0.0040200747993262296	-0.8338571938203102	-1.0842071539980478	-0.8492892725366101	0.08201118035905788	0.048181856147113365	1.2533759334387047	0.31630366692556616	0.3994919020792049	-1.5530858764603954	-0.3726522106018911	-0.5589794821539164	1.8258158134139983	0.28373347960807355	0.13427832469356782
DTXSID4022527	-9.109629193020757	2.4629654970913615	-5.042811265465478	-5.814052031613857	-12.665602838014218	-5.130876846067956	3.3177898883387877	1.1620183615579547	-2.415215423756412	-0.8711837514924593	0.4827644725982755	1.0811624211913125	3.1942566455915316	1.5776957631012336	2.36209628007591	0.14321445153011506	-1.3670713426822418	-1.5775144544765478	-1.7055889038538679	-3.0293511946927834	0.2924378593244393	0.07415982101221436	4.140187772237075	1.2383442716467687	-0.12150357937849955	0.6998284834543821	1.5639375736779275	-1.1611412592021384	-1.7675157711923806	0.7282506881071944	1.4985262671721502	-1.7904800750080045	-0.04928103393507242	1.6591109893969376	2.802209864023004	0.6284886696747249	-0.6656160339900912	-1.1837779498090841	0.031156570123083274	0.001406583335292221	0.38155324141182745	-0.7317782698582423	-0.8049641349475504	-1.7004212289297373	1.6183096746684054	0.04883368345089088	0.5468070950414039	-0.9741823375210105	0.703076639577199	0.802099372202717	2.035411138581469	-1.1690642555539124	0.00497886700432558	-1.1419094360744713	0.6782807204141812	-1.6489543019486195	-0.9347615437435879	1.2135141863127756	-0.0031957857120578745	2.1329294745167755	-0.08720559569997131	0.44834319846207216	2.085758921622943	-0.4486362903437066	-1.4216464453713291	-0.6089872084283093	-0.5376552225360997	0.27666953344011175	1.5427203720270621	0.37798373206157715	-1.4252523484415165	1.640750672476631	-1.3923505810135017	1.2118673117896197	0.18873114717590095	0.3204533305985301	1.7974392842408151	0.19200252905893667	2.1707447479413657	-0.3257231995681419	-0.3789961676154876	-0.033340933191314474	0.4050387897475382	0.19730389296638276	0.8066805746582548	-0.10414219326322763	-1.0989326544503155	0.29324880181002405	3.10285880682579	-0.4675751254199147	0.07880897305273901	-0.9616394896364377	0.7186862024481201	-0.10046647631475078	-0.20970723021225723	0.26709968787959953	-0.6268712453464869	0.43615797295453956	-0.5178342330076786	0.36325838736931965
DTXSID4022367	11.848141114992401	-23.097444586649306	6.958984403333394	14.072039608661864	-1.3403821667878337	-5.2534858119842704	5.110526320714278	1.9062530656260157	-1.788125534348209	2.5936319909465393	2.126152775752221	-2.1358535415867896	2.041718331364153	4.403740919915762	-0.722117782960151	0.7318166968522776	0.2711417688290094	-0.5470456111951579	-0.057763180147059424	2.4344317384418184	1.494232594716171	0.8135688330301796	0.49964022260407553	-0.40935642588276516	0.44870812218138667	-0.39982215141991556	-0.5343874271465501	0.9059782532278601	0.4374638841112267	0.5357602129618648	-1.6172753721222164	0.6050604025823121	0.6619156574206687	-0.43847961012164877	0.6486655692287896	1.1517554182064842	-1.5997303451781197	0.5214353613048432	-0.2166739168805059	0.7868112840711844	1.1155066514272483	-0.024607993879072258	0.0031442841644905442	-1.321638484949366	0.21350436103692155	-0.6138063648916375	0.7708421885874646	0.21584945022131574	-0.6819645036439446	-0.5667613373473928	-0.4676199878890856	-0.9869259930870061	0.006601595342457509	-1.7444382818516249	-0.03878936603397565	0.20768686374569265	-0.4461704086903361	1.0404356958700356	0.4693578153736531	-0.6793316909072428	-0.4734694543560022	0.0778068309656446	1.0739168252919482	-1.5996518401801072	0.27863573837396494	0.5417231919853306	0.7999383957700049	0.44568216412805584	0.24997846702026982	0.21600050655450448	1.4189780804368568	0.08692459002258913	-0.23052643868750464	-0.34546205635649	0.19854073955463397	-1.172344308906629	1.0801858744550819	-0.5079944570841765	0.1711565481322064	-0.8291865175105295	0.32736769839881685	-0.7137818520737853	1.5353000442474884	-0.8682845535383754	0.28750494147461897	0.17333636366612623	-0.401441707227961	0.37275368446089935	0.5521708130477185	-0.734196144195475	-1.0854539224658464	1.3537521146875664	-1.1394829438810736	-1.5226855860627613	-0.8106382655516263	-0.6241102623917706	1.284899817920967	1.3985109782860092	0.9521447590305626	-0.16119034414204558
DTXSID4024062	-21.756500593528063	-2.0543142408742323	7.331849286041587	1.73769118532983	-7.423227375748805	-4.085143649912504	-4.409736193106633	-3.8443202651377995	-3.0517275112970164	0.011432274520881492	-0.08982425342925823	0.011873467705250666	-0.8848231112088348	0.7571012242748436	2.616826076619289	1.4565721920313444	-0.6669122121879149	-0.11931581562157574	-0.328325591973948	0.7832713672869196	0.5116608559919591	2.346125290488192	0.7823876508371072	0.49480192456798816	0.38905578790762174	-0.617777620012758	-1.0159197702659315	-1.9025590802676924	-1.6025575717114409	-2.466905043888549	-0.1594099485472687	-0.8727282884137572	-0.7805707606592601	0.4547294460369277	0.24718047002683005	-0.2803575389445592	0.9172992238953996	-1.3368976548085343	0.5111942304884716	0.7194421073940541	0.8418421715228285	0.9932955821278164	-0.17142305394426663	0.1496924209488563	1.6919011896139595	-0.8103994428345228	-0.21421608285340255	-0.7645761124795685	-1.0805671048987588	-1.7136110034446357	0.6045384934221341	-0.5783651178847893	0.06675390433435756	1.302996105686303	0.8490210864403512	1.9768825522076123	-0.36408696900647314	-0.43047898633755727	0.3593875971260139	-0.8512193968256481	0.014302197308828217	1.6098220864747996	-0.7137569713466644	0.33168286941563135	0.5703676440889122	0.31636681351599555	-1.2349113611110538	0.2756552688371712	-1.6087527259480716	2.681524305980326	0.09400752521841305	0.4400196651429412	1.262454701354345	1.1487729754700997	0.4428721023106661	-0.48413976356822774	0.32511868075698397	-0.793176142288261	-0.03591062602898099	0.28901602239580493	-0.6676187937355328	0.07500511482694988	-0.05447514456024097	0.7091919972575805	-1.754163270321085	-0.7670281037446695	1.043130178955462	0.4035046790795516	-0.8524423719208768	0.10595696125571472	-0.00229456648977775	-0.47612244111031526	-1.1878910247325383	0.04158737323703002	0.34672026830310165	0.04754118687796718	-0.774558267822078	0.013123504836520696	0.7730890582899089	0.7100441840814072
DTXSID4024272	-7.506200039244598	7.144100737046115	-11.417343437432795	7.2448457409168014	-9.916429994212088	10.150362869485448	1.9915162789824368	4.638026965008657	2.413540440257584	-0.030475262388659694	3.0112244459244413	-4.864536002075667	-3.9555971077908465	-2.054568380568756	-2.113803230834373	1.0688470512205024	1.376516533008043	-3.7149075957738766	0.6156745895541191	1.0771663717804496	-0.2138433320807885	-0.12595167232875804	-0.6092669610505267	0.7451308535292114	-0.2738628692667766	-0.9748078664424745	-0.2840591059554713	-2.7483047673230208	2.4377566333293648	-1.4719484670315652	-0.1512850832664601	1.0869656988513277	0.7371601738864354	2.7101181528270257	0.6282873136728516	-2.3203143564638236	0.8912836242953485	-0.6965836115512227	0.4965530938737874	1.0947500621729584	-1.2406376971488382	0.64442559285716	2.2771433368841727	-0.020694501276940398	-0.8903609596555068	1.3130216231328475	-0.21734241511873115	-1.811797399494939	-1.0586775062706422	-0.7478731324687051	-0.14777024593522775	1.175091018068172	0.34463848846649126	0.1415688266664888	-0.19344559844371179	-1.5520538074209844	-0.10123176552835854	-0.13796771179972445	-1.0705122055678853	0.11101809196747733	1.427868352274285	-0.45257124012061717	0.04503162390752482	-1.0103820280595823	-0.22937267043341303	-1.55620391888879	-1.331595701310686	-0.1573739480525615	-0.1867710259659123	0.9794247883049774	0.13908375124846958	-0.27943107391649435	0.049126459747067225	0.6935430103539754	-0.25415565055685924	0.8753754417835475	2.6606162448310737	-0.7619832254481855	0.26527631169368876	0.43368524245489376	-0.4241691972110909	0.5327474086397942	0.919677634877813	-0.5244271127249073	0.11477169922923589	-0.6889981219701815	-0.5245426397914198	0.09658906044278255	0.0989850558211211	0.1409887829542503	0.10459148100832416	0.027405800110058217	0.5923106813836109	-1.36663771430775	-1.418308227435349	-0.19410859743755027	-0.14175640336506237	-1.7500410135834716	0.07984085899961199	-0.2832971035037547
DTXSID4024270	10.701342535994742	12.522855640465863	-7.76619041302032	-2.901545814288216	5.1628896440478895	1.3464002134892512	1.7514000864181738	-0.5300823605546686	-3.598670732692905	3.4189259422454734	2.3919081252613013	-1.3926981463416093	2.7965711944371425	4.588517077423596	1.608021665621873	-1.4590320960711956	-1.5032460593544625	0.7439277739733111	-2.2523717058268318	-1.7428058831970352	1.0780173189095763	1.2146040510969842	1.5234244231260914	0.4251197219403401	-1.3898394067017954	-0.1600452572571863	-1.1968314136235407	-1.3600063684094228	0.24002573128766266	-0.7071846160333559	1.986360191150066	0.45627370571709586	0.136452949415111	-1.179798943691066	-1.0318395479180411	-0.11888938036069124	1.0226804368676934	-4.452410799187167	-0.9457868889929713	1.876133139141359	-0.5790915497784552	-0.11896007573032291	-1.334368609604954	-0.8585864267917447	-0.14089423294120917	0.48968089497729383	-1.0956767905540925	-0.6743329375184718	0.09542990146185881	-0.22040473454493706	-0.9577833753616678	1.0642985288038183	0.2632463408592378	-1.8755861512859546	-1.0482739618923897	-0.3586593029017685	-0.11514712140975823	-0.8557256538214306	0.7631694540030253	1.17618845862242	-1.3981974228209024	-1.4038845207898079	0.5885955406968236	-0.3940346328575109	-0.3205257665019194	1.0989781193540145	0.15481614727342	1.8885524963964482	0.1190241595239153	2.3780010408870975	0.7961556967609053	0.2145005069661938	-0.4955258658006741	-0.07814282512818727	0.04398640794782142	-0.1006756249978999	0.8414015322006516	0.4482642079193136	1.3277796016042513	-0.624677860903484	-0.6814204960028765	1.0620799176286784	0.5755661238446012	-0.19644073214714966	-1.39722783978039	0.19422170751723963	-0.31079251917658013	1.0611869950020136	-0.41915219322229796	0.7717051252534654	1.169746693386792	-0.04724264697595354	-0.08466000042843218	1.3837043298759693	1.194799629184957	0.8809218850267543	0.7474681964092453	-0.20308407336233375	0.5829433883734305	1.1319699227788405
DTXSID4027236	-8.896709676783424	5.917630603614274	-14.574229517939628	6.181715951042323	4.381054189540539	-11.712292649685223	-5.770376964073117	-0.9165977218988192	7.576148415899711	0.2922043161285277	-1.8151418779510238	-4.585734532740808	1.016175106725301	-2.454342472429095	-0.4157733574918201	2.326867276450772	-3.9485258036452233	-1.3718003297824424	1.9266426756792023	1.6367410584683288	-2.923615248740238	-1.8383814109748209	-0.4350173930105593	-0.9432647154017725	-0.7915103790833377	-0.1633973174986186	0.22567863307961636	-0.04199012025998239	-1.3200301872770113	0.01380582557928804	-0.48476505895419036	-0.3141454647065272	-0.5740046181868829	-0.3593293202860058	-0.37306459216247057	-0.696806666729128	-1.1681037785175805	0.14515863969369178	-0.6087378416884305	0.5074370954833439	0.04939435807001021	-0.45927194569776547	-0.17735316151793748	-0.02028759309956183	-1.5115557430516975	-1.992124533668358	0.4267400827228518	-0.3775155911317957	1.6351569543108915	-0.21274751814515272	1.7907155223999998	-1.0038091669785183	0.4959823706444523	-0.9002268505665906	1.8551318589372523	1.7439017841190212	-1.4088270263538656	0.6692101535724916	-1.6230447168202773	1.1797990067280124	-0.6533325937592267	0.017653042209332094	0.4067738159264376	0.49600149553390105	-0.28938269073645134	-0.8383503226370055	1.4299672425172747	-0.250689969302548	0.05792157929276477	-0.3444024998688744	0.4121464242222429	-0.19885911583929297	1.2561454191273482	-0.11997597998262172	1.2370488060331128	-0.06213658440308319	0.5549118828207259	0.7627273135450485	1.3592940255403103	1.2451283424378419	0.3819651465720512	-1.5503317638602918	-0.3251829100237007	0.5774859383096949	0.06248147628600646	0.3770730946912641	0.4015203627180633	0.0904370365540594	0.03388192469378792	-0.4335145882438475	-0.0424772154926639	-0.17298523113284398	0.7694358122620331	-0.6580866448198314	-1.0824367351404414	0.37295267916269437	0.4210355083527394	-0.51244928369434	-0.15801795387956644	-0.9286715169948216
DTXSID4027494	-22.41789147377679	-0.585827640921417	6.277376385577055	6.200403888113044	-2.9668202431180397	2.954208480464203	-3.3820814841339826	0.6670377753701535	-0.14113394041391294	-0.5064702773881675	0.06868595788926826	0.8177809691641378	2.749669866947887	-0.3521844011730411	3.5172255663053855	1.2906136948346063	2.2919893425539364	-0.4071521014920944	0.17491220685286968	1.7394452930883195	1.863695849587162	-0.9383419084323186	-1.6903513909554921	0.5815582960984601	-0.4668867303395223	-0.7069445330987195	-0.9272712480036669	-0.4164687480928923	0.033297185567838866	-2.172499137331728	0.018341244497427692	-0.5632200682550783	0.006375744554197529	1.4610096885446926	-0.7401137727034517	-0.2050016281261084	0.9372998542397274	0.38440612145850617	-0.5798943470775911	0.542819906649035	-0.6450357498794228	-1.6904373044337841	-0.283663879922665	0.13155788386697445	-0.19095940021833868	0.7469219973580599	-1.4774738513611494	1.5729886019466572	0.13734765432253426	1.0551305408065954	0.22526242882312952	-0.5912918776243081	0.5247605911601069	-1.8671472054296228	0.8354736452250012	0.5601211381877634	-0.470306132033372	-0.07340263693563055	0.39643980893806813	0.376476815926759	0.3976408139332659	1.2835045046738038	-0.7970217943173702	0.11480244702587579	-0.797253845627724	0.03229456742451827	-0.7202133377282477	0.8464466591991234	1.307414906065293	1.5103696564448157	0.7670698573156778	-1.476164458413528	-0.8967650162826539	0.7732184861878845	-0.8053742546992081	0.0284837681194081	0.5368370460995132	-1.0560582187379752	-0.6147545107849599	0.3864550361134785	1.0012251285346965	0.24244874306243977	-0.04446650173123676	-1.0771066138202703	1.8893370760705384	-1.5090671590900537	-0.424020473936042	-0.416866696113615	-0.015179764116668165	1.1252762686795845	1.2398218819529574	0.5619776225254315	0.2816308029752864	0.11709241243190674	-0.05081275230053951	0.6348091534489388	0.14533214340647901	0.06341127512000573	-1.5605438766854456	-0.3839471703474219
DTXSID4027608	-4.656619517260019	10.33628772066098	-12.64392706120299	7.884356421641399	-4.844322251074605	9.804886970157757	4.839739020402924	1.5580238010302674	-1.9864807123746042	1.3413817795505585	2.4412534869440172	-3.6647507421008747	-4.950933008944579	-2.6159081345967943	-0.825648528809982	-0.12050056168838055	-1.871968341909417	-2.2484053878271046	-1.2825555472055314	-0.5090374970798819	-0.13047920694607754	1.27722802458854	0.7152571984986171	1.9931606524632504	-0.08844353274775775	1.210589454757398	0.5452480737476328	0.3652795279996444	0.13329769150361462	1.9986436085107568	-0.20792148107425903	-0.17211653441393987	-0.1295977121754802	-0.8691148972777274	0.7362399157254408	0.5948560143818117	0.2296473317693576	-0.4884274447605049	0.5841987673347392	-1.281806399781933	-0.7403225970813346	0.051092084721607596	-0.19599437575234996	-1.0884467453058657	0.1823144090537253	-0.6518305245510354	0.1449892419030508	0.933812214219555	1.0976264573788004	0.5894945596389385	0.8613755036524822	1.6959066872500925	0.8097903009285794	0.4690650937238656	1.7877779609436306	-0.5026292159511516	-0.36810985104296035	0.28425415012906724	0.4608831038017091	0.3940243819784965	0.2923826518006699	-0.2647525635068569	-0.5322687536102549	-0.0716914703078038	-0.22534716294638996	-1.6258268169183734	1.9169828725246165	-0.9795807331534528	0.8310507987803178	1.1428877866960638	1.5955481167468715	-0.5519470603678895	0.1284289708056665	-0.32663428642047226	0.6562426879324416	0.1261706455292726	-0.29050149893601396	0.5065300787459032	0.21804270572977233	0.18476872903710626	-0.46564362884549443	-1.0731332804723595	0.3972032492288259	-0.7727502466423349	0.24319840078396074	-1.238341929475195	0.6643139781987499	-2.1779479108072977	-0.3947979259357478	-0.07075133429486327	0.6646007181808364	-1.5921147400573017	-0.06236055696009904	-0.11294239868304365	-0.881571731328349	1.1041038042784264	-0.30126379671140413	0.8539212277133442	0.45977508652380644	0.7870789524218403
DTXSID4032532	18.021405139260885	10.494826014569554	-3.3231453638326798	0.6078553866180497	2.2136813579707924	2.8952690634247134	-3.5162963165266	1.4528178052616267	-3.4087763699361826	2.872665591727287	-2.552181094077077	-0.9854438333121192	-2.2265678592406735	3.9108123576471607	2.3517317863869662	2.0466080812403264	1.0372483491584168	0.4046689380088846	1.0945784846262785	-1.3884794105560911	-0.05747220553874696	0.9674152339748419	-1.2746301448624908	1.3615713794086701	0.08726729412312405	-0.19152066341923343	-0.2137962208510283	0.947331244617317	0.4131470437450465	-0.2571600297031877	-0.7434535390809478	-1.1211567727582823	0.9616714687169371	-1.6228723171664479	1.0818882942271821	-1.3416307530691083	0.7198871010547274	-0.5307144094233371	-0.9734008162673651	0.26896749640640316	0.45885828058817313	-0.4945765006353868	0.01777210510453768	-0.02048272084012489	-0.4265763621755155	1.6409642521682253	-0.24080304983104833	0.8084951279916919	0.9570288063698756	0.3850567675508087	0.5485810964348768	0.08435051890789952	1.6854385346085643	-0.0356375749219297	-0.6693250570997206	-0.6635555442735155	0.1567471051556409	1.4976836981780755	-0.13444688637251578	0.35591154399653124	-2.2359633997397124	-0.16268641408001636	0.3085392570267397	-2.1288784690363705	-0.22182932350368384	0.14374180085530114	-0.5209960207162475	0.7245619605838081	-0.7733234473499316	-0.20883400495982557	-0.10646918686683338	-0.8553866763460274	-1.2419525608507285	-0.8082227644517593	-1.638810357208419	0.8339193129690569	0.3902485209581322	0.5292225210838982	1.0246777920061425	0.8594239455695153	-0.8625766788359976	-0.3377361607391734	-1.0424628995848015	-1.8399621552259633	-0.16127557832253028	-0.3876029874828462	-0.8411421079232126	0.4274913134729637	0.49765424459839536	1.2259893841958536	-0.6084070064729613	1.0072794234571882	-0.7844277799232257	0.03452343485356915	-0.6713506443879494	0.8608528124783276	-0.462280758227272	-1.153509256910452	2.1371315568813887	-2.909457585946014
DTXSID4032611	-4.152428946312905	-7.781082326872667	-17.489875709967283	-7.773532427665097	6.702988770535562	-0.04389474785218	-0.1575699152822191	-0.8285538444404151	4.697771059130964	-0.4393513770442673	8.306500873149913	5.065840373944784	1.7873131089563268	3.1729868858725294	0.14701437005454085	0.3557593279813874	0.4341777756509616	0.9539090858993845	-0.7457526855006323	1.3697431341019226	-2.4228713982684993	0.44638345521454736	0.2294937362982581	2.287177614893254	1.5186520024273076	1.5168847930755829	1.3592300862567364	-1.6596259233604544	0.6725611122298825	1.225327130328537	0.8091990869650107	1.2007120178297348	0.1394380338708261	-0.9041259199172196	0.49284331989936664	0.7986566868351269	2.754017037504583	1.5935762778258633	-0.7487777300398754	-0.7411956635546547	2.683856311851632	-0.4149259223579177	-1.229209412091007	-0.7388284232230155	-2.266334666868717	-0.038956112697509065	0.12297590931004466	-2.3240598690202345	0.5341708998545328	-0.015620372875352513	-0.7493973820725962	1.3799729071210733	-0.26156871953014893	0.3517095669990014	-0.3886223160993538	0.09623055036548779	1.4336094167842413	1.6514277839275873	-0.10245972590043063	0.8624271495225845	1.196698112117036	0.2184442991206231	0.8873086495548306	1.5234301753929844	-0.3522598259639778	0.7619469801144009	-0.7667269492563915	1.6914597246182996	-0.5663944635470395	0.132648141603004	-0.7763039511589315	0.1694882886347804	1.0864300101776603	1.024538129930906	-0.6267743284714791	1.1864273808416697	-1.4640702764112028	0.7857244284295344	-0.07902425460726807	0.7406349207914326	-0.3217803755342272	-0.265765434199501	-0.33150370588790534	0.7800766985745259	-0.38721590728476596	0.061763354124912934	0.9034646208144778	-0.9880577060988227	0.9639284885750681	0.1705247680845976	-0.016221504166200974	1.6441963315953763	1.3348440723365762	0.8033822388704627	0.2273580999481567	0.6010650841528963	0.008021685667599171	-0.3055199956724962	-0.3808596485167363	1.2019241559515816
DTXSID4032613	2.3556242500229825	6.1127907187859005	-16.251908590179596	1.5097487543688155	6.029979688463533	-7.899079280521168	-2.4695428852554793	-2.318481464915302	9.017652044879538	-0.131214615839176	1.4528517381206714	0.7597314465933915	-0.33408978887846547	-2.665444481338663	2.3572983202194817	-0.7294935000380267	-1.125450248273147	0.20056388623101268	-1.9018637671569187	0.8002391643504283	-1.8056735975444111	-0.17554985778603527	-1.2944600354655966	1.5622912113267948	0.19988051133968818	1.779720519271363	-1.4272995530384025	-2.0351295602377655	-0.6753534950143569	-0.053276334669151146	-1.582772155779017	2.487199961161912	1.7423053743032848	2.2133448496020036	-0.10006687465167294	1.2932003333579027	-0.6050574047474384	1.3432008590125974	-0.8329232084501668	0.8487582569456461	0.7304563537110523	1.9543565778150709	-0.18376443827550018	-1.4581745500935872	-0.8031963496392291	-2.5328795175696235	0.5762205140634807	1.0461698891386817	0.3462035544949717	0.00652764736601417	-0.9872285408536084	-0.10056874543464306	0.7299878698333171	0.64426115490253	-0.40276126889440744	0.7088119468112604	0.8558108849904419	0.40649940359024017	1.0313713781981275	1.3223940608455875	0.0999406194267063	0.2347925840023954	2.0919951320940897	0.5975283915753131	1.498948151950588	0.1390571101739599	-1.595605317153784	0.028103694119432	0.7762748905192627	-0.8876200702322896	0.21156004170733816	0.9482047871171404	0.36999756375801596	-0.8244133584217356	-1.167620905136259	0.8576615781637852	1.2800425979580292	-1.4791417613206908	0.6576789175345529	0.04839938636818294	-1.4394631870649799	-0.4810107303240047	-1.474869919650476	0.07528876405932068	-1.9140217552182288	0.7036627026980276	-0.44203365573803893	-0.5317708522232265	0.1631425027874681	1.6166469737807274	1.1292047708416608	-0.8817356431669559	-0.4506359763478217	0.6439354111170286	-0.1495578916375274	-0.6333430709012404	-0.11691998490774899	-0.15105985299353833	-0.3566199472980613	0.3270513861379783
DTXSID4032615	8.07190769061146	16.304240803282973	-3.397329928807003	2.8205491171525114	-4.92504398803076	-0.17383349892565803	-0.05767624819806561	6.0193442145712694	0.4658682523981022	8.979271859513744	-4.478692631091631	-0.35959525967392464	-3.404691542393076	2.456422921133487	0.2007958333751662	-3.1951563450026677	1.652803522320607	-0.5970764721643741	0.9803974046110793	1.366284009118416	-3.1671320260470006	-2.6909734441912327	2.400478004275529	0.2076399060610393	3.106672712100397	0.7690273106452828	1.551068735789678	1.7864693761359431	0.35320798607953907	0.10716747464388982	1.7231367883516517	-3.4275787710194465	-1.7827417321757824	-1.4164502041877527	1.462656454340191	0.7121336859885882	0.7772500355509709	1.6059763459297058	-2.2918653843022763	-0.23283406897084066	-1.2805637721331724	-4.678670400966091	-1.099070683178105	0.5983162234693546	1.6434457336914732	0.44198519274454595	-2.2714051949408764	0.4340960549306141	-1.2855847885851321	-4.5936758730345435	0.04358060118402023	0.2708936569620067	-0.2424830157441698	-0.42122380686261446	-0.06893707613559047	-0.1700063317987642	-1.0344904957456431	-0.4868967977203691	-2.158850373398538	1.544333452819686	0.5900044635114855	-0.1142006235311331	1.1211685172665464	-0.9918922253868059	-0.4366848321885002	-1.0192517621774286	0.2765367268985616	0.7788283250624192	0.4264839394646697	0.8576591151983368	-0.8110175520357672	-1.2710389986446247	1.653222277857193	-1.3476869307456112	0.4694333562764237	0.4610520474215518	1.1142999267527653	0.3512180882170413	-0.33628548890100063	-0.5089817808975367	0.3838076304063998	0.8090540555864928	0.14614992973690086	-0.22859909828366937	-0.43389902889104487	1.4202246198592996	-0.6370568885694644	0.043561783520833765	-0.6371102543769224	1.001079725914887	-1.02878790037566	1.1470555991876095	1.2826336372431995	-0.6505742020542	-1.0048098742075808	0.25533297713641	0.26945865028442634	0.6878034622402078	-0.30649140812215053	0.2698642453948512
DTXSID4034150	15.504912648366439	6.5999690083290705	9.577736953390787	-8.743635254034892	0.9324330444820728	1.4058484493981653	-1.9485488655301817	-1.6743177051930633	-1.2477548127872515	-3.24045054086961	0.9855886752461024	-0.7187251517797667	-0.7514718059685849	1.2594722280619277	-0.3571758758560796	-2.360924332344909	0.6694347970283716	-0.6313088091977714	1.6009821286672392	0.7222137181031646	-2.060793909528113	-1.4724852726018862	2.797154487843211	1.8033541579798276	0.2857977702508995	-2.1560911870699035	0.5478847450091856	-0.46267540481713615	0.30582543898311093	2.494875008018048	-1.274910970401777	2.1014473130541678	-0.8790629085276181	1.159427969048481	1.7136719621222798	1.7857830363584795	3.4689474081357576	-0.37116970551456596	-1.0404657039232832	0.8848303873892561	0.4305100907129001	-0.17164765609856378	0.025574831929620886	-0.8170104152623789	1.3680867658688414	0.48289638988840866	0.1694258733873301	3.4770953519927525	-0.29799100671168444	-2.4286962812768986	0.2405370300940684	-1.424877344327357	-1.2769810774383556	0.6909536728797547	0.5604154395737246	0.5783580961990039	-0.21434859050609378	-1.4664817173944165	0.7281738219808074	-2.080453894289433	0.4290077017438479	-0.26926947134583695	1.066094576918833	0.43119505473611813	-0.449205339319611	-0.8657758224632355	-0.10135073336115248	-0.27971490801919746	-0.41615980483102255	-0.8075698625652924	1.7960152422741475	0.4687108694337826	-0.16299362785578325	-1.3528576662382148	0.1482148020235745	0.17466087085591953	-2.155710419696326	1.4675510061617973	1.1130463896098997	0.012403852679901486	1.0313556636941257	-0.4726687593475407	-0.291525555284303	1.8298377298240995	0.7639942731861005	1.138604368135665	-0.19287537587461584	1.6845904525721713	-0.8389175246679386	0.40225026999654495	-0.9947688240321032	0.07794703245756346	0.09869640830608936	1.5328520222988609	-0.4796738722682701	0.15656942695988507	0.27178368744210224	-1.4029563245036254	-0.623491661378934	0.4037937008678406
DTXSID4034287	-8.93589713376987	-14.356915564818342	-2.7401145347497473	-13.60788849988251	-0.7760725974591874	-2.875981201951576	0.8555759544846755	2.8553881556084866	-7.052065414010871	4.417540638105846	-5.194932217334758	-0.3048720933571095	1.4007603193952434	-2.0397683956820525	0.013054678911182692	0.6238397618006836	0.2040991943906824	-0.9561639591138608	-0.6654928291952381	-1.8676916225225368	1.4738694574476054	-3.415948147631145	-0.7656108519146387	0.21541058870160007	0.74940705361694	-0.5276036495635632	5.016145743196347	-0.2776041635918405	-0.09586756282063014	-2.7287114468309137	-2.0073816162937157	-0.18155892970226897	2.528021986747381	-1.9654771921253111	2.3825931252158323	0.07815142170598349	-0.14122821706733474	2.173079466102801	1.7666891103822286	-2.8247485894813074	-0.5312698450970647	0.7420092542513876	-0.3675893809201662	-1.898049146093439	-0.7299661911383388	1.4344334596204646	2.714625372174073	0.332262471179811	0.13041861083225398	0.492730524176039	-0.16444632204735837	-0.9747235235804701	1.7555873005875025	-1.64730216910785	-2.991744457462896	1.3591023471780441	1.4144886970988024	1.3330007905042427	-0.7526178466538169	0.40842446714005676	-0.6181616003165354	-0.17565820197721346	0.8007264270497219	1.1146429614926894	-0.2661295325370845	-0.09323514733884374	1.0169952797178532	0.36488590491146305	-0.6551292020259843	-0.1552890423519902	1.17079569428364	-0.014683708555316734	-1.5855493262776212	0.2584401994658497	-1.1257703247454016	0.051847105258969836	-1.0530564402012323	-0.25279560431359055	0.49388235085672005	-0.08166813923382424	1.7980514635364442	-0.16154823098776047	-1.060599334951578	-1.437322060612645	-1.0122127158360823	-2.955212662155855	0.44934088711592834	1.3320300974523618	-1.1689664906427468	-0.5390656105511759	0.0852646972105881	-0.49955483648970883	-0.8878154585858399	1.1423372672377579	0.1818525057939676	0.7285672835455852	-0.06535667386893215	0.6239550644868136	0.35825493787528445	0.6513329640238782
DTXSID4034601	13.683202570581958	-16.739589862421766	1.3291228880029355	4.173669619405496	-1.1873316556346074	3.171699107497919	4.470824631473436	-2.2826798359980613	2.991650490417288	-2.6477812854312273	-3.0495409918012495	-0.4615357835891115	-3.3187943817889938	-5.056172287993926	2.730882791427381	0.40791719135013493	0.16970836712372842	1.2723914417225224	0.29571387993865855	-1.488063007028938	-2.4329705411738165	1.2561625874945122	0.053523822521568114	-0.8015655313330002	0.1696195714556032	-3.5414812485942933	0.8149436265094289	-1.432074533762746	-0.46142101647434675	0.025410403256530083	0.6757766436951108	-0.22457223983793131	-2.8664153177839875	-0.919079085439165	-0.39928038530126736	0.3478918184306459	-0.40267876877979164	0.38779862855842095	-0.39271562702157253	1.7497864949278474	0.06291383682712705	1.2617604475862862	-0.638441912369093	0.3214449380702443	-0.8289398166844598	0.6965776989827842	-1.0726328760636485	-0.5708905488928583	-3.33201465362688	3.448899762883218	-1.1229185410394136	-0.07667619708149537	-2.5314821037679938	1.6249500050284584	-0.5234878532164121	0.8960138939857758	1.7053427348596848	2.752259692850972	-0.9698754327694883	3.219087186094235	2.9327902527545886	1.7352186583625269	0.856485002578459	-0.2786224159188098	-1.2084963610104273	0.9904196747244172	1.2167347895411145	0.8409405445756021	-0.5399282451460808	-1.7928903466886053	0.6924200241905493	-0.005495284776814248	1.3022701793251805	-0.19532658009517156	1.1249198048781277	0.02548540045374291	1.2751526480003392	0.06630138816904017	-0.04072456620375046	1.6465183459020631	0.9212243831608664	2.2807923490377973	0.12235049301624809	0.0900543604027881	-0.22565580545420735	-0.8275891674648292	0.05363185769141796	0.07210383875406173	2.714751144744342	0.8176389859600022	1.3899026037194693	-0.3056784655288915	-0.3192142300540728	0.44407014449983745	0.9140849043514263	0.12477218610861292	0.6818220546173268	-0.706045538504218	0.20356975353760762	0.4479581706471358
DTXSID4034948	12.009261645059567	8.751883449459918	-5.324545811572063	-5.722576006499745	-4.258266558857597	1.6962574274955537	0.999177964169371	5.612215347637555	-0.470065804255017	-0.200007220769958	1.6500284376310312	-5.633168306907964	0.37983918888985413	-1.8987125235747948	5.161003626566332	0.9089002391106236	-0.3041007462092625	4.045954060623886	-3.799842394339683	2.5847527027681316	2.550215502510295	-0.24978567842829602	1.6348015093842652	0.14990908005435782	-3.1379949524491435	-1.4783763285695275	0.30937489165026144	-1.0357998425724588	1.2110005280580096	1.4158477672494707	-0.17076520937222553	1.304542441624124	0.30159353753612844	-0.01123876436975176	0.04047855542836812	0.5911046913759718	-4.325877168885411	0.6711806057434824	-0.30759153417763824	0.3527654824391494	-0.23569744009286747	0.7143227960881563	-0.49396876231504666	-0.41782406188699756	-1.420592648529159	-0.5691339605914071	0.6137071418300102	0.9039958990523173	-0.7421468009579759	-1.1834759650947764	0.30748708437842065	0.6896966164700392	-0.37134418539699354	-0.16621186202016036	2.52037568515839	-0.1732011475243295	-0.33332941467060584	-0.5972481157608795	-0.7555696285020945	-0.6064894158447681	0.3253399578713724	-1.167457861723689	-0.5835661919441598	0.26383686792863076	-0.7741216188634377	-1.7010307719916185	1.082146175474846	0.5970249435384721	0.5334978206093208	-0.6971179546964181	-0.5006297257119677	-0.6830210321296133	0.31596977458163567	1.48843821720406	-1.5512661132875933	0.21891029174968135	-1.1472401084140318	-0.3498760254589809	-0.1845954607620243	-0.4684108727667018	-0.9178890558005683	0.7879729141017997	-0.5155824411243728	2.249911556196474	1.0141640285483473	-1.2992732828236102	-0.4689209183438507	1.2398729756911675	-0.5151027842676038	-0.32032589377259074	-1.5144976663718897	-0.582663426140976	-0.12513732921364548	-0.33101510452172467	-1.8163676687580308	-0.549165563180984	-0.21200850785101985	0.20759677063807314	-0.18960995943667217	-0.36419590060536977
DTXSID4035708	16.756524913576108	-12.572855588815534	-0.6462983898058721	-3.0227102397261914	2.778443124292089	3.5960652899349395	1.9814577409974858	-3.608807167750535	3.18088938270536	-1.934000366628368	-0.7537575215908237	-0.22815674966511035	-1.4190900039755507	-4.921689796660141	4.588845158241849	1.185894220463318	-2.0818056717070976	0.022031189877217538	-1.0470744653377984	1.384610778391362	-2.749306720469445	0.4354145565832743	2.516418614263638	-1.1096640777938838	1.5009778621389196	-0.9928171394242435	-0.6175152122152725	-0.5650458776931159	-2.519710336516183	2.8389713862967896	1.7388089326701135	-2.536444937727227	0.7230858839010424	-0.9292145184533833	1.0848452326070552	1.191007273359648	1.4516540290224782	-3.1028795834844556	0.19071739522979816	0.15289520852108632	-2.4421076422934798	-1.2355028448214076	1.7070762964661443	-0.10160983335345788	0.7280282889489513	-0.6141954772430755	0.14089293473013836	1.0715583503702792	-0.8405894497699714	0.20788237531507073	0.4751646652806041	-0.40236525516243654	-1.6218849876207793	0.9781504156895143	-1.7047280159820142	1.0383069491564578	1.0068333476367188	-1.4734226886136594	0.5635425526920312	-0.2616461363088042	1.2482683048103747	0.28337426609179556	0.6860287808991594	-0.5261633088210939	0.41292941479435	1.526141683846236	-0.41746385978579686	-0.44584507896263176	0.6656116589316197	0.1553160639975096	1.61753212513948	1.101184035357574	0.2627125687571552	-0.72216097163229	-0.7906360573916756	1.2068489519986279	0.9707390098552522	-0.9540429823972314	0.2162667450883731	-1.2707256270577099	0.6318697648510947	-0.029060637631688754	-0.0691810702027976	-0.02317570099485557	-0.4560385162971853	0.9037869213288617	0.026347890796529404	-1.7355201849395183	1.0354331197021218	1.15136129738626	-0.020225045559420098	-0.3804234107145697	0.36886768315288476	-0.20699483839443528	-0.12021161489820473	0.2844581892469933	-0.005431961022787702	1.4946770878911475	-0.4021694079509563	-1.2554006445776793
DTXSID4034869	10.565735853018708	7.925063756430158	-0.479224859786304	4.711929819932675	4.79471797792909	5.828779258070251	7.290897986526457	-5.503724496596408	-1.4525039194291776	-2.7674727348778814	-2.5688226161901557	5.1399003475658205	0.3462195503079814	2.2850069960959605	0.9203279947568275	-2.932626708542303	-0.33355430315841617	-2.647829710437292	-0.6328483831662163	-1.3115971306308654	-0.5629257342897672	0.9482436197863907	0.32902651618393486	-2.6854039621211454	0.13231352145662933	-1.9809905012949907	1.3378745507759522	-2.004965236384967	-0.5500081510250071	-0.30562233986004284	-1.9454404432405266	-1.522207487247601	-0.07846228252029754	1.358719488721515	-1.5107212329925686	0.7010647339977619	0.1818353047303168	-1.734443290939174	-0.9642241849906296	2.8553274472805867	-0.11060885755875942	0.8819330785548765	-0.36684821365157677	0.37220151267804913	-1.5819625417621788	0.6324697450340574	2.105268331814905	-1.7150694424869874	-0.4249876024125591	-1.8885914835894664	-2.582013769511654	1.6485514145202613	2.588326364149334	-0.2553294434502739	0.09020890900576073	-0.21888643012836492	1.2913745766606355	-0.19891854536690357	-1.750609593391146	1.6160421744664042	-1.468384226256242	1.0154551982258704	-0.23926024328678938	0.7834411380456097	0.4754176463938092	1.2903399902105779	0.5485826342848702	-1.80055251715494	0.4909767094260208	0.785508406377808	-0.1273966964186178	1.015826247711905	-1.1195846796807432	0.5594552527731802	-1.3366948315274862	1.2539881411808484	-0.8894693460329794	-0.18414356252144282	-1.008401515924359	-0.0674905710626213	0.39727032292202424	0.36633746690915286	0.010126825147959902	-1.052827050007243	-0.693293754512418	-2.00800760462933	0.3185699986903821	-0.13782891320280394	0.24286652979251191	0.654802761302008	-2.4558010938541712	-0.7960698076650224	-0.3534676720860206	-1.129632314990535	-1.0744921002564003	-0.503302573607659	-0.3552319192126281	0.24175563378875364	0.20320475383328976	-0.5355527497019206
DTXSID4040713	4.457326210450745	-6.860584771953344	-3.375327309351496	-12.373854666674994	-14.075204352778412	-2.397300301459303	1.2946442921094206	-6.207991313074292	-2.1473467317576715	4.631353134800223	-1.489978520985091	0.8763179659909406	0.623674665842132	-5.973097422558114	-0.2849311368285825	2.995199320367389	-0.738362336429351	-1.1511692564175566	3.0445395474000074	-0.70037040479854	-1.3162092966540482	0.2550910029446868	0.9231997219299692	-0.295347652513619	-1.7662515824293585	-1.122726465156378	-2.043696971706562	1.5981092932082932	3.5180099123098545	-0.2477492480042769	0.6271157306952329	-0.8910290926487849	0.7933214217844049	0.0005671329954873041	0.9248011436288975	-1.170392956103721	0.32767076056117805	-2.681738512678639	-2.229074146649768	1.7982613057865782	2.378089990217451	-1.228847316091377	1.0728785967623589	-2.0689678498424615	0.03637728372114442	0.12781217149388904	0.824092848679098	0.7388953453023279	1.0942276348621487	-0.15045236680208005	0.01705894688142372	-0.2776718231195963	2.549271732057479	-1.5868308566063885	1.2884675400383425	-2.7442865726615793	1.072207590590923	-0.13795026920047826	-1.4341397089654513	0.8320157119437426	1.779187051638254	-0.054171862681477854	-0.3570628156793013	-0.5142597901991288	-1.0645588792472656	1.8220774788578318	1.9394261232367676	-0.33865475009380325	0.5360746648343256	0.4626247458552396	-0.797885891033148	1.13883951843725	-0.038778113127510096	0.1535549572935072	-0.6958589076955268	-0.164441656383062	1.579155387378299	-1.0379976687895718	1.7587215560442133	-0.47487474313762407	0.34734769189249964	-0.5470753004777636	-0.42528087472836495	0.2439350499405813	0.4307223747399998	-0.047200525187286096	-0.8256638528605023	0.4864542553089305	0.03090392960587484	-1.2088607964376503	1.6495464174736223	0.8990709011571616	-1.064821727180346	0.4218716614797588	0.6851911902270763	-0.48161582453330265	0.24828678051131065	1.1838416170475539	-1.2927158545025812	-0.28607733595113183
DTXSID4040268	5.622274320471467	8.837803642132616	-15.213413805787045	1.3945716851870444	3.7405895311521817	-8.710340544055889	-4.261517089566102	1.8991139285336223	8.250410344922074	2.7408980470270965	-1.81404673919602	-4.442227910393881	-2.30383279022299	-0.732854836968043	1.583059056150602	0.0913784338061363	-3.311103372888291	-0.4315918721170924	-0.0541132371699524	-0.45212096058995604	2.376720254811057	-0.44915414620030236	-1.4463724443025965	1.926808609247471	-0.2422483309372227	-0.49415105249773433	-1.1504646204288234	-0.7479424378844065	-1.1189505336308798	-1.2578765413188826	0.5431395970137676	-0.22352122481613584	0.3610784848121752	0.9549541125541379	-1.7981199284014902	1.2061511984397606	0.5792091165522386	-0.16652798921052656	0.11437810570596652	0.37316142271876745	0.5214281735784488	0.2922953922365856	-0.1448157940305581	0.6739455026935228	-0.8360632452749428	0.39378392335624846	1.2716692937375496	0.9615691670824437	0.8713631355111733	1.2575613757478963	-0.13464480554151026	0.2136082322466617	1.0136493293460185	-0.14361518860212258	-0.026188402543082745	0.5667920347520488	-1.0428128049871026	0.28763059660758117	1.119843291109063	-1.1889950999090118	-0.580764452263195	-1.0944143084164266	0.6086793858797259	-1.4603206197394294	1.382724163243153	0.5121004997132793	0.8867852885087774	0.24635311580605546	0.3775969697085263	0.6648165026891302	-0.041722204505888406	-0.6273372475846517	-0.8875095931014803	-0.8204798252829454	-0.6595693392025576	-1.141323960915839	0.08496268919622371	-0.40764596923348634	0.7721197449936512	-0.07205163027273045	-0.042335352994658834	-1.0464041057408089	1.043061537170097	0.060984964206722794	-0.16368556356493977	1.3741796637936798	1.7507597920836084	0.018220560394414338	0.2764159971450819	-1.349227988304889	-0.22638599322675532	-0.3719954319426356	0.9819747726787718	1.9173231486236266	-0.6462884000081615	-0.8283391398252	0.10599467606524406	0.11555867296327392	-0.5704521574969419	0.45515206981274847
DTXSID4042171	-4.144922943824758	-20.854922380986228	-1.679332499472386	-12.648117352079687	6.170447424247068	4.792915484725348	-0.6051744729831599	-2.693849627791071	-0.5920249504670316	6.957168249764734	-4.151795264261812	-0.7319786199127787	2.3818110080713684	-1.0162639388585206	-1.685001271754499	-2.608522764121773	-2.0041545449734826	-0.6230454674743277	-2.845155340034469	1.8015101169207062	-0.13162766901030568	-2.8133346478484027	-2.5181974545330528	0.40987500392899084	0.7743784455413312	-0.9197762435488973	1.1723960284898027	-0.7630137580223728	1.1218886070092482	0.9661868412205733	-0.12762209329456128	1.4948088896460088	-0.39923678186044725	0.83668399517223	1.090267581633122	-2.0407769938275786	-0.65831059379359	0.22919539871854927	-0.020593782956406403	1.7484141697576723	-0.25713682639432917	0.486324565685694	2.0731398479652032	0.13745603695487355	-0.15785445232665432	0.28621123099557033	-2.2434368481649094	-1.9202203421883937	0.39368915348299505	-0.6086583130137396	-0.29122435214230796	-0.3650105408705501	-1.4897512737622731	0.6583023348118638	2.055158048667975	0.8608440135824602	0.1387476943011559	-0.8934396043511391	0.6757800565904526	1.5034429657714978	0.2548577878486832	-1.716232256492153	1.3638122621505686	-1.555002957417679	-0.6092717001093142	-1.0232271523645753	0.04118667719972015	0.8267129216056259	0.08669923513145712	-0.7368515115214811	-1.1971374941784974	0.9804246296343854	-1.1689854420787422	1.268368508528364	2.0815719154603354	-0.7434861087894244	0.6856284080113464	0.06286694617382427	-1.4335963859750944	-0.02495099599633604	-0.8765846743277713	-1.5877043635999286	-0.27170317058230575	0.051367748389437876	0.5340110055825115	-1.4371050325200043	1.1633555356313328	-1.385931087997238	0.29661669747847985	-1.136523638670277	-0.9151945150228608	0.01791117687282828	-0.46002244263120623	-0.19766424762536342	-0.37077361340750936	0.9354313152052933	1.8797487766787055	0.8253633322434838	1.3458273692147606	0.40738568639168315
DTXSID4046448	23.27588817005051	-11.989535408380178	5.897378584392023	6.309673376767597	1.7865108150946258	-2.8032967496780206	-2.6429877615831576	1.4832333906992297	-1.8288533150902888	-2.222096145025973	1.5314655523797016	1.6725894296894779	0.5781831789575212	-1.874081243923884	1.049234683727058	0.31041835199794865	-1.3874677013512442	-0.23431127993409986	2.0783623325305185	-0.4484555136646133	-0.7222047257001792	-0.5430221639754931	-0.19138665614767153	2.4603610661130944	-1.2739087581004271	3.142192001151308	-0.19578956713495962	-0.18051914321412577	0.49217805028558936	1.4202934497456356	0.06746149183873915	-1.1082564193040805	0.2711717787958592	-0.31198536129753074	-1.367240621160665	-0.3332733332588791	3.037539167740399	-0.33279006817029033	-1.110054187713394	-0.48452786069624537	-1.2236545332626556	0.6386560900767507	-1.2955264660068	0.5028545912639827	0.25210191293355594	-0.12814497148397064	-0.13875970083985556	-0.43391823646322336	0.44734347355502213	-1.931023110694491	-0.15368418208051515	-1.759194784151409	-0.2650786910897749	-1.8416413214294396	0.5430372341092471	-0.698442494453292	-0.056934938895551505	-0.06345968734347207	0.6010180738579958	-0.19794621228540812	-0.0459881194949564	-0.5601929882207559	-1.1270417293590789	1.0384568993184657	1.5083425111770477	-1.4339382822693902	-0.07514099296162034	-1.0907338113809666	-0.23270393983473353	1.7581519301937478	-0.3971534688266758	-1.3483783780082246	-0.7180633459529312	-0.12270213034213218	0.7772549002845106	-0.25803161085333404	0.282757418117728	-0.3579713848376524	0.9537110176013781	0.2888729075115442	-0.04040702104008358	-0.452526990994579	-0.8844962389705587	-0.6550960169669443	-1.2925679993408212	-0.8949865430985	-0.45805733523374453	-1.1094402409218675	0.14283461457194568	0.6605540421984639	0.004188201729186236	-0.5311957577563229	-0.3170357621412773	-0.2279228209833546	0.36486639153039635	0.035149288805171285	-0.14459789876312118	0.08465279527583051	-0.12718200435551916	-1.3479024226622536
DTXSID4047254	9.813492253130326	11.796808089410556	-0.6352381697398308	-0.7904137836692401	-10.486408645434754	0.2251448898872891	1.407552345325319	7.6096563987316275	1.317842630705909	4.000616542060373	-1.4331391255430572	0.5044135141300419	2.8262283769711116	2.5155902344469565	1.2778163633017394	-3.4487722549545734	-1.2341261002006017	3.1636030900893477	-0.602010092028907	1.9518336045634515	1.5016020670164747	-0.5667401049365162	0.7729292634698242	-1.9086027809508304	3.0656106393297065	3.2456451764863123	-0.5373588397574183	-0.7704651000186344	-0.48270038503802065	-0.046858113361674614	2.3152435170486534	0.8593621218962738	0.26892799299192727	-2.4468793329903273	-0.7383081572384801	1.93179639989873	-0.7897553793371102	-0.9086027097182903	0.5976800078185651	2.5187238006818395	1.6096034549169418	0.06018639638812356	-2.5328958922613687	0.4462635005081024	0.1341663281673659	-1.4593970082649053	1.005880971089487	0.835003892148611	-1.016443141240278	2.628004169253736	-1.5263064540367186	-1.2931180778225086	0.3337917111251987	1.0425160482179816	0.3525438637259074	-0.34217454871099084	-0.8160175826115649	-0.7472659409321081	0.17638129864688434	2.8084464599025507	-0.18424964208985048	-0.43502788466119174	-0.023736450919973378	-0.3383573453076249	0.8684440260344616	0.29912743161403205	0.5383008524376786	0.33768342629011794	0.15988764983512538	-1.8679100195584886	0.9697221138988057	-2.2936204347331914	0.6239711017948122	1.6637378775827805	-1.0367722975589138	-0.4806448769368588	-0.39438473572552374	-0.22226401517824448	-0.32058150690330245	1.0943219451454407	-0.5917250693733677	1.4093489079495714	-0.2878432139136168	1.1571548190088268	0.8156745335059252	-1.0514151533784295	0.5464429906024423	1.472790846993654	-0.8752964001480714	1.21977660668394	-0.7216040206817698	0.6705294863681116	1.1642268860010954	-0.6618070250272039	1.1748191088268345	0.5566620173508121	0.38617620706675565	-0.5717596282714054	-0.05635524485015384	-1.5084504582970593
DTXSID4047333	21.246170133308155	-7.840004536396796	6.8191130078819135	0.8257127315108302	-3.896319238536254	2.598663670403857	-0.5997239974640327	-0.10461482378647324	-1.4132797078730999	-2.6690361584925872	-2.789902427073356	2.2757080891154775	2.556265507833034	-0.25874175579195696	0.33619070540881707	-1.1711046416930484	-0.2567125909972511	-2.1038179361047584	-1.4402835611579863	-0.11807299102293276	-1.2093359926424525	-3.061620789177389	0.21143049095374716	-0.9467830904469485	1.9306095315045138	0.17345111880700723	-0.26343229934543505	1.5597953855140658	0.45496789927439873	0.36538982362368866	-0.013363881873843766	-0.08213359460508446	0.8536857603127689	-0.30549096110044094	-1.5107559414852518	-0.8918253637436566	3.388121707832605	1.4115478189790318	1.3522554840642935	1.4111148158133817	-0.4703191691275467	-0.22971466506611968	-2.1219536349860646	2.7413113204209534	-0.8220812579771767	-0.5805675499444714	0.6948786502807244	-0.3873452504489594	-0.9886063949217139	0.7194627848749859	0.8624320594357374	1.3765432776030082	-0.4187189758581459	-2.5166386561753376	-0.9662678293043855	2.018515308153113	0.19413213053163658	-1.4998903917753377	-0.3859619293457754	-0.5326477427750046	0.7802881080448973	-0.30236372643286114	0.6617123690238068	0.6864867397770753	-0.2789484718639898	0.18618455936730724	-0.9034588601207401	-2.1693681139682246	0.2990529937695059	0.7356232832216568	-0.5106525423282785	-0.0393950558262832	0.5343366526093541	-0.496263118311021	0.24825747021776284	0.29326737681230464	0.37540090780021823	0.05199547201738446	1.8268433709711078	-0.8748199264189338	-1.655290440033645	-0.7844249887751497	-0.5431890136472943	0.2911098545166812	-0.7128530614721019	1.0952346852482235	-0.5301257947870139	0.13687578087530888	-0.8289441978510126	-2.043198928794624	0.4831303478934942	-1.9146064689223752	-2.071156503018871	0.7856735043247883	-1.2486943182787031	0.18284222746424322	1.515887011693469	0.28646853561604413	-0.8014573494638659	0.0016196724308317235
DTXSID4047337	23.42298694718541	1.4217437488578295	6.175201918552863	0.6554044905494084	1.0998426777053307	2.332481044469392	-9.206854940676955	1.5673842026132816	-0.29134513946655877	-1.8445500415082745	0.11633728167805074	0.6416652741713396	1.3739578710236766	-1.5995650461023914	-0.9499627251907634	-0.2139044148892839	-2.511588522839123	0.019850614886118095	-0.8784172501136528	0.41736264314141197	0.6669236434282712	0.9448484691785461	0.8065697409970682	0.05366201612897641	-0.7374850680611624	-0.21223343745773018	0.4061488311456864	0.30374650210262016	1.1630142951713704	0.06152047023020958	-0.36173068085817217	0.954526423352983	-0.7227244080387459	0.5235432412029463	0.2676592607430772	0.0425360279714202	-0.33100650630237116	-0.5590515845292382	-0.5063134724313536	-0.8626398678528204	0.5645376623877716	1.6223097138302305	0.2831120550946862	1.01908490100588	0.950930809908705	1.393058872840905	-0.37703485453716273	-0.7210853534377011	-0.4987839033397305	-0.15516846841292867	-0.4185623213298852	-0.1330709081597385	-0.08215462762377258	0.17420890789171312	0.19364341507767815	-0.66638675031279	-0.43751150367278857	1.0981482400238685	2.0011330442178163	0.15659213933989266	-1.61144440490328	0.5289755472800032	-0.524776057263673	-0.42063414636501767	1.6323879949202904	-0.11525476309617423	0.24079270546238726	0.17503661877416193	0.5524657411899193	-0.30253365860663894	-0.025737595770558567	-0.6976450805054502	1.202818900174272	0.6858670979865433	-1.424735406327883	2.3576830227770493	1.6098978359466267	1.496815122122142	-0.3296307105751719	-0.8999118024533235	0.36460730755284304	0.030284719815409065	-0.5232069337839791	-0.4907762939284745	-0.12271543007744264	-0.05178524809762167	-0.2496825543022633	0.05477668151658011	0.01774195260387868	-0.20303193291890984	0.2969605525632799	0.16717556116192742	-0.5192774537670943	-0.03367867123010643	-1.427583328427625	-0.42640606662062785	-0.5093033172161281	0.7784031315803279	0.046263125296194994	-0.032067268780817226
DTXSID4047389	23.502286635838203	-3.712413261763623	2.228777905032534	3.9944006987158653	-2.040954872478528	-0.3928035747323923	-6.147997805924193	-1.138425348989461	-1.059830487274992	-1.8976795643713111	-0.09855571999921006	2.354397080605635	-0.9113798414460165	-0.5817557295042148	-0.3046238246148989	-0.1490386915336121	-0.7702585414067062	-0.5259650719691525	0.6843961508079098	-2.4641671042291367	0.2134976728414266	0.6588578935360818	-0.8083212967480068	-0.7797440250328282	0.5297916552595181	0.2815597691537561	-1.1799317876365292	-0.06972639586467472	1.451262025868863	-0.3341537089720745	0.525067749829788	1.1167738841126351	-2.3930343556273375	0.2221541189880665	-0.11926096172978556	1.9135304769921588	3.2282331072199573	1.1671756248684861	-1.367685681666477	0.025821828816655255	0.4983786759417474	-1.7413409251031118	-0.1547604044504102	-0.6120585490598822	-2.6647152977713446	3.012864038736284	-1.4028433061543055	-0.8371376889219772	0.43902484795466734	1.0051806506389949	-0.7110382033923215	-0.12238772921109603	0.27677140380429954	1.9009718674348708	0.4510552656827082	-0.5358691622106628	0.2621083729310112	0.19604605560583577	0.9102755955424779	-0.8426968021641322	-1.8126628564652312	-1.2409204573572894	1.0452926668245381	0.08971120611772047	0.6618797861400919	-0.38569367524668113	-0.13953673225754123	-0.29033076185664375	-1.9151295756456008	0.36747883928930963	-1.356232687731219	-0.27916088538890865	0.49488899728253	-0.5839431546082415	0.1710275654560623	0.2873244769265605	0.058726360488002234	1.114827879320162	0.2578617822981198	-1.4749220983877767	-0.21501535748349984	0.43406601434765396	-0.3034140029679096	-0.06326357208617316	0.6940263268894861	-0.9307320038580004	-0.07614671448723719	0.30533510667479397	0.4068024619779844	-0.5740506236564767	-0.44920329872261666	-0.45372807984999314	0.09037020121937801	0.7942529686632269	0.13431585916034938	1.2325820601192659	-0.8747922644119397	1.1315413125006022	-0.8293954972112628	-0.5905789159779729
DTXSID4048519	22.283082024892945	4.8382933666886965	3.9581035969231273	-0.4043894105383391	0.41260714046936825	3.143546554455547	-6.068407844035482	2.3036786657042345	-1.8171280966023176	0.3713748909949721	2.67236533322035	1.5398074728935285	-0.9065992102639985	-0.3999972123939149	-0.6167732621671441	-2.3808617112493855	-0.5985394909614187	2.620815117668203	3.080735973967805	-0.2800420162694482	1.6327989312939533	-1.333941506245358	0.513904706431657	-0.09413102275349379	-0.2022260244340206	-0.5780580648086141	-1.3414296754228798	0.4385987093217037	-1.2924703127300357	0.4533028143634902	0.19885813473315422	-0.9946162298174215	-0.6510149787131084	1.5272107483278656	-1.20562109609651	-0.03738752547756413	-2.4371956203752374	-0.8136075730611325	-1.0028901805902786	-0.17577614070497952	0.31030519672755313	1.8190836807078465	0.38034095766904796	0.4982843801967512	0.8195941706026831	-1.175118880606653	-0.6499284833054054	1.1855924803140374	0.9937462273199561	0.5440575162477849	0.5049701742886721	-0.23835519995421967	-0.7318108412239435	-2.939763518305977	0.8299255424343857	-0.36249097533254115	-1.5903672235552468	-0.18213051078190418	-1.567111165672336	-0.20885029797761126	0.0362512897607422	-1.925295351862609	0.40790980158697304	-0.8331429315677985	0.6156550186670249	-0.09504343096876468	2.38385610406693	0.9659416700742076	-1.2977706054139262	0.9835252429877519	0.17555015733263565	0.9883491413130726	-1.0336786783149197	-0.21606246048593003	-0.3193868904665811	-0.2625442933078195	-0.3610134384865819	-0.17484287280188282	-0.15536658433613862	-0.943382000498075	0.7166749428087229	-1.6067137103603377	-0.7666447942261254	0.5064034997198995	0.26195874202949443	0.46579006415007085	-0.4038269998531316	1.8670371712422593	0.3392773987093801	1.3646799302225707	-1.0327888897240296	-0.9759956733591219	1.2363072610073937	1.2275947801422273	-0.3003848400079072	-0.822492450670294	1.3824232612247733	-0.7073311886610323	0.5435090345140416	1.0202900752784665
DTXSID4052186	-23.395424288553535	1.5581638513629041	7.884269958328343	4.988904085112761	1.328856951005967	-0.11095852802417955	-2.3239996066584423	0.19268746005116372	-2.1386233047199568	0.9665193944427932	1.51949898375534	3.852671809962043	-0.9562707998364304	1.2340272639088585	4.337406539870993	0.5035720449590037	-1.0629118512078384	-0.4306145927612591	2.9715867563940304	0.7473203958558063	1.1729014234740753	0.19687965959172243	0.10795151707001531	0.6315658013386742	-0.03207717194616967	-0.033717858587799535	1.248076475989646	-0.4957319735937504	-0.1460539863809757	1.0878623709732627	-0.5629383907409474	0.42404660983775583	0.23411145039970482	-0.23013942094922368	0.45106260580725493	0.7995386313520239	-1.1350320105713887	0.14783338250962783	1.8195566452277085	-0.9210135553843432	-0.23122266894874732	-0.6424713958198336	-1.8888510437837405	-1.024584882663691	0.10697789473109003	1.1965972182306606	-0.2259079966412037	0.1917301017568358	0.37798257818632597	-0.25875097079059123	-0.12677566793457942	1.3849387272988904	0.8615479214113355	0.7878445275238285	0.4868415635640775	-1.0947225019578517	0.9704833878669974	-0.7136958958348019	-0.5024471181169397	-0.4676642278479649	0.8728398171667286	0.15660854060924276	-0.26085828052547677	-0.8166319164332536	-1.3391441279309755	0.48273475845956326	-0.6115024212301672	-1.068534596931244	-0.6331172463947328	-0.7865131215788086	0.760892409283045	-0.019697599569277142	-0.5916421545556643	-0.9672933017180538	0.0886323897725274	-0.7784748126390933	0.3885219028451906	1.1398777213145714	-0.07759602035249073	0.2559353462661322	-0.26254982178888514	-0.7422971026505718	-2.29750940729077	-0.4940099945619148	-0.07487611265634204	-0.6418827008276989	-0.6642989824144442	0.1288135062803441	0.2859391574772726	-0.5136107165326536	0.2997698991591606	-1.2226337567760694	0.9624298260821199	-0.828763613100384	0.726308822083471	0.18027760154921352	0.273727302771133	-0.2162772995518074	0.46104891833431055	0.20045730472940626
DTXSID5020027	-21.64469652265833	-6.285624814179668	-7.129663606574028	3.104578942152453	-0.07272804521457156	1.0037708325041117	-7.8975275187221285	0.5585454414983958	-2.508973901565585	-3.6582801061652717	-0.5776844753430532	0.01720324108866388	1.8957584446721927	0.7536714089997288	-2.8020710820167523	-0.6215357238909902	0.7137588965636347	0.5375556122366432	0.5391248826380209	-0.5278050449448843	-0.2515493796662631	0.13416457040362406	-1.8242315632161885	1.7032392538409762	-0.6218623702281442	0.5536103666364564	0.639335028254637	2.3808209430534246	0.11745649327775534	0.0085972150174899	1.4144285990423826	-1.6053773587391642	-0.6913462531679048	0.47664397961349825	-1.9287367323710838	-0.40946175436948856	-0.6752244033383767	-1.003848753293384	-1.3404908243224316	2.162454791200674	-0.3581940493758622	0.35740470983834655	-0.5237335659144945	-0.06293797821378332	0.21429199987150893	-1.5498469022831207	-0.026053623328473097	1.3440304551377231	1.3782156596276325	-1.690066165533414	-1.8810660780114479	-0.45210842073000007	0.13511953481829167	1.7616075716914843	-1.578047227322495	0.11490088577485104	0.1528766428951836	-1.444747375802085	-1.3530683585843097	-0.10583655703455855	-0.09004263492621971	0.27809434415357615	-1.2497469126529286	-1.5569776284377015	0.4385257277532044	-0.039087228642175974	-0.5002499592875941	-1.0474673422194385	-0.14195357128660435	0.1750974775924507	0.3583392878662266	0.16903349162414294	-0.04888862378027834	-0.1609908805091217	-1.076122649935462	-0.23119331807761606	-0.17096484886324897	-0.9901917016131456	-1.0896754795525512	-0.2549574866245729	0.45456080287124706	-0.7295033441787298	-0.08879158370657272	-0.25491320907638504	0.7811033362565475	0.46239877553219744	-0.902538175313877	0.39661816542545275	0.1879180506507095	0.0957599904256993	-0.3106723465883926	-1.5136609835297254	-0.1373346103887311	0.3555897954763779	-0.5528625671014434	-0.27347251541626527	-0.296340206827282	0.7715675878530326	-0.24664317350688478	-0.9309675817663686
DTXSID5020233	15.88965316404673	-21.96193486820351	1.8605626459747695	9.417584429369425	0.30078746854749566	-1.6331764320615685	4.421104406175852	0.7127270110486145	0.09368571575233232	0.23394512645715373	1.2255367159745938	-1.9976875130680019	0.016780556314740288	-1.7183098083001305	2.6008503889084813	1.196059564901963	1.3750834718071985	-0.19842728826394906	2.4676623197819505	-0.31774250586279845	-0.9482619591421864	0.8807698450129586	-0.7685540416098743	-0.49667127646608045	-0.904237423194647	0.6515828481898579	0.26622155090354377	0.8265440385797177	-1.7525274417497503	-1.0381730500192359	-0.6396260587246065	-1.1376051950920203	0.2107151536023666	-0.415013038731425	-0.6302358337076187	0.8761924843019363	0.5511477338450552	-0.22364559502694206	-1.3557673588545973	-0.3883654974856288	-1.29085870758004	0.7271953954051684	1.2872519472407475	0.7692745101162275	-0.16883588863727844	-0.73034197016546	-1.115375726020371	-1.7163240758248066	0.06171049374081814	0.44707577050139236	1.2889627731048428	-0.8981979019621729	-0.2547010523034865	0.7112398950810931	-0.18295375665350577	0.6878265022597491	-1.24533688251179	0.6003702497120746	-0.6978239416772855	1.5603473829018248	0.9662290682907615	-0.9094991089760118	-2.4945178012436764	-0.3929689038402721	0.04005698455624084	-0.1346965328694836	0.18286716410404327	0.7749741618145672	0.28421624093343345	-0.002111965869564789	-0.2971734385010091	0.6712036121332523	-0.1211221030063586	-1.5399864033952537	-1.1340809105859417	1.1443555605840705	0.27398132822086435	1.2348978681759266	-0.6273060590261064	0.7415248075976965	0.06359445236703283	0.5787927464316819	-0.1621871980340822	0.6513242378646236	0.2091836144843595	-1.0815656091489072	-0.9246161289278578	-0.858345496475694	-0.22148049783490842	0.28457460547810925	-0.28519760421166007	-1.392932126235701	0.3422028846972344	0.008643514969984304	0.44871315645306326	0.47048717777845206	-0.14237301050470794	-0.24235034684818485	0.7915670429190322	-0.10436372668964877
DTXSID5020576	13.744331424153962	-23.825726936043374	5.514674663297552	12.864131635875365	-1.281938922811518	-5.113349030651511	3.6314154147523423	0.9212944281423876	-1.1227472265380944	3.004083562966179	3.6680862597203188	-3.4619898833614617	1.273240876876622	2.090671077606658	-0.689422400309363	0.41190959127157944	-0.1236630397958254	0.5750368182822139	-0.812468160897556	1.2698950297135818	-2.074666663421154	1.2159773022174376	1.132451892982321	1.311855740491489	-0.5883732331830218	0.1425539746496752	0.3188108721438845	-0.031006527338630244	-0.13442431881207154	0.30727749484764627	-1.3797291237199387	0.1211546018436323	0.09572112063197787	-0.5354539274020933	-0.9378666701212721	0.11542153939964406	-1.2576161326853477	0.13958269849478736	-0.6650808703928283	-0.09083193776353268	0.4543087128549195	-0.8167476603292353	0.8612608837025935	0.5384669867355828	-0.2154822550129431	-0.4357704792284123	-0.1858328221508781	-0.5575280943005751	-0.7899664751329456	0.2037223929089775	-0.11926635585628258	1.100868315020963	-0.2871886267978835	-0.4140395350998866	0.11293949793380786	0.007008087886747313	0.19196184550437917	0.9948694210911742	0.6743071142346354	-0.5883869230517307	-0.11747725755613571	0.8321288243468992	-0.42056819022317166	0.7528954045420015	0.3889367865491188	1.3160258429084466	-0.39806338955390885	0.9191278810021777	-0.6732958864097558	0.39049725053125006	-0.16194100201620087	0.36133655812838067	0.11378243921752541	-0.022766322564253937	-1.0123152997518046	0.1914249440327575	-0.7274231287699949	-0.776506686647471	-1.1287854146574383	-0.4231700958477134	-0.19792019473255423	0.21055514758904306	0.7275122222978148	-0.12114654982924083	-0.38492566636739206	0.8223189984037055	-0.5679919974169612	0.7230272321049889	0.6402139206297776	-0.5383639433404092	-0.7998715162940799	0.43158924417829586	-0.015297212096094052	-0.5567056656573806	0.8693871698641583	-0.2103290662000143	-0.34623056437716504	1.1573028243526196	-0.17320727483110113	0.5658912373096286
DTXSID5020528	-8.04677324217502	6.201887029954461	-13.926071923812382	5.626529155227701	4.703653480470523	-13.052920131594503	-6.366104492781096	-1.2130165823494592	8.79400814947587	-0.7556399901688928	-2.147181701006259	-4.288659489083741	1.0465201627899758	-1.4953286899865865	-0.37944839599647073	1.4474140541700393	-3.9106888707075433	-1.466352694142695	0.3787989088921184	1.54847934099247	-2.359175498129043	-1.176853782962492	-0.5951609160155159	-0.059561724675159695	-1.0951758370680231	-1.1767315752706362	2.114638060256498	-0.2444443164691919	-1.0040468195848558	-1.5178450821409246	-0.6139029419413577	1.1674210235714622	-1.5459798453381917	-1.4938918874287732	-0.05931727745585014	2.553455532570684	-1.014090191891976	1.2538975235916392	-0.9849964519068942	0.21140197493759202	0.7145776256196921	0.12031124355685119	0.2245301493978291	0.15617239146592657	0.3397019331249084	0.01952674814582106	-0.048925148709680615	-2.0931572450305937	1.2729669320147148	0.6312265229480519	0.7953290688473003	-0.050568092306326924	-1.504482981494235	-0.13191033192835566	-0.4168022592096069	0.5389177171405817	-1.48918966524768	0.86824430674089	-0.45620065313047153	-0.06869485292872549	1.3331004009422591	0.7538671670584167	-1.0180311873001766	0.38742018755910757	-0.5275591323896596	0.9218591134489508	-0.7281705020235195	-2.7879792137771364	-0.34518136064301963	0.5613739811752058	-0.005137153451410198	-0.8936543104796074	-0.000457036246913991	0.16497761284675827	-1.0339697420486624	-1.2058600970527689	-0.6305509602475295	1.511097538112181	-1.2119870638798886	0.7640362599201548	-0.9961751257983503	0.07291925690674131	0.7413358426499747	-0.4073591591714249	-0.6179800348032884	-0.2084225887306234	-0.3244879870172716	-0.3243690582551833	0.21284151979049104	0.27950656757380893	-0.6795999300202296	-0.7068499623378367	-1.2654293162340151	0.5747552497120932	1.26323971977638	-0.38747848808218943	0.8353564793237501	0.8308109236383797	0.05165627027676958	0.05522488254330471
DTXSID5020819	4.210911142698721	3.242446944892084	-18.810627059105173	-0.6800078299449632	-2.7337786664893224	-2.1135532452365964	1.55724178395438	1.101817720394934	4.1931547075188265	2.3683805113230654	5.629485078291236	6.178992330213161	-2.270418120295022	2.5755858953821287	-0.08253941192030316	0.9167126538863543	-0.7120503404202474	-0.6731414527265649	-3.299856908722977	0.9279183267009941	1.4729743335714263	-1.417293275290734	-2.314558172159483	-1.483086664353613	0.5574732445119288	-0.44590123569063883	-0.4409910323429573	-0.09067111719372717	-0.5126810203664113	-2.4659012534107507	-1.5778199799908752	-0.3626083491676036	3.02440210895702	1.2877058962258392	-0.20285691868081165	-1.3692295695796575	0.6559713280694043	-0.5855298039455216	0.8642882392794283	-1.4364896842854717	-0.5578832993476499	2.01373183384268	-3.6755632514040357	0.581375256060642	0.10857814516901039	-0.5218162365529192	-2.6607515553198913	-0.2913910384754766	-0.522215695679072	-0.7508539236271499	-0.8078932408188532	-0.528463612320467	-0.08789242245802094	0.9074965822772426	-0.18478352958286465	-0.1885843858581184	0.5846024942556952	1.1977879204869635	-0.23075303804214609	-2.0152672963567735	-1.0513075214793899	-0.728946523999094	0.19970953724954593	-0.061203220069618584	-0.07162124634355793	1.3848459594154712	0.964933688661072	0.791105718238356	0.7388583270237311	-0.2514413988173311	-0.12629836880778278	0.4339411335892436	-1.4061225457884965	0.9739496810008604	0.701828519203375	-0.44490668410050593	0.025094545176617473	-1.136519971372412	0.7899863397332922	0.2635571484797603	1.4323756246825576	0.9934577869189726	-0.6641869176587062	0.9838024711789366	-2.0150675056715697	-0.5029564792922555	-0.2023524453178594	-0.15912675178586017	-1.4266896528695951	-0.4257578625431006	0.28716989432655377	1.014297348433212	0.8488612309048504	-0.08687680557288005	0.6586906392905497	-0.3114072080070497	-0.049308330226071645	-0.2118357127343276	-0.3599242987744768	-0.8927302048328866
DTXSID5021097	22.577366357475313	-9.557523952202608	4.3413349063045485	9.438239186145458	-1.6896575056640954	-3.204974070510249	-3.9614102187250464	0.005442475192822406	-3.2093102891069023	-1.3645451159467836	0.10172872135460855	2.153122282751235	-1.1536237428830793	-2.744612783566329	-0.8337527112082568	1.224630426764707	0.11564356707759896	-0.015058423092279411	1.3056887139531768	0.0882390072776792	0.09472468693410424	0.007178053640993777	-2.4631568743497336	-0.08570031862628087	0.1658400023816885	3.9207735914797297	-0.33631798072357283	1.156601130079757	-0.3881432736203457	1.2145622054478713	0.5976850117904443	-0.9641826134577577	0.9086809593853197	-1.510010720460258	-0.8534011832431788	-0.5442836612226803	0.137156745464514	2.412332595359735	-1.0168637477930325	-0.1333976186101149	0.23604279461228597	1.002758408491241	-1.9129524694223057	0.7128308638145994	-0.5641841136885206	1.2741172050849408	-0.19742676263509557	-0.587674975189595	-1.3596591757862018	-0.6030000716993084	-0.5821759067097717	-0.3635290124858131	-1.0041624706619638	-1.9689772967605772	0.5684719363677382	-0.36165470527132615	0.21213859240063337	-1.1390399823825326	0.35397112212861276	-2.1652351153637595	-0.750768499930568	-2.18221955939895	1.3249633154346934	0.12410323062721514	0.4017114200892286	-0.7497271252160089	0.4550711747019317	1.133038314415395	-0.3283652072941529	-0.5001841279720978	1.0448409372151355	-0.5792039071097647	0.17181381215953972	0.7962996598173454	-1.06184504706123	1.7014385589261032	-0.46610853726240814	-1.1891253863516706	-0.42289582440889356	1.1201125285169595	0.29388392281385384	-0.671131084633437	0.8279249877180703	0.1039083605210083	-0.3524724489135332	0.7084543481146012	0.19393143377976724	-1.4424490518210118	-0.8341961698800958	1.0639161615901278	-0.3476271065997103	-0.8421661955313161	0.07007044387552434	0.49531232698248756	0.08680819043526745	1.6621864419541688	-0.7722808733252478	-0.5807352745854046	0.36213685804377677	-0.15842025788631886
DTXSID5021126	-15.741440781308503	3.5570289174470275	17.11710950876069	-2.9088996722478617	9.471352689791967	-0.806138449725256	2.6631405231653713	4.800280171745197	3.5933820533620047	1.1246312974784922	2.0533035144348695	-0.4338356597605272	-1.3393470054861896	-0.6183829645983119	-1.9269232609248486	2.1709746136511567	-0.9580812382006498	0.8306729506094614	-0.4976777919077588	-1.4473634558709743	0.4553308622727813	0.6816317949415035	1.0793334641330037	-1.9249917567600656	-0.061690044471492844	1.2323611240524843	-1.0225239697565434	-1.4458310413031885	0.7787439456064777	1.1535762833284855	1.755885951332039	0.5635570725601757	0.12312768015023452	0.6042097453293586	-0.43750103624787096	-2.3002453809558636	-0.08799736244649324	1.2133139510099853	0.5902227029675061	-1.9228318122964423	-0.6627669536259672	0.19406174814156368	-2.227441504638004	-0.5038243868019663	-0.03751224792453194	-1.671165083502781	-1.2717456395273086	-0.11166672300620256	-0.8787654254663628	1.166540755227701	-0.14264855174629637	-0.2318207967158577	-2.3123894281324002	-1.8448459654734042	1.7085080466778997	0.6014747558862685	-2.3245068992640396	-0.23590676269762995	-0.42317057487445153	0.765554176869822	0.8735363455083941	0.15840956725741065	-0.31248177024141566	-0.6075275562661919	0.7760136493346351	0.314925031434318	1.0807986239149296	-0.49794719377517116	-0.21193599125262302	-0.49071589893029094	0.04154901587059156	0.5647499617437219	0.5856760634256695	-0.3238093954009068	2.766299953322389	0.7980224477113684	0.32162064172485494	-1.409842862038853	-1.6249831014121114	-1.0649017406000885	0.5692556512675018	-1.7712036544139487	1.4886614679590493	0.31722391961962454	0.1103358525086418	-0.9182627818808025	-1.866479563570488	0.19565602680823294	-0.2041797654263517	0.33999603338397594	-0.11214117687315754	0.9228393034606507	0.7300437387138302	0.7747245312540573	0.4303148088788768	-0.9553063434115109	-0.406387735945091	0.450327059090067	1.1527097184149047	-2.63519003715738
DTXSID5021910	-23.629426412953976	-2.0660951689679625	5.87327654176611	8.044471501521485	0.5510336298056598	1.5163009488596861	-6.2236456858899505	1.7450081283480074	-1.5296679682561292	-0.51465819175375	-2.0301069606024575	3.695642231476496	1.0149759479459333	1.6406770718311323	1.8728354448393874	-2.0433885682241772	-0.5084233720869202	-0.4677524421097151	2.9397311297479485	1.09519354326526	1.7443369866156453	-0.38282972447206803	0.04940574658507906	1.0886153527991769	-0.34611875304570894	-2.3105911027805766	-1.641556123571617	-0.29322663971641205	0.9161123149922037	0.8083439691747212	-1.0213586230887737	-0.7064940154840091	0.7376790469414355	-1.6724744593414864	-1.7945812618261796	0.41685027221372933	-1.1880840238471007	0.25783696129386185	-0.6836411043484124	0.06584485136700804	-1.5442585970733713	-1.3313602503305195	-0.41947890706950225	0.3411347146605306	-0.5614020055060698	1.4097907551809217	-1.502099735057738	0.6028301836966277	0.38062364138361815	0.7138119210182565	-1.4232954970618739	-0.17493936762209678	-0.5003488972562347	0.5569791274598379	0.31055308085195665	-0.21646076320583552	-0.5940557189046693	-0.5387236374549984	-0.013028110944331771	1.0675868906340549	1.7920862395916877	1.728447069007733	0.35401530101389456	-0.708877667283058	0.9479357167160097	0.7279305005463633	0.6819572633244494	0.37572963559126515	-0.5632994119240443	-0.8508039430373062	0.5194424386589225	-0.2860390042321665	0.7498528029486227	-0.5292267103141363	-0.2933061080789162	-1.0667309891329644	0.956857951825344	-0.3960774998606515	1.1479098741020608	0.9209066992221084	0.5236440336762614	-0.7693874951113291	0.8664181650264853	-0.4612548576461451	-0.15911889058175688	0.61074551276959	-0.5155124399139575	0.1033006469830144	-0.21208586450725037	0.7184363639898887	0.7323880324925388	0.29194406345203	0.12920890629491827	1.0711920298653301	-0.46231632525382427	-0.6534732654232713	-1.0346058019327853	0.7531271018397093	-0.30256225340807325	0.017426357162225296
DTXSID5022308	1.0744514686457842	8.019676084720622	11.35357794616988	-1.0434925330228753	-15.664629005729642	-5.218873997482162	1.8552245941859795	-9.372560328234812	2.419757758088125	1.8807315301531067	1.3668750559197533	1.9266777162413882	-3.7276048350524267	-0.783507373241462	-4.507646185629732	0.8768579566977804	-2.441408914540528	3.362525822884752	0.9684427274799811	0.26372463600213775	0.46569030981856996	1.4342966869734828	0.829291941313469	1.5491822496659509	-1.6741925805302236	-1.5073433242492063	0.8302308461857714	2.162758470348524	-0.9050852632912407	-0.8294598725138329	-2.638899389592565	-1.0513461510768427	-1.4010008079926433	-0.3168467738270097	0.8364799141338527	-0.08818937919224584	-0.18525102666471413	1.219393884024233	0.09135306106676638	1.9558296649522164	-2.0900320854972803	-3.186362155211141	0.5821915028931187	1.2723943742309332	-1.5696449132484493	-0.09268861674357318	-2.0284784797087205	-1.5855851043281666	0.6023213385262977	-0.03253787621532354	-0.30263651829026533	-0.06455960271456479	0.695150125648143	-0.15994217296124152	-2.065015652232362	0.2551913160730638	-0.8083636684639979	-0.19250448858766722	0.5846514090190964	1.802574691733878	0.3331060217032875	-1.9968417264507583	-0.2893342815398553	0.5433493119439079	-0.5593436906758258	-0.9769021431245335	-0.28845311533850715	0.3914449479130574	0.9637284403276242	0.21103040036125575	-0.17732341826415154	-0.4779688208871893	-1.2656466885452118	0.09930489410368648	2.274246635508177	0.7871184592560756	0.3291225160716453	-0.349627319769272	-1.1836697390138229	-0.7366491939094814	-0.29176716492855853	0.8591398557669055	-0.46636783827334966	1.4053446859642171	0.07394262396436023	-0.4368207470506311	1.8316406632045414	-0.08186092979093794	0.14756455497566057	-1.2262043113512766	-0.9258669948040367	0.7374196338779883	0.2794223336559867	1.486167457321266	0.16166643524491792	0.8174884864759605	1.0106993185667468	-1.145718179305487	-0.009436711435565272	0.26374587733400867
DTXSID5022439	6.175026123003814	5.554879685155794	14.612729331076068	-8.212744412300975	-10.946265695350359	-4.916703619487315	-1.9508834313647396	-8.578267969507422	1.3491563980589136	-0.9869949344600075	4.197459537767471	-2.163894279981375	-2.614637420422597	1.2630137815492644	-2.462300100753378	-0.3857281656816901	0.6472051188526535	-0.5684094524901873	1.4576292417445786	0.04229529661136511	2.845825498533932	-0.8954474207422042	0.12315869786949578	0.5001368771503585	-1.0460080054874838	-0.6604093952244253	1.5139828035318204	-0.29246690672408016	-1.0930160982571862	4.615453338238906	0.14482339917316403	0.018642257310369448	0.34667480298889625	-1.2565490154627277	0.2524307937235692	-1.661540875918897	-0.06644669604086408	2.1029781673154915	-0.009658721152698557	0.17785176817440015	-0.4500178667428845	0.3831605199185607	-0.9954535789522685	-0.7943188814135869	0.27934201895183064	-1.6210893063508025	-1.0799529784343591	0.4376918060453657	-1.7772472474650374	-0.046429839410931435	-2.216860404907127	-2.094409489172275	0.046019132465122445	-0.7922267201998335	0.5037210517764957	-1.1413062481996192	-0.47222862663414844	1.413697853568985	0.4035258651189198	-0.46286260083097186	-0.2936517861663087	0.25438163716147283	-0.1505618787136059	0.17910586082205088	-1.1147943685297506	0.13349444237293615	0.04933796143461035	1.2977411925837736	1.4664739464435392	-1.6099250416283963	0.02709910746783425	-0.22323532175797314	-2.339866402956348	2.548159037632704	-1.5785702004054947	1.6423712665352466	0.3047387346165274	1.7941164446558437	-0.17837258590039867	-0.48837427095656466	0.8558755122333015	1.8835602715220037	1.2124674236325341	-0.25503927739413607	0.27826776734764025	1.3860039188072615	0.09416764689095182	0.4002365141741779	-0.5002037157706086	0.751775350951899	0.1537208486838845	-0.7182668584617046	-1.0492625921739225	0.5355763177884862	-0.04485739655456154	0.1605396214459327	-0.4466822676407059	1.0414443384840935	0.07401078739479403	1.0048710217063082
DTXSID5023825	-21.23807718422844	-6.91204453912796	-7.5186609445776185	8.344922381437321	2.526098893531888	0.9714527305125613	-7.960876215580236	-1.120784186126233	-0.35803032860479195	-4.591821491282978	-0.1373836045052715	0.06009327153507792	1.0659343531989098	2.12450935970229	-2.7738899667524013	-2.4659971033942805	-0.733506228589195	-0.3644591785691093	0.9811697199967535	0.807113932551337	1.4009114983946416	-2.2034690298439807	1.870737305871227	0.1564531775760724	-0.7753189446958977	-0.817358802753933	0.7252443021990427	0.641159010780998	1.3777103207146801	0.7778696279978896	1.845974320686974	-2.4949029269387166	0.639131400928645	-0.37756623185614463	-1.344784186018119	-0.468545926359923	-0.7397841792866335	0.45080903564275465	-0.11930192730973593	1.0286134860950737	-0.010865259185437745	-0.5540048101482411	0.964955648391691	-0.7021885858600583	-0.14861956196530773	-0.7781176810389738	0.37815021352959194	0.0891027516555884	0.34759737569896826	0.8735784066336277	0.229465780930815	-0.33088283671309177	-1.3506883997628978	1.3572061844684407	1.7060101266196652	0.21360631430512383	-0.019439646937123516	0.9681670929985974	-0.21008290101817367	-0.19387005572559282	0.33989378099653256	0.37155958269127165	-0.6068708706178887	0.7227190609351515	0.1552214596470191	0.04576251710633592	0.10625258522422255	-0.8188194431103535	-0.8756162530832334	-1.716472187581639	0.05806917954805579	0.6151432387179606	-0.20619816539173572	-0.3137524792094687	0.19357556574962717	-0.41061444803555947	-0.26119299387754874	0.21966498613881408	0.35321537156563476	0.04303986085316066	0.01558292291256526	0.46677822929628815	-0.4397340928367515	-0.35598339310998717	0.1684488403696199	-0.2904254122388895	-0.9344524862757358	-0.15869791173316078	-0.13482879735063885	1.3305071447789774	-1.1289171662967998	0.6677769564343142	-0.5298394149495992	0.8009829679020116	1.2831684954461873	-0.3869035261052307	-0.26870213848637026	-0.11269930194726026	-0.539401298980323	0.49873251801112495
DTXSID5023900	9.705156470578315	7.332083030096175	-12.255753106386464	-2.448249431385211	-8.050436017678408	-0.2116887444184219	0.13922735569083508	9.55665421626022	-2.095657871302774	6.529674631219114	-0.03396937853690405	2.386770873676006	-1.314671285759107	2.0131147391088975	0.6046103508235859	-0.69590102899654	-0.14155114220504736	-3.55243529515088	-0.5413906076018141	-2.5475309282432432	2.214405778345969	-1.9686714073690879	-0.4245311867466687	-2.018141596314702	-0.005458151735432417	-0.5046854417305655	1.8255061222112579	-0.0643776582612246	-0.44239747971940485	2.3822962875917777	0.9255512056984163	0.08700884325234132	1.2283005549563546	0.13309520303109207	-0.12916987057095305	0.17449909397225594	-0.5442636747053067	-1.9731513709255681	0.49554401259344705	0.4660950154004113	-0.604607567257789	-1.1988101040668728	2.645319148865531	0.3910258680694767	1.3540689819754932	-0.3838741098133676	0.8215378819618854	-0.9437381245852597	-0.6039979591083344	0.011842108005314642	0.09611765641000557	0.6928164740881992	-1.707350458384932	-0.928024736264817	0.18736378692862998	0.1920431774119046	0.8897266070524865	1.0035721013727914	1.0439929097422778	0.0028560537244248503	-0.8031876538744802	0.17440270072602063	-0.1590277832542152	-0.12003168486846637	0.9574295370056843	-0.49605897060266213	-1.067314457943024	-0.5194832119442628	3.275591862537734	-0.9005244840629963	-0.20357520720616118	1.291783296604304	2.290715066456149	-2.1296030664647683	-0.004246983828482143	0.3890087038593407	-0.6913868391803297	1.4386238624840673	-1.7183846006814645	-0.5631140550066315	0.021994240105128144	0.004136611752603025	-2.2545059050817673	-0.16409695701721738	1.3822804426456465	0.014658198310067067	0.7384149620705532	0.9717758499983817	0.5006509814409685	0.49555085582674485	-0.07464783758869971	-0.7621498730813298	-0.1114039271218814	1.1816838246481922	0.5824682820058772	0.8837266690416699	-0.40084984094121867	1.2028512157973137	-0.5449890819105178	0.6711615644295823
DTXSID5023902	-11.215700386118433	1.350516110665861	20.04059007636271	-4.2982522201923965	9.425099871938276	1.7336335831722605	1.162559134581732	4.074211644954158	3.8260079115597465	2.319521915627642	0.22153084401748271	-0.6390065569202432	-1.5119866533829422	0.08471897747893847	-4.657691502927703	3.152772651924554	-2.0611796978056347	-1.6604906451630037	-4.830865538444709	-2.194927801168229	0.38795874330657754	0.20691285863309636	4.662999999950649	1.536438116386946	1.4660538003750756	-2.0996609036657876	-0.857735074596142	1.6556549583768088	-3.092190231707598	-2.024110868124991	0.6614187488408483	0.9073312553252904	-2.8355663944407303	0.10667886003082144	-1.1947673586755994	0.630901727415308	-0.28016699104746373	0.11254127123003632	-2.6443187028206148	-1.0490638729603718	-0.5512653551921021	1.315642817673849	0.18943711056813411	3.044839116050212	-2.500826499963078	-0.2312560510644239	-0.36241007625919947	-0.33374996601666584	1.4258915249785813	-0.7638201472173133	0.5268971792089201	-1.1802241553941966	-1.0561903147049423	2.108668051961283	-0.866002522836772	-1.1233413555455067	-2.39277629104609	1.8968905548391237	1.0951753294175868	-0.9460723155129707	-0.3194534753265429	-1.4765869686891122	-1.150980275366697	-0.7989895016625428	0.6384662206577115	-0.3071794301628035	-0.7349856909832769	0.7356862532522438	-1.5096710307521415	-1.3791222345482996	-0.06915105389636045	0.45442079044955314	0.782756872874977	1.271520226405956	-0.03836699319751421	0.8197515302109232	0.18326826675327018	0.027651555055649008	1.4046540937050598	1.4432731089117619	0.7243471760605028	-0.7435491766355581	0.6848498201577589	-1.3574721939027254	-0.9434968161516869	-0.5291103541861957	-0.3272305312567722	-0.5010773425657093	1.3885582887658274	0.35369586613682286	-0.7972407842244196	-0.8256224060881844	-1.0982457926704794	-0.4858265147169357	-0.236216715840123	0.6423326854305389	0.5560049272130183	-0.2837290404678065	2.1728159782999894	-0.6718021660751922
DTXSID5024211	6.733535578233807	0.6572174415785734	-6.911021846574165	-10.597761439646671	-1.6602030588219134	0.19561143331467973	5.694590380826602	5.410518574357615	-1.9908476633768395	-0.8795264607052233	-0.24268540491649207	-0.5854234009737105	0.7253711592994503	2.6359577715034774	3.6307331375705107	2.3246394359715628	-1.7341254188233655	-1.0489225810291531	3.5465643180108035	0.8598143691888129	3.1327529003571826	-0.2402241593030745	-0.1901337061194061	-1.3187071280461082	0.29034046845017786	2.43030262980146	-2.9606108212440447	1.1453142228229065	0.0047297236283283285	2.30960270758399	-2.9679358014653143	-2.208325416738038	-0.09741061021697235	1.9522479822167655	-3.645273974126005	-2.038627561253808	0.3699086614657723	0.35489489912618516	1.7421465408129315	-0.14290501514409928	-2.5626960174142956	2.279838481726833	-0.15238364961117234	1.7276546364644494	2.6319118423459313	-1.7111425958287874	0.7952652785326828	-0.8648341956012917	1.051334269751162	-2.1291770575722917	-1.8361112441380012	-0.8360366701390458	0.42425237812459354	-0.583382258855521	0.43432854556829203	-0.9603422722639641	-1.9293832707585443	2.042012670199038	1.1585145919953441	2.431812999177788	0.03209185741289901	1.9012495435855268	-0.3881428617280691	0.4011534603789512	-1.756971881744249	2.000613050183815	2.479466569029724	-0.652371874633255	-0.9238713127671968	0.4750788032687044	-0.321778279441883	-1.35650421610569	0.5696955711954977	-1.2734451670069649	0.26103717442870483	-1.0132263658066165	2.090972601592254	0.6092106351230178	1.0495987279360208	-0.2231906921359116	-0.4290059221321505	0.5741195790884325	-1.261266755599139	-0.06997211878324412	-0.34457300739681174	0.3133831497278792	2.2833665774716225	-1.4729569122443689	-1.0306441959590096	-1.304429456413412	-0.8175382814618941	-0.7096662806412382	0.6937515861981384	-0.24844940429042117	1.3114766671897322	0.9251443552812821	-0.23601377750859642	0.5837038118578047	0.22895855648327101	-0.022325833225455113
DTXSID5024261	8.244044038995735	5.027510671273699	-15.74322225071178	-4.210209798580375	0.8775317946790491	-5.0050667063675895	-0.008103743752260424	3.055094163523724	2.4562151754554495	3.4377789670166887	5.102433589731592	6.945395105195239	-3.067663317595867	1.7625032392819957	1.40398898633585	0.15781198462970156	0.6793603182749215	-0.07176961444271539	-1.360002333803802	2.1677146328948123	-1.7816705470372496	1.528914848181738	-0.42194209888115847	-1.4781258514315314	1.3604056097367518	-0.5207943066033606	1.2190435069069552	-0.08530046768721883	-0.7272948547688994	0.49297849616942935	-0.31588379499835106	0.16241818672058023	-1.6395373517844876	-2.018603248037829	0.8505154225559588	-1.5204009687180768	-0.6931556891349846	-0.25241928182994045	-2.125016579586514	1.5980346085277035	1.1683328539459872	1.2668458805659322	0.5926192312592786	-1.079602497161654	-0.05186827111698349	0.1586545201414466	0.1739254291238729	0.8878024111450794	0.29933490151366404	1.4141989248040847	-0.4615415800561313	-0.3151974995115426	-0.745055413789485	1.919841752227783	-1.4968245908128643	0.5853219207950573	0.3591718433958615	0.9809920888582421	0.11282633532430973	0.7339834911210639	1.1827505813213997	0.7711014176396362	-0.35089503992769433	-0.8532417841114671	0.15910985294562455	-0.21504335070407996	-0.42921623862545255	0.5251060588141584	-0.2400976629242269	-1.1723695527417992	-0.28046583688491517	-1.1711064615443376	-1.3784427087503086	0.2457507825389235	0.03753746467590458	0.9135320592195024	0.09064692723770323	-0.4296363665325733	0.37038156260605665	-1.0723846703319442	1.0405892735168607	-1.1563436706255914	-0.5018772597683938	1.3271126109765299	0.06397915985412396	0.2338673282726412	0.5144894123683523	-1.4127788122002347	-0.39262875711623885	-0.8980737955373622	-1.4993145896118891	1.0963672637053763	-0.7082735769313064	0.15354030301870572	-0.6288873778017936	0.3332294836796126	-0.37736028298427404	-0.4517254470137447	0.4483589404241612	-0.8718343828538245
DTXSID5024891	15.909632509496682	-13.722268734114039	-0.9093777370044415	12.947648962223099	-3.33712525928515	-4.534563247208334	3.666156537274063	-1.4185238785068481	1.6485431277009306	-3.3294804985333246	-3.1338649304030843	2.6012032788870285	-3.2117720973516537	-1.095166640894861	-1.129768081463622	0.5323046729775932	1.8808168672322019	1.7033882781524141	2.5125237442990365	-2.5723304362135013	0.7766563189792844	1.4759328352485936	-2.948934840215128	-0.6543595521262955	0.02349266054915365	-2.6305888505689685	-2.5808459171615863	-0.798556443696203	0.5766032403664831	-1.741599662190865	1.4636986788575648	1.8634005106136917	-2.0421561625181264	0.14482152480344246	-1.4429377963833507	-0.06483734399305696	0.7771086263246362	1.2931476232906463	-0.87743151553105	-1.4440752148283869	-0.15117682345311875	-0.5222141715279851	-1.3470311756274413	-1.3009476985129778	0.030292236454645943	-0.943546961639192	0.6865403384830732	0.06929615556620305	0.9856343960190584	1.2250425705016457	0.34685983126923997	-1.1253747840394925	1.2468878182889653	1.240410838071465	-0.07613954132570427	0.3139470076656692	-1.6210361258645511	-1.8524056522859307	-0.09745694491298247	-0.515422920652858	1.2208857579280465	0.2051391088056809	1.5798302078838795	-0.32817341812694695	-1.7150661860071583	-0.012335902987364106	-0.4746928172220797	-0.7165863202936986	1.008410005911592	0.5609738001013829	-0.8103102431918328	-1.7064196124117477	0.8301606711695776	0.5742766491653873	-0.36527683180686427	0.975515998092199	-0.012145676969055936	1.7505634545022455	1.3921333277027403	0.1411537320283663	-1.3360135610746116	-0.8141632906190102	-0.5335457712421134	1.62637782526271	-0.622698161431604	0.2833148368930879	0.644314717856276	0.19258647428355774	0.09146589913706986	0.46473500584909777	0.20610010874440957	0.15624404953626464	-0.07528986098921206	0.010492582054844128	0.5677729868810419	1.1373210341309905	-0.9560037145832625	0.04533427571608893	0.6601894790666389	0.6836568256688609
DTXSID5024845	19.038923075781494	4.076422393944393	1.3673695087572932	1.5729514166739325	-5.683456265918771	1.3920418027363612	-1.8832779147890348	1.3240632697625376	5.942998496305583	-0.2674531432896937	-0.2443094437201147	1.1377567994085316	0.286911343869772	-1.138025577369528	-0.1475630409445207	0.38210482883536134	-2.276286948125356	1.6207116461111113	0.6321942475742386	-0.4306383485042777	5.449092373042726	0.5580930205509158	-0.0660442507884868	-2.6622871634756606	1.0128308401627286	-0.6801904025397263	0.11719251033942937	-1.404715402853922	0.7457164794738684	-2.283632476071699	-0.30063405918467545	-0.6728441405527001	0.5571786300395767	-1.7404203900441721	-0.8268449181551794	2.2354424228166523	0.6843429381328783	-0.7275578153030224	0.08260306677448404	2.098590412867802	0.7844393628917771	-0.06425766879963146	-0.5923266107728931	-0.03079797155585654	1.4297678589682752	1.6458757969877427	-2.343365541093662	-1.6444668043642394	0.06029241502492846	-2.3627904705183775	-1.0636366057685278	0.487158599860161	0.77145873814936	0.5392568921671277	-0.9691632532207399	3.1373050490972867	0.566511715913512	1.1182247918346588	1.4791213746212066	-0.16578032353932615	0.27382953088633255	-0.7430686300592125	-2.090960271903745	-0.8352435988684035	-1.3653532194544389	0.4068866734930191	1.0686550994757216	0.09462468764490535	0.352018789622776	-0.528817638183808	-0.27340343985053717	2.4808380053025565	-1.6406558484069895	-0.010650421298400891	-1.0443247617388376	-1.0118351259004388	-2.0545419960864937	0.6008746726208805	0.12469137135643983	0.8897421471984488	-0.5244760462310776	-1.2670421551941453	1.541783626568136	-2.3543188081896265	2.4969519451805646	0.17329451388921854	0.008140220167936661	-0.04715631086975202	0.6287948419209423	0.25395515274842445	-0.9055217068604902	-0.675499780837857	1.9595000364364248	1.1837401610116105	-0.5752187301892786	-0.5680209399405136	0.05756694762705608	1.133208363400405	-0.5825963480867414	-0.6917130032396389
DTXSID5026706	-15.690053775920715	1.7866287021162595	12.305747890994935	-5.206636251963584	5.73344941324655	2.151099371709673	3.7448724809978993	0.6837958019244168	2.934184580938777	0.6291335423197972	0.805233799168866	-1.2050698217446811	-0.7555471280242504	2.1707219497380503	5.266787929505419	-1.429698222953769	-1.1933030161231657	-2.9151577411469822	1.7463279540399594	-3.9305754633219916	1.6924787641218177	-0.6979843998960321	-1.2537697934301388	1.1466664849374149	3.247497495192789	-0.39517857985670735	2.1938569196277666	0.38730909903549354	-0.2498060932601122	0.03220271628787004	-1.8623038003374517	0.9951997577118425	-1.7831765994610287	0.6790654536587191	-0.836157207170111	-0.32735602396505664	-2.581090003218411	-0.05616413382523526	1.2081249535137113	-2.0456617941148414	1.2346163204516545	-0.8711878142548402	-1.6367784051794445	-0.045103786917317874	-1.0952188410809272	-1.357826340272751	0.2918179526856548	-1.5960237850661796	1.2132544258165245	0.26776214843646734	0.07920739960916968	2.054368096812479	-1.5932108820629602	1.79538178939986	-0.7913625168439201	-2.0359377294088628	0.8184516583974691	-1.0181304530901447	1.4317652984944305	-1.4220541051904998	0.02484242729930754	-0.3165339508907633	0.3742344451669412	-0.623186088085153	-0.6283199160722953	-0.319742238470775	-0.3089139362715534	-0.4730183922210583	0.24813354578124522	0.4103110644974845	0.28571444342710406	-0.4300384548405506	-0.7609317324603475	-1.7693194256793219	-0.07387354939589523	0.6649373128288842	1.0023970792210761	-0.7554750998005517	1.3166448077059554	0.06426822905817162	1.0807274220722118	0.12966442900253985	1.7998164544081408	-0.11467000643078777	-0.12507840265403794	1.1136894555899572	2.0987412946329416	1.1619116885479512	-0.21322267278347873	0.1893176993933591	-0.05526545691460564	1.2263840661859091	-0.534894629186444	0.3373629905204069	0.5294253703562665	-0.677260954994104	0.06205080583531422	-0.7701652788496702	0.273194303208172	-0.4502698531604512
DTXSID5027061	-20.225886955932573	3.3017779610921263	14.72901910354285	0.8431609000827882	4.934687438799115	-2.657306145751845	-0.5515684159930114	2.9265303658797284	1.5455342890420818	3.6874521851932522	1.0537853650309918	4.244376467884658	-2.990457297965526	-0.464441145426415	1.1520114684742078	0.43374294155300086	-3.1583440397362104	1.0279776686281485	1.1781777463790384	-0.26083734334805575	1.310274084036599	1.0496686850284873	0.5927396663914466	-0.13171207561529397	-0.618858278440941	-0.7930358403592191	0.2248203631155116	2.630354308684689	-1.2816557328913272	-0.03857773587425392	1.9065998827619106	2.779413285251544	-1.1967782238531548	-0.7280431270076283	0.7061944513414449	2.8185261724203383	-1.0537855488272982	-0.3865879052487639	1.7077566950714358	-1.288442945137327	-1.3880609086052451	-1.5598001026090014	-0.15713881701234045	-0.8727837129166403	-0.43645926947574193	-1.1146641178053451	1.1836883824064555	-0.7608749278035242	-3.1026098456284705	-1.8540047249221696	-0.20685888168900232	0.7052227443284882	2.1094195136414653	1.0341994349046115	0.5987144852682968	-0.7318700916570513	0.45308202716015067	-0.2584634693651769	0.4327350063470407	-2.049620935256956	-1.5786167359853163	0.517747143057467	0.09539795756313708	-1.652026411852031	-0.786823867691638	2.4894711480504936	-1.2082410334088625	0.26595985551999646	0.14346441971324625	-0.9726916535509385	-0.049182532356242044	-1.1066402870964636	0.1917188844038866	1.1774831410351627	-0.4801951868824594	0.10080687855258107	0.843554573315266	0.11538389374809085	0.5010752481875823	0.7090797617954817	-0.7524065541172797	-0.14661808327739687	-0.3478625356809032	0.43518856457707983	-1.0959086815553323	-1.4755172835285748	-2.313295277246883	-1.2546024871768553	-0.9342968811103547	-1.1568275116232054	-0.9050438396100462	-0.04841872760049318	0.42896243284221175	0.5436399652458681	0.9595854735327723	-0.30417150233461665	1.0883822045644922	0.19174347477755227	-0.6685733720149235	0.6544699319255084
DTXSID5031131	5.118417587737108	-13.052298048682271	-7.257033424018901	-17.14539728149079	-0.45169071917964904	-1.2726763208127303	0.7197355437993764	2.76154766029825	-3.1726645660630495	5.738544147327728	-1.1636685593824299	2.0814432931277578	4.889837222588439	-4.457556133440103	-0.3877883485687049	2.1666159233925746	0.5197546278159495	-1.9539331169206031	2.920538227391856	1.8969965094357408	0.7145354376490419	-0.7974789629114856	0.058632501318863266	1.343132494583458	0.568737184911576	1.3689907807829074	-0.4874831846571937	-2.034133007912057	-1.514969132881891	1.5792986627157128	-1.6173339967303293	0.7916578100807586	0.12418377269323717	0.16103609901097754	-0.30509935524550313	0.24377545018984398	2.4542938611101035	2.332919255908225	0.6603687511043487	-1.708008835367805	-2.0263472438936696	-0.7290452072847899	1.4068260283132235	-1.5466013590282626	-0.10358878775405271	-0.09720415773070898	1.1247896983408185	-0.40230570027505286	2.177378522292303	0.16209526687084266	-2.8269508346509866	-1.0467640575219832	1.3198804751186077	0.6413708322084709	0.4217586839126628	-0.9733379328828617	0.5477098886225211	-0.16615755774088908	-0.13520483194154945	-0.7429282655458394	-0.2840372471821919	-0.37992113094686736	-0.6937629549582324	-1.6580637194787673	0.5159132384143793	-0.3409485250366793	-0.4892159678867761	-1.1031205547998755	-0.9290231195106	-0.16462346505165415	0.25225149699880267	0.7441815252170579	1.7645327261377153	1.9575207288667529	0.7422305887708353	1.2643428936643903	-2.00975693090312	-0.46943647466224664	-0.8882484738508959	0.12306443264798822	0.217643741742128	0.8426487319978183	-0.00505163507313653	-0.07144141443646405	-0.14459699007378668	2.884397820037697	0.47708976652048135	-0.8466181752418811	0.8734401867004091	1.2912371185733003	-0.539707770781734	0.2668362754220444	-0.33437746668552726	-0.3062604460831236	1.2438704139865613	1.1178859238315277	0.2607657531688129	0.7512447794097159	1.0768757442847392	0.014763239276347106
DTXSID5032361	-13.9163675228326	-1.7700960095855667	-13.615374716060078	3.472385507844434	5.0240351010797255	-1.3398493963884224	-4.212849209159646	-4.9899607362862195	0.3070928775332994	-4.972959410309906	-1.019078126085143	-0.5882926198874805	0.8300746124039396	-1.8696650653337654	-2.042772493821297	1.1878581146870517	2.9219846091555697	-1.1045244725028724	-2.196774431606274	-0.7580409919247479	-0.7224819797545438	-1.711517993181705	-1.9923846233082307	0.474726691903025	2.676729693032967	0.413884413561911	-0.025758203342299498	3.445467527483524	1.3861785918245662	2.426171978843612	0.17390916486937089	-0.7190334369387759	-1.0186797960306337	0.3064501596849076	-0.053958954148144445	-0.2850010976361514	-1.4506158886437364	-0.213415346060749	2.779166254129434	2.283196584103501	-0.637040572526865	0.2668040531377886	-0.6506937011188677	1.136910923246537	0.9278164522412777	-0.04121879979033591	1.178499099846452	1.0450301533581585	-0.09380336237067136	-0.09542331397910656	-1.5137284529829558	-0.9828165830481739	0.3849993046909497	-0.28838729683416187	0.7077555491335189	-0.5910995084776919	-1.0960381612253782	0.7317779012865293	-0.3428939089857076	2.353261588772695	-3.3882551621118746	-0.10611423624808937	0.5177892586026791	1.960620970540532	-0.418718282823998	0.5867516382846392	-2.6090488740847375	1.4536090656934941	-1.8634883739630153	0.27323279192468847	2.031172315125561	-0.5624074246225201	-0.8627279621189325	-0.048411937769420425	0.5424364037934992	-0.4313848638020553	0.8149300269889536	-0.029721162963534276	-1.8761853160833146	0.4564352149578403	1.3664483997597023	-0.9173119487178142	0.37189734344701914	-1.0790196555860194	0.6198192744028275	0.21865834954292757	0.21803937799810905	1.2694548177498972	1.326928314600749	-1.3467015149969763	0.06075131222574239	0.6394464386850599	-0.28176363475328986	1.2113183541857173	-1.0794421170886714	-1.0617775041051476	-0.39620645220074946	1.2700891597872446	-0.8358091909678437	-0.15791429262028434
DTXSID5032442	1.6239277150791678	11.997909996906781	-9.218653116654867	6.667781598055544	6.677347104922452	-6.457231604022018	0.5303377601913248	-4.897375034412138	3.870121758521355	0.9981998523460383	-5.176157966943573	0.6859205235398194	0.2363026791352445	1.959638905914093	-1.433474010773175	-3.524586377098053	0.1843546607092719	-3.8220726915914494	1.5198770280394196	0.09033846185135028	-0.2314624550282191	-0.28980505105400506	4.139004031355265	-1.5772169181390796	-3.1461575678733706	2.115076566740149	2.9423309682182888	0.5375440065486904	-0.24875723662922924	0.3245286354291077	0.4271001799988303	1.0411635768035423	2.1276048172531667	0.07854132625252969	-1.2380012288463378	-1.065291162097048	1.7221208487773814	1.6965549023573383	-1.2333012011000393	-0.6742150152043879	-0.22457742755095558	1.7904638490761542	-0.2691909046900013	0.4818558245501184	-0.1742936754291538	4.16772243884493	-0.0871426099173576	-0.24428898637821506	0.7349142097454826	0.0911708351209902	0.5581790036099702	-0.9596404860963603	-1.5526217052710496	0.01604543286048377	1.166609641923802	0.37614187542677446	0.3540786632642656	-0.13710020370705212	-1.9616788051831662	-1.2857894284483773	1.6943260480696503	0.5871013711232765	0.07382599397604607	0.22749186034147056	1.3634857034230312	1.2180729181381327	-1.4301799060134188	1.2498334064335843	-0.26093284777123027	0.30484144313777123	2.250633986754784	0.2749871470333654	-1.5668587091770834	-0.45572518130177203	0.9277177905013541	1.4852229635503202	-0.04190342648606942	0.5260862958553638	-1.0195027726604597	-0.6728258821923498	0.7414551609392173	0.5878591401074748	0.8636535615843618	1.56115167439573	-0.5506350477550334	0.29644866302597495	1.0387752224544315	1.1971435601843006	0.011926366320192913	1.588788208131232	-1.2174364841771794	-0.68873896459924	0.2127897764433255	-0.49704075579247736	-1.6347291264392316	-0.4229308220266783	0.27636326475615747	-0.2789615974243318	-1.226129173990266	0.25990512940119515
DTXSID5032654	9.996854759749565	8.082578977961688	-12.834466123110271	7.065565582083341	10.729649027538382	-0.4637643537695095	-0.07717654382629464	-4.568779962962674	-5.965661372831487	0.8355659242686596	-1.506851580343072	2.2560405173915736	-4.356838257321376	-3.7056468006674796	-1.6008290903454372	0.8044053634156845	2.7044671192756966	0.6924869649658049	-3.371231965536367	-1.192019988445859	2.3914229951308053	2.3272565735755393	0.47087898575081927	2.113596062446684	0.9831120581716769	-1.6343687989696973	0.6008079944871727	0.8498953720865411	0.2366008976064073	-0.7887939610312392	0.709999569178952	0.30212613936373556	-1.0123342230479624	-0.43027112293870956	1.64926189348188	-0.03156441310376154	-0.26041354669396355	-1.764620756604955	-0.38376425344806625	-0.1469907965348314	0.19020977051258517	-0.6866506090615826	0.46176099577541013	1.6462759745040545	0.26457852084093575	0.003481101298365012	0.24184615977228935	0.4380178094673367	0.641727750091791	0.344598810411906	0.5716587695352575	-0.6442145829280392	-1.834757268506001	1.3258536198665662	0.5416650709016686	0.8750679450673586	-0.9712837266379083	0.3986691959162128	0.7696520973731937	-0.889441458651536	1.5763403965145468	1.3233822798744153	-0.6775134410594372	-0.6891470066641284	-0.29482756286723716	0.4197284970883746	0.10086732197441507	-1.4113232732459189	-0.751974741368844	-0.47421180126117396	-1.5348024449059672	0.58914040048615	0.570459091714969	2.035863079069447	0.020915309355358746	0.002704611520866513	0.42348615839875564	-0.39890869064613826	-0.7522162358069314	-0.5408182756975644	0.4369404289342699	1.9352806471946178	0.18132936370418218	-0.0948697850446356	0.31453006761854	-0.3436420875507511	-0.21468704405776534	0.6651288817963226	1.3675951285523884	-0.7061776341587845	-0.9317832476039853	0.11852334639769069	0.5473805982993217	1.148040249478472	1.2527996881916068	-0.3110806268315838	0.5096256131369206	0.9159333744005951	0.41290525980431064	0.5342762059530572
DTXSID5037494	-11.18874100275196	8.097507401949043	-9.221434702357051	11.077680230518526	-7.3148048643748	8.629943734051352	2.20808682179139	1.5873684006753697	-2.490915728879429	0.9081395413913378	0.9183743821077539	1.0593122861134316	2.1844544762222324	-2.402856620585207	-3.2103224562239316	-0.8954370724625632	0.5300705713087773	-2.6068326000071593	0.269228687281688	-0.3214890102759263	-0.758693064095786	-0.15541789600691797	-1.0179491567656882	0.2536932177057119	0.2138161986814469	-0.471561587898695	-0.9494901064336847	0.6370219004751781	-0.9020807413420292	-1.0646384572188197	1.0077018154020854	-0.26591491906152787	1.2737233042312575	0.055547102078885385	-1.7483685698843778	-0.8684922000698462	1.0284029837725428	0.49764241927156866	1.5888358942476666	-0.5053084059365479	0.5683710908549754	1.3430864672160332	-0.8529107519940334	-0.34155295922212686	1.4055041390697354	-0.947904616686888	-0.5735063356688966	1.2564704140746328	0.6255796817896102	0.8718347072161221	-2.3991604772622863	0.8304051562490906	-0.5598088724689605	-0.8178061748394717	-0.5667808007712968	1.4577722662242227	-1.0956749865492859	0.19165804206595896	0.4464884524204076	-2.049305294490736	2.074162175164672	0.692398767345926	0.5748866785167167	-0.3723966661083884	-1.115673445334699	-0.6794409580475215	-1.308906353063839	1.6079150638477602	-1.6299428848589694	0.02214711489966068	-0.29715399969715645	0.15060375589679956	0.8008533301271814	-1.3061931000050453	-2.0146677584479322	-1.6650091205877984	-0.3181776211752613	0.18581911665279913	1.028719977707724	0.3914642514689689	-2.17486743295022	-0.4918091989149346	-0.1356800658868415	1.6210074194126214	-0.5558888661547884	-0.6118473652552948	1.8587841669617047	0.5721859539633292	-1.5648071695563344	0.06904054346127161	-1.3772039533666602	0.9098894953160811	0.017776685334879725	0.167597744328723	-0.22012488138362296	0.38433449841897666	0.8268441063986055	-0.5579262103841754	-0.11728466348454394	-1.1683724019926203
DTXSID5037498	12.31441773933425	2.6201352620452054	-13.307681897257428	-3.793352559664295	3.039625739642174	-2.571929280554735	0.1933762154715104	4.429726395495241	3.5629078309561635	6.752870723232979	5.962053726081878	8.734569044098887	-2.6984781445239174	4.549210434828003	3.048065389910754	0.3723036163469054	-0.6243460462737827	0.3838475237126766	-2.5397812735596146	2.754996311938587	-1.8883003891798045	0.9037497529762921	-0.9547662772290957	-1.9022019832857417	-0.1580215669330112	-1.0533371625580266	4.360231282581438	-0.15378042488357518	1.0305306946078596	-2.1252039268290375	0.592428440844416	-0.6686699920497137	-0.7663465382969051	1.1246618561537929	-0.12312116809408798	-3.0013587747028554	1.451685491988541	0.2735873766876351	-0.5401116853161837	-0.9521377741519972	-0.5502543685338896	0.20854230532227286	1.0107580821366364	-0.07896910053889525	-0.2276950794336831	1.7522352121521068	1.6877231540388125	1.2291153885030248	-1.2807148788356122	1.6004586228243292	-0.3837372921142265	-0.948381578956792	0.910631402933778	-0.6723086356630326	-0.15059116208963746	1.4138216709686913	-1.4859883427442904	-0.34919960693184465	-1.1762879664021075	1.1345726447494395	0.42539070743223084	0.7787223879685794	0.006130989548312833	0.7400757776825279	-0.5213865996170862	-0.3364692904698156	-0.2938104500135311	-0.3468690474668939	0.04538328010668459	0.20297410960422319	0.34416677001740936	0.35638596742731365	-1.3946007776188614	0.2226516265484032	0.15186084270188566	1.1554157774431186	-1.253281806519653	-0.4481473165869205	0.06838457562526513	1.1706522707530211	0.2245346647754585	-0.637545472165422	1.174649218158656	-0.41635549555628304	0.9977206567136898	0.3530733689159095	-0.05856975083670617	-0.4662368187103773	-0.4192829607059626	-0.7949656888942612	0.009412332552434838	0.32454258056779495	0.11744689829390303	0.3860574898255655	0.3986775879327823	-0.13952009630914963	-0.21237753861111222	-0.9625619938601473	1.4669897197559971	1.0683199691598282
DTXSID5041514	-15.19040016574236	-16.65100461212102	-4.893537729307219	-7.056437860145282	1.551543897166485	2.4928858794339734	-4.744819705872533	-1.8813253140352393	-2.945123536894706	0.5625500415100483	-5.6088781232392195	-0.775629006400729	1.1121776952840565	2.7043900573292095	-2.354536114629062	-0.4390955480406789	-0.4828792028054665	-0.26209811899598323	-1.2124496627181471	-2.139290793667847	-0.2934228385847666	2.4626175317610564	-2.807850469201277	1.0040458913618826	-0.6227470502515126	-0.28350473269683063	-1.8236729741990676	-0.31943033967053264	-1.6700176419273034	-0.14023947584499233	-0.8807289894690518	-0.017258371099915792	0.4093035249020866	-0.7188386525185947	1.700073522033193	1.7340788049877576	-1.182708751379661	-0.5713672713855654	0.12117842604795587	0.012543752609002569	0.7764865451142151	-0.8687673968462151	0.8307891916046156	-0.8171214501095387	-0.5381218607417388	-0.07043089390252807	-0.12182757102210254	1.0236549535413029	-1.2685885464752964	0.8267009682178441	-0.12973348115771238	0.4747242322335743	0.3503246080712588	0.6894389440151115	-0.9054024488999092	0.2723431912379074	-0.8963785942109378	-0.6878853370492353	-1.2519230048134866	0.6988373802812891	-0.01761638452520851	-0.4142976346919494	-0.7790403153355009	0.7776511762370997	-0.15364380413214346	0.029740069714744282	-1.1970583965574735	-0.8059076629507574	0.8076681786482005	0.7811153773533714	-0.6193853334293974	1.458546117815867	-2.0633332568698135	0.9853387245360735	-0.41348726798031754	-0.9989797192469925	0.8780607308259614	-0.8337849029437473	0.991019942883597	-1.0621072503493494	0.8624237865186695	0.6734629528869801	-0.5017011381263394	-0.14304746991831505	-0.14442666048121244	0.3665228929209817	1.3969732861674102	0.46431712363965616	-0.721919856709048	-0.4287197853808446	0.520349652909815	0.8291113335326226	0.021679214321190386	0.36914611263450575	-1.178910478079414	-0.5547745186396382	-0.3212913236303888	0.29657607554313997	0.01649203573277657	-0.2603034704855916
DTXSID5041691	-4.632812642751016	-2.1305238155514865	-12.057510267534614	-8.515604075365648	-0.358945865235112	1.853531208524141	3.8395487211053663	3.872187301574667	-0.4433345480625707	-6.20885308103031	1.0806965164935696	-7.858050275227904	-3.3110549983739594	-1.3807243892909729	0.5094696194362838	2.099911902842009	2.997789321559337	2.897040238007126	-1.664077605016058	1.3486757055444152	-0.04510226061838771	0.18711350119571885	2.31228149354442	-1.3275227231766946	0.7890576008178694	0.46821530410602946	-0.0780003678733863	-4.080248303675163	0.021772224102803068	1.6878927070874399	-1.0808463831503008	-0.13466676575291053	-1.8638444879484082	-0.8385175399807707	-2.6210138711396382	1.2942528593257494	-1.4032501862584263	1.477432838035443	2.642946944672719	-0.5612993948977385	-0.130439973301634	0.7950676986597753	0.26572752715751885	0.11543667660776187	-0.22292290128215292	2.8084314824373497	-0.38472105164499176	-0.6257324839388797	0.7728740024965004	1.7225847860339085	-1.167490554858302	-1.3186148434918639	1.4122667211102484	0.5935213952498067	0.35793143118346327	0.4583981335797833	-0.46428346325827013	-1.781837803424607	-0.5330998244752226	0.7846456256634505	-0.06904829446815526	0.9503285693551029	0.055652121973837974	0.07416497803175619	0.8534982938870952	-1.0245601089800487	0.30884126186955774	-0.5419022369834792	-0.9503781461316984	1.2294754547554199	-1.756752282068669	-0.9882342131684583	-0.011000127366223834	1.3261434497198323	-1.4817560785822852	0.013405102483720663	-0.8278133528378248	0.06126058408825269	0.3055606800396955	1.0396751824006212	0.6221610207158186	-1.8643358587843482	-0.6856298389962936	-0.7688103320795311	-0.4433995890623138	0.3308270883078117	-1.0389471206159855	-0.1263827987581946	0.6402243930626502	-0.8785973276161445	-0.505021223022146	0.2710166683254153	-0.2687118686663381	0.3111496742008762	0.8336333148766327	0.7764280704539301	1.4863585544462297	-0.2512746166382061	0.14212149716785533	-0.4731312056115067
DTXSID5044605	13.32310959552619	-0.5097160205411745	4.971314048390434	-11.749863390472811	-0.8796453818894946	-3.4460938876624745	1.234883575851127	4.353252654772907	-1.3470318085609467	-3.6180879463350246	-1.1659065839905722	0.2712935964473336	5.9382904838837955	-3.462809827559648	-2.0873567559675443	1.093436430591076	-0.3187883975572265	-2.722737954204373	-1.107298385441816	5.63820855316199	3.807109053633231	0.30116057197805673	-2.0435174502030797	1.5894800675651979	2.3039448096337476	0.30440707549725304	-1.5801449506919294	-0.45245886032130794	0.08462341363704176	0.6280031253079144	1.7050865153814627	-0.035607768744019636	-1.5379694382464066	-1.2851186729274862	-0.009295407199136959	0.5426577823457502	3.4564595775104836	1.0807687230031604	-0.0496986108867285	0.9634235562983927	2.954103748944272	0.42298587877597593	-0.700756011708626	-1.4446777258273837	-3.4132031858065908	-0.46699751721721827	0.7530192748685206	-0.12416124209821089	1.3239774719035249	-0.4494929512621967	0.08728478999872613	1.6654562734006102	0.5220225713054519	3.4456232379658807	-0.5707809721053243	0.3003035715861882	0.31020183217939734	-2.3286661915704285	1.3531904254265554	-1.1408343523131448	0.33231781944580463	-0.05795034225565994	-1.256907470347037	0.13863680380369459	2.045126154976176	-1.3202337311687309	-1.435349351964795	1.5034810967929668	2.2862912631166665	0.35297108624455525	-0.7335024323622952	-0.5561589036680346	-2.7856852856429573	-0.007589021289826965	1.0129635683493443	-0.4814725288108419	0.243878505213096	-0.04133681916045995	-0.4065982771847593	-0.26805862243748024	-1.2282866541213073	1.3266260366361617	0.006392398998507715	-0.5452144863965449	1.1883263634290138	0.9539277533404698	-0.32421383350756866	0.0213881037837741	0.4107037278892487	1.1559290472327866	-1.149851303811349	-1.1446713997569615	0.6955426862584863	-1.4095291995943549	-0.9350982312994924	-0.876189793688092	1.512741699936943	0.6717439347898921	0.41847160610919787	-0.19294832655842298
DTXSID5047291	18.608162190188516	8.748708599009635	3.335999054003866	-0.33047348260994197	-1.0512115455683007	-0.3913309748615091	-4.022930130857613	4.427747949400771	0.5261484758120049	-1.174621830578276	-1.711239990035893	0.44192097725987406	1.6201467923848507	-1.7558311079772357	-1.7466629156971092	-3.3177412229623497	3.5204502605187313	-0.4976059514087941	0.37491982975064564	1.4181616443510798	0.4786757494045749	-0.3795156231558812	-0.44435952177053634	-4.199234230357883	-0.4855231530430568	-0.45601623650797185	-0.22712697018584746	0.42270767673213266	-0.9421752392146406	-0.9459618619134976	3.395945361243176	0.32084992275611096	0.9360433216669052	-2.1144855404379914	0.825102941014198	1.7501256662804106	-2.398560733358	-1.7850699304667081	-1.4756151546159315	-1.0968972499968865	-0.6761959910520463	0.021041515039653427	-2.6979005959912388	-0.817881912355475	0.7138837850295677	-1.1603562502890412	-0.8620161117144455	-2.7055658785809076	1.9788235987000058	-0.9324812880764181	0.3772732150279488	1.1406556067249383	-0.7644329646808029	0.6769531309539227	-0.6316963300366217	0.07754185438702167	-0.06826729313563035	-0.9669483440762253	-1.254696793160672	1.0478772989634477	0.34207993962922856	0.3513839290350413	-0.8904429900506496	-1.2071154085956641	-1.4230510178212346	-0.6432577529746419	-0.14747444294918452	-1.7241007251265605	0.20290222606010438	1.58834985237748	0.8044965423593313	1.5989010064019218	0.030677476477792558	-0.25557612102696914	0.9781149887604269	1.7109349908512326	-0.6278134470569856	0.12123894728612226	0.8743036841097609	-0.4328272457919163	-0.9621045684105352	-0.5313202597294403	-1.3586019631989368	-0.5394459676761758	-0.9700770750814135	0.8445461735491264	0.8600983794449858	0.430307288066519	1.1048073313009332	-0.34667572579370354	0.6795889088468505	0.5930785961657807	0.9913772961695217	1.5481793051872705	0.5046336339163228	0.9591687294920679	-1.1621186479513377	-0.9689581595841561	-0.03943171606239624	-1.085888332826087
DTXSID5047299	21.407196499504956	-7.344949219724391	4.12201960070161	4.809396723091375	-1.779795804106111	1.7675186825620952	-2.246668133963871	0.0498351369173718	2.2708523352896934	-3.464452861255802	-2.0002237344266347	1.2623639326012133	0.6603331414302915	-2.970970092535511	2.265474808418852	0.24977651131722706	-1.7654693811885418	0.6270317218601914	-1.6663669633301992	-1.6260710709550787	-0.39277820394613155	-1.1063919923982688	-0.4645081762828216	0.22040098252350787	2.4662221568550944	1.6401002373600087	0.3738806611340269	1.3039353612694964	2.5022546366737015	0.21825449193068816	1.8019219401848554	1.5446730165167106	0.5624282394698654	-0.9607414551701356	0.802870197710901	0.6338387479933865	-0.7383112339732779	-0.9931307664296802	1.6477138261673907	0.44353190525773095	0.9615014370528161	-0.7275526699737083	0.31365771483389776	-0.6155272950075186	-0.03504246055773779	-0.43055732379708495	-0.9367033774917928	0.40391016288479276	-0.14536152607351985	0.28347626564485284	1.858954646957533	1.0033943801960283	-1.0674060167973967	0.8279689148359402	-0.32894799990576723	0.4215032351801416	-2.3714605051348743	0.07651555047639987	0.36033815670853603	0.5956390649201351	0.5342687487024377	-0.4851091224814538	1.7143047963391196	-1.597581359389284	0.3447092103119262	0.24804590830609105	0.5897118945361529	2.2944236854595355	-0.7512572642211556	0.9188974020783691	-0.9155272592550685	-1.2643722209952015	0.2971810098104156	0.31594468181293806	0.08504826302456282	-0.7516602505464904	-0.27711047920063364	0.9117084002317599	-2.0880570760608035	-1.1139930669855858	-1.414213679000896	0.2699886090351545	0.29947256047308224	-0.5486128466250576	-0.4017725568779093	-0.10084202573697708	-0.18124515077527797	-0.022042825470073683	-1.537172735260407	0.4486985103977649	0.0695712628079456	0.6901632356396733	0.11296268788046096	-0.912466092939195	0.08729388463639068	0.9552694064363237	0.08662957231077054	-0.2746976163775136	-0.7523313086104478	1.4219834443908657
DTXSID5047328	18.754091661936158	8.094445484150398	0.4948202358644437	1.5070990671040463	4.903435649782763	0.65905612165578	-4.784632753787715	-1.4522021249418313	0.2550991798414611	1.6269247042913089	-4.890303360475118	-0.22610722382775275	-1.73178246566773	1.7290117979741058	0.9512409686038196	0.8027391238554616	1.417912148540787	0.4632536065991753	3.0420103132603833	-1.3715225994588818	0.3419826509160444	0.1450730342192308	-1.5888849417240334	1.8076410411783312	1.0854822768060128	-0.047812320961085175	1.859464342169881	2.027684717522585	0.7731786149747852	-0.25899451686873837	0.4569678066122668	-1.583067145823225	0.0936960626995265	2.106329368203424	-1.292046546823945	-0.19349200208637604	0.13372912229038791	-1.8649480046512394	-0.8763999727288017	0.46403520730393905	2.2673168302696705	0.24918849946351956	-1.6699710655262623	-0.9093580648959081	-0.7233108450297082	1.077567871344121	-0.14756549342567366	-0.1964087616387578	0.46965909892102964	2.1090540126241213	0.15487315554975156	0.22189972968234584	0.7646994626526111	0.7080208534048903	0.16100446298030857	2.1755782607990906	0.6385757854556998	-0.11784951609004533	1.0456159732071806	0.37875991692824884	-0.16675861903502884	1.183283240705581	0.18889031360770106	0.6560024653799175	-1.0926081084527963	0.5628569351307751	1.6064354161655139	-0.5341623146716842	0.714284385365234	-0.6783535659866335	0.15107726921518602	0.7918366254128626	-0.1566052684129102	1.925440140322443	0.10742142806156119	0.29327863637120444	-0.10494921636232674	-0.7404718449977873	-0.22799320554108257	-0.016988279951119473	-0.6023890770514342	-0.8944934979468595	-0.3554736104761777	-0.6748161728445325	0.2264366563172128	0.5174065308235762	0.4880193169436176	-1.0566518569457197	-1.200027316678364	-1.080289254831318	0.5676031085540232	-0.8120953391459397	-0.17095944083939174	0.3510266987629105	-0.8519225432350673	-1.5073962773947884	0.6614225298032385	0.3779609115340639	0.18912372230654143	0.015714806252596584
DTXSID5047322	20.15786959274095	9.175672378107912	5.38450464608904	-2.3011848168794655	7.276200377008392	2.6929691398267392	-7.15535634884639	-0.5406220830968747	-2.359961568357249	-0.5935622869038564	-0.5867612981287016	0.3285831279655067	0.6107907750447406	2.002135242323614	-0.5820180483192925	0.18678285956466764	1.4955373412084083	-1.414987520746979	1.3014923537028058	-0.1174055944735081	0.024741940437720294	0.24858939280861436	2.7783127747055945	0.8583093835822161	-1.0161225526241906	0.11778937276170821	-0.4339753670674701	1.1405740633755237	-0.9221651031600107	-2.192989947092914	-1.4128953899428884	0.9171167415550276	-0.0692616547462646	2.1159467751076635	-0.08907619636114214	-1.4423581219316934	-0.6839221442215629	0.4860845113304933	0.6076961159356505	-1.5230046952873746	0.5425212237173889	-0.5677844728624148	-0.1221118063297701	0.6240800505104108	-0.11773382090412852	1.1408481473527747	-0.21209854542390189	0.3679319447249112	0.07676165155462311	-0.6903632466811842	-0.16638919257476936	-0.3451136779253295	-0.12428060672165357	-0.2872530817823859	0.32150965864017544	1.1846403479215541	1.1564749167920936	1.725213534869373	0.17076325783430363	1.652492240741568	0.9559557341410563	-0.9616855145254075	0.6528932113128064	0.9670608034684383	-0.35917163941046476	-0.5594075713717416	0.4020480801077134	-0.1495105162905807	1.5399310383248535	0.6903530297794509	1.5808414747199746	-0.5670702047955991	-1.0629851171024165	-0.04308716761781372	0.568927764345435	-1.910248027773685	0.15481413190317522	0.3671932696006761	-0.45917990596574226	-0.4816144675974833	0.5191179215347148	-0.4829666968046305	1.440628747131527	0.910451812663897	-0.3094355602781436	-2.178450402354814	-0.04115662097001855	-0.8611556431472418	0.07339874324753864	0.29069429414620446	-1.069473959997576	-0.6850520532581864	-0.49838415721233825	0.7258485920493658	0.5696242895371595	0.0659782408524191	0.14985472789170431	0.7291810504968785	-0.48992903479577676	1.1028143104115817
DTXSID5047374	17.02311086381076	9.620612335688293	7.507262060917638	-1.928731241711953	-1.371496177610859	4.58206213245222	-6.475672909694022	2.483374699906725	1.6479279484340814	-1.1696123226598463	-0.8180889864671993	-1.523570786603325	4.293417462315217	-0.11770236744335977	-3.235803876971635	-0.05662669351707019	0.07821337054509585	1.383973778020418	0.04366163510577294	0.7807853464908039	1.1967780463789557	2.7522085173476167	1.5540143241916256	0.09201523679267817	0.2963377878005824	-0.28410900003656436	-1.1337583828974207	-0.6659097746049899	1.1538457954434571	0.692754839363823	-0.7119285201683889	-1.9727130351698468	-1.537066302093543	-0.6228698897230724	2.5477602971098383	-1.685044538390442	-2.0635167942008232	2.828909122954336	1.9949012972529738	-2.1759819244231373	0.5605192479135026	-0.36395677913190766	0.5978363854686021	-1.6464589184978795	0.204203774892889	-0.8411656311550955	1.0223537966553473	-1.2817549498938385	-1.7179304314170531	-0.2113770901384481	1.579444558189511	-1.4470248928932508	-0.3305779437153224	-1.5259327074692095	-0.5993038526677386	1.8814753875087327	-1.1163065224613116	0.3922721776296691	-0.5102365450585686	-0.8311439892897373	-1.5860086285069777	-1.0740494388093322	-0.07080534882177664	0.9570789584680512	1.488445907281149	-0.05525694558483576	-0.32393601769462965	0.21836975455011215	-0.09945384694451039	-0.7356293678436477	0.9459717232405459	-0.7532892463979465	0.8448882959063782	-0.7082913267888896	-1.8111677656307814	-0.754008056793766	0.5882222216094224	-0.851805258907904	-1.2018586129177484	0.20541602833627656	-1.92578118818228	0.6901257008502852	-1.0315974753941073	-0.4442880866521146	-0.9052234139379555	1.4909030607301745	1.591282869555538	0.9469435014612919	2.054643590297489	0.21682246727380736	1.501008119869499	1.0185924843531164	0.6579130055768015	-0.10339878840027669	0.7482383791687585	0.6957540217169382	-1.0995506575444725	1.2147394373433695	-0.16118191799056308	-0.601271375817654
DTXSID5051575	-21.813047495035917	-10.067943740645136	-3.9134498881408266	0.4126231868846001	3.2332615411714154	2.8222854211373374	-7.412889366145713	0.963107988511736	-1.2039273151382697	-3.8431460348161557	1.007635697824508	-0.9743941342608614	0.42767594413060334	3.1489455149328864	-1.3005935647054152	-2.6361484502982706	-1.4277469460616405	2.0484685092990897	-1.0513888448243236	1.4371430648385055	1.6723687636345699	-0.4609743514145947	-3.074466912080973	1.0468927096826575	-0.2586214617444219	1.9075201900974808	0.49834017128635616	1.3392612144586384	1.728310259967846	0.9797929165853693	0.5209932664130321	-1.8175426299226163	0.6045972780439738	-0.8212344665048072	-0.6874659062848095	-0.995335103503502	-0.9272195215704033	0.8561672425203164	0.12913128569684612	2.0116740274708222	0.7040541793686176	0.4018893782009148	0.8090261480161985	-0.4921068417757024	-0.17308771791587818	-1.0105350374075848	-1.1805993073938996	-0.327993089658313	-0.3875342623822417	-1.4315981235685296	0.04020275257795496	-1.0228932221003217	0.5734536615863998	0.4991822047286209	-1.420421725329114	-1.1930049092621995	-0.4576217004054214	0.6793448060828036	-0.026407204864583433	-0.5065470917067623	0.9840987939110378	-0.7487454577893575	0.5565252507356063	0.5797612109497983	-0.3099297052151235	0.20482670055482052	0.4215231981797405	0.16094348201516687	0.05970460498602219	0.05302816001822443	-0.2244311536822795	-0.06858190386147593	1.5835209615288393	-0.6282329513355951	-0.8756650757801059	0.8714066420586593	0.4940042709778148	-0.14834012740114627	-0.2744166329587987	1.3386955809052816	0.5304323407732827	0.5603212181670519	0.7958436294496095	-0.8585126870883952	-0.10290982731995131	0.7950655399233347	-0.44624751225847087	-0.03456589997295017	-0.2995415739698133	-0.719542634796301	0.11679395075826984	0.15869369535918854	-0.09162522250555807	-0.1137672586073267	-0.9213850473016322	0.7359237951464735	-1.9184446421867247	-1.3085386640328993	1.3113023798810761	-0.18178477935906107
DTXSID5051650	9.880689708452872	2.898745101856133	17.742479786119105	-6.4593352418529175	-1.3851767541646174	6.9207490212369365	-3.617562216419316	-8.135021296320284	5.0653891407294305	-2.0875835299276404	3.3955223348661696	-3.101968455048725	5.779278593410104	-2.09332906057219	-1.3518560316353094	1.7009052711996044	3.130127347355552	-5.266513489847658	0.1324192789908312	-3.0537445635979203	2.837472826803947	-0.9846135220003925	2.277430063434428	0.5652275894730773	-0.05652512557786317	-0.44279196815074173	2.5361761796591527	-0.45010325202310025	-0.08973373357553174	-0.35102615049596997	-2.421691989615654	-0.3294599820454861	-2.3480362389222047	-2.1169268719263106	0.5686867234241841	0.25511820389519907	0.3185848439503828	-1.262657524507235	-1.5147415568961295	0.04525251307718955	0.6505046469496377	-1.8024803614079428	-0.7006001610377017	0.18235438543111662	1.0185425484660144	-0.4128444431598934	-0.08721079160595434	1.6757670460296759	-2.1796408159590372	1.2927307499293685	0.4341662123112766	0.1948105723492078	0.6393200633620956	1.2083984180352358	0.9177804849289252	-0.005737837240748484	-0.2420335105499245	2.168537059364805	-1.8593847865217976	-2.1093712385586163	1.6902169268314449	2.4450708895296454	0.020298642835336906	-0.8437792369463117	-0.6123305650996145	0.3595371072504374	0.37455137180205433	1.7856956578239456	-0.20365182161695733	-0.3895455946151744	-0.8519846823145034	-0.6599388860919321	0.09158174231540579	1.0520926817252487	0.8335228462816852	-0.629767431193605	0.288562855546975	-0.9510181453204739	0.30429434149409496	1.019406197651307	-0.5051025062652679	-0.6564711540320219	-0.647396765051544	0.8847787522329577	-1.7734027649517898	0.7243660908273216	-0.40139921953788754	-1.5236042980441438	-0.5212087460446502	-0.8572643396281199	-0.6916705980118423	-0.9313150021096771	0.0004655056708137205	0.2785467493858253	-0.44274163871327343	0.4286130848988872	-0.8889035380826632	0.3659493012160616	-0.25547160171845595	-0.03255797923549029
DTXSID5051525	-6.837705314327065	-11.613606381152394	-17.229271622901585	-1.6853751933776613	5.366636283825188	3.6045060639956272	-2.2687223200632864	-3.724876250351734	6.931493811280285	-3.9637276656137015	2.9362162154647073	0.08634315631302057	-2.429182183000715	-1.3537242125000015	-2.6460677603250344	-1.4930818774272905	3.7659826177135383	3.0681032675197146	0.8495807455504986	1.1631871950974428	-0.7086138327554171	1.9064632937788488	2.3101204015964507	0.25927926625247416	1.0131968918545007	-0.1359968653148577	-0.45332624714001796	1.0820793875762502	-0.15422356465072037	1.751117510213541	-0.7845349043867038	-2.1237191517613825	-0.6405547792080505	-0.08711082948133314	0.9570399910379421	0.1626129429848668	0.4275142265730514	0.6964554806839132	1.1173664070834786	0.27654598028330063	-0.8052591948456577	0.7303175351694583	0.2056863857067845	-0.7931480596634092	-1.876243156376382	1.863809795143695	0.007415935407488037	1.198234074716195	-0.866040198795899	-0.14224009883648933	0.1411836295936994	0.31504838645745864	0.044300574992724204	-0.09558411723473303	1.3444684709284245	-1.2660412112764856	1.4631967894009126	1.3843161933428312	0.6433705496483628	0.14549617836765236	-0.5399129259928981	-0.8213634115893461	-0.4415570774891826	0.2712912560408273	0.6326265478955645	-0.8849764256657282	1.0317331303881976	0.7408248277860471	1.434125408033393	1.0151088378430644	0.49873523612480675	-1.073585825178695	-0.015865815839418908	-0.31320266357489657	0.04029320703346912	-0.838137962803536	0.9592562460503621	0.7089627669460714	2.0183621895109605	0.5282279507596093	-0.5826109337267096	-0.6697613668919155	-1.8863088553016085	-0.6474082381221808	-0.39918440415324025	-0.9378444304717326	0.5587029701812888	0.28573327399647974	-0.5451373998639449	-0.5004764385970506	0.6308162886780168	-0.5239732229681777	-1.782877479706626	0.7171325750288966	0.1815851544294186	-0.6218528700036846	-1.053407129679549	0.004050624282519956	-0.1650101277163816	-0.3426350093114367
DTXSID5052042	-13.644265929269485	8.947957461309207	-8.31103510646115	7.7957411231763345	1.025890550061161	-8.90439858963186	-3.4510090364409285	-0.4500561412740932	4.262165750007786	-0.7020330996900276	-1.9535365784490548	-3.8768284188768236	3.0699898629578763	-2.1051840231356573	0.6117240812126568	0.08827976320989195	-0.5247040867921696	-0.16590735018345662	4.136655855702473	1.2698796224045577	-0.7370233425938876	0.598507058787716	-0.19615670397060053	-2.3159867389804303	1.4390978006469137	-0.48802848695791107	0.17858033019203148	-1.0837404966515727	-0.974890603880561	1.0380820088309923	-0.7910212884199427	-0.775654814012442	0.23802539052592162	-0.8467146653753501	1.6953620406069323	-0.818179402156616	0.911858070130374	-0.0877736731856129	-0.8099446606110906	0.07198660597482762	0.11303269850493965	1.5382148623165404	-0.3052640041142348	1.0813629899030195	1.6500378182160582	-0.6997300224860965	1.0472845675385498	-1.9137729677336657	-0.08622674113572137	1.4266178337096944	1.9556060807756828	1.1044401114625757	1.3468628070925097	0.5898792876649469	-0.5722924563724104	-0.08329787257734965	1.636459305529351	-1.0366475702473525	-0.6215042600463272	-2.018271131051109	0.5561727142283226	-0.6572073278943098	-0.03141647354079242	1.9550938954221868	0.34610258565964286	-0.6589474389162864	0.10901403609384443	0.7222445981512967	-0.6402680910433198	-0.8967096026317216	-1.5773189589694538	0.7335701426920826	0.6985975523923573	0.21103153036233413	0.7913754772376356	0.296947818716003	0.9211938741963395	0.40614768704678195	-0.4693973648997257	0.442382591662415	1.9784515067443842	1.036345637159831	-0.4119637369985301	-1.9944127118780681	-0.06274725049990247	-1.7266310912307716	-0.7430967249864008	-0.5983972644086105	-1.7492507101048471	0.7865696995379665	1.4465559530252037	0.279418580077396	0.12849909636907295	0.4119753237794996	-0.961585196136255	0.43620957601151966	-0.3813646458567336	-0.3345379258151652	-0.18693725051965795	0.1859381885457026
DTXSID6020068	-2.5465727350766185	8.655719516629718	8.765648286062277	-8.203628595115978	-2.442277294811507	-8.28894262140642	5.0100355449574625	4.853474042500932	-0.20934979893087674	-4.019931187516623	-2.217945686409345	-0.981808616741553	3.9278716891923944	-4.3183417874681505	-3.9764812829163603	-3.1340442054445976	2.6865412515586655	2.1125161311891567	-0.8316894692788633	2.85863008241071	0.198257558263708	0.6451744384498356	-1.1008459489634679	-1.285400835282176	4.297155162301073	0.18277431781209363	-0.6101636178439606	2.5299104102405763	1.0580022775121154	-0.6097258123171477	-0.9555977277220138	-2.1016280923690087	2.381360879400984	-3.7383298489954204	-1.68675207965278	-1.7477551058742988	-0.7714625064955671	-0.9727004517544731	0.9490102631548692	-1.6078702835550924	-0.2364912261139378	-0.4589138667328921	-0.6371700629557645	0.5601790235462751	0.4178532423222991	0.11047534231031872	0.3562842613350718	-1.034262170672134	2.639453098814524	0.27820267128863757	-1.4324902129561878	-1.1925664770364286	1.0664177861574116	-0.8296738969170773	-0.27333703831451994	1.189919948034074	2.0010341960060676	-0.42289148029091533	0.04150641392607639	-0.05065283301464325	1.8711837700448872	1.8607872786730473	-0.0842652459030452	-1.883564490880429	1.2961756778817282	1.241179751018088	0.5730885956488091	0.04041551690229201	-0.7397692004790316	-0.47765073719627366	2.8004677049264766	0.5143202631162471	-0.5881066324679671	0.9034074470921304	1.664430059228543	0.9888368040916136	0.6280271570976914	-0.10535486005360725	-0.40060008402703834	-2.4457111276157213	-0.5959129511635717	0.9624693524560218	0.15639169132196248	-0.24700747995427222	1.0771222599691894	-0.8850348639450609	-1.8434472041489465	1.6107306209621397	-0.6774361013709665	-1.1473217476670472	0.0791264198912105	-0.42081054757636344	1.4143686347549695	-0.523067441496761	-0.900341566561408	0.3176676832195165	-0.9636078271575617	-0.1334442227705087	-0.8145075892680539	-0.04442210561279997
DTXSID6020561	15.973125272602935	-16.99211526663731	4.110837871874937	14.857497969730165	3.779536656318606	-1.984662436875791	5.137944984353302	0.16311663904371881	-2.781067433379187	-1.408200247289033	1.7319278236773745	-0.0723451591228077	0.12091969918757267	-1.1809794350871767	1.0069593720721854	-2.061529898514639	-0.9434015636319458	-0.7325397400793195	-0.42420060660324965	-1.4079768992611041	1.4883785961091203	-0.5830767370194934	-0.7447127874655511	2.042658468256545	-1.8673630331819817	-0.7699286844326004	0.8441528118242608	0.07053989376650299	-2.0603778633191197	-0.14658291550270136	2.7534394311458863	-2.456440330262681	-1.2476470234363077	0.9636378049162777	-0.6176940851054967	-1.2411128409808225	-0.5903837635851281	1.3600576593992488	0.3516693213779302	-1.677385830862371	-0.38829381683928793	-2.147023579955496	-0.08662392649287735	-0.8179193506123213	2.1157162178691675	-0.5644859500608701	0.6917925031187203	-1.1041594324904165	1.7204899066333268	-0.31821814446462915	-1.9121360786079846	-2.106676058901259	0.059607970508684036	2.0135221657336495	1.0544039407392711	0.518886380684619	1.3098149189716666	-0.1211967554784792	-0.8419894239556984	-0.8891267362607023	-0.8995662208439412	0.038170061604085904	1.3469333578373692	1.1809896273332745	-0.91857710686343	-0.1111119702800525	0.7678423524372722	-2.3175127066460957	1.0294800966111861	-1.1148165713447509	0.15768040896957025	0.33665757732440144	-0.1270074178829199	-0.12693806492839804	0.16692368927638485	1.443536646767767	-0.0654500570997339	-0.9175881999395722	0.5859379559782025	0.2540183330403953	-0.9893713116719741	1.6104955555707032	-0.014992398774296615	2.2144617758844043	1.5910025312554184	-0.3142907991625008	-0.7202795719670181	1.4418115486076388	-1.0205183113056189	-0.4661183119072306	-0.4233225528955239	-0.5689737205000346	-0.4784357583993267	1.2911155245656856	-1.1086637320346175	-0.6560150377562985	0.91773743660859	-1.9164308621634278	0.5620563884101285	-0.3331162961642422
DTXSID6020939	-6.411460511188672	-0.3372568108074581	-15.41584813114477	-1.3824661434618646	-10.609540588405467	-7.323419483617917	-3.6472323651580814	1.0277436726801186	-1.8834247095485646	-1.5004308296941393	-0.9789542065091743	0.47586719357716367	0.6244479199932723	-0.14051686934085933	-4.29506215086602	2.013727474845146	3.739202906071023	-2.817620208670064	-3.323368631610059	-3.9918339074343243	-1.0504142157490268	-0.13254557196358344	1.4792296221915624	-0.04522265134631504	0.13315860044010994	-5.702830334402343	0.4853079523423838	-1.14784666980265	-3.0087464155857986	-0.3150739095267434	1.200726624823919	-1.0939639247255388	-1.3768523506990307	1.4492245092319194	-1.3158943264033043	0.30466207471761647	0.6223620050388583	-0.1795714597100251	1.5282737282600618	3.5869052363341902	-0.2024749333540682	0.5638636401657141	-0.37750171291684137	-2.501489428791411	0.6264254090460578	-2.014499256844934	1.599935701709465	0.1140790980457364	-0.5562667402066619	0.029471379921162298	0.8832722370734768	1.0840135137339042	0.06876699148446479	-1.0032853397010468	0.5322515549231747	0.10771002680706147	0.37108315397552183	-0.468302263388786	-0.7775712812018076	-1.1527111506557224	0.5596231131454772	-0.7466144943486579	-0.4173046280001719	-0.18750736565114812	0.14181833641067304	0.8680701059386232	0.30308141905157343	0.9856555261160177	-2.5352082559515754	-1.7960764163426617	-2.2710468375788255	-1.5868487525144166	-1.363718788772427	-1.3480024898205365	0.10088219770022394	-0.6364484603004067	-0.11653639557307305	-0.6571060542663112	-0.8419586222293547	-2.1906985588472847	-0.13764407763603975	-1.4805294754439355	0.17687773955859015	-1.0666657950269667	1.0883637474236747	0.6956291409873762	0.16292263569867954	-0.5301841999502639	-0.40938866254858935	1.069911405437983	0.6978095460840834	-0.30245888591962594	-0.6759064588976221	-0.6477757954724371	0.7151964814314166	0.10469970566033399	1.1700271178320445	0.6344792300052402	0.717758691480518	-0.8404154505003347
DTXSID6022391	4.10663188796747	9.04040561706745	11.596645797985149	-2.0244487285001345	-14.628587909333586	-3.0133404151158105	2.5783218378407216	-8.35537348664472	2.869167046010162	1.617191978485338	1.7664883191632936	1.715902830768708	-1.3426638020756303	1.6972633246061164	-2.8889075654654714	-0.5930608556903999	-1.3408257929295142	3.9889022270303935	0.7692378636597889	0.2400906655486984	-0.17379768076993876	2.037274339172979	-2.3609943784004557	1.947447808802457	-0.2820039158151696	0.3585620143807521	1.5501841472202993	0.010479949016346966	-1.8426983930554837	1.7416270105037983	-2.390939235497589	0.21164012201829058	0.6881768256658425	-1.2605062279138715	1.2351557303656393	0.4542544358865385	0.5313849528166953	-1.871736740866351	0.02654579815018937	2.0326950356195503	-2.00201098791692	-1.372583338048974	0.11773478108133027	-0.3546316991675585	-1.1607942341099786	1.0262246608270198	1.793794699086162	-2.0585035998399874	1.019493496294593	-0.07001488526767988	1.272034923394149	0.028498266488256093	0.4433500773929845	0.614673600497858	-0.17620216549627504	-1.1334378488590218	-1.9164165568125218	-1.2001416858889327	0.6388455571468007	0.027628363130423078	-0.7469468298743761	1.4999002073158387	-0.6719455268479164	0.4484958761804676	0.0793389116008482	-1.3853433346881538	0.1901081886796345	1.1452278944131704	-0.205968080648367	-1.2153750033631578	-0.9108981350193	-0.07528465017665219	0.677872374205688	-1.1841659047663518	0.524729440285105	-1.7362240593517997	-0.8701659209748063	-0.3417114584095148	0.5544234082532424	0.29713366080232323	-0.24322246813930978	-1.4540831653726676	-1.1878743584929603	0.8281573981214687	1.6970876443737481	0.7400181815050545	0.8329630530322415	-0.8229028754710478	0.3051950251893202	-0.574752205833643	-0.41921757160553674	-0.2229246057451762	0.41904495029504085	0.14856633724433108	1.0213233862605218	-2.495586796553563	-0.5162754251093213	-0.10297803059514289	-0.27144166410077875	0.4033233438924447
DTXSID6022341	-5.180403397777766	5.54466198654114	-11.042230173497469	7.048593523729835	-10.006039267949902	10.641223381819799	3.8599784314872356	4.033083719407456	3.2133398326288822	-1.3166916335431575	3.351004247874556	-3.914030903783776	-4.321560969206933	-2.0773133659253746	-2.214481205573839	-0.06289882602555841	0.458923176614049	-1.5867721224537374	1.7561857912125745	3.513221555839901	1.9901564309817035	0.1265733656527392	-1.0168104476399158	-0.3902423485808894	-0.22376991028175508	0.6867061913048558	0.15965441371002823	-1.0471937950753345	-0.1390183659423849	-1.0372279594476026	0.03702661138192396	2.4454035321853036	2.248839813462367	2.0359592622750577	1.6396632572138057	-0.023854808325686486	-0.21667149622801166	1.721120911850454	-0.874208220583986	1.534597189159344	-0.20776854607420556	1.9509471073276619	2.4024463957241107	0.9666966559871828	0.4586762083410895	-0.5219398323575689	0.7301037268240023	-1.2507143512419105	-0.5720711456259852	-0.16383658652649016	-2.504314863397195	1.0813647727803997	-0.1238927369646705	0.2417653405457558	-0.12991588464358847	-0.43299623518694885	-0.2403960949455559	0.5547995494707392	0.4718203674628239	0.22331096458528224	0.3504166461783178	0.07807797576580501	1.743760635083901	-0.015729062168819297	-1.5534537096874592	0.6211588522314433	-1.077873833126975	-0.9504835985412211	1.122597853457744	-0.052193420395661924	-0.26217242369042165	0.15745695874883076	-0.8029808693105892	0.45482172283495087	0.15559967956270135	0.08949590036688664	1.0633209728085058	-0.033526096288708715	-1.441091963280629	-1.4020264736619936	-1.3415860527566044	0.9207943382004017	1.2789970724931992	-0.5185057151955068	-1.5364217901332464	-0.9509080250466622	-0.17664903720037997	1.0668783876164711	1.0522797671186206	-1.6246049452727316	1.8286116434691042	-0.469729883024759	-0.010981980585328925	1.2149459313079123	-0.4212216134045447	-0.2411464174572955	-0.35232267356325253	0.3450836981977067	0.504519328257354	0.39199404959058437
DTXSID6022345	0.4640734896371565	8.450297076364123	-4.9349862427777085	3.049910355367169	19.251012475203986	0.6081971313706622	4.257095083724918	-9.98585746700283	-5.41668032519865	-0.9282462158603636	1.9628019361792528	0.9838951872731816	0.706648450239787	-2.148676181080628	-0.6426296041632954	0.5919154528325795	0.6082962118488333	2.0066041839939834	-2.073185957434643	2.635615246673641	2.1301516823768014	0.14089325204934888	0.17380230151111709	1.554455443063749	-0.1929532844993338	-2.8666017679626634	2.2969646468540237	-2.478441051845207	1.473859300449047	0.8699464384819893	1.1252286182474958	1.705651662489836	-3.6403035426187556	1.052259594920067	1.3366226432302315	0.5166166625298506	-1.5637156883010266	0.605264274455592	-1.1336978848826471	1.051896507612633	1.0678263837509832	-2.1016133814568367	0.07415140194644447	0.936579379086927	0.8327146749450449	1.5454046910144703	1.8813012861100278	-1.2266983615397125	-0.8582762750197533	-0.8886460886138792	-0.3754811671087978	0.097649361698318	2.1181643716195215	-2.8310928828868387	-1.2150967610745813	-0.35416577717913356	0.7294788442532508	0.18574413922947108	1.007817807111164	0.1140714862476469	1.243705737264917	0.5943647592351573	0.23903370271227634	-1.450550939630679	0.41103145206963804	-0.22022992244673684	2.766043084356472	-1.3900673197920834	-0.6823560598686643	0.12055551960840445	1.7688693313856592	0.4504607548653624	0.10194691012988656	-1.0936494804618815	-0.15647127213698894	0.8899224384165098	0.5427714267137584	-1.004363453435563	-0.8558262134548853	0.3470785321983854	-0.6768429053327366	-0.7905759974806837	-0.46817036503868903	0.8043256247218198	-0.3780951042041133	1.321725971519231	0.4355590092574859	-0.04769623509490694	-1.4468930801253017	1.124589706560756	-0.8189272849756424	-2.038156992454228	0.08213395949448962	0.30498020273261744	1.281751166930325	0.08261276083475577	-1.1756987583566	-0.9354852230311723	0.5616397637737865	-0.35430017035944156
DTXSID6022422	-15.823901471470922	4.088975889436131	14.881685970134686	0.6290273350218231	-3.5584211521291023	1.98650367698268	-1.617795542359308	-5.069189385010889	4.263323116596559	2.317090537761164	1.0961869262165946	-0.6796290462603373	4.319634036119073	-2.286614476160039	3.6056802283465816	-0.2388564968593625	6.507766246823239	-2.0526957938361243	-2.1357970953371472	-2.650328116496522	2.0576903014821815	2.2576279047602643	-0.06384520646472099	-0.8595637851169917	-0.9782747432000256	-0.6948091697251072	0.9166455552696018	0.051970362266161974	0.5317145270176965	-0.29374900312246693	-0.7285414534382358	0.31624879069574946	0.4209679849551843	0.9078638389866955	-1.6489685174118012	0.03698713246615054	1.2840740401896027	-0.35538531838468573	-0.07053022126991582	1.2729031228863203	-2.38003152128274	-1.6996130089514525	-1.2985218334788438	0.328405701406019	0.6706902365305258	1.6931245473222094	-0.18795097922188703	0.29985374607619736	-0.31242533492614377	-1.417848695891718	-0.43764870907611725	-2.331658187979	-1.3590614677839765	1.349486032704495	-0.8123655106683628	-0.38166886407527933	-0.1776547729788021	-1.386634899689541	-0.03355561589948709	1.8189384323939395	-0.7301311979325744	-1.0197392981054585	0.5511460987423683	0.21701979808849992	0.8014510510290799	-0.7913471072293743	-0.2615380245471647	-0.5125632075462984	0.9741755939381848	0.24471266128359243	-0.6690794019077421	-0.05684494597773577	0.6847976773196327	-1.2471155408862054	-0.20347569118722866	-1.367196020007547	-0.17097885456278	0.1537910179938649	0.5606637698580194	1.6859779047881176	-0.030557515583509647	-0.15921256243684248	-0.18079412335401585	-0.21993195328535753	-1.3709877311618706	-0.47487473258934637	0.12346358849878906	-0.46107030170988367	-2.6153632114231886	-1.0842013831799981	0.12987559260485398	-0.33538868921604786	0.6260823860194997	0.15909534717515803	0.11957700493087943	0.6460112740527655	0.4000536671710455	1.082281277106158	0.4063708696276211	-1.6040254978242081
DTXSID6023999	-15.854563087947689	7.259569274748379	-1.0520282858474594	11.242791551443716	-9.827222280105328	6.924209473482996	-1.9163534246022804	3.7306131466814025	0.1859308456863135	3.091729626559959	-0.6655620938375426	3.1476658039700167	4.245226721304141	-4.860713544628851	-1.7101755712202942	-1.48829275626453	2.457106676030971	-2.2013447688441516	2.759773280187713	1.686689452371224	-1.8031919703611052	1.695841292000627	-0.5521483232401238	2.636420451866613	0.05167659006129032	-1.5821774815310345	0.48509642471747444	-0.20931024806782617	-1.5482738672429153	-1.2156044021115544	1.3522385275704043	1.8766387963780982	0.7758470129740118	0.01576701435608852	-0.16436386763611915	-0.992859936367187	0.21430280131591595	1.2195985343089637	0.7970805492383373	-0.9439577732867505	-1.2385419907441855	0.9611734904338213	0.13800027472323345	1.50209272656758	0.06222897076801876	-1.4736459629022094	0.9293212240862352	-0.7740317738581525	0.3383890348394914	-1.071071159143516	-0.5069107422948892	0.16877151122719974	-1.2989674941595541	-1.1033459265826613	-0.6998681140949755	2.0424191242824072	-0.5855212591252646	0.3694238838652561	0.9741961147241971	0.32483754855026054	-0.1304942809765475	0.4808062138187322	0.10411430623790043	1.27498606397691	0.3049763347521068	1.3027279251732558	-2.4114428080392347	0.04828592602733512	1.3082073552794085	-1.699850108552015	-2.0799930413442222	-0.560610828513284	0.390151660703917	0.4579560453797235	0.5544128346312741	0.5455707902449234	-0.4629568140155907	0.15136002681748834	1.6508298916329471	0.07683996952880894	0.15312957125882606	-0.12480210868061473	-0.98967261208294	-0.9124106067891058	-0.013732613254591703	0.9180633573217407	0.06306248244504667	1.3307147849530419	-0.23578407585099775	0.2500237033965012	0.2451512636662438	-0.23471822815059767	-0.6345545194614837	0.9381229976008558	1.0161096866269594	0.7508844817437282	-0.3445767750285538	-0.19892559241148514	0.7629343271493699	-1.964757202198038
DTXSID6023810	17.735367921460373	-11.53458869242969	0.35615666555559333	-5.045237187843126	3.240053751435942	4.729463637744878	1.6799712217939848	-3.202097345758396	4.18170644292979	-1.6600547366845362	-0.5319509319835858	-0.9871083212920768	-0.6766519047456537	-4.959447206592742	3.6962586193759854	0.23288284172629747	-1.863561190988528	-0.6178164731067345	0.07970374858929515	0.9977958669108757	-2.2576719499554025	0.5753705858403195	1.383089723875354	1.0225971200602078	1.33713590004621	-0.8608779016586307	1.0835275936304416	-2.9452717738768572	-0.8583055601162924	2.335282758181021	2.2501876613803105	-2.172324050623318	0.06955832554355008	0.03801150331517422	-0.8310427431951383	0.24419133896164194	0.6870585744309101	-1.3142802856521336	1.461574018987934	-0.21611466691843081	-0.8738053598112805	-0.25630657645524463	0.5993791405013579	-0.7620459786962397	-0.622352220926227	1.2438473384661237	-2.987070773315958	1.355140280995084	-0.06178247829991663	0.35713480091650995	-0.5456542993702649	0.5985048080298366	-0.6028062883885609	-0.5237466654588948	0.6680815674156343	0.9618237183425562	-0.559875924969737	-1.8678669823712841	0.3546412483832811	0.7343672583656419	0.0957328513648681	-0.8489670484881082	0.754442363313396	0.5444600900292735	-0.24600893831016163	0.3752011711205031	-1.9762663031653727	0.5193527238086224	-1.0043182672306943	0.6463520654183422	0.3365715916274	0.08914539322175517	-0.6372233124008627	1.263737378970217	0.09348815973577003	0.7370976616109923	0.522039801775014	0.25643639583287775	0.14849596862243605	0.12931997805901027	0.8042191054230844	-0.04651335308884027	-0.801784895592462	0.5598684364293665	-0.48605276815298787	0.9913826535633627	-0.11339676548116083	-1.529155513654182	0.6159895974281452	-0.2838074456108347	0.7653759481827757	1.2176379337515923	0.27757303294552327	-0.43009299662032985	0.3971775818516722	-0.16785968718314112	-0.6615757209128548	-0.24131454574643246	-0.45898835546370687	1.1146472593843273
DTXSID6024175	5.3402767899486285	2.3815534603318476	-14.765372068953486	-7.865855337160623	-3.693015180282634	-1.9464093550603954	1.6598460294063404	5.400979045082977	-1.3276325055886475	-1.2783772193200111	1.6006912331733025	-1.0551860158647013	-0.10225502915547907	1.9391015101888236	2.074358963507552	3.74769779108519	2.112742000155402	0.014286741414824455	-0.2728290147509311	1.2825443373245804	4.496383428499039	-1.0483843947674265	-0.5622499732409891	-0.6489768862698229	-2.6852194035265997	0.4451210325713555	-0.7173328507715179	-1.784103113433642	-0.3919153616630354	-0.5370289337337274	-1.471141155885984	2.679874116617208	-0.39770402330235466	-2.277665825056328	-2.715837671398805	0.7169523161705831	-0.28200123533663096	0.5180531810545247	0.6857239765775184	0.3076689483680251	-1.2505301001595226	0.47246459452772904	0.7735997593824948	1.3986417192118523	0.45993310265288206	0.45578077436385844	-2.7003850481212397	-0.9416740055510228	0.3208270500350602	-0.7748064577977846	1.2740200503595054	-1.6157105850318052	-1.4277067344965344	1.1143217744024732	1.0121753097749215	0.19344882531384647	-0.7312366125889619	1.3889633379490771	-0.09614735013979545	0.4241364460631875	-0.06972510356652807	1.8376987830500953	-0.9149358265157951	-1.1711992731043972	-1.2450065958619654	-1.9694716476225682	-0.34438615878354545	-1.1037376025317436	-1.7247775911987178	1.1940902586370619	-1.1815867816564964	1.0841966765783295	0.8283817363677561	-0.1833658439940612	-0.40624443221883416	0.3593619801141633	0.7826450299030326	-0.9299387349537891	-0.839830493081631	-1.2228909495049243	-0.473121263867731	0.08675199010604098	-1.0594151283266764	-0.13931363033515606	-0.529575414303507	-0.9259553599845106	-0.5397810498194898	-0.9895151003056228	1.2342017772849962	0.8594517966758504	-1.5747036415585929	-0.5341590362958284	0.2696797909520686	0.7236737148196586	-0.45762403835472487	-0.5350408955430159	-0.2367013417692397	-0.3085128719846411	0.13428840831116493	1.9404608320095855
DTXSID6024204	-7.109130755747952	6.878650255970051	-15.362288222152817	5.358990022616802	-6.524512833193265	1.3860269445059141	1.2702752535757798	6.87920589273545	-0.2504045578219361	-1.6296541958312105	1.0667998161511927	-3.855961765219942	-2.4719073342381357	-0.8404270618799123	0.02413198871324294	1.9632622668468664	1.0667990768932198	0.5093465898829863	-1.0071968920915262	0.5757149591357611	-0.4280779204140681	-2.1998385153083633	3.221910763781497	-0.9525061000539767	-0.35003393602295707	-0.5126396583897409	2.393545490588232	-0.5132402577202292	-1.1784632906551002	0.45870794899087963	-0.10769328451961649	-1.7485801163254073	2.3344793293869563	-1.0492934292883875	0.08735951822451404	-1.0758953894115129	-0.380902347900985	-2.505251680277882	-0.6628149526840168	-0.13462082623042118	-1.5858664173686328	1.179213044325065	-0.19568487200211376	-0.2988145699320418	1.1619542982496995	0.5265107199963136	-1.698422081504892	3.6349349419082158	-1.3405570389100425	-0.38972075193218164	-1.799015238831419	1.581421081475982	1.056064561757509	0.7214781499740902	-1.1592901423978839	-0.012508800040601047	1.2157929436722648	-2.0222461988118994	0.6998350022368596	0.6510419181933557	-1.3912234070001797	-1.466368430712099	-0.8725069135215195	-0.9974692007469335	-0.1878560447335968	-0.5617572595767298	-0.2532876423076191	0.22755719983289108	0.335774107931572	-0.843493491357889	-0.5064986653982548	-0.772956757121041	-0.5050669044406288	-1.4894194218304033	0.35424963435023776	-0.6317143540622618	-0.8060648271938918	-0.14988499936371497	-0.5055966356771343	0.724526213031177	0.18574006119596406	-1.2955495124189151	-0.47560197400917786	1.0937185002938157	1.1141341517411594	-1.7491644663515327	1.484841756569181	-0.4056937006012273	0.6591378391000317	-1.21771663527799	0.4726025947092778	-0.5137559482256138	-0.845832025762018	-1.2775573514663467	1.8985773198080103	2.086483518053977	-0.5048850307320055	0.33592438372055705	1.2416289771639042	0.05697875856850054
DTXSID6024206	-6.159821242430372	3.567741830597987	-12.500052165088674	-5.453334708917065	-6.981530249733529	-3.369381695145708	2.8585349781424783	6.822578086680295	-1.0212073210642223	0.37107881168969475	0.7551354061134354	-0.4254286185759302	1.3484239238279978	2.887053260832075	0.16926438139318506	1.3361359465412976	0.032160481662430344	-3.372208016143759	-0.18810530224825575	-1.8142324321164032	-2.371079727413506	-0.5892630670678884	1.0526486418444692	-1.5282419021714937	1.4919101866923143	1.5682761806853318	2.5636904528610565	-0.03612889264372526	2.770214398070648	2.3514535580042826	1.2599702350461401	1.8876171039235763	-2.229376440968794	-0.723405519061558	2.014814610226996	2.726787081530163	0.13296199168922626	1.5799200185459448	0.2170682112091024	0.03865823915122809	-1.1061718740830464	-0.8722588328061315	0.35662672237709453	-0.6766223401800563	-0.3976037896555019	0.355141543629122	-1.3239831157122324	-1.7705124340280103	-0.7717974940530905	-0.04387343204597997	0.34630310919972257	-3.317953611940885	0.2059772989043102	1.1183253871554593	-0.08520411855737772	2.2740559393865727	2.9432043434574675	-0.053862014050622256	2.2434464833722125	-0.704872000676344	-0.1437704530304115	-1.3213085400555262	-0.2746712531589978	1.0935875710994096	1.941254320602468	-0.5412465108010897	-0.6743237210337173	-1.001519600751589	0.1479002602944618	0.1306327867300973	0.1277896088276484	0.1715582012155542	0.22440259372030505	0.502385305216896	-1.0470881333330269	-1.56493641501099	-0.8467428749289786	-0.5162716591205533	1.3933831223532214	0.8792450616540367	0.21437939778770887	-0.2548282701599423	0.030224628276463633	1.238408036026025	0.2605891770808219	-0.8952084763652371	0.8329190088084133	1.0014213418578923	-1.2710828114390398	-1.3586534365331318	-0.17964518070750882	-1.6175656736124644	-0.06889253582696711	0.8565393176739554	0.2320628976559224	0.6881364493882037	-0.008059293257117323	-0.998640306889335	-0.620599275671011	-2.3569323101002952
DTXSID6024254	-15.753736139856295	-0.96593986220998	19.849196611197335	-3.396212792724019	11.322639624746657	-0.3312417330466408	0.647916945491176	4.766370297908941	2.8997776519060965	3.07192227776779	0.6182723683173608	-0.8011171903089074	-4.546529498590488	1.1981331666381863	-2.108409455760174	1.4661316767927044	-1.90686454867775	-2.156125021596864	-2.203158047780377	-1.6873733544045817	0.5584274996431667	-1.860133564553361	0.24954696299229356	-1.1177698300565482	-0.4316376079065443	1.3438127442893906	-0.7933593239593671	0.7087236200100567	-1.035524516132956	-0.38361939163531156	0.3586150153766177	-0.3452413180456215	0.0451619433383969	0.6362769798089751	-0.02626943293175286	-0.24081481482318762	2.0635018266489817	-0.0029358015671546002	-0.9544344713030711	0.6907981751337477	-0.995119252443218	1.6123485522190697	-0.613381859008748	-0.2164309633840222	0.14122769377188643	0.6695671280646096	0.5995981815747763	-0.46493675953733915	1.55806909820742	0.8662632557285936	-1.7826415360530976	-0.6858639763736445	-0.06368698486741743	1.108566521793422	0.6051858059612886	0.3413855645101972	0.2575694303192092	-0.4902519840157736	-0.98201621609242	-0.10221063084368334	0.07056297763426823	-0.45438061179926154	0.3633175955901847	-1.139227664723785	0.18865195972260496	-0.5933982787277512	0.6567452515380163	0.8773848582096221	0.7424016175676609	-0.9541638627942521	0.2921719055878621	-1.0297264851412993	0.6261715594336077	-0.38346401951531783	0.33199758040576083	0.031775233396652544	1.2903626597614573	0.5291779376651743	0.16565845318354513	-1.2411369931408622	0.1866339439349967	-0.3267581719235421	-0.5351419045541709	0.8919573310833737	-0.9595843796126975	0.7072646681696849	-0.3400036359563947	1.015051086017827	1.030881797910851	-0.22785649424306034	0.673884672637437	-0.9163377376068234	-0.08040011436586939	-0.2904200988157657	-0.8464926272230632	0.543867065379574	-0.6100124357708716	1.0575819406567892	-0.7633963916483884	-0.16229036816930842
DTXSID6024460	-18.337425656894588	4.655969044314661	12.674769159597178	-0.03546920741323424	-0.7339929632011134	-0.44490811951059883	-0.9638443406318289	0.38853121621114745	1.83069518460522	-0.15374184214983108	0.03419016503737984	0.2590682463219658	1.671562969230786	-0.6516381530718466	2.2447862057643952	1.1578543566996853	2.0316815222401505	-1.3428083675404916	-0.5635883626595218	-1.0165513492789524	-0.6807011302231589	4.746253371688948	-1.9325774275990906	-1.8955150520475508	-0.029434634775169513	0.5789849022463432	-0.6785570795510526	1.0710076923620815	1.6387863666612699	1.9845368024627064	-1.7122946271577848	0.5276012944134421	-0.1471426018868514	-3.1033673774154353	0.9021334935338822	-0.7215231137259438	0.19542207299781356	-0.604175847521991	1.8037081486315096	-0.410031444510165	0.3182552342435901	-0.2289893204575346	1.0631809560224381	0.762380933407949	-0.7831565629683649	0.19987831558063104	0.16447284122433406	-0.19299827069049547	1.8085016924821145	0.005755132191293762	1.8114280615300098	-0.83885884538133	-3.47026225420786	0.05360430539082279	-0.1342760440974648	-0.7437293692751572	1.0069837133348405	0.15961708045291453	1.0598585469056367	0.9882519354587053	-0.5915051586823267	-1.2362639362145944	1.0235865212026651	0.6389977396832477	-1.9403600200341027	-0.9039801592230329	1.2351299706493415	-0.7703704233268048	-0.5031472666426925	1.2252363425699795	1.5062880290790743	-0.33115156084563324	-0.9813995261591637	-0.4555852551115544	-0.2718796180865445	0.6649758643932568	-0.09751343460954537	-2.209166193233495	1.6893767396058765	-0.731014649852482	0.011615293541371046	-0.6982009688417022	0.7159534826586943	0.04046944799727316	-0.10191175582601723	1.4705473654607368	-1.010018364951768	-0.73690692026355	-0.10359061112886797	0.19079973633150518	-0.7746791268784844	1.015419492699877	-0.234435210980142	-0.5088614911563453	-0.35327411258223895	0.0591548243071885	0.026671226827760935	-1.0987095115665333	1.0028404766954124	0.39822540108918647
DTXSID6024836	-16.277631730196795	-13.895283488212797	-6.282345403570418	-7.766374567046006	-0.9027334694691471	3.153464443674517	-3.0798889046478783	-0.744452803363718	-1.5436761600463214	-0.8816087905558602	-2.3917887269080307	-2.0204300795791292	0.09901416646196018	3.0368760592550714	-1.7031787055998437	-0.9229314998671022	-0.20124001849458314	1.1403797666038475	-1.2448460147781695	-0.7959248184959451	0.10752851510491115	2.7263662324726923	-1.3996119852744084	-0.4146608288556572	-0.47614874933705886	1.0371832542029868	0.4871702425593942	0.2132798135443045	-3.1749271330849425	-0.1657617072697639	-0.7631006764926279	0.4118697691407944	0.7264229117366544	-0.2681820809596002	-0.2728115903298868	0.5230939448526606	0.06773522473714656	-0.2414890384442174	-0.8301688212097397	-1.1743303272272119	1.13382018856503	0.045834252865510745	-2.0361874964338087	0.8576032026278196	-0.12046699142979024	0.9620918564313304	0.1912242553923712	-0.48283712870350765	-2.0022259770602675	1.43589049474509	-1.7713470432301521	-1.0292822694339288	0.12104507311790537	0.9076486372628797	-1.2539574547254206	-1.0672473783876786	0.4685406509818124	-0.14211624006990836	-1.2945358716516224	0.2524263349678913	0.01688499203512302	0.28347604166910906	0.2734483629772978	-0.43459174864988426	0.6420231675280313	-0.9733484403867949	0.5502729916390697	1.0332267773813943	1.1789543109633167	0.42298820266338133	0.7823384953651527	-0.3403117392543954	-0.008030175681589515	0.8092522307870125	1.215417409544321	-0.2002769421781198	-0.7046015544681149	0.2997098739574637	1.2177469298883823	0.09659086857325305	-0.8416439024905827	-0.14940264062954497	0.12120562126202666	0.3770356112677141	0.4980223296162056	-0.6283747252302255	0.1463177331285641	1.2661017688191445	-0.1689049523296544	0.8866111274610091	-0.6552017389483362	-1.3713380919110505	-0.3473391567342483	-1.6869657009143009	-0.19180039409583377	-0.01629137723589346	-1.4917672807568834	-0.4369212738246341	-0.5139288538913266	0.1854095448887978
DTXSID6025018	-20.847524771247393	0.27257200231795714	14.146775454350664	0.5680881704207402	6.33518789548522	-0.43756400823995384	-1.8571822159205609	2.6512252612920184	0.26732340040472097	1.4161861281150214	0.8436477568555318	0.19128642311843702	-1.630447429351101	1.1046891196391702	3.3635802509626953	-0.2337128361836408	1.0401325629984606	-1.0755678484552789	0.3056033590017668	-2.813788835989631	0.21225290458871252	-1.193974972413131	-0.21193984234964552	-1.5621915472083683	-0.1980451964186874	0.2990664230352258	-0.28555119478421115	-0.5435018572772767	1.4195347195220078	1.1755806223716938	-2.0204539928555905	1.1300454511977842	-0.8352800595617608	-1.6257627289465213	0.44136004471564466	1.757599242279609	-0.1606067664083184	0.7588250432637345	0.22165402830426156	-0.5134574682966214	-1.1021113932679145	0.5733478083618843	-0.2956442083611571	-0.14821387910643066	-1.0938199748978794	-1.7432444653687522	0.27058101992613504	-0.7206730747679287	0.4977452098537659	0.23523402686399375	-0.7183757235696225	1.3081798916826186	-2.813977116480331	-0.4600587197163207	0.32890013895784653	-1.1234477468425799	1.077484226037295	0.6400451795090278	0.540292457849981	-0.1385561339302219	0.6100807282236652	-0.1487242642942379	0.04851650368594764	-1.1554349359875922	0.790944698219214	0.9763728322809475	1.3723137875137255	-0.525763402607712	-0.7765600271718355	0.39268425717608885	-0.7219645302993605	-0.6263525154003708	-1.392314561349431	-0.7017852157751653	-0.4033186153811202	0.8909599435336235	1.7095149807801189	-0.10352970334929543	0.16779865754814424	-0.08165165138029776	2.1890606222212465	1.2217725160989683	-0.857408941947828	-0.2218013533239711	0.38703178792554754	-0.05153384577055756	-0.6742355968875454	0.6609077521221448	-0.9878942104203627	0.20857986156493283	0.15726467490542675	0.23642901004114208	-0.07743091725170548	0.4746588656736108	-0.6194784064332409	0.6774702224284558	1.5409891610457362	0.952559629057806	0.9656154810347871	0.12294739774196528
DTXSID6025068	6.681242902376789	-13.824194216619913	-6.975708858353224	-17.111339894310518	1.122797537902732	-2.741605249890839	0.3515376133302732	2.2573811562874306	-5.627270147376272	6.396101295546433	-1.0936632498863956	1.6461720285992363	4.168702449987872	-4.490321677310221	-0.1536556469304535	1.9791044364100439	0.7278342797465823	-0.21899795154582774	2.156751935223074	1.111813730470546	0.7751463750542876	-1.8186331446797501	-1.7611003135684102	0.3022213662338986	-0.6017036247968629	0.34218259098565124	2.2593638580226796	-2.4303977246561823	0.812474223587094	-0.3853338731311249	-1.1614383371203614	0.31434557802298907	1.7585602138469323	-0.30396603104585046	-1.0845135036462579	0.0039854733997771695	1.2213878824542848	2.4642397017736615	0.23573574141198383	-1.690677927791814	-0.4358491638362209	-1.599552602906743	0.6748086117165455	0.9033424288634905	-0.8048398383712416	-0.6517791656711662	2.395945762883694	2.990635369894074	1.3821501095818098	-0.4582303452518819	0.1992512188642175	-1.2663336868177497	0.8269068577134694	-0.23839502097794024	-0.5467396058435365	2.1924024615434234	-1.200770392214913	-1.679377532445992	-0.7272552134505605	-0.24435974052884193	-0.16401277908428546	-1.6193980667442667	-0.9730543708119866	-1.6873054984590807	0.787170303877771	-1.4235116542918578	0.9958236082442977	-0.18650810502542312	0.08927626466941997	-0.9285787774273988	1.2492816513882092	0.14765982802635005	-0.8597511438494411	0.04802912989251786	0.4728415418459389	-0.6466702968563209	1.0613857244139675	0.18867661871486782	-0.0014717762275272348	0.2265144581198227	0.6630585442288616	-0.4007600532985467	0.2853432296209004	-0.7201605142114756	-3.527460746184136	-0.5095810890902314	0.18418830164672373	-0.24809479762610825	0.36852328009903557	-1.0831916105382413	0.12058462125467553	-0.7345020374158538	-0.3729683450611384	-1.0295962763580015	-0.4042036715521976	-0.8643721343992133	0.17223625658520303	-0.2349951741849089	-0.17559099649233076	0.8256856767324834
DTXSID6025648	-15.055094864407588	-0.3460260317390496	19.05077859612352	-3.3947846866561617	11.14981313838324	-2.0798015155445184	1.2846815182870048	5.9129864769365525	2.0256820751485596	3.3982882171599327	0.9416182440403366	0.4275786798040502	-4.501936976956172	-0.7834757167177087	-3.16148055338146	1.459837840955579	-2.055191483405765	0.790323344882652	-1.6054770925947808	-1.1115594435655956	0.022757554653999146	-1.9997724600093858	1.296182125238911	-1.1900216695432702	2.1585332935858634	-1.273741223571764	-3.467377784934282	0.12158415660911981	1.0170160752275075	-0.03373046479049378	0.5818378780419958	-1.0497274477903429	1.111118437017871	-0.5031544176533611	0.901141722184722	0.22921009254216246	2.06334723563571	2.2706351995480962	-2.3635620070983423	3.725833077497704	-1.990711705232356	0.12156215226262324	-0.816886301373249	-1.6163061040042432	0.5014185079155243	-0.3872723522922332	0.9030084536736095	-0.18550320166829076	1.3188671734431143	0.03645031767030695	0.4332320115145917	-1.3193799238382686	1.020782463196963	0.45303113886219276	0.9268407564583854	1.5400017770748515	0.8599830572274695	0.3605280938402659	-2.0868061129810744	0.7974702825191825	-0.5588665589538491	0.6444682962380794	1.1815649245294018	1.0617290198998695	-2.8417032944161074	0.2856894373892729	0.12749740527738443	-1.08647558721905	-0.01358492174205907	0.28347913281250103	0.3061144110830838	-1.0938919893304508	-0.6542237820618692	1.2815471880202207	-1.3076869916521068	-0.4330940886452357	-0.07938511769675777	0.26929338797987	-0.6301143361654725	0.754290382262409	0.649589139000057	-0.63297715848918	0.3871619497410662	-0.5088612492564244	-1.5234804175941907	-0.1282418193192241	1.0098904232469705	0.4091036130255739	-0.4381257099974813	0.10982790251838673	-1.3589326200907172	-0.07286013167719563	-0.2668163986241864	-0.9484145929926384	-0.4883491139857129	0.08927496044110714	0.509101307007408	-0.5773204176843387	-1.0383402114918678	-0.8038588588331901
DTXSID6027921	12.93430524650746	-2.656658292365405	-1.5134818133990948	-10.630206313357398	7.274216282873066	0.5154670642667921	0.5233589518807737	-0.614800160789703	-0.13500786941012505	-6.095463412355595	-1.6977202067875983	2.3651393804396417	2.4214829387018293	3.262262636746887	2.37570683515701	2.2708592907982155	1.6476569928133953	-3.0015522839388757	0.5911686612804211	1.114340022112594	-1.3334924419640597	-1.2323392818401406	0.14743716148437183	5.1474259189269915	0.2549527868575228	0.5202799593719114	-2.495370178976453	-0.6854158620009917	-0.3747156187311892	0.40030586853862543	2.361714655729185	2.270266851052347	-0.7211659413223463	-3.6689523531487684	-0.35067911476008595	1.8184312329584407	0.8924024378200512	1.8746428575596819	1.3117634734750545	0.020968883793935876	-1.2917491185740766	-0.31261378463479267	-1.4770509121031532	-0.34445929952804677	1.0383018584173989	2.0379812906212234	-0.24836054412466418	-0.17284347165039227	1.1788430785427402	-1.4491562049736126	0.37817298649948694	0.5907827870840041	-1.61581112384759	0.5197673683918139	0.22908504348881276	2.3642038834989236	-1.4699497907627392	-1.4614299418327679	2.1887975505724633	-0.5148583339117215	1.09005805060063	0.5917536267907915	1.0607474940005561	0.19396786074247485	-1.9468206932152223	1.8185850205917846	0.5636680713905841	-0.9606493364603704	-0.03710257992051229	-0.988445361856569	-0.4848018459463853	-0.032614986053399055	0.448200406543738	-0.580184812446008	-0.20836172355082103	-0.07154207992402252	1.2041034789032334	0.22172545893591422	-1.3266432150051903	0.6762024870747302	-0.10938730242980786	1.088838273863921	0.6948900224977724	-0.7904688558529701	0.42891112880426707	-1.1581944912931743	0.14734383400497703	-0.09776314071816637	-0.5064660103882042	0.10320701561978066	1.0798501790414352	-0.1901032534502609	-0.3590983588743409	-0.9354650367450307	-0.1409076934570609	0.14836340247331387	1.1685888223361875	0.12744611502991088	-0.015468398679538385	-0.05828320108955887
DTXSID6032562	12.232397685403535	-11.570505727450314	0.23300048204937301	-7.319796436814713	-1.6952386659919487	-0.27422172453142	4.285255817374752	4.444048851318252	-2.571469204297001	-2.5358318241214994	-3.9875882143291426	3.2665347776582383	1.3348428566029296	-0.07051361851485544	0.09387097572494311	5.141528841875949	-0.9854352265803488	-2.469360147195464	-0.5743166654341073	3.818968513899432	-0.5813085738830591	-3.953881935727673	1.6073080550493093	-2.699428264225036	-2.520665839247651	1.6639654222749636	-2.1026577519765532	4.553410285822256	-1.2234927981448283	0.7324961854970591	-3.4342503080295295	-0.6338511467992634	-1.333674183301714	-0.22027248695325607	-2.966196677546511	-2.7283863641680686	2.6995992255912267	-0.8302419808886549	-0.09617303590746001	1.1397269929389768	4.377973929117504	-3.204571249859705	1.37474088157912	-0.5301453641505557	0.9093424240130403	1.8981748210518392	0.39294851261827374	-1.9344509735812079	-0.29436591140358825	1.9300857244445342	1.5214712356738194	2.386410006881041	-3.72048415300621	-0.0558679220476676	-2.3066719512340867	-1.0599390808667388	-1.482739559692427	1.2152135013354208	0.022385675579762555	0.8096378018754293	0.08413752094055983	-1.4792418340722562	0.6154240565955416	-0.18726179345967897	-0.09469160388845872	0.15860672620886948	-1.0449138334757655	0.16130184783682427	1.5203333766375475	0.8067951116946965	-1.0824978782774703	-0.34850054680484827	0.5547960059005289	-0.947442141487312	-3.1352479426699915	0.012923465332313477	0.9112503279199348	-0.669980181137378	-0.87272513221706	1.7200984486372877	-0.19977899843770397	0.22803208987206205	-0.9126090880418707	1.3598252254701029	-0.3598981399062619	-1.4476233522301736	-0.6682231998675666	1.5596561899043213	-1.7644668526233338	-0.7676010289662598	2.4484744630941053	0.2541243523094702	0.5457713759358621	0.6394063550519868	-0.5819235195837019	0.22619509066917398	-0.04184637579766606	-0.5056369599399566	0.6720252133081547	-0.09135683815442414
DTXSID6034392	6.404436855198383	14.760441626221438	4.620756251207538	-4.939702514190702	10.676616881270402	-0.44803116281820354	2.7912007769316487	-0.23557010813063695	-3.6490736686167278	1.5525732068022235	2.535657711144517	-3.356800551469529	3.036171349194443	2.90175102941616	-1.6677300007314586	-2.308013986401731	-1.1877369382695884	2.2706752150073033	1.8538808828444688	-1.3672531190806283	-1.9698470172648281	2.167374800675706	0.40089834437560473	0.7540966299253136	-2.408806267293696	-0.9908267826659722	-0.2345376106090034	-0.5258269770389788	1.5528789047236147	-1.2901887018476048	0.6208087521397343	2.2003656301952237	1.7230981209436802	0.8878708689917517	-0.5810939219296061	1.6942236097093286	0.542485143361455	0.17001714134607057	0.2498042089129703	-0.5167730982346594	-0.42600964204816544	1.3991022597200284	-0.10886492802055077	-0.28712082301514374	0.3145834175598627	-1.5801521144978898	0.18556729817025164	-0.05250197400763098	-1.0527527071693925	0.2884143579622418	-0.9092103236761325	-0.1331484657847618	-1.0861942247345788	-0.3542316912288091	-2.1951053452691762	0.867737728536442	-0.04082942260295729	0.26693311678464954	-0.15038918637862492	-0.9702884590652538	0.4487557176315145	0.650047042114585	-2.3173565251364767	0.4572830544856282	1.098648565783279	-0.15304081501279035	-0.01022018447601845	-0.4522067439746262	0.3724171373427403	0.16078140076194686	-0.3081210372333734	-0.762578127743107	-1.3962872335108751	-0.4745004625192478	-0.6816078060608115	-0.3596374640403428	-0.006088256322717083	-0.1491365836603691	0.6560652711622079	0.4270393405758081	0.6960232436526095	0.8438351339690449	-0.7830733407353644	0.37414652119971364	-0.26402597295496094	-1.0261460226365013	-0.5069411678238479	-0.9853819793831818	-0.8397799609045529	1.6634535946769797	0.7652102368012916	0.40256574556145025	-0.5153078396176004	-1.0604515824983218	-0.36703154515452563	1.5695366813599632	1.8748420776750747	0.3617403346167511	-0.8002453042977828	0.3578719516209261
DTXSID6043709	15.731376677225676	-21.706612915824252	6.132211762795408	15.051258997151287	1.162526758315483	-4.375566008739414	3.232517328153916	0.8759138687964234	-0.2995782708968859	1.5849472455899785	3.057896007406523	-2.1386498020508524	1.1247980150555015	0.5741718407160431	0.9066342829871885	0.1374952597250168	0.324009365878158	-0.09550765900558138	0.7944367967449112	-1.092756606777417	0.9636166656892017	1.0240258515673542	-0.6206620714208689	0.6615868143248361	0.2979130148913128	1.6459367925758996	-0.4807661297543104	-1.2606036010997013	-0.18334700940143614	-0.0635156769773816	-0.0025741736783426966	0.26108590916047614	-0.13434886745350907	0.5857322728846307	-0.1562627135043423	-1.1276252220787542	0.6959417382503417	-0.798192879285573	1.0773839929071072	0.960084378986859	-0.273972288490036	0.31886681043705783	0.38345294854713313	0.0050492255547503915	-0.5922976349631413	-1.1491233814852815	-0.42235722565329165	-0.004367454283072719	-0.08483020813472913	-0.6912592126766776	0.167393659293882	-0.21501976787088778	1.2624130338051451	-0.018302153314055377	-0.3613446005209324	0.7661174699757886	0.7288364648967784	-0.5919613286122652	1.037723445345809	-1.997923650142568	0.26715090754019116	1.8145338570255591	-0.20097425989955753	0.4035360998745104	-0.27482184404985566	-1.1915773869584827	0.07702284879352018	-0.7199034556416116	-1.071920730696284	0.09520929777177851	1.2770215572626633	0.1969046109181109	1.0243092201925288	-0.15815875932966109	0.6953017050396728	-0.3387679252323709	-0.5573337565085457	1.5426478484910526	0.417285164045617	0.47931165712478035	0.49812537071273477	1.348799358810783	0.0028026647487901803	0.4555182855782592	0.28925990305866395	-0.067020576907422	-0.4844389292097527	0.08125507450726342	0.36082747617816946	-0.550088311139189	0.6017921784655956	-0.15686427803240838	0.12423285750586581	-0.3221579370649235	0.025967693336239203	-0.5737504649906898	-0.046813499689023014	-0.9655168507424492	0.025311910009847526	0.393092145365618
DTXSID6044430	-10.713966314532957	-0.15049416543966213	13.540808850682126	-11.516151532124212	8.070406904340327	-6.21317421953541	3.7790645859894463	4.86551149398938	-1.1664882909788015	-3.5135329543732023	0.556076014641302	-1.8245826789741684	-2.0525367347114334	-2.422242121087145	-2.929184408384441	-1.976985031357606	-0.6078182203570004	-0.08783257786186048	0.2964273381659625	-0.12205230855560595	-0.6414677996642211	0.27089839944569194	-1.3379715459049262	0.01968939886400505	1.19752989881355	0.8603677861519502	0.42196541131283055	-1.058203035335134	1.7649016062142435	-1.6261481807714404	1.6057734861020023	0.28870124744953907	2.482905994665632	2.047834041253365	-2.6723210825609227	-2.852356898875742	0.08059251570351457	-1.2377654517316714	-1.1425794537425846	0.11463226183557626	-2.0238735616153463	-2.358573533392705	-0.43241803491806347	-0.2516270736925326	-1.003643913485945	0.5268703685197004	0.2038774506803392	-0.06291206834599966	-0.4851291524275599	2.209160279477241	-0.008693503369856035	0.6513817138554681	0.22766083762595107	1.5429354690191674	1.0840168150253462	0.15296971722020802	1.2620900100915253	0.11244500721225996	-2.525251192670842	-0.45143115775349335	1.2518714145285408	0.37622857079789257	1.3426459607224512	0.4628564044548609	1.158851226414792	1.4875565154120065	0.18866363053538862	0.9989798128855824	-0.8050309650032946	0.3156732319941595	-0.23839667437386156	-1.9053612943021938	0.5142861063198079	0.2602751299029913	-0.12678925827789153	-0.18305274547470599	-1.312844908070442	-0.5394936905676871	-0.2985909277320507	-0.03293364073958708	-0.641726571505966	0.43000623473403105	-0.8064330464819611	0.2783434289133773	1.441744178263009	-0.7624471349068128	0.8358606059491449	0.27640991509490853	0.7632758489723884	1.666610449363767	-0.7513869588287929	-0.606808657171445	0.5380990207354799	-0.4821251389307856	-0.15188874878658454	-1.42056276092763	-1.1760420230546316	1.5792117440413933	1.3448475177468415	-0.17033948898168494
DTXSID6047311	24.18329121662191	1.059806066866063	6.411699248578345	-0.2889187214128938	3.856517994057863	3.4116418978819665	-10.922830909608097	1.0748773430329392	-3.501870785877081	-0.7724940488979037	1.8504727641358494	1.702603135755922	1.3662703819393207	-1.1137082238623435	-0.7935583972669877	0.006165720810431696	-0.019970192946968935	-0.7061810189829019	0.008953451379071515	1.3885218923994116	-0.29519324197002395	1.5742179447318285	0.9654753666190314	1.0334610806791322	1.0635055515360825	-0.1942924567582581	-0.46557148940517307	1.3555622673029608	-1.2341624923656291	-0.024766930274575553	0.3866086301807211	-0.5633829113416811	0.46815507614402074	2.6580196597599053	1.2820536726131235	-0.4007584886670681	0.8628792669229559	0.6277028970190306	-1.7574130311222804	-1.2057056204974903	0.9464824184674507	0.20026105949258532	1.4209580207106405	1.7006789251338155	1.199913464040291	0.2420758262745071	0.8865169815302222	-0.22816789672935936	-0.38337051507030384	0.2814007778881285	-0.341891630525989	-0.5866944494915887	-0.13669634423602672	0.6701839396209166	-0.719946213720833	0.2287969897980159	1.6815466512718595	-0.7368014773198428	0.46991627199865166	0.8668951430784596	1.1338005624910394	-0.6415046371800398	-0.14250378620949886	1.6431699460333575	-0.14630988614673707	0.08896976072305739	-0.44237939194359044	-0.6617742157097288	-0.5399491569181224	0.23889003157701208	-1.029534449068974	-0.005370892772434389	1.0896542093415524	-0.601998970074791	-0.14593379682498173	-0.49374315553558457	0.569374661914777	1.0469543327178796	-0.1974200682811081	-0.8757512894904086	-0.36019566109851686	-1.039128903678296	-0.4638557384042894	-0.021652707591526422	-0.1256430428090792	-1.379645902886259	-0.5282133268526855	0.5861218030156372	-0.055088257383820734	0.15067526896562314	-1.2594887704697793	-0.7908785571408344	0.37555207257452505	-0.5123862058563864	0.9324134564333535	-0.9878978646345185	-0.12243279744084953	1.0972195848048258	0.5378688660325709	1.3083097337937333
DTXSID6047363	20.827783993077862	-1.4636638414823342	9.252740253595801	1.7551872414838936	-2.8311335147606904	5.2636228985581335	-4.595366984122241	-2.175546906703766	3.2985435443448035	-3.91491975273362	-0.5287847019330052	-1.4096241780838468	0.8520488558242911	-1.0921696464019361	-0.7533910221304864	1.0014436648269776	-2.290845186856486	0.5773489142900188	-0.7528829701444025	-2.626623283316334	-1.7333256450582204	-0.6426554354620213	2.6705286498833525	-1.8073998838401348	0.05877998866915411	0.5128396518197931	1.97429939678667	1.864421870753768	1.8509548912496534	-2.8702826729464976	-1.603828668838447	4.3613127693189755	-2.138003181413632	-0.01336075358754346	-1.1515252866835795	-0.2521003674105363	1.5111868289396322	-0.7647696335514101	-1.0973513334798604	-0.44102747246536717	0.5811187351092979	-0.5412366195952567	1.740626185315512	-0.18901003954194862	-0.5458065831224346	0.8798135361590911	0.11485121177754944	1.1920296733956015	0.5268475948204204	-0.43905947998082895	-0.8111536064034331	0.8594903182661722	1.1536716696352394	0.3514218359563768	0.29602962748381456	1.6362065300135853	-1.0661335150532145	1.104303858154965	-0.0776942613690202	0.766108779686149	0.4636650554211451	-0.0808765457571491	-0.08558389151755443	1.1761185417226123	-0.3698043120333609	1.3662104473188894	-0.922838087966631	0.5701036851782256	-0.20973747621018024	1.602301448522465	-0.5879387752325036	0.7319583260620453	-1.5586576673842722	1.017377657433264	1.2611179368358838	-2.395110159597201	1.073685763300006	0.7832056909263873	-0.23839830026699158	0.3912684098200106	0.5645911808462896	0.13895136202463088	-0.4700170003802384	-0.1915410531178641	0.7785395654645466	2.0843197110606204	-0.10670521260781	0.7300759399886895	0.6795729224836597	0.5279570204904124	0.3426256593673044	-0.7622686864653211	0.011733562886612205	0.49740151980639563	0.596490054341064	0.7255806895235982	-0.38293428840067856	-0.25941400359391237	0.49953427405336315	0.7066016514478233
DTXSID6048175	12.425879305642363	12.298064851872034	6.894314205505739	-2.866327602219843	0.09483616221307085	4.3307093885618855	-2.0040418922974244	0.8465314809463278	3.474981173318241	-1.3053834713693249	-0.7053982219759253	-4.863045957664396	-0.6888549821969859	5.433373431613947	0.8213672769024796	1.9919709184831813	0.18214343572093097	3.799484184746675	4.619995938380356	-1.2315242400914461	-1.857934327793916	-0.6231064941024866	-1.8659124078886218	0.9671727749136495	1.8467485487859148	-0.22882096908217567	0.584122673583202	-0.4228926422973928	-1.2376820281692509	0.6098923555828308	-0.6925043357198322	-1.1421384407019024	1.7313677658490465	-0.42869874390321694	0.29210740393538304	-0.27613667939322223	1.5752500306503854	1.432393593875497	-0.15126848368152837	1.9227677993979828	2.540374744183192	-0.7784064958306731	1.134150814727774	0.847896176701167	1.920419112146866	-0.9333916380312283	-0.646597641815999	1.5050012001336015	-1.4775751429970627	-1.9743128474430252	-0.6230490243539447	0.4232583100745931	-0.5778334014450928	2.741654288268649	0.5832274615512755	2.5024566729712285	-1.3302843505469653	1.404660449536703	0.9535647260711921	-1.2511448241443441	-0.8248134904387716	0.20343297235781857	-1.001123908571497	-2.2833819307377783	-0.6594056528995805	0.39974657611485775	0.36288365121709587	0.48201428139541563	-0.9298685254702773	-0.7026658567442048	0.601932315955099	1.8664786941637264	-1.3289935684809755	0.3951815074811291	0.072240226193357	0.3001484003087079	-0.21328528547566955	-1.167113788979298	-0.9604032214153253	-1.3303935350457299	-0.5011940642217954	0.6438407611357925	-1.7663178542965463	0.21172643150002118	0.5843108811783021	0.02146715766555249	1.8025875307080734	0.9923657883000832	0.0825608980436846	0.9502016221480942	1.4734707499155268	-0.673597318025067	-0.2688578728539912	-0.5610194743650951	-0.7675346665719002	-1.1428491006419408	-0.7479732816786246	0.3231836520003756	0.34323253529981335	-0.7637220103296304
DTXSID6048171	20.48491083654079	8.880065778475807	6.6629168383614115	-2.0093484921533293	4.187659113400553	2.3793593849275907	-9.696199390985381	1.7597692386117685	-1.9248267055136625	0.8036565883738023	-0.05359644052844773	-0.4066511329339683	1.8690263938195573	1.5080743595166157	-1.8832463639745463	1.7800094741740895	1.2388327033184103	2.7378970451196087	2.525845062562181	-0.8431044527860639	-2.808692710715834	-0.140204423936801	0.00988649748231323	-0.5025021216306047	0.8687847768654842	-1.0593497984448552	-1.173936885642069	-0.05312328085635842	-0.5285772896830054	-1.284287555882036	-2.3246001175618245	1.348789400855435	0.663593612941297	0.7315128155955497	2.490803958981847	1.2779147422168677	0.23692620224792754	0.11250439379598383	-0.7835615648235329	-0.13800038920748328	-0.6295941114556335	-0.26564356195104294	-0.702490248524523	-1.6536379133065113	2.527129889298692	-0.4317765373094148	-0.37512730433197	-0.6242785866263155	0.02429860126165239	1.3080953370408839	0.41634245863470015	1.237119078990003	1.2260468543716259	1.1244506970213641	0.579712705556976	-0.8980830255486916	-0.8217099362121049	-0.2332689237635257	0.8158453849624419	-1.0172512934587121	0.45383804864792554	-0.10256818356477951	1.5658954258653386	1.0229234213856597	-0.07575167792242389	-1.834262277520061	0.40335400279556743	0.8042865463285966	-0.4729587668878389	-0.6132219983317837	-0.26868010719849883	0.18680820219496347	-1.235807438643734	-0.13849978728450518	-1.3551961307196734	0.42281005474865296	-0.6182729322107001	-1.1826305501944945	1.0280013544984021	1.3398678207765147	0.4629166569025824	0.16516934347994178	1.503120445075141	0.7869375339725949	0.5808277222387844	1.087383742180958	0.2909611330821734	-0.26211309544601075	0.010792898301810844	-0.21454510309639638	0.038115975215187246	0.002386248814287782	0.8554573871230292	-0.06474474003888916	0.14192082449382426	0.9150599115289588	0.0853937339288661	1.2161471030672455	-1.0983341837813123	0.7161945445692379
DTXSID6052112	-19.308299327512927	-11.026865678128356	-8.836265102600052	-1.5695995232101225	3.4197009028370013	3.689534630346367	-6.461922453084387	0.6586901482113969	1.2279322023140045	-3.548920530801464	2.03189050828533	-0.9639872143212431	1.5771473079580898	5.200425627246026	-3.2752478751617904	-1.606074983558583	-1.7974883416281155	0.11964765794615632	0.7951533238244118	-0.7358746506850772	0.8654775592237175	-0.11351273674907594	-0.12304004439315995	0.00029931293598777387	-0.922787407090637	-0.6145780573957527	-0.10385523959671555	1.5530258310014982	2.2007371430047877	-0.3508864698729155	1.8696783202981813	-0.5009867193248724	0.208305543134569	0.04141870490073564	0.7925483561547734	-1.125316613418041	-0.9292992297457597	0.9342090067470596	-1.4919957039066012	0.5881746762124593	1.564060204940859	-1.845760150548245	-0.17384441858078567	-0.5136361862561784	-0.7617596727009057	0.44383745826833726	-0.9236585870389783	-0.5981784374817652	0.3253090759243122	-0.3410068250971187	-0.8780320811429742	-0.10347145378143824	-0.08865486435138771	0.9410957046533912	-1.1080849037702893	-0.5629294697492254	-0.6861894279802282	-0.10184058104930506	0.8138404308351995	0.6676447504760158	0.06456085724174622	0.27950148984031203	0.38540837826843	0.9157265965908953	-0.41789611702717405	0.4776199911570139	0.17277608514158796	-0.9521357011719475	-0.4225005239117973	-0.27016275671153	0.12180601567814875	-0.5273722705178941	0.9730242172098946	0.1313847563549554	-0.7292032823406378	0.2639916694008006	0.39911457258635646	0.3390083009104913	-0.23212076128208695	-0.506719899609654	1.460331817055893	-0.8875374796341889	0.22387664547815453	0.048290580001233	0.06015797566750687	0.2517465328087116	1.1731541531846665	0.387198198481948	0.2562373967397536	-1.5349073922039556	-1.8604120023064141	-1.1542404634410492	0.8754053523241936	-0.7909018918584887	-0.5925594101704412	-0.019245024050347552	0.7330586116971901	-0.10194933976958749	-0.5329696292411765	-0.7454867881639908
DTXSID6051560	-20.549375729936234	-4.5597079384915835	-5.349317952643441	5.563199876414928	-0.8521735753888077	4.5047003481874865	-2.8247229116168	2.0237090701825666	-0.672475204230899	-6.300016051014602	-0.19850835786991147	-2.7046728918958984	-2.7270508755436844	0.2631230038785761	-0.4321737993868123	-0.7216692086648234	-0.7339854588372551	1.3424505577527304	0.5652773151925662	2.0491365264907078	1.4226249957159678	-0.839957247590446	-1.0122107245473044	-0.41192523103621875	-0.6896258341422234	-0.3055588350942542	0.6886770015404329	-0.5858934268993684	-0.6673662583416866	-0.5135571367007308	-2.14922859223829	-0.21238849169152524	-2.2070446267088943	0.6358675952791335	-0.15884537396612997	1.1277404367601778	2.772767087760161	-2.5580303110723506	0.16811841055342952	1.2576275872158305	-0.9434898950362949	0.20196804198042778	0.865233650499586	-0.7597928684460952	0.9092544481947411	-0.9238444296048041	0.73125995211749	-0.6139174389980061	1.9814723810196269	-0.33219115136095567	0.40533853034431316	1.4478620477366395	-0.8365580399189538	-1.9562412829260374	-0.6827082890009722	-0.25802893545425076	1.210918756845261	0.0416807850344892	-0.9832758326950386	-0.3803843148056285	0.40293778281484904	-0.3501057334814905	0.8994949394590888	-1.4092412041208724	1.5637225692491352	0.6691109283252084	-0.14490194367452433	-0.8302262262349742	0.23178495366889743	-1.428643219596116	-0.18848465326749408	1.2297218315894256	-0.345545145387257	-0.013158517767490992	-0.7474905292136014	0.30252142793486136	0.49222254972190793	0.38101250534424064	0.08682981420994458	-0.8618616988084717	0.42055633991048164	0.9821481199864021	1.225308132241393	-0.3401439625996869	-0.23246677808326932	0.6576612667669858	0.6447834072585086	-1.1084641627685479	-0.7008267802982138	-0.0020045059424781088	-0.6194863896570715	0.6264564026454482	-1.4602979818022712	0.6774904991024353	0.08800521918930103	0.5013352571171769	0.4486968716942929	-1.313344782795186	0.3928442396066193	0.20985585797867767
DTXSID6052619	-12.025331167551405	5.110273063142083	6.050390802559734	-8.747753540682169	1.118001698118353	-6.098750993608804	3.360980242781931	4.910168208883618	-1.241397160641065	-2.58105456056271	0.2571804070276097	-3.6216880172206976	1.7490874031034156	-2.06602679912825	0.18386250620293873	1.180288463425709	-1.6099552252912817	2.533145241188482	1.878570090066392	-5.360789268696273	-1.3595621741728967	-0.023668130391471417	-0.5659825118881	0.9723608049974607	2.988304744842925	-1.6224426731036063	2.4002588605500454	0.9707933577054341	-0.6070222643426697	-1.7481827089421207	2.056250589396938	0.21540579779714708	3.146043414082123	-0.30354360936729674	1.7583052056744306	-0.35770332374940966	0.12382080091802967	-1.4105111530493875	0.647115215119855	-0.6479208111454466	2.083708841159603	-0.4862560851677224	-2.1296306393422135	2.308666238560391	-0.9694265140604659	1.448391184036753	1.654839474290847	0.92231130788405	-0.28715244387437716	-1.2295057317130527	-0.027325342933647117	-0.5479248583431782	-0.9422604587933301	-0.26770775111346773	0.8890523011202023	-2.0318284272524805	-0.6396105820772598	0.9346884512261342	1.3552698147331947	0.996354085406517	1.0995357459677406	-0.6425201652662487	-0.661248457983129	-0.20102875270743475	-0.16007933761461418	0.6553821552768844	-0.5835514176523722	-0.17963201865359865	0.573994501316168	1.1198685144567202	1.0079991305735698	-0.40681400910080723	1.633492773659012	1.4306512447168194	-1.4088777584954983	-0.19339459817823124	-0.7708601534901649	2.156905839882584	-0.07042038398960669	1.1843152887407373	1.2035580188711457	-0.20573833941239142	-0.538482615444408	0.5104445596402993	-1.4918853386690063	0.9118780143538241	1.0096885236751199	0.4335283169028304	0.88056780216393	0.5139059777413578	-1.3567014826495698	0.6656317174312378	-1.0726976662863286	-0.4489685257987918	0.22815541545638163	-1.142057624817387	1.1164998462713027	-0.25676688472595055	-0.10018578504840533	-0.823588809619674
DTXSID7020182	-4.4231584357746225	1.7190370646813078	14.492200458042475	-8.553967160430826	-11.010761061533447	-2.5475241925739347	0.9312362153795015	-10.833195589907112	1.485447344886296	0.6135956980167301	1.176283300450427	-2.461135826499447	-4.3408640860625525	0.36194573588031026	0.4542759513607503	-1.5344488472205815	1.0506278675777183	-2.2545366137682725	-3.126442182550469	2.820688915493329	0.5331178529196654	-1.264621273610563	3.1371251642855853	0.8372300075682171	1.0287331626952052	2.548098666689617	1.5520871591349954	-0.5808731804652582	0.6229740454806959	-1.1205150126672228	-0.6586872236251218	-0.6449267519305365	-0.9402842672028081	-0.1330667091322188	-2.252767921249414	0.7993809026984696	-1.2800104001255868	0.7907697017821085	-0.46404986698990874	-1.8504882278097838	1.7981380663102928	-1.1649248244797341	-1.503013440256982	0.8572959462010972	2.384210402243797	-0.8638635464423191	0.17610767124465584	1.7644539019124088	0.11360718618426036	1.6413172745598592	-1.5057063556677432	-0.040871976283685725	-0.6247336192113613	-0.13355885622963742	0.42832674584080555	1.4697640014387503	-0.7498092866733503	0.22117176500360253	1.1369544654126564	0.5704368513715623	-0.9846494223149505	0.21934340668307883	0.46841146494759933	-1.051372775043506	-0.4086916666205173	-1.3383833288456386	-0.9990139520274247	-0.6730482826450981	-1.2148767486686873	-0.07949308725328079	-0.7249852209121452	0.11129544894264638	0.7950464917864376	-0.40067083590790586	-1.2415514487219466	-1.1003869582368762	0.5764721782549145	0.5051889797738927	1.3606305783788706	-0.5907745021593003	-2.1175809261971796	0.5626084210403701	1.5057432024057587	-1.7412774696712356	0.2706953312510275	-0.8020144839209877	1.2885838120786595	-0.18866282939525386	-0.715467052727572	0.808475238034186	0.9789684539626942	-1.0364035821190298	-0.030916327210197072	-1.231509436046695	-0.05842145885134652	-0.028187561551904487	0.49376696676893633	-1.4172413096787575	-0.6900126267994251	-0.5242605704291968
DTXSID7020479	-2.1099669990149086	-2.196164746759358	-20.540463685780274	-2.7830530129589444	0.6586417231102089	-2.0462589764947463	-0.627539419444831	1.2461953202102172	3.9703017129058753	-1.881578839788357	7.173487047542853	5.434745605743161	0.426327632671408	0.8824435028360711	-1.0580749110331598	0.939875618202671	1.1953941847381433	0.048994773474450276	-0.41910270937277366	-1.0595085820300087	0.29586294105796623	-0.7433011189260965	0.6032949184858353	0.060535876715545105	0.5495348827480597	1.2842925516758221	0.26367056940092387	-0.6369450786912096	-0.3759534838932298	0.23950326232059801	-1.6835747831258765	-0.6485409181025047	-0.594664922980484	-0.6001615147088655	-2.3912516329997517	-0.006875084102489885	-1.624664125548237	0.20927267501902855	0.4713014126880704	1.8534775569884632	0.7737188466997958	0.3513879746397825	-0.3704319362815301	0.11522007117946147	0.8137090584850323	2.1708342796590205	-0.6813719729043083	-0.5393110127286124	0.9263764616644393	-0.16531496815809665	-0.39985416776290117	-0.47854317327124735	-2.10271519215123	2.0172817069724855	-0.5765625059936877	0.21939904330882046	0.014330062137405989	-0.3524244121941897	-1.796997086966861	-0.5221470341598302	-0.23070508292647038	0.7504966661161656	0.08658340933349597	-0.6027760888928121	-1.4494216861697484	-0.8120775892069316	-0.39616203179944953	-0.7376667067782013	0.9493698167558445	0.38800372096215563	-0.09873343188758993	1.5761428651350542	-0.29322099188103423	-0.09948334718784946	0.27518178256407333	-1.7858173334521932	-0.1751936898256496	0.37166572939287035	0.927287510213424	-0.6497693724925151	-1.3091422140439628	0.34828004120720363	-1.0615522278664467	1.779473459311942	-1.034402106616176	0.9672147902515775	-0.7196884545139854	-0.08399263161359337	-0.4474259856819171	1.0611597769984844	-0.8065142778268226	2.113427294284036	-1.3926112162964615	-0.17774913189819694	2.026356830491231	-0.6737539131412564	-0.27421970696265463	0.5816421049152138	0.3162522965864725	-0.2350867023714626
DTXSID7020687	-7.373882462503671	9.100093823632363	-10.036134793732312	9.581627802432479	15.666743445599602	-0.33274214468429536	1.8941108745509725	-7.144937054580728	-6.520480313313073	-0.908321075665387	3.349499952138232	-1.078654138272689	-0.00539692491087768	-3.2528353861447554	-1.634367710937107	2.5466488357642305	-0.3415611328037394	1.2919278318664387	0.5126220495325896	2.28826634702785	1.7749024564362963	-2.3225333486884443	0.05672131603402191	-0.24390300894277822	-0.7572378524808338	1.0861252634983098	-0.2658421721487985	-0.6742970056137658	2.197677365088665	0.3679525104408126	-1.1408967527095921	1.4933013395120085	-1.0277217166871822	-2.653288409905768	2.0975744164408594	-2.172782452400839	0.26761717029916726	0.8779587544243548	1.0737536622146933	0.9728868535830731	-1.1397661399439425	0.6163108115853964	-0.19581818903116893	0.19495815103130165	0.4696508035201854	-0.31621132231942517	2.005453782174095	-0.7074228022899525	-0.9008475830326931	-0.0320269508217079	0.8269226464874982	0.10030939124357979	1.4223178100477925	1.2945872543012351	-1.5217511096538259	-1.6649388028290875	-0.7784206639890758	0.08607934449533115	-0.45886208560637154	0.8604734033505572	0.35636139922329746	-0.1828240412480783	0.8330535429822054	0.05914037919196486	-0.6881517033076178	0.4817638435906773	0.6134505831635472	1.4963255422277462	0.2620754511362777	-0.2310454523788184	1.7398869105730672	-0.37526410922897757	1.1823444787834898	-0.9633412244155982	0.9250796013426021	-1.338964046632674	-1.1056455863725845	1.500898921651434	1.4455156382651844	-0.06911736971006296	-0.717527209103284	-0.12318867867804631	-0.4393107248329475	1.3319368160240617	0.018717788189959988	0.9246773978595625	-0.058584704003897266	0.3274248553586255	0.2514580760065294	0.13505779760881864	0.009123028622046414	1.4130409048788755	-1.5355413851302167	1.1446073143009527	-1.1409953002383326	0.4034035270667084	-0.6021483416784777	0.8017596296082161	0.5504922388418753	-1.1301076322674373
DTXSID7020716	-21.898721305812074	1.1348156467201402	8.093421254215583	3.2867961645470656	-7.594644279491034	-2.9772592771360094	-4.192033125309085	-3.724195944403835	-3.711815291399793	1.3301533356891189	1.7919539145435723	1.754311044907042	-1.4317507766895676	0.3942743561770285	3.5457607066223655	1.0598026967978624	-0.9806200441757402	-0.9719406229806761	0.540232194684614	0.7122309829564422	-1.0524309966302239	0.43182421867331283	1.3633349024163017	0.959383033024174	0.14795066852569255	-2.256484688665533	-0.9076265391556457	-0.7629245328506505	-2.0026716107588634	-0.8773617411248369	0.7151661738871921	0.9925061205500134	-0.21332044660723068	1.3663860313475658	-0.38395591680256835	-0.667884925181883	0.03959148941770542	-0.5476118092888317	1.9106412025023256	-0.49344698174584384	-0.4527543068741429	-0.3647165670452991	-2.1078452212902348	-1.7550241842324414	0.9426753751361353	1.2999598389827902	0.6414039675456813	-1.991089194192208	0.7116582597141491	-0.7781669044214585	0.6973386944306623	-0.5807940973856617	0.1549082533044898	1.138058818264505	1.364270916805906	0.0314839723459243	-0.206992569794946	-1.7642508536704953	-0.5564429181721046	0.2832260149591593	0.5693525874279798	0.2123533716652762	-2.4670304067365048	-1.3526485933802057	0.33122179154758963	-0.7215407151675581	0.555735860018675	0.8449171888957289	1.733157984326663	1.3023734509988207	1.0971884341428624	-0.24596791787952435	0.03672057773352596	-0.7074853973263537	-0.8624983788630476	-1.0419187324722652	0.23236561792720983	-0.4278627257550626	-0.3393870990539253	0.31137765305725973	1.2073918579996223	0.15183380266826882	0.13347862321288625	-0.2347978207931622	-0.4650421393904467	1.3503630203590893	0.2303137785617767	1.1427870289796078	-0.4505648333505442	0.41005542507153714	0.6514833887104408	-0.44305183334788256	-0.5302815989895951	-0.7857267844853869	-1.8165552998503565	0.3152832798382154	-0.7650089043159586	0.297867087852475	0.7858381937381033	0.3645580972266198
DTXSID7021152	-20.456771556764807	2.696450114645242	12.969127490887125	0.11550128957813781	4.762780691404801	-1.3712405369640364	-0.35365867616323277	1.4193774498337164	0.9478360720612566	0.2812233613664624	1.551175928793557	1.4468424887018825	-1.9900057659202632	-0.8018842297724572	3.589152242835746	1.0550647252271939	-0.5332017780953721	0.7694089604267748	0.6986387891886913	-2.4631130696767864	0.2603846122895432	-1.0657674372603823	-1.3968720661332823	-0.8634871768919974	1.0150261477009368	-0.3363686447743887	0.7662522086295923	0.7351766659228368	-0.6443111987490192	0.8424692155938446	-0.9470921946122645	1.8823115787450493	1.072013141279609	0.6825649133717359	0.562066033701017	-1.0776984055317966	0.03504205979248033	-0.6053813251938939	0.1496882479199781	-0.7570462865933069	-0.12084599285573681	0.4583376995189144	-1.1181808998146905	0.98782566610137	1.236579033077983	0.9122980539555166	-0.6214142820033546	-2.009983536077502	0.12088469081532555	-0.6616849393635222	-1.2184154474231812	0.6684518928951687	-0.3515593994812968	-0.14214622380762615	0.24219195832683316	-0.8400983284689163	0.30193378193568754	-2.102183906476488	-0.05369127022218069	0.018156873470219853	-0.5674358845276418	0.550567721303093	-1.00018130572261	-1.470411052312586	-0.03267494087802559	0.2751188945598857	-0.9564732147442168	0.5477488131124191	1.3096472677168873	-0.5701652415085987	-0.35713535608813407	-0.14297537819115	0.019710463006337407	0.10277904408802557	-0.5491976279950751	0.8198075162952205	-0.37575190681549603	0.7627499877434744	0.7078661134549117	1.1171296719918264	-0.24472621544197393	-0.3921858866179239	0.2635037371680656	-1.2802719402007607	-1.2446051972296226	1.241294148549419	-0.5344858939581545	-0.10402914449326515	-0.1343116634967919	0.3209294337108487	-0.4544830968574251	-0.25692686604499176	-0.485730481608202	0.3967835915781613	-0.37858237289487306	-0.7410607835966527	-0.7747016108249891	-0.5960107347222234	0.9666833737963573	-0.43027060120654875
DTXSID7021869	-20.329157618530218	-1.5568166747364833	7.310050906067435	2.8236326786494237	-8.537464487439063	-3.929238522143673	-4.6643898156808845	-3.181324935534814	-3.3544132804571	-0.49108595037598857	0.4484530696943151	0.75396183388189	-0.5679826278738302	1.8190209306605967	2.3541443200245813	0.8851421912935009	0.20970957426960227	-0.8861226452707126	-0.27273780850182466	3.0253406345704335	-0.46542191730786486	2.3725073117147377	0.3467751809953204	-0.574049753591774	0.08022538771011405	-0.9535168076905415	0.7661117327860235	-1.1704527879084865	-0.9173868082569412	-3.531888291220316	0.21151807412826948	-0.2746085782355309	1.11879041999905	0.5682926985007755	-0.5967021914106915	-1.1447406172860835	0.17351999511239752	-0.7509769309965535	-0.505838791391265	-0.6188828610737447	0.4116080682496995	0.8629540920724175	-0.5877429489683671	-0.7077488299947543	-0.2144454904549953	-1.2262281546201717	0.4166762123917127	-1.1563666967848685	-1.0582212652187126	-0.5173597216056595	-0.15679486077306065	-1.5427394668643513	-0.5813020046689631	0.7069295568840949	2.056801744022498	1.6195252980809083	-0.18719843068149936	-0.0985949738616647	1.2509559722901378	-0.4323767193726496	2.0360386233733214	0.8060498020810962	1.0728256781479217	1.6861489837521089	0.4813121741662679	-0.4677165457125092	1.0187234935369291	-0.17934136217509347	-0.2501358333262382	0.9259753794824468	-0.4310607962126121	0.7456578052966747	1.748935532121509	1.1992734994642391	-0.11767618490750566	-0.8260684363260694	-0.3548815079724126	-1.5962669061023034	-1.2123096729614182	-0.21425806075652135	-0.8234616207774198	-1.1956262031684544	0.805000640838579	0.20512949490579874	-1.5351840250089446	0.8358121264712447	-1.1229340279195084	0.5189941021672617	1.2645806522232028	-0.5923150904141445	0.10747535426900537	-0.6478203809436629	0.4854865285270341	-0.2377139811363491	-0.39090297172610045	1.3498714373440497	-0.06383527651310691	1.349583847573412	0.4839290895765927	-1.0581283245520159
DTXSID7021815	-20.429623962638974	5.767347028296543	-1.2101714204126475	9.459304433706482	4.764281479056391	-0.33221148657480454	-0.9229375570090717	-2.0100950242890794	-5.554305392063473	-1.1038686354970506	1.6075648403997609	1.2362914309930342	3.161386993351348	-2.534406408570747	0.9667405713097734	0.762891550588172	0.36535975709917273	1.2296972572221558	2.1657729795875236	2.002411266687027	-0.9217324438341815	0.065574406069354	-0.7840916462124046	-2.6737752353655067	0.3172588619581106	-0.2145944395724305	-0.9935834976444339	-0.6754353501279986	0.1182574663362149	2.8130465965978044	-1.2479826811602386	0.44975860076452506	-0.21238703559014913	-0.6243776482456316	-0.05345300567208544	0.8655345226657502	0.6667972315407948	1.0232840607407083	0.5980339768073856	1.2374919408790124	-0.8088723189016804	-0.7259418078703406	0.8323541920171871	-0.007598024730007543	1.2387937560942586	-0.2640518752948609	0.43516978126544914	0.6145667608098268	1.1088447944443838	-2.181998297828331	0.21021949496323783	-0.5358946592182958	0.9375488498301978	1.5909837974628573	-1.7342828312562484	0.19537059957194577	1.8000675557557355	0.038636753260534416	-0.9090824204789296	-0.5958528649094679	1.2600951508204912	-1.576522283392916	0.115733838036801	0.2908442744454117	-0.676990529864037	-0.18060298338032668	0.2962502418894748	1.159358172885013	-1.4939124507362975	0.25147503462632853	-0.8421227232071674	0.4302289116540826	0.36034472503764436	-0.2549590921123771	0.0025366890988896378	-0.2855419560533248	-0.1061043293006059	1.2470602738749965	-0.8629721998891585	0.14398225605524037	0.3219579521676697	0.045821373063323574	1.0361153763826711	0.6117451970009132	2.2390026805595302	-0.3351406594653487	0.560100657029894	0.05171779954331097	0.13246843991498694	0.5484609439561465	0.541811357095845	0.5033205489162188	-0.49834089230289913	0.4194089753377472	-0.7338499537319678	0.09299256329112238	0.9761472970842074	-0.07567372959647424	-1.009504404821992	0.2165985377493332
DTXSID7022332	-15.751983001326197	-3.4661661346235633	6.431190451079406	-7.049002215608676	-9.064457712388922	-1.225345458670112	-1.666080257512922	-6.467312004256213	-4.738376141645059	-0.3462214112694917	-1.1364631671388545	-2.163090439503354	-3.8608540726697544	1.5632919325391792	3.438907424998785	0.020920845079635545	0.5372981546473233	-1.159780610051219	-1.6207313854259353	1.9168540060768557	-1.6509495119686133	2.3771966152928456	0.7526366614318346	1.177949474870422	-0.7788988012684284	1.9287501120132462	-0.365509417727878	1.1833596562474868	1.1811723002490395	-2.7589800401745066	0.6754878891195357	0.24617403328044768	-0.7086950266965161	-0.7370998027036506	-2.0073614835786073	-1.096580520753797	0.7036007331173768	-0.5857058309158096	-0.39818544640823333	-1.6555733268301318	2.634620295275244	1.697704926082284	-0.9503977782674512	-0.6633344100062486	1.259990218994461	-0.017916252216215428	1.5077020457184378	0.2253485541072002	-0.8944773099311825	-0.3168906282259702	1.962468658139581	-0.7839409481529429	-0.7066150845723994	-0.20038622825397162	0.4319433132720041	0.26867939105770156	0.23153632794279133	0.4745770236478627	0.1662067852126356	0.2803677395651543	-0.5816604843136088	-0.7334160003887464	0.21698144350240517	0.4697176250300105	-0.3363069283771589	-0.8473410042984866	-0.381051701143985	-0.6075064868816479	-0.13510616920745505	-0.6491768190410906	0.7815868540411024	-0.04647987354107134	-0.41369725847321015	0.37478417513858586	-0.21697891718550194	-1.015873293939117	0.16293852765947686	1.4810155225780808	0.21087451720656095	-1.5107427223205312	1.166736876440262	0.41510926866761144	0.040048556544585376	0.5399268145607757	0.4136975551336957	-0.23875335177103132	1.7078135431765635	-1.5830566009711624	0.28181127721066396	1.2902681423336673	-0.13287840758283284	-0.02968968137652001	0.3693674324727696	1.6886741817192987	-0.059745476798967675	-0.4124528496214579	0.0013321038248887134	0.49064492693732625	0.18773987364333375	-1.0885115397372551
DTXSID7024299	17.676613125330498	1.0359769430045422	-3.729189081571911	3.197349698882894	0.6775374008723759	-1.0312716252768739	2.517921331559105	1.1493624320317886	-1.549685383486053	-3.624042739195809	-3.801511951463579	2.500701599425285	-0.865552760849715	-0.7246256275282097	-0.09610848867353143	-3.7936658660190146	-0.7781042586484	-0.44884254182091654	-1.7078594045132434	-2.4841677327040443	0.2043495891661	-2.7356799450053404	1.9616831556510719	-0.5393115646358105	-1.5753444742407967	2.3371482410547593	-0.7888154229112341	-0.600822615103222	-2.556631312231468	-2.499402216236131	1.5095263927804758	-0.05821360799315517	0.1358569910285671	0.13212956546314603	-0.8329582724500889	-1.0614505398216363	1.2051616603826658	1.5118202774396405	3.8574283827155096	1.2997499486379627	-0.24159316209347537	-0.1707853144720239	2.9941372820319816	-1.53845567134785	-1.3159577263730258	1.6938427472888082	1.4917374782553896	-0.6686826928871086	-1.707902154998179	1.5468649704135884	0.33093467009262995	1.7628389700766667	1.0105878805799826	-0.7032481970632037	2.0454776434435455	-0.11103574534381681	0.08657374443949399	-1.3144735430136403	1.87236970472752	-1.3962722056149566	-0.35545049787599214	1.9347614349109459	0.2952469248382033	0.1702295954709636	-0.16219370910276104	-0.17669313633539938	-0.11643776685100425	-0.47991268948071375	-0.03490975905375886	-2.0507186812256863	0.9066639292175005	0.5917074036469332	-0.17058279878818425	2.1314754426770053	-0.1730603338652284	0.22546015633342997	0.6261434419014558	0.9839201033496959	0.2049138986671197	-0.2637277810708962	0.9092115076647221	-1.273549035320306	1.533410210597527	-0.6186002067254679	0.8409515849529389	0.4903520935897042	0.8577696681464547	0.45072948456155354	-0.643269541813457	-0.1310735925461914	0.8278230609471633	0.3171432614519903	1.040934925141549	0.8054906469581741	0.9220431408905193	0.725396793701055	-0.2060234057772202	1.0440445887170906	-0.1455172332162731	-1.2453516446930726
DTXSID7027041	-4.076362825007208	-12.43032566407867	-11.193058460824275	-8.61380853049036	-6.779038999830231	3.6762378286271744	1.146921503785948	-6.1335425698093005	0.5271194617645459	-2.40264711062356	-0.16912886570476968	-2.195126802294064	-4.920891620867426	-0.6893311589593919	-1.1692047580645724	3.190737316225924	2.730550524624372	2.2790563420356706	1.5302414746041564	0.8653824774777077	-2.732047525418097	1.3584631654676942	2.590663622274148	-2.184575932761078	0.12612084714706473	-0.8317756739069194	-1.3634096080702895	1.379173713057694	-1.2448564327142675	0.22447757707522148	0.37175662540569543	0.9704042889742872	-0.2852264771007897	-0.14647030467524705	-1.0353795112418007	-0.5049859903111353	0.6202461020707962	0.4821386362264164	-1.100065741807311	-0.697624684959099	1.8973813343856736	-0.5109438828022499	0.6886132176860627	2.8093050427211606	-0.3831427944264057	1.8461970227041127	1.0622171434739793	-0.22660405671802508	-0.21653399727909373	0.15295314611681501	0.1898127747592796	-0.6532992505280556	2.1674898778798464	-0.38243587377818716	0.009221299381165993	-0.4802324528925685	-0.2822557377739672	-0.8509763441517163	-0.5157316269210901	-0.09872013715433425	-0.4075172625468888	1.560349682651138	-0.9930676766435774	-0.24050663832587685	-0.6475915592279933	-2.296392693200159	-0.48126055855551886	-0.04820059173457485	-0.07942064357125726	-1.2215475879768305	0.17805025779207076	-0.0497953747912938	0.0857446521600629	0.05451243614315777	1.3494109660243006	0.1469024477541975	-0.15679096362263595	-0.3594194733403278	1.7766942995786055	-1.5640698927367407	0.4460662462671591	0.8888971158572224	0.015032233357740234	-1.1023184204431726	-0.33804359487478786	-1.046215813477312	0.6151615705293209	0.6862275811331602	-0.5039515121183658	-0.7402482561304377	-0.04767284676259229	1.0339568331842297	0.46758403176988117	-1.3661862745516697	1.6821326337607676	1.1104968600394927	-0.3198177199021391	2.0417863175977984	-0.6615729896107633	-0.6186740383458306
DTXSID7029871	3.8242683492238614	4.136260882281658	12.774348364862496	-9.511563351304499	18.46782565472751	1.9061965290667566	1.4769081347583781	0.9137368954309949	1.0711920143554143	-4.827915855732694	5.222910704641072	-0.8438126264643244	0.3253829496831783	1.862259352070232	-3.1964113869877226	1.2263685222709115	2.8030517696649913	-2.484754219546544	2.2498661941862768	3.983061424571291	-1.6611155448238704	-1.3444532460003993	-1.9479988208979884	0.09592312816835684	0.06097284753137898	-1.7653644818341938	0.45369291435422127	-4.939943982745476	-2.3159906856051338	0.03201514083361058	2.349152806922979	-0.9062823071453108	1.3932469373078682	0.31987018392266414	-0.47662700066324826	-0.43010796939772583	0.6883036001107454	-1.5249494281535303	-0.6716685803620467	0.5650874811797568	0.9587250132874602	-3.3783696053680234	-0.7239643317400313	-1.788431195939876	2.7741709776882804	-2.40319730637399	2.0754891307935086	0.3431404846439533	-1.417218726383683	0.7950783929905885	-1.6180153246568854	-0.6836134320406999	-1.1565464937219798	-0.6302526957364897	-0.8513989084597783	-2.998476097760161	-1.2410136021849973	0.5870457340949624	1.3119872075790384	1.0583199601901845	-1.328344918250272	1.536341290874073	2.1327764759130745	0.41637550296592113	-0.5552991429341022	-1.5299314930067445	-1.3270960968298868	-1.3352726263322479	0.4470212006459754	1.2625151541442299	1.0874877246706547	-0.1139731507870749	-1.4778063290302927	0.10952165383531948	-0.37325948231795714	-0.4442987769223001	-0.11801991956227259	-0.25009549406842596	-1.257985028582089	0.23523215690701013	0.2259573254763949	-1.0051903724605928	0.562004736319523	-2.9656997529354356	-0.08025950133447647	-0.812832095298346	0.40419026432087723	-0.7976696232672804	-0.8765529718412763	1.0159143846370569	-0.2749820281511887	-0.08308660476663016	0.1520808367262699	-1.1299378037126202	0.2469128091778795	0.35397996238672136	-0.21608691820632417	-1.059493557282819	-0.08447212617904029	1.26338797663681
DTXSID7029879	24.526890271647908	-1.7281887186012617	5.549204773063188	4.465901324661367	3.4610739862881177	5.070763111338979	-7.324806414477191	0.09703004282868852	-1.9429628250219524	-1.0389969104377836	2.185876031914587	0.874901499845044	1.1074328391975816	-2.7178538674255197	-0.7049047360900652	0.2664504832330641	-1.6469841161589198	1.4527788381108648	-1.099078257926107	-1.3450461645160592	-0.8197666402576543	0.796506221016931	1.4294112234838239	0.44392571366808725	0.6560755626813235	-0.7240577221662912	1.5244378088650765	0.5242066087723565	0.19332305093045246	-1.0131723818781535	-0.18317833877706832	-0.490605948151248	-0.800764081567898	2.0653194292424257	-0.6506399982050931	-0.44164335015345324	-0.41851395115881906	-1.3898547125496137	-0.2935357093547736	-1.8946708208270826	-0.6169738205268019	1.6356725908341319	1.5513892845553263	0.872954188346374	1.0007887275949483	0.017792939044085326	0.8589376798688367	-2.133087701527786	-0.45252392888409987	-0.6434097849489975	0.21445560414828863	-0.5342054828445465	-0.13437067839642758	-0.246146581992208	0.6064904102215815	0.15345108037746677	0.4793643619587344	-1.0877387102790625	-0.20841403945606857	-1.150384975270909	-0.25872950813625406	-1.7100760629056992	0.8021908260117213	0.03160602284415998	-0.3615522163739853	0.8491730193607179	-1.0212583695326338	-0.5736999019657505	0.6195258944933929	0.16047443810501352	-0.9195528292960331	-0.3911412188796025	-1.3787557420041314	0.9813904955896953	-0.04986547520028522	-0.542219466297498	-0.644926210782255	1.0423491711905806	0.9965562011133564	-1.2030593223449992	-0.9993112464980304	0.015030782276248161	-0.7068173267505873	-0.103417842442821	0.9251824041122501	-0.2944062969498833	-0.41169628716767187	0.6581002796605528	0.6877328240202435	0.4721581854324382	-0.32438177316351974	0.8466249565322644	0.11627394520057985	-1.6581464540008748	-0.7264781381399968	1.2970182837849227	0.21235125197889973	-0.5210236614618704	-0.7225705835192745	0.20414964297905747
DTXSID7031458	-19.479148171592062	-1.9965591395410458	3.733047411299823	11.65431172572997	-1.3003424714851475	2.171809794475114	-0.46844020043121315	0.48102662553283526	0.3998678583644008	-0.9259765322109659	-4.681525070063105	4.700054300911204	-0.8914727437783787	4.151808013161819	0.45932251797916945	-1.1113497436514588	-1.7665646275700597	-1.0380584252936877	2.031779381256756	1.239678514331417	2.5633592351716414	-1.7130562764621213	5.364624321917636	0.8885051426234831	-2.682483995666118	-2.596873364694229	-0.9419703954432387	0.670781665593011	1.0442772022394733	2.274653714462965	-1.4035174705208355	1.4684239291347307	1.0502882511417728	-0.9015058454945236	-1.8113065646705149	-0.9291164703794238	-0.7591570280832776	0.778679618858473	-0.5633922323294022	-1.9474170177819359	-1.8330130976725711	0.0084308926905971	-0.0923379568487687	-1.6687909660351006	-0.3900920310094477	0.07517040230643615	0.4382182398094859	-2.0470839129272935	0.9089393887942235	1.6259872740263974	-0.4514397878746982	0.2690149828388337	0.7233889258356024	2.014895712953759	-1.2562148320692204	-0.9260255253997693	-1.9633272022419999	-0.034492091786392745	-0.7628981820730412	-0.1904804854403577	-1.190849024803857	0.6392991628821733	-0.08350106644319931	1.9623178476348686	1.811803205367987	2.193499749113562	-0.1473929590597581	0.3599796341705755	0.07793486085638728	1.3984408726859607	0.4004255339086385	1.5026381765341186	-0.3940016018119735	-0.24427346741205047	0.48230316392098477	1.2833764605572424	-0.8925202048736429	-0.5584649682200459	-0.9847647748218966	-0.0261401045973079	0.18836529782500597	-1.0576057467441595	-0.08912343046571816	-1.0014396546178932	1.633802250911874	-1.0583445503808016	0.012479662366563608	-0.29749744897430014	0.2804187664633558	-1.0434035395934476	0.8451962537909512	0.36747058185198717	-0.7011252689962213	-1.3380545841423366	-0.29211183186539846	-0.8158627232413607	-0.42576497369331845	-0.018463894907581446	0.8387663331156961	0.19404623981487806
DTXSID7032553	13.66000035501585	12.023482110721137	-4.43084926963212	1.3112718240030135	8.341173894829401	-6.62556533830009	-5.722585324933315	-1.4409529339869556	3.3580820164801435	5.109312040160308	-3.9174084166291774	-4.81923401773038	-1.1250128764395435	0.6864843771618536	1.2917470191769467	-1.808321035153849	1.3911653462038904	-1.5214593660330316	2.280141019201495	0.4474425288572816	2.53971099891441	0.6280736523228193	-0.8645120957419761	2.6923608510073116	0.41976632766453625	-0.6475032033706994	-0.3944157598799654	-0.07893385184607343	-0.6497365091513875	1.7414263082418608	1.025449851834952	0.19108786046594878	-0.922977090280143	2.1912926761544256	-0.9524084841156623	-0.2992330366079632	-0.8097044518038032	-1.5176915030532792	-1.3537966261079635	0.33582243869017075	-0.16535444353138987	-1.827949740331245	-1.354964455032504	0.864561462935536	-1.022562085115943	0.7493024789389712	-1.7567688015311624	-2.5815655340721624	-1.001883647757464	-0.010544940887032152	-2.4683909468769896	0.6474203235466595	1.111196470432135	-1.0003058683730286	-1.2135713857581485	0.421845355818855	0.23627136163808152	0.3201659508965334	0.026762607025917127	-0.3759937667175847	0.6081390794013289	0.6714769420109731	1.2569056596630857	0.9028802816611344	-1.544938405545383	-1.2986070567852597	-1.0226895188104084	0.49592080501332103	1.3961038732508653	-0.8473547976458329	0.21515264263507786	0.9703096625019638	0.3393758032786281	-0.6367918372568776	0.45949053372692455	-0.4223933945551339	1.3840543677210353	-0.13640312605661925	0.12302518307372547	-1.02078757942133	-0.19655160697257937	-0.46030833098867563	0.8513719685321329	2.2312288385867225	1.34105930463142	-0.25058823779607853	-0.7233790845348933	-0.49971039032193737	-0.6605483816313822	-0.39383303976323153	1.1056837431202642	1.509167681851293	-0.5199159554250252	-1.0532072374389287	-0.9100779159170886	0.7877188614323498	-0.6169726534552933	-0.40656736636569385	0.36646331686953076	0.7261354078338141
DTXSID7032470	0.1912751033211054	-9.165786549500279	-18.693986205756314	-4.320145685001968	1.6919630952590685	2.2276429464902003	1.3064749066710726	-1.4498815887257546	4.086895583531655	-2.672353694428695	2.431159501154667	4.76912596326997	-1.4081839975275736	-0.9258677612881817	-0.5765857321081365	3.935225393915465	3.663987177245754	2.0227443600929242	-0.6319624730203461	-1.7071499777147878	-0.9667553933627773	0.708062732668712	0.8923756380954437	0.25270017554274554	-1.4749245108613187	-1.9442434592885536	-1.5605907646041113	0.15170919221383167	-0.8731122420180293	-1.9924275682218497	-1.8075188605066104	-0.1376697734982047	1.2914796273572298	-2.0334511778062794	-1.2747175609599146	1.0283191769430466	-1.2485159990639865	1.0458756520228814	-0.12332796740942115	-1.6540886959938315	-1.8378214131984307	-1.2738459365717276	0.4180416287931121	0.24001381323347606	0.1337019840915301	-1.3275867755767778	-0.10860912409256322	0.03974754123911845	-0.8945454027571238	-1.5398346287847637	0.38322062099771387	1.6337015791501472	1.5870074136890284	1.6999907224675148	1.9975702869063368	1.4422730444527767	-0.4797159796906121	0.3916696153986781	-0.9213228445588432	-1.8137347789161973	-1.2114903580685374	-1.2302990640131921	-0.5555738044880986	0.9841543688715739	0.6328075804933052	-1.3295883712619165	-0.21560997039210703	-0.6960524041229162	1.3635446128547792	0.6359332229052601	1.1453791045439425	-1.651968884455967	-0.685243972863582	-0.17085991485489344	0.766473222528892	0.8086938372921526	2.352598882217256	0.11633222658821446	-0.760549546133426	0.6531857152080411	0.1052674909886628	-1.2593554393880442	0.3324885509436282	0.3853415176773172	0.09455433817962798	0.6492689954464667	-0.09239734898852363	1.5072893378394987	0.1798100616650563	0.30020774446549087	0.048848269050032166	0.3236108101832604	1.2598984118825773	-0.5302752155810762	-2.207417419722581	-0.7029376260721549	1.912611465853669	-0.005512926267147068	-0.6964039957384528	0.22624147229704816
DTXSID7032630	-10.548914903486859	4.795127015027827	7.568043759726633	13.784893442390718	-6.876345899004939	5.253103018371405	4.136377110855981	0.42752902809897914	3.441221655055512	-0.07593790928038066	-8.825979811597168	6.051289953882341	2.838294432122164	1.8877651197012035	-3.5823970107353045	2.474263385650027	2.6043238873922805	1.1773938557292953	2.2474903595022644	1.5228329981552944	1.2672665606583076	0.8998275698303899	2.0415899362444097	2.5491317454923226	2.188773113246392	0.7591068463108873	-2.1938591946871266	-7.24110105618491	-0.9570840858640464	-0.36108860882279104	-0.5389293567275774	2.5038696197310166	-0.30459982737189745	-2.17685869212567	0.3405769243699822	-4.949713650632846	-4.121227121129294	-1.29310821148173	-1.0865966810968464	1.766302968631042	0.779190609035189	1.0203551549770753	-0.22477577289122563	-0.28247660195366675	0.32323195327114806	-0.39535739523010194	0.9921575068263241	1.0832492938602318	0.7268185212769736	1.0971909437039813	1.6227295763237701	-0.5252278982282261	0.2818464734195552	-1.0027677176531409	-1.8480031074660814	-0.5651392402562387	1.9256247646528835	1.3937191641419084	-0.32315879384201074	0.3018799367516209	-1.1512913316556703	-1.0739774078124862	-2.0908653472495007	-0.10995463990420067	0.8581213285328008	1.2900583620885901	-1.1943031669194635	-1.313653780564438	-0.7736686662775494	-0.506114261573554	-0.5646809429596693	-1.8136694508588282	0.6481004621247942	-0.31017833006208906	-0.07204898882662496	-0.9317433276547231	0.30442981773389227	1.4551490739753747	0.41660551920659034	0.5881516292441982	0.1649027806323944	0.4005235242126504	-1.300311102202729	1.5051840675156838	0.6850897210138188	-0.13665290536643185	-0.7641557127639989	-0.8015522199773625	-0.019680180829490086	0.26808568057713894	0.22967255879592055	-1.1357854876978037	-0.008356621381976207	0.7077170228553863	-0.46701752479787106	0.18131794064961526	0.2823496605691902	0.08051293051581589	-0.35382595349727924	0.6620933452842876
DTXSID7034624	8.763429743171633	15.895661793081619	-4.165025988633192	2.9052479917046705	11.09732688437143	-1.748407840244934	-0.6310687722433809	-2.435207970847141	-3.910799086316513	6.3220748179316155	-0.7754201903590134	-2.28731063629075	-1.8167096364521425	2.540224405356935	0.04509754337424501	-0.8073991534470849	3.40358482809251	0.823008987533184	1.8831040097007585	1.6367320407979673	-1.1598149518496679	-0.7153764602657326	2.082415306416164	-0.7575488089629109	1.096432270540682	-1.2407579409136245	1.2066929774206998	2.1784826242531423	0.8818873737710688	0.889452602619232	3.097085701890223	1.1651010853037143	0.20691986228252188	0.333390403312799	-1.9717229620493193	-1.7364707389373861	-0.5678868545750416	2.2663369364942274	-0.9548983222694313	-0.25810723129238794	0.24202552110323935	-1.7307490037774569	0.868529356695312	1.0639771978338086	-1.3054859970259176	-0.8832892557965757	-0.8584497754703379	0.563013851848012	-1.389173074419065	0.0892137624446839	0.004622680887748217	0.6071523760604479	-0.27931462437991855	0.09841671580392616	-1.8072688254631224	-0.5617974367928639	1.0340308981373167	-0.6001176728800764	-0.6250726499381833	-0.7438204286458339	1.983997652891172	0.8942057207357429	-0.9863557615291075	-1.002576407408932	-0.2783195653293467	-0.4578645953079201	0.34084106744669135	-0.4320751220262547	0.24344154862132453	1.5210271698818756	-0.2782382536510856	-1.4962163181912458	1.0995907312119932	0.5350059477442357	0.48461312421096425	0.2558683555320149	-0.5957655282745471	-0.9025950730230392	0.9766717612168239	0.46066236974100183	0.9387096501493557	0.5098786667338443	-0.032044146513607756	0.0684774069895256	0.5549508309566803	0.8247998823598109	-0.07086921354600968	-0.9232359356465039	0.5825114695612561	-2.168375764571796	1.2142376161707056	-2.285614366063654	-0.02377704926659246	-0.5119021739251255	0.5287798821401231	-0.46211801623334	-0.1706665952644085	0.33450166972067696	0.17319774369947535	-1.5203414291323605
DTXSID7034545	16.561500357140787	7.540280201373195	1.9807702472792834	-7.031976084746187	-0.6851151369888927	1.4197012259343353	-2.064094737400909	0.23069678326512	-0.9578627632401596	-1.1709639942773022	0.9738932901517301	-0.31940630430986333	2.9367812289499233	-0.4466475603426844	0.3203250300309061	-3.067176062364383	-2.960129872355718	1.984543037028736	-1.1641647126768984	-3.1992816357630725	0.5105549245423652	1.782789107292347	1.5542239346019069	1.1788253891621705	0.9523038704423652	-0.4019191717458933	-3.827402663584804	0.07632557636004883	0.29532554582985726	-1.7694038716344824	-1.6959251539724391	2.728126205529074	-0.7605315623187981	0.17085938152755886	-0.8973251104173612	-1.7571399388210005	-0.9699771527763535	-0.42196359176420745	1.8429811098144144	-0.21553242703917383	-0.724757665079267	-1.0550502085748525	0.600472195293879	-1.4162359598044847	0.06005756597322804	-1.238713490522737	-0.19446274328939478	0.23320808533304513	-0.08742711011708001	0.0057270579467653335	1.309957168591155	-0.19229821789938706	-1.3031794560584216	-0.4314444489855441	0.9696828060798943	-0.19487969501694768	0.23143404223436115	0.6315060527452829	-1.0244808132344985	-1.8142797382772309	-0.2704901203852776	-0.35749372929759843	0.1672960081988953	-0.33037992840639413	2.083125547324143	0.7055646112045434	-2.4133362359484014	-0.49773796513178836	0.028562562368696986	-0.8183595690387842	0.5045839340057795	-0.3184031576204177	-0.41427727699347444	-1.4656163510522457	1.7288294833426097	-0.6082252932010462	-1.4172502746066904	-0.9070376183724398	-0.7038843955141002	0.550138792665722	1.5097577738019439	1.1952259533165484	-0.6474447136596363	-0.8125702340988074	-0.24719617218638004	0.4155451525623612	0.6658366658591389	-0.04441432224845245	0.19707306913040806	-2.1353121291626813	1.07688199733939	1.0869120772677119	-1.2471490151994136	-0.9652863964986191	-0.6028808570716826	0.7263095693130358	-0.1921369850396626	-0.7030167098700215	-0.8183115690744368	-0.57894640478924
DTXSID7034961	-3.9310106519470125	7.504971905887368	-6.9318573843754745	5.629222749291601	0.12972564138174697	3.365826766736723	6.008388315159332	-1.3906277950487733	-0.5795646280140874	-4.825677872967347	-6.227223662747715	1.795468491647903	1.4892355461070892	2.6655578385776506	-1.4042862502838092	2.437684591636632	3.9203874073386293	-5.905977211384032	1.026417114002487	-1.230807818053788	-1.7713273194621302	0.6582352428675544	0.3848030863947953	-1.5015714292531614	-1.5718767029781893	3.578711420212585	-0.031141246500307165	2.4615694878841383	2.475884267327908	-0.9050249171921765	-1.9165242975290133	-2.137760025778073	0.4828208805859602	1.3409958266236368	2.5245729945559443	2.665409465886988	-1.0509106452381813	1.96543574936711	-2.006468368508872	2.5132087653518242	-4.912512492766883	1.8959458956260216	-1.9724215242089262	2.1135571431376947	-0.33274655207806386	0.4606791796153862	1.1350696036923997	0.41166905641321716	-0.34698203512603576	1.0445196688021934	1.756723690727933	0.5854438026337188	-0.24164996294714236	-0.1713932809979245	0.3428800707936104	-0.2673391763347363	0.6921088443571378	-0.3669979796954485	-0.11608834041755413	-1.3665147777101123	-1.4129570913641776	0.812902188417835	-0.11357206255785794	-0.8236479806732078	0.10033264051871431	-0.2612666746358012	-3.057031694112192	1.9166235679978314	0.8787653918636376	0.30758246674844875	1.2482624495367698	0.9597070970396834	0.7840741206347093	0.8026376166394579	-0.056646700993932035	-0.6911220911833285	1.2764233709126271	2.2218220979144583	-1.9418122986366066	-0.4315717788290313	-0.649456758198155	0.8211812597613971	-0.183280031831417	-0.532395214822238	-0.3578989799122113	1.2366331660893222	-0.11720566100465286	1.3147924651496996	0.024156582656546403	-0.46338407881611954	-0.878486527883917	-0.10410739225446314	1.6490990267398855	0.545648847642901	1.2596647585822915	0.7300536345520825	2.058674118645036	-2.468658217218808	1.2539890091782642	0.3303509775476505
DTXSID7041097	12.437792979911544	11.305863508369068	-0.7204948529980307	-4.672890232880872	3.111696029927038	1.7241312162451874	1.2547698740953441	2.8148750538192893	-0.7038821725151051	-0.8866506839703204	0.4029498551782613	-4.8164981966777605	1.799585090060018	1.8627486685082555	2.2719858832475754	-0.9761708780949463	0.6207548274698838	2.7831845806092623	-2.4342720584626525	-0.18014753349924295	-2.956023883551595	-3.143244045397193	1.0445345157517942	1.5878784815589944	-2.2902621681049906	-3.1526199113669318	-2.2716859911220784	0.3305932059904017	1.303829942517695	-1.8965273003491832	2.256108990557966	0.24889176428847443	0.9563095716695987	-1.7251046974973843	-1.1520472274992815	-1.1709071753749885	-1.569964736756992	0.2601533580662702	1.9004780924097353	-0.9952038536507785	0.04679041357131932	-0.27022926201857933	1.6801297051946507	1.636820050744664	-0.5109921734828472	1.471301476623448	-1.0272636745591501	-1.2248580272967993	0.9134153466748723	0.024629920780082436	-0.09991556899715508	-0.038133521575737295	-0.040708114345997096	-0.9804423396633316	-0.6122972783527987	-0.717723425896717	0.6290370985480923	0.484668823426766	-0.8482227750866874	-1.184780584007716	-0.40862807590050165	-1.3537455199648154	1.1968128243778504	0.17452130057144882	-0.3843723288985547	-0.06553149427184107	-0.6966189130915563	-0.35731021057089346	0.24757942816472042	0.43370090056984534	0.0007413695913012168	-0.217872347139512	-0.7675909265860422	1.6700229431425722	-1.193953323676664	-0.626826834843515	1.107365979244759	0.0012042928602284107	0.13788592412814107	-0.29279980885483936	-0.02573254119206673	0.7682698889284676	0.05111521582209253	0.12154406362090091	-0.7455029685106016	0.8888701845252379	0.8640336207712678	0.6885089551553296	0.8869428940628836	-0.22001975436128235	0.5309412785569911	0.3042778234116362	-2.0916523114675836	-1.0303269486063042	1.714786222489408	0.24194274052599027	-1.3659402270521164	0.4689780838124545	-1.0643729763595204	-0.14206840806824467
DTXSID7041629	15.164618832665228	7.869541017872383	4.5164595156094265	-9.902156799893287	4.486501960556683	-1.2149522218385536	-3.1357072567416475	6.221647700484493	1.9185769823867675	-2.0985631613715805	4.384011291786499	-2.1450978524554483	2.979009733837126	0.7971300023437315	-2.2280210026236675	-3.1037718134160075	1.2526518753200797	-0.9699357769906625	1.1976193242333673	4.188550323784602	1.2339790519100253	3.009369503012582	0.44020143961176966	2.7349625952495953	-2.1512072947710372	-3.0751391989909775	-2.0066434950464043	-0.36499290035170795	1.2739341609849888	0.4368801428112485	-0.6733487852549749	2.3597006110999517	-2.1627244937250105	-0.49513714871101283	1.2021499052098206	0.27874846085290506	0.9513117662087596	-1.7650488842750758	-0.45478067866665023	-0.5027608998127658	-1.9102227199405926	-1.538918755738983	-0.567387682733382	-1.350525431726659	-0.8269307477044465	-0.2496362028312252	2.029039297808155	-0.5975564734463489	0.301896272063211	2.060041469222301	-0.19399816846410572	-0.7738101226460139	0.06162489315179852	-0.20022909843480124	0.44046008845575313	-0.7619721892223363	-0.3192984040425775	2.7576565603460104	2.136547992849149	0.37385106794725914	0.44529832952776255	-0.5364142078256973	-0.7868645665091283	-2.6633691731628515	-2.4243885364952504	-1.5220760068888346	0.40262062639437196	0.12993209549478713	-0.02644021160201292	1.3937941791929331	-0.2533973196863812	0.6786771280214294	0.1835541549757112	0.4608670840787177	-0.516553377347552	-0.1407774991921768	-0.7612268004676261	0.5816330567479556	-1.4263524933908525	-0.23743965874983297	-0.08460736774466497	1.743394145206795	-0.29886191130385675	-1.0293127304454819	-1.450009891047782	0.22631050116440693	-0.14921498198454863	0.9523579357035833	-0.2963601588699847	0.19436201281059934	1.395874317683152	0.020016229165465717	-1.834944529507911	0.6762352330746013	-0.8264042182510877	-0.5787696598362178	0.32786655955878485	0.6614387491303726	-0.45227991366709314	-0.12597699196111323
DTXSID7042190	-5.1768354106160075	-19.34703697930116	-11.17300669647716	-6.554295087603805	4.338084763172639	2.3851894982080744	-1.0522636482856673	-3.972054100296945	3.7386538060261714	0.3687016565339849	-2.79632158527211	-1.3269190699758935	-0.6742640980360356	0.6400198033178432	-1.6475823979797668	-2.8177717106051663	2.600715310403012	2.808722194994583	-0.36315240318341924	0.888261392548633	-1.3249511000476843	-0.2246444476094499	1.4449278753478514	0.62510248939075	1.8353408309214205	0.06415529919479719	-1.1045501265769428	0.6522488243094303	-0.6027720955199338	2.3594651874633756	-0.5412382447775037	-0.8159243024395373	0.22941114006944827	-2.1315618176836537	1.787297041339002	1.3665376222999288	1.905661540386573	-2.56124469054271	1.7802730644600238	-2.5318185186669577	-0.4609289177931824	0.35711472717699283	1.291995265270433	1.0816699093117583	0.13232514669368992	-0.41305446598237705	-0.4469883362012544	-0.7322680972236307	0.164954564610615	0.9556986494919368	0.03892281128025093	-0.6152908315697005	0.2614575865817102	-0.5319226741711002	1.69285258736746	1.0195206784868909	1.50964073138518	0.22648532333146248	1.1261172473777012	0.49373720704465734	-1.3169384940173503	0.25198474752389216	-0.44746313628103096	-0.18075380061104912	-0.05691837154126451	1.8756167627843805	-1.6114026860369979	0.6850194390514652	-0.262894418536063	0.22657843490563762	0.37410975678536584	0.25935986079791606	-0.4858790470978888	0.653287393814087	-0.6471909532239423	0.07262263229516737	0.3241121760879239	-1.0450608913271868	1.2294098369264979	0.8966316977255502	0.6916137355449585	0.2567268835544044	-0.2208546708802838	0.3731112587789447	0.6800302590288047	-0.25508343923055177	0.42459633273160763	-1.431749758730234	-0.9102660026156801	-0.7072900786057378	0.1851481833086213	-0.36060180719972085	0.14156431739231976	1.3285053720504423	-1.7567283994939051	0.6050374892953745	0.2742717916069463	-0.028764294898692765	0.2591419302046984	0.9553574659885079
DTXSID7042356	-15.39955278817941	0.9711170937442919	16.84896058437154	-4.15384707393657	8.540633498945155	0.8244167340153961	2.4301206137330595	2.711131551285696	2.976911378066321	1.0459620858457614	0.6035325224980379	0.5432320870250075	-2.54452607665581	-0.2947020785775682	0.9073702508723641	-0.8509502413455451	1.615823344847828	-1.3058444937260643	-2.2636714827513167	-2.7764016767662545	0.4751286261834287	-2.1489785922276825	2.0306788180047	-1.307989704118087	0.4011729020294642	-0.6007633199530852	-0.01626405175800424	-1.7329635743615701	0.4251959836104538	1.0110389733450422	-1.4788338962987004	0.5826716795836422	-1.220683397778721	1.4457192941267012	-0.056270288362501364	-1.1913112679032807	-0.4325834606396692	0.9326353468745726	0.07426512116703027	-0.9118522311616929	-0.78927830636867	0.9423378428367297	-1.4216125420694885	0.8867139247286601	-1.004621988102665	-1.2276932737531618	-0.5367962591609522	-0.3594613096889532	1.6813874801158735	-0.005794909166154653	-0.013946162900007506	1.1956259810195797	-2.0239846161584323	-1.5566231754830817	0.07563522898723221	-1.4173817807080509	-0.9998913386883347	-0.12274331194907136	-1.3157629067266046	0.2964475882746062	-1.1666441603598012	0.3787551808498723	1.3489910287465448	-1.4186361944166723	0.34802130147623833	-0.5458218441221296	-0.16999640963749327	-1.229332319689687	1.0220164572144177	-0.36670922374278353	1.2395267203596436	0.2733275321182713	-0.8796496762073975	-0.5952150976935231	0.5215799250957964	-1.807441142781407	-0.8080237694741254	0.3420438881341287	-0.12076302428838817	-1.2781934607395022	0.7197864998532887	0.6400423826207544	1.1806273258186617	-0.4787260384309798	0.9474267287419113	-0.24038696885164693	-0.1304652755692296	-0.7576905624663464	-0.4435650966773605	0.2857715709830876	-0.576157543271602	-1.1575805116962412	-0.37073280198649555	2.4513995931653545	0.9342455438233089	1.1483794328758519	-1.0947581793303232	-0.4371033084046304	-2.424516856733938	-0.009222053097171248
DTXSID7044718	20.45416725920608	5.372097740132462	1.2540808178912315	0.2804070056689678	-1.967953950211748	-0.4252701961652022	-6.859747810406833	1.381028626894442	2.0208128953443576	0.6516764726276475	-3.552969081924928	1.9956074769838954	0.43627342359932264	-0.14139830037091317	1.3238219901452406	-1.6729448789189432	-1.016703775204919	-1.0387336693215183	-2.265582645279113	1.2318300827243973	1.065782273493159	2.722169540742484	-0.12513642021917665	-0.843203063821094	-0.08686967732847752	1.3969527212111064	-1.1592438527101798	1.2964816467124087	1.1784249501896331	-0.6503705198838641	0.12819335911227833	-0.47279012625601124	-0.19759516255479984	-1.4405642714714375	2.720826125022588	1.1457740443122473	0.8043236289865623	1.0532150756373584	1.2597679406574465	-1.4139741714732732	1.019728837321726	0.041057070372485564	-0.5995945232146225	-2.3728634408948963	-0.18252480965172335	1.331063145992863	-1.1232504982740008	-0.8510417825397967	-0.3678918692164824	-0.06778033029134259	1.569991807703835	-0.5694868931430794	-0.3346918059389303	0.8578951513753259	-1.4254133046295285	-1.8769892778422417	-1.2648392899578085	-1.0885192321728554	0.9296613789900938	-0.3767696901725676	0.8252994173027899	2.097368965659605	-1.3953474654431999	-0.42610635615056247	-0.2972092830883493	-0.9181327316012187	2.1710285555848774	-0.8284115025864738	-0.7804004522146549	-1.8558825117874544	-0.21180055842350276	-0.9326213199473976	-0.2836290547717919	-0.025601220393558496	0.6461967244731708	0.3169019389585219	0.14888406549348226	0.6711771986780607	-0.9604747283008808	-0.5677788069383997	-0.8051675911857963	0.245104160945231	-0.5320171513497323	-0.49550535207734075	-0.4678073443847734	0.6843081484694212	-1.050805083691004	0.39190189858283436	-0.12180680409025998	-0.5556394810965707	-0.8677533930745963	-0.3346778536212857	-1.770781580213764	-0.9176539663884179	0.6160862090314153	-1.2806451492953004	0.7136510247236156	0.15140190087590305	-0.04785167879020325	1.408223105334749
DTXSID7047358	23.92995769745898	0.5448435459533221	2.0519928722075726	4.478338325890352	-0.12404599540142887	0.3457428759929165	-6.843538055311768	3.5507864168798795	-2.220882141750876	1.0892504217546946	0.7208663358677698	1.21415769796879	-1.5826676942863256	-3.0419403482276284	1.9528831165135165	-1.317130304471897	-1.3778163293699608	0.4771776077278844	-0.6402075941031998	-0.686164922492972	0.9371534430451439	1.6483369771189047	-1.918453602120988	0.19832925575142152	0.8234212393736172	1.9224027424141767	1.6888190015429245	-0.3215295876596547	-0.331594649838837	-0.704692327274128	0.3298506331777744	-1.672664502334333	0.5499657176673713	0.8740244157302371	-1.4635010070720016	-1.2818448222634289	0.0772457291825059	0.3446220986481208	-1.6877584775816088	-0.7771118741405486	-0.46797354335432795	2.2189446698091464	-0.8750083912642742	-0.08694568602156062	1.6444973319091853	0.7519744079858081	-0.017819078463519867	-0.8341856724064282	-0.559994263941696	0.8315288125658676	2.3461845885491344	-1.1480625785833554	-0.23569846337867084	-0.4906426124058199	0.6350508752877302	-0.9911380262294947	0.7582340153123271	-0.5455349578963217	1.4856382307964289	-0.19353998270393127	0.46187209095972026	0.44383640619673026	-1.0824878647191427	-0.6569459779832344	-1.1995562481463926	-0.2528679076931166	-0.4563016426719348	-0.35567185356131886	0.45803387710813337	0.5818953212157283	0.6024455073812214	-0.46653579488109376	0.7023417283211807	0.2766467851621104	-0.6934571612087628	-0.7044532744276817	1.2184873168380563	-0.43792821066207716	-0.042443713483252175	-0.3386395974372837	0.10506874138705324	-0.4317218603713621	-0.8015453149477035	0.6646036429353731	1.2874122202972562	0.8381033826371053	-1.0986293785579415	0.20687922077435697	-0.6879032988819596	-0.2451268998645971	-0.49682034609907966	0.01738937371326182	-0.11720571394019305	0.4243939587261629	-0.7686812174065659	1.1341923236536002	1.0376181792000405	-0.33301158310862516	1.2497094478698008	0.769672260097513
DTXSID7047433	15.113766450460666	-19.7993874324359	7.124695665275839	10.772315076234385	-3.8411625670254663	-5.750213304739154	4.0586761289132065	0.3880421864279708	-1.7040555678466005	1.6330438537465777	2.216301051057637	-0.09215724915196723	0.06733875803976994	2.6792305249543977	-1.1069205393565107	2.563956613736319	0.2010554747512486	-0.09713537214619715	-0.3399675704730134	2.6426590621245007	-0.2835717296220489	-0.14515872572581137	-0.48109483139979453	-1.639302941189207	0.4568569534556839	-0.30396981518748406	-0.7465824986053525	2.65100153502061	1.0775001309890468	2.485687406407406	-0.047413530933914004	-0.26331168659530674	0.5352197790171073	-0.650711972511054	0.6554077617607156	2.0239266672975775	-2.733626158356827	0.02847080584129687	-0.08368737532342724	0.935246547938915	2.007949649340389	0.8153485716852725	0.5329285749644873	-0.8200412726776084	-0.545410815861714	-0.9043458513538728	0.9457197859179264	-0.07769653691157852	-1.1215934292234582	-0.3044091726391729	-0.36427777486812535	1.0791993156372262	-0.3861649191534121	-0.13935816368739445	-0.4942274925481372	0.41555074413847626	-0.33489674629483385	-0.20483294255490603	1.1379133129511136	-1.1779165449885078	-1.52374045788443	-0.09124671139819875	-0.24257893279047046	0.4040130857079229	1.2330106997486916	-1.2093693392964813	1.1003529239009833	0.601713293541501	0.3267232502992219	-0.0887125168650809	-0.9571046224193174	0.007718631409454557	-0.09188345250659834	0.9178248159667045	2.3939161313371087	0.0943366540364504	-0.6374001618615996	-0.054870670927701815	0.30730473297342786	0.33522595667243066	0.40741106159588697	-1.5921073498117424	0.5610168439782872	-0.8381356225926151	0.0053018188276609925	-1.7620639533475688	-0.12571215234108063	0.033570476447080506	0.550978647607621	1.8861757929019247	0.6934149661783316	-0.5372613963038444	0.18999059091322226	0.07643718356744364	0.21526898877506775	1.7726953140818125	0.7429084146295801	0.3046504674514407	-1.7100207163430052	-1.5666457805366536
DTXSID7051557	-24.266999206840687	-1.3823472526055172	4.405812125323281	4.851356840022429	0.7198473806471836	1.8712688633825993	-5.10817776307278	3.645024464808089	-2.629956809305468	-1.7640956983442246	1.0136490063374777	-0.23379299476266302	-1.4758502735232117	-1.0281545716864133	1.7409737221346002	0.29029222835033036	-1.52368175597738	1.6667182407336858	1.9641333882620913	0.40231402289966034	-0.15382687309721357	-1.5985831896087288	0.309295327967858	-0.5677782517359282	-0.19697141663370854	-0.23865245217948536	-0.13369029865772372	-0.9712971348149739	0.053721227985013026	-1.6066309121378444	-1.438919100924355	-0.39558443258887904	0.4481374700802393	0.1623403873514885	1.0906819710160038	1.5505893523899315	0.6650113556089418	-0.5260042228694277	-0.34603861487732596	-0.06007087885873689	-0.6966763961565793	-0.4057697019526381	-0.46131313320916684	-0.3863448322296028	-0.928274543659747	-0.6793307658471835	-0.6122297173947686	0.9008140618571029	-0.021852818140564008	-0.48754804049681855	0.6053778980430833	0.16823633993349058	-0.2431602259532133	-0.5956254582440529	-1.2595650863873429	-1.0103319714474326	-0.3769353515876308	0.6256081064513553	-0.7567863814950567	0.7929680517089428	-0.4546943709488003	-0.16918108434071363	-0.34269000777864533	-0.8076843761555438	-0.2521395474671844	-0.02973612042967976	0.3548209067293321	0.28622761701865346	0.5686678321794261	-1.0580233799699656	-0.13276314687955565	0.607966029826638	-0.28869516234646886	0.818083080569827	-0.2162591359434331	-0.04108126619656745	-0.675616897247131	0.517683389186748	0.4694999427737049	-1.0905012491003803	-0.30273652496887693	0.4420506286956815	0.683614310855116	-0.11864228057711314	-0.3013676883272791	0.5479974760843369	0.3569009179172484	-0.12858908130896102	-0.1078368838335736	0.4908526775156486	-0.42795065304869523	1.0727788317185114	0.35784766714694394	-1.4214703434483924	0.7219479536787056	-0.0720714288475692	-0.3256004007721234	0.8354419280364673	-0.986261249051752	-0.902297362125156
DTXSID7052571	-8.01788790861345	9.616029610946896	2.4002160347747763	-2.0439380221241317	1.70167239719442	-8.84090959570527	7.124830437493048	2.085031469190245	-4.642650911969355	-2.2360601166979928	-1.476443024991365	1.3850877519874467	2.517182418711414	-2.2767686238841716	-1.2233971606395149	-2.919868249160353	0.6744565897199939	5.10328251849123	-0.6867491846801053	-1.5003245570221095	-1.5935521858442572	-1.029201709441271	-0.48152880274573173	0.3230298685493717	0.6065176758767974	-0.6998602907846975	0.24748090077756404	-0.7022390763640652	-1.774611978515786	1.4824771327032455	0.5420313030638249	-1.5659779096982058	0.4699995606905541	-0.21047140050211594	-2.448321894540071	-1.3328675402770354	-1.8172421543274409	-0.1275031117598947	-4.4092548721754925	-1.969901045759325	0.631049036148243	0.943690549322456	2.3516890941271447	2.6846108319324085	0.3642831048651547	-0.43914564990942645	-2.138970954855444	-0.9921531728371143	0.7197797598321661	1.1004581029730929	-0.5384618194297376	0.6305633140840312	-0.8160466142790257	1.6526861709600493	-1.1625785809617453	-0.6176338925956032	-0.31743645101667106	0.22865779608936426	-0.3980115122265121	-3.0746091298011127	0.2982031932727215	-0.8239123626166664	0.6187029386205226	-0.6069687844560507	0.9775994680898906	-1.3249894451149395	-0.18402082694878538	1.1094472679708263	1.1294376356254112	0.9713502425947038	-1.3160781111351423	0.1257221117189223	0.8363353445867866	0.7096401445975692	0.7701037908434214	-0.7797174890831625	1.5001010345245103	-0.5842113285734327	-1.8420120723386113	1.0305309719073645	0.3553411982844101	0.1842536987565873	-0.3964437365138096	-2.0389183734632566	1.4001409458668215	0.834096179778818	-0.30040475328242394	-2.104126106397572	-0.5621344150123195	-0.8757083365892142	0.13892745233424578	-0.5220810053456766	-0.3636770001005195	2.0281816884362107	0.7677037164266544	-0.21875764992710334	0.7050892112197698	-0.8192289406476083	0.30267176329484885	-0.1781525207465986
DTXSID8020337	22.258279420813054	3.7282368149373113	1.619859443531811	-2.636780926280386	-1.0969487129506692	0.7554571906888831	-8.509266753767472	-0.022797287290165443	-2.1916734006870078	0.2444621274620348	-0.14000185644858001	2.405397743967339	-0.8031891288481273	-2.006120907937328	0.17597038752637684	-0.47873331082542914	0.0748784573129922	-1.51520786046783	-1.809834739269747	-1.3634435795131312	0.8578204032472841	-1.0917942141683907	-2.8099815654501787	-2.327501497094945	1.1738612259533354	-3.01660994664415	-2.098414982680522	-1.0689781754303027	-3.05044859697845	0.7548180216375036	-0.452704505399736	-0.3254599565536006	1.1743971952826642	2.4344823719654523	-0.9843415539978335	2.0025331481509565	0.1825336838859003	-1.4889680550275917	2.1982065602923444	-0.021133864947838123	1.0262061805967695	0.47513810707962373	1.431635858994885	0.225517270230039	-0.7840559817811636	0.506817355089103	0.43681470880357	0.4742475533124574	-1.2778832445047696	0.39486635085042593	1.2408938642636946	0.033114655779387374	0.12738819961321057	-0.8217443525552718	0.5516553321759466	-1.8393363847991413	0.1980385954621826	0.7863768151219747	0.21969992809376376	-1.54986194638673	-0.24519991212403688	-1.1642720108613405	-0.1719396342933708	0.8333309151695052	-1.352023433587902	1.5497653859774583	-0.7881484606466894	-0.25152754835572283	-0.9389202976974367	-0.5802346110338568	-0.23893905836598733	-1.1348997675667636	1.325806137885209	0.8227734953873661	-0.7339870928133381	-0.037346912038649274	0.5998183273675032	-0.32205659922994556	0.2564605219238466	0.1897928116519628	-0.8707425173598362	0.19141343357913823	0.6661115039993766	-0.14397903189467887	-0.8372907595049219	0.2439810506036433	-1.1952640450925345	0.23222713392745895	0.8664031924480508	-0.29939643803699106	-2.5810682619008025	-0.030450614620383305	-0.21890336247334982	-0.45760147992972383	0.5656225283247307	-0.4478848685488937	-1.1155692414347345	0.02310593167828955	-0.47198971735880363	-0.4139479934894468
DTXSID8020541	6.325927842827777	5.951042291160647	-0.8773905141780749	-6.362188380665932	-2.954480845247865	-3.488785601644846	4.63465558055495	7.333221645650795	0.22202885684062015	-5.81966354667234	-0.9171571216464753	3.849507084985494	0.00607450169942873	-1.8023425177518626	0.44372299539004106	-5.137277390279092	3.620781373180748	0.14123188586380786	-2.471762393262118	1.1993434338921825	-4.74858438624938	-5.674472963632572	-2.1106193681732135	-0.7966639685315302	-2.4664300435441966	-2.178223390580488	2.2581327526934523	2.9253234314657792	-0.6850411646180374	-0.2902075762722302	-2.1137179222292994	2.41028530954784	0.6719687191944471	0.9636632369332183	2.2999701857892907	-2.619151677880054	-3.478117230877996	-0.7148594768965391	-1.020891376425321	0.5172543609590348	0.3301260927390703	0.8546105779864568	-0.7150328201486074	-2.8477982309184835	-1.3060793978134502	0.8804012965015067	-0.23429336338048687	1.6812598935904908	0.4390916490733178	0.35556260273225826	-0.4487622522595504	-2.8591748490221987	2.4947153172644936	-0.4645555878423627	-0.6125040119769781	0.9297634706199951	-0.8517306737747499	-1.9830839332766041	3.3414525986906343	-0.7882276002878896	-0.6793924754569269	0.3279804003716969	-0.9054153313312006	-0.1872860275043084	-0.8055847392724386	2.189843488256933	-0.8307555014162439	-2.963388510157583	2.4691509339645634	0.9257965991840875	-1.9827665633271176	0.36896304699117033	0.13036202133855349	-0.9269535194951046	0.2998903267459983	0.6640757872253396	0.8208118288878082	1.463639576345263	0.7208301719154384	-0.0044623737413493104	0.5278490682997887	-0.7254110952835008	0.6299921015960158	0.5169388238547592	0.06948656738948104	0.6373935454484636	-0.18145673000859316	-1.3090428174932165	0.21416487722841293	0.6434493983598668	0.7391247990152967	1.055831578744086	0.7571577559683988	-1.4824903359054489	-0.20328864202827895	-0.497259493073364	-0.19561613751907814	0.8133481240516645	0.12182354010901361	1.0414394638011168
DTXSID8021301	22.90435620434316	1.556932627132654	4.266767268884461	-3.006413128631027	-2.099503705383835	1.1222091448391756	-7.42139423950236	0.1084682996510396	-1.9058533449482382	0.19622258688622643	0.5813191707296799	2.232275281169354	-0.6512864094616001	-1.3660490582913165	0.9668029809817561	-0.16460044993576295	-0.17632227276782478	-1.437937889146628	0.2190181371785506	0.2903012621363682	1.857083885652361	-1.1865997623242788	-2.079626542113955	-0.8368333283255022	0.16342878920790926	-0.5472539307986687	-0.804446071616336	-1.3636712373919844	-0.5924520288702737	1.3875781795807867	-0.7978603920234768	-2.089787737732454	0.3268011866810751	-0.7653997219041268	-1.9138358461154807	0.4248237390296055	-0.017736063203237742	0.033326816673670615	1.7424446324901788	1.2926066288206548	-0.02515898438375087	-0.44858208210357664	1.3931383476157624	0.6366185734169123	0.27786298150183025	-0.33026237422048565	-0.24762696509111026	-0.6657731691806642	-1.5345753297657998	1.172866707180356	0.8497371617622752	1.5724333065160663	0.1959409980364363	0.8906390322652502	-1.0902770605707013	-1.0738173519094962	-0.2669667886086786	1.161513327639856	0.7181408603468405	-1.2171893098285698	0.008048363935321394	0.6606761483373722	0.9463703594878221	0.7975892482725706	-1.430714878029563	1.774975204632031	-1.277312716875229	-0.7878240076386173	-1.2387224394975076	0.7890310986409993	0.7295645978953869	-0.5902090123896059	-0.33122388786181767	0.32606682843690077	1.244748251288449	-0.19620380906585644	-0.3228589377551834	-0.688680848766174	1.9990916147579454	-0.6057952762098472	0.6549609539678722	-0.25745436404877603	0.42679313870052854	0.5227337162533896	-0.5643978572672277	0.700778342636922	-0.022393603004367747	-1.0194073365552634	0.6391894433454773	-1.645844095056592	-1.0378597893350399	-0.8267831163095206	0.28115782125503386	0.517515171992331	-0.1978377374848651	0.45202328494788485	-0.07532038945733374	-0.09802944193710379	-1.2195462805551889	0.4031537927962139
DTXSID8021771	-14.40487266040417	-3.0741403571307258	3.225852800083789	-5.125438222900145	-8.237790965113955	0.9526802162259678	1.1331217375581777	-5.046874264081577	-4.745234028128966	-1.7850902140398708	-1.5956136229312947	-2.320875399067641	-6.7073868495252835	0.9599684085860215	3.2015213778580742	-0.944719361094677	-0.37601077001221606	-2.5128858090556605	-0.3898431189740965	4.325742841590651	-2.6523474774707214	-0.5061310865961497	-1.1533915476027587	-1.1774699045959942	0.6831392348449457	2.7197229090891293	1.4315600535241149	-0.5290099923564183	2.6466039281140588	-0.28833734948484396	0.05429098404106567	1.603435684897287	-0.04942779008784524	-0.31961238364820804	-2.9559366432112677	-0.3093516336008274	0.4036690778604107	-0.46570971846451126	-0.8409745071716553	-2.328029348013358	0.8965522082241058	2.1998855068800514	2.231750639804426	-0.8735473024579987	2.9053924347491766	-1.150893939225516	1.8936193324924226	-0.7570044113902961	0.8574636495080156	0.4126043081461855	-2.843994249115971	1.4535735857123968	-0.8757159424243527	0.18284344016743104	-0.6540058821174976	0.8181458622550546	0.5324179678189447	0.6589503556674664	-1.695170742287927	-1.1416940650060123	-0.0816649583164911	-1.950565423273738	0.838884389668186	0.16426740900613535	-0.08319308536675672	0.8285762206103939	0.4670023550699688	-0.05015598050498493	-1.3042078842193843	-1.808680323674627	0.5123540549299176	0.8862164364970722	1.5339806026174347	0.9046138226301279	-1.0793788899405483	-1.8175973821971332	-0.6375039205955148	0.6736323709787573	-0.030717164869052606	-0.5758500795564662	0.32994032757198904	0.8561409753251624	-0.40802001890216866	1.446900701742457	0.6358086030963783	1.0370871062707794	-1.7720840021562756	-1.0665250671689994	-0.3075918078640014	-0.9586048404227187	-0.7387689722866777	0.03275644297141317	0.1362662050909792	-0.8905542825247705	-0.8217008511690489	-2.0013488835939013	0.8538714516226428	1.0522156627523327	-1.040123786329848	0.1822304862884957
DTXSID8022325	0.09520993788237624	11.056386702342134	3.790332093213849	-0.49499772302006717	0.5726319811638483	-1.1723789521722738	5.039398668061804	-14.67619204108141	-5.105786908905018	-0.8970980152304663	0.8572930088191869	0.6353251686649072	-0.7851922311472574	0.14805468855506004	0.866785082472994	0.4714046105066907	-0.2700511260822681	-1.8774481984879587	-0.06834198839533358	-2.6357288335713873	-0.9263973960784876	-1.1801741631420553	-4.374143928211119	-3.22197468685599	1.2154848105627039	-1.1941296127800176	-2.9612623386713857	-0.9657625276186343	0.262809612700781	0.21548496972322345	0.6015057511012821	4.420752255526008	-0.4226542771314955	0.9527267387896777	2.51288332218944	-0.38319154053616483	-1.3141647262769527	-0.6168353910647877	-0.3743512952308245	-2.120964305593035	1.6921511045159643	3.0554975067771775	1.8645180764206872	0.9204148047594592	-1.3855694027066299	0.26108924043036946	0.5266748131579283	2.1608451579474597	2.9249170238150715	0.10415562106105485	-0.9318858868413763	-0.6350577773438675	-0.3501792179211452	1.5039810485290737	-0.8565547237017853	0.5234059749759167	-1.5903835708148581	0.9634937476995151	0.8408624732227717	0.16264721261787243	0.10696189818858116	0.7907895109936949	-2.2742818764703667	1.815115059071808	-2.2141863158032304	-0.07186101540644198	1.2688067959777822	0.5642755424553849	-0.18570476095545937	0.5123158336879421	0.505291699385509	-0.23500637148930828	0.5320707795488033	-0.17022770247702154	-1.4214189045088903	-0.09190404269642218	-0.6507878230004582	-0.41197854365624953	-1.9644916125081537	-0.33492604005017695	0.4334183709784486	-0.3794793021345525	-0.7801871488512965	-0.4000284896029019	-0.6509533183147176	-0.24877105092445997	-0.3554036009542416	0.8439116221367339	-0.17813488444960784	-1.5516493373108948	-0.08340885026053632	-1.3762477588001163	1.1183589769764983	-0.36359819352727535	0.6650427222477738	-1.136735419992947	-0.3640258851496929	-0.8922259817031124	-0.7309766728597703	-1.4471407332147062
DTXSID8022377	10.359249970807614	-24.586019015242037	6.259891312061773	14.234469853901942	-1.7611335668796049	-4.652958043347789	3.8501782578303354	0.6176141491733655	-1.2276716082195995	2.015462242284967	2.621220666252845	-2.5905850532135832	0.849960487192905	4.369278675822505	-2.166352319174683	-0.7123006605319581	1.5496737705781618	-1.308687995415856	-1.684917043076328	1.2952238688286002	-0.10536135735960697	-0.25189070344438114	0.012310975735295345	-0.06081785071741836	-0.0016579947955105	-0.4972904016239241	-0.8977142523912812	0.4001948252192486	1.250294137572382	0.18147243526132903	-1.727415825109066	0.7327175701217364	0.3198903032356453	0.6652805625183806	-0.02525104100199432	0.19899310621795413	-1.564641878768432	0.5803654976566144	0.671220258291035	-1.4662276905468397	0.47174281768070686	-0.4907505577076533	1.0656386174657486	0.4134955070229517	-0.5520029418057966	0.7470136909743891	-0.6564213143049592	1.3592732141481878	0.21286850847671623	-0.7269791164653499	-0.4669627665365095	-0.4795906047419163	0.9021813293585453	0.6000354063996914	-0.6539114931731748	1.2925482589841342	-0.08238241399442352	-1.3507112442860172	-1.3222217902566484	0.7485210703842236	0.29765636548088426	0.23785561668786068	0.14011984850939072	0.12164728424623257	0.1109749591967552	0.422363444371158	-0.14655901481761044	0.5606131169589047	-0.384243976204801	-2.2080430657813537	0.6544759686684207	0.29894581199699216	0.6934925488418195	0.5871595691177431	0.21277443331000861	0.7386149385814582	-0.9784725548373678	0.14937698055161386	1.0972410258510732	-1.3875994156867049	0.8452748911672447	0.03633825622263868	-0.9983370392960296	-0.9234812407516483	-0.7386241185960312	0.44743639149101255	-0.36491762822093304	0.16313730337998966	0.5005926419675939	-0.3976952486322685	1.4617047894305215	-0.7611131182255573	0.5634042724036737	-0.18014569988679588	0.28139187449223707	0.9936932083309352	0.8555341874660763	0.015375981545332111	0.03323168564906726	0.5025653469607774
DTXSID8022828	11.889302957639607	-5.323757055797666	-5.562319874172102	15.233444018084766	-5.8392322612708885	-1.4586293550901743	3.558317735538097	-2.342078389162487	2.7720710715416925	-1.6713322514064872	-3.0812391796839402	2.49559039745495	-4.790022636586734	-1.0174577546295536	-3.831611338505454	-2.3200725460342495	1.278233098438779	1.0486184435742918	3.6873716732230237	-5.198936990643675	0.23420648006959335	4.4434563005011976	-1.6556032272154633	-1.1694573798972359	-1.4416209144747545	-5.055991287194082	-0.8733031182910159	-2.3622297874700515	2.432225085174448	-2.831143511138536	1.6320936327120523	0.5332215099384485	0.3354238508743221	-2.0119733282093346	-0.7476429084467967	-0.13321018850205052	2.3117099711993814	2.018842184448693	-1.7746913739554921	-1.9134699179521641	-0.07123850178759954	-0.4472041822246005	-0.24435381627014058	-1.4005264420066925	1.4508797316185313	0.32433090004107074	0.6313518587290435	1.8194358407623696	2.388159561429933	-2.8131642390490588	-1.847577321909062	1.1516875036426468	-1.3578357375376457	-0.3498757985604935	-0.6399235498918868	-1.3041136853709778	0.7916669648504832	0.8013358047461892	-0.31003655477613473	-1.1036886278786007	-3.254664592907787	-0.7957072004253332	1.1912987338264418	-1.7303910870600485	-0.6294342602240611	-0.1975473716305938	1.5996597525345746	0.8528875033734562	0.741309609365371	0.31357428963607187	0.34340625411328757	1.1280560595402571	2.4674291927175824	-0.09788166509550367	1.1676559086446767	-0.7946806386559047	0.17118045209991595	-0.23418996772204537	-0.11023882806565692	2.204703156815272	-0.5290232324465022	0.287814464257801	1.3311091159681547	0.8664106305044574	-0.8156492166957732	-2.5432628581875005	0.21926341470177702	-0.047584393866069295	0.1380567934826272	0.08537181122301826	-0.0013974951178641118	0.4229972991779835	1.1662138497228747	-1.175276852960901	-0.12996263921236811	1.7695256581320808	-0.12508377082340175	0.9770551890504511	0.009328257762642948	1.2286140396783194
DTXSID8023719	21.818995505270408	1.126862241533838	3.0201366075525744	-3.0871359044021203	-2.508069401751357	1.651148605371195	-4.481935145696259	1.765181708211336	0.18258787916918937	-2.1004766819801333	1.6236985844617953	1.234563454550369	-0.6448206253975485	-3.2227310693340296	-0.5807850260920749	1.20075153112674	-0.42926557612544475	0.5106003532488629	-0.7533580041529714	1.7253882263093383	-0.06093197519545537	0.7239057877152056	0.40998979571495464	-3.009806588381515	-0.23310147991062352	0.8998884406848529	1.006230665854988	-1.719876618001237	0.6833397687097769	-2.1745297278720406	0.0633274039265877	-2.3447073181830262	1.472121784202728	0.6154721320412107	1.7198943453389814	0.21298252611304774	0.26710378394802714	1.3723922607904884	0.6707407687492162	0.45391254478827653	1.0345024284531896	0.8179944754993074	-2.1788191827156984	-0.5011696161957067	-1.5071802765248652	-0.6696446136962038	-0.3157985205681764	-0.31927805392252984	1.410869252415406	-1.748326330494978	2.1371407331179073	0.6481851790139548	0.6458668846851088	0.022556293072324044	-1.5425525766255272	-1.7505162851705638	-1.2800837406405547	0.8361913379475882	-2.736902805750712	0.2766098191965197	1.7595689257285165	-0.13136244047983667	0.6636545326440549	0.6322293042460783	1.3153212054547434	1.2086075546184138	-0.7335989345190735	-1.0279184708337479	0.09492442245678963	0.3911087633853535	1.3415974029662852	1.425830752710562	-0.2496722681923759	0.7168767561879151	-1.530858223067973	-0.45301831961425265	-0.8981119912596653	-0.4647523618059062	-0.7923667056499396	0.379399786481961	-1.019626554709731	-0.8016259322327552	1.6991781418590415	-1.2817773440580567	0.28591986857784285	0.6839331303871844	-1.2376133774882525	-0.2843148732844311	-0.5273036635308469	-1.2155514943243992	0.2556959597022861	0.12033683499944478	-0.2785496353193596	0.24192609679886043	1.2207621454117141	0.16027406551958132	-0.3574592214628043	-0.7044202728238355	-0.5572470049178698	0.27325666310455
DTXSID8024107	7.791372219028029	15.783324298202457	3.4863963809347887	-1.817133235386655	4.320205433311301	0.154695574941001	0.7613393272114115	-2.100457228999319	0.11181863007573335	1.928715151897799	-1.4836870994287714	-4.2192888407951035	0.49779535806513214	3.38376415659084	1.2817628795652882	0.972973048519645	3.3642262730226973	2.925189999447843	4.596800690993711	-0.38868517746714604	-2.0589171651492384	-3.673565375247681	-2.3334716835684626	1.1087712430622698	3.3389858492512814	-0.5505388954929445	-1.2063179450243784	0.8972908936936728	1.908341886777788	-1.022190755171975	-2.1627546427378386	-2.763471153676575	3.557934462016876	0.9421616747218539	-0.6007423300400326	0.37438472513478666	0.17937553277179524	-0.24681016655486201	1.766915480915929	-0.3285669682365841	1.2408851655273616	-0.2084355461356613	0.9464595456756546	-0.276291016749311	-0.29851263113454674	0.04257862387016911	0.6675316125182255	-1.548387692056463	-0.23668821422463798	0.13406563819408904	0.5838566467603098	-0.27659360294615454	0.0074629848883848585	2.1174258374200643	-1.233733514969825	0.13126019204133707	1.1674601853523976	1.8669224119863315	-0.3763233871479449	1.604307849835688	-0.7200813405886712	-0.19195817623485686	-0.5094655509966958	-0.8584099250201116	0.49084409543770086	-0.5061156546896997	0.10058617539993077	0.42783757625617896	0.5864768543381073	-1.5817996147008582	0.1081280456959991	0.2930398372749667	-0.6308110915511835	-0.28614050138238634	-1.062873840804859	0.06042764700093643	0.16298964602123894	-0.3870192670573795	-0.31308999332483256	-0.36816040597504185	-0.9995651506274635	-1.3562268436128413	1.4065573485053866	0.03540723970886546	-0.2304548460908386	0.6467805184338028	-1.6959828684910758	0.25534430126478597	2.0166403286535406	0.08418323121987992	-0.9092569343032929	-0.025035359823210483	0.2228567358109053	-0.5480804951779864	1.440047000103444	1.587459347748859	0.38398930304225626	-1.791953868678782	0.3103487993237462	-0.7382132683291114
DTXSID8024234	4.870543120102379	17.516332219533986	-2.3663029063601906	2.685055870699863	7.181020016539847	-0.49461005860602064	2.6351518325512027	-1.8325620407061263	-3.6855838704728754	4.373324978663791	-1.971833512934247	-2.875539051251692	-1.1375358571888274	2.866768216144357	-0.177027782843945	0.4616284540243	2.407021540104748	1.5561695235050828	4.940714669838971	-0.9966353144612301	-1.6530016199451618	-0.8226498618559293	-1.2444472934176227	-0.1844940742294019	1.898613821994595	0.4111792478478422	1.6467561483036994	1.8570793320943737	-0.28954789958703137	-1.1839086373028374	0.3626482903607454	-0.0005369007057568478	0.3478200659042096	0.15693240879560627	-0.7682336104878027	1.1912355107908503	1.1619410395555514	-1.0046506375330395	0.9961256575541987	0.04678487217147	1.9007392441270192	1.7969872887822174	-1.4306945208694084	0.23328494784025958	-0.6298541678630959	-2.764408999269614	-1.321069973506545	0.7220396033303637	-0.2818496172499039	1.088998511575293	2.101467989109274	-0.8521934048295285	-0.2665194623195627	1.3724967792593021	-0.8849875057435338	0.32618135807824916	-0.050585113505244465	0.5906548861401932	-0.8509884501033333	0.4067281140547319	0.5191661632594468	-0.5549931077402295	-0.5600656504277258	0.30697242696568566	-0.7857059775223848	-0.882995451914458	0.07674982884252064	0.6333195315808479	1.7669047981071235	0.024537063264779738	-0.668883494206162	-1.5992687417700815	-1.2680779690257582	0.790784919058101	0.9376421642691559	0.5007285683846117	1.4838586692557811	1.9427077458259912	-0.9534286073958489	-0.26971579327710526	0.08309390257296632	0.05422290306621776	-0.5994425095687488	0.19162571312297016	0.42818185719721163	-0.2923063529184804	-0.26069664118658326	-0.07042217796986819	0.4025896941254446	-0.5009791507264398	0.30382945228136987	-0.19608916000729687	-0.2858409607649663	0.022805767802037604	-0.5263293236932222	-0.31653194214703895	0.7978584933618	0.9452938460101203	-0.24976323263508174	-0.0936947616547179
DTXSID8024151	2.3617535605863798	9.932458740952267	-1.8573134518461218	-0.3422220894853928	5.924423503706193	4.910385377170073	9.71093563204909	-5.945452523436176	-0.6558369739092503	0.420901342473444	0.7981620591826407	-0.09152577370075977	2.1241343223081977	3.168277470871785	1.4856930149555936	-1.0178756155568611	-5.7774298919117975	0.05695270696225703	-0.8474556024939578	-4.806831358718639	0.20604586823275264	1.6412610075573109	-0.018283914828169122	-0.8905095243460764	-0.9969028356193341	1.1231644620199543	-0.1966483289292362	-1.9715468907576623	2.17651179732517	1.4798616820591157	1.268561009242853	-1.3398702911835794	-0.5804053412178805	2.75354780657419	-1.7353619602587593	1.863804586249114	-0.6751470993407905	-2.245386108465013	0.02520655393965579	1.839303658550132	-0.9125011420372917	-1.4195821108022892	-0.23606463302920971	-3.4807424512114262	0.9372341938906874	0.31447146612891813	1.0107352232443103	0.9798674320219559	0.8090211699855644	0.1482557572967298	1.8288304138598583	-2.0449056859743076	-2.24952678478721	-2.012942504665467	-2.231940207776394	1.8285027979089827	0.13972339981099402	0.39555325123460666	-1.5726659569116679	-1.2352610433681466	0.9624096351499762	0.6436513145381213	-1.2190025283714827	-1.1338573586380336	0.8815460739622399	-0.7233773306353181	-1.5429698357195947	0.8308869143944094	0.5636388807121214	-0.6949876066563965	0.10795988159524794	-0.3750121031327787	-0.5066594074200276	-0.2172891230619195	1.9666486929852416	0.9747155051411336	0.16830456269994803	0.6839125324343288	0.13817615562747682	1.2687971246272813	-0.35856022702592816	-0.00018305078603486125	1.0632680752797103	-1.060068698710522	-0.3294870499072113	-0.2361956484604679	0.39590469303172005	1.3050463237113181	0.3669275994476041	-1.3821761022467343	-1.1561614049217146	0.9951489381908109	0.23439154726742586	-0.7809285078108619	-1.0085096487127125	-0.6518616932250613	-0.28824784493010114	1.3196165924810521	0.27149850499016936	-0.576984991655459
DTXSID8024159	14.559393012198854	5.7722873435831294	-0.9405456459320672	-6.75734591902536	-6.4640785562478715	3.228905018778226	1.4287726380880512	3.4175275792501574	1.4118314961396485	-0.9798447820219673	2.9930332528945467	-0.6613062116905002	0.8992182832531332	1.4669024565542867	2.209966317351597	-0.5642985800577203	-2.095643795461266	0.7522142856533868	1.2653324008138718	0.08639232706992776	2.93258309539652	-0.06443828787929204	0.8433431786280504	1.7428481118132462	-2.353942596554968	0.24756151971324797	0.6949563276725855	-1.1961966506925366	-0.8010441360809133	-0.8405011394852304	0.6801527085471629	-0.2711172188468748	-1.316463190887673	-2.309812890797987	2.085191426392383	1.0077745824606898	-2.5753932594740157	-0.20681685212860393	-1.8655500981295277	0.3841911131450565	3.5410687289215317	-2.690501965419956	-0.5809508308926484	3.13001491104281	2.8295423571372647	0.8688332101464805	1.6648927426586733	-3.324631109448018	3.313854003258535	0.28305696577798034	-1.7351394581578827	-1.2788711079198647	-0.008961752260118428	0.7039932781895711	1.274226771655757	-0.49918599411868986	0.09236032881561652	0.39364565412225244	-3.81176079173522	-0.5097161485805785	0.3354716728967643	-0.8063854673029408	-1.071382488122599	1.2980758823927954	0.6973805692394118	1.4834265840523058	-0.4924317026869486	0.31099525230100655	0.32569400574594504	-0.8246742924827826	-0.373307982934121	0.12184451515711549	-1.7962001906895106	0.5541897036975998	0.14383376939270975	-1.61311243898343	-0.6414406784690151	1.3501950358337644	-0.007992379584472666	-0.0957536069838932	1.2069769880286594	-1.6183927757283971	0.28714531290375	-0.003013244050936548	-1.9576483337503152	-0.13189935537876468	1.6866009350013709	-1.8744674968244066	-1.0410688104375023	0.17236800918217934	1.8282759805310185	0.5129478300596947	0.3106865846788759	0.2843922477551614	-0.2288406839575386	-0.562013809260026	0.18140435690647985	-1.18587350762149	-0.2849161633937114	0.5541332787589486
DTXSID8025096	-7.696366387344598	-9.437294256546696	-15.6673471731946	-9.267605952608974	-3.8324180776349213	-2.774863141859022	-2.857988857687027	2.910071764454993	-1.767978599677723	0.08689735311774302	-1.0500260726388164	-0.6237691273754569	2.9967439713353397	-0.34321330228491953	-2.3894568076472646	4.001168994104077	1.5567491812083665	0.6782385873261325	1.036647676403772	-5.242747283862425	0.24156590191270658	-0.8355980502249746	0.05961491756821274	0.5419274307941102	-1.2756690797657981	1.6409622694381452	1.013354524929966	-1.529892794297369	-0.11146423764728694	-0.8682054266907413	-0.8763219374729987	1.7356438804827736	0.5771612935374362	0.37151475163562414	-0.3520995413483447	0.6905209226175235	-0.5237537690781896	1.267051318352121	0.06500339046642517	-0.9390421512009609	-1.2535065478408365	1.6104333399802888	1.8905212674403888	-0.6428752163789772	-0.07923831003969267	-2.1618795601192553	-0.8727255065680223	2.6361128341011604	-0.036300067419316275	0.8770221213487901	-1.1690449443661823	0.7522704604050086	-1.0356784807378168	-0.45564921651095575	-2.498554826277535	-0.7574096532400298	-0.5955289304403106	0.5660658038913369	0.09742658014082647	1.597511358079212	1.323908321646405	0.07913897509690353	0.3156983752374942	-0.18842557569385618	-0.29975943466275456	-0.8214020735767555	0.39232700580471586	0.493614020260197	-1.1750494713662256	-0.8829277157742488	-0.038386718195476226	0.7058912593669119	-0.43867928944222034	-0.5175272745205907	-0.7647566213864991	1.3941224811797777	-0.934350936972117	0.7840236939745109	-0.53752816538332	-0.5162264672905492	-0.1944707632286908	-0.24947075738893754	1.6115111405196005	1.345028985895293	-0.2863704070325917	1.1925660709489958	-1.3827631708941404	-1.5896187656627228	-1.1427000197363752	-0.2651009654021089	0.5137977738405223	0.37006809405053637	1.4293845528598537	0.31847502785221443	-2.2140934439760853	-0.02288020119388095	-0.641198781301354	0.414158879120633	0.7428148767990523	-0.008026960242068889
DTXSID8025707	-2.194132553899845	-14.796607253989345	-3.019489674363405	-10.893298361329878	1.7058317630054725	5.131137145056223	5.252501786328908	-2.7473580549733967	3.186685418367142	0.4665110713362407	-0.0356064968296401	0.335927599033944	-5.144493556057469	-0.5260051526892824	2.1144935453697	-5.259630667729022	-0.13633531287948558	0.7910385091847095	5.947485870840965	1.6109449173435157	-0.8106126396545109	0.2405648440258209	2.5943196964850856	-0.9523393196724744	-1.9554143609676067	-2.1054062819320216	1.4182378782280112	3.383320110050752	-1.364322747396448	-1.3336087616970589	-0.7316022230166018	-0.2138596354028845	-3.2286762451570574	-0.21708884206003393	-0.2174041646840256	-0.0930081512033854	-0.5110867364367143	0.8206044022278516	-1.4889085747524784	-0.48627215615307157	-2.7618470561777917	1.741263444641534	-2.0170864561137716	-1.9592202602447681	2.385291657983173	0.66806066282804	0.34802208329921724	2.0387498249493614	2.939032609899739	1.5409473657334802	0.433302089239313	0.8258366576259245	0.34178498145465014	-1.2888165147965882	-1.6841721095918454	0.5208743676842928	0.20317261892880573	-0.3959552820555176	3.020369997403816	-0.3766589282549123	1.1471944322712493	-3.756331231256421	-1.328236020043021	1.67518909783062	-0.6385623256149379	1.212993726963782	1.0489953891834878	1.247893476149609	-0.9971477424435762	-1.2154264519298499	0.18564067002916929	-1.8457072481013923	0.20785656300392494	0.8595308848035907	-0.39396288020547926	-1.2071268602582284	-0.6948807900788234	-3.0060506888786804	-0.15903042425868716	0.012095962215054292	-0.5195889997517226	-0.054351365368156955	-0.819603302246478	-1.9876436394983883	0.21187761220805792	0.4553296659360848	-1.263095161568283	1.9397439722922907	1.9229285739376465	1.1941102790994083	-0.2519903436040225	0.17186577056871727	-0.40551164365122355	-0.8953221065662398	0.1265876210797679	0.018081042697446877	-1.1102404055244934	-2.002999996191779	-0.808865419933854	0.6190210731716048
DTXSID8026307	-24.548732079351904	-0.8404717028539015	5.0078565810778475	4.424432614155634	2.2607360337594296	1.0912219181137892	-5.032835248974422	3.47168513890753	-0.839238259064722	-1.9733648044813716	1.2186088868563214	0.28357636894583393	-0.19454634683972366	-0.45787531256567165	2.2789645354592096	1.8762977093163775	-1.3667163982747463	0.9772026760648964	2.4871256809658253	0.5979831150110321	0.7348682746690155	0.12555528878965	-0.15772957548226013	-0.08958495929743189	-0.17331646565490932	1.184544915979615	-0.32378147700014376	-0.5796962726414809	0.47278005624583225	-0.6492405667688605	-1.910481216848543	-1.9699681883363667	0.8603557384989932	0.5721751143489953	0.804474463318815	-0.4389302313060313	1.1612702602080225	0.1933963621746129	-0.7360244702208809	0.17608874350730713	0.9701853448640156	-0.4488048668154074	-0.510239785155819	0.16387346768871308	-0.9111469834041536	0.3136019001387834	-1.8477553340932356	0.3419115307369098	-1.59973415810733	1.1919186955894683	-0.052239897522822994	0.8244403406579226	-0.555791109485852	-1.3360507144447036	0.5148171626789723	-0.011362318290195957	-0.0565713701059905	0.06775897956672998	0.5241687550692301	-0.33607282667509514	1.332247383224113	0.6712191447472968	-1.3055310490102403	0.13820991878246247	0.1795031395270617	0.4828734884085065	1.5232989108852277	0.034035576566481755	-1.0624970093553583	-0.593438267640477	-1.5620019982849955	-0.122358405089865	-0.9815571565914161	0.7923962365678515	-0.34378476557549364	-0.42933359035078467	-0.9375199018366029	0.1895950756405101	-0.053856552713282387	-1.285137466976078	1.1139192619845983	1.4900544947406207	-0.015858013437733576	0.3543785018483268	0.5004568123345783	-1.1972907508726904	0.08417172071830077	0.8106234314983558	-0.3346465711635642	0.624404730450208	0.12406583857170453	0.7855868358253801	1.003629917574857	-0.8469624610639266	0.36583501013932107	-0.7975247697435852	-0.7073969367562595	-0.21276146611456254	0.09528273591984696	0.6731116779363548
DTXSID8027240	-7.009404195277396	8.90935151685704	-13.275348109288844	6.879607587279409	5.649253554400551	-13.2868999870239	-5.119744447985902	0.39424864850971947	9.161142290937903	1.3816630184539884	-1.5740081319403278	-5.764540862812239	1.416584767298984	-3.3609325378722983	0.40364463512077586	-0.815691863348302	-4.224244918067572	-0.8867138848687022	1.8121102933531952	2.229878688447184	-2.814541834766213	-1.8423418204205833	-0.13205300418455201	-0.893259678500633	0.1647008634128998	0.01902111455254744	-0.03119616115422993	0.33302615141946124	-1.8108433486312472	-1.1195935823108696	-1.346265757920078	-0.252667197137519	-1.2618010891712717	-0.8242133042487185	0.21739090617443146	-1.4476649710038756	0.0071461909503024576	0.6158083464896659	-0.4366380339670192	-0.3168126739089078	-0.08700662753740003	-0.933330085435714	0.8492389607098583	0.0462496866790302	0.28457055027099293	-2.1989046377745627	-0.22077538105381306	0.4266388659667394	-0.949420168804445	-1.032021992708331	-0.10780151787335103	0.3768052453347203	0.6876927431300413	-0.5187776944222952	0.4920362439917474	-0.6652916401649607	0.5565166612805096	-0.41144210647844043	-0.3309852804957298	0.06095320389800593	-0.39968839563177005	0.7202517070565528	1.0914947388872493	-0.8662294871902262	0.6309122393787876	-0.6478785623056413	0.42128933641884336	-2.0361153902559437	0.8271162430264167	0.04305067470860742	0.03810646009735696	1.0215565870586032	-0.4263675974609998	-0.783077188631623	1.5013179499967735	-0.40904406966154194	0.30190806886952404	1.0430084095601218	1.4014735063827457	-0.0525206186906492	0.6892006257725599	0.774592546070944	0.06890328380589766	-0.12542947714620084	-0.8322861524930585	-0.5772338963138551	-0.389944440999696	1.9650271131743744	-0.04647410487278459	0.467415645132142	-1.5633096690586679	-0.3241792819228226	0.9596494842971196	-0.06018574659443207	0.06213205674998647	-0.3832332732536263	-0.8270350433959082	-0.4884873759618838	0.19113782376071117	0.626469786647879
DTXSID8027292	-8.210006797173715	-9.60021710791765	-14.549420558807672	-1.1365263591483115	9.639490790075264	3.9344063626346415	-1.4638282531892777	-9.041103193641067	0.3541360214869727	-2.8517933799858315	2.055656004708583	1.5715159437298185	2.3797537211469564	2.4587988719838387	-1.91842380975954	-0.8600946783498268	-0.020841511947155476	1.1433113310792753	-4.5346269305774225	-0.9529598314325122	-0.5265733824280449	-0.18085926449718348	0.19960518002236988	-1.6756098017743133	-0.20728057953399698	0.2886603765026681	0.6709401484362957	0.09065421955801696	2.8332879293682813	1.5639525544529018	0.8635173050562143	-0.5006090092058438	0.8274210843822231	-1.3689837695914258	0.5930263414499991	0.18758154625054246	-0.5381030844329675	-0.36331559781105244	1.5885558422895905	0.7230452318581116	-0.7834944626702434	-1.9731596352878793	-0.1265127070181299	0.03952954913703529	1.2599575727647219	0.11634415527097995	0.23116425470996677	-0.019786395758229706	1.7169783046015554	-1.2228475390128786	0.3155248571937533	1.3579836941785262	0.34602549938559973	1.0370306428063012	1.928948618866484	-0.416460913559346	-0.07380648195080024	0.6878759433759477	1.8888035424794791	-1.3035665960374536	1.3320924728879187	-2.3303313787389985	0.7776213833571438	1.7797466327210514	1.559353287254766	0.14734443937563776	0.2036113140528694	-1.2969371985325575	0.08351537756486181	-1.2190298131530137	2.0455312831502894	-0.4156522757243263	1.208001692353902	0.27365611069044105	-0.026772023876425844	0.5941687541472971	1.0029193290880716	1.4417440941261266	-1.0975664326526784	-2.35943723220718	-0.12215622166336886	-0.6319898568641138	0.9990821417287251	-1.3467819429843666	-0.6824464230726419	-1.2845783859291795	-0.6739722539089427	-1.2132508882222657	0.891673739534625	1.476906223508193	1.1517209995280655	0.7678223006221384	2.666631002716245	1.2395659504219283	0.17789428957591258	0.26774111019687474	0.2904989915636298	0.0898058782658711	0.9333398492675309	-1.074546740311842
DTXSID8034871	16.42273865611433	11.093013308930669	-2.4735421036531213	-0.5694265288665502	2.7624813381191435	3.4694339664371414	-1.963721095371897	-0.646806843263076	-1.328714364005991	3.7800356744177455	1.075764008801467	-1.9806856070234857	-1.1622667314107993	6.840585972584704	2.7143032937612457	0.32944686069510853	-0.20093931664520634	0.2645593599691828	1.1957775451622141	-2.2780105172804905	0.514579533275003	-0.2337127537655236	-0.5476815719901064	2.679503932907323	0.19778769878840324	0.9789792227071064	0.3396890377033725	0.22726648423942847	1.1952849532850869	-1.9565712818956702	1.016762390144458	-0.834361848507728	2.87707514110948	-1.5923154712870997	0.11641714657612509	0.1689869244673563	1.5543309923315374	-0.657954577926134	0.742108718543523	0.7436581013833057	-1.8945061395928153	0.14719989294054342	0.09305353983061257	1.2326790545459245	-0.599334640641033	-0.7333678691917854	-0.07818777369558257	-0.44258098089420317	2.719027690691651	3.2910318219515347	0.11995146419668108	1.1689625574494165	1.4185952971866407	0.4908942408736145	-0.33504715891722847	0.19492981063288553	0.3465488667813013	1.8599806361365259	0.3179756836977324	-0.4537588011186326	-0.40331319330679427	-0.39591119083269255	0.19168302885066368	-0.3883457557299968	-0.22791769261420597	0.298857039200059	0.11235361672979778	-1.0032554922456707	-1.2940860049305305	-0.7575128063568634	-1.3736756244402957	-0.09720230732632354	-1.1399415920943572	-0.7002759034346903	1.3363384303354886	1.3097000211104861	-0.10792992110568705	0.08978301106904985	-0.3509743699784749	-0.2746417670424514	-2.4074089552852493	-1.53091994649481	1.0791443299252743	-1.0733927654588251	-0.8848626882349151	0.3916993641641956	-0.26600234401428174	-0.7282514372445918	0.6015633743523965	-1.1872377539332564	1.3197550775397764	0.07445638805744918	-0.4461497453167471	0.1434533978109341	-0.9065806458578044	0.13395287662356176	-1.1352512174032543	0.855770935681964	-0.8983073549259353	-0.34728206199621037
DTXSID8035001	-9.538084748683763	-16.469770863957386	-8.286822545514193	-12.026688009419733	-0.12887700417033154	0.7196821241561948	-2.2633753383533404	-2.4006831906673884	-3.4680586497126447	3.600431860692624	-5.398443959923176	-0.868935354325495	2.2443528564620916	0.49257180984891913	-2.7564724712521387	0.7172215460094207	1.4896783728899563	0.24795444222724713	0.690159845314685	-2.4105759877147177	1.8601849626641775	2.132404859790809	-1.7309161293032134	0.4410310373693147	0.6583555431570177	1.4397938966085	-0.08564263007307926	-0.593238337206522	-0.6703535416677775	1.0156951095934472	-0.5020323852386932	0.031434817042760896	0.001936965852125846	1.4485793182310291	-0.7235410308668124	0.95487104658993	-1.0239334946902636	0.15086710014795787	-0.5702781631800958	0.34589224234310145	-0.44967708138813456	0.9135670646471146	0.15421971743227597	-0.696233579095151	-1.7395201958103277	-0.5261489216500617	-1.0811419683958952	-0.3260838338739537	-1.1094205068491394	-0.805695690475275	0.3402086429186953	1.7766344892786627	0.9306655342483909	-0.6549573171337898	1.918515752388741	0.7073991774780287	0.6370560367646352	1.0639539413788588	-0.3782156412281066	1.3764304994111292	0.5243071889360589	0.03688297595897875	-0.045214517155790425	-0.3907658124403611	0.0015458934888721763	-1.3647401760280622	-0.6355370104408725	-1.5661490575359682	-0.32456807776252306	-0.39510461557046334	1.73860572835403	0.5707613442564581	0.9418575924052692	-0.5052556432476334	-1.1836562003560727	0.06281113602076392	-1.4627648393655952	-0.902286382558414	0.41207469099140437	-0.8590783012720358	-1.2539313297843853	0.06489282216308453	-1.0833335667258104	-0.737898062457573	-1.7191938174222312	-0.4294980270200075	-0.22855145803247515	0.3643090686747931	-1.5165050871203618	0.9775584890833435	0.427080229471141	0.1983982367405363	-1.062747557404965	-0.7348403606976384	0.7174287525156172	-0.3329626404716679	-0.22353729489156038	-0.8501718622279344	0.23669204980946412	1.63489644924386
DTXSID8037752	6.451828327460284	6.193247746898949	6.295680625072958	-13.351792001995852	2.1787945357453427	-6.008955187963036	5.415584127004836	6.03781170141337	-1.6805874860979408	-4.9802826740276265	2.136017244606204	-0.4582107278156383	1.0418767451947861	-2.7461307179404413	-2.072765575154745	-4.42190408415508	1.0707407631083847	0.316710443065196	0.38157117713102157	1.8769580573423532	-1.4986505775721843	-0.17432853922087022	0.8331800088248014	2.581629086321578	1.6041788934228893	-1.9918553228547426	-2.3856304930342693	0.9134000117593434	1.8806697776919827	-0.09835305476599686	-1.133696267491095	-1.1333319411685419	0.5217514466372559	1.854786059070941	0.414230141157814	-1.575745883809918	1.524261257474598	0.9771279689280198	-0.28874424729544484	-1.2657017099732641	-1.208249716659853	-0.5693475717334086	0.5719650023660794	-0.5271267794548987	-1.9746849405624447	-1.157823245500262	1.1166587458749384	-0.05945322910761896	-0.5792070508763963	0.5944937415939557	1.2804687004876194	-0.019276837107660417	1.1536626185735497	1.7180985028779787	0.0824708882045962	1.289215419551982	-1.1793367696070163	0.2667325706894696	0.4829948077337013	1.3314899826284927	1.3797656642896878	0.18615404222286572	-1.3596438515289893	-0.24504317108268242	-1.4774484731905735	1.1040005635252659	0.8161113624270447	0.6121391926414946	0.6682929594130693	1.6733445503143018	-0.45582294515961863	2.156689477192117	1.3108203135058891	-1.1675468173283676	-0.630815780464447	-0.8437023102715814	-0.7946490384552005	-0.519664763064174	0.47752463643143367	-1.7077393990700034	0.8594304724302125	-0.8199799696527165	1.820649767971082	0.14910804916678194	0.2298494949094942	-0.45169395556263303	0.9285857525566739	-0.8620011003921906	0.4133933259595148	1.7833321866064398	-0.957024427838066	-0.1607637635002901	-0.5762072180838015	0.8289583815704332	-1.2447798079675514	0.8224920620546613	0.15941205206271422	-2.2736145541789887	0.501306598341656	-0.7822864176788397
DTXSID8037754	-3.542506184088934	-2.5702878770305038	-12.494632602552617	-3.7864113143369647	-7.554132666093531	9.915890051804528	6.567533414065747	2.297526617383627	4.183860294075069	1.1619539310401334	1.0739125262652365	1.019743662476611	0.21676312532113023	0.7595790031522246	-0.769764865891764	-0.5678339616368484	-2.4706021303895707	-1.417402283443368	2.9215091552955452	-1.3777554404410788	4.3430211183246605	1.3528914063063895	-0.4872256088972448	0.21409315699988027	-3.1306160545751007	2.545673578540662	-2.0768852121427503	3.3627404122815	-0.10114078912536331	0.7000356541357315	1.3168226004629708	0.3472494583612841	1.1881441677889377	2.53522242806289	1.192527483846167	0.0030310835249532896	-1.4455077521267736	-2.7116662778672054	-2.062717548114307	-0.24199299096836954	1.4897936723219056	0.3465660297227924	1.8360650821599496	-0.32499432760462127	0.80974247322254	-0.7702749635254911	-0.6628433385430401	-0.6360500909985412	0.028358906760428286	0.853834632975567	-0.7708005048259892	-1.6388748091612158	-0.3206404525422333	1.3793718670349293	0.8040450150123964	-0.6539804696826137	1.25792431138211	-1.3064138645640149	0.4031408016314008	0.9763305794746721	1.2190733648188425	1.7089923223397627	-0.4644424499263725	1.0679495879161605	-0.7908072020366493	0.5914323209047974	-0.5289012239366168	-0.03476561465543964	-2.309195821751074	1.056860688646299	1.0419519118954423	-0.9399662024150546	0.15174495453873688	-0.2621835613632247	0.3476408878461193	0.7226318258652377	0.067778965673358	-1.9641102208299437	-1.0999619074448868	0.8682694319646418	0.29264052710096694	-0.17208285727234793	1.669781579637657	0.005862562584501605	-0.16484648994211973	1.5661457918584745	1.669747815109632	1.2552271542010267	-0.025104213761946624	1.651813427902602	0.2559968564099062	-1.1540302766628563	-0.5102703106610403	-0.7958511594226841	0.1224052381441138	1.3600017510138291	2.4278464815659353	1.9546690177258155	-0.47692654423513214	-1.4911712733350801
DTXSID8040721	-17.04551482869853	-1.8267438873669413	13.153086582559446	-6.226475447372231	5.758173902053027	-4.4729768152224	2.320485418964089	5.631308437985995	-0.5452801416190118	-1.6243932373548868	1.0238222741464569	0.5719527486409786	-3.320711924945562	-0.0761869022214881	-0.8291815810904933	-2.5387846421074665	0.5928058253044167	0.151806955007677	-2.28822424558942	-0.017230158776115136	-2.3714137898250316	0.8181231588639994	-1.3536378012766366	0.17752152494746493	-0.9158061160131639	1.8792007456329043	0.5244334211228132	0.496562424335435	1.1815303847846008	-0.9458038684752791	-0.9856115259405442	0.4496736005290359	2.4463482892766106	-0.6242750570830725	1.8192597339449768	0.4543774203690261	-0.4736702757189928	-1.3210170290574164	-0.7195468420949944	0.8935494849006725	-0.8549125591355932	-0.09040865424619941	1.5568886043256078	-0.040842747676905745	-0.16798822642739145	1.9360638959916625	-1.0944519926123226	1.797910040420559	-0.7262942989962669	0.619405530958115	1.2068279012024066	-0.4102677005285281	-2.8002843438434226	0.9888583071216429	0.8587930955385434	-0.955226326783968	0.8710693885337831	-0.7015400969852672	-0.4512130465842141	-0.5086898214650113	0.838634843908323	-0.04378995823988165	0.7737688860668659	-0.5950595025413473	0.05096481814891079	0.20604157793835484	1.9665221896105678	-0.004225616799085498	1.0696870035174695	0.603661219613365	-0.25446522225175455	-1.0312034059995734	-0.554469179945938	-1.2681762114262058	0.28581238756433874	0.37199469072760794	-1.59650487942462	-0.35527377292182716	0.9747568040655702	1.205658755613757	-1.6980802002948205	-0.9829578712700813	-1.0003184044733835	0.6937582558935512	0.42832735699907165	1.4669630236769267	0.815304034653862	0.11036119566992043	0.15347472541037052	-0.9104828912712314	0.6288476737284024	-1.0479489174201742	0.35199599397726955	-1.683594888118704	0.6399722376803075	0.2805933377954932	-0.398325862781181	1.4647363081875473	-1.0491435490662941	0.42988105173704527
DTXSID8041246	-22.256047071920364	-5.306801473474225	-4.187551711239232	3.901319988860056	0.23048112322708664	2.9634491703848216	-5.51374986666594	-0.04543617512455194	-1.2615003199536685	-3.5818650799225358	0.3265182994741733	0.4657924685967866	-0.5685043994477437	2.636658953810634	-0.43084992755945845	-3.285058041769444	-1.8696607348841847	-0.4805754489617825	0.048213898390508624	1.8990148746212379	1.97619976556466	-0.3726564004848631	-0.14064584728677199	-0.22983327704664047	0.29390635528840825	-1.6335562956043335	1.6382265162636123	-0.1744775606539068	0.46609876372392334	0.7866793625663202	0.8725603712068153	-0.8472892722740737	-0.7020017682251863	0.2234693126297201	-1.001079269839776	0.46916302448569785	-0.5035846752598037	-2.1018993040355793	1.3385318701251052	0.25179789720113116	1.0894378672599645	-0.47571032969413635	1.266956588400474	0.4863244066499476	-0.8837863285604113	0.5108463061477623	1.0953471864225088	0.44106470465105047	1.049652378260797	-1.214095255056673	0.9983346100859255	0.5400997139865065	0.020368468200139198	0.635882409890196	0.23768610866015238	-0.7989334165349792	-1.9416208735177956	0.11620778600285535	-0.2781388076502391	-1.0407035965767446	0.3097094600170776	-0.8235393357665701	-0.09533333828608846	0.36384017185522766	-0.9048151952915919	1.5219641282052385	0.11662209017167798	-0.18928717813662366	1.1979328736318304	-1.6466776854109044	0.27263617864369494	0.3371638071659242	-0.15304736244314524	-0.6077346777031469	0.43848876561620265	-0.09362716311029791	0.524513337646533	-0.7486775119257185	-1.2487323234088947	-0.07211834744688317	-0.6665558993884861	0.10538271907731045	-0.823461539235379	1.582817769881647	0.25015266993756285	0.702013809592953	-0.9164035283244184	-0.2567901134179084	0.22053281903429447	-0.8867332783262041	-0.525514277360573	-0.3452459688814618	-1.2621953753975865	-1.49889877095652	-0.37327702046409433	1.1489092337369897	-0.28987863534012026	-0.9325148439608051	-0.05069560988668365	-1.576823298531262
DTXSID8041901	2.555231514983875	-4.697587837263988	-19.527981889130423	-6.296883821916413	5.380128926979057	-2.184410641140003	-1.1970769134684618	-0.3893295744067868	8.114620053088192	2.230295499635094	7.555983066265002	7.253854390882857	-0.004405137823205677	3.003876548247971	0.7827967378461536	0.46606864945600635	1.6892974921218329	0.813748030088285	-1.2617450381471498	-1.0604721810196207	-0.15509320344381558	-0.6590916970034153	-0.45138345723717443	0.4745477129908105	0.6420580765751395	-0.4791406111415377	0.08341144954114646	-0.3859577922067103	1.6384167470938584	0.5614665972008456	-0.06148002018685519	0.016849629247569553	-0.3870120962224198	-0.12138165493009576	-0.7789307855984094	-0.6476185749128051	1.2779980791533188	1.4947215990809293	1.1040474517591814	-1.3484927109761808	-0.06272859672982604	0.58209511996811	-0.4567135457356011	-1.1160612559399843	0.05204403794006355	-1.4110309779178907	-0.3118126790832599	-1.908715541146831	-0.5838494679374303	0.267359421901243	0.6441844926435091	-0.4622475447286775	-0.14593753967267198	-1.5726602444330462	-0.356914645863682	0.7768458128217554	-0.06392842409652442	-1.6256334911169792	-1.2361382304607118	-0.2912454485129496	0.12121623039881314	-1.2278438684386865	0.023709395356217623	0.3947021123369008	-0.14799946549350776	0.9574224110126334	0.7505148716015001	0.13324109007422982	-0.5819062190985713	0.4432943035695191	-0.15390509355640225	-0.20297523057728226	-0.08413746386972178	-0.5121757800913797	-0.3350945686792531	-0.690528068807128	-1.256164214424294	0.8991837084215455	-0.6550979124486728	-0.043037941579771845	0.26884493627829564	1.6127994334936544	-0.7849852686749534	0.04316310903019778	0.04375479962732341	-0.7540176607205654	-1.0501662720884157	-0.33795116314016943	1.1929473919919191	-0.343177344935784	0.9816855484467584	0.47242201824590785	0.06063136142701139	-0.590846249112627	-0.11231643369018827	-0.536596108850301	0.5890870424351587	-0.34324246614635073	-1.1233337350249932	-0.43422642996094607
DTXSID8044416	-20.684166970214825	-7.207551098583195	-6.503621403808971	2.5214610364242165	-3.104546201559413	-0.2976685251846418	-7.506692458127915	-2.854746950693797	-2.497925557665561	-4.666525380780518	1.6735387875505805	-0.7344585451315646	0.09970669055975212	3.561384013462272	-2.9752261497275105	-1.6235038519162688	0.189866078990457	-2.4567902012394764	1.004061965239844	-0.243645330304986	-1.069371652260719	0.2904862486237966	1.3566372405618532	-1.2188157320941964	-1.686051920987236	-1.4806170615467757	0.774068643577642	-0.3186677089683152	-0.40439175932678445	-0.17227607192405225	1.9930029260901785	1.3288788521260662	-0.6632169383081994	-0.4656268223066556	-1.4658336703003294	0.4762115005039316	0.9765312226649401	-0.0032283355627917123	1.178630311589603	0.4693656293981021	1.8199566377411276	0.3692379894121683	-0.8370974893836702	-1.208388903371099	-0.3526209424189339	-0.3102423523375145	-1.3538935298736605	-0.4675446597351311	0.4712415718414299	0.4675189750263576	2.3184820095679224	-1.219610303838369	-0.16294441687825906	-0.12555305297126046	1.5504917809275112	-0.05705711337665457	-1.5236939498970266	0.08349762137002668	-0.3042370155668898	0.16107696199148178	-1.5297607152670347	0.6686327832501133	-0.5553258603057876	1.0516614883834512	-0.6574677090918	-1.1589296374987792	-0.039299196540390005	1.2371489217536187	-0.4876669857673338	0.18346713177316776	-0.04179984567121809	-0.26237243499739726	-0.6641255150906551	-0.12100695017874363	1.0159576218834865	0.8985259891316201	0.4829159796405548	-0.9693880350369583	0.8504822105585632	-0.005847836958929032	1.1276215955748894	0.49033544772193416	0.057774127554327676	-0.05772318380693296	0.5127428250723433	0.8866323525330077	-1.6149436877964134	-0.621468289953733	-0.2861492462344003	-1.771955510035765	-1.112946456579542	-0.9111927363550771	-0.19934132394043116	-0.9590675123707364	1.1522314384663044	1.1544368139938308	0.4876610194427645	-1.6586791196824051	-0.4278082587944155	-0.8501373943817763
DTXSID8047264	21.54753742769869	-4.356005908994696	9.065290772419582	4.925851073194851	-1.4442205237336672	1.6670841197239001	-1.5630112985085016	-1.7807601005716451	1.1177979198276857	-3.715459471574536	-1.097284109390822	2.297892515463263	-1.3234879637826693	-2.227088900431904	-0.2593385861360576	0.22752351912278956	-1.1513666410169074	0.052037873363521905	1.1297280151764422	-2.0791162491080337	0.6081463035067037	-0.576422449710977	1.9851284369903825	-0.8873710419925458	2.3781494174848605	1.5890305382790033	3.5274971899116117	-0.017508798763694138	1.0592662381325668	-0.15990823624073588	1.4001539003032288	2.2178308626592536	0.3053135281065986	-1.0185250188172061	-1.5803708862700607	-0.06846958586921431	0.46446974760848114	-0.9753852392995438	0.3718719962978541	0.010908419311420246	1.670909577297313	0.6521255144551056	-0.6484271997566783	-1.4695771302826452	-0.38595366218383537	-0.9872598054509315	-1.6652699346325353	0.03482689450510774	-1.1844407027764983	-1.3884019692638034	-0.9522234375824566	1.3911328898667255	1.2762817852922257	-1.7135238780601845	-1.1201883688828176	0.9848045163103247	0.09031074997842838	-0.7573863787598025	-0.35920925146971855	1.8005618884076844	0.6506862887809624	0.3674600784662438	-1.5156219946675498	1.235005645913893	-0.22021817585024633	-2.2156105600411005	-0.3679024579589667	0.20424234159730775	0.9367000841866392	0.13088229686505484	-0.3692921068604209	-0.9649223730128125	0.2087887297556991	-0.39958258051370527	0.7185707089416409	-1.028532854426118	-0.2600615843184621	-0.7918191233671774	-0.09721604915407024	-0.8916113228557114	0.7911775506345969	-0.4761361518044563	0.7219133908126422	-0.6691314892961155	0.7981355257948446	-0.7253781170568698	-0.4200536755615268	0.48935310945751537	-0.8096637574491379	-0.22240930864018063	-0.6034022478519817	0.9981943809805086	-0.7158917817469206	-0.15205070536291168	-0.7045529675469133	1.1329877394678554	-0.43909636838148547	0.5870644675811738	0.5231672434448665	0.2351174065774988
DTXSID8047341	22.80521700995049	2.8823575316476333	5.246950992392807	-0.180783809522179	2.7744057361780303	3.70057147788651	-6.893663828524577	1.1563063584030577	-2.5380901138690333	-0.7096022938470663	-0.21243330880581096	0.9950641571709565	1.668993568935182	-0.807127193030251	0.3190579275966337	-1.6445377244703638	-0.7689075082219639	-0.19227163265982536	-1.9422088411838516	0.9077140563643664	0.5224650878209244	-0.013758298430262937	1.7346885003095993	0.2692268438928021	0.311429860021756	-1.1873904111567362	-0.8209286685273877	1.2869319460141444	0.14045591440374658	-2.2586244329627863	-0.13906182408951387	1.7011567487291006	1.1375987820785647	0.2717746471297185	-0.957111726722477	0.6681420724370287	-0.8896295106523859	-0.9736784719340267	0.7919764009534654	0.09319683963820258	0.5387741034586799	0.21131524135858087	0.04988204745125517	0.37946142303106845	-0.31298784999492524	0.373485226634357	0.11902468235565274	0.28317496997524544	0.8924977330082585	0.8915982934502892	1.0239693178119946	1.3212865459517522	-0.8098570286986634	-0.5858595697364516	0.9976456294909087	0.07726163018808373	2.828568185714613	-1.9013013420588791	-0.6362924180184901	0.06092062079546087	-0.1314161148602416	-1.44943953201623	-0.648660622039538	1.2470001568636164	-2.0880628205555167	-1.189063100464172	0.005704565616024076	-0.7407954850348484	0.5354667954649573	0.5654144845585266	-0.7060943037840397	-2.4764673917092734	0.021794427179800867	-0.22020969219863323	0.7453348510908507	0.131584126216445	0.5324608758307783	0.7836493462052585	-0.41392846789221927	0.663340936995287	-0.3179755404371964	-0.15036358447348316	0.7968613815133916	0.034284506284573815	-0.6515189723573467	0.32968801792368135	0.21162866562097854	0.7169032641795644	0.857050270873322	0.6554547102205904	-0.06558353299384621	0.6495791539558172	0.7010622793651061	0.6783018837002452	1.9329323037718178	0.2568138251552805	-0.7626468853831836	0.34159546641099064	0.14623099647805834	-1.1265096275106359
DTXSID8047349	22.597628696811814	0.27123861066593263	8.700491324960534	2.7188947766701372	-4.331099737833552	1.6428905852381366	-7.177777536194908	-1.9548668772289373	-0.18816661322214648	-0.8212383418409532	1.2082434661750456	1.67535421535286	-2.6530467812586034	-0.3726206469502487	-0.1177303767588521	1.4870476429796171	-3.014725286640613	0.874578192958428	0.23569784204085684	-2.0947411465484453	-1.3191210322896785	1.0883482024425652	-3.3660861514587817	-2.63397490290816	-0.3098521922332848	0.2340952020116859	1.6968440926358264	-0.7944779173561825	1.000394000539435	1.3233494703321875	0.17165521309621437	0.5152719884641743	0.3626711934338466	-1.129405499282083	2.393074361444009	-0.4663260040733976	-0.10056427565948012	1.1292655223579582	-0.004666101072075267	1.0100557485858088	-0.5247989924846868	1.0396828635607336	0.781407003984211	-0.579606492936807	0.40215410469473717	0.7719185166428219	0.8215793632115568	1.7269340926958636	0.6452960111743075	0.5880743038284622	-0.12127612558238667	1.0374867024851262	0.4703294067668572	0.5967861477708176	0.34052582074187837	1.2645675063512567	0.06668533630950114	-0.7885527865132158	-0.01634165637027833	0.09270051878912874	-1.2453121260371147	0.6500558851575895	0.304195234332842	-1.652846477546126	2.004835688747233	0.7420116471885911	-0.29990829938176033	-0.43393125693159673	0.8998725394754542	0.26976381681800504	-0.6818287355164624	2.1002616390365807	1.5155783118313824	0.12981849348574082	-0.10514248420677434	0.03066782751026019	1.552612737793965	-1.5998112886162241	-1.3283557996429052	0.16761872084028137	0.5852933539700715	0.1668827985502821	-0.03587988868361279	-0.3004967340329688	0.029027013053258204	0.2656145746201337	2.0138456597341015	-1.0258574726147591	0.09450971811000153	-0.5745606174992763	0.11799592189675503	-1.4315395510380042	-0.6880651979856166	0.44300469192464376	-0.39368322819688156	0.09221167184735882	-1.253147108918699	-1.5220301672984777	0.31192742780921817	-0.05237557657541514
DTXSID8047769	-24.327843507354203	-2.6398402881837373	6.087591173407306	2.262293619565968	3.24272598871141	0.8045363429024908	-5.052202016386585	3.0473423012079506	-2.0962717090021594	0.38534694515314105	0.34223091590591326	-0.6398577688725464	-2.0601890186307585	-1.5725233678159811	3.59081871494301	0.3236219510854159	-0.7186884281469438	2.264071980132876	-0.4813653198264134	-0.10536565511077461	0.6879303022205874	-0.16953917352613368	0.5661145007435755	-0.09584930768670104	-0.47840654598202226	1.6102551627009927	-0.19036771246898274	-1.3849609660832432	-0.002516197865007144	-0.5020994537787954	-1.088941097882564	-1.176278254522205	-0.42482080494860136	0.2755776841205341	1.019590084049881	2.03207312407731	1.3701588719887259	0.6211506704112375	-0.1388483323231849	0.9178014433875806	0.03491423371369647	-0.016939954200592747	0.3226338964521031	0.47890776643793254	-0.620394476437506	-1.8926109847884078	0.2163091401655301	-0.1804022105132189	-0.08681307687192868	0.3387293324805	-2.0288521922116267	-0.9599951276202693	-1.6041735828854833	-1.2382853996096208	-1.9841911553602147	0.40122110020401924	-0.32506935120733016	-0.9169432708936816	-0.23260519840974558	-0.7796383254528314	-0.43829953728009674	0.16363248198042094	0.1786652190847994	0.5069196254679053	0.17415930565521304	-0.25620768160673857	1.0673780155217876	-0.29078130560517235	0.590464551070737	1.2170371819631831	-2.0405796715632327	-0.38743140606231585	-0.45583446584194676	0.6821760175549927	-0.6932511093337004	1.2648742564914028	-1.474506670104489	0.8870919718874909	0.38163616367308895	0.7328615851959046	-0.40563724780681504	0.6126026934736205	-0.9900959725319073	-0.5198910967503897	0.7013702685126398	-0.0003627055072831501	0.40532452739019104	-0.18926675759086184	0.9317162955255348	-0.2652364710050541	-0.013795924531718051	0.8729904780480887	-0.07569321091674094	1.1289715203927135	0.2802622048378429	-0.3766512411041984	0.1618886769599073	-1.198409074581809	-0.900469028644001	0.40291576924617967
DTXSID8051914	0.2700200025088458	9.83601199932421	17.29638258324548	-1.2779606299080581	-1.0833071663685365	6.763616794161212	0.13220854823875183	-6.524541933111156	7.314281218021883	0.20812202482829648	4.2401941820231555	-4.277544175657141	5.776191919142853	-1.1691220379355343	0.5310191829146248	0.32122319651510073	5.802779395599437	-1.1956329986967464	-1.9064474043910384	-3.28664339529953	0.5798557353223995	1.2185976149872046	1.1295823493273496	-1.003048463670567	0.8765351975121676	-0.6190743146249694	3.9104799420753853	2.861073391531832	0.8063594140823174	-0.4354824593397257	-0.09471387511595733	1.181350524486132	0.5057274193790954	-0.99930708190975	-2.6286883870992943	-2.6517970938378532	1.1610619235789357	-0.6632185074775239	0.7626490923320776	-0.5526142526831349	0.35663060834776167	-1.5780395289063938	0.34763164268890195	-1.1468753118737833	1.2684550828097176	-1.2355075521515269	-2.206746091422809	-0.20412988618710515	-0.14765644785062432	2.088742818986378	1.7535336828996972	-0.6488785834914017	2.38481271023642	-0.6973398129285301	0.13731585062141086	-0.20789801197056565	1.6842548159780772	0.27528512369216085	0.17000195907310217	-1.5486647700313703	0.4462659110297468	-0.5576614423430615	-0.8587724280677768	-0.2427253494216722	0.6432824500481096	0.5777623498269773	1.9048098926102932	-0.5666899226925003	-0.551449820029889	-0.6746674579803977	-1.0677462558180624	4.310097961163629	1.6919146257471485	-0.3202307617778475	-1.2578453981315727	-0.24338805255556517	0.5136549355518503	0.30504509802141994	-0.3987566186633976	2.441954627434769	0.48612729667136106	0.28822180973916117	-0.9989571230035466	-0.6627579924351449	-1.0808424547551907	-0.19177974827508734	1.5994221598393599	0.13698926361100455	0.1961678611296913	-0.4765339621993582	-1.6358499800649886	1.1197793592720942	-0.3711036545629811	-0.6238478975990991	-1.1500176685397994	-0.1728806087655056	0.13740325733313594	-0.06979715860044551	-0.5849711029083732	0.5743942566789091
DTXSID8052198	-20.306929888049588	-10.637051614584337	-6.865879769917797	-2.1779317638794518	1.3800434898897695	4.6180318637620426	-6.45656421150856	0.3289231969209026	0.30417058801762076	-3.3169047192276797	-0.20246115125566738	-2.4808510025133796	-0.637713122510523	1.9859138206966853	-0.6393457609324428	-0.9516356473216862	-1.4707143948220722	1.3057582405073058	-0.4457010664188907	-1.5295721271414515	0.7112880067937536	0.6221698872468671	-0.3234894389947165	0.36385312481112225	-1.1943950612651866	0.23228072758406296	-0.41499388249567276	-1.7936901188641778	-0.24836149404559596	-0.08466010920698423	-0.7355836884996567	-1.6616863021342976	-0.05335377892989335	1.660088804512157	-0.06830118653640721	-0.8678097536423579	0.22520675088361586	-0.22936240766514807	0.34893181742684304	0.584686430821218	0.4878460946785723	-0.6336333691666916	0.1633202566112253	0.9171196919567406	-1.5097256497981073	-0.04881081522758354	0.707747066000932	-0.02691598804421726	-0.14713883107852826	1.1001342744147407	-1.9313733870063063	-1.5903263086054436	0.5739014051689691	-1.3604183611452405	-1.3758585107101482	-0.15380550054451275	0.424771392249249	-0.8743338106870364	0.900228736762046	-0.725651467101188	0.9399532096848859	-0.3910857295489342	-2.016105281824018	-1.598922499564892	-0.5802609408808936	-0.6280316370992378	-0.13647625721578024	-0.026936335782163316	0.9267063356889431	0.12279123341511296	-0.020234871594066287	0.07039580790000592	0.5913036242271885	-0.35486889799567056	1.0287563590399353	0.0954762287724711	-1.6508245741561447	-0.246846886075203	0.06692374134423774	-0.4971957724633247	0.3029084599555129	1.3358961626473624	-0.14848120384977473	-0.5096471654247257	0.12384224994258168	-0.5247331268317825	-0.7758225152958028	0.054106008270256585	-0.05832480701315824	-0.7483271679920191	-0.14729743619849509	-0.4704747982687773	1.2440835430634851	0.03434768227917559	0.5223822454587311	0.7049480200518523	0.8184571644776463	0.21511619045649327	-0.5264799807390179	0.5286394619646527
DTXSID9020089	-9.008106105871441	14.878835791778442	-5.74615696210095	10.930850497188274	1.4107786722568858	5.21041611362863	5.041380461606236	-1.3884351403795387	-5.306678715462747	5.416574355862842	1.9364817446440397	1.1604003297534644	2.6432311517452765	-1.7908714525116447	-3.318234491198287	-1.4010065427158467	-3.1228575822222595	-1.2277136036894265	1.5161576249497148	-0.5559682656694598	-2.043815471035555	-0.5051134962308035	0.3333770967153286	1.3983565923081451	-1.3920687197847241	1.3741352214268512	-0.5483808721980975	1.3936600635788718	0.7012280836543214	0.052369860146614114	-2.326480328881764	0.9618979105310728	-0.16746390750451093	-1.880336054832958	-0.5790542624099069	2.0309348800666758	-0.3009572224869617	0.4961203256313822	0.277058567416594	-1.109698875404415	-0.20265845086489032	0.3496557236583703	-2.116280400285324	-0.48302809390641444	-0.44924801119656305	0.13640662100275877	0.12951236512258474	-0.44254389625966073	-1.9062562927904239	0.73210867121426	0.2286265393765448	-2.27612579248217	1.2616188829327923	2.388246602111046	0.46142772081120886	1.7897086353731209	0.6352128548543546	-0.8934907655307818	-0.9213445975143149	1.7730254286081817	0.39573984887724867	0.5460236809320127	0.9067676157680263	-1.442593196176674	-0.8288223936549133	0.2754301646978184	-0.5229130040030051	1.0497149233403964	-1.3993194196558645	0.43945607558407557	-0.6609518258915863	1.5399743111747082	0.41661605358168574	-0.2316095849532791	-0.9850149443906373	0.4008227200826435	-0.2138721644343411	-0.5534098515127251	-0.239216800898331	-1.1915923270509579	0.11264611662686114	1.6110266188387279	0.07421275664868074	-1.1008810158049522	-0.19532096211511754	0.7632635977989255	-1.8050108460806005	-0.9765070781181852	-0.38994148748926616	-0.34159327325175226	0.20712228563888155	-0.13081356265265048	-0.08848338470076204	0.32770617349469483	0.16954332126874172	1.2412657997383436	-0.9988143078659383	-0.08868425008309795	-0.9838617596501092	0.3171938835666332
DTXSID9020110	21.06525652520521	2.7383413000826033	11.855883611128121	-1.367108698503528	3.0164847519442377	6.26619676611641	-9.663460335255184	-0.6397568433541977	-0.5190286234858094	-2.3249941468332933	4.414693092230252	-1.4494374834634636	4.251772277318939	0.17661038810473556	-3.4548386164899423	2.5893229162414357	-0.6673849060452234	-2.5496586560895373	-0.8678035755481107	1.985986939898307	1.6573151196231781	0.9304548155996852	2.5634941084814313	1.0968115327496646	1.565205799485581	-0.3524429133004914	3.0173616968155987	-0.5257422289318389	0.9005612407532495	-0.06465303362457646	-2.5081311350853435	-0.7095258687068386	0.3746711081137727	1.5043178718833539	-0.3482267306507948	0.16858762356815798	-1.938759002578557	1.112313886565819	-0.052444034506029025	-2.8054946001258867	-1.3577788921622056	0.5604089093355956	2.4540871686630163	-0.4054516915796489	0.5892453219636045	1.2882211341873915	-0.6830399429869514	0.34513155323693995	-0.34697189100109405	-0.03625035007760143	0.13725056184505902	1.6387753917325627	0.9297164959147345	0.4484489884125549	-0.1563880893131614	0.33702838735836127	-0.225703765432535	-1.2361783333566265	1.0255578103640708	0.06854755317244651	-1.3752065794578079	0.017572809560496873	-0.7245322248603016	-1.1222556945140925	0.3519349506190308	0.6553333909812389	0.6466292451453568	0.8842912605431578	1.4409971843794485	0.5447579228908416	-0.6364728690504035	-1.3905488058548505	-0.18783505383821794	-0.7658004033406497	0.5613714656929618	0.5289225204121221	1.3136990112225049	0.1805572395473398	-0.7533127724571228	0.091550267388648	-0.4096461113748265	0.7292483666245703	0.1308199406211929	1.4859856348925784	-0.908547781392601	0.6480007894912166	1.19663194359367	1.2381162803558035	-1.266993756420942	0.7829577566639111	-0.5667876026562377	-0.011861260036859398	0.006553490856689799	0.8810428913397323	-0.49586849655669607	-0.09526418679997903	0.004759520773888886	0.0379175437044441	-0.08797357225139688	0.5065993847233305
DTXSID9020112	-6.180185216604597	11.103302574587715	-11.287642569763705	8.177446915417693	-5.1882980421538045	10.685335028388813	3.227866598846939	1.4373993953313429	-2.1338935467325206	2.0576973962516676	3.2155839646899236	-1.908193051275733	-1.917388151231055	-3.9233837061358052	-1.6576978329147862	-2.248876335890201	-2.2188457316772645	-2.6634671626277218	-0.9021999215137316	-0.5506763551505844	-1.2180287198336297	-0.23460797264216626	-2.0005950718656327	2.833009417358785	-0.628851189924513	0.4525844416190882	-0.4667875579164992	3.5567740540386446	-1.0387549162715204	1.6940010548449589	-0.6247108038157901	0.25798028760942	0.5998868123946322	-1.4291161699915058	-0.5145728077058056	0.807892390864987	1.5029383986138793	0.7823452752792757	-1.0792742718462127	-1.7593859501332973	0.8390072162753437	-0.14496560985525433	-0.06363192310435291	-2.2485872122275037	0.06181564571481297	-1.71500477823998	-0.6694931092498714	-1.2483971918103685	1.5743671457070487	-0.3284878384312478	0.6459115498645045	0.4635339085037103	0.4860688151709654	0.1285959585862893	0.7628975957980791	-0.3849341598337701	-0.3137342759039094	0.9809113047677792	0.024275150070546984	0.6066912828468651	-0.03770351552359917	-0.6069631171825077	0.07773910495082652	1.1009013137405788	1.1791969131706768	-0.6634636441198853	0.15010606184593028	0.8391346006921032	-0.28101432271171645	1.5078744548705165	2.0326844053873705	-0.991159315211958	-0.015197713934946927	0.8532768034188334	-0.24868251929400959	1.4940888911358063	1.285316241587692	1.3231464584897261	0.5776961595144345	-0.714534972713288	0.5080265400784377	0.3966557377616711	0.1611760002750667	-0.4703954427100684	0.4771597261700972	-0.09279228221016225	0.14859281032616428	-0.5306052824840266	-0.5781394424310439	-0.39434848474977746	-1.0104793995800039	-0.5715102274866039	0.5568151447587641	0.6990416076239152	1.105025282154408	-1.731373091531972	0.4056937107414333	-0.1372648504169648	0.10906078123020668	1.5951145305989411
DTXSID9020295	-22.252411301973428	2.6406190823287514	5.00328245943896	7.950519780945806	3.4271251208194027	0.8371278723893896	-1.0364451110669468	-0.7534768662810726	-3.1365017876225645	0.07570166198540432	2.0323177062694695	1.4429609179765934	1.1962509768634113	-1.473053183336458	2.3441679897837737	-0.5291396459847701	-1.5481434517085702	0.11760769457255728	3.4800315510787954	-0.8984964003364126	-1.361658150402365	0.36266902234912174	0.31858429023001283	-4.075197369869381	0.8091934805995431	-0.47004456568053105	0.5674647826222556	-1.178075368646523	0.00020039631475874162	2.1404146031648352	-1.281987414330846	-1.0526192928232145	-0.9558739058155394	-0.7783366848408262	0.16448536421774865	-1.5771459118243056	0.1304050246972167	1.422893908980377	-0.2185338262108112	-1.1900784172071412	1.3862930477353044	-1.2194023270472145	0.11978097490687693	1.2299018750708515	-0.452943361583431	-0.4322029294023682	0.727482592890849	0.3809560404786959	0.4064382968937178	1.9571169866733584	-0.8479257545130598	0.9173784703540492	-0.2154054707988771	0.26400367503862293	-0.2983817779577279	0.28516966305666014	1.5459062757147664	-0.36336222881465247	2.2358848731957983	0.5160971205776105	0.28616583118503136	0.29883828954611424	-0.3848637941860701	0.0795147384666889	0.4267875664751481	-0.8914366863498129	-1.567602650417824	-0.16599854111498963	-0.8490849655360003	0.03637641234560478	0.8008351380008693	1.6880263726129323	0.8918223380934357	-0.1544022702496471	0.40590060270503087	0.43655418196618906	0.6450387080909824	-0.823811219814186	0.006908373272550248	-0.3496960330254161	-1.8530061191581162	-1.1000353952473871	0.6380540994811311	0.7343005773104468	0.13173625237032915	0.24523584939188495	0.020920437969460186	0.26855887865304456	0.2786664212650551	-0.043797175774133716	0.12039058171418413	1.2338406119616279	0.2764267523271463	0.1455017359042059	1.2012855104768028	-0.3851782153057799	-0.038490814133261386	0.9045942316467015	0.047234601855055576	0.6712068578926125
DTXSID9020243	2.926436850164961	9.21131429010289	-13.622586614365574	5.32156574653686	7.030096186204979	-5.514459497663028	4.441554968399659	-3.430192707846979	-4.645275320297121	-0.2613595683510045	-2.0851332575316177	1.4569878008570263	-1.5327517028115825	-1.8328969634779109	-0.9381559249598623	0.7744472738446071	1.8703205484897032	1.795098416488703	-0.27922340997630696	1.6214073100997697	5.014205646486119	1.1699848644014286	0.8263529725518415	0.05520961249458261	-0.7439410752265458	-0.1850065076116119	3.3947682887942396	1.5764051391947442	0.7151747945830201	-0.2196912362152475	-1.7355972976423566	1.202946303282418	-0.9730414994572566	-0.881478262263235	2.0862042161845933	0.649725757967773	2.0909801447245275	-1.7042684148738543	1.0353764391985956	-0.9633132227008799	0.2347086007393048	1.916203870536339	-0.04159254936205448	-0.4264752278619048	-1.3495791394967043	-1.1769164109045527	-0.9917994552965064	1.9704532592982116	-0.7080153569648744	0.9238788546833935	-1.0145418613488075	-0.7432877740009647	-2.719881518739896	0.6557072560626211	1.710032433721094	-0.42945802612973305	-1.2499085929844649	-1.0278059550397272	-1.1853035085771133	-0.22664010314991312	-0.28373573724581014	0.012115967484982207	0.9881020355358335	1.2108702681240007	-0.6569443674116631	-0.6279495119025913	-0.16678729798539418	1.0940148060922545	0.507294459956919	0.07803654041792595	0.99176380482552	-1.0532461745036155	1.3761022749617169	-1.1342933836527709	0.5677315189784449	-0.41787501117727643	0.17161815173793224	-0.01853562701730671	0.7939519449801337	-0.8730270822685452	0.16020309136145808	-0.47544607440881	-0.30360666997694086	-0.7445901245233598	0.2980281951352171	-0.8995921730641067	1.279540481736887	-0.20331249947641958	-0.4094176486695783	-0.9349651991612045	1.4987453570909852	0.3936353994317188	0.33271611252133954	-0.5479873091080247	-0.9761171851876468	-1.2307538127812543	-0.12204922826558698	-0.7429718199155226	0.7464414030914994	0.5059044457708125
DTXSID9020370	-11.870903185279948	-0.9707260379843363	-15.092115630143645	-0.44865114112130666	-8.13210243654085	-2.3439126150079943	-2.763597907292619	5.0193238299588465	-2.1911259930080185	-3.329073687346363	1.2649573871282636	-1.830047029622941	0.045486465429939116	1.5352919727743954	-2.984978974772555	1.1055209982837524	1.3717297414051441	-2.1989041753403926	-3.6562567074648737	-2.2002592092451416	-0.6209699249351385	-0.30416646114500556	-0.589996141423298	-0.2660021825114072	1.5273077896967155	-1.4829723650979227	1.8077875365493443	0.49076167138924515	-1.4882439489088666	0.42632789026605844	1.277435271774394	1.8198238965767772	-2.091812142171986	2.5222705069906164	-1.989735066538686	1.7482911710753006	0.2763484446294237	1.0831375569987216	1.5489479420917698	-0.2504663771044963	-1.0107404723408153	0.7199060208597252	-1.6033436051777845	2.2054240093805406	1.1520867052850279	-0.8770808216184955	0.30326579052862873	-0.4183026310447486	1.0650026220444377	-0.22407616471308714	0.504289555221688	-0.5690794666757261	0.2934718843330393	-0.2946293343330783	-0.6230855364051279	-0.7569610267087497	0.5751020553785565	0.6989107868573108	-0.38448719225385264	0.6656835938978543	0.9409508471360768	-0.006754864541854736	-0.4250291999467354	0.9893930424752307	0.7899406157895039	0.7480594514033565	1.0717407814267954	0.5946529796433073	-0.23937887376871825	0.4823121848391604	0.4667456994933299	-1.15142415048004	-0.9373434208987877	-0.6245077085106473	-0.1754544210333711	1.3842219746656252	0.11561303429296393	-0.5167851927068146	0.4275072417013944	0.9008267861668238	0.6006204720201692	-1.0863787890427334	-0.7250985737057786	1.2684308406214313	1.5457046534749708	0.10621421490124591	-0.14248348210799092	-1.210106348585363	0.17388832734806375	2.1086735478632566	1.2622169868911115	-0.24488611432969243	-0.62709498686253	0.7097915518933202	0.00838484656163993	0.6113543452161583	-1.1315053171557774	0.8828605861382661	0.2585670430062998	0.22305947542840232
DTXSID9020451	-7.864929338366855	5.658794381276085	6.265002789433595	-7.9417108343660505	6.310917282800535	-2.5440789482251733	6.422591558689115	7.182209518357178	1.5966237245146686	-2.2983653383321663	1.198049908916753	0.5836944760251874	-0.35458641282250813	-3.585784799535144	-1.23524473820767	-1.5963149572861948	2.670541257779969	-4.848556079554463	2.0859192949848024	0.9791013087676417	-3.961736513154105	6.6554379402860295	-0.9379781233004318	-1.6535795979165087	-3.2427464245543165	1.1560775758900417	-0.2976924347161974	0.6105294858668798	2.9895406383015084	-1.84490584057075	-3.2736470131966797	-0.61932958695938	-2.2962476967463323	4.316716681351134	0.8053940409566864	-2.3017776851257095	-1.8776668761996547	0.4810801269931723	0.8358025458817523	2.1496075305802718	2.043883526262003	-1.0116461869613778	-2.561146805020991	2.2667085681647663	-0.0860437594041699	-1.7126038546874902	-1.9081890664502366	-0.28525648884250354	0.12690626372556094	-0.31542853059803444	1.598514913426705	1.8914607698132668	-0.2824786128107756	0.5374233213356356	-1.2726052180285434	0.43861905928234707	-2.196537395799058	0.40749153411655153	0.6086081333146169	-1.1484898873840717	-2.2573636160528934	1.0189231681753044	0.07835428693925235	-0.2574548802122324	-0.8467617762879872	0.5016068268103749	0.9504367577535793	-0.11814154739892295	-0.3301113961150367	-1.4154514670768863	0.7040688273165271	1.1769785091562748	0.9397564495108603	1.820060008361088	-1.1744447929824464	0.46165960112689153	-0.24320550030279242	0.5441759767852341	0.28520351736050975	-0.20008874039774752	-0.8937619120002894	-0.2256132362270321	-0.9766312459213871	-0.607651262067308	2.31074599211436	-1.7467059402083567	-0.4068565628434764	-0.374648477803656	0.46978921909140187	0.08791705937609431	0.2856005368368714	0.26927570487835756	-0.35465107015963054	0.9611397998605038	0.06250621158815663	-0.6377488983979953	0.37998869225936893	1.282179230925398	-0.5266060824124238	-0.49548929480700854
DTXSID9020582	-6.144904960134269	-2.1614834515585795	-5.020546565028464	-4.498166599896668	-3.3221275201527947	7.4736604355066385	6.5841005938264345	-0.9560116396891356	3.1101902862092654	-4.670659977160417	-3.1339410796433738	-1.0621893508630018	-4.124760240079349	-2.231100114246429	2.2499736409870366	2.790567201681024	-0.809504189294853	2.2413676711124246	-0.9857562168769147	3.0527848994673903	1.9325896062790093	4.427322205195608	-0.8397460511097147	-3.7394733263571265	4.325674200927217	1.4728999884942193	-0.3958677183657377	1.9468824040025	-1.4227084692789178	2.1116050280043375	0.013584474971817254	0.5280075495422509	1.5601479120201074	3.46836156586323	-1.2923008480058924	1.8842464761567195	-1.2220104107529146	1.1445723543522703	1.1556554350071355	-3.6465555148650903	2.3584799875569598	-0.8439020845994758	-0.49204348355099425	-1.2406021397961238	-0.8709420543441753	0.477803147716857	-2.3276627393539004	0.2998300148459389	-0.7197852732781513	0.004451548848450469	0.6060006011175242	-2.7162695756956077	2.370824976301008	-0.097725017767682	-2.471123278845223	-0.7590104446288235	-0.028705470585007956	2.1706807154918777	-0.19869722021696268	-0.3317909045720145	-0.5081404792287182	-0.0053818214779359965	0.29693213141579144	-2.5841964960837687	0.754274998225658	-0.42519763004750677	-0.626511877597166	-0.3193144077233803	-0.7798772078477724	-1.320434143254371	-0.1465958260439576	-0.11369194140583626	-0.37452624091667186	-0.663338044336258	2.062015212248234	-1.370236016338466	-0.31121739283561745	0.9222553865136386	-0.8239348816828173	0.6775801571262956	-0.10215397682252024	-1.7776431708643967	-0.2888426098812119	-0.0716214100641253	0.46270860199293734	2.059890926190483	0.06370652489437341	1.6077221850392212	0.32347185744493956	1.4907963376736681	1.0118441075312274	-0.1516158406159515	-0.5708351541354564	2.2012523105579374	-0.46525575287517984	2.2423745522500176	0.3015102803599519	-0.26426275767381624	-1.3454083125395888	0.1312140638423679
DTXSID9020740	15.159964384960023	11.41397814086297	-1.1246767723576607	-5.373135550509577	-3.2498426619708307	-2.3334914704752165	-2.8723438127894863	3.7088237743013295	-1.9582502111115712	0.8075621828462308	0.3991456553831483	-1.6573203400043908	-1.4689391540170682	0.9438992403910823	-0.030677649130229447	-1.7288603301353689	1.3239461563412336	1.5429496621623153	-0.9447679696771195	0.46632649867791676	1.8265343206927724	-1.354430871107724	0.04755644774244904	-1.7689905699905415	0.7527786696643743	-1.3074093814894812	-1.9350691347216185	0.37307442778541816	-2.05114378469991	-1.7125470875827342	0.24977621899851574	0.8823272296664197	-0.1497353141129957	1.0866850505341408	-1.4400531929488996	-1.10833253057851	0.8029934070736233	1.2315804929635772	3.520291168867775	-0.44990107996144185	1.8373611187909369	-0.3960355239857812	-0.134742143259412	-2.312570467603045	-0.009706771927568294	0.13850908504524043	0.7795162304841855	1.9792764592722276	0.0629823103310556	-2.312421636406958	0.6297979517593698	0.1197198391674619	-0.0737211000394818	-0.8266984654913806	1.5431572475856101	-3.5506624499055652	0.5191301861557385	-0.7183221866170995	-0.39240565840455893	0.9588375592283845	0.46597550777693086	0.29520207256250974	-0.9479601902298077	1.8566839094259986	0.4072800869905809	1.1100826559301913	-1.1345380919831511	1.2676159211278277	-0.2836815785509542	-1.1733232187368623	0.6064179747369296	0.807318616181963	2.007137169401169	0.2925989976083202	1.4448477394083075	0.3632397541771898	-0.6838548215226177	-0.31313905584426915	0.6292366227584276	0.9840552168830247	-1.5659804701874624	2.659646175177945	1.0525427273910921	-0.6086367941932196	1.2003878859250734	1.1901008066777223	0.29931280848024433	-1.320815123022841	-0.21517682045492204	0.216716319781502	0.7898157593901686	-1.1194318641663845	-0.23035688072120297	1.1949322334886319	-1.1753973879430843	0.6831208038245398	0.5730171814379909	-1.3597359680165797	0.20364216607451063	0.543173486079823
DTXSID9020794	0.5303769899353218	3.4640454714219864	-10.038623317327694	7.748349818143209	0.37370613284343945	-3.4527752036677546	3.522739802012018	-3.769495290704422	8.9677313031744	-1.453902086744378	-7.039841521222041	4.673360676472726	-0.4117452154566103	0.42903778945106036	-1.674445509203854	-3.197744475495292	-1.1442032214517825	-2.952735988265272	-3.413058650388514	-0.2890548615262638	0.1951303326913045	1.4808094742177946	1.767289839294158	1.8985792716688439	-2.699261704081979	-1.0716109684691115	-1.1966080045606153	-2.5162173282842595	2.9701899527921696	0.9949888722647371	-1.7187793054876985	-3.2371123696539508	2.1567602558032473	2.1037794984619453	-0.8457696353912965	0.5146855802365576	0.3283760123587002	2.264763445414024	0.24149800840197538	-2.160508109785487	1.6939945182701308	-1.0553040775221805	-0.2632129388577715	3.520906887796512	3.519239437781025	-1.489689922846266	1.2398351826468919	2.114155167529845	1.3820903855673916	0.3538260739093865	1.6232879077013909	-0.7225148913177508	0.21013905463331928	0.5409937643827171	-0.9142247303785275	-3.126946241388758	1.8371024346202025	-3.514399117347806	1.5066591987604916	0.3201635304066535	1.2940803606648879	0.7489865153567541	-1.0902235733703798	0.47424709562235207	-0.6505681366195902	0.05646075781405111	0.4887715940503996	2.415523862234156	-1.0757922112796208	1.0244951204200596	-1.6547230358931364	0.8955818268117792	-1.567409045503196	2.0198130112203776	0.39319165227139724	0.7395866360758252	-1.2076092649517132	0.5642769404217387	-1.6329638701849631	-0.5747370466578794	0.6304721726735308	-0.7498554643088364	-0.19247355779248448	1.2214937132304227	-0.8165531287137422	0.05422350211042701	0.7297568254884899	-0.25108691162227575	-0.27904259473961424	0.034625561431614806	0.05404323840246147	-0.03227549302601601	0.5504992986396587	0.2801653403177388	-0.5443812014129592	0.1741724190705429	-0.8564681256523301	0.6166035553632649	0.5770788735233727	-0.5716091823464092
DTXSID9021138	-23.107766580963204	1.453181058166252	8.19500250926314	5.388882137404074	-1.7125935546668254	1.5398184537437174	-4.611986014864346	-0.5412796922930629	-0.7418011972184113	1.4671183333498912	2.311590936128763	1.3690713105450332	3.6963068078687047	-1.370044851408627	3.4755329926764196	-1.132108554134807	3.202548627555818	1.3528275496833932	-0.8612101367161034	-0.535167559858474	0.5773283212375876	0.4051006467508653	0.0034602939564222683	-1.2217515842605435	-1.2143991393488849	0.09719489217524567	-0.035532288130899564	-0.6343222393561992	0.9041352234450167	0.3092904928493494	1.3590901250622314	-1.0026346997985416	0.41161412389795415	0.08712551344561464	-0.8129929981402572	0.8968889240351355	0.8323352186503193	0.5918067044832594	-0.6308040716255433	1.0370479164296034	0.4492653588575839	1.0602736584007029	1.0132313019137582	0.7642101558002368	0.721323253087957	1.1558156568200861	0.8761685371614237	0.5347131346376832	0.8119332706039107	-0.7491811375544232	-1.415902067164096	0.4234240243772119	-0.2963290641451277	-0.07712749794332979	-0.33602072045355047	-0.0868662255012521	-0.7493094210779465	0.77026169951322	-0.4518132011212112	1.5814378075778626	-0.2003664152545531	-0.3285543342237242	-0.07292904614753314	0.6852096732608677	-1.2611448026425938	-0.19715728354681403	0.504493679992005	0.16052464486646417	2.6471140057840348	0.6938205686759795	0.3013402472086792	0.5662029103162567	0.3137507715664165	-0.049980904464523405	0.3983162167894315	-0.46872228641606706	-0.14021350580152508	0.24823844464210215	-0.22727499522350472	-0.020473960741660777	0.5344669505679113	-0.8477399949868495	1.0398779379110095	0.9413669931955246	-1.5056543584025381	-0.0049806477780504335	0.2935874015473575	1.4263270696071257	0.8023528173386621	0.5955370022607405	1.0742582796595244	0.19016399772944265	-0.08925565637615582	-0.2309450124510725	-0.8999600633442446	-0.5210913970542745	0.5548436119182298	1.6766576951434953	0.24006112632581442	0.21827830151466182
DTXSID9022310	-0.8478031829998993	5.891434349439033	13.169132622555242	-3.777407384259809	-13.395697528044742	-5.509840819549973	2.7382361907804422	-9.112529024446967	1.6878836150082146	1.0124376881648656	0.48934621876348594	3.2758772082445393	-2.966672617994928	0.9807878280544057	-2.781183948242558	1.8104480449414186	-2.4579499515067758	3.08209785619625	2.391138409115112	0.8104860537077918	1.3719280922918715	1.1716403500656856	-1.6047205190157672	3.944157568422401	-0.06927808456015773	1.1834399297347988	0.8845157550205902	2.2638739057781594	-3.1539187421271135	0.274962495104153	-1.853213463121874	-0.042878263780984305	0.4414733816053746	-2.5719188746061437	1.6515093595056516	-1.3884540144044233	-0.49311828356847454	-1.118534499904955	2.4306731127730052	1.147998335659526	-1.8598471582403375	1.4507889715683573	0.15281407741023004	-0.35518350515511177	0.8687482999602695	-0.19625950573005826	0.6685407063172227	-0.3037325410882612	0.2399684074689663	-0.04061929814523966	-0.42197922847162034	-0.20376010286919594	-1.604421749196038	0.1428466083911037	-2.0704495089823434	0.07235731794895932	-0.3938305731917864	-1.089703829630312	-0.4891227598668106	0.13199171005848634	3.019172560589827	0.14026598138732463	0.46122837474800077	-0.21488726323418833	-0.3239947357666972	-0.7095198731872995	-1.2720255687456237	-1.1547674904311456	-0.05656779181841075	0.6673831600788099	0.0905701110558581	-0.5389995489308108	-0.5848638991107283	-0.7906634893548121	0.48649045131298124	1.4600478190829476	-1.0275933827605526	-0.09676138798732686	-0.3390065500051449	-0.5947945049655008	-0.7768664013527202	-0.7319435765134785	-0.023248127983099692	0.28167580726796754	-1.0259526329667632	-1.0965739767469924	0.7923993101536135	-0.48096120086591215	1.0111865882607975	0.919527087353782	0.1171288438628697	0.20125990508352143	1.1732513475739281	0.8380911561318835	1.6304737957047932	-0.9163917552302112	0.19668237427940058	-0.31170262678052457	-0.984041335379378	-1.6186380799015112
DTXSID9022100	-20.192691965605107	-1.2979089993560333	9.47651108993146	-1.438566014730941	-5.687008520452871	-2.4816154353687745	-1.4733224286516835	-2.5830971077962817	-4.035247882899353	1.589172997953752	-0.29069004991573494	0.9522342953423258	-2.803831031075461	1.47534837397386	1.9051636923203121	1.6154083860168402	-1.7913921029149844	-0.7972922123764364	1.524721092361355	0.026750203676943213	-0.9767608908209108	1.5110861481153708	0.9255840114670707	-1.2899482402568665	0.6384025481935937	-1.6024762428600843	-2.2725131947820767	1.249634102554419	0.5784708192888416	-1.518798694255099	0.10608535128912283	-0.3053962082794179	-0.23865985481230004	-0.6621864718246985	-0.28785339745970445	-0.5860474558313463	0.9698832526598531	-0.5487989157229838	1.2009482102490074	-0.7366678059502888	1.0431422267481611	0.9051277052715894	-0.7456258995321138	-0.7523645317167571	-0.9849084274488985	-0.002576324721312766	-1.5007834620759297	-0.2406678161836534	-0.9855093455906503	-2.31023406919864	-0.1911449013808328	-0.316655916968737	-0.3271356215707594	0.8134385780694078	1.304816216621416	0.8839837675351981	-0.14067043183330225	-1.2920045430401905	1.0282123192684656	0.19637699890694335	1.880670168782952	0.8922083936096422	1.5100852486741834	-0.5123253873845409	0.5415864045193123	-0.2775475845573706	0.1787480705608133	-1.4291788036425952	0.18727644148893627	1.6197485003060157	1.9667398355712564	-0.2622926090299323	-0.7602268096423717	0.625879401257872	-0.3452390853450621	0.04050259138819433	0.5613111162015255	0.4804437191623886	-1.2602499745327056	-0.2015235020248646	0.07326454719947216	-0.5623711116311412	-1.7059770393292275	0.9815346384215214	0.6656878095361615	0.583376950802459	1.3125778411384972	0.2879085542983245	1.1579015366238146	0.6529373135161199	1.5147098303242938	-0.4874819185553168	-0.4142121172972772	0.15380246780588128	-0.22316655641582483	-0.31914514578489983	-0.07011079114373628	-0.4048840880185629	1.3306904528113073	1.750934224782131
DTXSID9022364	13.044725034321665	-24.70983166949635	4.007482633160969	12.04057954364707	0.032044781197356806	-3.4660449895215555	4.397791433035539	1.9270038928088358	-0.07128666213019987	2.335516037999131	1.6593462666988612	-2.9536735533140765	0.6871679136580937	1.1437825999099973	0.6714953954992846	-0.47276616575737485	1.3690918926744626	-0.14242439312334224	1.4401683362174353	0.9738720298210459	-1.01457526110003	-0.1145791640271491	-0.3808313491921389	0.9851311446497053	0.9652312635525124	-0.5260369435182799	-0.6646191412039341	0.3103771404381971	-0.5573354402413724	-0.8629830393492185	-0.8539115130956272	0.019527814196074245	-0.13992559400423446	0.21306465189831542	-0.2615957216710245	0.12191188548641814	0.11657193907743187	-0.04138065587828575	1.025002707790907	0.628561388006959	-0.5515042387683221	0.24865545374990178	-0.1426509733450558	0.6279442860011561	0.12279799480283192	0.8336683783326758	-0.8960725267686881	0.32608097183160234	-1.0562995974673974	-0.34695997767489656	0.047409876683409756	0.582125440852278	0.44474526526654545	-0.3799068810919675	0.6171957482382985	-0.38539626776997443	-0.8822398782256308	0.24381619694657128	-0.15506081400082156	-0.27598382367233254	0.6379035761587903	0.34693823518731803	-0.03968661800786195	1.1307947438574433	-1.5048244217864961	0.9736556559855647	-0.9312920511134056	0.7252024247863029	-0.6676414098131765	0.3084174080974073	-0.13617666795028005	-0.026442835669934335	-0.6016966484327834	-0.3376987040549454	-0.8743369465353128	0.058682233826435934	-0.7710924869337931	0.5778465001528508	-0.6549520925064731	1.554272310427889	1.0560797055088873	1.288305117321042	-0.22936335595373333	0.14574031235449147	0.9148386331422679	-0.34690750504735	0.8439974414583177	-0.24945116885778473	-1.3595691488711994	-0.17116414168622526	-0.7276049545333725	0.28329915512346954	0.542713062783111	0.5753854334042259	-0.0127712002316802	0.440731675204181	-1.0728980626212734	0.381881632288394	0.7467295609350801	-0.21758698038239932
DTXSID9022366	11.990097702429061	-24.595413438378365	6.612265749548491	14.88167504322292	-1.7044544693024524	-5.311320233409858	3.1437380755250497	1.4050810782396668	-1.552583400299769	2.647989226869837	3.521032626849586	-3.654613376413592	1.209881433141864	3.729296550350499	-0.4800073357172953	1.186238858752012	1.6584291101497146	-0.15335650906672593	-1.2307835531409608	0.7425168349206144	0.44644492839469413	1.2165199309798451	0.1253191947897684	0.16811441134802202	0.7060875194597975	-1.7179353669383253	-0.8659608404042038	0.5802435829337105	-0.18120070264065016	0.47800301711366977	-1.3400212648949879	0.45439097408678114	1.02353577629898	1.1006849639302636	0.7721106179265282	0.4953173867763775	-1.269546512118588	-0.19281051586709544	0.2199839087218775	0.4403565199756141	0.7617093247575909	-1.1086660885968547	0.0051265064871868085	-1.049664264108235	-0.7857863133589525	0.7791029097261267	0.23554865059943786	1.226430079660959	0.498476790128954	0.3592895815991105	-0.8808284014527777	1.059194184492761	0.36476333338727907	-0.27744242385130763	0.6174174303426201	0.651537250815081	0.18012609911269328	-0.8253682295313081	0.052466906536158084	-1.1716136984019363	0.726527185674552	0.7930491061710248	0.3534078769797233	0.14334487313720773	0.07232967395179019	0.34303029454773176	-0.675521231019723	0.05697516060880543	-0.16597211224685776	-0.24169173509397318	0.6714352723460489	-0.18572306458669077	0.8758721919048578	1.2900463286150599	0.2721293029593343	-0.2405331720130892	1.0043679665093528	0.2540894057066599	0.9129104449922516	-0.5453250042389506	0.2722988656454343	-0.573420190362549	-0.1275441842956407	0.1651987309333702	-0.02484921151085136	-0.5385311959421624	0.2124582678688156	-0.8328964409079841	-1.0789864752309906	0.9944088322902587	0.2617027031118736	0.6932297707626532	1.3418216070249718	0.986929021247781	0.25584266357066615	-0.6850113534158495	-0.5321350241625933	-0.1481978436565894	-0.26404808758711784	-0.5906615321337294
DTXSID9021928	-17.003658121290762	-9.187629597900482	-13.176353390801404	-2.614913479181602	-0.8340307444497095	-0.029213398490886326	-5.592484236406756	1.3383263526454952	-0.2757983184496248	-3.33100431402782	1.362147846861974	-0.7146075489489372	1.4465635981707834	1.6958686384600516	-2.806562771981042	0.23023695587902188	-0.6333352152246848	2.2287097931244673	0.3970016616776998	-2.540061521510276	-1.213606952115181	0.847581315733635	0.07595510768865348	1.5174833451970602	0.15358055553839667	1.0189606354619725	0.6981324500768964	1.040615556682467	-0.2463012280552678	-1.4747605526682248	0.3945124729171463	-0.23085714470815263	0.3996578375696312	0.5719997028944548	0.647663763688734	0.07180420498896908	-1.126599733923871	0.15881630448911463	-1.5092006464458394	0.3026789387433358	0.849926244958529	-0.03043434062440237	0.4462995615862028	1.686127235493358	-0.8100122880032999	-1.5783876834377841	-0.7687099583551018	-0.44416637087490707	-0.48098411021956244	-0.18479163665849302	0.23733251308184916	-0.05440003408608058	-0.4492828140792203	0.23625601288661208	-1.1955681416484685	0.10134899111186206	1.0588947939410087	-0.9998349135048377	-0.6660055430034177	-0.912399726878344	0.06176110991832352	0.5436755277858403	0.6371844415986957	-1.4139772832851272	0.13531906883524114	0.33504321177285745	-1.393701199447984	-1.5366280141624373	-0.30939384358279093	0.9885058295513619	-0.1395224086009254	-0.5205642006954333	1.3336291575342463	1.0432582233375092	-0.199303308631463	1.0617771028344123	-0.7213862014186696	-0.434102996243592	0.43239486369333496	0.486080473605968	0.8276385921576961	-0.014590668885006092	0.3812385959978691	-0.4877421204999418	0.357204763704604	-0.12484910900454446	-0.5983385801961075	0.09087869591698096	0.6547214993618399	0.6788652501621278	0.39940263225092365	0.7682350663113784	1.228303203564166	0.4705972976038974	-2.0140878450730346	-0.18444175488357303	0.23410955917200854	0.06572541095099314	-0.9987927188618987	0.24279035706011975
DTXSID9022526	-2.8424909534094382	5.958584101713162	11.859740905077558	-9.33204112625652	-10.602778872274055	-8.299912701300414	2.8270898089990335	-6.07107002428603	-1.2850622658990354	-0.04142587712970326	3.077832612537327	1.0457639133279473	-3.568391209878614	1.0476642199149002	-2.4768331874315086	-3.970902362687804	-0.320969461021439	-3.461272166080084	0.8263262669353635	-1.2469287288048956	0.39593260308006495	-0.8376652060856513	1.3544404333610567	0.6370598105491456	-2.277606203360641	1.2988260696438763	-2.3002040854898094	-1.2618156511997018	0.11716190656226319	1.273553016860693	-0.3041598771811918	-0.6040399881497032	-0.718875543511046	1.0685351450430316	0.09035141196299667	-0.3985766785778012	-1.4387845471232257	1.2507209118166067	-0.24053953810549833	-0.0677407077352786	0.3536274252955726	0.518171111837149	0.13645590735045313	-0.007281009826267819	-1.7939911945235691	1.6259101450361484	-1.5598735166572866	0.4353400266587365	-1.9301605567236981	0.4644488375420977	-0.3887531142879717	0.5145291528294477	-1.0431373804144741	0.6496841193438044	1.5556960876009331	-0.345777285386047	1.926213000847244	-0.06613917556288715	0.6017698478540602	1.3155053654809583	0.040115180638345196	-2.14757675161038	-0.16225341559880432	-1.5269834221384113	0.309343143979607	2.1353888138472943	0.3415078783473106	-1.8470536731440008	-1.2738427459287782	-1.9946075224961806	0.9715473139029327	-0.34411047055085586	-0.7929130813751861	-0.26259425781890544	-0.9123046731740979	-0.25989555544297516	-0.8059120747567253	1.4610317546517253	0.44896466579743916	1.102636809808035	-0.8993486106258897	-0.5111342666554597	0.37741011653011214	-0.4974447437600348	0.7279065869140169	0.25222024432647994	-0.157240806351386	-0.597658770614102	0.1232474387327856	0.736133946019385	0.9476052927877505	0.6322710015674583	0.2595779867787159	-0.29523369573119546	0.2014896713643266	0.898998707631365	-1.7536331202049187	-0.2425412214227629	-0.4986347548943646	0.847218374858415
DTXSID9022528	-12.703019313489609	2.160171914056052	-5.60286353429093	-3.680954384564793	-14.372897570435908	-9.603068287561538	-2.115600516454028	-1.3561607487525502	-4.062468765209998	0.1567372803926889	3.352407882960839	-0.9885956230795165	2.744664914238637	1.5350522183148674	-1.0711899797207416	1.6051014942186257	-1.7010459591905467	-0.8115722428535631	1.2160557422276357	-0.2651416368978117	-1.8116373711118836	-1.0160735169287147	2.7243800002126353	-1.2842648308683562	0.07342816739209566	-0.33259100110757794	-1.3551579892084509	-0.10658682485129578	1.0305580504390575	-0.9450753285390742	3.7095321614394283	1.2190632804816999	-1.2316848982282493	0.1909958932557977	1.6948235257274715	-0.9178272934544532	0.36054804928161927	-0.43245643274959483	-0.5840763868777128	-0.4646635319615983	-1.7832878131317638	0.8750951404987652	0.5382822192123562	0.40736078663450725	-1.0498060264477291	0.22113997240903993	-1.906760516011159	-2.735959937933334	-1.2527852949793465	1.1335199867013817	0.8938567245032961	1.0237725467080836	-0.3104907161093443	-2.3886229413764988	-0.7614687820759335	1.7975991770150397	-0.41492054532419564	-1.4045814805981918	0.22596692695824644	-0.14777520253234788	-2.6035253506631233	0.2778119118195589	0.8448085167739139	-1.5837762864327534	-0.642616606815102	-0.8264345194425762	-0.13081745920601914	-1.6062152861534602	-1.0969841693874356	-1.62162200570242	1.6340125665603311	0.5347866472714803	-0.5374670933046604	0.4831014403417594	-1.0624679418869094	-1.2367347599611835	-0.6546681798149182	-0.9574101508784125	-0.77871270290029	0.526782235458975	-0.7502776427195602	0.572897523301026	0.5544956793674343	1.0391371412943073	0.18123956395122875	-0.17113873844577812	0.8544897790597871	0.4344539827539062	-0.747929670084163	0.21061151191097296	-1.0099920725370617	-1.6005911746469592	1.5010887929416912	0.0633521084843742	-0.7623101366313808	0.07658482938429667	-0.5480461074565051	-0.1872508857503593	1.0448803868386998	0.7074486903226591
DTXSID9022817	22.480955563770152	-10.63901593392422	4.793415306130828	8.632040997269641	-5.2547793925191	-4.771105851703526	-4.287908186423927	0.8360317371959887	-1.0895601430162787	0.700413840277524	2.937136899359083	0.5424335535820313	-1.5092121793183255	-4.679303062263218	-1.9949059767898971	0.4553287297498694	0.3562144384115979	3.244360470377926	0.7544702581660707	-1.773135777973829	-0.37958418032350044	0.42894314512773546	-2.163993989203861	-1.0545915969278716	-0.7203774299495804	0.8545139521843702	1.6235963326239218	-1.4395333422973842	3.4626752635886673	-0.10286589749448709	0.32100784679391364	-0.3264036534039301	-0.21765329546441262	1.3728058682557396	-4.2488346896265154	0.1167140343957423	-1.5062101688611118	0.4768342182361029	-1.1499869634202033	1.8812734201081969	-1.6214361571896245	0.14484237449480755	-1.933843590969981	0.5097935150807213	-0.005258548228625029	1.9860846609232827	0.7302213152375379	-0.7388815091135116	0.4657085884565008	1.1477352753740726	1.6284796119416196	-0.7270307465833724	-0.7827192733799312	-0.15520653859112477	0.1919108916585714	-0.17220793377431745	-2.16127296498984	-0.6247967483533218	2.234336540750313	-1.0458531595288592	0.7326740309649726	-0.5856198584388006	-1.1357337019816236	-0.5121201038911789	-0.5989437087009287	-1.849341330748179	-1.5158693582810463	0.9893399729473346	1.1469511692530867	-1.5159259002507335	1.3235523101882627	-1.1727290914638013	-1.1364820613585007	2.0155689293211996	0.09493674187705371	-0.16888916324666914	0.6998253309968459	0.6911195860369235	0.9717898906454774	-1.8614273216976183	-0.6931611650411768	0.5679833365003998	0.386413343295061	0.49995773671090554	-0.7957462716564823	-0.9565287526498006	1.5970156715844324	-1.0818878838025652	0.8023089590605208	-0.1401825902814797	1.0749624778908071	0.1630271286651328	0.9076366368959373	-0.011903754675283791	0.2660291478358798	-0.643101163532775	-0.21767869728530478	-0.0339828879639483	-0.15613312505541785	-0.07491217989692855
DTXSID9023380	12.525692403592826	-24.723974928100283	5.683377496515664	14.037991902273173	-0.3611449956712561	-3.7081426164559925	4.268208498833492	1.814347689519903	-1.092709039014309	1.9518204520175564	2.6587429014268573	-2.8421385274697313	1.1049841337735875	1.8836285033259665	0.003013832333486475	-0.5152343937444743	1.5744026570827037	-0.7501766684962734	-0.10850672168149593	1.3613073455698537	-1.069027771434884	-0.03282897840920504	-0.6616653437078059	0.17107781600264965	-0.21586314608311735	0.5510658797657421	0.2576343279151894	0.23404752894321518	1.1771688139798409	-0.15587448476604196	-0.6144832292310839	-1.6705969759505737	-0.2862361324535028	0.592310341451351	0.5841934089658315	0.23302171499120578	-0.7374075570879052	-1.0547798359293403	0.9429175960607008	-0.844472268508678	0.1151333438653504	1.3246229474754814	0.217342472245511	0.24723513700100913	-0.5779220752891884	-0.9641259497216846	-0.15970963527359547	-0.44019560945497804	0.8522445155043809	0.06369888243233637	1.4700298826560685	0.056581131218785434	0.06390338438738784	-0.5885728538550082	-0.6095027770076312	-0.9484079198744562	0.17289788594728656	-0.4242445443568182	0.13515519586031816	0.01457481759648041	0.4948814834954366	-1.2792110390240674	-0.7400784423758201	-0.6024883153787839	-0.6942473748505376	0.8624946331024614	-1.0035503196889368	-1.569811785417601	-0.06490522215401694	-0.7541765704104969	-0.30926947554025086	0.028780608375266935	0.14424450379108592	-0.1775077824816592	-0.46408334440447213	-0.24003164868600185	0.06982560256608145	-1.0099040221236633	0.18852805487234728	0.5929262075524662	1.6850762056220072	1.0962471493788755	-0.1528119762744992	0.42491688540497446	-1.097781607418646	0.20163053620544252	0.9388418510907782	0.11415070048392874	0.7717110261506541	-0.2337735314248335	-0.33037184279149046	0.08282978718939432	-0.38847547028888396	0.34273172866320556	0.07095933125292615	-0.6164120171253633	-0.39482613321144633	-0.6520155148361637	-0.14844899789500707	-0.06006538040488374
DTXSID9023881	-3.0050901598721365	14.741609044692655	3.95623408770556	2.316617437030056	9.417044134329068	2.4489186086391177	8.914137910554611	-0.8267713131938438	-0.635327455456511	3.0188248965549334	-2.3691564118789805	-0.7558162080165948	1.5231577782063295	-1.5917184412858645	-0.9471483576049616	-0.027149696513881046	-1.9769633347591045	4.465237515738821	0.4953248514773205	-0.678615352787693	-1.5705715939027434	-1.1968743436423297	-1.0674545742801855	1.4931378366451866	-4.27773103509635	-1.8918944828250153	-0.5028128691963623	1.8219335189473629	1.5645830675772143	2.290509059074229	1.9168235409390602	-2.4195799838297245	-1.3212095072501269	1.2161162998046804	-1.5820356450784032	1.7345841060530192	0.37411427625799143	-1.448842697119591	0.44075080717434567	-1.5938174058965027	0.8378757266163132	2.964164199711769	0.6934202516055266	-0.262294517071998	1.2719361769047448	0.2346409498734255	0.6065073766617357	-0.8638765111329384	-3.5542531256362055	-1.3828095087434606	0.04567230675687302	-1.1085023390050721	-0.5835670095616771	-1.5820755475698185	-0.9168669615420142	1.7772198991458485	0.22328490810557	-0.32368722318636517	0.3750159052242092	0.3443645409214056	-0.10395937886463578	2.001205422670121	2.038032397291534	-1.2748975707156744	-0.008643283286826073	-1.051180255327884	-1.9388554766288775	-1.2562728917940233	-0.46037716689435065	-0.11424040254480668	-0.9165652517578075	0.11354458719099537	-0.9062349380170885	-0.799594885692248	-0.6257454039899268	0.2810707479015513	-0.45798270708507677	-0.04024774234176015	0.5183044850563141	-0.8316975883471925	0.8425766241928558	-0.04080231999340445	-0.5556625387096674	0.2196810587344729	-0.8804479444588359	0.5156443908356797	-1.4504579164584857	-0.26052984615895536	0.6843066381834167	-0.6864017972535994	-0.483289941237876	-0.10391406289254984	-0.40498710265689275	0.988543571625071	-0.8665379677127026	-0.17307477290579842	-0.626186541379261	0.4872105823219786	-0.6984247235980654	-0.1719173558877533
DTXSID9024304	13.92411937686268	-10.294587751306757	-5.425358818581538	-9.863558305879241	-3.37938591559715	1.6367558179178983	3.077249424894844	1.9652212158461166	-2.8499878123661597	-0.7150460074712647	-1.3338227172189674	2.7755761631235663	0.45422811713850436	-1.1906794815327868	4.098945148342855	4.280710439018114	0.43240450575286266	-1.3808860544004284	-1.0522841154907396	-0.7303616135619988	-2.1344204870583474	-0.3636702420452947	-1.0818312581542011	-0.4538034392183336	-1.5947602286353617	-2.396975592990615	-0.7507715723964238	-0.8487276349189955	-1.4195528894850837	1.9764984317353531	-0.6703069671389809	-0.4940404545046691	1.3265839802725583	-0.6996200954103665	2.0033726822375804	-0.3829636744252319	1.6066621065977365	-1.9118331170260519	-1.2220140192701732	0.0794542559003886	1.1943225829810376	-1.8483790097776507	-1.6916835082989103	1.0284793682622149	0.5565391624182127	-0.782690326770007	0.5622927790860881	-0.9593522412842687	-1.0021612553437071	0.002869528282797372	-0.09599229613096467	0.06624917086105858	-0.01603309793743614	0.9851310546951739	-0.28575003943677324	0.3056210748609339	-1.7161225118972698	-0.4772719537715003	0.1520153873086991	-0.17413303732966803	0.8762023221451891	0.9653100291046948	-1.9474958884453093	0.052575508573295106	0.15620519494556268	-0.2834974361637843	-0.8937139884268676	0.051506878690441744	-2.2708531291607574	-1.8785788690634662	0.7481925026952845	-0.6206325730274388	0.4009604251820217	-1.1829851712985748	0.666332083791898	1.6671720416716334	0.11277524186515736	1.5982573064320031	2.292434891486681	-0.2047726970540141	0.5853212762049429	0.43704976448630345	-0.7062730028907058	-0.14160633220201277	-0.2329959397267504	-0.7875562476206224	-0.4574147826462772	1.485466837684339	1.973847705609942	0.1855724620431198	-0.9801587466169597	-1.2867659550288155	0.7535751340060685	-0.471215908642082	-1.0323864371280214	0.6627845816046168	-1.1161095492752962	0.2798219111264312	0.10247059610283318	0.6280366635484826
DTXSID9024485	-14.0716653185103	6.664198726167157	2.7073103662602427	8.35825858191011	-8.418762971707592	8.38468024307613	3.3143762090958004	2.150062746168558	2.8100905270749026	2.5014154651709952	-2.0071931047426705	1.7053880559316674	5.891149557227271	-2.0804302871738125	0.059969909588336	0.35198156867059543	1.9662465225699202	1.7115728287664713	-2.2216944004368946	3.412595211923894	0.3727420501136416	-1.592969151753735	-1.2808983458041912	2.9201791537691717	0.9197907581028464	0.3863052727497392	0.40438870478622485	1.3666729707202108	0.0857427702763052	-1.4249499162169215	2.756973323346007	0.571844670149796	-2.1580813963736367	3.025783529370547	0.3821261642732116	1.1874591407408372	1.5182943585400963	1.6485182642296285	-0.23342740294485081	-1.5917676159614755	-1.023328203678612	0.25825787106128045	0.6019292059493679	-0.06949039561596036	-1.1049711524572583	1.5883389879193524	1.3607152108618141	0.6900644521796957	-0.2652586721968527	-0.16578502934040748	-0.3828616389660995	2.4144728663956716	-1.6724438441969265	0.14271938106317344	0.004021962791252553	-0.13755841039753494	0.5409415372842578	3.410142200004165	-0.6791296964218052	-1.1520067556627744	0.06730019351076104	-0.4667637665088729	0.8691889670640826	-1.1226339838920296	-0.7091595087725754	-1.6884423644878352	0.4211638824768547	-0.7696628414220933	-0.3593786542722337	-0.6449910082360706	0.465851734735355	1.691529718830401	0.43669389872415854	-1.435388452291728	0.8768841669531631	0.410498512610104	0.46334532040243287	-0.5463765317618197	1.0236643427506105	1.4276569918932247	0.6969078511756855	-0.30049084151114636	-0.7643176757328813	0.41458830190730134	1.298057831105623	-0.29536947107814776	0.43707879090416185	0.810850747007881	-0.20477509560897045	-0.5533362559996706	-0.5699608966212316	0.9080281771272183	0.6619151289357095	-0.4383668800501939	0.8078414625926877	-1.6969198217726185	-0.6927171743807377	0.6104066894575955	-1.7714062879486443	-0.9276970243592769
DTXSID9025401	-5.0387609960810735	-13.905180221121814	-12.937725933843417	-13.44540602713322	-1.283389376896677	0.976237645264509	-1.3221606719467918	1.3318628031358777	-1.4111868827715823	1.5548343736787693	-2.116343873670924	0.32853637472301883	2.558127411134934	-0.8342376166311352	-1.606116290415427	3.6581943815708637	1.7786711585811743	1.1476678525066442	2.3994716387484987	-3.4035461041020176	1.6822802813799997	0.10234481152677105	-0.8455770431413911	0.25312308836100444	-2.403952357690169	0.005393443215457965	0.3386561782965551	0.9041771549728473	-0.48070182962105396	0.5510867371933157	-1.2574843782554257	0.47215221146851977	-1.462393578201783	0.27043629447280687	-1.8453853324462084	0.6413186589626947	-2.2562575043257507	0.9805072535174224	-0.22532769147110046	-0.7511363570558366	0.29924273381051986	-0.9826942665958447	-0.015432755494033624	-0.3021061145417715	0.6588880190986468	0.33871600457933354	0.8183489188474478	-0.2010429529945934	-1.5673458556389401	1.4596888246026127	-0.4252793783867538	0.816692957684617	-1.0855111976448089	0.4297609106568043	0.28346474389535103	0.8897711961913735	1.55749625080116	-1.8110986186816809	-0.07846476145004687	-0.7277213743025068	1.0215378474715089	-0.0838561816067165	0.8205555053898527	0.483182671726524	0.028772336834438517	-1.248239625003103	0.4057138187814966	-0.46491347519801646	0.9417492630309191	-0.12749137736455946	-0.07315356792257932	-0.021360400434185835	-0.3459218671326969	-0.4778922824930536	0.0962777632646805	0.14794970329834914	0.6391801811623541	0.9227301406508406	-1.0315738729219452	0.09583444167846414	0.37487279665865597	-0.8004759866423461	2.0619032567898747	0.37263899966389397	0.34480749569019037	0.8099944344246912	-0.5648514574084377	0.04345284870710458	-0.5881164177072176	0.7309325932297491	1.4261972687242368	0.05275477434460979	-0.7051144384130864	-0.38461748725448447	-0.2590902836746207	-0.13903303226842856	-1.8501525631462967	-0.22100181222536291	-0.08014515624039548	0.09717238919128568
DTXSID9035175	-10.138087528988146	5.770014969632209	6.782721095892153	14.866760945027515	-7.936363457677066	6.106844613116041	4.6254969624390885	0.9780242373151842	3.423790354029512	0.5291966612181764	-7.8562660424212645	6.657370284558848	1.586613256732913	2.4826060758999455	-2.6869565504844983	2.9530176268388857	2.198307366100879	1.4837301751218854	1.1162647090389037	3.0849888126477802	-1.6109051029069328	-2.244155730880852	0.0957692036688023	4.371536956286318	1.5836075084789856	1.665038526942178	-0.7282004321795431	-5.206497286878699	-0.27568999717960296	-0.08088754778237171	-1.3498208072872844	2.5953216522774163	-1.0378081844662126	-1.768788014175227	-0.23456745621945765	-2.765515847151816	-2.9003477954728414	-2.4780441873137358	-1.993058944030475	-0.8551427600552047	0.185521526102649	-0.36149554031872283	-0.7534800603127063	-1.0828224307507697	-1.9376497818054084	1.986362419881936	-0.055613667529481485	0.8071599211165503	-1.2341312568298237	-0.34151567820624973	1.54041881764025	-0.9347156677058818	-1.1057653635321525	-1.2479790900562229	0.31868511601159066	-0.7103504786962487	2.576721079474804	1.4698982947489818	-0.13410035924322705	0.05589694938251474	-1.8452715202003913	-0.8119293803664582	0.13019997093187266	0.6320182562859795	-0.6371247999422202	-0.5448762178226254	0.5725656584351924	-0.14838504041146788	-0.8216320723009086	0.8683089657441864	-0.9281604742945115	-0.0030412609060881325	0.07244652892950527	-1.203458795563787	0.7989379018873248	-0.21863816319652057	0.08914510780613064	0.6462016406876889	-0.7151226767645784	-2.146114186991759	-0.15163287611782725	0.7804250159600886	1.0679723368913367	0.4479230397779815	-0.5461821463560592	2.0694135108536535	-0.8937120113537564	-0.7089459090124077	0.06594914691452736	-0.5931262069085088	-0.4714595283988381	-1.6757007348661817	0.649646963677044	-0.9665295167747734	-0.8521292370220216	0.275637018293697	0.5324667099266686	-0.006212408978781515	-0.5790030483735272	-0.12146697075446594
DTXSID9037539	14.004795921998888	-5.154121740543319	-5.880555481533661	13.597795761479812	8.625376127517875	-2.912552817180454	4.44110775720043	-4.293912579437114	-2.2406996081028985	-3.3277292777934098	-3.4184733290944673	4.907451459932283	-2.9461100868308154	-2.755027293725176	0.4946530253526984	-2.098919481758785	0.6903832076137338	1.6240592672460954	-0.43931468675942603	-3.608514267831695	4.179526500031196	-0.5167355080344092	0.4049985391157	2.4006320075201826	-0.044730744837224015	2.1456591679343586	0.4967107108643931	-0.5924692308024124	-2.8263343022081417	-1.0127172762389727	1.514025802817928	-1.7092600215333016	0.4114864151107902	0.9373659461148622	1.3570921482433418	-1.1876662889709213	1.7163129294805737	0.7877545462432891	-0.11426753883731111	-1.2680773512963674	0.37606989238400124	0.15756256066208235	1.8702440520218784	0.3807475581373697	-0.045570407367090664	-1.7203448235440062	1.4356995800342165	-0.3134934228652314	1.8545453701517136	2.2761970259313116	-0.48214871229484785	-1.6403697929583716	-0.34413249843684296	0.6190095800094896	1.3670370173193822	-0.8725186124605696	-0.8112840266029913	0.7106641891080521	-0.11846236556861363	0.09028699663870254	-1.767836814953726	1.4922740613576206	-1.2745484436428425	-0.7322669059390251	0.5533724946077855	-2.5427831349474044	-0.26480965799845513	0.10316514102241243	0.6459107488814333	-0.9474540033699203	0.8472632015761463	0.40564117053986154	-1.870400124969744	-1.2470859551050313	-0.8450465933414478	-2.153619780169051	-0.13125186362226354	-0.2630056148549725	0.835918080927684	0.2542372278361243	-0.08018631600408906	1.325922017203357	0.09270581670136044	-0.037925019510828537	1.1270194916956342	-0.5731480177117821	-0.7010817126735726	0.19378524262773392	0.09322273057632857	-1.1523885432965386	-0.15468877609102646	2.054457677652354	0.03375561579468367	-0.18555198287023258	0.14087331879227283	0.886229405088704	0.4629937000289649	-0.005718520288409369	0.2576555197123181	0.06633237844759687
DTXSID9041653	-8.809229203405408	-1.1843414390792666	-12.940418758931258	-1.532850174812481	-12.460128718380501	-3.516738130284162	0.5957691899811106	0.6543834598784574	-3.077127052971754	-2.7351923197957686	1.0767924139660212	-0.41915616355510527	-0.8422704918189599	0.565950160885449	-2.8207380953713304	5.767619180469173	0.45349761466766314	0.8406558702812539	4.194933465941618	-1.0046464291613837	0.6336825610597502	0.7434892906377205	2.675812802262084	-0.42142584582229864	-0.1970055721984354	-0.6237696986376715	-1.104148073230603	0.8994046561375069	-0.1618836361265835	-2.5546585825932593	0.4486585259875043	0.5777525631163734	0.8013630575854332	0.21671889885926132	0.4127762137986587	-0.06578825022057982	1.659671370285094	-1.4850167769821045	-1.0161751049218712	-0.5831133196932771	0.21307234885193757	0.018492036452249196	-1.1725624480989434	0.6756427550882895	0.7640518738197605	0.9073155349648923	-0.6177203401052528	2.146572900233935	-0.47887728448954603	0.06699170986277278	-0.27443413929089966	0.8857761775242061	0.38885037804573974	-0.6548597934579673	0.228813019395324	-1.5441438355165782	-0.16040000241042895	-0.8199872780292135	0.5680808834652762	1.413127769871606	-0.7892108982655888	1.1480915665378555	1.7067652696314266	0.6658710070071077	0.9499613589750843	0.5206226732468286	0.8906550469356477	-0.9821482400223147	0.007403993885292819	-0.026735495769741838	-1.5985403163687044	-0.6753484400747449	-1.7719187321120966	-0.7184324119885527	-0.49282134365534896	0.6139501802908282	-1.1978540897134753	-1.0876493043461286	-0.04529888654426075	-0.629123362074522	-0.7357114271669675	0.29716258682300994	0.240971325389628	-0.3483542225773341	1.5486405094194864	1.5171413869886505	0.6691162756519127	0.8646481939901329	0.6121937994885951	-1.6126653718292094	-0.7301074012119328	1.2231814382237214	-0.21905784870533954	0.638860683172034	-1.2352369370391578	-1.7264455392909122	1.3845801364361128	-1.0566960194297466	-0.34885597000870827	0.2807585420916755
DTXSID9042209	-7.043503595240908	-20.483070273848057	-3.310583007964821	-10.674074175150318	3.8579542337676966	6.583212299463271	-0.39082588821821695	-2.614185944377112	-1.53018305175123	7.495484408471645	-5.938966414295679	-3.5828671853971805	1.4682919039831077	0.894901515671745	-2.373501688714224	-1.0571545308595538	-1.3761256532187298	1.0694227255808626	-0.8414474259351455	0.7278800303808947	0.4158629776910607	1.1416751467493083	-1.0616470574137855	-2.45346122336404	0.12288547254991332	-0.4492004037975341	0.46997945856000123	-1.7090964623433949	-1.6134916196553863	1.0446242721680394	1.010131750410155	0.9995210761035181	0.5389973034783905	0.7801797635625077	-0.40588682730909664	-1.4940596579123169	0.8471451323266657	0.0634294497282122	-0.13177364331145253	0.44572900140780586	-0.8824195097351282	1.0389322883931484	-0.1379394789230574	-0.04293268247221225	-0.19373387592218683	0.0531774466424442	-0.41707722155304533	0.583046524823498	-0.578171672627035	-1.2608222462729377	1.6709667824420422	0.4246928268701938	0.41314686619810875	0.7314296055006646	0.4108570406029789	-0.03326961910158073	-1.2920851581740052	-0.12092946238555126	1.382270198832847	0.14872738439897873	-1.0284497795435237	0.7408026191167612	-0.6298981189920204	-0.04116711649041054	-0.27021128151290325	0.6401015340004377	1.2867251150668593	-1.8254083917922554	0.04894452914351245	0.01489084772944578	-0.9127689228604468	0.015737901281828302	-1.0686866856528345	0.8236030928977328	0.9208439044585985	-0.9788383195201174	0.7046221771289215	1.0152970749049495	0.11560269092483112	-0.36616527311421043	-1.4155606029117855	-0.7706409240638934	-0.05869468817351803	-0.012730705925915787	0.16911033444509557	0.8888392429873412	-1.0032100119941438	-1.0260908790942784	-0.027733985677800173	0.8565244502134262	1.734853943995767	2.0463001241650987	-0.03691007527660145	1.184453768258108	0.6510314018170277	-1.3259246348152036	0.7218572664163683	-0.2742941083984679	0.522475198183516	-0.2416527552886618
DTXSID9044164	-15.956387567559684	-9.422370412109053	4.611011114559398	-7.9762943906967525	-3.3612124195509216	1.1105162612486708	0.6269052972258724	-3.370436154280462	-2.254052886560487	1.0800833954532476	-3.0451159047925738	-0.21856927452152689	-3.0758269969086958	0.6986487271330493	1.5012219461140874	-1.1548930327668456	-0.4852149086466983	-0.6884377553870199	-4.363748828625757	-0.29381137588283396	-0.9545655254919033	0.08027521593442011	1.2681005541771109	3.604649366759458	-1.126026508809515	-0.36052207588816515	1.2529349606165525	-0.05558129444230961	2.006903741388621	-0.2803157067491957	-1.905899568827734	-0.6321402206563302	1.2680458419384593	-0.47593955783247205	0.4800798481757764	-0.5069506414803894	1.4574208749387823	0.07375586617269382	-0.20492701843415262	1.659323606752807	2.6960391867151734	0.9587915460220491	0.9227767927083911	-0.5569109291835712	0.9347877128157545	-1.939685521297895	1.1145141184971745	-2.843661804752835	-0.22292676239545578	-2.2091391237316236	2.275717011462228	-0.1800405577871172	2.4804297215180444	-0.4997805713795274	1.232722545235108	1.3438807331254337	1.4488173702211458	1.6257703344999235	-0.24871484611766032	0.7287234183050333	-0.4878139534406941	-0.8422546914162268	0.323956065699807	-3.355021956602811	-1.864878049251434	-1.0300934568899593	-0.1289851410025598	0.19696276956798509	0.7403854456729898	0.3621783034023684	-2.451475073354441	-0.38300488826476614	0.3377892644255264	0.682284366879333	1.8076187152628156	1.9088899193428754	-1.1732471775853157	-1.0694253308988755	0.834287870580547	0.34277559291973264	0.5271032461243652	0.6432074815970147	0.9662039392999001	1.7317253286006955	0.43431929828672566	0.6388666333595739	0.34186789581716387	0.4738630300072332	-0.893661006161765	0.5412436669100757	1.259592598058449	0.9016420566000913	1.4403955257629781	-0.5580809995821544	2.072064807117844	-0.48900407558670256	0.8281731507338084	-0.9446179732328246	0.7347801671048182	-0.026474367455771943
DTXSID9047259	0.9536233883964165	11.086514330595941	1.6852635784773415	5.322637993851926	8.704368751794721	2.821574555270885	8.749791363481592	-6.64727367350969	-0.45272298343963213	-4.386181959891767	-1.115356698054495	0.8910538542300361	1.08359230780203	2.1993928492090897	0.5089179532867639	0.8622280977707636	-1.3586967631142708	-1.0474862383110737	0.19839591701362938	0.9385885849001233	0.919235647556052	-2.1250629000932864	-3.4305190130029235	-2.688968852133529	-1.779387964543939	-1.5722284155618704	-0.5051415218431193	0.6976050994763456	-1.9282575033218623	0.09927594016490361	-0.882408879816587	-0.9979902265375659	-1.0427250798541992	-0.1885487243547519	-3.339735197907489	1.7462278813399132	-2.009431883708001	0.9428522789295024	-2.5819166788114654	0.7199731308292953	1.5910290800317928	-0.9195386001780752	-0.4882175333193134	1.4602450338586563	-1.6361878137819093	-1.5864989319332146	0.18157441569086252	0.28561131176748494	0.03109144905323418	-2.0375627061778294	2.260480172923996	1.0222681614379183	-0.24897989126801415	-2.7152382332578	2.07961865995064	2.556710557896103	2.5403429618338427	-2.288510820390091	0.38327071921430406	2.9858736302263167	1.3441836762255157	-1.2406480493886785	-0.8100485419506431	-0.28986042356275626	2.014101613075881	-0.8048783576459094	0.37958749990253093	1.1217552584310324	-1.37873560981125	-0.06127827758091074	0.38247106781370105	-0.19497078950142982	-0.4802171281489517	0.12441301076435413	-0.0774966161687055	1.3995943318017845	-1.0433833804120938	-0.677584525419862	-0.39749016003288573	0.4284747429066882	-2.0717564260969246	1.1302711791512272	-1.3676625420266362	-0.6259017570402835	-1.0846482640979214	0.24601689624900652	0.4503646213117956	-0.8216527133046032	-0.24355175860287226	-0.8779951436791993	-0.7445482236886327	2.2428762244568894	-0.6872057647670117	1.0525974565324312	-0.2867034561478603	-0.30867732007770676	-0.9762960441428588	1.305007883026991	0.36408210297504906	-0.048830423766015096
DTXSID9047253	21.61184335610941	-7.044513500448941	5.905548920862825	7.716476128210786	-2.5017857359357727	1.899486174117564	-1.5039496532829375	1.686188400185018	-0.7323067814995449	-3.3312647691815367	-3.0408454186617355	1.9426132309450104	0.16337407051533942	-1.1423832799247438	0.889848008220447	1.2102545248647805	-2.037598619116177	-0.8350425940504779	-2.1874537905937115	-1.8018976718925395	-0.13874904429106943	-1.1100475958132852	-2.5378721610568844	0.18086909243200072	0.2802536714747804	0.1859633663357411	-0.850599184233898	0.6399590933792333	1.2909004175276473	0.4772842578692055	0.8487962519688095	0.11399511878294816	-2.3961422590717705	-1.5320167707566368	-0.6983273964331961	-0.9649823143227505	-1.3054544663760126	1.418889309807255	0.10310710140030382	-0.34460783707541115	0.46427058578714714	-0.018076988341475034	-0.3797450549633923	-0.5418802949748422	-0.28730235072173266	0.5677072725773655	0.8281468376405315	-2.3979690614607376	-1.272154883337428	0.44095797634114464	-1.460264711770521	-2.023212930859731	-0.32855142420822714	-0.17123718334463284	0.07597544129229274	-0.848109789049577	-0.9483688726750986	-0.4569460661947653	-1.1632066172556563	2.409454249464954	-0.41183389596398934	0.08470100796899886	1.0107801545904793	-1.7278339002850576	-0.20433632841988886	1.4780913579096866	0.96543981300072	-0.2560358919685292	0.74886882553686	-0.5585233280054732	-2.084457453452541	-1.340060088498861	0.8538481342653421	0.8088255944985006	1.4981828627160279	0.14950613268862878	-1.5934598234903825	-0.13019262242948	-0.7965900804753056	-0.008524718833175658	-0.7445753805295751	0.1948523406676064	-0.6156818778954382	0.5557652383541557	-0.34342799552321257	-0.5808914726164923	2.186823153542912	-0.6573263962475719	-0.736286547201223	0.8676642214459303	0.6432405028043665	0.6152401678191683	-0.16647151143216044	0.3900097123831617	-1.5416490693189238	-0.784879769233812	-1.1633980602471854	0.22524796555532028	-1.5267617327562197	-0.13085043601655122
DTXSID9047330	18.666670529441237	8.313824073185593	7.968065365654343	-0.24843762917375517	0.7111186647996615	5.715581325653623	-4.761377764715604	-0.48628819549424196	1.1208736818708644	0.9683852184145187	-0.3785091953574701	-3.135952877215067	-0.01290766706456806	4.115531398778783	-1.9756483015004176	2.501254613107341	1.1358388701718591	1.5669091989307624	1.1860559739371692	1.0980100685195742	-2.4085641797839483	0.52650975185245	1.9775685005631634	-2.337679597376594	-2.2256881250096643	1.1370602235160991	2.172534827366831	1.308287325955119	-0.8913455816709905	1.4400685118665746	1.2500585279247902	-1.265307438758105	-0.22933614502583619	-0.6399509773750287	0.4247266172233998	-1.8934140458950317	-1.3709369710257313	0.677744410682058	-1.5250008845952783	-0.5047124499323135	-0.12740294878908762	1.546611435436479	-0.5761949093599733	-0.1632516595188317	-2.8032341627936903	-1.853414290196199	1.613661694255327	0.16800969503994548	0.4230330342637194	2.1992398716683272	-0.5521107258906693	-0.06926830839398779	0.8781826610139107	-0.7133320212970443	0.5563970223014755	-0.40682443440643135	-0.10080325188540272	-2.8620229242746085	1.4397340894052373	0.29998565462652255	-1.9786030013017335	0.4743572086209868	0.6636338518439386	-0.19631793098655848	0.6249969393024629	0.24208785708263483	0.4398958773929217	1.4472191217712003	-0.8980102818221384	0.4404462556470255	-0.33829723529543115	-0.44333225456489694	-1.1676269883742854	-0.3598452284369774	-0.2758693506532257	1.7599430782195706	-0.05811070680094698	0.399883168019424	-1.8423629319384585	1.0082993546838137	-0.22239443222899694	2.095477865873461	-0.07341393525805798	0.14531680437477126	-1.4102738189194426	0.688302376975817	0.3866562533882862	-0.5442153494088814	0.7848193879402925	-1.2750984700994397	0.18053823330603094	-0.18099417469059137	0.736033305752449	0.45531175621053777	0.30288819262444777	0.03178447499415716	-0.32446468416290897	0.8113399163917321	1.0588410458171558	0.8733025263967726
DTXSID9047338	3.446862882248624	11.384805217758814	8.905864653285278	1.2007280394709536	9.301398715151343	2.292651529464222	5.970435251958164	-3.1763384158066357	-0.4676694355004551	-2.196320443650452	-3.6065629303472813	1.6205859739380113	3.619116710852955	2.545182330658297	-4.5745050406374155	2.824906745260657	2.7850030927881844	0.22094038265498717	-1.2994398089029149	1.475286814226877	-1.3458667909318356	-1.3836108449179698	1.2157288377974433	-2.5539575201923377	-3.1645692622148465	3.5079782193158815	-0.3063035331016431	-3.262223791069826	0.048828551609289506	-5.599306202295373	-2.0776504958316173	-3.210985614985299	1.0572667780503058	1.1283433185469762	-0.11283700524352563	6.349589392519768	-0.11687932511123789	-1.0500980170228067	0.0614107870770606	-1.5311412351195872	-0.2801254845458586	0.9988532184916248	2.454757996268874	-1.4824005346424154	0.42185518184216286	0.5978780706370274	0.3120006621678943	-2.6187648925575413	-0.04873577038066015	-1.910709925990167	-0.4415152698803099	-0.8368643982377688	0.3260997042537895	0.6106301537218146	-0.6738026708699757	-2.0452276451721048	-0.41716608216739876	-1.4616971860473693	1.8628805088257596	0.1811627345803937	1.0924321882223174	-1.0935233036838286	0.2517169047641026	-0.2884871526014443	-2.48229761352308	-0.9606483273685824	0.16253665675749	-0.9251370266231118	-2.3406572313894456	-1.0594063419049866	0.7771026011844695	-1.801663826065295	0.19813315638525505	-0.1062416471102878	1.2989738603055787	-1.6726189263361668	-0.3452402999556244	-0.9363269312379334	0.33311028722269	1.6625763884891476	1.9013612797190302	0.3738891912149304	-0.9109054015758944	1.2729351535293685	0.7901295646341102	0.4986314441957611	0.6120154184644879	-0.7083086177287468	0.6562387579296001	0.2990593272730466	0.9586067084780078	-0.22281851220234744	0.0247143863212809	0.5193294852381073	-0.35188184902424496	-1.047287050047899	-0.710530441130817	-0.4772546588077922	0.8513997524476075	-0.4732598602861018
DTXSID9047334	19.00146392551677	-7.438186891950635	4.659061611991747	13.333095966023915	-2.301541466414516	-1.1129248341782674	0.3152110724353767	-0.5746753581101245	1.1575438507086317	-2.1188947148616615	-4.971404911198093	2.7905825611397006	-1.7778869992665602	0.2822681833433157	0.6422002092203339	-0.6540838969093176	0.4976588245983188	-0.9660149866275299	0.9660750762855443	-3.343498467979761	-0.7389453050512235	1.2853535754326277	-0.4761844874669934	-0.05733449445390288	1.1217398084144754	2.8841848379778097	2.216834459201884	-2.7106302551013237	0.43564037962886887	0.8838150782059968	2.4608581771212474	0.5980609991884773	-1.8077958551582762	-0.7477807535215167	-0.3417020582841893	-3.8591640904546995	0.9628246323863507	1.0806211605698612	-1.9965126350753724	-0.12729082174422682	-0.3268566853905777	-1.5470444406639798	-0.6863782753681555	-1.1536322179698058	-0.2961061198135971	-1.744782264414009	0.5300015489901185	0.24578617515616422	1.0378581832138996	-3.0478002485463165	0.99170507996119	-0.37338369868917615	1.6982656041871227	0.36163086590533094	1.4480584510113672	-0.5355922148875137	0.823753710198602	1.8344356087808933	1.7234009547815659	0.8823976757430884	-0.30740721628716516	-0.8849077030476027	0.4929016334440138	1.8354325651046848	-0.9030956436497808	-0.9136494318121737	-0.8231728948056503	-1.0239394194188318	-0.9283775787562889	0.20567163965151133	-1.930464724296669	-0.938952249792838	-0.9165580096534904	0.06035002397201528	-1.2060609311017336	1.0458029304256868	-0.45617858667432815	-1.9706026947190545	-0.8962482088036277	-0.6642668538684939	0.08435718360721516	-0.36752460132709025	-0.7150869705263037	-0.5424511341604955	-0.5748372463221973	0.4428799521171787	-0.30591675552674313	1.7889831600017438	0.3683619230509657	1.1459733214513292	0.4835886984455121	0.32894695018397185	-0.6070368536117857	0.5513048335365647	0.5770518572683896	-1.0253543706997938	0.8287702702521189	-0.04971314971742903	-2.2918550017899566	0.2476466881053644
DTXSID9048510	18.988049014880403	7.60130925073771	7.194140692613584	-4.038475432717891	0.8779935530675058	1.9209010603226437	-4.789708750401428	0.8606500210696049	-2.211404363417882	-1.6323517991313965	-0.9380796995035412	-2.4435844176754897	-0.8364407340255208	2.682073039347168	0.7329948509441782	-0.22149333075138203	2.674160520430723	-0.4370955710763005	2.339129539787945	-0.227381659020571	0.602760157877619	-0.5549104656265603	-0.9392734464600823	1.244576858024155	-0.8959400822866239	-0.0972281479163023	-0.2087902614442759	0.4292774944911732	-0.9307641897985245	0.8730352808491225	-0.22283538817507484	1.672276009641542	0.7761481026571959	2.0215949024158917	0.19704686954591774	0.6684740995318014	-0.30420283145864835	1.7367251301941455	0.0658124193454444	1.4590801363329127	-0.49921010020351186	0.6880978833528603	-0.7817368958021467	2.431210552439203	-0.35671648720624427	-0.7323581551586579	-0.22489688135650115	1.000597935053142	2.0201306427156243	-0.12028969747556328	3.156853086849317	0.43555424149552524	1.2433285670411265	0.9147850560932748	0.2946027042384235	0.6257679095462456	2.1446047371427963	0.1349143249405858	-1.3928331592918222	2.114312700586205	0.6776348398988384	-1.2174134028375356	2.8215869542384873	1.4099204847563667	0.7499541424090589	1.4282814336290068	0.2744167418051795	0.8421987242504912	0.908069907641036	-0.8154281458010078	1.2022361789653389	0.09114353250218334	0.08652990877286416	-1.5323782247704536	-0.9504450184724441	-1.0249156018944223	-0.49696241149607806	1.435092773188907	1.1232660201207738	0.30680249942370674	-0.5691220443203413	2.08106673203783	-0.7959183569603041	0.1100660522402139	-0.20821369225356484	-0.5868227005743748	0.45980409545038675	-1.065302538994724	2.0812889660517815	0.052572938642018105	-0.019854998542788584	0.5592111844091127	-0.1573326627239602	-0.7662048009231979	0.07188011079729001	-0.4108776777024735	-0.22667995492008783	1.6790925498457165	1.713923075131681	-0.07960577211900122
DTXSID9048514	16.774624742274835	5.434130508748204	-1.5337154218105042	-0.32900820687054283	4.598454605259417	-1.807000928545928	-0.7372982411971406	0.8951813765466123	0.17793558632564846	-2.0561244501369886	-5.0938875508818455	0.8377449957513303	0.20937659583588197	-0.8440953746103375	4.823627609759059	-1.6669048642954194	-2.4828561559036944	2.548932918166633	-2.7346529878641643	-0.5582486998539448	-1.1767098445383066	2.6412694326502812	3.9356462791558897	3.00137216542974	-0.664975793842522	0.8854463100933337	-0.724985820551199	0.8907749510114044	-0.7956757697102242	-0.3543287718980188	-1.6898498169415543	3.2835446251636267	1.3588926524969902	1.171896624141351	3.4156216329633335	-1.6184497460922358	0.8504700791535448	0.6569971107604802	-0.13072905827192488	0.4497758292238086	-0.12388675064517433	-0.9817860602541688	-0.8374546322023508	1.834139415453829	0.6782759997752665	-0.5278137281726519	-0.368389162449212	0.34938993726811785	0.13000170158516366	0.5128409009687342	-1.7349625380326308	-1.6623105663580255	-0.8567427768891945	-1.023957975888117	-0.6182189961455884	0.6695377919087137	0.39321002082740875	0.7502125066944838	-2.2698263990193337	0.46849594000381256	-0.7385967986580758	-0.2651760095410098	-1.2660259471933846	2.104300947219315	-0.7192468539582088	-1.3251976710198816	0.7612023065926302	-0.2624471241663971	-0.6416045736321536	-0.6677283804283455	0.9213996585172595	0.8480987450692161	0.6321334914076246	0.03800369795057424	-1.2797357985456792	2.2688874617411283	1.0206595181744234	-0.8606228642251339	-1.1083216309689627	0.4124546685582309	-0.6442499611223784	-1.5056597160844465	-0.3836709792752113	0.5324335391099877	1.2360526266334122	1.066253868876828	-1.0695958999754633	-0.5342545118425371	-0.32783019881373143	-1.1131741111616318	1.4518684676189664	-0.33747887629080625	0.9155060974947186	0.13320465057244643	0.825263050674142	1.1025478074692479	0.3774131066027545	-0.8304088969750817	1.1298220701212331	-1.0107669965942
DTXSID9051618	-23.51015121144307	-3.9943893918039546	1.7415552089257695	3.926817385969434	1.1617895721612954	3.115880212875335	-5.262345242015176	1.6717009462305952	-2.1146636210460024	-4.523973242586327	0.7104137166990756	-1.8921313799580783	-2.5612606997166893	1.174140905842484	3.0843659107585584	0.17632100007172202	0.31227616282782344	-0.31895186527069874	1.4003960903826798	0.06612054194379341	0.7923774256546572	-1.3529017436267272	-0.1982259510058135	-0.4294811221120349	0.28251989410970413	1.5154339329054654	0.2594074002795918	-0.8709760357566717	0.2837201296697199	-1.426062383173101	-0.3892621636640295	-1.0669350423073825	-0.20252933805213824	-1.1950147378227107	0.682724931178617	-0.7961669008676806	0.9408086946158383	0.19679268101055206	0.4019985095346709	-0.20264460537610304	0.1782132676543852	-1.7078995225255584	1.4245269315752551	-0.5103343492850211	-1.7458374229315679	-0.6176520736052591	1.0951444341621728	-0.3344946428764996	0.3609320683195834	1.0349926444992943	0.199072516025084	0.8753118493523161	-0.8572172678705791	-1.925171774283626	1.0931037224509006	0.23445654749561012	-0.30189647940497594	-0.2553235715412088	-0.8387180183374172	-0.5026878401882289	-0.061767244186637246	-0.40319350036002444	-1.0497654035453716	-1.1235737697354318	0.2692322716707231	-0.8360827178809556	-0.4926553809840625	-0.21957529478702834	0.5742477814156506	-1.3442636771649248	-0.3427936042185552	0.7675844291752401	0.25468571768240195	-0.36584371824371753	0.025136806710269823	0.3538670226543453	0.8100121187395675	1.1648557427708088	-1.0805759394034116	-1.4087237164777038	0.42590494305861853	0.009298338649988002	0.005917429812350967	-0.2751435644324806	0.5046449684112916	1.1859611765763571	0.7556913631304457	0.02905562733387896	-0.0875332391685647	-0.273666834116397	-0.4979636747634032	0.4279101423047356	-0.0820296497123906	-0.654920120094854	0.085306851103031	-0.13050306276533158	-0.3501697611684925	-0.018127544997421623	-0.3310306109431576	0.020179731909143576
DTXSID0020446	-7.2771964785036145	13.33350735861143	-11.718195427656045	7.888824420747845	2.352209380993159	0.08106424773130685	2.5852826149240915	-2.5617947992460715	-4.41913205775934	0.6234458454175398	3.0176588696791686	-3.066868313394752	3.435086479652903	-0.6347356016873582	-0.5937132121900154	0.22975721707782074	-1.4854448382973036	-0.031578693230896404	0.4075327755056326	-0.6027215658156508	-0.39499086882100676	-0.1306904853502979	1.0412783434498039	-2.9864697287644355	0.973298461550786	1.0371943445635128	-0.7332573576521969	2.095682077601567	-0.33032867828211376	0.1949137517794881	-0.04492220643936381	0.43149504728451205	-0.5800788939392629	-1.5237720907124646	-0.9529992240877664	0.25624923925806237	0.07835162419251926	-0.9846978231287002	1.356394761033912	0.5901771323146189	-1.6147667707319622	1.4664889251588606	0.3931630552841307	-0.28297632600004263	-0.16605074017577748	-0.02810853496236307	0.8812922254712264	0.5859294461784527	0.31874907096893246	0.9907876222526434	0.7845123303944355	0.6717470007334778	-0.29965512862566734	0.6111811221082795	-0.9318160012784505	-0.5025642564836202	-0.31813647258566013	-0.5087788526527045	-1.2061313065190828	-0.400833457132579	-0.43475546163316975	-0.38012645281811114	0.40884787081867335	1.219767775207048	-0.04165805107408944	-0.38295305715196987	-0.894695588148061	1.2011719678248345	-0.2953775500633172	0.05225152948063701	-1.1989489209755035	1.0296816059456375	0.09763217589141883	0.027666035846160432	-0.5475370329456598	-0.31808492685275885	0.9437352593768977	0.5252818943433601	0.7421542277521377	-1.0184651296610365	0.08509317009969365	0.846262824057363	0.2752314319034695	-0.45651849304018327	0.3797416896626728	-0.28611801389209185	0.31278368622439473	-0.00880493174440671	0.7809984953571484	-0.1804237388163513	0.2242010747010487	1.2566260922037311	0.006418298278223796	0.3178423267678865	-0.47972690538609297	0.1604425307163705	0.4913056455957123	-0.83253203180218	-0.30588950451236185	0.5506502463246028
DTXSID0021834	-16.634486272545054	4.302325542536587	-5.496457796366213	4.490321923547889	-3.1109881234859693	-11.059598291577602	-4.597553983983439	-4.1175691926795706	1.9867153569802538	-3.1729039377272343	0.6881290681713157	-0.994404629764421	1.6246275876171716	1.405179441907332	-0.26313668849060873	0.7621020946910747	-3.2841462883931953	-1.1654117266857358	0.755417574490716	0.37440417326357717	-2.343551707124563	-1.7476546216075883	0.70199558627952	-0.20493534967939903	-0.4038122443320894	1.9669448285609492	-0.09787817875487978	-2.2092588559788653	-1.260368422904303	-1.1894567237612355	1.020807767949387	-0.2212728933514299	-0.8336011795054644	1.3816880429274734	1.2073457046737615	-2.0269203715099233	-1.8346824625276652	0.6775783061793805	0.42509651922870534	0.2167759823840358	0.16015872566290948	-0.4939036112649529	0.5552613088827721	0.1290053269895658	0.17930311193298965	0.19165915359828295	0.031356912363093965	-1.3805694673684854	0.6551232902238843	0.43466822387714577	-0.18142700898127606	0.05531249452876335	-1.856556936221725	-0.6282616450247301	1.3122874625233307	0.5481989747652722	-0.9648076868965648	-0.34253213679129396	-1.1360191669211224	-0.4162414474802431	-0.5494189830724759	1.0016679286003183	-0.12841574351101834	-0.6097562171431756	-1.0540858999208897	0.07781449442073828	0.9162741004251255	1.7335220019386355	-0.06193662561772194	0.28568592221046785	-0.2846057192680352	0.5791810255987124	0.43896649371508595	-0.5282226468495045	0.13698326911518055	-0.22737153416334144	0.6974490811512728	-0.10318500730433217	-0.040976741563652115	0.23585504190465031	-1.0480257509742223	-0.880305582009244	-0.7920630279527503	0.6245236810270737	-0.6954560935733547	-0.041652591833682084	-0.34749772769676945	-0.481137248572812	0.17725818672983468	-0.4683453509445418	-0.9697830318314266	0.11427547782680886	0.019639346976305736	-0.04979223736083878	0.32752858190731193	0.7451360910838132	-0.5178758691747907	0.08228245736094715	0.20944495902600932	-1.0088860283488896
DTXSID0021963	-16.080594285795176	-1.094035121467172	0.7859755878506777	-5.989221755851711	-5.906337368401835	-0.2450246255513907	1.3597827653742578	-0.10511863071422797	-0.9986972401702928	-2.9789244976427	-1.831020939097774	-1.5304359392955411	-1.0221459547036704	0.25148402167975314	2.8229057278611975	-1.6223998978407832	-0.18906474870882142	-0.21758597795917559	-1.266913198878785	-0.8292419961512382	0.49633015140145625	0.7718764872943713	-1.080110782129155	1.3756798047396355	3.939785975829076	1.35678131710402	-0.5904025208358308	-0.6828990930656343	-0.16679300177633163	0.025957847532479105	-1.712197472443175	1.5677431587863455	-1.063009628487795	0.33632568816835673	-0.9267732886131063	0.3263464318275506	0.6647430172546273	0.3148857446740607	-0.29178949104734636	-2.4020694665402624	1.1725327496594737	0.437306952658268	-0.4997152746786283	0.9899591205832413	2.1413190888997278	-1.3228372997901916	-0.14126527282673895	-1.678288674935186	0.7077679716299047	0.23263610782077634	-0.02122841807307747	-0.9382743665357424	-1.9436600808630111	-0.030242367930200683	-0.8278114233167967	-0.4428816563505518	-0.18232922264844864	0.12001806524286486	0.20466911782300162	0.4608581061853782	-0.6878474347793083	-0.00932651229908795	-0.7823368536878309	-0.566063083405706	-1.2091186329332748	-0.016456209381679996	-0.47952554403039443	0.719236663414965	0.270672340700539	-0.43083654364246865	0.6969563681686792	-0.6918355823723297	-0.5998602476148728	-1.4159841677253502	0.39003142525912304	-0.42588926356692874	0.37659658674606794	-0.7027953838222691	1.0915537838395655	0.17666805177181352	1.7398490301562202	1.1640426806309194	-0.6954299372444789	0.5596113091097562	-0.4908441314229324	0.29992400296954497	-0.15023282863176457	-0.011583971793779227	-0.005323760364225777	0.06869605247363207	-0.6574742018396418	-1.0251588502959277	-0.27777397317369046	0.1828243837946222	0.7876495807345051	-0.12301381158914136	-0.02119448509483471	1.2328003761713433	-0.34892559929425615	0.2050522524396929
DTXSID0023296	4.434154375264442	-0.20637682130131946	-4.582263826018341	6.392685743288046	-4.730226139197824	4.549479930743301	6.980928783859062	-2.741033440966628	7.221052619219675	-4.0561999625233165	-6.832690300539762	-1.3015069227647373	-1.5250227166042958	-1.1132691681592586	1.8951557696010184	-0.037911756969656346	-1.5247869135529983	-1.1658120718573284	-1.6389079043052404	-1.1952485324422626	2.1397186858523916	1.1977940785123238	-0.27337463110091703	-1.5626339532753772	1.3437576287194661	0.1924909567853477	0.06587022770285204	0.6417979494683017	1.5430094797054204	0.5467376234655343	0.7193907178751997	0.8912025716373089	0.4753055726069498	0.9294726099571714	-1.5594779052373455	0.41563597610620423	-0.834232903638249	0.07388398582783447	0.8820178762238152	-1.7141364337487188	0.18237345013030556	-0.20559650166139848	-0.05058187672057653	-0.6916715377774536	0.9020217437247235	-1.1223353935725224	-0.48952951328532507	0.5370718237056407	-0.03672086176275822	0.10418011077965733	-0.04621050249516887	0.8414195938898466	-0.10142030469223805	-0.6496205814669914	1.1232615204884888	-0.9401786945248511	-1.6809301844834499	1.0915707828292343	0.5930389400251623	-0.3503879737683373	0.6053436323400133	0.8398948856019988	0.15859482333834404	0.6062331144164794	-1.243030890393159	-0.441740987965868	0.23688634063757305	-0.010892761765328652	-0.1667807248858132	-0.6894940024323152	-0.35960879022503456	1.3054656742052453	0.1745189786778129	0.5855968051066646	-1.2430007190663714	-0.9008433946391964	0.9294248715294886	-0.02571457166816965	-2.91587953194182	0.40036666341603266	0.7702105667853496	-0.0014057778387065129	0.06599909181201899	-0.0375511370046686	0.36362729048595965	-0.46066832634147425	-0.5265398165309411	-0.6991763545043905	-0.27917803235697636	0.20435335977302685	0.42103707433590476	1.1287570323245064	0.35596370085196616	2.149764887223927	0.7392865152772672	0.2268811159481376	-0.03427445184506314	0.19793961571861465	0.2622990905452005	0.8936408720210569
DTXSID0023581	19.81928972728579	-18.68781709033598	4.341329143784733	10.63174340167584	-0.49187880692417013	-2.3348929647312597	0.09928871520878473	2.1369117459191043	-2.0068190244631134	0.0038532490913328007	2.1105870821912536	-0.8383915385520643	0.22600164932949487	-1.9805205754284034	1.0616470064714258	0.3619594946767376	0.6134020785676279	0.3960589768666378	0.6566463975055583	-0.939769964895599	0.31216540635249174	-0.3209835320006935	-0.2603929568421341	1.2512671908729252	-0.02373481505480725	0.7401222096442004	0.6977730985807703	0.31575333564700514	0.504310600812482	0.9721800731579664	0.5384648920955385	-0.2244323689299691	-0.6672644219461084	0.846934381806294	-0.5368122129157588	0.7891584686629228	0.22135492604199603	0.5997947307844321	0.3114047107539351	-0.2880483885729191	0.5204816897506339	-0.6261228259120276	0.17890328191867577	0.7004718509299697	-0.2840682082794273	0.4326889523873362	-0.33876256119958587	-1.9378905668300335	-1.055542058433865	-0.4490818171072283	-0.4130437084413156	-0.6209907176061116	-0.6329079521654074	-0.1262599284584251	-0.40847821217632907	0.09849830863196159	0.008675205451823051	-1.0888047763186575	0.7075138844332582	-0.480694476786777	0.5709117065335343	-0.7195285132035276	-1.3540346596917725	0.11207789495539529	0.35994346040755265	-0.8011338558468704	0.011457947618162118	0.4907184295338691	-0.19728411159748963	0.5890253879795588	0.6592619757550474	-1.6150531498271685	-0.04685160442822776	0.3052047303286418	0.07388167655705959	-0.4144862494900309	0.012813063427411014	0.5970800951214194	0.22404648019330906	-0.5364724020792164	0.17143264124290455	-0.6300054308560251	0.7289739080850279	0.2833597386419649	0.31952479813746393	-0.04112503677917209	-0.0339604185775304	-0.08390608624545341	0.24831543693472877	0.1908086842053623	0.6014302804455086	-0.28576309352305523	-0.07285140756257	0.742623235434891	0.5796644132288609	-0.14476040003043159	-0.7439234664019794	0.7443766421388768	-0.10482126382801729	0.6872813358719628
DTXSID0023826	-3.3376580077021734	-5.364327205131648	-10.074702393216882	-1.851273777892576	-6.799947255131823	1.581951194986721	5.935743975701083	3.373109647518837	-0.1240179467608868	-5.833439231188542	-2.367734645578972	-0.39082921663682085	-2.0093349866276804	-0.09293010780162869	1.569491472250117	1.9983185258866216	0.3890210568396384	1.568249079120359	-3.3908190730771173	-0.5985891354957054	-0.20058594318263506	1.3473984214285142	-0.7970871713330377	0.5693497434416865	-0.09088575744516704	-0.5586023898853848	1.0506992277872886	-0.08012335434697689	-2.855293469593879	1.0846117087451863	-3.0338092619661614	1.5194649990944646	2.6691955096538162	-0.5689677337333646	0.8953378014744695	0.6935074025395798	-0.37880270839210783	0.937687281660918	-1.1882416787192245	0.7929960719863326	0.7687013867864154	0.7356428536454277	-1.6363819382528209	1.1910127288893668	0.23127929709066944	-1.3268941092290005	-0.5360415016590744	-1.598019667378655	-0.5863120555314724	2.082466438171568	1.8507082915055009	0.41165981843823457	0.11317901027814371	0.0870535807909016	-2.356143583611072	-0.5227987673443844	0.16294418478985817	0.23726785898366315	-0.6649652785360952	-0.08960549191772008	0.5875779142088414	1.1427734020714855	-0.6097807184718066	-0.9840271212203149	-0.9670894487007524	0.9032419302285017	0.8434081848550996	0.9556440711740816	0.8593982939952965	-0.8718081596534069	0.5466563153596646	-0.18566767988390728	-0.902846218351189	1.5900828392448971	0.4898906958452598	-0.3225981045864451	0.31511712514123114	-0.1045205267262953	1.0803711685224289	-0.06148263112266857	0.7101999359488301	-1.0234372670042458	-0.06740429834228018	0.15058922182892348	-1.482175514210324	-0.24805510699850833	-0.39724268247115296	1.0083575341481954	-0.3167840130913308	0.0854918121766477	-0.11153329114572179	-0.5839825627337106	-0.672949032880157	0.6212635564188735	0.8974850284841654	-0.6257167951906217	0.2716799959733102	0.58906784574356	0.4750315127879469	0.9544204731979334
DTXSID0023951	4.488157332332819	6.19041616902303	-4.330540170388007	-9.727320082009076	-2.0806146588159082	-5.415334971090521	5.976026315211312	5.38059472404032	-3.805187446162255	-3.0885842222083393	0.11357960631377165	1.7730062992232951	0.4861734178941112	-0.5823218167199521	2.232721493068345	-1.8355662059051072	-0.003466041119997811	-1.0168747134554132	-0.029329742833956545	2.2914607016749207	0.016583781240699542	-0.8929161397892498	-1.5640899873550287	-1.4230427365932863	0.29689997531915735	-2.520888693928599	0.35178562194854057	1.0854121497776095	0.8823791700257306	-0.845518200814639	-1.4545053434047968	-0.7583968891983668	-1.2343903003794938	-0.2321054902883129	-0.6276616138499141	-0.16418981910640512	-2.1658646031668978	1.5892241170179564	0.6648044111662211	-0.7947842901654293	-0.9966338035367291	0.9215978983059784	0.10015186841654598	0.6892282437935323	-0.5040500716699483	-0.08667648824427218	-0.38237047385046913	0.4976230770062914	-0.5681281326227331	-0.4311179334763762	0.5390284781206747	1.9484694060050236	0.3502929990228291	2.5461196427672093	-1.0389719858027195	0.8713736153974181	-0.6670195328261787	-0.754651071038577	0.5964734121722188	-0.44822117641818365	-0.549971647984027	0.2748034162614253	-0.6543315871499725	0.7224051666652986	-0.20393733843924286	-0.03477938337271241	-0.9170737904451328	-0.7456962205801895	-0.7711232754102967	-0.7538155725541966	0.3680614032593019	-1.010572597760568	0.26157291596221455	-0.5862438066161478	0.20173614407175847	1.184826906096068	0.44897071850428955	-0.9781369895824903	-0.08755361205183619	0.9209761239534031	0.5569331430702973	-1.084492141163752	-1.3717837283181857	0.6576449741492947	-0.5693891606138866	-0.09370372576198069	-0.16026219982630502	0.5228437096544796	0.21681101794242183	0.3235651287663382	-1.432551975718229	0.09797736697817078	-0.67703461725065	0.002950483509843696	-0.36220194641748515	-0.2762936645325428	0.8036872558678037	-0.8353835591946814	0.36602796504904705	0.3026218892424528
DTXSID0024052	0.34232013587764965	7.888818554170948	-14.187666163414411	-2.8543886275049712	-4.102140332273379	-9.209384347984317	0.3293192916369908	5.662468328139065	-0.12886795020433475	-0.7694009939151636	0.8153155452488896	0.0489827450307263	0.036772965681329095	-1.2594943738812627	0.24062587409238992	-0.3065510775635317	-1.3854964016329694	-1.0024087426703265	-3.7008381773643046	0.7846171491168219	-1.6664822676716327	-1.313269492425582	-0.5655812517203898	-0.3566562474131863	0.14717974386383448	-0.77149450601379	1.657637981834374	-0.24168469599868816	-0.6495537601786052	-0.8585573303168443	-0.2569819494572101	0.35649562269410234	-0.25046700595366034	-0.9993487633717992	0.4724456300059867	0.9336195683298772	-0.7330806963693758	2.4574999292523128	-0.797914448560453	-0.10738895781435978	-0.516159932090032	-0.7907879244945206	-2.3162129054066676	0.4112498598712383	-0.6372086257813825	-0.12048214621649692	-0.6919621726226625	1.2511417747429827	0.4732046660767275	-1.2856402473612352	-0.32039499434676677	1.4648579539912427	-0.419599870364907	0.8451869942162986	-1.0205636381483636	0.7498703405518878	0.6114172952904274	-1.2817674941481336	1.4439228817222947	0.32630526963079115	1.3922815032543552	1.1458428502807	-0.8572441740917465	0.1470140471788493	-0.9270520592281772	-0.47353433650144394	-0.21925456052281647	-0.2626102112973187	-1.0288125321659538	-0.35569516285895386	-0.9730442612197464	1.7931235895725814	-0.3954851291970589	-1.0660962577142992	1.3937114386537297	-0.23770744467759214	0.13160370003180882	-1.0306748667379295	-0.8450353017181103	1.0528459908388783	1.027574780364535	0.0964215165048026	-1.8555381072948958	0.17994569180371367	-0.5898518826337259	0.1340451782220969	-0.8537596300477331	-0.5194174465454349	0.23745535163860332	-0.8251165214377163	-0.21272694680689772	1.350006464841707	-0.16529615333524186	-0.49082791428768685	-0.8509186462735658	0.7855821459763576	1.3159645905608932	-0.032099541670922174	0.42522085457028064	0.2740876040265524
DTXSID0027270	-7.497227914097057	-21.025388231971675	-1.8090678025527551	-11.531686380394849	5.3428890756164105	3.978509085848792	-0.6723348878937254	-2.5118226778099983	-0.4250351375150609	8.064145796317357	-4.335802470229458	-1.7920682336603218	0.6415799188425486	0.12183235204210235	-2.690371639859391	-4.6886801653584715	-0.8914141341530779	0.03169080559590544	-0.8195884882339782	0.1015522055973785	0.5763991389181083	0.4067311524174161	-1.538176922911163	-1.1387814797055524	-0.48601876498881064	-0.807225738863029	0.7211296552290068	0.0499051751667971	-1.0506678097341493	-0.4890371549505486	1.1450171504486257	0.2922105450732819	0.6149001015703948	0.02736714492095094	0.24758810306641332	-2.2015843758985656	0.38062085160544035	-0.4729332983987266	0.45186796208804025	0.3304134939741943	-1.2545052615316012	0.07680238174769566	0.731853698777914	-0.265030414716913	-0.27337974844798	0.8602724606390025	1.1383285397192058	1.1273648048870402	-0.43126213582221357	-1.7969491659872954	1.5400358465313913	0.8900679466736181	-0.22572596836723494	0.7903084132528848	1.2828502964577984	-1.2475334682346002	-0.5346699390956806	0.4651482571711135	-0.24259280612602163	-0.7889069851007748	-0.16072997232733963	0.142663939530723	-0.6744624137276417	0.9741483881718627	0.021528600097003903	-0.11067728516997398	-0.15409511193921976	0.8158949681423233	-0.22255149425029758	-0.5474624434382983	-1.037685987579219	-0.1084142931186959	-0.9968586237726753	0.20244390575373883	0.027762204553073388	-1.1330663233507638	-0.5404754642011101	0.48595156979850734	-0.6271186747000417	0.45904083961274805	-1.007542389806408	-0.6005360500967977	0.3135871036246039	1.0254772141612227	-0.7113827869325117	0.5436882454526365	0.0026053740478780636	-0.7969357130056406	0.004076250953207178	0.9677411647712769	0.14026887899049292	-0.18516379157158797	0.7653381170995873	0.1311256481004978	0.4952581769746123	-0.25731791884749566	0.3566599043186743	-1.0744074945259166	0.040627600954986874	0.5601323173718827
DTXSID0027721	12.53203656714836	0.45937643820491675	12.095771926580188	-8.802018520907648	6.570011408214915	6.384531815863985	-3.250542180449051	-2.2764603129597942	1.5268626290664482	-5.030206565678561	1.4827487262807073	-4.574488413341662	-0.17628097675815402	-3.3008482780947346	-0.5922207198001177	2.67284103612707	-0.3393180912016419	-1.4195952863959522	2.3720700917033763	2.436310934642871	-1.9090371783484605	0.19979865771698668	1.5870428821046931	0.4402994339011986	2.303317251933018	-0.4193806274282523	1.9454754506994183	-3.0820641727748046	-0.884659751394091	0.894090612445152	-0.17353934695102702	-0.704355009990482	0.12755673637555706	0.1383101506907987	0.4692961432467015	-0.9298312241623131	-0.8625924328083792	1.2439294189193928	0.007596080907800979	0.6031317172907346	0.17248684664651556	-1.5161126767577173	1.3415555295449755	0.46856226928708344	-1.1471183589407088	-2.6395844635509267	0.16482394169833714	0.9558134779618448	0.12290470172703177	0.20416470611741733	-0.14240688362484338	0.08496413423734844	-0.3994262490658435	0.632983728860972	-0.18712513564673117	0.19910699554229708	-0.4285043147473381	0.2845762086117011	1.1832287459826238	-0.5129182193744822	1.0895402704942874	0.9236322479852989	0.2686896775670561	-0.832833697751778	-0.19631497278844662	0.16268928173205485	-0.49909560219080784	0.6793016126334638	0.15600006641808295	-0.855818284333675	0.909073924886011	0.1591918333067053	-1.0438116080855615	-0.2998167848008316	-0.25580681243693404	-0.9002330843426108	0.18328433758377338	-0.5436580170232452	0.85932457570458	-0.10928101396750206	0.36631827932719335	0.6141465430765078	-1.2308540556230372	-0.5299338883951502	-0.39631893466274887	0.5718639836241719	1.41416950019167	0.20111948560991663	-0.5410707326346643	0.10129436374787824	-0.7549789953005275	-0.5822998898017046	0.5889579294827685	0.0037253382048678648	1.25536935296964	0.3276267529780976	-0.8460080778539181	0.5050198833178432	-0.3048277377042122	0.3835375058741468
DTXSID0032493	5.247528517502413	9.163431285553392	-1.2227102787010278	-2.610061269549689	-0.14537948805996986	3.829857792234752	6.040252724228752	-5.957396600989773	-0.6396238246401016	-4.883706333634836	-0.25068692415453253	-2.185362809289332	-3.157414140299879	0.5580148707531818	0.6831522431772078	0.45238731538964966	-0.08416878165888472	1.156382179638362	0.13181325341930497	-3.2722617020433633	0.5886746329782753	0.669063148850421	3.887414151269649	-1.6238444771143665	-0.5562780930859396	0.8327861471971972	-1.4941599190303247	-1.6281343346658603	-0.5083955529428525	1.0139324766886906	-0.6817492601831847	0.6824850312728883	-0.23301525033118084	0.7594048576393391	-1.2344395635150502	-0.3842605803591857	-0.44341314245214425	0.6324236102164364	1.1344816912312972	0.8684169129784025	0.6347691586347508	1.1848198559013092	1.1148811568029644	-0.014974485701804159	-1.7142367482285041	0.5130032408021628	-0.7040957475862293	0.12700740397392268	0.981622325768385	-0.5280529237385977	1.3033832898796116	1.9646618058008398	0.16370854431908644	-1.5168113749535328	0.7829294682363354	0.36974955611588495	-0.511660854908589	0.021917809493107888	-0.27351796896471	-1.3214649121127926	-0.03880580258194062	0.7516893133904085	-2.397077977092756	0.2963173073888446	-1.6306708455288863	-0.5039414836339063	-0.6286239220728401	0.5797170745450095	1.6846583407477305	0.16068471003160825	0.8119932962430398	1.264807147907026	-0.30020330915451987	0.4844282108601641	0.2851012106717409	-0.38214368343829364	1.754321905331758	-0.27551022823048193	1.3352336923709665	-0.5953018434635174	0.29308890216479977	0.199853158473084	0.3625046719139373	-0.8644870400585252	-1.3763595237913369	1.453250368835603	-0.05031305396877213	0.7656818022968852	0.3618094433401597	0.39067734668319104	0.953524583584939	-0.48042750691611613	-0.31718782381537547	-0.9827393246116461	0.08262855492162548	0.5328599260749378	0.22333821350060543	-1.1536826336455577	1.202398022159935	-0.18780931657552097
DTXSID0032601	11.23170540668379	9.00990115885424	5.288754923508759	-2.0963245759251503	2.105634549845208	4.952099137593697	2.9782410642402537	-4.932344793148749	-2.039326726147735	-3.6519469243033087	-3.402481834657614	-0.5218856759000506	-1.4128997534173044	1.0929261502353795	0.3825118469105172	0.5277518154880646	1.9551069482606378	-0.9607599124173652	0.27379710877116376	-1.6965226997683307	-1.3497346668832095	-1.6456289585210087	0.893726185648074	-1.0549026514583024	-2.135585958592409	-0.8994692427156158	-1.9251812155266914	-1.3940942728046	0.04090112849859004	-0.3764189984036982	0.20660736490605733	-0.04756232353068802	-3.0760571130571455	1.1958871525362675	0.16783796950231944	1.3554218135507052	0.5063152265694046	-1.800745713716945	0.3326519145654791	0.8375531480845254	1.8637054389548586	0.7381389506919331	-1.826956164582479	-0.16365160194166192	0.5393339284292108	0.7272042281500903	-0.6177321590881419	0.3719318254220988	0.18594026805161085	-1.5523410262458506	1.6813308762223753	-0.9523763647395211	-0.7646215218393094	-1.3684474268426838	-0.14080166153236706	-0.18844806241819143	1.1719277859646888	-1.4092372813544556	-0.9472226059108724	-0.29529643876802786	0.1088667380707269	1.4874453342618241	0.41525336746035957	0.7364842039008777	-1.2110920804421303	-0.019529064935580726	-0.44327170440214286	0.637394231135756	-0.27617720099638055	0.6536960389611677	-0.07430889842341926	0.932580020109272	-0.0082583197533204	-0.4893533392454915	0.3527720967299363	-0.37395152115533725	-0.6809712703491377	-0.6254760250802047	0.9909938805149964	0.8125465276841513	-0.5488090838981619	0.5177460018707292	-0.9007686802021435	-0.6121742279110287	-0.8911221316319391	-0.04545924717255781	0.5833763386469849	0.21089015826163532	-0.001907820669897925	-0.9877018257269361	-0.7284934251329793	0.12745042228841102	-0.019228090594193527	-0.35509564036559704	0.3771342973208217	-0.20778422810763908	0.4890421937767888	-0.026523620200119957	0.03143166349026041	-0.019755250992560144
DTXSID0032655	14.53065987632317	6.279384067402971	7.360046523747394	-2.6218600114321484	-2.2756877775862847	4.321449825442482	1.9043568681847245	-3.747316978503754	-1.8589058751365364	-1.8410564682558572	-2.859300437977592	-0.39441881826287944	-0.5735151327211502	0.42157771162755703	0.6046238583157569	-0.8390735210198965	-1.4016131161454144	-1.9815551392474695	-2.2751865133723914	0.8052445648747519	-0.2108759534096122	-0.17956944243909426	-0.1018899544686362	-1.8264406461468852	0.41281825387616033	1.2596273187860083	-0.23533244109609183	0.04117116465569137	-0.12649157491608812	0.8289997569934947	-1.190879894842211	-0.3314389897232323	-0.5526292385285908	0.08176743708394904	0.31543891601499474	1.3475141037929366	0.6026264297166168	-0.6982941571755823	1.2763084920902403	1.119942431327948	1.9331088396568568	-0.1268361045158435	-0.3081102236054063	0.5657417483778172	-3.0767360264412016	1.8292742830477944	-0.6801960737558872	0.5976142477818246	0.2625654435663687	0.09584472911490541	1.220714461634984	-0.2193114639685251	0.1947824877981043	-0.8511791644100654	0.15002736478309592	0.8579985953392526	1.1921582277916989	-1.6529021380820916	-1.3087665346146296	0.5512589805107028	1.1081065738160893	0.8023359569172792	-0.2145252776709857	0.9917904296618532	-0.8735335999621047	0.7286086466058087	-0.3660567558966157	-0.6382514213569682	0.2515932479728392	-0.21643537530362228	-0.16897964508340602	-0.2126465275887247	-0.1621806934937138	-0.23830547120079845	0.13163292737727114	-1.1696860787493455	0.42412837896833816	0.08484230251251917	1.5290778257250013	0.49558264396798796	0.5855389935602411	0.47749504840534707	-0.6120441221495406	1.0060625911086811	-0.930381271902502	0.030061911309940154	-0.14029356322469747	0.883910894451706	0.1932182105440448	-0.4988747375922053	-0.6411200302552312	1.2043523534741993	-1.028626963747196	-0.7821359431375454	-0.17656257420533883	-0.34392472335328994	0.479120958499834	0.35805331689994874	0.8259537635260555	-0.5276286481954005
DTXSID0034192	12.915996993138716	-21.511862551681837	4.82814163319313	13.203652445174942	-1.1328272169130043	-4.924280947662412	5.54171179052215	0.8686630153630721	-1.1354424547925257	1.4873996522675148	2.5713505490101323	-1.5819912747987968	1.642868118054048	1.8456864357372484	-0.572098518811057	-0.07552945336929379	-0.2142542223337249	1.1520621189893134	-1.1756675885663006	1.1204442390398484	-0.15109856234601285	-0.2147885781223587	1.494157996300868	-0.2022264594076521	1.2992925813325218	0.2129613043003011	1.4894216402517824	0.9056541298075357	0.7767060798406795	1.4747436083863963	-0.1891788164555547	0.37765699865914554	0.09045130644552186	0.007750224427908017	-0.25588996768136785	1.1097004299806361	-0.5961999402348624	0.7549022461387809	-0.4391899438750863	-0.6739280548622841	0.5513596758187269	-1.030785183404807	0.7499784639165952	0.5210777693106411	-0.13961085431419212	-0.4769073769937662	-0.8766043691567156	-0.47341846143585575	0.6762498111598323	-0.2161354928046216	0.5006634961876136	0.2626169102895744	-0.122024599076781	0.14417438486174144	-0.09524188096654734	0.8315854882991807	-0.4644518823686609	0.16152748669341854	1.4232095322219922	0.38645172783850124	-0.7171056732838093	0.2774050684209927	-0.6701537616585794	0.46819417532762236	0.135474438266095	-0.22936922250974265	0.2406725432523075	1.4717823374998513	-0.34077248904933977	-0.1023885416576729	-0.24072812794606646	0.1453020033930514	-0.10227681710421808	0.6329930736023035	0.7634472719396852	-0.017723370991213586	-0.1652373310828395	0.019726858866165292	0.7158493839158993	-0.09355056019714539	-1.0021430684852874	-0.40558049920477873	0.5726450350770708	-0.23918837353896522	-0.4348734837115358	-0.2415173549980145	0.23580616290390327	0.6760709508926022	-0.06281596677798529	0.5680661410049617	-0.6330575794585331	-0.17865421128588527	0.2048717861550278	0.0520606065254722	-0.8619188693199231	-0.0352999409185323	1.2072336622486457	0.39009885127903415	0.6145174077368988	0.1927396060316393
DTXSID0034695	15.118186468711805	-2.1131981018251547	-7.757394661721582	5.584158051943463	2.1746778339668484	-3.6317155632182745	-0.0423097457896593	-2.5919122014489577	7.3621627911025564	0.17347972102947043	-3.4457850791569595	5.268891052666398	-2.5016977117644243	-0.5766735317765819	1.0248692277713263	-2.0864812774644887	-1.6576072334650251	-3.4735066693929584	-1.0356984215749299	-0.7969718378514794	-0.5606578909323879	2.107377253424157	0.12459577324684783	-0.1651706988760226	-0.9699710783729103	-0.5513210515338478	-1.1851490007001804	-0.3151925258846078	-0.3550485176889518	-0.39975696824573403	1.0045011588706734	-1.4890920898530462	1.3954478934463455	2.016071733283729	-0.9384095085740441	-0.17887064500674915	1.723025684779802	0.7372491949458699	-1.2322613653463619	-1.1254595109554364	0.19229191135777932	-1.5046349437333575	-0.18372725484834174	1.1887889699379792	-0.7343902977895813	0.36759285618768206	1.756434752442722	-0.592652335827736	0.6598893027745862	1.32102195093054	-0.14688539487239338	-0.8225280418656579	-0.39524754975924653	-0.33481735875451674	-1.0463931226074275	-0.1533476810827815	0.3524582834012593	-1.8872508615830816	1.1867204765651667	0.340710092151369	0.5768569232007784	-0.0018053234562702884	-1.1051715634229633	-0.18983031599561634	0.48229133141252195	0.6146962083619584	0.8236857810698043	0.6601342277550659	-0.6206410209151257	-0.6884401568274898	-0.3129948851366839	1.4156092651709047	0.5914835082012064	0.6126318983707902	-0.6415260983223536	1.6917251573968908	0.16041516249233523	1.9281388130459554	-0.5237058125333538	-0.4511393487196547	-1.1113372818509983	0.39606351473569684	-0.7391282628780595	1.2510299233682347	-0.21943644567153398	1.1327693938981729	0.2539115015100737	-0.11076839696551032	-0.19240178972252436	-0.40514030865871214	-0.3496339152674425	0.8701589624468701	0.3145389975452189	-0.05135503612225292	-0.9711119005436705	-0.08356557152535771	-0.15923082587822915	0.6409296103510196	0.05800796919024186	-1.4605482045481537
DTXSID0047246	19.18504438510167	-1.1849001201258653	-3.3122009218564936	-2.202207962704988	-0.529639950226045	2.449618549440628	-0.6810909424313708	2.7131104002459954	-0.7798089815306812	-3.1172256938050156	-1.3558672141453947	1.2278081782199075	-1.9669414097515334	-6.088168961673045	2.6632207570994617	0.9725664785982536	1.0751879214851612	0.7851495417334416	-1.2250607968551082	1.495237862717527	1.3544259554247466	-1.6055069939336855	1.178801568075155	-0.2529538561154167	-1.7043362403865887	0.09258353413696029	-0.6268474208170076	0.48990545629922067	-1.654020794922137	0.29039818925829214	-0.5256012194170924	-0.8164336442737863	-3.8569746033745114	0.3992742207367957	-0.8434043507182915	-0.6276876383347249	-0.9415477707963198	0.5512585561832272	-0.22109254642216197	0.18060109599213423	0.44711446997653	-0.925070338478266	-2.2686434161811926	-0.13198736895505486	-1.1495278004485259	0.12091998626989739	1.4775215861985218	-0.35509714468931086	-0.3302469406432037	1.4303089192502196	0.645201165720253	1.551866416397758	-1.1536529214403979	0.052747438102345896	-0.2720325907562199	0.7736762354873085	0.5229419834067476	-0.982448309425593	0.3853208097250258	0.2689928282807598	0.013550335979817205	-0.8638560705609346	0.23141611595868242	-1.1636938835434898	-0.46033536000623637	-1.0172759284015223	0.41680191836838976	-0.4467967698995813	1.0299109860919833	0.1946731028029784	1.4940359934999126	-1.2281774035747999	0.17081160774827311	0.7651598546793298	0.04251137671120237	-1.0849593287070658	-0.09641877656748002	-0.8030495435349774	0.4244938072706262	-0.06464593161684733	1.6863168366866286	-0.7506630991206253	-0.1786677168028982	0.14759445411693553	-0.6700990243739176	0.39977733418042205	-0.2570068886224888	0.16768609076951502	-0.4590993952071156	-0.845210412621219	-0.25669153523009414	-1.1229151170031808	-0.012315061480495352	0.4870482866408587	-0.4066362019407356	-0.5265830345590675	0.8606763314496396	-1.3094432060951504	0.8091551011680762	1.5892981630134588
DTXSID1020855	1.561315328443306	5.630794117238058	-18.16745716712923	1.4144482312914484	4.750666120789477	-7.865073555572486	-1.6524203523312702	-2.2019583452770877	8.963298835725555	0.5092908511285476	1.1489820042896113	2.813624602098978	-0.4908251942364281	-0.6750475576229413	-0.25844476358312923	-1.3054912621639077	-0.6826308030905206	-1.3533048027033763	-1.1114739516221173	-0.15311105603962666	-0.1275626281125826	-0.3226039785450483	-1.5169902842664267	0.10159027438700573	0.2540725601903918	-0.8028741334342852	-0.6391792850566446	-0.28157900926755514	-1.1906233920654512	-1.0062887953533333	-0.782754020925051	-0.22590948620042856	-1.4130056346065878	0.8391436955425525	-1.479855290885768	-0.2575045469257466	-0.4135662583309004	-0.7094694020850824	-0.04354969235352757	-1.1055355974663184	-0.09031076865084568	1.7019741747169541	0.01525119622878478	-2.531447900879517	-1.1296827472767397	0.07258701301477183	1.2186002310727235	-0.009347960378216414	-0.2825361669476001	-0.20746646179968223	-0.16443349435861312	-0.035961954433491324	-0.14736227349336872	0.2630642731008579	-0.6574550059817706	-0.552994309961538	0.388079380752346	-0.35471271835794005	0.08832582262022497	-0.4464236062237144	-0.8167375911051107	1.3282784640482046	0.7796668936631891	-0.049993134499964946	-0.7371553725891541	-0.32263444419180753	0.5195144406762943	-0.8419933948810022	-0.32853237194091395	-0.11259254700242792	-0.1881751353440796	0.36070486614440017	0.2001547679202093	-0.532447139156403	0.8816221805810567	0.2764568831502178	-0.5523850345855303	0.14507102056352178	-0.7147979150584077	-0.26693025826700506	0.6925311407637145	0.15352437725175785	-0.8354645363197408	0.4466324275463514	-0.4820936803580914	-0.8186215932801313	0.8560568316737498	0.351776693710719	0.5121515276957025	-0.5622479564713099	-0.25848343296812565	0.40724069870291024	0.25196950380444894	0.962833153020466	0.8273352030793317	0.06613006919389153	-0.4704166980867447	0.059732140340109395	-1.0706022629324146	-0.06486995016329627
DTXSID1021322	3.2418482792949996	-0.38858147419060224	-17.010903872414843	-4.714196220076122	-1.7344016091790806	3.390970486150712	1.504726942469135	2.277335343900672	5.70125759918605	1.0590527959612492	4.511624105287105	4.38587271999945	-0.023224383510484007	0.22410932315278909	0.7404708852330205	2.6893447683234193	-0.6726653142966273	-1.4181715860969295	-2.359744439647222	-0.5923526925196243	-1.3162594357515867	1.2295686703329047	-0.8185033500829431	-0.8331624647269401	-0.9973067318517601	-0.2815977539182638	-0.9348053123537272	-0.8107078306324096	1.6087794075347372	-0.9125394482117856	-1.3056317205279775	-0.12069196231604168	1.1118207563785596	0.37507361689702695	-0.4936289227112026	-0.565796108712102	-1.002255296859583	2.074206408946471	-0.9986245208875509	-1.5265380396597779	1.3238365044159304	-1.3716006274634358	0.2684892091766124	2.239032597832378	-0.3300331135682838	-1.0372379509645395	0.8195226753381224	-2.305522033946824	0.3207144050788441	-0.36554492375062003	-0.2826264966953412	-0.45363963422574904	0.7845711517645111	0.9781861449211919	-1.798990343875733	-0.5490425471269933	-0.42776418337844335	-1.8903916981807054	0.1747992943972874	-0.6953180448141449	0.5408050335257406	0.8489859563214444	-1.0608518262924855	0.7729515467566244	0.17660075913648732	1.7991666072763899	1.175791124060132	0.5469967150189926	-0.03901490650611765	-0.3100905691272529	-0.1475109690338124	0.9047651194846289	-1.1419557258674606	0.8912283254479674	-0.5072710064226564	-0.4794507066684188	0.23507770631983954	-0.08579284244934982	-0.5318994847434129	0.5159706687816643	-0.5477448890567079	-0.33894165175542074	0.3563983197475	0.5575699774229895	-0.2712161945435311	0.27817097984539674	-0.18916472657761882	-0.4925350155170356	-0.20957514391550058	-0.23343255741889543	0.5801505404639064	0.6915173973289591	-0.16228315111826214	-0.342725336985345	1.12581810246146	-0.1641328306103481	-0.6014705177185353	0.13695028340448018	0.09413554922982165	-0.8728399431976874
DTXSID1022267	-9.08007670268714	-2.1249997936381018	-18.289803539685266	-0.1277840330551762	-3.844923991405125	-0.48617879840939604	-0.4474115073285089	2.7445590800095125	0.002353690009999667	-3.3929244270793375	2.1000788386432463	-0.5215838573184919	0.04612540935473767	0.5484803427133134	-1.4332738913557677	2.0370467038285933	0.4282285108781178	-0.4347523249096418	-0.3763261513900226	-0.6029855270697791	-1.1355433440217917	0.5543691073614068	-0.6588564951878788	-1.3153326171902215	0.1874520912836239	-0.20791905509729133	-0.20333349497173772	-0.4482120640168544	-1.3854454220911299	0.15906654254416447	-0.0701301244857784	0.5518043418943748	0.7212836675130861	-0.6500332503654862	-1.4975745431326137	0.04565656885913055	0.4204400117425745	-0.9764688848938168	0.1402121848883014	0.4000846106864305	-0.9228062242834153	0.9000134668090038	1.390308450057097	0.15635095808146562	2.784593958102479	-0.7673753977841999	0.11598512376297183	1.216331468555516	1.0216163840912058	-0.3951983981807774	0.26629752480546565	0.11036565131190945	0.4086294495883417	0.5871669951636055	-0.13463251104281015	-0.25790530565194636	1.6789058656019178	1.3875668993075547	0.9270665492381378	0.10170281995290721	0.17828541321641214	-0.17610442084298536	-1.1984447751299274	0.6777091171346167	-0.08038969660485402	-0.8377618150557812	-0.21271753234384735	-0.36047786553325356	-0.26481985022065935	0.4001372113434403	1.2922056110556401	-1.3825282548251159	-0.9756490048297919	0.16016200184572632	-0.4624201001656609	0.960099692357721	-0.743980173711579	-1.6010966520696157	0.9592997000167242	0.657190010988053	-0.41156693649107784	-0.9071321369276448	0.7989121598870544	-0.23397302621316785	0.644641389441219	0.31163207470938126	-0.34130764818325365	0.9347364800787785	0.9263210045842206	-0.5547535955522014	-0.09835004475926065	-0.5179136400765618	0.5506500743671873	0.2908226793301411	-0.6692755231762394	-1.1872206964228054	-0.7322415752848368	0.2013400914481283	-0.981821389731575	0.30432524239825715
DTXSID1024091	-7.908123628946534	-4.681513900973515	-16.787418742981426	-7.636771402289818	-0.7241411037832459	-0.809271534490529	-0.6851369112944115	2.553044792603535	-2.4345677731200563	-2.7485233109601355	1.843497049794667	-0.6120547016283321	2.3803839894101113	3.685326734172959	-0.520580090533351	3.001186187361409	1.34569500559524	-1.1332599992860315	-2.983135187373768	-1.1494257284939446	-0.07505782263243124	1.2850743853040787	-0.9808932273728794	-0.0023049759696718948	-0.24058676514257496	0.9157879139861871	-0.20524044200193095	-2.2224689574662246	0.5737171571141848	1.045287161955434	0.869905488339862	0.7047804940178741	-0.3706351189809312	-1.0618979898732284	-1.352227940771006	0.9309508899790667	-1.4778024941996026	0.6985337266609093	1.0573447155517752	-0.7125777797240943	0.9819800919871575	-0.829005492058192	0.643181871521904	0.8895272681710187	0.7412906803500914	0.32071345359027825	-0.9784494867901529	-0.6228148631745657	0.5273793685015059	0.3067439744835769	-0.0848664361727083	0.5677525200560313	1.1654694990916683	-0.06284395595433578	0.13420915340150683	-0.7266782781778527	-0.33567032192769913	0.3846559150035402	0.024507308316906107	0.023758282213276145	0.2904095049288733	-0.38813940819001447	0.09408739016464578	0.8299614667982939	0.4610350039470596	1.0384999649134974	-0.4816862007187369	0.5384820917702953	0.7655939644127684	0.18813883459665587	-0.23145792801621534	-0.7046159006078362	-0.68974601609306	-0.39342212205829385	0.3332194544429233	1.0666215434231243	-0.11487958901261164	0.8842081984600765	-0.5122168937633587	0.15234977546326156	0.45315613704012786	-1.708157678940656	-0.9482465529599953	0.38223697287401986	0.4697622003515121	0.07008271406144792	0.48713242589880845	0.10814966182549508	0.16903860137628474	-0.07674604338265154	-0.3709890028506593	0.3087005330587917	-0.224997785937516	0.35120820437927497	0.3296006114254316	-0.3862555692269606	-1.034473824407475	0.15824387285900038	0.08284168427965327	0.6413416362857206
DTXSID1024255	8.260279194834753	9.158108709869449	-4.51609750627884	-6.472390502806533	-7.541671020971103	-0.5050258867497404	1.4422238517671446	5.460543515996349	-0.6041048592938587	0.5009584259860393	0.19217100520246874	-1.8076479774423255	3.871590630654441	0.19931851717533744	3.3956715609802917	-1.0162893614615964	-0.8337752196973041	0.5433618051553292	-1.1829553757221394	-1.4485571041480383	-0.08178989440317011	1.2132568507521813	3.3718707852607803	0.33062510460110345	-0.4694201138040922	0.21351679938711984	-1.4518649610156373	0.38571040803131795	0.29170347295253735	1.0432750252702894	-1.0516536592593493	0.0862560863848208	-1.6217240280882632	-1.783834978126286	1.6081170225934194	-0.3032428635666799	-2.8410272772040814	0.6891206847515178	-1.2270548756034092	1.5838480595043207	-1.15891762659389	0.6909297408078329	1.481465047462796	0.7252840776783887	0.3950750908117923	-1.3833469337761306	0.2768060478183499	-0.04179965394391382	0.40065543322398056	-0.14664512054072137	-0.284747781941378	-2.0543199187623635	0.5108983341898954	0.3819705451304734	1.367281522848337	0.052864959817155784	-0.5825688521475104	-0.022073572545586905	-0.33362867789635486	0.13703033816799517	0.36546504035283894	-0.9656524891645506	-0.019196422206146802	-0.5497922442168263	-1.582557116232834	0.7619861388187814	0.06669704756514379	0.27992116966196096	-0.29036772164296404	0.3322530627510572	0.1737445708125169	0.9172171559097302	0.6164770539858206	-0.05186044253910916	-0.2138147478616263	-0.4581261015896193	1.6483463137135408	0.2323183353527323	0.43254696018028316	-0.11406102015310549	-0.44028466713156184	0.3629999654018685	0.34920010200758894	-0.7996870450172475	0.6509093944088242	0.545363945803887	0.0989361865294576	1.2946768427776183	-0.7749343315249672	1.2263900219743433	1.058520171375561	-0.4997449767399707	0.09223932680441324	0.3639532471323517	-1.869094244012706	0.33094327870852136	-1.3700110633404563	0.1329717446618491	-0.6563228571287113	0.04152575647070583
DTXSID1025485	-10.671767361787637	3.817366677867827	8.859435695355186	-4.538750426074523	-0.7874097103987469	3.688063431456042	3.213424676634065	0.5916028297220288	1.6870338165905592	-2.4536240975584365	-0.4842812546971029	-5.265422645725459	2.0748336067806115	0.6272215029182081	3.9193773091660553	0.4789610981672231	1.6561770947222325	-3.0141222195352997	2.3415228119835967	-2.3522316757594104	1.3885111206758238	2.7725976576438383	-1.4533595289726673	-2.10483570566728	0.19553680569671952	1.023800292581904	-0.6052734958347559	-0.3466988671883088	3.3600067550185333	0.6126953683530301	-2.4850477345455406	1.3585753354073136	3.033709859849577	0.3279554958011686	-1.1295885977604485	-0.3845531479974119	-0.980694758185428	1.232337518612997	0.6228002969755669	0.6447192609956683	-0.7461490070716335	-0.14297281950945623	-1.3049247263019268	0.9883493335364452	-1.4698807631153616	-3.095547284304314	-0.5521050981446927	-0.6232321924820782	0.4447955588303855	-0.23745565279755157	0.27468659444725835	-1.6587301011878457	-1.4502539727404518	0.3698143192621959	-0.7133240180556925	-0.39394181866813416	-0.6622343819522631	-0.7978478971977774	0.26109607229754356	1.0559620284407787	-0.11641872970579191	-0.41558411787667976	-0.05831776641019635	-0.6772416135817044	-0.6487929409661696	-0.33579438759169467	-0.7736642113010285	0.41011332229790814	0.2830540683980196	0.06837064157114701	-0.2044945473174875	0.7456766413190098	0.0036893044664376073	-0.3068060030782885	-0.529272816106058	-1.3438648074434374	1.0664571460122	-0.7914726045573889	0.9859168759187914	0.45910609418161596	-0.5598409944144866	0.7697403679725375	0.019999634653855097	-0.44084020140973623	-0.037647663121177	1.4187070459489521	-0.8484906060070218	-0.9760911909723731	-0.9742473274634305	-0.5721268692132757	-0.5543296308069505	-0.3216837350319898	-0.509051548686431	0.1695981506957707	-0.7872311209034607	0.5752994714602838	-1.3472783582227623	1.5063368937154058	0.49232622544570803	0.040841856158263794
DTXSID1032355	-1.3334586974122726	5.590480331870523	-5.373383571336882	-1.8382170886507212	-0.20953515770654746	0.41756603805638254	8.949206523733682	-0.9701068342047792	-4.511734116511996	-6.289562880276879	-0.8229577964870929	0.22711682796602162	3.05773775248423	-0.11290714093277386	3.6247895168526707	-1.7392011142815473	-0.9685536367137078	2.8238144591896415	-4.945581121270974	0.49985611135238367	0.9390166153709908	2.0738932141564512	0.7118431954208924	-1.2046445681229718	0.04373148909240161	0.09928370397282367	0.32784402798510287	-0.19723905503191677	-0.511669049968337	0.5723019305550451	-2.743436468432476	1.0983811745221517	0.00513490991341011	-0.158027581429749	-0.2801508502175603	-0.731494446147054	-0.8070397844230863	-0.9536282829778967	-0.9398146666768943	-0.8182494300946075	0.40463132793111295	-0.060082672170923564	-0.2901674005296022	1.1994808299274555	-0.010389533272146803	-0.12323573789726727	-0.1449442187912614	-0.21689390182900228	1.2279223490263664	0.8460747860524536	0.5609179678677916	2.611816246063359	-1.3002070274401276	-0.09980180728688401	-0.07564321875629496	0.6590021197058672	-0.10703257276775589	0.0013302652715000867	0.16882207005644934	-0.8941427611552812	-0.010221135983239383	0.39818797923945126	-0.036439300000790466	-1.3893327561334978	-0.3280847719413788	-0.013929228119512378	-0.16637728718626063	0.5964560596876334	0.19331227272792473	0.02158095479850393	-0.9315977800719063	0.14897606382498232	-0.7865358948652369	0.28077657971756315	0.12332932496832376	-0.38261016732875114	1.3946624543484791	-0.9473711100368978	1.2169155256423414	0.1314770590629979	0.7218010449902094	0.1381813697409138	0.19994905098023488	0.6786787141165971	-1.4530357085549983	-0.5206384870648494	0.2118557578611391	-0.15552808493742037	0.17630831334248853	0.7896762792024599	-0.1582483363605659	-0.6112018485636023	-0.5798783235921415	0.10816094453506239	0.8897961767690694	0.43356531561188016	0.19380320362927542	-0.7235958814887962	-0.05438662422330879	1.1969628729875312
DTXSID1033664	13.745242948523277	-22.859126482680846	3.535183156620264	12.917708670238099	0.16073143008776075	-3.6559982715938393	5.301421635221584	1.8866572627759148	-0.25195480827382594	-0.6856186380544859	0.44300255704107766	-1.2469861999360792	0.11343050055730591	0.965393469929114	0.12891880729360808	-1.6174323083749096	1.5275801483222782	-0.126525005188965	0.6343035684439452	-1.0193583340075811	0.6277022489475717	-0.2915180477992819	0.2804010782046151	0.21097685228483815	0.4315780613246585	-0.4516440105493441	0.11017935807265991	1.0356714093765662	-1.0736273087673478	0.5352400103133541	-0.7416975587942835	0.6654131328497653	-0.18449021868652613	0.43891397546612493	0.7782537660742482	0.25187282872716177	-0.0019135216607485271	0.6401298741171972	0.07532649407769748	-1.4662898063265155	-0.3108683780092973	-0.8558064653252422	0.4877229593191352	0.304855583325773	-0.13659756360202374	-0.28159486291198527	0.3990672648737148	-0.540667086217214	0.6233026109975838	0.24595381333590408	0.6864039154463374	-0.00656789555285459	0.22882590129356994	0.6878949590720539	0.3106177671803312	0.3439188448142059	-0.1473099237714738	0.07736925308436354	-0.2866586095720513	0.08544170248042662	-0.8246696276490572	0.1555292481751799	-1.7937736953480317	0.07970537374156135	-0.7765765054821695	-0.8155944914802118	0.03212272929995942	-0.378659473215091	1.0619438020884366	-0.7907912213970981	0.650804672646754	-0.16569289180373864	-0.2589272137625679	-0.7941386547623462	0.24157807192766861	-0.9916849932497536	0.21298463475765955	-0.5037132370246722	-0.05496011431764435	0.14568030114347105	-0.012420539486618516	0.7987994845487868	-0.039225337643936126	0.4440149605590239	0.06442443825463233	0.9088790911602164	-0.9350877007936476	0.3220727990874833	0.24207210386970146	0.8335624433920805	0.41101318047283886	-0.5436805254734741	-0.4637552827673148	0.1558098332249467	-0.13849560722149593	-0.5858201872202944	0.22124828734399168	-0.3627405665479576	-0.009774087654735336	0.019117589674273464
DTXSID1034212	9.074407477353036	-6.11146290354271	-0.9384110836282227	-9.5129557272594	-1.7713234032260083	7.6014538407966405	5.7315252777120165	-3.2296509354645773	-0.832839487980836	-0.1559374792715029	-1.7039371522757334	-4.370369674152451	-3.485495479051885	-5.575225987167073	2.753830103047359	-0.19690773853678417	1.026324109260127	-0.19258753296965342	2.075205486966511	2.3086821416668517	0.5115375077230152	-1.4322579085876221	2.383194275909604	-3.073936536138544	-0.39984023279210323	-0.7437899924765374	1.8945026303196528	-0.282534748491747	-1.3286112095450344	0.2924859732178037	-0.20103820231924166	0.7143319338449042	-1.4897466568160251	-1.1901172527017687	-2.594317762297532	0.4770117488882731	-2.64555724890503	-0.2472180276853007	-1.3773999017043383	1.283462117510843	-1.3430246795458434	-0.6394385621005014	0.38946606555373187	-0.08240835456513056	-0.7545106619513857	-0.643587256017628	0.4804694216216933	1.8795601308567818	0.32568277780615407	-0.35667091627005	0.952114175536816	0.5262316609805521	0.9801482899056252	2.137518189072579	-0.8441733476517891	0.9127201965177731	0.4997776048940477	0.04740690932239931	-0.6422931203802696	-0.44046164368849683	0.44365188216066886	0.2166902901783617	1.332080889878486	0.5530882764931303	0.39866692902736917	1.052753467694811	0.15728942076853833	0.5754208887682651	-1.1347010109370748	-0.7331757164208047	0.49795906629830944	-0.3199126884365796	-0.3809299919755891	0.22789581607718737	-0.33036768502797914	-1.5546159589410684	0.06623325822432855	0.01986520512462614	0.24895278112237249	-0.655912414744041	0.3398393958966563	-1.0534005101057697	-1.0132765928463836	0.2616578143545379	-0.790132514452863	-0.5063773458066948	-0.19354412364894263	0.466544302732464	0.6109986755498685	-0.11773994818951447	-0.512148950049107	-1.282215434045888	1.095042473897339	0.6647498336683293	0.7595583901969825	0.41000313829361534	-0.21885444147092706	0.6483734350620912	0.030002223149850425	-0.7882281758804748
DTXSID1034929	16.534070876581893	0.5288596034747508	-0.5174253534844084	-6.578516238399259	-4.0482549231875815	1.114343456647609	1.5259426560793994	3.116720080997533	-3.0121136062554306	-2.4064360211436515	0.22757544974815494	-1.492971343586051	0.6663529313853993	-3.257587297110649	4.072509924067664	0.5747333925805899	0.6273986280341762	1.6669477851704357	-2.5213713913583478	4.516445958332712	1.0348094906990297	0.19064471378571693	-0.351438234527561	-0.8847734451896714	0.49258817338135336	0.702886007684096	2.0586172731550327	-0.9080954485628047	0.6578670799510247	-0.7934246887299277	0.33178838927622056	-1.011748432242833	0.9830935375495178	-1.818485201595936	-0.183470915681675	0.5793149192202978	-3.1722946816419624	1.3651894454873952	0.4577174191988173	0.33371155314117873	-0.13452590187062083	-0.7481829681585447	-1.6494304725312132	-1.1242301703817352	-0.2397171662935675	-1.8116808818930212	-0.4583577559959537	0.08391949547082116	0.6232672036305947	0.5021866632339913	1.1616817933380108	1.24516649824578	0.4310224051652491	0.4675122255398519	1.1001751400328847	-0.4601655351088959	0.33617244784196854	-0.2292888578680395	-1.549244120135715	-1.5207115183144904	0.4537079105717181	2.2777853832141925	-0.6165013133604991	0.06386919029082573	-1.5688881984241039	-0.13800355681379742	0.4001986618438654	0.383091321851558	-0.8570694672092994	-1.3464686692957066	0.07560088498387552	-0.036491207284684614	-0.2754724773063982	-0.18147021049439116	0.8840425641867635	-0.2925705927999448	1.0237119819060587	-1.1117683103988962	0.4035084538753294	0.9450518452648335	-0.2920470693186652	-0.1944243200618815	0.9258018535966326	-0.02490425385284172	-0.41833556459476723	1.1388120427854342	0.25205986802931263	1.0537286576812295	-0.492184681375724	0.10181170676805523	-0.8431843062265235	0.2972571135372605	-0.5300281379230024	-0.10642678601508451	0.2907214494783321	0.4676182351106594	-0.7720976791446715	-0.2418568883016474	-0.35563333787639384	0.9686680685182456
DTXSID1040372	17.03554913322034	-9.080550942060821	5.741887473639622	12.092425968228362	-0.5425966434152238	2.3618538811064838	6.07678609313896	-0.5200831247710586	0.8550643095600066	-2.053009910954691	-2.0796558633672255	1.773504825658865	0.9389458939559294	1.2193148993976388	1.1358769189339137	-1.7634446850867667	-1.1423113465604215	-0.8266072463836751	-1.428489507356665	-3.129217243696528	0.23246274527740288	-0.0880675951797355	0.3964686366924414	-0.6034536205306071	0.8099773586981791	-0.669848274286304	0.6886636219999195	-0.6876917194829671	1.1344589322446514	-0.23304805060065098	1.0441611831236604	0.00460909704185839	-0.8323050477645204	0.07990634141730557	-1.457195973274737	-0.5512735024914918	-0.8392630490990465	-0.03282314739353347	-0.9450952506967562	-0.38990948923809793	-0.832709362822222	-1.302947864572986	1.3846784582993976	0.3084140645899855	-0.032735425538157274	-0.5707687703760591	0.04090335395165425	-1.7457717730254985	-0.0942463515701725	-1.8906137475959235	-0.5833257689618557	-0.31362032606747914	1.1214781409093544	0.5129975504129994	-1.3425109527888652	0.06291543540144087	0.6686446392384008	-0.4045392694991039	0.688273467520317	0.17714335270928658	-1.2568519970763528	0.5107877345333969	0.6255263516884949	0.21510617473261	0.0356912995757051	-0.17797956551516872	-0.4585676133289919	-1.2103880334672308	0.13789035864126256	1.2287212730138162	-0.5273159263335164	-0.3598226993527766	0.308783975848006	-0.22495924032012055	1.1680391785943762	-0.5394882530016248	-0.4499832632076304	0.29403132002691457	-0.24435405570993002	-0.3395611899894004	-0.7589177206284565	-0.6165941732679027	1.2395723165289054	-0.4705689825502261	0.6772276532437348	0.311250204658472	-0.2772249614163402	-0.14331480222567713	0.053596489229930704	0.49511682267410106	0.46740678475902253	-0.07105954674568432	0.1732175417356055	-0.25106506771458376	-0.24177381266380282	-0.23129437011804785	0.05069630592731279	-1.1612792541643464	0.566900044417649	0.7045811655529972
DTXSID1040742	17.656774677697406	-19.864159339439333	2.8607638995093323	11.208237930632599	0.04202507723365857	-3.7850872953700425	2.203435341671685	1.1005254769464694	-0.2850481840823201	-0.4930729194271357	1.046152164359086	-0.2687709930127494	-0.4556516841592365	-1.587734655438675	0.5090100126545718	0.3008444809117398	1.0326504993666417	0.6140672632979935	1.421290204330136	-0.35463701915316737	-0.3344626015843477	0.4115809982645561	-0.770063254509891	0.6589714264164362	-0.04637911046532815	0.1961743543915576	-1.7696096628252602	0.4636837971076205	-0.15025385100023067	1.2297881563043351	0.2958977172235965	-0.8280092952280922	0.05472237364372214	-0.39527914259647773	-0.7957120222974918	1.133535306547453	0.32310006942494096	0.3962963950527865	-0.026755527713827998	-0.5800401013982184	-0.043492545731480155	0.9373959470537863	-0.4349339806887726	0.4502715024677586	0.3906875208098379	-0.35589336830968865	-0.4508739874672747	-1.145498888144073	0.6902686767821482	0.6629388741722265	-0.34876049104926143	-0.6004122433589986	-0.5552795217767822	0.7167292311110208	-0.48625552177270404	-0.5599904461207221	-0.134050347285656	-0.5029788920611293	0.1585942125801892	-0.702171241776105	0.10561465529218812	-0.0920482001067164	-0.5170153007687748	-0.00510381069914594	-0.36328647225309507	-0.1321409064209025	-0.6233602269842319	0.4335016821865096	-0.28407210584869824	-0.3235994639501855	0.5547753978798762	-1.7117565897901716	-0.046597494131626845	0.37849447408076375	0.2841122261438303	0.6847768903821153	0.40700425217460784	-0.718076224537306	0.1566050365078572	0.9150064345707146	0.6676528134521681	0.7921683025333038	-0.03265735998320976	0.3555288973632769	-0.3793710084425063	-0.3135148046571668	0.051823083666370624	-0.7668845256644237	-0.9171941391641978	0.09834888234285125	-0.7310252865112111	-0.892351045259339	-0.008770073854198255	-0.4259173272080724	0.5547863545588522	1.1590108619022035	-0.3335174007548225	-0.4253739371737246	-0.6640552967794667	-0.0029217491251010107
DTXSID1047312	9.305827582603778	11.82677797204497	-5.776169148911728	-1.0533573260009965	4.827916386553251	0.8882570899396453	-1.9905908864312878	-0.8698527041612345	-0.936423610894971	0.5983146262131784	-4.900578646187503	-2.6947340276609495	0.2325138485542968	2.1733152336748818	2.8051731150290613	2.8162943924541497	5.867644340495989	-2.8698906935636392	2.5456890009281823	-1.6712238571959657	-0.30116931981454687	-0.3256483455874425	1.2320447596509347	2.879168531909829	3.33233536649736	1.8169125848985859	-0.1688125801752632	2.362602972271425	0.8353255072614072	2.1389607800737904	-0.23102046653568267	-0.07771245982391767	0.284438046705346	-1.6300447898906467	0.018111083388616337	-0.08884699665626622	-0.5141393524304667	0.018676397244584992	1.1490578038442611	1.7617524225960954	1.0854292928223228	-0.6662700607620977	-0.621479986373651	-1.0623985490757035	0.6850397777668396	-0.114251661046886	0.6166097124255318	-0.16028460410442982	0.8520469332369625	-0.14622295111465863	-0.9659013683146427	0.40867697258682417	1.2674725372331255	-0.10290876547484235	-0.29926721208059576	-0.744250106694431	-0.8051043412546125	-0.072437185744968	-0.06313648690313518	-0.22115270674804663	-0.06447333709884005	0.46580250824019864	1.2471788539512925	0.13371766883712297	-0.4405026972485128	0.09241428579940149	-0.7234477496905475	0.05513251521477584	0.1381324702917866	-1.0668494316250392	-0.36536504664427655	-0.9869547520378414	0.6031818923365723	0.4956094139836219	0.5374473778446041	-1.1019945906206936	-0.11581887339320712	0.20288261315668568	-2.1722657935352125	0.18099627405879223	-0.08875669998476919	1.0962127304451181	-0.5740680283046029	-1.4780159384944185	0.40494829640045255	0.7100188800533903	0.14701204024722025	-0.17978522940601122	-0.17891499556881962	-0.5423789488009699	-0.3630284478485236	-0.38007437141720357	-0.009944620890661891	-0.48402665457928545	0.5923378775284655	-1.3157266864145964	-0.8487798316401001	-0.9579711175563755	0.646157702303784	0.07666158362944747
DTXSID2024163	-3.365680689787788	10.264985580185499	-12.738129481083675	3.463235086319213	2.7974278461166047	0.2690093650171983	5.161904036908151	-2.0358610631529634	-3.468082253937278	-0.5649020856853109	0.7971273840193666	-2.708823195000246	0.21644704834660553	1.7647223096296005	0.636643689652584	0.8562866473352544	-1.2895624521063278	2.358134650628072	0.06057238246948123	0.5548798903890905	0.4730007199691143	0.762924156149938	1.6125363296048596	-1.2003712105257867	0.5610787015045158	1.8663012232237783	-0.9911397503942804	-0.35342704735193237	-1.3447762270372265	0.526350896053974	0.48790511310075624	0.5819033881768307	0.5363535921245426	0.398773496597802	-1.9685184006818504	0.7898379891537844	-0.007878833441800612	0.440533061958615	0.3751208663721396	0.15484338828365016	-1.0912481515608854	0.6816549607546093	0.7291884387064844	1.3652376112125557	1.2066536959105698	1.026246582440087	-0.8934827849620369	0.46726462445061423	0.8258945627842865	0.7200110466450119	1.1653448717633892	-0.06747233578873385	-0.4199405012505	-0.37459666187981455	0.41502289581190926	-0.47256604894093535	0.34936326651369387	0.08336884799205153	-0.7730602027189694	-0.3710764639275692	-0.5244864525607542	0.26931263945230494	0.3414776155402074	0.16954424526026074	-0.143694334962596	-0.2093883693184116	-0.7439859593600221	0.6690581843566027	-0.0073823517764318135	0.29946362620358974	-0.957813471958527	-1.022714015975375	0.49586598863779063	0.32926160167145424	1.8061145945575696	0.0544508595777536	1.4216342453537902	0.11497063547937345	0.9899979609123354	-0.5351570780092781	-0.06372858962516036	-0.37085720639522735	0.7030331847748515	-0.8925017421369144	1.053358953681354	1.1411846379038546	0.9552098409828731	-0.31492883378974457	-0.7480853283919786	-0.4680394823361086	-0.8573948547982423	0.054717789111312476	-1.3201981948279495	0.18476518526001187	-0.8427036141659356	1.2095146179869474	1.6719708502988349	-0.21400319267176326	-0.27060593178935594	-0.29954208408732524
DTXSID2024242	15.656784416601187	-1.2322188599420023	-1.678406640599985	3.062635725855781	1.3261821998354435	-0.34262530955822634	2.696495622888448	-3.6096846818641186	3.2775851093832293	-6.402874196910739	-3.5210544080715485	0.8613273728681414	-3.867449939589216	-0.18616742564619282	2.4513187398934866	-0.7393196245483199	0.053926309103673874	0.4955678860460184	-0.47565824848386945	-4.62715120804314	-0.3913480923791844	-0.0868303747544239	1.5625315018956798	-2.601172079258987	1.3574767976366464	0.35889578675421224	0.2643909375609804	-1.3867058430096286	-1.8460992455355685	-0.36468479663526165	0.48426233521452966	1.0769873111104682	-0.18923589778519648	1.0836353049110017	-0.5070475840454611	-1.3419931108525716	0.2520030158764647	0.3051932511514094	1.1464763767786958	1.1502467774489304	0.43815910546599574	1.1771873316143164	1.2181154528034304	-0.4410173692217331	-1.894863342108256	0.1523756412332675	0.05385303264551362	0.793296000498761	-0.21814579244399238	-0.16613248263167935	0.031052690703094094	1.4058109699715757	-0.1754620495446964	0.43290629070643916	0.9160826387400035	0.7974147865676938	0.47779765037871785	0.4886023475198899	0.8714707532432187	-0.525281951120263	0.21363655995712275	0.747787314992976	-0.5830294607313926	1.4928323683292977	-0.3377558375056599	-0.37896270950795263	-1.089963967832443	0.23627693582572518	1.347045253424378	0.11403732177230065	0.5830170321496325	1.6661290770785908	0.3851251480676615	0.9996647747579976	0.0634502511116722	-0.8959773406871054	-0.39401420585872343	0.4606531181417013	0.8628189758301535	0.3402010260243958	1.4005045476867455	-0.7845881992579625	0.5081687748264347	-0.006465352994726548	0.14693321230598175	0.22817408236808756	-0.8407923057120271	0.2139983880232167	-0.3190563095698016	0.43732750139889776	0.3612517489898791	0.3290645605378455	0.321031437079376	-0.682352210632447	0.6699244516374264	0.5880599846407583	-0.13959306041688027	0.3479951626930776	0.6364449911691695	-0.008157905309008725
DTXSID2032554	20.002507667358948	4.378621944540553	-1.5896422812982975	-6.154999572288653	-0.21942328245281778	-0.9312332471219585	-3.926559452750639	4.052217216668798	-3.690174835630848	0.6729721523434564	0.966575031616284	1.1483636276338949	1.0794202035195763	-0.4878114491622441	1.256543559747824	1.1742883625888925	0.509276779563265	-0.7273416214456822	-1.2273134590251031	1.0427675505645402	1.4063551571908488	-0.533123826546147	-0.16511408017003065	-1.120061229692396	0.4245380160522165	0.3795382092902807	-1.552320446845528	-0.4676617078413969	0.6732393085680799	-0.23553482262186864	0.8416199458368703	0.08100598019682964	1.0515547109805161	0.3869238316363341	0.5305039534473259	-0.5855935224069954	0.1269199583210319	-0.884428481151883	0.21955483657329714	0.695462221483968	1.0456749540077976	-1.0585475474952355	-0.13005526271164874	-0.37338556569995474	0.05428362679217278	1.4324196919209446	0.6779108782254994	-0.4948009630226157	1.012628607841557	0.8674364771071088	0.040250951555816976	-1.219530888768562	0.31522843901620123	0.8297235716293371	0.6668349561008492	0.6346634582018374	-0.30559115936360204	-0.27036237202307434	-0.8028057203318087	-0.45396231255712377	-0.6163950510339642	0.19687395140902528	-1.4009690913586903	-1.2943262041941304	0.21037855490630342	0.34054517022129266	-0.6162315264154078	0.3288816949373282	-0.14642807185019238	-0.5338467731103695	-0.4006696987231559	0.16957188674706322	-0.1368618483703912	0.06684938987369024	-0.9729962348650927	0.11824148992833437	-0.7587291511229957	-0.41460430931082715	0.5674020242436263	1.0160236534076246	0.807796826936662	-0.3312894152294045	0.42634588619115016	-1.067644963154458	-0.7478216945369534	1.092805179533012	-0.5392910284979915	0.3036310733318766	-0.15895235714335562	-1.0046214503576114	0.022258349058047265	0.6315666539592865	-0.8195286496852003	0.12757351401565892	-0.5012769466145532	-0.17505369969119938	0.033788864085723264	-0.5192460203045532	0.5182260972517718	-1.337643642586225
DTXSID2037502	9.921928892568006	4.106927012397984	6.322641285255419	-9.564876688526256	-2.54753821899249	4.900549664268347	3.0506909541690526	-1.9515766803644043	4.147147770311626	-5.5885530049480465	0.32643758076045887	-5.125218523505288	-3.088067769622559	0.7352046512348188	2.285286091910874	1.9640460027035633	-0.6017432675602361	0.35214355868373626	0.9229552231669743	-0.6072639290451893	-1.874128045095423	-1.4047523038245378	0.22583712805280085	0.7333856699686125	-1.6882627359145812	-1.0252354698949064	-0.3858564164012001	-0.4651888127208281	1.24186801154237	0.6222957133769855	-0.6289365756829165	-0.6023919900078787	0.2915833606781512	-1.2245137738805092	0.31976710006094505	-0.9038533970815631	1.5755772512041084	-0.2960284234883323	0.5768655951942588	0.26771687886863277	0.8217153697798876	-0.24939911700371015	0.04361925437016305	0.9451448545454897	-0.7339467896443728	0.08692552062290268	0.6437718663810255	-0.22227616768607628	0.31809162812872716	-0.17604762519401188	0.020891181298717854	0.23532778757105305	0.9531100684386754	-0.6156728250977191	0.9641057700752442	1.5094704346558918	-1.8455493047355036	-0.37874833926887613	-0.33100468122540677	-0.8328513570489735	0.4120885198306965	0.5965791170385175	-1.7107416205633277	0.5021217119450041	-0.8390627321909694	0.7642929860777004	-1.5411217899787744	1.849612615946063	0.213483458831078	-0.40646711234292315	-0.3597264561357958	0.712394982240893	-1.0026678772053685	0.752536656660778	-0.8362212534992235	-1.0038062112530588	0.22903212747919066	-0.6029034830651255	1.0798167834016557	-0.2869644583450467	0.36366200059753645	0.38548508973324463	0.3139427785330289	0.36728555921000666	-1.2339546227164817	0.2458928929385318	-0.8415559994629408	0.01582995591559764	0.23438079532621348	0.3138009405262209	0.021593565859645295	1.0795849219933502	-0.09084772630033447	-0.24215762025978763	1.1933477665891732	-0.05753485999952842	-0.12649391947607938	0.1294557958991765	-0.6819435357243575	0.5000736034152726
DTXSID2040363	11.114406761285593	5.088066338016496	-2.791604238843685	-3.192147916247653	6.64359438631377	5.692339352235415	4.748313985947002	-3.9393332756027997	-2.7057530698313252	-3.851022773342015	-3.1399423260777097	0.20822580212510766	-1.2453130056942472	1.1000275558974784	2.161010323864553	2.632353028166082	-0.7422711765261933	0.15246454518595098	-1.3600399877110774	-1.4460028315709792	-2.021570071167944	0.6635902917879626	2.4296908367515164	0.17680678118184537	-1.6261552124401915	1.2826596289823915	-0.5267697031452359	1.011890749931312	-1.5904903400791826	0.43313094588327716	2.822895875576388	-0.03384878055365781	0.46814140477893673	0.03760455132909857	-0.21602250721659874	-0.2459272586166967	-0.6229595517677273	-0.41677601096475625	0.7463992732379396	-0.17517819300804052	0.2543484220493056	-0.8862959609808496	0.22571344260005016	-1.2620329820205924	-0.5774751126569175	-0.25797575433237485	-0.09368485938650976	0.9240712177704471	-0.6644642376661912	0.8352642745312032	0.4181210960898334	0.2701186204406274	-0.8080812855879279	-0.43889549187946414	0.5036244372301478	0.00545104676259012	-0.5722208634366649	-0.6084625643089817	-0.21103015553540228	-0.8383949745077826	-0.44803603190761243	-1.1599422266918935	0.6059595513267398	-0.13314652100045216	-0.46992225243127783	-0.6318739851767368	-0.5175324060288263	-1.0177844640527778	1.055356537402375	-0.3614787474151597	1.0004411795811121	-0.35759358624076293	-1.118634643879001	-0.09456363713515986	0.8270937497179156	-1.6270174139810882	0.3164400076147063	0.31245846153604334	1.4022867192010147	-0.9969544785335623	0.7516901004159064	0.3580257334934247	-0.01532675134248043	-0.5123702109941917	-0.6178280515271303	-0.019006094615235086	-0.26177288103193824	0.6021100004393969	-0.687906579124598	0.11890444081151622	-0.4544345500174431	0.40077125092268767	-0.5386084943264436	-1.199245484863185	0.07321170494689391	0.621870612111226	0.2518689333481523	-0.6879109862329836	0.7106262424419697	0.7232642030943981
DTXSID2040361	-11.987693918137756	-3.552623214278056	-15.549370626617538	4.628663744858344	1.2765756503708678	-4.782270277330322	-4.079890764921417	-2.5732984166871278	6.311902811631873	-4.333403744326585	-1.0542734950193404	1.2460105540477673	0.8618852910614868	0.9349334751078778	-2.3453468574660494	1.237394153727633	-0.12936157166389547	-3.735749458181174	-0.8957815559963608	-0.6811936255335589	-1.6588939785064238	0.875901204203172	0.047436723708868	0.21053693760782005	-0.41903069933631737	-0.6946346161886349	-1.867314011129636	0.47941283582714683	0.49468750041539933	0.29752855901680714	0.27818840816349394	-0.9662922756712559	-0.4399885215863323	0.9463578276535232	-0.10000741743280395	1.1893890511859242	-0.19903398539089043	0.3849320097939679	0.2941804733795463	0.15632906676842037	-0.31427727132397515	-0.41025310952879074	0.6067213059828516	1.2245916944056032	0.57828795032417	-0.7241111378192592	1.9272988381037055	0.4356945001995797	0.18271073559347342	-1.401497190777653	0.9366445503277495	0.5674974039969505	-0.6531157741559013	0.5504936177661578	0.6907385988321659	-0.7012897445497461	0.21464421082281784	0.1818682138762331	0.7506178216334543	-0.893982348634908	-0.8025236675515788	0.6745162275861459	-0.5002807659534952	-0.2980555413957154	0.5736991299666822	0.6315294593052622	-0.17232046802144804	0.13479124045102417	1.0606641447542147	0.8643187454534553	-0.6953452411719279	0.4423550368212854	0.015004638677196529	0.35108538185078053	-0.8497755081169913	0.21195431072414592	0.44264044733650554	-0.881272125478835	0.26956097370765175	-0.08699498675516551	0.062373772989480845	-0.8662273838136247	-0.22204534634118128	0.3805278923072854	0.6660886847470016	-0.5415276290785802	-0.14933032901600157	-0.31761803891954626	-0.4171721397022062	-0.0693833028317272	0.3990924026676943	-0.5687388397255387	-0.5150312788419377	-0.21721171788548532	-0.335031715935702	-0.22664803907819542	-0.17901660179882314	-0.3397581202899423	0.000781998608406047	0.2457584881380504
DTXSID2047301	21.141880109861727	5.378470816231221	2.2157910633231337	-2.6073450158810614	-3.759987149243236	0.35324069878738057	-4.630944790597129	4.7910448794033496	-3.1407042055833054	-0.37609675182644997	0.9695692586065232	1.5021666518008625	-0.7986377983976974	-0.27244250499545036	1.458111427323256	-1.229072048824229	0.020727420498008967	0.23867674426138147	-0.13072916497610393	0.4125370603305164	1.1154617294243765	0.016367191469216894	0.8797136165737838	-1.5304968127878529	1.1315237347504619	0.16844910294824222	-0.5121170078282891	0.038895431762998645	-1.1138230966980947	1.8638209217327284	-0.9086917138489264	-0.6715568042591002	0.4389121264018389	0.40176050017085857	0.28128093477134825	-1.962320678945316	-1.6154393852412978	1.053489509709909	0.023472152508952793	0.059095233037006	0.1905290144648253	0.2662374206269698	-0.09171655389562695	0.3208308455165897	-0.1889094443252774	-0.2078351166141338	0.35384444181757096	-0.1409230392780258	0.038414190359742965	-0.15468809916552584	0.7425722549488906	0.5969912620888375	-0.832815363723862	-0.035944095249023804	1.283371542819078	0.2635692338254355	1.1994683742150847	-0.34633531388438477	0.6976302272528973	0.7931095500839126	-0.23582874507240445	-0.5044594310726498	-0.3503594478577041	-0.43296559686332625	-0.9588456404755713	-1.5999797940630165	0.034411193261422626	-0.24504374482962016	0.37265418016556184	-1.2181391711544558	0.7071477262317666	-0.2443638617674377	1.0335010844738888	-0.03173731556706113	-0.7324734386916486	-0.8456725367304674	-0.3674922583833657	-0.0026495795264925583	0.9027708289805344	-0.00920179951246131	0.6331399509953007	-0.4774922653088304	-0.9206001605847303	1.0515846011627532	0.08102569203711217	-0.8730623438641406	-0.6713254002258882	0.8399972271536605	-0.26944348516387123	0.000639601932504054	-0.01270429545169569	-0.1985529209843424	0.8032613654455886	0.6753348193166173	-0.45414951245015744	0.29667806374758454	0.49461996184283297	-0.3302118902838607	0.07895944602315999	0.6673434379615316
DTXSID3020966	-9.167512187806683	8.702178409980403	-10.521963613004484	2.336907331497278	-2.1413279939357612	-13.688328256028058	-4.734761421239948	1.2930986874385089	4.4519786413484805	-0.41787446416346297	-1.5934293937696495	-4.429840794654671	1.16574867251605	-1.551251656684046	-0.9597878541483895	-0.8428984716722646	-1.6904624381284161	-0.9177253988881794	-0.03218809761731376	-0.6040332776086557	-2.998512534361819	-0.07343008699645681	-1.7921613585549325	-0.7927717173610178	0.6687732178408898	-1.7642921389617023	0.4856493882160941	0.17256933068610564	-1.0469587536541265	-0.5823706786227646	-0.26469685450372105	0.0199608559400552	-1.6053076909845145	0.09704664183459621	-0.9482380374069584	-0.8597920369212865	-1.35608940954689	1.2739482887874651	0.13035721690671093	0.6085459716827448	-0.8257309577234647	-0.05043602105968384	0.20980748386902798	0.13974257460765618	-1.7862194845149704	0.18663372578414875	-0.24250106945379019	-0.326769531538929	-0.7583545314876882	-1.4878490203008796	1.3018460207857834	-0.6473425349777926	0.8730830288932109	0.2671752852523908	1.3499891315454213	-0.9251760503341676	0.548834842956745	-0.07458420419116653	-0.20896019899625357	-0.5363182054800888	0.7587268756947559	1.6953535698542304	-0.5568625115195701	-0.1794071186443848	0.4556621032763202	-0.3382387206346451	0.1496711075431482	0.9194127639064563	-0.30982464301125967	-0.2486639306745309	-0.9623937182580566	-0.5076902706611899	0.7087606303704758	-0.4714213899820324	-0.27351567056106185	-0.30073608939859453	-0.0076894758836917815	0.2437317533865554	-0.30916531856591933	0.4024662037986765	0.5165484489673529	0.05862642289547474	-1.0756793393609203	-0.48960266316235096	-0.3905168242586744	-0.06237683335169089	-0.034574925083815704	-1.1585170587769607	0.30090869024960765	1.2239203120257591	0.3181839649992295	-1.3716676649225494	0.3493131092800223	0.862826110777603	0.1892113611549628	0.24025613784121663	-0.14397528222205166	0.20461849026613596	0.20126040264377507	-0.23351262164694492
DTXSID3022370	14.965396112205465	-22.48876019381245	4.438669182031401	12.658891970086229	1.4015132506929049	-4.574677217978042	3.7466645391750326	3.205391850685272	-2.0615036670115794	1.3379897483276486	1.919028453902664	-1.1634089813343527	1.8521199984250194	0.5562021614247469	0.6077317997100379	-0.594846084097394	0.7091654423835619	-0.6820788928304583	0.28902675160649394	0.15581100820638108	0.699724498617987	0.3289108185089058	1.462290513628803	-0.09048843862495094	0.5849948736228803	0.28420251484287345	1.050152056119417	0.09837722013420871	-0.08217403058307751	0.40092395407915243	-0.22955182026031842	-0.9655788807539332	-0.12881605221133033	-0.33203154834626897	0.18149771947855498	1.152880859585983	-0.287181091935085	1.1800135919620902	1.0774579282724408	-0.5115083243608799	-0.44264604607270214	-0.1304875169729039	0.07500537582177162	-0.33652608127695005	0.31666951401130766	0.3215195044321505	-0.2537230531266395	-1.230035610421177	0.15076925265063573	0.441200297732933	0.3105987485664901	-0.3265365182380729	-0.41182015406861117	0.10628362116781503	-0.361554012945164	0.6354384541880076	-0.9771986021449109	0.24287705504792723	0.0930541180546947	0.25964851633295816	-0.8732828809723654	-0.013253921895169793	-0.5200052512027098	0.06452205373019022	-0.25787436978426015	-0.24289491929537213	-0.19173681882551993	0.49548966784171394	-0.3599597111751339	-0.6248937161167599	-1.450015231708204	-1.1341470256131299	-0.19912412017468314	-0.6977372514929924	-0.34133449026090873	0.5580673195619259	-0.3764212117553228	-0.2565439817753535	-0.1307047716106868	-0.34152077865732827	0.7438409738198378	0.3174220975610743	-0.31436013961720854	-0.2728325171187311	-0.9292367385228273	-0.03925791566304185	-0.004756940849405192	0.18028122444577382	-0.11910142981381988	-0.6026550632493839	-0.01816462941502337	-0.013945762044431933	-0.10035178520450791	1.1497782840117048	-0.3484302941768689	-0.40345619328813054	-0.0894942899462309	0.09426872312926549	0.560248756774353	0.6847313467162
DTXSID3023897	5.748297863699268	11.867079537096934	-6.233033837069092	-4.775056134508873	2.888269725287075	1.8648062834872876	3.921817995641251	-2.0664122538598786	-2.69361497081851	-2.177307119328178	1.5522461630293722	-3.666072341224072	-0.9170793338267091	-0.08799837832306326	-0.06293279792571178	2.091853682314794	-0.7992622384547662	1.9541733393707794	-0.42848351414467	-0.8162336517639797	2.2785891581727413	1.7546312253596645	2.29599847379968	-0.925865070398212	-0.15816515276132326	-1.5448630812635957	-0.9133406201449097	-1.3629963057257255	-0.5174773291001549	0.41922116615526894	-0.5118881161833996	0.20620156092860803	-2.148062767841378	0.1356026198891855	0.9710612531249944	1.0560913496097208	-1.0450640508483016	-0.37221277025558613	1.3841296704005799	0.19253524040112788	0.14231318103661197	-0.9965575917661922	-0.24634883313261707	-0.5120859954644378	0.3655172978767857	1.0148733685247668	-0.2355676750886186	1.4723496943710048	0.975437502919135	-0.4108898359151399	-0.8120340948213808	0.7646194774038457	-2.023219477678309	-0.7576080864158573	0.18133780763834506	1.1577948650063552	-0.6820496261345197	0.08411749874834089	-1.4592625538104036	-1.1015174823062868	-0.3850588557511274	0.08796212341083427	-0.2862231624883712	-0.5856042199075179	-1.5829534930661073	-0.2874722890881062	-0.9257343758467195	0.7554503868178567	0.7037375995637997	1.0784032674416317	-0.0795176114966295	1.1141638355172379	-0.2838208015073813	0.16419075060376798	0.8177454346039411	-1.1226806402117064	1.5704501065615972	-0.2800078004280472	0.8196720353985896	-0.8478292192044325	1.597753547863824	-0.0413796969709642	-0.10448259421522213	-1.1249948862896952	-2.029992499766607	-1.1630416121382465	0.7140999325251827	0.1690234607291901	-1.3591552580151014	0.5098100414232983	0.9207498158161685	-0.5160269673706288	0.0685370377332152	0.8380966316809881	-0.3188355994935117	0.25867672382502704	0.8035989862685173	-0.7165972728314773	0.08100883945577222	-0.49796183340006905
DTXSID3024154	12.888685334029555	13.053774393088128	-7.10438997933408	-0.952091379857154	-0.5885146808110754	-0.6239387527370269	-0.9744067887800716	3.8543950890071796	-4.523337144230341	2.9876360769290375	-0.3630387028550416	-0.5364142099667963	-0.23537183293078257	1.8975877909502812	0.790567298611667	-2.5575164543610107	-0.2562126567954617	2.142573489791493	-0.9275262838700219	0.3210008319656974	0.5790780423558445	0.7012030912397067	1.2832866152200557	-1.054211066205121	-0.12691625352995828	-0.3091186965851555	-0.10307158057248741	2.58386102614351	-1.709919792760069	0.2946025457507794	-0.5679500187442741	0.4157350400710876	-0.1265658044791729	-0.38003903290321045	-1.0165726029437514	-0.5897686247298756	-1.0553663471283168	-0.15883541983718238	0.0417189442516504	1.7760049806308094	-0.21292669662158595	-0.48275332994135967	-0.7340861675724777	-0.05245583075023325	0.6602224446990845	-0.3455189668119422	0.304239201636887	2.0794819668524203	1.3199801218591836	-0.21624622501886828	0.15461601855894574	1.466402009739792	-0.6100386508144038	-0.656147247674521	0.25240616511479685	-0.1724524519829502	0.6676317663024213	-0.3420355158364444	-0.4536419367294176	0.5272160545929281	-0.8063264204962557	-0.33317661100415547	0.40041599116930604	-0.7275425156603055	0.27006416762746227	-0.4667770448646433	-0.4109592597635134	-0.26209040657649135	0.7941272454765504	-0.7822370138544841	-1.0131241868975598	-0.30704427396548795	0.047442883308040716	-1.036224594296822	-0.38730795028568216	-0.5368447000777253	1.1070359334239492	0.4343857468393279	1.3092495253732248	-1.189600793232392	0.6361932640180865	-0.241925914555676	-0.6547482784615408	-0.5727113122264842	0.10268356817850774	-0.6324569484718816	1.3379771785698795	0.9133991664736845	-0.6502292236916449	0.5758603316693707	0.04538313244717965	-0.20227307540321965	-0.7004081995877597	-0.7702227598831668	-1.0300257363572383	-0.3553032095741597	0.14023021960437532	-0.44609530003970715	0.7162580112166472	-0.32418494232591427
DTXSID3024235	10.12717951238411	6.092715394666117	5.692171157659674	-2.6159386952408092	2.6303244511990385	6.138910807453691	5.540288316256925	-4.376416348251366	4.084788400148951	-2.9118126019721906	-2.2360466340601697	2.013208293807823	0.7445282584503841	3.54634721298737	2.613510926386126	-2.2809325745832627	0.10120328343042209	-0.7008638303315821	1.7717436946178398	-2.6449108266186236	0.8500757384816491	-2.3731804645105017	1.299991053027443	0.8976513362744261	0.8756325501472897	2.338422840417051	-0.5648768734502846	-0.3056168038079498	0.013171793487589543	0.2543896028000567	-0.790390071348051	-2.595156065786457	-1.4015185091520777	0.5781057402560724	0.031509183943457475	0.9282823298096049	1.1863770286079551	-1.8542403464180328	-0.8075970723206485	1.1921990672801455	0.4633072236157495	0.4452791668534233	-0.5101981575737565	-1.0972425454996533	0.23583811616500788	-1.345420255599985	1.5328912361392737	0.9860706696745744	-1.4475314781015478	-1.5106741622784574	1.79592961574212	0.06507516533954177	-0.14446475270339262	-0.29753820279072557	0.5719427818627255	0.15276125263332477	-0.036279960956967845	-0.4336181878382832	-0.1174512882835896	0.6605939068956896	1.9412947150191022	0.2247250666813341	0.22311912067048803	0.4126470558108761	-0.748505507057103	0.4362909477593029	-0.5232006105648261	-0.44422036486734795	-0.2566468679281739	0.06882888687885	0.30555842561150043	1.6326436770022419	0.5920938841482231	-0.4410793761151122	0.5957760603854324	-0.5001952780222471	-0.3997830412278998	-0.282702483054293	0.8508551920556607	0.7774419818961446	0.4045962499156593	0.6432169235806345	-1.3484954200570698	0.11992178933651439	0.0037840102458876314	-0.3335454774234482	0.5842047576377967	0.1806976831705671	-0.6519046168717515	0.8470320963795765	-1.1710918038118232	0.9023485805562542	0.2283399290712623	-1.1844140019721918	-0.15874553255839488	-1.5809936935975206	-0.726407234993396	-0.79788808146304	-0.4206577669514598	0.04075323228312311
DTXSID3032549	7.905466829479394	13.586529816079661	1.9530440169590628	-2.313673242581552	-3.9155355082970855	-3.915888906091724	2.1706400100199765	-6.457683345749996	-4.190008137885707	-0.35086164495175637	1.8746373723031804	-0.8776822007193228	0.460124576242392	2.5444254636775003	0.20250243946869664	-1.482607271382325	-0.2791382125209034	1.0182491141445456	-0.43470142521013216	-0.8449362680270714	0.6674108342571762	-0.45529243135020364	-1.2764861346616985	-2.6089688279091137	0.7492398097219006	-1.2888577966927128	-2.243628336916344	0.5946887161609183	-0.9578238202745506	1.858047453122119	1.5369683445243238	-0.20982821948314578	-0.6174064969813375	-0.9276242051349708	-1.6242588611307232	-0.6031596102547438	0.10324811466138717	1.8152580460714833	0.4497192785576281	0.22006893471933978	0.04591096349414044	-0.13468675951785675	0.8186497294007264	0.5776570125242422	-1.9382565601071788	-1.177996522247801	-0.5170669257643328	0.36522886758209555	0.2960338925049177	-0.46550725496710066	-0.6690714034045523	0.801980670095932	-2.0530581554196625	-0.6931032745454034	0.30323198730223794	1.0275141426839542	-0.2726513589969725	-0.7165648873300315	-1.2255094706728458	-1.2539594346396299	-0.7866952849152635	-0.22195586860245517	-0.2012548734593487	-0.022730993796360944	-0.9393683239521439	-1.692951782408664	0.595925786847758	0.3925640834283655	0.8249007558312118	0.19965863763043423	-1.295935414083356	-0.7572131637539039	-0.7442075804074022	-0.6057485891281628	1.1076668847431161	0.346556542819654	0.7807417488224186	0.47506376132728095	-1.067939513251126	0.0808134101801058	-0.4847920538898666	0.936840289580179	-0.8497248899430266	-1.5242840191011737	0.03980006253752673	-0.7091619208053769	-0.2067450682859006	-0.1644952899470865	0.4687357228151845	-0.11036536425878715	-0.5071981135417005	-0.2664446391638964	-0.06351756948484852	0.5330228938830093	-0.3617693736644476	0.1644506319312864	-0.4065925469225108	-0.23740645509142339	0.6033049828435697	0.32647510811585967
DTXSID3032591	-0.7400971805660206	10.474860519828319	-15.332905093050197	3.7254883148617326	-0.1979003665700916	-5.46121665984216	1.6630987673956532	3.3789355285433147	-3.580890789517118	-1.285708695081367	0.16281857735904023	0.43256861862777385	-0.9886623414339712	-2.1126511732944455	-0.692774562871186	-0.4165497600555473	1.4363770812931553	-0.5738052334268334	-1.7790027029484772	-0.4742835405976678	0.16962899989998956	-1.0073145728916904	0.9573639721081981	-0.5386947351772684	0.3754286338859567	-2.2555936108405183	2.0305960800978182	0.8010627731104532	-3.552615196340513	-1.727361500245224	-1.2230516926408594	-0.3023162592506951	-0.7321749450778869	-3.380831563938897	-0.6337569446076188	-0.5564700100082858	-1.18409087624512	0.2533100134137997	1.4217158826246183	-0.8748141389477981	0.4129493739989541	-0.36665459967659636	-1.1268546196124074	0.9756249156224948	0.39085017272354156	1.3474313564652571	-0.7782400705714966	0.9045467767281495	0.32876407596490753	0.619930255223546	-1.4767398223731258	0.8669029879658791	-0.03996842822997228	-0.9688990602952207	-0.8983462390707223	-0.015746461245039905	-0.7084252644367733	-0.47458296101873554	0.5302624965319092	0.6736626764234035	-1.0689853184928058	-0.17037036569412978	0.05809842072941331	-1.6352206182488003	0.4306591390745223	0.05090260232152297	0.13156786962870806	0.23433629933224326	0.0741771991184771	-0.2593363332913147	0.05519135816619055	-1.057336328152358	-0.822788772712321	-0.3934898222055917	0.30436405839975206	-0.04950212647065218	-0.8443707307373117	-0.5754899561146811	-0.9228678345746039	1.1613065850010191	0.655188131553161	0.14107169491554963	0.3777672409245342	-0.2550715557128825	0.19706637989750214	-0.012654501101923593	-0.14765479772677564	0.27277318917997617	-0.14362069850226022	0.20858763531024013	-1.330585225927765	0.8631262046614372	-0.365793765933613	-0.6683036872162506	0.45952203857370555	1.015183443216025	0.9052618886264661	-0.6202424117877796	0.5075493575299972	0.9679629903266453
DTXSID3032626	-4.407706267602476	7.776637147457653	-11.934757579010087	-0.0782346926725886	-5.378760670593988	4.612019296952385	4.3723432008808185	1.831008008913201	1.8091144037758986	-1.0528711071189534	2.2978316012606266	-2.5187461518615146	2.702084599191069	0.8177878547571856	2.6226567069637543	1.1362138224572313	-0.9996448440565682	1.258011093043258	-0.098326825146039	-0.7426920641668573	1.0045784490253928	0.6908739477707336	1.0345729329292694	0.33954981721579297	-0.3259738918925399	-0.21346125848530242	0.422149285309062	-0.2141478549923675	0.9100139780655201	-1.140230984534695	-0.660563347051774	0.7326788955482051	0.4467581797826979	1.2926638571325313	-0.25001378831776017	-0.3577450221953654	-0.5667276746864431	1.0767406771461854	-1.9673689156482677	-0.6937747137805794	-0.5993894247914567	-0.7491109131276321	0.2885412881892628	2.202369636288203	-0.8257681372679673	0.39975899706487894	0.7831233728086822	0.9001292162226762	-0.9319405109241944	-0.48317750649390007	-0.43137932921632377	0.9690267025818032	1.5106718089250388	0.4954746395764022	-0.9511277958017718	-1.2551669393966494	0.19991340351561343	0.31499850164732013	-0.515230370257005	0.5685037751593388	-0.17497439108034538	1.612661337051008	-0.5816910611641007	-0.37203853255610636	-0.731526537903457	-1.0635256321063862	0.4782513128805995	-0.41002820746952534	-1.2290969564502168	-0.8884020548790789	0.1386427851113024	-0.06063356355503629	-0.03220765186013342	0.5430377088387713	-0.9952021331069719	-0.44748526936267874	0.34345992444697304	0.010809747040901664	0.4612962115508255	0.6764568576594812	0.3294106225346139	0.17858648078760272	0.46434421796790804	-0.506393703477021	0.7376135338666684	-0.2585647712052416	-0.915293345318608	0.2778255467068557	0.7295750144208415	-0.4446822438537705	0.09270339149606645	-1.2163553030317593	-0.7734773368237058	0.29084253575793173	0.9020029801226948	-0.2601216476498017	0.1506479789693737	0.49325516966327165	-0.29141146536934615	-0.24537081560119384
DTXSID3044338	11.525351333462163	8.306308025501556	3.340904118874904	1.2110810934271392	7.850894967838849	5.70923059367041	3.206618720525615	-7.661507052240572	-2.611319041161912	-4.265353539047091	-1.5809303001875143	1.567206809917602	0.20219486554730629	2.091146822969854	0.31939006961479666	-2.5977262574140934	2.368608511575623	-1.5303593464396799	-1.1366777881222254	-0.7883400692205939	-0.5378927219582545	-2.7092306467791882	1.3412921072768564	-1.8869552185568488	-0.8016608769754708	-0.5823895039893181	0.12627266197239664	-0.5887345958096076	-2.3014242422190963	-0.3374992774616783	-1.0938135552217618	-0.7436175012345927	-1.5070336572882312	1.2014802541676763	-0.5153505116755249	0.4884673598176445	0.6282311302577708	-1.4205512396967228	-0.9765167058446437	1.3103612994084486	0.3647577069470302	0.20073380477372507	-0.35485707443801645	-0.5476641914135185	-2.173978400088684	1.385445387606641	-0.06947200631609078	-0.9686405663878929	1.0151284252634594	-0.7432738638769936	0.8316374768291893	0.6924704266077003	-0.07493031716363158	-0.6453525954635718	0.47971555938536364	-0.47773550144668364	1.084661342545822	-1.589820556070878	0.06471611025898576	-0.7112851881009885	-0.2970371234481424	0.6833028975022643	0.4132615301624857	0.2872833615630382	0.06017940801370924	-1.1704022959654343	-1.318586348679234	-1.469906209941752	-0.47649221124304075	0.3666363329931726	0.07746698451853651	1.654926232935168	-0.5378015074688938	-0.3346934552945567	-0.4786781751142385	0.3073736823145903	0.4174942079397896	-1.31036669624646	0.12634640058726382	1.7476360466214196	-0.15454306830336154	-0.8314156446382074	-0.12779457159270605	-0.15406111945788636	-1.2664708906148057	0.1062213860318175	0.1400255531149595	-0.1711010209864137	0.20654367744342023	0.8438969159301372	-1.2600927387256142	-0.1871209612752923	0.5622099554285539	-0.9341698864592275	-0.49397593222061403	-0.6592412243334668	-0.6345679916253977	0.24083402720170696	-0.6685793862118851	0.015803228320922683
DTXSID3047429	16.28265544330334	-20.75798056669456	1.9352403520516477	12.032394933842475	0.8139436699951784	-5.165126423909986	3.094422914012215	0.8496749412351375	-0.12796153371417804	0.13975562266365352	1.3276750574216958	-1.413642280449579	-0.36469131249201353	-1.0695936290739594	0.8044398704775891	-1.2168100476073178	1.348503387186088	0.7287350581249338	0.7784664309296777	0.04491330608110669	-0.12596661789664504	0.27380200453769865	-0.09774011316844718	0.06401571183503156	0.32910439364561883	0.6170382366583431	-0.25163258055828336	-0.21031109197839265	0.17220984256009833	0.9908078382449956	0.575198345794866	-0.9126032175556473	0.7923020630008185	0.4907818521106605	-0.01094632304944176	-0.10203668157387409	1.4465524029999444	0.9574144529345723	0.07430304313120811	-0.3954497325955213	0.20213254186570961	0.1997507728350857	0.16241506660838761	0.7588475942600876	-0.44852099102801507	0.2606687553473165	-0.6113953584790176	-0.0036274114802010643	0.5015634547265021	0.5619053285698496	0.2641340485109169	0.09330297319011499	-0.3508002011803848	-0.25725340533413116	-0.17017338911519664	-0.20469317736624698	-1.242160588698191	-0.5239581230120787	0.46268321591595224	0.3076782293631439	0.8356340585213159	0.4372930878836646	-0.9300451670433437	0.13351136865030538	0.6926268176557739	0.21189793812289856	-1.2169884497774466	-0.38516453152890445	-0.9404586421041212	-0.11879086427982476	0.6310808188395879	-0.5255920030108919	-0.2284566151616013	-0.683564039821054	-0.15227329471566936	0.4310335807052049	0.9174846973852744	-0.06014749128964508	0.4520651706625593	-0.3171225591850641	-0.5520526906302701	0.7066600745031836	0.9678683158882657	0.5522276482374973	-1.343645469859199	0.1328039842999247	0.3590861886103885	-0.054867698081928866	0.24659862184870995	0.12360192701030148	0.03158950385926831	-0.43114437802405775	0.11856446401615656	-0.23951518570309918	0.4206716911318324	-0.7682768576968263	-0.7217620425201927	0.09119994644705769	-0.2059051338369525	-0.24327579322786597
DTXSID4020959	-16.625310314140457	3.9802709526126994	-9.477999166677815	5.995078810787926	2.3390431766595574	-9.11726852427628	-6.021266467595282	-0.8765443775787449	4.853843210386426	-2.464373200101348	-0.8442757128023822	-3.467515318002131	3.4148090034973713	-4.047526788916528	-0.09913999894357334	1.0834727474572188	-2.50993152329935	-1.1308853605970404	2.1013085122498185	0.4766583540241718	-2.299186320772714	-0.4620869301582021	0.09030042111970853	-0.6170842226393822	0.9366963610835807	0.012933630805653167	0.36369906297217697	-0.5280400484372223	-1.0068774352642236	-1.6963873313088258	-0.5428217978747643	-0.6369950694964138	-0.19655894948668975	-0.300064915785381	0.3910752341873286	-1.4680399807439612	-0.14517956716294764	0.6689118785217691	0.4016389529423892	0.6764156559578097	-0.6774155403412766	-0.5635665067852649	0.16162782885211432	0.46394974767542335	-0.5399387435630609	-0.359840669528124	1.174875826486331	0.3844582551877537	0.31528525578776007	-1.6076112161800458	0.5851068925855294	0.039252325894747524	-0.9155361375276844	1.0181340005587702	0.981920280321293	0.7338926326384578	-0.019235011859304478	-0.38311202354533985	-0.7332694561373844	0.5503693849012063	0.9048128914947381	-0.3409464370350361	-0.7864247788997066	1.0097814910619902	0.15918152928325818	0.8873208796165148	0.4548605644033479	-0.7192006184946814	-1.041248775369758	0.2700984270433417	-0.09201082097327395	-0.10020566257229951	0.927569759906508	-0.9464853454685195	1.2471506768130756	-0.6095859133193964	-0.2598809784799395	0.6763609153171188	0.24515903437286515	1.146105594483516	-0.16084293830826787	0.8617411885904814	-0.1339428668321462	-0.022863635397726918	0.0052505567792208	-0.6621898093833454	-1.558582461992617	0.10189028769425242	0.09557522081326275	-0.15063442107577038	0.6503549827189109	0.38404288927958236	0.46844672277396887	-0.07524510222943492	0.04689284044050436	-0.42350992577638097	0.3675705149310517	0.3611400734229625	0.1680669256340294	0.8054405607166947
DTXSID4021131	-17.864250135499393	1.7684842699526842	15.028524338386319	-2.723846731633264	5.115494082912664	0.036039275077681794	1.4671961432030771	2.1685707434611268	-0.010279342374836638	1.3142561409595923	-1.116077390020475	0.45581329810836646	-1.4192920066126922	0.6190603368066208	1.2958220559902571	0.9510520616968928	-0.23741457802816632	-0.5040684308479594	-1.1799562110836326	-2.209655252484943	0.04848461781468247	-1.7824245242817587	0.16895694242032339	0.06309589438589673	0.13638462932484446	0.9112292802451515	0.18052310619906523	-0.8989188384219747	0.2873433612284555	0.2675235516450063	-2.564036303716555	0.7364395531348468	-1.5176745018426563	-0.6290513255074314	-1.4025815768376337	1.891669424865894	-0.5864294632394633	0.8674249647712532	0.23651904098024817	-0.9034956380244047	-0.21096084854715805	1.2397875991570453	-0.4454712349108531	0.3987785844229176	-0.7068973661442475	0.5922282898682559	-0.08502696718798973	-1.0615727083746154	-0.5832614306238183	-0.5611025169378958	0.25348618470072953	-0.043190378410071346	-1.8981828520935495	0.6018950424193472	0.5030907878147032	-1.3296640878844426	-0.15569819795578246	0.6273503490614007	1.2528137043479024	-1.1064445434509727	-0.039290802970227454	0.5275698831507524	0.3362719742454641	-0.8837198544153007	-0.12195004840112973	0.21674849972102767	0.31686084210968635	0.2157095007976806	0.0475904357307234	-0.23786147605613644	-0.6750765697538085	-0.7468738127227222	0.2956271344505351	0.2737000422745479	0.16884270590333877	-0.8879942876397529	-0.1786021568556524	0.19388010119083016	0.0881368510375737	0.015053523821543981	0.3239085301004073	1.0582598036672948	0.36207536961143166	-0.6518840368433535	1.4261521657728131	0.25734715474067305	0.02280142071700298	-1.555419611193532	0.05081550340358942	0.06980300612987075	-0.6915778806959212	-0.4397450979899473	-0.5754040216848002	1.202159958306408	-0.7732580372914994	-0.5649204720119139	0.6952922887665979	0.44810906286671015	-0.4301166538262791	-0.7233027138703025
DTXSID4021185	15.37519922163948	-19.87865526756515	2.575399929158512	12.206922365052648	-1.0315348698261293	-4.958477505153837	3.734975385790567	1.7811286569126845	-0.5723261215956709	-1.4477287200411861	1.1528730129091236	0.19338777551808972	0.6301066256075936	0.8632749731646622	0.23093282120415573	-0.9423879594989427	1.2080664865069541	0.9973554429052948	0.905965751217403	-0.9022196064441055	1.7147275999325728	0.36577047788857764	0.3906967193938868	0.7874256731587516	-0.0047879509129237765	0.5332546393005856	-0.8676180231007142	0.37638662693082664	-0.19909598212498691	-0.5686985550918675	0.42610526004049487	0.6973217153498579	-0.34643170009573826	-0.07108760251689014	-1.5940088052315344	0.9277839107247354	1.4025831964215314	0.36583803705834955	0.5023752121906166	-1.1296387452150798	0.6223942835208311	-0.2651185992113268	-0.47469267893844663	0.7056477864714025	-0.11199791446943379	0.694252323924382	0.8284190267805385	-1.5073506313492995	-0.25516005524144564	0.6501486209368827	1.3071108982527506	-0.09953380468625463	-0.29339111879756863	0.5780131292924956	0.589240995328623	0.08046108166372808	-0.7957106465659173	-0.03559643060623159	0.32845952938696726	-0.24407451344753064	-0.4405352896111824	-0.3913890585054692	-0.8945934327508668	-0.13437147191711202	-1.189442396663821	-0.011619167884141541	-0.03847028064447443	-0.46602690949272346	0.0702093949185942	-0.7440534032880832	-0.3983758893317758	-0.3824048252886007	0.4880236055574897	-0.41123025206700525	-0.38152262898960004	0.7572375648904965	-0.56067006153127	-0.28823968427171087	0.21030430570186145	0.5183953761733712	0.27671416755807926	-0.36262340159051604	-0.3692567538849199	0.9945159155350449	0.1317879691806708	-0.8345997060129912	0.6455444673644565	0.2725055837721137	-0.03062965221653547	0.6231571658526545	-0.21497566893904044	-0.21639396953767692	0.8382639467290426	-0.8182784032098753	0.7888595830437508	-0.027506531303568664	-0.011372817829989251	0.6456532357462621	0.019027651961993373	-0.393216560830454
DTXSID4021559	-3.082581312705226	4.944370118416432	-15.928036354657396	0.8668395534606834	1.178879499877834	-3.585476486287668	-0.6461043772015912	-0.562153934586981	6.479254553016919	-4.063837825621664	-0.693288136022222	-6.003159556557454	-2.17528087996876	-3.1897348934489207	2.2381798199392477	1.666137410871483	-0.6783865391185808	1.2437658228241315	-1.2724986313873068	2.618666188833985	1.5514261485397078	-1.4075443738509887	-0.3950915820254157	-1.854459310234741	-0.4374502883649446	1.1336356819954947	0.27018205143931795	-1.1069502176025443	-0.20544575521361932	0.5672469111730383	-0.5674284674194519	-0.8227521588075715	0.6751660547372135	0.21923064897003877	-2.234750633891237	-0.8780351470913761	-0.601150788477137	0.0855504847482766	2.331408439190694	0.27602645907732165	0.3742503229171381	0.7624985900307667	-1.0912510448506083	0.5991945852850236	-0.8213963421345662	-0.3046252426529437	-0.3548509310411407	1.335620813540962	-0.16468438041842404	-0.24667881836281966	-0.5235725279260482	-0.43105518817166083	0.9669071209703854	0.9708708349574527	0.3315718126884649	0.817796428983815	1.2850614576501804	-1.4412370223438677	0.34433588252460096	1.3343913102902623	-0.1998709384350554	-0.7357874985488015	0.15329859501689133	-0.38209061162030583	0.8878108741751132	-0.6369518428472409	0.10184843598398756	-0.8486352837054026	-0.8420878141494482	-0.3617130962681499	-1.2443572508665952	-1.0706815304873571	0.3159381444030487	-0.6615070227941182	-0.45334463172736694	-1.316065303494365	0.3402611130001234	0.8941364943616117	0.18675244499973456	1.219562124017025	0.7118962487201055	-0.699212420879148	-0.7398741695423635	0.014268360661002299	-0.30997842413415216	-0.3874534602020227	-0.6970492114307382	-0.9301793868487814	-0.20384971449619638	-0.556303582548005	-0.467490167437534	0.5504965486351668	0.217952834190387	0.052371252907062765	0.25521674480073764	0.8898371932814781	-0.3654889784811978	0.2123798252604178	1.0349486655820197	0.15832870464700888
DTXSID4021975	-20.753323700047734	0.3724535608119837	12.847764675139205	-0.637096548299267	5.234357596217514	-0.95924218326519	0.3378966233978798	3.847156813584768	0.21745453225931302	0.7480676369022903	0.7400062234953996	0.07458948993778329	-2.6260284720426323	0.9620911068666057	2.7946649476239993	-1.2554617159706862	-0.12519847767374762	-1.2253597712453765	-0.10451351085655859	-1.5297930620328257	-0.4287432469965187	-2.1989079590078804	-1.2059573367253293	0.7623918902586045	-0.36912404793694426	-0.052318111085183874	0.0773540102929963	-0.6350974331756453	-0.35150808221803076	0.12344845846049333	-1.2261551833365276	0.009829475418768054	-0.16721040556611452	-0.6231774653667155	0.7064800230390962	0.7866059798534558	-1.1629322182221566	0.41474188260384853	-0.7087735899385862	-0.03675941797628871	-0.5789753644618817	0.37261519995524794	-0.8727019399770224	0.2587141498467427	-1.0699900308277082	-0.5792293348246281	-0.41200743574925286	0.7596245994731969	-0.11740220836435439	0.48214745720602886	0.15314653335863157	0.9047022851475833	-1.3359526861253956	0.2663607948874132	0.38217400773611476	-0.8764351574822726	-0.6891677609067136	-1.4227479843352964	1.066575706918534	0.2488451631883107	-0.1609548883890126	0.0011537224387287244	0.5269424897901306	0.12138985922313593	-0.23450626174199501	-0.4857455057540536	1.1464833758302926	-0.5292293964549337	-0.4898710060178343	-0.5082533027160077	0.09555837820897917	0.10457383389990417	-0.029493462851629106	0.1942521610137718	-0.049969328414561635	0.6557540856800511	0.6274204453112038	-1.0869172892434695	-0.043481349900662554	0.06044700185769022	1.025591084292602	0.1317304210352627	-0.0446519055106461	-0.17526285161090607	0.6051837350804785	0.6303878594052926	-0.6951441558559955	0.40861770675030423	-0.8461798525098221	0.6930786848263222	0.5618786643284219	1.1150205048706698	0.6472936372105572	0.8699926373527738	0.21164758595346111	0.1388899724502741	-0.1124681151899671	0.6230055568377763	0.3554485515467473	0.853732155776425
DTXSID4021973	-13.431487976395527	8.95347682606804	-10.429909326495146	7.66495064764335	5.769939028979829	-9.565489075063677	-3.7748881038009205	-2.347305441167429	2.6858988148205896	-0.3153318686694473	-0.4333264665174979	-2.4261058252381815	2.881321274101122	-2.572056141237076	-0.5576301364296314	1.0643503047366378	-2.812653795320012	0.384879149220287	2.204340384607944	0.19713670694820368	-1.476158819250443	-0.25061125898554787	-0.4072242524511364	-2.18073747464222	0.8068476765156435	0.08613996644673783	-0.15796012970255793	0.4898222194798018	-0.6364083057177994	-0.20508073299378896	-0.17068509780988309	0.3668449002450354	0.8278691237988358	-1.2250568138189286	-0.2784249411002229	-0.6312242432211582	-0.20652804745344502	0.7796863091567326	-0.10619733862036068	-0.4313622529479038	0.019085637967977926	-0.1344463100585448	-0.4844966877284094	0.25943428478396574	0.3424389235374419	0.6320988295460479	-0.6390669116993987	0.3003343199602735	0.5405843834558446	0.11429596234455225	0.4231697678486242	-0.41106110823806014	0.4549951284459975	0.19124673494082828	-0.7974627051140643	-0.13264786713573054	0.18821723549647018	-0.06839441153027782	0.20144944747265348	-0.38529403508607424	0.4563939479420345	0.1927705582053939	-0.9006474119719897	1.2484251293934023	0.5713861081018745	-0.027382625513109566	0.38577678196267823	-0.8173528669008752	-0.4653387353126225	0.3082455235498872	-1.1093977946695386	0.7508509467719515	0.5298922001829047	0.21948221402734058	1.1236733114660307	0.10716047051245868	0.5309116327327505	0.9144555413605328	0.017765547985660567	0.3778766061213579	-0.8377561617668271	-0.03741043470352777	-0.14781380954547887	-0.9838922547400699	-0.4416719510474117	0.5468603179123422	0.25077211949047973	0.05967980571389697	0.03181756297418303	1.0456718152094722	0.5105063325349398	-0.656098103358165	0.2490127812327714	-0.23058522664967476	1.2124845168521523	0.4307170143276706	-0.1992619126123713	-0.353040195109579	-0.3809223586229363	-0.5050179149728714
DTXSID4022361	9.807825148684751	9.125326339814091	-7.58028003428738	-3.4824477488283923	-1.2450045954049067	-1.55983793177895	3.502539563339754	2.5042988329659757	-5.668924355125924	-1.3593741708908635	-1.1424850362776902	0.3293256021808816	2.2485399751291513	-0.5242365902067404	1.4380023649308695	-0.973960240473165	-1.3148877327777477	1.4102162198883765	-3.001174355404026	0.40817047682197327	0.031043967728186864	0.5619174407602506	-0.5205329358190923	-1.0962822911596786	-0.2955526341560288	-0.4362764976175753	-1.3425380762372532	1.142452157115063	-0.4051256235624158	-0.4282382737158838	-1.2496907836954254	0.39876908937690886	1.4411619423086535	-0.9526013861508711	-0.7854836518659483	-1.0052706378977136	-3.020425596228187	-0.3992063471124052	-0.49759016274110446	1.2891239873373601	-0.3826350438536338	-0.8360243715025357	-0.753443680988291	0.766953846735794	-0.8414219592334189	0.9546321914240099	0.010526715994186373	0.9425592526644915	0.17300166252366145	-0.19722863195278664	0.4420127398770028	1.5922316501537934	-0.441848131031515	-0.1033667835751077	-0.5800392712070693	0.5125759140183015	-0.011071189848901644	-0.3929040020140367	-0.9346174710044646	0.43710202778277507	-0.6157883467858789	0.8382271387396201	0.3785380623254856	-1.1509029371422903	0.06941592047938981	0.18228994264621046	-0.23013355985596287	0.023967510195372726	0.535261877036404	-0.35276809681838356	-0.5176411676681746	1.7802912412063159	0.6857520357148151	-1.7825477341737623	-0.15377804157972225	-0.03032996430419134	2.3001788098374494	0.07938155443686759	0.9353461381714374	1.225624697729891	0.24975779496995112	-0.632404775401094	0.2633362710152624	-0.2658502804908842	-0.7734956679923761	0.24388097807109507	-0.3614119574740063	0.30455553214545233	-0.6682158048218265	-0.26147185846463067	-0.272587512671589	1.2681925676325776	-0.8634276745910662	0.4721369815907618	-0.9770052642671635	0.36335369634644243	0.8210240902102997	-0.7698647672948058	0.1242380762698185	-0.4687533941170634
DTXSID4026214	0.21055684187971122	16.51430421071804	-3.4919597514384795	2.994129856015914	6.179163721330794	-2.16165177511102	4.5933743636173725	-4.0752302590128355	-4.8577740245948045	3.811347234706865	1.8349170274609305	-1.636623505684037	3.1880309995819007	0.990632356984513	-1.3018172787615598	-2.3213470996207652	0.38226486141445964	1.8805989360752948	1.2775161250761211	-1.6666765760002817	-0.40653535658544837	2.3971571619176224	1.7432318808547507	-0.696761125564648	0.4833579192869444	0.29605832882459876	-1.5135317201468714	-0.9006750130679305	1.7811789309046233	0.3399345711380488	-0.41813842377302707	1.9879330888816353	-0.12162071640156298	1.011219105928757	1.2533648626706317	0.5394031357772566	0.8934507093977813	0.793071293277326	0.7074375161442131	1.6411324497517894	-0.5130573963280708	-0.14337176983438094	-0.12749668475217185	1.418165865756156	-1.1935120498304754	0.1691088391362511	0.20435044920328893	0.10790361173786431	-0.18355977461336592	0.2806296177387302	0.5634872279799856	-0.3717029509835051	-0.38337975419185677	-1.1882415821282506	0.007565534048116439	-0.8504268635725942	0.7224160055903538	0.5129569273174353	0.1531561680501265	-0.2928574439385792	2.1645361255378166	-0.3967351191747355	-2.285854256618991	-1.0056289361916646	0.2604439417626325	-0.8998750217327167	0.39541794595489804	0.1871952757145948	-0.5512029768751117	-0.22425684230305082	-0.6373486496173225	0.4894106158920274	0.1611991781733905	0.29446981124214705	-0.20584474928192092	-0.8064418803866963	0.35481345822326144	0.33816190562332427	0.1212877544286395	0.19884821675703476	-0.6143313928020608	-0.03978590846249982	-0.014846823598664653	0.7690821271204666	0.9224447052380095	0.014746428201147355	0.9860029587439002	0.41291083491095454	-0.9064863214374423	0.5840963210615269	0.3334659032663446	-0.9279640891715847	-0.08491173447013567	-0.45398702206558655	-0.4239071449331053	-0.8677135825594728	0.6977807937956726	0.2870963149454601	-0.38003253603638504	-0.5779971624524444
DTXSID4029353	15.783379306234604	-17.21364902938371	2.2023306910802996	10.887449148988626	-0.19953521427185827	-1.516643619034106	6.2982495635990485	3.005675791713269	-1.1963138784879792	-3.1399519314042745	-2.2742638896707663	0.13009142084270753	-1.4019338414567555	-1.1926727352855022	1.8026939088655842	-0.41432279618436496	1.05855060438674	1.0306960221106944	-0.7551489416553919	0.17365846383005606	0.9393877585040429	0.8289387695153875	1.5487210738421937	0.7781163170547452	-0.11528872730565683	1.4779218117392898	1.0801154852618873	0.5130295205682709	-0.8307698348421337	0.8794569965809454	0.029371555111366885	-0.4576462164105783	-0.2352478217278883	0.6652933860435575	0.8000036495621174	0.7459235965956984	-0.09050574528074627	1.6541979042657413	0.5798697070767733	-0.5978521918211014	-0.3091254042475271	-0.9719201578629654	-0.7768497702294949	0.0946013068352692	0.17706964351596466	0.1630344610516233	-1.4649348710251044	-1.5548585900640906	0.07018644184982456	1.6468415966269014	-0.10879560597203931	-1.2565919872080595	-0.10991473942081632	0.0666208518572376	-0.9135105276904792	-0.9082783670265988	-1.0818790724107272	0.20082628910190412	-0.1511743965878371	1.095075894103748	-0.465518830246354	-0.21437800065099166	-1.4852131882418915	0.856489238062508	-0.6865385459427416	-0.7245288299202383	0.05898305206834421	-0.77819852190878	0.6810700900155966	0.4092831969560862	0.032321751633650246	-0.29343693775060214	0.6245100232542227	0.37000945699370624	-0.0631382720711549	-0.5692914310675453	-0.19968529871031754	-0.4583474224241606	-0.7547908406062349	-0.7204320248778124	0.4271239263489535	-0.07220040199691091	-0.007403750836825012	0.2773577325053215	0.6591011535618374	-0.34506345673704486	0.26830820107691367	-0.5496542745216919	-0.43408359162490373	1.3143595642459722	-0.39485548428229345	-0.9620124030463891	0.15163399752208542	0.21345648979036003	-0.6871810772514979	0.17862344458243984	0.07813286582442824	0.1003891472862095	0.4613827494162402	-0.46640012699447575
DTXSID4032372	17.995551656523244	6.743678283600833	6.9860308984240405	-1.6544855137233894	8.012596810473655	6.326879899343649	-2.5465014974999853	-3.6920274535936164	-0.9027780953665056	-3.772467799515269	2.2241763537840615	1.5620277919242946	2.581054048608699	-0.8871983081958048	-1.5474836144217925	-1.149473518227874	-2.209549166658611	0.8293204470004479	1.1252287290288157	-2.615405636686268	0.738602047299833	0.575892178598847	2.9531354357350885	1.2673822338648506	-0.68625546383669	-1.1217279355434673	-0.7074390488556782	-1.270801716481786	-1.5075749735839656	-0.6166360423252765	-0.9355150880338561	-0.189759612742952	-1.599188175900284	1.8535265874637932	1.0927748863609594	-1.1618922211995033	0.033559115446304175	-0.021347758708762304	-0.5990752048293655	-0.4211498384407936	0.19124816575000236	-1.2293782823205923	0.6097352443864034	-0.5964909883574512	0.5114727790239371	-0.702601540031406	0.9083760372913073	0.40876534316332536	-0.5896688010901021	-1.5232864412953688	-0.32517342958535794	-1.2556838841190445	-0.6161160581808661	-0.8724264699297205	-0.4310416240876158	1.6081650175170503	-0.334212669733043	0.39682565848544155	-0.30285181996516425	-0.6016208220203688	0.060327084855673445	-0.03389404675310078	0.1483513131821259	0.4268978781183647	0.595668575531392	0.3441468673816047	1.6074113024779515	-0.10003191001737859	0.9496397354501741	-0.20957993361492544	0.6896418507358331	-0.8063212607253062	-0.8455138908953314	-1.0371057893404867	-0.9611949787074006	-0.4813769692898762	0.5102289909843574	-0.8414372566192594	0.6640051602938624	0.13751630339658547	0.5838375485696816	-1.5097848078162301	-1.278026434435228	0.8786585460459446	-0.11689977147984855	0.540031294598482	0.8091476450114827	0.4116691515274326	-0.37898745015947854	-0.8968151910947654	-0.37123167149690117	-0.013120579173661275	0.16508842040759814	-0.6336328647874969	0.559929904084283	0.5790685077175979	-0.8302406900647115	-0.7094826546867935	0.5250027797435046	-0.035720821539042436
DTXSID4032405	-4.136479288137476	5.8315698659257365	-15.501402383750875	2.877484662009593	0.7098132126528897	2.0610961746249017	4.166564206214378	-0.777250612926355	-1.6008498505033304	-3.5939710194470456	1.0472316317958847	-1.7272907787315641	-1.3140445598430315	1.7213707603967177	1.0446951843996848	1.5093105247627883	-0.12421945730166137	-1.6424622114795815	-1.4445314600294146	-1.4564060223619117	-0.37353859574912324	2.6034173134921295	0.39568661534657473	-0.4872901816672625	-0.24906561550251338	1.4019871660595784	0.8769433096498438	-0.5170576936576322	-0.8497478112059892	0.19353519436669503	-0.9269852312123095	1.447838216997213	1.1815793822941112	-0.9929849007937492	1.2667400217826297	0.4236356239891301	1.2957400269866102	-0.37892438879325807	-0.19726479090385501	0.49104743481258023	-1.1408184417281393	1.5080881939532542	-0.7406985932462367	0.3293545007029268	0.26395412309761934	1.9924943658482726	-1.0112874870060262	0.4394177872766717	1.1922888162803766	0.09229963458935944	0.6312929044129806	-1.004819606691476	0.6130322973318142	-0.21083534416483318	-0.3532433054051225	0.32125278351061676	0.6497352853558667	1.195503670788029	0.4753906254989523	0.6312570253133628	0.1809620327832762	0.3159031580863951	0.4529502380094049	-0.49067977851090355	0.3898574155951813	0.13277823904399058	0.43117000533112393	0.4585954222695185	1.90695318762826	-0.16486408703039782	-0.3497079780619954	0.11766426801581004	0.1604395002837586	0.42882422142984455	-0.4352069645474311	0.8388157876433927	-1.1951366561318073	-0.28104398560531785	0.5995687635653693	-0.49604812310506946	-0.39935796441859	-0.3023989600075055	0.37547833163367117	-0.09796614921696035	1.4069693356616362	-0.504821088428086	0.6980736059233611	-0.5646364199793528	-0.8791493346016386	-0.197810166587131	-0.1694912079181499	0.11713979967276611	0.11351514528244652	0.30733897467769067	1.5753040681672248	0.3823902709129048	0.541545950498864	-0.11904832958860835	-0.3912637673693785	-0.1270900394557577
DTXSID4034497	12.109541327118782	4.773381946880082	6.934725974386028	-1.6987097481495201	-2.8002009340214125	3.8720525693495436	3.5109887852710715	-5.705222190763881	-0.8230904126772258	-5.371613943980711	-3.9811563493292454	-0.4465283217202703	-1.1228692844331096	-1.454041713245533	0.32772345533224206	-1.0056674583735514	-0.019745416137682967	-1.6105094867072984	-1.6313931001065498	-0.627778979464666	-1.7994797190017606	-1.0174785143786453	0.0010055590343083	-2.374319500687222	0.21035042333702758	-0.982435270796859	-1.740431057661966	0.5438993925793203	0.37000780877834216	0.06753739228878972	-0.2698788643144252	1.1785014085668328	-3.1647084115242285	-0.022021647114057238	-0.2827908905097066	-0.9847421124062763	0.2924331208296711	-0.9325905894079266	0.14565246385159697	1.5490687510278895	1.0312727119337983	0.7032482127729154	-0.5368661642075001	1.009634715316694	-1.2187706705383794	0.4172096729527714	-1.0379639808854932	1.699114109682282	-0.18298052381661345	-2.3695194632714927	1.0451997208298698	-0.2768528421378102	-1.6541008184929618	-0.08937440935785301	-0.32137365853920535	0.10674435356396096	1.429354712958021	-1.6961912286462724	-0.9206317240539335	-0.16887931998411376	-0.8296186804049194	1.198102504359902	1.0878688376329133	1.5411909794633942	0.761966082326116	-1.4142853131527673	-1.1990709828195296	-0.5827033330876078	0.19289367189203308	-0.14264972122284836	0.20291529493244717	0.5773426965947397	0.24032955640724893	0.4449650482586581	0.216522004866817	0.018568814563961242	0.2669978452787029	-0.2617455431439009	0.7781451284938342	-0.28991085878693085	-0.18413259061932064	0.2406557343856263	-0.4691908627116063	-0.0932544668580723	-0.1164995831122901	-0.19739886179566105	0.09329957207992153	0.68651346152309	0.9744708586189379	0.15782595528302984	-1.0727243758168044	0.512563786592599	0.6642641293437787	-0.5765323614785411	-0.5962699646147941	-0.33587056176022595	-0.9722499781496651	-0.42882953129710827	0.44901730625735203	0.9864044543067219
DTXSID4036435	-8.074972354647995	-14.02698642595076	-0.4751894764567449	-12.006034232251615	1.9270398779360154	-1.7738187451529541	1.9379329969501153	1.293763697343895	-2.53777844823776	1.619649743530661	-4.652170766570831	-0.5826065327040888	0.05492594553300578	1.9671265320943707	1.0314613946155573	-0.5449652445470751	-1.7575622228421908	-0.3209742567509099	-3.268024682288068	1.7370894752195387	0.1692286981515192	0.14170254080025566	-3.283069898803532	-1.5613072633623752	1.023068058660917	-1.040812573576229	1.5448049491007052	0.9258696001664387	0.16192374000823925	1.8440007540443166	0.14996476058869268	1.2411069086588702	0.6826307498835091	-0.39813018628775104	-0.9820999711534832	-2.1532405110397597	1.0425625996213725	0.7879910866973712	0.3306159345667415	-0.3403150513074465	-0.8045120023386391	1.9938169723641652	0.1876122602826728	-1.209017072608882	1.891879874011566	-0.12841464922461096	0.934916265793343	0.9801060523976078	0.14263620643005506	-1.1877662673324103	0.05623915190813391	0.09052070841597287	-0.43859741704799965	-0.2898926053994048	-0.596951361768776	1.1368736347339714	0.10317344584260237	0.8139937389585267	-1.280284968807721	0.10870245036803106	-0.3743067593472313	0.01871091261561323	1.116740505878211	-0.6046977371313871	-0.4652368897752722	0.8851012176210329	0.8296739952965456	-0.249229574558808	-0.6728650610513134	-0.5079729023424293	-0.7615541564307003	-0.8510801988332726	-1.3237234497954307	-0.6395031261625987	0.6373236884367457	-0.2913984837986954	0.6397595169585242	-0.8869018605988619	-0.5816176340010962	2.048929463630918	-1.3141878416753503	0.08473885478384871	-0.9649981720004566	-0.738051662407616	-1.3144825683927839	-1.1730155668007112	-0.10056905725868591	0.21973275108771165	-0.4078574783648947	-1.7524780525742316	0.14621188183225192	0.09510017125254239	0.17850878741010207	1.0898604599926582	-1.1082431607759529	0.4694335018707339	0.11537111982168045	-0.10313807154764994	-0.5042572279318206	1.1349345903785653
DTXSID4042121	-8.194225258166508	6.644122986112999	0.3765372296098851	-3.415499324751635	-6.602414180204175	6.224036643308054	4.999007954854729	3.0236140119057477	2.03879842780144	-0.7504795116933359	-3.1101440760304664	-2.719486504128259	0.9200244137710708	-2.146773504920901	0.2773931168292403	-0.6530851377050052	-0.28200467112987604	-2.079804467402876	1.5146102244944042	-0.23100852894895435	-0.1667147046210206	-0.2428908862822407	-1.6645875678133488	2.869730571116535	0.6023329532124216	2.835425394498129	-1.4651597033801549	1.6212410935705632	1.5042705170116033	0.0205953048068698	-1.6893637292281305	0.7432070101587032	1.836858953040197	0.13151850071658336	0.20996190250095753	-0.6158486148106226	-1.7424853894004095	0.11635862708628483	-0.1788659740828259	-0.6568813774143097	1.0774965298745465	0.2650284209065311	-0.4466550349825256	-0.3575947110746223	-1.1785798192541983	-2.390530450386791	-0.4796174150133416	-1.16980177741603	0.7323958811256102	-0.5340251453290683	1.2447788384476173	-1.2202214804551286	-1.5630642322401826	0.031734736206129134	0.12506620961636492	-0.6208054433267158	-0.5366902754071166	-0.5702171200435264	0.5255253486283697	-0.05565923223970903	0.051628751562448075	0.21885203507339182	0.307436395517391	-0.4418234822606932	-1.9496137510608165	1.3613794793002714	-1.4167626130801898	-0.5653626125135832	-1.077468385337465	0.08834368494823779	0.17474017360994404	0.0891132978224353	0.06062139953048853	0.44838266544764793	-0.27195578532102543	-1.0755550565850927	0.6854842816782358	-0.4880570520399535	1.3648382821914113	0.9138995307985112	0.47394018019231005	0.31546282119133434	0.09393929087443406	-0.4874771789273901	1.390881435510359	0.41382120569554703	-1.5314136113480799	-0.38763336697375717	-0.5438110147997364	0.5479272505440504	-0.3237403309863025	0.8387001130675016	-0.23245837939231465	0.20946625174340616	0.16687294246223947	0.026519393191321905	0.19879152430964006	1.4430402553965653	-0.4528383747214609	-0.353117557368086
DTXSID5020366	18.915989313931725	-17.435470051038116	4.980886228273118	12.655642013359245	1.2659579107551322	-3.2215135143062934	2.1925209020791945	2.500697639241486	-2.552231732008668	-0.40123871272564116	2.19988082346343	-1.0144643074881359	1.3536282920341232	-0.9985385868126522	1.014561802169495	0.6644070117997564	-0.12116624097594184	-1.0881039772939076	0.6320564465215412	-0.26909680293370336	0.12588736781158513	-0.024553983711478763	-0.05939991241694948	1.5215561883579114	0.6544196312400773	1.9970442364160952	0.8581854504257483	-0.06935687472257969	-0.25327135110869353	0.9636514760468453	0.9303357621183681	-2.113205890374077	0.25252413591139555	-0.1747793888996355	-0.4487314970684854	-0.15039976083026618	0.47307521397435914	0.35614385808045806	-0.8364664227906011	-0.7464829259760704	-0.7394873184212695	-0.7997628707819041	-0.8618329372367683	0.21781522571310338	0.13533691437173562	0.3683475920263036	0.3638458081851071	-1.4925106806270874	0.08921270462610628	-0.9995076260058016	0.2968895760891917	-0.3074881302760529	-0.14514764170865235	0.387969388076761	-0.1972583202753705	-1.0011139659365704	0.12938420598983133	-0.12045919490594516	1.2647932693494353	-0.4679750491487407	-0.47006470250833254	-0.793623977436572	-0.5331360901875947	-0.2713971868648332	0.5862019685666197	-1.4598421623772972	-0.20835577099327982	0.3440193693150447	0.37944712128037617	0.42420626534669076	0.22275306798381733	-1.0556632543973143	-0.3863991787671286	-0.2848179922640064	0.007466621333592171	0.5969009870430049	-0.5257302749693041	0.11795682037286746	0.18940437614003314	-0.47474659846105666	0.04510007232645903	0.3961324698250828	1.3621673963376066	-0.27831717244471366	0.10042111665009833	-0.8585133035666501	0.10089252178650478	-1.3654304717854773	-0.06394251705256448	-0.5402487368522891	-0.5493199217206525	-0.2837828894251267	-0.877050191786275	-0.21224072982999495	-0.25450618857580176	0.37003601423152066	0.24216198408251338	-0.19306460451726637	0.17227334956167437	-0.10246279973393935
DTXSID5020784	18.98917945578799	-20.17749469390818	3.6828125462085954	11.1629750401757	0.6290900753473476	-2.13586867645999	1.1907162635190955	1.7246609021673618	0.02709309952799111	0.7498060613484637	2.8955484886416745	-0.7093775448767504	-0.5406896886761079	-1.782708714063188	1.4010487946804835	0.103703131635275	-0.37159004382392097	0.29132692960746437	0.6541977500001906	-0.5360339999773962	-0.706205969689678	-0.22257181916353627	0.343668277997979	0.270622263484202	0.17022524468157121	1.3471472608091872	0.6256996965808613	-0.4635319777863668	-0.14150444360206707	-0.09537780836275432	0.43121029641196895	-0.18927817511305078	-0.4974000408898788	0.37290784464815074	-0.8501716620945592	0.4296760859120134	0.34842722595983516	-0.27601700826554504	-0.5155444397583484	0.4433576836329548	-0.2876166178075403	0.902272990730443	0.2170614350762944	0.7480017171594375	0.24861709425266937	0.7941600665878333	-0.5198501549673914	-0.9865779816819952	-0.15966952138795132	0.13733713447801357	-0.22020548854670172	-0.24521625623219467	-0.46335956492939573	-0.27803637919175156	-0.4044832262748416	0.16998310416955073	-0.7015577978749111	0.44606299268989336	-0.025424083799590224	0.7691212139783594	-0.8024606369092011	-0.8946738016856859	-0.9899146102294574	-0.7133193639823123	-0.12986733102424394	0.03912463994573249	-0.664781957414678	0.9923444694286845	-0.7522325026752316	0.6751282098236977	0.6516508226261467	-0.13622197334019118	0.5191103173208258	-0.17536897147692954	0.35704018736911186	0.09546342142645663	-1.2006445449062149	0.28180955252819023	-0.1612741038352547	0.3221025465376363	-0.3126692992165383	0.42006937598394156	0.10423831715797302	0.7676920834605885	1.0541665867006114	0.6634165835744082	-0.3940816905152624	-0.11055108899450454	-0.47101485318720104	-0.05907496131037984	0.4401901250326286	0.4602652866260372	0.3245664563637965	0.8956114554551089	0.3050674840316734	0.4783150244681168	0.13231267045816172	0.0006682546249974101	0.3977722350045491	-0.7267980530667633
DTXSID5020869	-4.683708444161037	2.376238133741274	9.460134762346243	-4.036234444723062	-4.172269943982299	7.462831359991192	3.7965748281519436	-3.670485489397489	5.669822084143508	-3.8002503937457064	-0.7212368942769931	-8.289289199800123	-2.2655555522526205	-1.5475943779678032	3.9766877331271884	-0.44913256653024597	2.935357883472327	-1.1671585425464452	-1.7497629848274547	-0.5296615936034801	1.4290116426358557	-1.9825640975109167	-0.30976159954087756	-1.8268999609024403	0.4777170173697183	3.8970280333189056	0.740724656471072	-0.17872053903963764	0.555471019920414	-0.566677076190548	-0.41732869347265233	1.22552914864724	-0.7158103408054406	-0.08663118318115011	-0.5918702437935973	-1.4195759445143359	-0.10475739907815264	0.029818267716705277	-0.6613899042645154	-0.10212803620900854	-0.7435302011103194	0.3383307103625341	2.7929138279930545	1.188915203697976	-2.1985795602192986	-1.9896216010825483	-2.186993620679284	-1.4912835162252838	1.4914963243952952	-0.12014855694568147	2.697563045457887	-2.1247871919318095	-0.7852597920721782	-0.9504702792693042	-0.1284966022903627	-1.3083247310438717	-0.5922667672605124	0.7055049671613164	0.10771516390274076	-0.3505168943200562	1.3823845920229634	-0.5626901176551313	-0.4511527088616626	0.47458577506619304	0.5673960348974945	0.050913952640997386	-0.10566540567434977	-0.3017945583827819	0.06275486755365413	-0.5456130595408428	0.03450461027320403	0.7046882284516292	0.0784064718325911	1.1475069426123745	-0.2509785971320036	-1.0569324168224705	0.7613625657839177	-0.7857046198543431	0.48210617221445257	-0.7239612406049909	0.581474139687987	0.47421049597188686	-0.17794408705707482	0.3977893956046788	-0.4870222360241947	0.5848589378834722	0.10973922427727997	-1.077499944865952	-0.328374152810432	-0.3263276433357966	-0.5212198918651295	0.09292259191612853	1.170188684698893	0.2408201377524454	0.7243227042187541	1.1627681731165653	-0.5313033312218446	1.1068320008138226	-0.8020335374915623	-0.2882424772939066
DTXSID5023322	18.153412276160154	-19.67126951888462	6.904688831030285	11.082703635730034	-0.09510267214897784	-1.3180733542125438	1.1986485072908506	0.9639954952661451	0.30748147071416326	-0.44298311913365435	2.8631136853889334	-0.9926779787841423	0.7580821698826582	-0.7831398510358082	-0.1510248311318	-0.5037123627762571	-0.14977243526459408	-0.38749383336938226	-0.07625100701165781	0.9460854582052399	-2.13651169555375	0.04628923267564439	-0.8362347447843257	0.2847543154825332	0.3732269628299095	1.8058580517147065	0.6624427611007463	0.7369457574939084	-0.2839338452552608	0.19277977219312414	0.909218514453058	-0.22320717068797086	0.28137487418940005	-0.9825826177186077	0.4393101234293897	-0.3785699052336565	0.2823441355997719	-0.9557629271248897	-0.33770387242603633	1.027394407240494	0.16538152745638893	0.06570082711800745	1.2532448999940604	0.9745499859667626	-1.1613522020534934	0.3024683389374174	-0.5105960635291857	-0.21661478863068373	-0.583860391404458	-0.21196419020080592	-1.2094636831996735	0.2563215280240403	0.590100568653354	0.08511269723188525	0.5327078750375894	-0.38049806336272507	0.19061967746920977	-0.29385791326938177	0.9243207153719442	-1.435088263586338	-0.5852140249945132	0.6329440158786583	-0.3538595554903524	1.2758087369731714	0.44050512981271883	-0.3749293883972149	-0.2064462684340624	-0.27251471786566467	-0.8398829626207786	0.4355533772210674	-1.3101872768882026	-0.42493488174079186	-0.050419821559568236	-0.5622156128595261	-0.7201259776606369	-0.6069903195215798	0.45096218702575613	-0.27885826194022095	-0.7727773942117078	0.6791985236886084	-0.24251454700190392	0.016864521736129488	-0.023905283534528393	-0.6395952455872234	0.050667816097752304	1.3265040378265187	-0.3037393254768767	0.4320446572593493	-0.13043918063845983	0.9094331018880305	-0.027573034548912002	-0.21000361448683896	0.27444868278304374	-0.2560158734549145	0.4247659500520319	-0.3177376303358151	0.7580971390775411	0.06798607758590135	0.2584629801025429	-0.6611709361871312
DTXSID5041512	-13.706380521725066	10.275883976264208	-6.557741532917529	4.76286063374147	-2.111523259103007	-3.022730615119116	1.5674882739319127	1.1779568394864706	-4.708226849952516	0.2281951948425395	2.382354195669899	-0.4086611236714217	5.579215989350322	-1.8491313455060086	0.5232334313763919	-0.6292716954694667	-0.45315006061010016	1.0712524132986796	0.04132228965575315	-2.0196423246069797	-1.8688233665600285	1.3385212862663418	1.0334054198776759	-2.6926621819846814	1.7877232933127671	0.8451382182082646	1.5742287022248367	-1.2175975657994764	-0.9758384189419881	0.11857717957663126	-0.20829866415737572	1.331896281854017	0.7099541403848602	-0.028140729737371358	0.0817836167491735	-0.02024905497826285	-1.025960618076671	-0.032677582868475316	0.50083779252076	1.099257006091745	-0.8110266714904237	1.3998654138196198	0.5916938571100352	1.6548078893595792	1.3941993114773321	-0.09877381735083002	-0.6988296628366522	0.23311895311991893	0.31600343457651836	-0.029496284714233913	0.4089494124377569	1.7090453109574708	-2.1338537294598376	-0.04279453046576947	0.3209075979401543	-0.44514450036339404	1.027419399517559	0.71185499795032	0.6843843389982581	-1.1585061115449609	-0.927784702630192	-0.14491938982923874	-0.1740112065589393	-0.6755692868645526	-0.31353795628698417	-0.46024723371370835	-1.067411989375934	-0.08132069330983828	-0.11284530233577905	-0.4410101371373995	0.65686376486818	1.495582311576284	-1.0689273470389398	1.3217348183734596	-0.5195635708733501	-0.31709049139171286	-0.028071495885130603	0.6655634268597361	1.0106585204577476	-0.29580264922501237	-0.32630789057963694	0.47193224931692385	-0.1828825835336025	-0.8619582842901674	0.4098562306921701	-0.08094528071742174	-0.4987003584369842	0.266901440800891	-0.4242025406575221	0.19152910079260246	0.4515737078783534	0.07698926566902026	0.9077564187004828	0.10662586335669885	0.6117780888453773	-0.10930736116585679	0.16193148809063304	-0.28571759459915685	-0.9198438616535781	0.1904648759647572
DTXSID5049073	11.26576513568936	12.382981712905341	0.36530387706290246	1.5658554808693794	5.403478719985152	5.540376913788221	3.1855686997636545	-4.431728916441644	-0.15979068617720463	1.5117579945933801	-2.5950144650368214	0.17231109083760177	-0.889258917234343	2.765993894999899	0.9084008802697577	-0.04452879275798116	-0.16824036314924115	-0.02537345749715621	0.3563936418586543	-3.329542132292309	-0.647792668893888	-0.9531221885049398	-0.5406298989209561	0.034726815642166	-0.2480469158414036	1.3382739720890036	-0.8086204241184739	0.4578072439001462	1.6991226809956248	-0.5816672082476946	-1.1819363162890681	-0.4644302473695912	-0.2623183389921348	0.3583194789292505	0.02902335106821637	0.6035330607030779	-0.8437577955659841	0.3870366274995929	-0.32808376190945204	0.2726175822083528	-1.5899035521800355	0.6450980499709177	0.39568951533233904	-0.49551985050906683	-1.079329624881519	-0.1768656883296228	-0.7134707146726909	0.7331051433994652	0.2024660068332816	-0.8190938330108095	1.586808635092615	-0.9119035051654054	0.7775180447115798	0.8081097722829678	-0.04561868234309932	1.8890939723520326	-0.5753760644009606	-0.632139065975162	0.2550644200446099	0.946750561487462	-0.18067997354514923	0.5465787567658018	1.0879485707174632	0.9468764489742731	-0.2733990502820603	0.22884002104576792	0.3880091986567261	0.299231525191097	0.8614865781829791	0.34571988273619175	0.3589213583062702	-0.17587448065523936	-0.482480796496753	-0.4777014974981999	-0.0810652560859548	0.5743270898624464	0.4032395574201894	-0.7947365202767805	0.04930242944474574	0.15480597046529834	-0.4959083571296712	0.1266942795413683	0.32252743834149544	0.9928006072686602	-0.018720883159046037	0.15478087744643895	-0.032308432909913636	-0.0069521117873920435	0.23186751542241096	-0.41539135901109575	0.17731213494437334	0.0323793427909177	-0.2225814596230761	-0.6821068853153136	-1.1818895538158425	-0.6361664551184497	-0.17306064994087358	-0.7171219994599629	-0.23124008566380475	-1.0862522356937885
DTXSID6021086	-1.3281554271901714	3.606407084177589	-18.668663614934875	1.145659835647148	-5.393584715466178	0.1295951574295115	0.2813895440255161	5.068919631842267	0.8126312314016236	-0.5187662997894168	0.6819499918235832	0.857119533677148	-2.8015255418866634	0.7554375946749794	-1.5652672444814453	2.89359722061345	1.2741559540544154	-1.1302816817281522	-2.2759929207575924	-1.431656163424098	1.7755575912491481	-0.36711829425638376	-0.23014511282329914	0.10073233902218402	-0.38114572187483586	1.445952158561904	1.2786386763325224	-0.6678341112255128	-1.9555623485713636	0.09453341001726452	1.4665795235984123	-0.6891856173000995	0.16945287612801674	-0.4697221300928781	-0.7534740913300024	-0.27116888061092964	-1.051040185955081	-0.9334689130716731	1.0660809651968757	0.4644905357775184	-1.309696123428812	-0.5353149212671318	1.3358713880385993	0.9447551542798497	1.5944432269617272	1.0717949138290868	0.5415163848454249	0.3648070416274791	-1.2103213954746925	-0.9561797004252793	0.29173573118381635	-0.9674221045490841	-0.46406627443034726	0.4555227672701779	0.47307146572081393	-1.3980328871531844	0.4353462525884605	1.0091507915098203	0.2721735705801827	-0.9726646385761211	0.18957152997312796	0.6212387363424627	-1.3445918660133636	0.025009230146407806	-0.45660786735120357	-0.23614493446373944	0.4061203994255663	0.6112990166883713	0.8211162088561234	-0.5046121029817505	-0.12717288399228396	0.014882380292262541	-0.49637576189862903	-0.0918367607332724	-0.24666101002959656	1.89166795885487	-1.5988645831659294	-0.5713384151339722	0.5812374113183388	-0.47487066120367977	0.0009441626510184409	-0.3633686264093797	0.3149636687729528	0.0391285577831397	0.32372261226669014	0.5647985613164223	-0.3822459995375502	0.15133174421811393	1.129540412317986	-0.16195521934721394	0.030458472552253445	0.7853298056324364	0.4808451440431737	-0.14570854187342883	0.04035074610703639	-0.2749056486460241	0.02470125106896373	0.275358114437981	-0.7941921183120965	1.2375215235359076
DTXSID6021244	21.093679804357592	-14.761692404419641	3.4105966218172243	9.066109685555306	-1.5830766010089894	-4.73016947677166	-1.0422642952363788	0.8752484911093186	-2.8598513899226936	-0.6080443715742423	1.9989792253740097	-0.24505590990842407	-0.46019858158564036	-1.195636899234794	0.05076020495970054	1.4810874057075125	2.188801743281012	0.006258106122297973	2.5009973550659677	-1.408114621391421	1.3539079294224714	-0.3623779744983714	-0.8985989572035346	-0.9726776080572942	-0.6353516875528018	2.810349709829805	-1.5015791246453054	0.14072165247156337	0.9783397506707705	0.3166263851938378	0.22121881784385153	-0.7694110253404811	-1.3244233076565974	-1.385288672442785	-1.611144812005336	-0.5351457252421479	0.4622160152326359	0.9081583441895072	-0.33703084308851644	-0.12047592230746029	-0.09952139147609888	-0.2796052826517515	-0.5569897373729049	0.1495427127028191	0.6065703483609364	-0.09003747547133537	0.6434730056684419	-0.973489416726274	0.8072527072832064	-1.2215414746809712	-0.7707775508465861	-0.08175939760392398	1.44088487974218	-0.2811255891644589	0.674793968977211	0.24222642754740684	-1.5516399301834667	0.10186656050765434	1.8066599317651268	-1.4309978379143875	-0.706613187018617	0.36784189714535187	0.4183313949641084	0.14871752366075036	0.930452907941972	-0.4784194690433712	-0.10810089579893255	0.43374559572109805	0.035754207248245976	0.21073815865088344	-0.4964363448069129	-1.0173056440696	-1.4078434481026145	0.07536395611610885	-0.45514062666177485	-0.01922145222284828	-0.31119909787555	-0.3286841019142524	0.35245310836883925	0.6385056376556542	0.407223975034854	-0.20670358375442274	0.6244423499233775	-1.0506406777869568	-0.7426122512824803	-0.9798451810396592	0.5997343009484475	0.1208973930093777	-0.39095972766378234	-0.6612098296909481	-0.7729990041997646	-0.0341287603974009	-0.3597966758880294	0.03891947042876774	0.19500037222328115	-0.5442002210091395	0.032390819357118905	-0.5622144836798456	0.7622927165287189	-1.184294692304679
DTXSID6021450	3.7655536190656442	10.274701764564227	0.9654162268161817	-4.457998053453498	-12.163583092777607	-1.3239687120330386	2.5352165758244856	1.5300213781772813	0.08968246446234822	-0.4458108692438565	-0.8613337812131454	-1.0198866451247814	2.623658570457472	-0.7318948089349029	1.7283704030684808	-1.7557479055211025	-0.19402101194072113	2.9546987540096143	-3.04084305658832	2.0310254776254064	0.0036027687551940806	3.9273018176329604	-0.06524688265906194	1.3019037095171104	-1.7747940530326405	0.2160692624779826	1.3152197563101233	-0.4110004098321053	0.779280438444836	1.9259959832275826	-0.9638119983878555	0.5867432431900521	-0.16109155023396968	-0.788264131510672	-0.07345786906648788	1.066591286273497	-0.6441758212258831	0.720126535071828	1.3645121399471758	0.9306518178036751	0.10007800278140011	-0.2717076999193833	0.24512912668446815	0.9479389926342225	-0.04706257693897525	-0.5541382477374027	0.8022910012457976	0.5636231729794778	0.8797034090137158	-0.5666681278391099	1.8027269548254563	-0.694879598085413	0.4880996184231841	-0.4765291857149736	0.32264420970329194	-1.064976533815592	-0.1420246218263676	0.34045100984449117	-0.3503077338721389	-1.1111188887563712	0.0047156149668814585	-0.9609917465825506	0.13247885437786203	-0.8917195663836357	-0.3147866429010852	-8.890731215306477e-05	0.13587069242243005	0.0307488213299671	-1.57894536369677	-1.3497264372173219	0.5858949075049168	-0.4467611889228264	-0.2274323789685988	1.2619621022969008	0.5012230675947844	0.48993815813920505	1.0410854408127683	-0.9586413955615775	0.14560103545324593	0.8880701488255346	-0.7036644307267905	0.8007704185357841	-0.8449306399057958	-0.16941814880562367	-0.18765079914541302	-0.36349650970420194	0.7291295161282211	0.4490567657378499	-1.4412266994648741	-0.2653206103831665	-0.887817515729731	0.21694235785349542	-1.7481162581004914	-0.9566687762178532	-0.17696556736003896	-0.4427880163249435	-0.2675588883899894	-0.38748528113546093	0.5598822493140924	0.09816349515991779
DTXSID6022474	15.346456555499596	-22.781886857869484	5.116901441973677	13.280447633287377	-0.6303992245747537	-3.791609288707066	3.278596952323803	1.87679383528505	-1.630099031225731	1.428872730604057	2.076311078073747	-0.7790625949903633	2.5219493665086734	0.18367686206591538	0.9962602205345558	-0.5717002823997338	-0.6353584480750174	0.213030745477569	-0.3593891536831227	-0.673848761144374	-0.06892472697547278	0.6719511522241619	0.6748182684199174	1.502438039578158	0.3792022786332011	0.6224500243041415	0.4219965182417476	0.1976043264877717	-0.7215476228481547	0.8882274483208386	-1.1924962543831048	-0.2904940001380412	0.2907962701932269	-0.009049493221808145	0.43441311275550565	0.42761699053957747	1.081406967556473	-0.12431748431219038	-0.0028741630096613116	-0.7128674493301362	0.6061007165098186	-0.4814385261799193	0.7582501802025964	-0.46943681363041134	0.7038777525253628	0.7035115866012315	-0.5063157505397009	0.542148366465687	0.24712711991822264	-0.42110815238884797	-0.279569981129131	-0.558316979371638	-0.21848394654514924	-0.3552480030747149	-0.9526085552505893	1.0191075842808575	0.5976414102697624	0.6023925327324078	-0.1613468745433077	0.046644996868428906	0.24907820679445516	-0.4143438779167161	-1.3646572878565568	0.14700574364162983	-0.472690053406222	-0.2404802535101566	0.22751586256218995	-0.7894480141257291	-1.3555564172276002	-0.7341160046038862	0.27691402445180513	-0.02960104916500978	-0.038120235250906555	0.7364631822675517	-1.1650892410499898	-0.058215502618567075	0.69400859376163	-0.005688441420510505	0.2914051186472481	-0.18207189621204514	0.2604127516200781	0.12441229741335313	0.5555121439881194	-0.39619041010496364	-0.5021962051243198	0.1441659399023465	-0.376187039800079	0.3821113791688581	0.3253891744641689	-0.7042485341138466	-0.2334899975496478	0.1624722352703291	-0.0210056203410808	0.9223630312999901	0.8933790360999209	-0.4394531999710326	0.41854184342750467	0.04007307537369641	0.203479592907554	0.0030737101373626875
DTXSID6024046	2.4170593733842125	5.165094985208626	-16.08220499784363	-2.2217140090592564	3.9500619444631537	-9.628392762522367	-1.900154836812407	-0.23803028887529992	7.876466523510315	1.2199466960137069	0.5421264908568191	0.8178873519291601	0.9873815030293293	0.47343182474626794	1.7340331309887036	-1.3350248597390773	-1.0110114552562521	-0.1084195271043129	-1.0821590280911817	-0.00678076616095685	-1.0449609660977262	-0.33193708647360415	-0.21989886776427403	0.9908775750420432	-0.4716214804592691	-1.0053785945175955	0.046811922045570525	-0.21972500926991195	-0.004540973638782166	-0.8508572463593627	0.1145781424253495	-0.8252551330672311	-0.6286654152487695	0.8407547180621249	-1.405220530712359	0.8932798165852026	-0.32510281715099754	-1.2091567999595025	-0.4223183028640633	0.48393903738339145	0.6274389844909428	0.8234974378155966	-0.6724495202921448	-0.5752374594916989	-1.4256618180103775	0.18147460167233076	-0.2845951087954755	0.40545916170254503	0.5053519920577735	-0.11159009023440927	1.569833099194967	-0.5094402229607509	-0.5838137261545568	-1.2954263307191056	0.1371827169112918	0.39159732224709676	-0.0611726868194784	0.4307363048638266	0.4144948042572731	0.38137063657936154	1.4325030920861108	0.20359201661434237	1.634541360762865	-0.44240969464812574	0.20841395519861403	-0.18341696055575515	-0.0930341275785699	0.5284738825068835	0.34200038643047426	0.515237515291558	-0.3693282246123493	0.19272590374332343	0.8326142053597758	-0.6480450387786897	0.4034342247046138	0.8692406484874005	0.28260108178899246	0.4259874516614346	0.41634652314799236	0.28210663313338685	-0.061804641622816056	0.6511856799828826	0.30537662425134626	0.894472099878475	0.22639775031707668	-0.7012886559741967	0.77417792053974	0.36352223810275147	-0.17307895461044592	0.08247837659810461	-0.7658692058748054	-0.04623375217084552	-1.690384274886719	0.8851294043574823	0.17023541436605322	0.5360322170158125	0.2975929579703248	-0.48466318058215513	-0.4833629641393117	-0.24983836739849527
DTXSID6024337	1.0075707095705901	11.672090874840656	-13.630586844487997	-1.6508451567694884	3.410945144632361	-0.6181341981783348	3.65136245424858	-0.6765726321299987	-4.255030854408972	2.1878345412667066	2.05968662201329	-0.5516572572637946	1.8549555139393499	2.777228479302207	0.8924861145372208	-0.4928824151444892	-0.3238608930959256	-0.7795274867300258	-2.221543341594785	-1.973091893601924	1.2140277510076547	1.037533360288137	-0.39189552660604265	-0.4024320241200176	1.3457619045453182	-0.6150548975954033	-0.5944559877793875	-1.1220042080128803	0.6693124051168349	-0.2734926414031999	-0.21963190300664706	0.6552122061487706	-1.5931622066578297	-0.32460842040307825	-2.303523746799728	0.9073259928102128	-1.209291307203253	-0.003192665403865977	0.7523165784994933	-0.42377654433382234	-0.2724192453970979	-0.5821101212445265	0.9422404979570101	1.528006232702609	1.2140559417066619	0.5024186721560865	0.4278898811063253	-0.4101136885996314	1.7430704413179203	-0.49325992907727834	0.6092656063599455	0.399356709742598	0.7318240747776698	0.04316793593483454	-0.04030441151987085	-0.7487752494163953	-0.057382956404031786	1.1000356250540595	1.4645817375877674	-0.7159712604563061	0.7839663421952523	-0.5905700714432586	0.4192828752569703	0.06983387695672912	0.16785597240418768	0.029733762321964324	-0.7304629301183918	-0.042253777338105654	0.9190076148794564	0.37827774199978637	-0.704481312246094	0.01550553255577302	-0.28081863798257417	0.4467245877824141	0.7828133340471957	-0.2548072162955622	0.35938078723957245	0.5247723848215544	-0.34484078086645165	0.7018305946171599	0.6853501611017997	0.7177022820759863	0.1863662857543173	-0.23036971428417832	0.5012173779275657	0.3265434576585807	0.8955137395782399	0.4607162232630077	1.104133698603549	-0.6990919538731336	0.09218248587274105	-0.6912332733234512	0.4634523449925607	1.0906008630536677	-0.8863238355783355	1.124531294023182	-0.8159126024469227	0.22596237001346997	-0.08223097944770633	0.3568854673891847
DTXSID6024882	18.446116307386852	-12.518811927690285	-0.2816477221018126	7.997504430173456	-4.338700763526695	-4.743303777118118	0.07006761414832817	1.1446432713543284	-0.5035108093026025	-2.773379322080898	-4.150969959085735	2.186303318956783	-3.537764093198584	-1.2705826544498864	-0.15236262462806272	-1.1807673810875117	1.905009768642756	0.9664919378288355	-1.0182192828547736	-2.2716350387915263	-0.636145915732424	-1.3401599404820146	-0.23471214244453226	-1.4584221856519202	-0.43810246525595126	0.9884981981472339	-1.1960888590135488	1.067977052577794	1.1363213999502475	0.1474706791070139	1.4937151158984947	0.8573403471215287	0.37934222177208904	-1.1450462186700825	-1.072993702913033	-0.2367741132240963	1.0817654151088048	0.9385126031433637	0.7388503434001851	-0.1809426626951554	0.00043852784049254955	-0.058833762309782496	0.3106317511761136	-0.43440734250596835	-0.26882085873535283	0.5883205357164619	0.7840070330861865	-1.3927046316557437	-0.6600534020271945	1.0077659508997387	0.10628137931368095	0.4932283325625588	0.3979881270602766	0.7776017173809816	-0.47682114537259584	0.0757230565963063	-0.5973785578518799	0.09040086552224734	1.2804094064688845	-0.7261798421646496	-0.036183476884945984	0.013828687447026403	0.7189583392647413	0.06358472296120578	-0.08682109419841495	-0.18732196085290811	-0.4676782077177678	0.5180570578743944	0.06738726141377789	0.21160365865027272	-0.23660021187776648	0.45967255023386605	0.12700856480843656	-0.4189736161790082	0.3283843690606217	0.773997897879675	0.07265544958432729	-0.3251180291108271	-0.6412880835813861	-0.4072214126848952	0.7516196596203704	-0.9851275068746401	0.15669868394135347	-0.9955103421848263	0.11083793465074517	0.16390616071306258	0.784930938762245	-0.3425094702488713	-0.3615056292516821	0.9427470913346556	0.108744687488635	-0.47287434388995214	-0.35742351382598536	-0.3533936297732149	0.15018931228555396	0.4285828366877309	0.03889698900471064	-0.12110197777202349	0.9441443660605521	0.2987336537841253
DTXSID6027050	-13.178221771188475	-1.8571433418452985	-15.096789070525297	5.759402584210848	1.4829726451862297	-0.3757837917724514	-1.6090127235407512	-1.2123720373808493	5.794782081480022	-5.209987438245459	-0.7011280262981642	-0.22157037294134496	0.07448024229464045	0.8999026146776541	-1.9678275055535535	-1.0765284552303973	-0.2162415898001204	-2.171223249918187	-0.31358194052725114	-0.09718799864821884	0.6599249065207974	0.39099712376841156	1.427746489109812	-0.36662142927635405	-1.3112444641354513	-0.0156651252727872	-0.21742337726904815	-0.8585880309748765	0.46721985986793796	-0.43402799009590076	-1.0673171273400488	-0.6330502242330281	0.8129104603961465	0.49988455831139345	-1.461153720848409	0.35376518866921625	-1.4856299077872737	0.8219910673310784	2.0401049994597735	-0.6154343360571698	0.72651250554746	-0.7834786211865372	-1.9910698037931716	0.22644576975290445	0.7614650339386473	0.07984245330202693	0.9664943229322809	0.9759868769458032	0.9237980908128774	-0.29015846610852186	-0.8163122819175485	0.13393343879621034	0.4034191850940184	0.956013527315258	-0.12901429152338278	-1.0665946212076696	-0.0881846756344302	0.6430373233261646	-0.40480499990697416	-0.07009085322104427	0.12112977991739295	-0.16888501763846211	0.34031983441848646	0.7642337334974841	0.2919904847773343	0.10278950118589923	0.9840012652597917	0.6412185078100882	-0.09093070717334618	0.35890679436084155	1.0369889168221786	0.1709571147956701	-0.7005386641223006	0.779308675031812	-0.48701255577044467	0.2880059703268163	-0.9441435058757691	0.3868830579323274	0.024714212586490224	0.730421418274428	-0.19843328992756523	-0.8054775400618838	0.38379739438522265	0.18291755141541993	0.3417997557648011	0.2850698869775384	0.2675746874166636	-0.48208499116851183	-0.18948677702019073	1.31975936158285	-0.5014885353122456	0.5803962830104317	-0.40367354180486986	2.0429354113556264	1.1524914290327795	0.6573145708713276	0.1971220248516957	0.16738551967901866	0.8867067380061243	-0.0060201420963540385
DTXSID6029171	-23.441101876145986	-3.8339006355478604	11.026306862362471	1.8819336643073137	4.532437648051412	-0.630462783758688	-5.493160114213339	4.408375232192372	-2.7907524374889707	0.5280655514206831	-0.38413752227053977	1.8247394943248882	-3.5093892198617906	0.9555844865555088	1.6199316775865322	-1.3081351289179657	-0.8815275510322754	0.22195192066220576	-0.12183768223343401	-0.5194891295421895	0.21660043773855372	-1.099830028156227	-0.5803348503236904	-0.22096948339476066	-2.0590154863188843	0.4922913910087438	-0.4463680622850425	-0.050654184918653256	-1.3078002379572136	-1.7472817007471795	0.23591014467280927	-0.3698567292027472	-0.2397032778415361	-2.184175141972504	0.5076076226796602	1.4159435406309577	0.4366896548407931	-0.9201329808528969	-0.47566188826207173	0.2738912350101777	-1.1765553793499886	-0.23737102485088019	1.8310119630316861	-1.4505289025800723	0.08831814276280506	0.5813923400470878	-0.18014551271978857	-0.12006806344876342	-0.0005372864907604082	1.0361412942769883	0.19208957039259641	-0.10506501656857867	0.07275271779240351	0.621316039202697	-0.468487076199399	-0.6277386632085507	0.2729304939758999	1.4547826678761597	0.08221067514560883	0.14728284499135152	-0.6192323667747555	1.2081028113317893	-0.5853537844874414	0.27396207399648254	0.43463717820354614	-0.8439962921238205	-1.061471158091253	-0.5757161777009422	-0.09699135502256427	-1.096792949250297	0.4920467267536986	-0.24824271571594864	0.41634447004311087	0.20411965083078276	-0.11653647494217838	1.3625423365110005	0.2117100053932795	-0.3229309970307616	-0.7611050360757775	-0.03001034029538122	-1.0005356997349386	0.8916250019221107	-0.1905962392148501	0.40359197660791996	0.5330706502026515	-0.434195164273228	0.8627124137678045	0.5368866216754633	0.06141034819039814	0.5162217389705456	-0.4095399970027782	0.00025826201013670424	0.5314466919080795	-0.13466694069643617	-1.2030838379868463	0.18456405885153482	0.034452677095310774	0.13115588478334106	-1.0616478926525543	0.13147253135102965
DTXSID6032356	-6.0662457171567254	-0.0833249532726332	-14.181228975840385	-9.875155580128489	-1.8116487159238521	-3.577110406627586	0.4916839791795516	6.3106343899643536	-0.2595352312542878	-1.7255542193315185	4.525692850762238	-1.1068301436781653	1.9702195924028185	2.216952860863743	-0.10881569637744633	0.5700808731142931	0.2803246246677211	-1.165997474619827	0.6207953629090912	-1.8395470003797296	-1.2326683884616394	1.116852749913943	-0.44086515480461586	-0.8450743734247697	1.2313561989745851	0.7160473868943678	1.4924449290996362	-0.8905923478165201	-0.8397475730750283	0.7636468696156435	2.1548498127917735	2.6740428918894295	-0.015415880194390255	-0.6949885434121453	0.13441421221363536	0.8251787492697834	-1.0186313534576836	0.37363361398822453	-2.1341773123224863	-0.23526839204045338	0.33777455877183943	-1.2831626782281988	1.7034113574777392	0.4032410490018322	-0.24760695714158687	-1.3151818372174167	0.12699949085865953	-0.8541730426466859	-0.025421973768726243	0.6073291953409958	0.9331652845716548	-2.023154110292877	0.47893230869323483	-1.2435802665836801	-1.186157893868836	0.16688475727660784	0.9381156477037637	0.321549312169428	0.39981962250767594	0.370991354868441	-0.6345296347930836	0.014699213935554714	-0.3435283462160399	0.5454526470940402	1.553827632209221	1.5313981801900844	-0.8123245418750425	0.005217577490252238	0.38740184183416465	-0.5749342440814793	-0.10879796136131356	0.437859545585839	0.02696446637975338	1.248881564325309	0.7616648525736822	0.20578193314207638	-1.8760583372508568	0.8733884126763629	-0.3272285795968237	0.909172759210271	0.2578787475639839	0.2411529930433983	-0.5687349384515135	0.1419717343365623	0.24913999629524006	0.543683517301983	1.5406265175715248	0.06533763703527691	-0.3439139010934304	0.22171012162530598	0.8261552316888354	0.004183749961442855	-1.1073909340760373	-0.23097496202432752	-0.36088511799020523	0.39146897234303146	-0.23455772154859847	0.13477529016121143	-0.7477635746957487	-1.0400942698964313
DTXSID6034186	18.323138739484317	-19.91635170024697	3.581443910964375	11.476592928366351	-0.2377531717997184	-3.5441391138792877	2.023317558062697	3.4259281760481812	-1.6152600395296333	0.7912332088647177	1.8352054055054918	-1.0389916410295212	1.3913050371709355	-1.6092421680787838	1.0999291884516234	-0.5239051012009217	-0.5063355274916188	0.5804146950661322	-1.0483893858566988	0.211108617511296	-0.5684848276303381	-0.26194317208005086	-0.87214101507166	-0.5567729935094992	0.7206964559172313	0.7837059953041896	1.001263533597535	0.5813706511001326	0.6803757009168856	0.8215550726543173	0.40787217111979857	-1.0949570193502256	0.1154744787727043	0.7737798726879894	0.27485372525708396	1.4013066525459281	-0.23265702048511905	-0.3770903749471825	-0.19868670860164112	0.8839223764717933	-0.627129122774643	-0.4286063153368374	-0.7412165339736134	0.1936060173221659	-0.6651337848561101	-0.09440384893251763	0.7432209209960329	-1.6515706843767637	0.38364194899903936	0.29377494611504873	-0.15656705395291076	-0.6585642394784135	-0.9085292973147481	0.2679818481360412	-0.5171251029417807	-0.709483555530207	-0.8666317394314124	-0.3252834843838116	0.21155644317285371	0.510278468557706	-0.6099819458786944	0.23998323600257418	-0.6836642771766416	-1.1360115470457757	-0.5809671410506724	0.09404369635735609	-0.4369035486878896	0.4615112797124597	0.26922516931021134	0.3988004020276659	0.27374752159846594	-0.05295812129667245	-0.08381590756415962	-1.3207032197211426	-0.4160275728048785	-0.24454945745167433	-1.0977298799996995	-0.9586314702968286	-0.9746745081182082	-0.0687826017059239	-0.005654967262281497	-0.5016097192205915	-0.17656772542626467	-0.7421418965451362	-0.25772021055981303	-0.27193215588572434	-0.36248428095612933	0.15042758230724146	-0.19301586061825748	-0.6277822920282231	-0.5360653260248195	-0.4068332307795402	0.09461943281487044	0.14823734955762904	-0.5787511706515874	-0.5158903727485096	0.4322270476500804	-0.3703393649416253	0.5714058004463586	0.33579477281902537
DTXSID6034928	17.708769453983873	7.683443505957445	-2.279981964152331	-3.6685269214698923	5.373186832107152	0.21781687696576263	-1.1762819857077502	2.9218863371836887	-4.557927760576905	-0.6964454491380424	0.7396810714388472	-1.0416366068810272	1.7476332012287665	-0.31379693823566907	1.8005751162740353	-1.516313790259277	-0.734716958687237	1.6179683286049737	-1.0276089199192338	1.5128267920030432	1.7447832321801138	1.0069532229404354	1.8116375390289916	1.7938384915606558	-1.7140760742600163	-1.0607514877175226	-0.4129817709970847	-0.04399184491101708	-1.3822896226984636	-1.0616156873809992	0.3073449649852316	-0.5716959534067144	0.28402548271056455	-1.0168000747197385	-0.23919937006602066	-1.134607366903054	-0.6749004112250564	-0.7630783867887827	0.30338207176055715	-0.5174384413206835	-0.5696656009085107	-0.3341400420727097	-0.25098943831653714	-0.5243780770545717	-1.1597599048712155	-1.362267462303617	0.6954285688924036	0.5416629107572959	-0.4352552190707723	-0.2432623105627866	0.16143567072351803	0.37871156516175924	-2.2147197818541975	-1.0203170872249294	0.5882679862555158	-0.5100829439050055	-0.1937121797486948	0.35946858797557935	-0.6216679797141107	-1.0498746456948755	-0.17569810717990197	-0.2978073094367271	0.877680741031246	0.4997352740335688	-2.28864850357957	-1.9174549095681543	-1.5262137556854276	-0.4200809433984482	-0.11688188161021217	-0.35336275142024	0.3820318240888605	-1.0162421752650512	1.091734163177035	-0.41130647860879466	1.3609008841678776	-0.8521475204028316	-0.1534416189956927	-0.1313287673524814	0.19765339486674183	0.4823340298126546	0.13047707697391464	0.8896266116253905	-0.1788321811012281	0.09167028735821268	0.11647343590579619	-0.41465267524662613	-0.7501789355993533	-0.5526980209537435	0.2705582155766361	-0.1711439182085964	-0.7146650292351409	1.0198919109840732	-0.36725231933913777	-0.2121502988679743	-0.153248466160256	0.11747681724278114	0.14942992634852223	-0.023994373750156072	-0.483114201243704	0.11362384346309617
DTXSID6038827	-12.357100413243597	8.943611355947144	-11.320932321003099	8.290688038525019	5.47120009525936	-8.480371478260459	-4.158811109954814	-1.7444275233587878	3.077303067596709	-0.3604188806478915	-0.7986361498238195	-3.8151398410346156	4.67919361607836	-3.7015443426952372	0.17416863044377306	0.04231068679389427	-3.6394683591117385	-0.3780503334603049	0.25019227597462756	0.8505097964564956	-1.887227370238174	0.19993093621783598	0.5308016125691828	-1.0935565923738215	0.212805077450747	-0.6547120030923109	0.6607481218552991	-0.31003339096801796	-0.3011547877457177	-0.9075180565452794	-0.6756832361301117	1.6991757453977137	0.19396557477442206	-0.474718674523867	0.18455473953892088	-1.6010502660112391	-1.8630811166132442	0.133557121332055	0.10260734040107594	0.8953643270065517	-0.3502314659590066	-0.6145130524211708	-0.4331258386534102	0.6871229487101639	-0.6964281286906133	0.1943470580688312	-0.2092797293013658	-0.28444047248299076	-0.2763181603948881	-0.37888578002367923	0.49189585075412606	-0.09070343824273891	-0.6312581938518588	1.0579842198460496	0.24812679155451556	-0.5799105006059067	-0.7164975557847978	0.40882663686598336	-0.03601895739328127	0.3738471143720227	0.09699445355929794	0.7602362505186364	0.6755919755717382	1.3888228043910325	0.8934566706625583	0.2290496357129975	0.5194305851203823	0.16130398900017606	0.028313158907486657	-0.18526146644976535	-0.75399511332874	0.07570448642145496	0.4342673661618942	0.06719920464338613	0.46811280201832334	-0.006087040922590283	0.5106972327358527	0.3859122991706424	-0.7597223788800322	-0.5262402197810194	0.7731581146566403	-0.037710634384439855	-0.6716830827677649	-0.69890353853352	-0.36842404796161526	0.343443298812948	-0.5003989709204854	0.11664298136286096	-0.2671943223474169	1.1283867406261996	1.0455670123631693	-0.7860157146159515	-0.4669906450364143	0.43394541431734446	0.10257199189944334	-0.4691082306678086	-0.596989784875393	-0.265085036810241	-0.04152581261254743	-0.384621926775975
DTXSID6037564	12.592408093410114	8.170151876447905	-9.61787480920003	-3.979569479664101	0.378482687324572	-0.018539639991355043	1.4539017332176276	3.285372089003106	-4.767597169016388	0.41528581275070997	-0.33438877001382183	-0.3203696376701032	0.06758885084378846	0.6279428271706442	2.7108359401610125	1.9877979430948605	0.04200862476371638	0.17916333279313773	-1.1733328408862742	-1.618675555970544	1.4133242197581617	1.1364209051208298	-0.18326156027668178	-0.489126986513618	-1.4283030117064526	0.3668080789690634	-2.419519168593748	0.6902976867976212	0.20600809327368183	0.11190588682505999	-0.6507711361573638	0.6435178589349613	-0.013311910581872423	-1.718754084725365	1.211094436651108	-0.322154373411263	-0.44964690078710917	-1.9794702329749918	-1.1828063994573317	-2.470000314204108	-0.6282436700763829	-0.5828898499419064	0.9073038177368108	-0.03035165165891628	1.1820534659586317	-0.6262601559164231	-0.8411668729836058	-0.2850261796839381	1.5356221568837678	-0.4206548895995543	1.7164659351930482	-0.9281689263683983	-0.4333325569023255	-0.2185238142983102	1.0489282697655575	1.8561573293607156	-0.8384457048974949	-0.3859507822809853	0.7981173280712663	-1.0705025578489282	-0.74927228462987	-0.09127094086105121	0.4785642095760695	-0.9604753415587436	-0.1996125033426161	-0.5279193863572995	-0.4335781731278213	-1.3688305830850327	-0.18712477154744217	-1.3680160759415139	-0.9887929106551017	-0.20729350442400896	0.9444219909306578	-0.47345187296137137	0.4270248467936206	0.18361553741809922	0.002390920391691537	-0.30273749487319174	0.05734878135707724	-0.14793974690636355	1.118001767422202	0.830680860490746	-0.9784017213405876	-0.9113602539066188	-0.3693455498777629	-0.01336356104169209	-0.22506977281218285	0.10155700780623256	0.9414817410634453	-0.2996921461647087	0.6353268477864852	0.8023731420544379	-0.48454689644823	0.03957757848726018	0.025471551638330467	-0.5934370277710839	0.26544031021490255	-0.1881701294121288	0.10826853545758372	-0.208448719620322
DTXSID6040747	16.418604220742157	-21.493503820960925	4.794995422209145	12.017421456476189	0.6606494886745463	-4.1077725908322416	3.6772072125131334	2.3218246657909294	-1.6455075585967045	-0.44312973020998286	2.4782420314841977	-1.6406381255235152	1.7468623397767344	0.291416337651736	0.48896540116551407	0.20027106656370564	-0.25146053448306865	-0.3292382836918044	-0.21069980879073033	-0.21394738516197223	0.48535128344384876	0.4909802444740693	0.7233607008262374	0.39674561766971234	-0.7087201835613174	1.608809206490664	0.4819864568525078	0.27993728231964743	-0.37825614753575354	0.43303127054091767	-0.3067074650096443	-1.728481398331878	0.42630344547827453	-0.6174388393596052	0.014512300108029067	0.8984890536868114	0.3734490505013912	-0.4016902427301246	0.0816985187608496	0.581420515475804	-0.783727172162805	-0.13492253452068265	0.4077526670560769	0.8291251391446209	-0.9977151502376466	0.3851036631306711	0.667241821198115	-0.761613460230843	0.2851796397057113	0.32831622834406626	0.005738548098265858	-0.10258936887552482	0.1735682418050043	-0.21215941691874352	0.26530319408166925	0.06538600424747523	-1.0401454678993078	0.06673471994671512	0.15296167611448924	-0.07843953202878516	-0.30986867889554026	-0.44654669251467366	-1.0706276785549689	0.061528580434062126	0.2496208789953102	-1.0228697478864062	-0.63151816198164	0.04367268770092731	1.2602807789314066	-0.260687436843485	-0.4879215763847913	-0.7404958255587113	-0.24697689318774538	0.491823827339234	-0.6222162396387736	-0.08697308071841514	0.5129900903738931	0.04310056410894186	-0.5950262553596165	-0.21629338982802773	-0.422050318544938	0.379634767395849	-0.6825272728295365	0.8198177738359389	0.05124780085353374	0.08990380651762084	-0.4717001219335896	-0.7789152533480057	-0.0076098858647927255	0.13653029919200232	-0.46524250404320855	-0.5504408586439924	0.14332263067550313	0.36513341997730847	-0.2594986780103531	-0.7647291053700799	-0.24250630594802236	-0.07119578185400328	-0.757907064712009	-0.6297804671034759
DTXSID6041422	-2.1360232270882022	9.553918436097149	2.678983895681127	-4.691078682637752	-8.73778709033101	0.48742284265528873	6.456416383301567	2.053781293577449	0.7591967760890779	-2.917337015790853	-0.2954245213014382	-3.5423807155927585	1.8664387322290183	0.37923862401824865	2.2070246278721504	-1.4165091274836876	0.42948878957125786	1.2290725089618064	0.5297787264028735	0.2165640013703691	0.8258881079092347	-1.0564161431925743	0.35702640164043237	-0.7552107652389206	1.4802699696987724	0.4334561894886387	0.000613118978301882	-0.43451046417866507	-0.5884646978825676	0.9711805230824169	-1.6228798625230618	-1.0277733295147995	0.257330353826569	-3.837915773965302	-2.745843773871104	-0.8010732775986785	-0.7407749365247542	-0.15518859324979903	1.8034715103053767	0.07983475202631901	-1.5733519143688959	-1.2218645554509147	0.43576199838269514	0.540735950856821	-1.060064005046374	0.8824827470932776	1.0884428377063562	-1.503603510884959	1.798617937985959	0.48235694451674394	0.8378846906429399	-1.3522988088444814	-0.24199392804233216	-0.3534462431443722	0.8466906127929766	-0.20652085901111578	-0.9896043586199149	-0.4766818244004058	-0.019204058342274077	0.8591974568293236	1.6299580613387106	0.04161108741317058	0.28149519717440397	1.5104973378151638	-0.5878218702518679	-0.9744432472186476	-0.26275717843344676	-0.05253526829693166	0.5135642332596114	-0.9991746802050332	0.7484615063155272	0.9728582634569003	-0.40188537017252435	-0.8613069902756153	0.1812822152334161	-0.528703192402882	0.04859727774028889	-2.198027223175402	-0.23943466743543737	0.4868243518191715	-0.7021243051768149	-0.5573971587572734	-1.520854415362082	0.7059929911350659	-1.4369865489838363	-0.5268226198445918	-0.14558713770824055	-0.7343135500346814	0.5737835416191415	-0.6031199570549673	-0.8920930545054002	0.40289751585144007	0.3228529259139631	0.04619322605886658	0.38748927761091345	-0.022473288503548898	-0.44306352987971553	0.28411811921244895	-1.6756250388018985	1.638314984178463
DTXSID6041397	-8.15645179885998	-9.030437894574334	-7.033410502120021	-9.404774177550157	-2.633677924829155	1.2538654700641718	5.017349556436265	3.0137748652728877	-2.7860253585915196	-0.8212681964474854	-4.689819946174371	-2.420970733058452	-1.966710867589194	-0.6943192498918425	1.1567439812271993	0.5926879619480139	0.5718284331585444	0.6439679300131308	2.370009105180225	-0.09608422140022925	0.7936184753128732	0.09473776550801194	0.0011815887993595249	-1.5339234718663926	-2.015580438145324	1.5200088878004168	1.858147561614608	1.839235483797313	-1.684433517197225	0.58889151878065	-3.042914277065373	-0.7660824595607902	-0.5550656849584662	-1.611504111033818	-0.7525670079040493	-0.9780156413056299	-0.6663074929909854	0.005164107599081108	-0.7110987314486509	-1.998540804670478	-1.3748477767974339	-0.5326239803341555	0.4128040239252467	-0.9743229948074212	-0.3904873210599871	-0.4801008126143458	0.8746267324488858	1.137495226997937	-1.19624004201774	0.9042772638842511	0.1430240507996578	0.3305265159341357	0.4242148072780597	-0.25612620382164225	-2.1743020138607303	-0.6261166080523012	0.6110615615682798	0.3556337865937625	0.49806407822112014	1.171674517680073	-0.9000527780351235	-1.072568281507235	0.06101814352400683	-0.6273568737179657	-0.1611470588632264	-1.452891567814763	-0.6565228484801785	-0.4183860665178463	-1.1628483676375792	-0.2001589492688918	0.42522612595951464	-0.8749091164961296	-0.1843361180386754	0.617449994068178	0.9049425408491651	0.2641761772988652	0.06508656501238055	-0.21252616015784337	0.08575156335450036	-0.7177366990257402	0.7867012570187414	-0.5731425828215697	0.5019715831804269	0.24971515273707304	0.20179128746032812	0.5298362748246318	0.6246298538447942	1.1515774183393301	0.35968701172209777	0.6312317112978088	-0.323745508672164	-0.020642620919848757	-0.9197853228296521	0.5871810334760317	0.6681423407982053	0.5607338393474217	-0.41952368613948293	0.25236035174102944	-0.8395610529490455	-0.10301431581534631
DTXSID6043915	17.638447342334423	-20.94028950129758	3.9149092455950782	9.75537225510579	0.5738928668750013	-3.22382181321379	2.9767912790856785	3.084056285649514	-2.0146998375901948	0.7048881383864445	2.3884904837589347	-2.1133961110742012	2.181770921162011	-1.9617973899166907	1.6314267250222916	-0.7020771203025424	-0.680798403618683	0.2698433223412905	-0.7197549158882048	0.9662817437328773	-0.8763326592967765	-1.3536805540714822	0.22652476603647104	1.29351874616624	0.9643284324163173	-0.7360906615748335	0.09155121340804576	-0.10365350277574299	-0.6568946591326423	0.8602345845409676	0.4711144715378867	-0.6286524087520671	1.035219600096816	0.6510703513207936	-0.19198708100632733	-0.3286769009497876	0.8224944537869783	-1.055365537918736	-0.05453673441523815	-0.32829461252675457	-0.7179894831184241	-0.06387822317841513	-0.31742244729605784	0.6895244486108223	0.2740179033890518	-0.7050300131767614	0.30606443145086865	-0.5247614828495316	-0.059812180079866106	0.5569957748782172	0.5976420261338723	-0.8903822509625865	-0.8571789582634197	-0.4516683914349954	-1.5320621158967045	0.08520619888571931	-0.4924763942587893	-0.2878503947810411	0.15161535836454326	0.5957822605755666	-0.5065256113382592	-0.3779480759965832	-0.6816110336801475	-0.3297734528942036	0.09492648679483597	-0.14283975265204366	-0.6876271842137297	0.5238722199600928	-0.459581649954076	1.1622714163315282	0.3972718338303842	-0.5950581279737495	1.0380665529242916	0.17652638987552266	-0.17904058350367275	0.23016492582929135	0.39764733456420936	-0.0827029835140713	0.6090047487710664	0.45636217414304764	-0.10771246510488235	-0.0825979162412471	0.13102065183271414	-0.030763932676828355	0.17335909471024347	0.5010984392814946	-0.19117962909245317	0.6310170077117108	0.1375398463460829	-0.2545247474306356	0.026773547948299024	-1.7738722829620597	0.2720233413482028	0.03572324910231628	-0.20903835793770922	-1.1621019395892538	-0.06293718854260343	0.7579678887689727	-1.3082662094902153	0.33108344896600217
DTXSID6047525	18.21209833273938	-19.0747293384462	1.1804147937208807	10.825716233686371	-1.0606183586925633	-3.9999504241670945	0.17853062241705303	1.1671811404851493	0.7109823193416437	-0.49147084942040387	0.12546420354337587	-0.040332885018993465	-1.774020165164222	-1.0740294801518615	0.0851346772141664	-0.60756518733297	1.1946526172500014	1.235342790581158	1.575154634723529	-2.239374703538968	-0.3333240056654134	0.16043943649415293	-1.0990330351349509	-0.09487324584456998	-0.5423622470601193	0.9142768546748417	-1.4829651374632997	-0.2563714460167209	-0.5633543263573177	-0.46626944876977716	-0.0979907675791011	-0.5605615209198891	-0.3957036743539017	0.33502748988565895	0.5320184908968292	-0.6914733820677098	0.9787723689235338	-0.10584820892608839	-0.13544984357521966	-0.009439528341494339	0.26482047867072195	-0.2232506891846816	-0.5290927255934571	0.3882633592260011	0.47361872816671025	1.1762597112189037	1.1450525586470643	-0.6658199168935358	-0.490220408682404	0.5682722445084647	-0.37173513246254614	-0.0937024795494556	0.04506781541930259	0.25443345673380235	-0.2947675173064991	-0.6597671673317927	-0.7357047321683773	-0.5849981102826944	0.6055335581660306	0.05864253853276266	-0.546875892543746	-1.0781270271424113	-0.5580336457526048	0.037138024673350985	0.5104563220223709	1.1557703246733555	-0.9921552995965551	0.24239955458827178	-0.11667012230061993	-0.08732891496209964	0.2846686274182758	0.37981519477001957	-0.2999893418970605	0.694411837747566	-0.9697907657950441	1.1130268923178868	-0.15739328748908116	0.13193628919487443	-0.8307505309724208	-0.25827464296191144	-0.19224940116862896	-0.003400796752533209	-0.3595470648920484	0.3152992165815388	-0.18323383576466948	0.14872128231283463	0.12905646066529813	-0.5917291176639607	-0.6835091874727072	-0.7359973919955467	0.3677824958057607	-0.717019493657427	0.4828583932522691	0.5975072559866693	0.4987908898430098	0.2659135913456915	-0.917557648672209	-0.02021748524703073	0.8072150807428492	-0.9441876639874921
DTXSID7020764	-4.864437202599545	12.079036462436399	-11.153815208872269	0.8500561722482068	0.4767424651463571	-1.4369738926986837	4.019287668397041	0.2493908095417841	-5.040503402797022	0.9142381265418723	3.0685570402509326	-3.3887285256921116	3.7453703547471573	1.110180939550228	-0.07453366314087327	0.5634153447078694	-3.5930239886414577	1.442020407466484	-0.4078734516113547	-2.244893374537445	0.402707572780408	1.257242061887289	1.0493031844641616	-1.1641923419762374	0.5361105925023832	0.616000101884547	0.1957898490819256	0.2127293278006962	-1.1622648671081617	0.6739918089859556	0.16161532749107763	0.9607695614159778	0.5511093445951503	-1.2605339895192738	-1.586489172896139	0.9402830047082308	-0.41175036630629674	-0.3777641368901727	1.0998249018912118	0.8434427917157189	0.15905882732973667	0.7929304173553441	-0.08950077300793043	0.011041821565865771	1.7627629169363055	0.37391138081701236	0.2280787396955028	1.3030765731897287	1.3251916573650622	0.6094895046202816	0.8054962965180293	-0.8283508280285774	-0.5577865685252729	-1.6581333333432842	-0.4405403822465557	-0.9566472245035467	0.29682557781695906	0.9055465097454969	-0.16541300909994416	0.4491109864585985	0.959068875451129	0.11546211014600787	-0.4476415006972317	-0.7786814308934118	-0.6127553576153036	0.8648386356960545	-0.7574462300024646	0.787467054331585	-0.555954593452972	0.3193766413780748	-0.2523028829673365	0.5163929091092567	0.1141700469350634	-0.4556268204114411	-0.6779637760435544	0.3274693696963138	0.31869134605032784	0.40661203130215434	1.2929262753325204	-0.6685033764850228	1.0064545546927917	0.6493346063062838	0.6225686846565146	-0.35282292631899403	-0.5553220778122709	-0.2198392833600649	0.255327988366479	0.02461380332333691	-0.6787563544350647	-0.1034036752764117	0.06696462813283172	-0.7177940624698355	-0.6782583804339717	-0.37842830774197656	0.6309404912869089	-0.0354514939906198	-0.1815050185463908	-0.4042793263644798	-1.0583327465275296	0.9102948861067842
DTXSID7020710	-18.074600173801798	0.9088654247010992	14.688235993292729	-3.814893796329503	7.429378764395951	0.17135999069176006	0.7889469228466727	3.606796392104586	1.739289123117495	1.0956960192711536	-0.7886052167271739	-0.5273616158391257	-1.9628935811541655	-1.0761235066796622	1.9749222828019337	0.6623087807618754	0.9056710656912188	0.19903877472398612	0.024477639104221755	-2.252607101831708	0.8956703582279041	-0.7844244934493338	-0.9560159068000196	0.7406631370676318	1.8143296929679034	0.20613133677504422	0.023779294174065022	-1.17575600576677	0.6374009345696967	-1.0358966862181758	-0.487046038576483	0.7502335897692705	-0.7397697471467596	0.2904667134387812	1.6340973568689006	-0.12827919530623932	-1.0040082406985409	-0.994881232857311	0.12661365005768166	-0.3784562749747413	0.4771539750334088	0.2410879915176361	-1.191390519455264	0.6154153128699519	-0.8193795124303018	-0.016740144346562735	-0.02139289425986714	0.27955559800275465	1.0925437591719767	-0.21202682481610904	-0.5436609040664154	1.4937991432603122	-2.210027110690932	-0.15833812370215988	0.9094379047129343	-0.878675911307842	-0.3639259011498384	-0.1187678545268211	-0.2357166510248782	-0.7192247696797904	-0.46283061676076975	-0.3033556895533918	0.6011828601610373	-0.43470423997636326	-0.45514497083552324	-0.2731601318004991	0.11433289863388131	-0.8197466556967047	-0.16726570014355857	0.802704986729061	0.889734640717612	0.5756989480806834	-0.4530514017169873	-0.9042817005641991	-0.019285921207912466	-0.08199180390234985	0.43448689959974485	-0.9325008200807355	-0.2241049609446706	0.7728104840057133	0.19836183360561355	0.5780374809706439	0.7344565093287426	-0.3160381331691392	-0.07568887837219612	0.8597141963819541	-0.5167770328956219	-0.09551784023061453	-1.0458502175316373	-0.46340539521440655	1.4705290653511927	-0.25042564660192596	-0.15264937351649668	1.0323384844243455	1.0453989636057792	-0.8267243052678218	-0.05872366830703854	0.035592888019325294	-0.3772667103145642	0.38843014254577557
DTXSID7020766	-10.629270248219814	1.7137976557709829	-10.185993381004096	-6.245323902962875	-2.660733452745316	-1.9734872493787459	2.791772688543714	8.493540540370127	-1.805290900375188	-3.333572961100818	2.3634655437660923	-3.6672369863774863	1.5556970872743077	1.0350236846571303	0.7647634730249434	1.6433703875184302	-0.7321702835992342	0.5439277499388989	1.4125070689213082	-1.683380585576276	-0.6800343316677583	0.4480599027625074	0.6964332740984379	-0.01109493663519757	0.05332920158403763	1.4501149653598153	0.10563085287040236	0.7955862633874622	-0.4287083000002493	0.0801356394515069	-1.0643949400228665	0.4220507946656692	-0.4249789359687357	-0.02287038943296565	-1.3372875287698849	0.2730947281098418	-1.2092831145994987	0.5109866225438954	0.4011716750951964	-0.30948182179561073	0.7840702207260049	0.7853558291147683	0.4652276436923863	1.144315734292048	0.9311117002787674	1.380417651560104	0.3362453442769969	-1.0219157394336151	0.03665338335275392	0.4731259978489099	0.12259872506352919	1.1510454533470236	-0.42659062928774233	0.8705863654298508	-0.44368025562774865	0.7340016802650127	-0.3350595714106632	-0.31789708923504095	0.804983502270747	1.114982223504497	-0.5822565753846453	0.1238204455025345	0.460842201673368	-1.01358252381519	-0.4221931991654923	-0.006847925184197929	0.8146979342046481	-0.1941705572460965	-0.1431906205204891	0.19712201412443622	0.68917107104888	-0.2251286847220885	1.0143776729973049	0.5419181219690731	0.9448931758411365	0.5110457312432786	0.39042711302035776	0.47754962524349776	1.03977263197102	-0.06253170228157029	0.2985067273683603	-0.21738138518341266	0.7552638660487355	0.5193691748695811	0.5252919537725074	-1.3465460396298745	-0.7802951666302543	0.035247896118360406	0.5649370045564126	0.5118919268747594	0.5630978720454811	-0.7273568231289144	0.4598223156179033	-0.8526025805541444	-0.2774894117612655	-0.3487784325193425	-0.15058556336282816	-0.207270223915616	-0.33918798150722546	1.1225267791032736
DTXSID7020970	-6.0837116982866455	13.350546822026626	-5.208592876383444	5.655877649929323	11.1211607325248	-5.147050386689057	3.0867956827677263	-5.049528354830512	0.7604686880714723	0.38712679641306563	1.330618239627485	-2.615938702155474	2.402085706326492	0.3710863213996329	1.2312700813429553	-3.4645740203998683	-3.6208415387601383	2.916762355787617	1.8750696981981059	0.5182729992109796	-0.768583212030128	-0.6017013081929287	1.0360321237118177	-0.48839161871834375	0.8574462594025563	1.9873442275793267	-0.5065578173135212	-2.010984050739772	-2.5582948759515487	-1.0254000252165807	-1.4794779651502181	0.6889550711662993	0.3619395701593125	0.3607582375076336	1.5515473262728814	-0.7506626724357125	-0.06633741566452288	-0.42755887751252164	-1.4977277447076756	0.5627876659947227	-0.6672859102883117	-1.053752674705251	0.29214854847467414	1.2878253612619048	-0.006946361433735773	0.8986767755959819	1.518216535124893	-0.8930988966787488	-0.24919078169242675	0.5864545236609606	1.4725704909799542	0.18270340343149166	-1.093042194082885	-0.6871823200625471	-0.6696737180419182	-1.1107150629481628	-0.5682027198081772	0.6853242692955845	-0.9164325891802914	0.6713793896682256	1.102006774920698	0.07128565786872594	-0.7719097700589043	0.03376329531251924	-0.47908537186097316	0.9962087000597762	-0.3141851459308419	0.9208758182234366	0.48104015130064137	-1.114653894101861	-0.22984283534755295	-0.21064491369418434	0.03471008211400999	0.5440951057558884	1.0555363355810523	-0.16737970946427871	-0.27494014681324763	-0.5015209324897826	0.9198465152990347	0.5423639154961084	-0.5873829093352286	0.8850017452935017	-1.6345178992982259	0.707719996074288	0.9849172508093107	0.27791854592835663	0.9644678085980926	-0.2708148791510216	-0.37142304827570527	0.6925248442722209	0.7606488900926596	-0.8124000187077253	-0.44115794288177346	0.7975065483303228	-0.28210609065457015	-0.20708508081128424	-0.10238851652742906	0.1550500763122725	-0.24009354492098886	0.3020646862601494
DTXSID7021100	1.7518950118480165	5.273609375569475	-17.122027590880236	-1.9505535829466252	4.925410922569949	-7.4629563068007405	-2.0443347325217913	-1.2534281477491207	9.681063249348874	2.5126339313089474	1.7260132659316825	1.9212581888399676	0.5343031594856948	-0.5481756166321874	1.1457671076486833	-2.0604658378122385	-1.2117332683416215	-1.410326166854124	-0.21727231166484076	1.8474645471190967	-0.6492956677127052	0.6835773697788781	-0.3651765359004177	0.9813553553746064	-0.08768575000944413	0.33685274135739224	-0.5808558585025674	-1.0571804293120306	0.9752490177730558	-0.2453532981479446	-0.6881109801791679	0.4210315976317019	-0.7518710362068959	1.1362292356080272	0.4228360581975296	-0.17980321460468862	0.30597992001139945	-0.12609607700691647	0.08695853855259456	-1.4558129702270568	1.7685901411021128	0.8058801738196998	-0.8005188627712945	-0.7840187701332679	0.19837864794198007	-1.2649090640011815	-0.4901677544118796	-0.818968696765121	0.07749054418146195	-1.6693253952384035	-0.2752947928156005	0.5269075976833213	0.052776225273468744	0.12749949063701016	0.2668609767246237	0.5264650981378748	0.3071709647532966	-0.46514922101343115	1.1191412188783896	-0.3049617623161119	0.3711334209869923	-0.1361623103560091	0.9432816559502653	-0.8765997941265788	-0.04079613281747602	0.3777858623492014	-0.3954275266270787	-0.4824295310330214	-0.32723137272682895	0.010656356742302572	-0.4503173230860156	-0.6523914290117253	-1.0074569502678843	-0.11783634195620563	-0.4632581006761327	0.980667495367185	0.6005819369187367	-0.1706229662258945	-0.40110076790626153	0.37194061305574583	0.6304897259687077	-1.2343668386759292	-0.24041072687844048	0.16651552632403918	-0.28360181507082133	0.9195798909370478	0.6079274512031179	-0.3523929924798826	0.6453369639827601	-0.0998817174415321	-0.4965001200573854	0.3284428885922186	-0.7633084132576176	0.5845557346848548	-0.07755936993808475	0.13276353802107743	-0.9613015677387282	-0.6174024363642361	-0.02872621871680745	0.9857274456747406
DTXSID7021239	11.947760136194947	-10.635957438332106	-4.231283498676754	-6.270915808255143	0.17689701616839534	2.633542134042898	3.0837435487236915	1.5305795899613948	-2.981706290691975	-4.224878847898815	-4.763228463040399	0.39176716892504937	-0.9045570521812217	-2.7991592686369557	1.8607124102942005	4.202864457559984	3.2973247809595505	-0.5366857823775735	-0.7493914760013625	1.5894645255593254	-0.4168919049710835	0.9469638688377029	-1.0878178096503086	-1.4627698020748932	-0.5954105315079234	-0.5104023464277168	-0.3955738521193694	2.1182296641047276	-2.4734099580801208	0.8894040650115629	-0.5988128271662171	0.6090285765181163	0.2299842545550336	-0.9586276259260706	0.591286436249273	-0.22786128889812918	-0.6894183824719995	2.2439096010279713	-0.0873370337080886	-0.4777693062836065	-0.768196065590397	-1.7586804181106506	-0.1729909446547199	0.27461086993679196	0.6172805361336252	-0.8154908488052105	-1.3012967177716492	0.3689116312473665	-2.4508140031293433	2.618660072625909	0.5291045487873045	-1.0958852154542333	-0.16552611368498682	1.9438371088054534	-0.02057123828351659	1.7770533134001243	-0.5567059185742518	0.26715063220229646	0.20380183254777234	0.9310737232867614	0.048271599898028685	-0.5748553018904988	-0.05581709396853488	0.9098988379219184	-0.20992414013117244	-0.754088302726608	-0.3613247513265184	0.84923935201526	-0.6147651423960458	0.033279735458819196	0.40904616739797217	-0.6096987527406098	-1.0569950437279156	0.5732598535475829	-0.07370142067611375	1.0813367469210409	1.5966379113881932	1.2294621871407465	1.7868809508165073	0.14250601151751682	0.009959568191972178	0.3303523184472358	1.3629077345561065	-1.8307086736738198	-0.2409321592114184	0.4811725830876024	0.2682347766543816	0.42778546230145215	-0.2747053774540714	0.538908831727321	-0.3788941677430344	-0.2895372521309039	-0.8252256558935386	0.16200753845887114	0.04958835369490479	-0.31504661787803273	0.1315911832560755	-0.6054455898672985	-0.9475629566172563	-0.05618367392916204
DTXSID7021940	-16.079600337718674	-15.194058061567016	-2.539744813170201	-7.363685214905862	2.4480199112204377	4.153631728698085	-3.5214751707521588	-1.8721455154847302	-0.41794453665311765	3.886542213659925	-2.794263709284335	-0.8532169832253025	0.9836255425963927	2.4130231816108667	-1.5132367339977375	-3.993652774434933	-1.8070605301113907	-0.3061255630827639	-1.390395727010915	-0.44144152096042366	1.42522267206987	1.0175282497462197	-1.3995494897767178	0.24798258424579595	0.304886050178143	0.05762797021691392	-0.44097476912528893	-0.1740320946675889	-0.27324725855343857	0.7960067218583411	0.3576232289458125	-0.894948546282736	-0.5906565053340794	0.7918765818039016	0.3096078133755873	-0.09209338324566857	0.26868362429215087	-0.7927430003567233	-0.1903053935142786	0.182274831590537	0.941852946437405	0.10260274361981059	0.23488144187898152	-1.7285036902810273	-1.8276647783466873	0.298050765090889	0.5924218158763664	0.5520009659186761	0.09613742254604957	-1.1020299910884601	1.2903641978086764	0.06937626773693778	-0.18568795977060965	0.2541656228806247	0.900860466920734	-0.6385415837106225	-0.8097429929655265	0.20155097113532597	0.6009872456734218	0.44285198922027785	-0.2946764788378554	-0.42951489542088955	0.08484633033935617	0.3497326730917622	-0.2875555891939107	0.4926979808464823	-0.1627050101484427	-0.016836546216148638	0.8392714921748182	0.09539068750132358	-0.29096294390948657	0.330461104338735	-0.339435080795832	-0.16055595311562593	0.0374401468326559	-0.3145059096857214	-0.7198922795236228	-0.6709464315427729	0.2575197351792825	-0.5105844127722564	0.016266104264061654	-0.40996759888178896	-1.1747745942084507	0.3679278491454621	-0.7753708644009365	0.09205708170330967	0.2599112432787505	-0.11815558831465155	-0.5832113311067028	0.06748575398073296	-0.5207981081609245	-0.32641394512986105	0.49245370236810015	-0.7777739080282768	0.3787415554153926	0.026179125054346393	0.4301386067076701	-0.8481510663886416	-0.24085692227544478	-0.021875001748119845
DTXSID7021948	-8.884159435980896	-1.2063621886457365	-13.915642912925481	-1.9497648664483784	-2.955541493331266	1.1974999796187453	4.326861031302792	5.438833590592063	2.241626673936411	-3.95148732268962	3.0163418240936175	-1.8442463100145337	-0.5874950856702381	-0.13246053715342293	1.0145952953525252	1.1815356462919715	1.0424837156274072	0.35611967304601927	1.6482516511663865	-1.3579959390523508	1.0139601655095984	1.115628820986341	1.32074775495024	-0.22332755725683556	-0.5093076903688336	-0.8396265018985499	1.9815053407070349	-1.0524887098166738	-0.625265419519401	0.7658895089304756	-1.0301753617548792	1.6800884977536121	-1.5677007846583324	-1.4716044550288045	-0.6778269824521238	0.0027149982449350095	-1.0711796840211956	1.305719277075189	-0.19542271023997626	0.9881662286340033	-0.23624808435671132	3.200712002071033	0.09405725898107638	0.014533644292698898	0.6559612063200664	0.7250886403229947	-0.96841847541986	-0.6486893185291641	0.3610765080895794	0.4545751753454826	-1.3297729449312046	-0.7182602601387169	0.11345265134808503	1.2258283166355564	1.4001426620068933	0.5938998482459847	0.40063148685350514	0.3792054149270056	-0.25199037840261546	0.10020714560617147	0.20714690695664476	-0.2627599103878686	-1.1263338250648194	0.43529948034870974	-0.174996682371159	-0.7030370769731287	1.2194360284698829	-2.109316235029129	1.7953408708524747	1.889355517165281	-0.7690220225244054	-0.4101285312937557	-0.26037058032570887	0.10540458893964337	1.2832641056167178	0.5635441883925454	1.091823439212412	-0.0029754938011670186	0.1360963621139141	0.39504673326969936	-1.2039230879719591	-1.59678008409203	0.6128631004620144	0.3148287325425901	-0.1512770560360667	-0.4506163055341247	-0.883082811451857	-0.6073332037742528	-0.6940310014686041	-0.021384270506728167	0.22286028039900127	-0.22042172140735738	-0.36639933737654795	-0.8004375776774305	-0.8744963899198883	0.5514770562476544	-0.7211769406168652	-0.19080194809314555	-0.49917162295291617	-0.08103274312812596
DTXSID7022174	4.222408000122915	7.549113483303646	-11.674557045044562	-4.164017611475635	7.580140386735159	-8.938950350442635	-2.580393576502975	0.027406237157525746	7.5222424498828815	1.13536265290483	0.2232391626088549	0.21449286117014382	0.12504991740738186	-1.058934822472636	2.2515109779786457	-2.6829622371088604	-0.8453420714211054	-1.0869071853094567	-0.10649678576373035	1.1967532513873744	-2.1035369005083653	0.1862949302381427	-1.4738334500897463	1.6269091885887121	0.48562968710491355	0.28602256723691083	-0.0428026607031414	-0.9331787071423157	-0.015983904047797006	-0.2271546064530543	-0.3487872122454687	1.6505517431524277	-1.413283866816279	0.7309226033387722	-1.9538407132394213	0.23360666894896137	-1.3705701910512735	0.9777156807115184	0.012635561448355537	-0.14587496851137086	0.5174211818374951	0.6365167198155746	0.15708585173284273	-1.813596948791064	-1.2090682527789227	-1.2785845468571737	-0.4619621319553799	0.9372702692737719	-1.5043937042553548	0.047632469730007516	1.0250679414597041	-0.010655607783185255	-0.10694146176506959	-0.289611029835706	-0.5488436381111584	-0.3598227256142039	-1.4873344253125464	0.21429625327885854	0.9058042717170318	0.8675535455974951	0.780149776422632	0.4197385193895094	1.1047118864628638	1.0267856872483758	-0.706283081635545	0.7877199366412926	-1.3521964901253318	-0.09952754701653849	-0.4025020821485168	-0.34104678624368173	0.47900255462265245	-0.1880418225952223	-1.6478470576043194	-0.059824623104723564	0.2828249819940294	1.6140735139462876	1.172490569134564	-0.8678380967892196	-0.920537948707937	0.27922785284650603	-0.11278481937840205	0.44473045134610784	-1.3517046333704716	-0.07243272722754925	-0.1399701272153537	0.3481781722928362	1.0089012806578523	-0.7941107918054471	0.21478692600388125	-0.4900468577860499	-0.8143290189395088	1.2507867958287344	-0.029567645140624623	-0.09407185835780954	-0.6001671072033448	-0.24775020978744494	-0.7796741931877533	-0.31362131567908313	0.3750415714732721	0.5788996926140078
DTXSID7025895	-20.07396084701223	3.5510093179501805	13.152068789834534	0.7670517248911106	2.5965530426263004	-0.6280899463288119	-0.6312761851742688	1.6262102092166069	0.00855095445462838	0.7784905136984355	0.3077446951841256	-0.10260949615545913	0.16218314190878225	-1.1939891500608675	2.7835081383057187	-0.6789064205850075	2.4829470508069678	-0.670106593489612	1.236716057219664	-1.8202796008676718	-1.0398789572089118	1.077994764962096	-0.5847693340933333	-1.9919354707231047	-0.22984957599757816	0.14741907606206933	-0.4808004496950105	0.22790149453237152	0.9808353507042884	-0.4289531191365629	-1.5992338666557226	-0.21369474742154776	0.5314629330923822	-1.5873626939229402	0.40925126190325467	0.07507063821035959	-0.4000786053740596	-0.3685127241179	0.9829236826505567	0.18337395907321022	-1.2061501987206982	1.4841265289329746	-0.11306801560768144	1.2786263477514905	-0.5986570476869716	-0.34077928004451935	0.053163856474874156	-0.49775997210065615	0.6746214752265107	-1.1254120390951683	0.4293765577223281	-1.1041678269200583	-1.319892593997874	0.13160498391409875	-0.7367412102978649	-0.03948109318219844	-0.1627162108617087	0.7213175750951023	0.558716475963781	0.35081348571028587	0.30970741934976637	0.15921990360253	-0.1499808993566498	-0.11462793888032584	-0.4909722246450422	-0.19065425131308816	-0.1742016050689232	0.012998033467781363	0.5876548617886999	-0.06951837816146254	1.015202662961424	-0.22967577847793363	0.5971454288644	-0.5643979878757203	0.06499311922636336	0.2024394874726545	0.6982003667149869	-0.34934580982960545	0.23484114555620075	0.2960365750615787	0.9881375802190467	0.2604432914967634	0.4074613046273378	-0.01487941728626813	-0.704408557842951	-0.21552935395481107	-0.40813858943546544	-0.6652060709221207	-1.3878319764175877	-0.13257627769951405	-0.06305841444625351	-0.2774041503313455	0.33249533855705554	-0.5221344482599344	-0.7363415005367447	0.35519834318673327	-0.30315941718360795	0.337967136570913	0.052247430293184176	-0.15907107000646803
DTXSID7027461	-18.609156845160793	-0.20398845406315944	-10.842675725526991	6.10468577719657	-2.5398504309107635	1.135677925189815	-4.408264791063449	0.8079252580297256	-1.646328509520332	-2.216205032856394	1.9882278153093194	2.7611460832131174	0.4132003256611961	1.2039165188373497	-1.6263591497627448	0.4659628935760132	-1.0154146849166281	-1.9555292596674603	0.25331610812484373	0.25258202225266013	-1.7785854925417321	-0.7925215560686298	0.2785902359304035	-0.20834701967197794	-0.37062048096283434	0.4471614799450309	3.4857824300620246	0.605330971540115	0.5333906338670101	1.3248149210690412	-0.8646578379473415	0.4926236319713558	-1.378225124616961	1.9943654603285697	1.4553697391003138	0.14286826143376435	-0.4320796448382327	0.21136543789852383	0.7828107938997572	-0.7218437406910146	1.1582846528171962	1.057590599367473	0.7169140873703883	1.0933491415588725	-0.5883341514751568	-1.0773771818144307	0.16874505165132553	1.0954815874074535	0.7969086191197808	-1.3888026253596206	-0.17192512165466345	0.26860085243479354	-0.7737844905618202	-0.5389898239061907	-1.1879897288779502	-0.4687472906619792	0.09375577502229294	0.7589559610379706	-0.020209193080873888	-0.5359402295259688	0.8372331147674985	-1.1684958184621235	-0.7734810476000964	0.3476735507756671	0.28263421854636395	0.24810908204904522	0.4369057215953991	0.2825500439334407	1.0115484798405352	0.7507786290824017	-0.2872546250829223	0.9658456541661886	-0.5535178700086607	0.18176921816811176	-0.5710883068169905	-0.5098836745291175	-0.41041826320757807	0.07071605549687383	0.35863069343417164	0.15812117494016759	-0.28783598580860564	-0.27100557144934617	0.10139518503891917	-0.6823305125270723	0.2773711302317684	1.717286253106042	0.08803388925969464	0.6550846352157074	0.8740678716286411	-0.15187401787005647	0.49251979588333383	0.9710409269597141	-0.044549897765549545	0.5422009071944733	0.11694385828277266	1.5230387771080804	-0.5741218164969365	-0.283568730172817	-0.9433081895999004	-1.004694232940073
DTXSID7029320	4.595370174088283	-12.486287957343869	-6.3346626978621146	-15.207304236192705	-3.496425848447842	3.080905616499951	2.331547087639751	-0.06357334729967642	0.2412829799349264	1.880583500806381	-2.7782692522497077	-1.5892103884022393	3.326442321978073	-1.4436429732254585	2.5399186210837565	0.7408458137388141	-0.2217344707452562	-0.08778903585684299	0.591894593901467	-1.736394564109132	0.6182228728964284	-1.3984035184863561	1.9068241619112383	-0.8421086353693914	-1.3422984731180616	0.523252474354489	-2.284168359812899	-1.7136395339359345	1.0822216679665222	0.020355191823375206	1.3237455180675957	1.2845357284934829	0.3679055856333286	-1.3344099137854268	-0.13067609201107422	0.32932556892213344	0.9185365496187766	-0.26168119705404214	0.4805146063875661	-0.07824967866287627	-0.05675723244531073	-0.6074213753993056	0.7445448656054972	0.3858728830585902	0.9331802873732266	0.22188802062627347	-1.1121516946076504	-0.2890829917844119	-0.9870053007493073	-1.2726819602503245	-0.856705287210869	0.044569269048567665	-0.5733134445753533	-0.7669479014519199	0.2923956057506856	0.9879325048513348	-0.742444406553771	0.9398468938755425	-1.6800737295655588	0.23121954367017478	0.8490934431600534	-0.6915447793699024	1.2176895393356595	-0.4281444301208536	-0.633031096163974	1.256709844622705	-0.05394045491376541	0.32887483075570173	0.6894962364886706	-0.7737215500480772	-0.1589342701261559	0.31585876338516217	-1.0359772592128869	0.27825812494476976	0.6278643589930353	-0.26377490326007774	-0.8314356509747486	-0.7004849905971413	-0.8001508117932697	-0.3056740863772305	0.10055286368453269	-0.7268029454838818	0.6080515664856998	0.7477091836134725	-0.45981803999769866	0.4484028554072323	0.3293659952415461	-0.3637991343443137	-0.31539122554913046	-0.6931695878813973	0.03314005505544903	-0.2443010494179293	-0.4645886162757963	0.1576758785774909	-0.019106279030764936	0.6054081009843619	1.1659109730868757	0.534377522132558	0.01658686868062042	0.7396424889073625
DTXSID7032555	19.506587157413136	6.623418066839008	2.4295714242409443	-2.3697838501336035	-1.2144380613686874	1.3597444881010423	-4.552347259131617	4.5031888355036065	-1.8758338300400141	-2.3529593520475856	-0.8859046109335008	1.8269594835958896	0.9995653188130756	-1.6307698535402095	-2.5223971539116	0.5889508542292853	-0.32776902418013887	2.3078259650773383	-1.8192971908394546	1.4627853718761867	-0.036237667812327706	-1.687588768559702	-1.8331485114234058	-0.8183538497896858	0.7043269589384786	0.9253246550478786	-1.7343536855945731	1.113348324892488	-0.5567578523420572	0.10692248755212112	-0.9205024206392541	0.41677010599763653	-0.9701832861940747	0.4591113735759361	0.7303383613579557	-0.9408949124614603	-1.0842927667574105	-0.8863013606894796	-0.35935195975228446	-0.4091706897471631	-0.2790770167809019	-0.07710011746586065	-1.293567756128061	0.49532764607206176	0.09839385527129245	-0.2986668264572149	1.7485758800303615	0.3970610767194557	-1.2720931781508547	0.2241920831678587	1.7421864862512522	1.442058876857981	-1.0641803734199529	0.8994453369803769	1.8487504673715558	-1.2502460953041874	0.4231834876450372	1.8770675643450845	-0.7863533580150099	-0.6092892237005667	-1.2397025549219491	0.16129199955057769	0.3158555575110262	-1.7937536510530687	-0.6675054288307493	0.12240602032338148	-0.6191000244574716	0.06328355225199171	0.13305089983855733	-0.5571221176311061	0.16325920986609566	-0.16523650389335146	0.08387187794174783	-0.9701107145421145	-0.025653875133611104	-0.4903872730597243	0.6074486053237388	-0.17125744500540047	-0.8372043804776295	0.8545688842564855	0.4229189720640383	0.28743982112638283	-0.6878467750117241	0.225702779219375	0.3787776516625976	0.42335747582694144	0.15234985709253457	0.5857690764936525	0.4194413646154812	0.7656779548800379	-0.45618893798306753	0.0830493129364932	-0.008769886207947135	0.502155408857574	-0.27576240261320206	0.22712519755347985	0.04295830383186097	0.7757064003144557	-0.9136453587920755	-0.2430459200917177
DTXSID7040362	5.53518049666564	15.980181208627577	-5.502934522553531	2.9841075428040704	6.272728899318283	-6.3955418207924986	0.0644654964176301	-2.949426188206134	2.867123273578002	4.3050790650858275	-0.9701431916012055	-3.6715917758279435	0.9474859725390544	0.8473021756913501	0.12903116054015493	-4.382244568110285	-2.374267763281447	0.29264559562574854	-0.15536757314919475	0.148431386032516	0.6837131513038766	2.161377868662539	-1.6172600393610004	0.2850442160253854	-1.0951593858378437	-1.0974469228307118	0.4163952631438001	-0.27110705275977426	-1.309774258951946	-0.01025426556450203	0.797784477730612	0.9997140701318659	0.014037000026660546	0.22374689729988692	-1.2655196119795156	-0.4868906484056153	0.31774567781302565	-0.29952196056415076	-1.0448169762134671	0.40346204166598637	0.4173648433959441	-1.1452535497797038	1.3889823717197505	-0.3542300459573914	0.05360473400113453	-0.0695659073281664	-1.734183948598292	0.681705057211699	-1.36003311985575	0.9624960760271044	-0.4890984217168219	1.2954877401761076	-0.257531245763717	-0.8253897093753882	-1.533740944820052	0.0757490412787052	-0.005394006608157314	-0.1465309087587735	-0.3342795319997191	-2.450657019155039	1.0930454498542854	0.3554261941036726	-0.9545698657952303	-1.287234904744974	0.30730603089866715	-0.6989211790681735	0.6421474751983406	-0.3540590843926971	0.5498312082425681	-0.35626478364280323	-1.395434612090149	0.21602779552713616	0.26571768485351865	1.0796559585964312	1.349977906210844	0.0769179255103744	1.4719880846189095	-0.754031838532739	0.31048254641176865	-0.2973109602239044	0.2760326797806966	0.2766518411698146	-0.5268815844865604	-1.584666553289325	0.38239575182431884	0.4210844592142937	-0.2781207448946856	0.28613451050375227	-1.3582628321634207	0.33527408091515404	0.6551987007199929	0.22879223727548215	0.22296629088060696	0.282689143131344	-0.08843896979749487	0.12183126464838726	-0.40438918718483197	-0.26455591155767416	0.014203671768105407	0.3374164137776765
DTXSID7041623	-10.336983392441088	5.984695409831771	4.964612002806807	-7.412880387492602	4.32201837680397	-6.167895810141829	6.92793451529996	5.990799219333995	0.7210377460950668	-1.5967816621971311	0.9866973661659026	1.7135638229160115	0.08284858020852043	-2.3139830842429374	-0.3943713026296793	-3.9723751070092135	1.4275284933440315	1.0675802471330715	2.422305903141374	0.9336118379386713	-2.37618040356105	2.442824231212707	2.7759729649024494	2.253192516177581	-2.2252124399468585	0.46812716368739465	1.0411204739004483	0.42161166203092765	0.8428103558330224	0.7158464859082736	0.1946639321927726	-0.03746373842673739	-3.0498148227629605	1.6938196717253886	0.3161697154084766	0.16272099487351827	0.18396861525378527	-1.3178875979717501	0.709594954668911	0.4225597137675677	-0.6020930544117511	0.02187353693624838	-1.242025050230101	2.0631925855640527	0.298649778498338	0.7944616153654602	-0.5032893974161032	0.27505896689648557	-1.0947148336322723	-0.002354489129716475	1.0782268989216601	1.3633977727021573	-1.1713516916872626	-2.323442918339674	-0.9540676406959445	0.2301850014516869	-0.31449042784033276	0.8079017364563627	-0.20422941657749338	0.2306053434870796	0.673293528990732	-0.5137094366724421	-0.38469698907278777	-0.42669686222733266	0.6259003713481818	0.931681724497192	0.841441428880771	0.11395789465899238	-0.8769612392846212	0.7062908998376453	-0.8929100940749227	-0.4876759036001772	-0.11758806405248838	-0.6967448610657463	0.002749420531433188	0.30309429469920246	-0.4476044531575474	0.8613627599731288	-0.5235972880806865	0.5487965650332682	0.7381492986431406	0.16662514994387603	0.21685682534332687	-0.12477897813154233	-0.10843240291995222	-1.1252878082870756	-0.8278324256681724	-0.5898231685876878	0.697029210138479	-1.001267566219012	-0.5668678575654047	1.3511238267831405	1.4464309179846278	-0.051749000912039406	0.9391307382390135	-0.358031580175641	0.8685322443572829	0.8863106407087701	-0.1553481627034908	1.5066601077198523
DTXSID7041544	3.13357724340293	-6.349325789714595	-1.2668512032809933	-13.382508636440061	-1.3990649806500643	2.2030056391817294	6.873295488296957	2.0879797038540624	-2.908480696856307	-0.9782002042723968	-2.458818178342437	-4.063308378064134	-2.2390745278511046	-4.270629534697079	2.2487276202088884	1.5129664595364192	0.9751242001242229	1.5710995005539936	1.2324142683010664	4.009158185016202	0.5140528970524725	0.20529321351424284	0.29011200315772884	-2.572812070164029	1.3651370128787104	0.508062849256007	1.3206749445883728	0.24628918117668733	-1.6538591857784504	1.6177020959180766	-1.3065919495241007	-0.052692035056233974	-1.5761556540308448	-1.4643781625483312	-2.7288043020100177	0.5136554489341054	-0.3582696719804609	2.8219685877845944	-1.0926821004182354	-2.235381317207333	-0.31151491403309944	-0.47929252154124175	0.2240515986757053	-0.19772270124625801	-0.8412153454210203	-0.2573801585200012	-0.4047469511024357	1.2090726369610585	0.49286449912107183	0.5378491239830436	-0.13240242442250288	-1.583438537829418	0.13533819326316743	1.2183000773391541	-1.3709447437412374	-0.046364474136406195	-0.24199286433153552	1.1260871822958993	0.6759580856197591	1.1551770428091372	0.04441752112404819	0.8065478519178622	-0.16193956210330337	0.934516535975661	-0.5873669716724551	-1.192757135027347	0.9449265872122702	0.41508884101932736	-1.5601072455999676	-0.4084513429298152	-0.3500021205254217	-0.9111904484963818	-0.6795832605232299	-0.1585285475965602	-0.5300728699437696	-0.3518109119037472	-0.6672041191624566	-1.018544351384974	1.819855308113179	1.0672140793214573	-0.5354833055565917	0.2782374365021757	-0.1985864895312978	-0.5281636853326874	0.019772527110801043	0.9737090518549086	-1.023386306224698	0.048385338799174456	0.47480774735560943	1.026334728822304	-0.7232557063632222	0.08302538907313889	-0.5552631255775881	0.5824439820685533	-0.45897653682271583	0.13099507171615826	-0.7394627787602417	0.2891637864091618	-0.5617394716169084	0.45945277535790136
DTXSID8020628	-2.047284887992114	12.537077533073042	-8.182109531067145	-0.7228637131074025	-0.05741062520632563	-2.5740779920622177	1.4527355242530573	2.3550546733579356	-2.685432967363454	0.017118283044569523	0.31386305668699893	-6.317167687579685	-0.5559507964005522	0.0759452006896752	2.6274105762919007	2.4792985281629307	2.3805309538417463	-0.015497158793632438	3.811697205515057	0.08248569410501616	-1.3476734746875587	0.3588393222148012	-0.15544401446870076	-0.07714827806741283	3.2760253035785025	2.4927507206462165	0.5501984418000282	2.107337126521463	0.18690850831743686	0.529704348835973	-0.37515226644606353	0.7209923636277957	-0.5826915175588204	-1.7898690456361854	-1.7448475342697245	-0.5811776897665809	-0.1487254070736989	1.0824955580263025	1.462945575188047	1.1007452010051413	0.41989931567151856	0.6192642720966052	-1.1817032636743847	-0.4031137397045433	0.7385190380943719	-0.8468382433464583	0.10935907912534056	-0.08934718754833981	0.8893683273521137	0.5170108689420454	2.876233785522232	1.1040255259258094	0.34395299582416	0.5462895294324995	-0.09536462994967643	-0.060106922792444326	0.8583531043054714	0.603595065390325	-1.9333211972212196	0.3725559052608464	0.9095943050556076	-0.35044345995080256	-0.6820647098144071	0.9376646783012899	-0.6245887695631239	-0.41382952798131756	0.18378885859302632	0.6035975034885553	1.2479162399511148	-0.041663919052376	-0.6643645266591983	-0.46641508594456954	0.16722699112327138	-0.40224279701269183	1.1750047852407295	-0.7648681001883242	0.7283211274933574	0.3858873379029532	-1.1108252024508376	0.49715938507626806	1.7225452934264966	-0.12169369444528239	-0.023947955218656038	0.3371467280146515	-0.17070634363387793	0.40493711099143326	-1.1878136319516277	-0.03751663468887539	1.1402511747075463	0.47598444362933007	0.05931898390095849	-0.3395794034838282	0.16926539782033098	0.538826815857586	0.9474866200091226	0.9188184371196699	0.012747976271954148	0.576433501876176	0.722340614096158	0.5894287704493573
DTXSID8020759	-13.164340035518745	-5.726654296499732	-7.037627270113347	-6.627209770813458	-3.8929062390799327	-1.7975461625999194	0.7825903422990095	3.796748781128601	-5.3454294012493255	-5.06503445725855	-3.469730196501067	-1.5348532033041558	-1.6914980865563178	-2.006154001452699	0.8312644912159216	0.9439204129378652	-0.8331730526458987	1.636772484008677	-0.5501548441895258	0.822265396980452	-0.15547268937076872	1.0866769526042344	0.48148781868398116	-0.11071725043957555	1.9250556239905863	0.2462270875563062	3.1191813134102286	0.2574389950862263	-1.0434603539053096	-0.6473257036511559	-1.9228751041936096	-0.33253243295943563	1.3706099543763355	-0.5224100361767517	0.7351976195620815	0.8829983954203376	-0.8396309143089846	0.08192533776342505	-1.540826013513503	-1.4312615109107554	-0.03204545410720786	-0.09443110116265058	0.7492556445048099	-0.8658715131709472	-0.7984885340184726	0.8780684438597409	-0.42130960641009435	0.0687307203407902	-1.4055321115737291	1.322408263521841	-0.8935031698221714	0.4097407811071038	-0.07602816324545218	0.07778381183884792	-1.4812241434933746	0.16405398217095926	0.9419507846668103	0.20972377818842658	0.2653818784490763	0.0017173888669963216	0.24945988454287807	-0.2192515960456813	0.6296193776264544	-1.579544977560922	-0.47620524776752843	-0.4191817750792405	-0.02865135951222107	0.3311509400655234	0.0706437060322568	-0.24853681805485361	0.41948279908034003	-1.505710930020744	-1.5073821073073352	-0.9347132400917951	1.324597423765488	0.14644997605818338	-0.06310588699097563	-0.05173289639045059	0.2580524430967769	1.1820107498352357	-0.29099408915671604	0.07816870160544157	-0.44147014985375177	0.5818640047591697	-0.545314119058171	0.07640230075362692	-0.028126322438498323	0.9984247864412552	0.4857353219374003	0.17366689089574644	-0.10330493989942832	-0.2678694028995529	-1.1133574524004457	0.35908419813503095	-0.015877024826986802	0.18226055323593826	0.1286038016789196	-0.00354242903675468	-0.5651672500355731	0.5738584420573316
DTXSID8022111	-8.748964790709632	12.16380909698199	-7.846958927437749	2.781317282352413	4.817021197495813	-3.0682953165131384	3.4729473772856436	-1.8569091391983314	-6.979572541662306	0.8030355558391944	1.7832060134657375	-2.183022617777067	3.7797231521795487	-0.16216394347591379	0.8207314809283376	0.6449441432075075	-2.2033840919336396	0.5540134726435803	-0.5548410403388278	-2.0854048814909154	-2.034924458452083	0.3843776564232513	1.4267478823105941	-1.3359021865009322	0.624526342031192	0.8966691067272062	0.13744853413669225	-0.9785355255609186	1.5956418823636938	0.4996589324226429	-0.06691459199877828	1.6510723126897664	0.09303452352914997	-0.21542168604195994	0.9703795311165121	0.08845966914143122	-0.19779527048182083	-0.15720041952953115	1.111596805188614	0.48962807784008266	-0.073649153202738	0.422976571180569	-1.3478519925853132	0.9281737893560498	-0.10448126397109042	-0.13632034331416334	-0.1849148151649021	-0.18682506820173728	0.40381390212949525	-0.053957073230636456	0.4380162278062408	1.1511095922301482	0.062126203838171065	-0.4987695296181045	-0.506886769766976	-1.1469564558307013	-0.1758979153376618	0.9548751451625569	0.02152940563824354	-0.48018369839167935	0.34242693072261754	-0.33553798349814096	-0.23141878317308248	-0.939384863612132	-0.14085077585512357	-0.6995236591490506	0.6342720048841873	-0.2915583324841525	-0.9958458328411988	-0.0643276973062386	-1.353403546502468	0.1952374804553617	0.4868920689965186	-0.2814826832996283	-0.022642915576746626	-0.5084863852362771	0.12603481701363972	-0.24257153175995336	1.1015422393181409	-1.456830595348929	0.4170156188405012	0.6059742090017974	-0.6929715612788807	0.3536590535154507	0.7378969257110939	-0.8191369123050142	-0.3084287185755115	-0.649121419779003	0.9709627907868306	-0.24527100038304744	-0.283985875990599	-0.6163998688865578	-0.7341325655136127	0.5180966468043198	-0.27959841686395026	-1.4292460247237984	-0.07013826039817714	-0.25877968413427044	-0.3976109404237132	0.3610170059374273
DTXSID8024109	9.662841290373436	12.553717891715447	-1.9580453355144305	-4.410804664702761	2.530151375095193	-0.2234295024087105	-0.025955062808665504	1.200771214733037	-1.690419737763314	-0.9148202005894519	-1.1426604224914154	-4.877586531985955	-0.42001386661990747	1.1936603122870104	2.8795036046013567	1.0784379690287618	1.4644578816235552	0.5481659535997979	3.332942950358574	-1.156841182593508	0.15975971514350099	0.7019870694421615	-0.22116183492440752	0.7183418213355177	3.7278349487240767	-1.1105780002300734	-2.0520674674210477	1.1426680335156498	1.4179877807136632	0.4245589051813612	-0.6833528336304452	0.7719651784106248	-0.8648850411094108	1.0551633057252867	0.5809902521310387	-1.2504168803931666	1.0707874950761356	0.5600746218852981	2.603054233396919	0.3363687833715606	1.365142617540696	1.0201302623810733	-0.4976244099316199	0.7227373134872704	0.26531049409869983	-1.7996528048052038	-0.1672906089220294	-0.2525201626480132	0.4883183821937809	1.165000013761063	0.5697324354126089	0.4608871025026995	0.42846056310515573	0.5329723069988074	-0.02186780094987345	0.4604081861407473	0.3665923603548774	0.4603952841713808	0.5762185119857286	0.40370035104459145	0.7622114945220937	-0.7934426881565707	0.6982480211629679	0.6033893444122496	-0.9191181418764157	1.1014747798491018	-1.229404501962908	-0.6956591027545821	0.6855661488491106	-0.5343861600771016	-0.5880957550471635	0.15770285068822595	-0.2007537151615482	-0.5795295690795313	0.7638500180067207	0.45792915403957185	0.6258138521264779	0.14641850367626785	-0.5627299790513617	-0.48320629638859136	-0.2959611961097835	0.3647253615166842	-1.130731786225962	-0.4937269727943989	-1.6802840184998056	0.11524556060389049	-0.14616043239958032	0.007730419683536293	0.14462533993096371	-0.2809707557155803	0.5536455639849139	-0.5433100868515883	-0.30025547874649083	-0.7032758387473371	0.7727298659965632	0.024715133078117534	-0.6602354265531957	0.9441499052077846	0.6329915558349366	1.0289698888779757
DTXSID8024315	8.81454478690732	2.0062863883369655	0.9003461033441943	-5.262133808043831	3.3503831927408747	7.23538080334364	4.8946510695957475	-6.792284355594805	0.9166033288666202	-2.0203114528030164	-4.6103735734569256	-0.5045066223267871	2.749004591182678	-1.5704735449814244	0.6767090684509013	0.9033394881251352	0.13632596038148548	-1.923410055170339	-2.1035303202813402	-2.4323759852905185	0.43699862333475475	0.6280164009019575	1.0416184420299643	-0.4423562317093239	0.4523807214690583	1.7537862868858691	-1.8490901444304353	-0.7519344428127198	1.3645408407246098	0.9876046803503652	1.073454274415199	-2.1188098450440465	-0.6093676799094045	2.8537562570708213	0.089535285892545	-0.033315718278701674	0.6756342566187216	-1.5458849048660959	-0.5730243817359872	1.5648634734343436	-0.11286616760087796	-0.31157719902697906	0.034123767596241514	-0.07615797132179135	-0.3312016712916291	1.2084384999264393	-0.8043662851895496	-0.35960544815123446	0.29020597995965575	-0.4175812459954654	0.6235440386766012	0.45861300320100357	-1.2494589408328556	-0.687979753149942	0.26898986940196457	-0.032851479014035054	-0.047153356008053364	-0.6059221545266323	0.44615979900056146	-1.2970718003246824	0.531910074588065	0.6377466496573925	-0.0778306314542395	1.0956831440886319	0.594768579839339	0.3196273426534415	-0.8605705942780859	-0.3456752067674073	0.7636061161941337	-0.5705929785800496	-0.30437764064485817	1.2094454776323942	0.05051197675710251	0.6153371861196091	0.09270534021150835	-0.2742677723701614	0.5282422035644939	-0.7877696626173922	-1.105642957617882	0.36744876707552426	-0.05814703614063514	0.2900117676537725	-2.188318180405815	-0.13163151784297927	-0.25823810893196797	1.3772620605524053	0.6009274802424793	0.4507882651149054	1.3091683739139095	-0.6879037005060689	-0.19472908753425805	-0.14331893174613577	0.5425140458982683	-0.63572245968983	-0.4081503876183713	-1.3756722552895853	-0.3577395089093007	-0.13322336911060326	-0.3589166643068628	-1.1686204984225308
DTXSID8024280	13.685224229990222	8.43522017112784	1.9698528599610965	-2.0833191035907714	8.049716238543482	6.952544127300885	3.9734660113884894	-4.353710194329389	-1.4880573275311602	-3.279150312007758	0.36423664789353183	1.252766472819387	0.9233030139463928	0.36319543565883244	0.1852655395690663	-0.1433362683214685	0.7696065785135445	2.2056195608431013	-0.8109706947107994	-0.9179406780661679	-0.08903134763123394	-0.2653783351354191	2.014451103930893	0.4691430362201618	-0.898370844930429	-2.2106032251540406	0.5933043145434771	-1.710209213717687	-0.7118686912619234	-0.631187106350742	-0.04049795930679253	-0.1707082369045117	-1.4961775555971946	1.5937866900993822	1.5987686887876822	0.6767771762927266	0.7877991631558104	-0.2455169391504394	-0.9594255453833236	1.172169868986535	0.1519079828146477	-0.3825292539810628	-0.6122751090819779	-0.24808451147001345	-0.4009070297649896	-0.17301244433750415	0.5484974784164903	0.0941688813850926	0.5550944500057448	-1.647323092788553	-0.24618881087400785	-0.6956027704886134	-0.793848141227426	-1.4220012047032737	1.0251751978898611	1.8998149606152113	0.14710758123365625	-0.3197113945152707	-0.1446153119499557	-0.20469644333278253	1.157196815652491	0.5253283004617325	-0.3005061205936273	-0.44198863282214373	-0.13124600066236855	0.7436807403007238	-0.7596516773140676	-1.5101357793973391	0.7215764073503258	0.31943633084498	0.22359548266701773	0.35179400828060503	0.18688063470622876	-0.11973240982926914	0.2041321810802293	0.7025916062083775	-0.7733646898298818	0.4516585891257418	0.06245218902743812	-0.29537489138910095	-0.010858514581214727	-0.7867190954273543	-1.2557005801393326	1.5486034042152976	0.3571890043125737	0.7129808669876585	1.219993795302508	1.1670558485707876	0.5482512848124284	-0.7645922272569501	1.0656027713966378	-1.1591195024541912	-0.7282387353371415	-0.7751056100783549	0.10993047938772353	0.3221009183370902	-0.5345507653564808	-0.5258174742340367	-0.06217399192048099	0.0039926218918042745
DTXSID8024523	13.101655321172927	-22.295693060983055	1.980943642616313	11.670904325480986	-1.1019518523529082	-3.2190785198405774	6.80555585767563	2.0854774196341035	-0.8726802466641551	0.12419180859308329	-0.36797478212128865	-0.06580483910331893	0.7340434153929324	1.1420803525386942	0.35261788720495674	-1.2809103274441234	0.15806240546455544	0.9214571618525859	-0.08989573666122434	0.7894517201100285	0.08618136899116412	-0.1308926290009833	0.5788064168574796	0.6974947512148308	-0.1935326960303686	-0.19179061972307762	-0.1513240943208946	0.6640227354971411	0.8058073608676868	0.7094864077683476	-0.7161037661113281	-0.6929595996681202	-0.40518514544539447	-0.005516701705116586	0.04004669635032809	0.9441430630085029	0.6224066377680642	0.21239171878481636	0.12978842616711278	0.023437099974663846	0.06079150714388102	-0.41487384178862197	1.1110489235225234	0.041112512771031534	-0.9609843408862668	0.22092606804110174	-1.2011243644028053	-1.2230898850306182	0.44398592553377864	1.0261929628836095	-0.5059565707060528	-1.0073402084280796	0.3442045234544666	0.2604288231348261	-0.11966586503004306	0.10025821805353195	-0.7346631358743189	0.9617167072356654	-0.11286267108968091	0.6400955889860674	0.2075900828087837	-0.3923666155662516	0.12789177854905948	0.10379098981008324	0.7925685635786693	-0.15233845926143488	0.49477096562889034	-0.13551232132992003	1.4562314639687175	0.8156106063469782	0.22959769218786963	-0.4533370202787369	1.270628841956063	-0.4585887731008537	0.2912080306894857	-0.051073755943700186	-0.5352803970699065	-0.7367032611195011	-0.6287434048815079	0.388712687567257	0.12144164946108744	0.40364638782037204	-0.07455049108019782	0.4925970857781739	-0.8161888113080085	0.25153679201334717	-0.3636480602675955	-0.2212218707609898	-0.6798283583863158	0.22657729278760114	-0.7936437915675593	-0.010300450367975835	-0.6397582602695896	-0.38860621177324167	-0.36256466572895585	-0.01417418393775554	0.8603637379848796	0.3926990922372849	-0.27334247205301937	0.12152474676643621
DTXSID8027323	-12.704361864815116	9.09986906490089	-6.854198965386919	2.860709997485917	5.320757126449083	-9.107312102900707	-1.4046547535081075	-1.7694470373283708	4.297114476289709	-1.6945605088143614	0.1038478705591063	-3.406755957356646	2.320222372273636	0.955084400965368	2.3722354124948395	-0.9581345809382308	-1.6859344500697568	-1.2950422846723173	2.0631766053276577	-0.030345562797233962	-1.353720621288557	-2.7263783492601417	-2.0045819400696026	0.5240497528635137	0.656161380327339	0.6068937646001291	1.415713570927607	-0.5236904675393205	-0.10331541674374703	1.1511990966823435	-0.3461442863602247	0.6915149820818047	0.04456196506035306	-0.3926681462938636	0.14206608863804537	-0.8756706006709561	-1.7172883358420221	1.5578809818538262	-0.8715160147460399	-0.7390168096332612	0.2539793683413471	-0.5165359623947914	0.21190790579213997	0.6376900061342756	-1.4552938370419264	0.3687185543458303	0.0755207961981831	-1.3192164953668453	0.2004959516663489	-0.12297329085412399	1.3089397278674586	1.2696759457739963	-1.049155816227057	0.03667425139126974	0.970389842857608	-0.14786687956655306	-0.05593005932972652	-0.27940589977161806	-0.3837796018252034	-0.8231877671521635	0.6176937853477192	-1.201137281562853	-0.34656813896747574	-0.3656350808747638	-1.4128371434820697	0.4435013741382823	-0.36198602972656513	0.36083097160295463	0.2297984110983889	0.15762664036128757	0.06951591793516831	0.8339377836771567	-0.1940426220687577	-0.9757049691338242	1.1162931190816245	0.24701118486409102	0.30067703112593697	-0.12125043533865293	-0.5812441430567442	-0.024400839892875923	-0.17818499647907346	0.1453899357295033	0.1055748873243809	-0.0773434708718877	-0.027616816653041266	0.6781623647914078	0.25645912758384865	0.5620717069432619	0.25293582819928684	0.23397292089045948	-1.5098735834356776	-1.0054660558544495	0.0259799803398125	0.8515882438100926	0.07159228633387836	0.10189448093482287	-0.060393730849040234	-0.46161443303473376	-0.8379651209346736	0.24028770555551093
DTXSID8032548	13.663307440024653	5.115059029570397	6.732267421616596	-4.6310309171819455	4.9503755273666785	6.805544832899848	1.8949815416935647	-3.007948302614359	2.0752503137746254	-5.6862010767288815	-0.5007858936400537	-0.470624944521628	0.7324536141034023	-1.3988770990646622	0.5113455054593136	-0.7759344453883161	1.22610365401187	-1.2754391321259342	0.2608823862315199	1.7810032442531232	-0.11404808896602206	-0.8614744375901308	1.199139433697047	0.30425628368121566	0.953060719565082	-0.1253721271798469	1.0768458332433788	-0.5814626720070024	-1.0383987711395342	0.6484868478391066	1.2220464966501678	-1.4348385655372604	-0.21689238869552743	-0.15781477755116144	-0.18329394374753483	0.6431868047923953	0.04820376907959749	-0.540610802146304	-1.8453967856435791	0.9185357066925532	-0.09926137790560591	-1.479902910194483	0.05379454906653662	-0.6573381516831588	-0.27048873138866847	-1.7294112560733583	0.5880325181075858	-0.585478930738542	-0.38536964465843443	-0.09885956026521533	1.8068446338350408	0.10240457927079055	0.7338855190715828	-1.7188385450356969	0.7716899588881697	1.339071860089301	0.9615299825612772	-1.5874689915339308	0.576277797559308	0.6939856180030368	0.8136113923907556	1.0195419536077952	0.5579022190709813	-0.8169515740176654	-0.4772659626870083	0.3520975151401884	-1.3413174140097672	0.5076614557828317	0.3209897533018077	0.40316005965736434	-0.12412026190428946	1.4812265631802806	-0.5348833479986717	1.369294907701911	1.6530441301768715	1.2709072138261144	-0.4212765254417615	0.21524127182467745	0.03984252120098566	-0.44978227401837717	-0.29924368268151946	-0.28436161346255345	-1.4539914265551102	0.3162582123676238	-1.1043714645205065	-0.6647397808060586	0.632270470555086	0.9268607823786396	0.07889948855057188	-0.5604993197511136	-0.8465738329308584	-0.04505624985542839	0.6215133507046308	-0.6562385943846465	0.5455403313839616	0.1695773718326683	1.3528637881535377	0.629389134005186	0.6367093552631423	0.2942661677858971
DTXSID8034956	10.555513584783608	14.127997197235558	-2.7081892740222164	3.0132081794776036	11.120656869415901	4.267996405059915	0.5807088868259297	-6.064740113195183	-2.9448348202871406	2.039737650816615	0.2212508614885188	-1.4211650304944703	-0.6351852431525319	1.496829073856942	1.7926386449929188	-0.8734527174673113	1.424926974920083	-0.027308934844444067	1.5996571358240963	-0.6237526436703109	0.3384788406083844	-0.5718919672688386	1.6164789541867597	1.894438270195828	1.1347251250911976	-0.01073280222332525	0.1167948411936667	0.29145558562967616	-0.4592572336215616	0.2199290962647671	1.1343370883335446	0.24885714376589796	-0.5254319665063168	-0.13032798540685891	-1.3966019595309451	-0.1951046681643065	-1.5317118490021198	-0.8861348125552356	0.6648452255265934	-0.29933308061654057	0.46476491972926537	0.39185786741620793	-0.46514151575825485	0.3459786384767208	-0.5161657603731744	2.387653864375272	1.9763979329881902	-0.35819428132152575	-0.39375122637249416	-1.148541742357373	-0.9144544636838722	0.4137501138408551	0.05793942487084151	-1.2971473354447776	0.10017140550746123	-0.5697717277860457	1.6504319800885785	-0.3588976778936771	-0.5076322386636729	-0.0269820337381666	1.0036468350773824	1.0500490068730608	-0.6941016507134642	-0.42591825106179887	-0.42620011101947836	-0.9052235548877301	0.46047136329591526	0.7170911569529194	0.6263188265619546	0.524583922278578	0.11907684198855173	-0.407519331898943	-0.34236220240209503	0.42155659629942377	1.7965388667842375	0.47430323357641024	-0.7565333058710952	0.7818858302847986	0.182916181474624	0.45025198480472056	-0.1252518204116454	1.400222949824701	-0.2787451437103773	1.1235905589516864	0.08836510865517211	0.20769024353685497	-0.2079030799368003	0.002271531665330296	-0.5073302441762515	-1.006983956866597	0.27536419963677183	0.4291741007189381	-0.4102533108272167	-1.1861763082468364	0.36894687036498997	-0.07122952620699446	-0.1445098872551517	-0.2899926510228524	0.3709170566519813	-0.7491075466402808
DTXSID8040484	18.16375461121537	-20.044021381521723	2.0875208951693685	11.62311657365943	0.589569357800521	-3.921063006252565	1.2088526238348294	1.2853232094928508	-0.7001625590316475	-0.5588568142018633	2.355364641583694	-1.7332916013091855	-0.954892732819777	-2.124408785736477	1.5822295050142452	-0.45672894485659715	-0.3761929266012719	1.2794043345974706	1.1196636506336055	-1.0502052829381445	-0.8959620927293787	-0.0818435117594744	0.3139060255736395	0.6014284201260905	0.3685885959817008	0.6113628636511346	0.400607906841959	-1.3359572162559528	-0.0931936172428243	0.08071961195666605	-0.0391310915144101	-0.6413360625534805	0.306957318589903	-0.18913120091386532	-1.4593133652104993	0.07980631106845468	0.18738867159633704	-0.3200726001736871	0.6810043443744231	0.1750227095124082	-0.4005967705002943	-0.899768392474529	-0.15117614911107707	1.0163272401457153	0.3063484120847432	0.4599403547908759	-0.5975828562592903	-0.6373172028949641	-0.37172395017272186	0.5203858581493028	0.12685206748701772	-0.39185623275189324	0.27069256889989823	0.023198277403535975	-0.4813058866016052	0.2518418323307296	-0.581252862304935	0.8563571456766852	1.2356822803195964	0.9700037362267838	0.1406269233605122	-0.31038006551358166	-0.06631119134203209	-0.5502540600293782	-0.06954697425258018	-0.6855414276147763	0.06436906802260213	0.9825666256939024	-0.6354711605275474	-0.08762748928628199	0.9206875649549882	-0.5882587297589217	0.18287068989617064	-0.14840043994210322	-1.8361574620487133	0.5927882254549037	-1.2597571275314903	-0.20243293085729253	-0.35537141210734013	0.17933034950935364	-0.1227773875875912	-0.2884227961107213	-0.23887440180581468	-0.9198839509801966	-0.3232170017743019	0.19839284746748098	-0.3317335174260898	0.1797972566670722	-0.35961117571662155	0.10273000657703105	0.15195538829152713	-0.6611402972823762	-0.9986337825873137	-0.08042887707203188	-0.9263972484238217	-0.46356189954135946	-0.22769705088504863	-0.6134956217187134	0.24837627853639033	-0.06519654953135756
DTXSID8041745	-5.813750301056512	3.751538102854587	8.23620595694654	-8.036379688300254	0.013422873681093895	3.376101054457388	5.341798375005363	1.1532304689873556	2.4939432707933764	-2.1626721997201117	-1.6404024861001056	-3.194105093171875	1.807193882553798	-0.3913890449476788	1.8154454262203368	-0.8534413275492796	0.2884240628152347	-2.6328268588747425	-1.2942599300778832	-2.6690939419238533	0.14256925311289534	0.09897606338486059	-3.3911184860106864	-1.3135383843546256	1.433949737140213	0.47263264775692326	-1.6778461870995791	-0.6545432852911689	1.1896165102247003	-0.6145003197731165	-2.254763507411527	0.8722833696499064	-0.33876693116576967	-1.7678087034043388	-1.6862023555217434	0.33203571534505344	-2.143788705736214	1.0278630436463987	0.48503258243871666	-0.9072601029574009	-0.2952379118433574	0.7563857049522529	1.4023920209804883	0.5640245686791572	0.046381013557109975	-3.2252009496964833	-1.0316731239152628	-1.261784975049566	0.5696953670573576	1.1850620672813013	1.671814204174815	-1.9998075239488275	-2.249049238875557	-0.03559536514993019	-0.09551407284439131	-2.0421897352055085	-2.32515014391186	-0.547392360606804	0.6198517303938369	0.9191872588205102	-1.258324277838867	1.9587471722663987	1.4600348353018027	0.5335955410554563	-0.25831318355720795	1.2299255164454987	-0.18270507139663936	1.8755846448767723	-1.6733705802876087	-0.84643158291383	1.696442077903021	0.5867567085653013	-1.5852301294026434	0.4087030009087976	0.04267121084710083	-1.7911313636266637	1.238156396544824	-1.3935677321229194	1.3296924273108899	0.4869060914550932	1.049679343308647	-0.20289750329808318	-1.0292967181994999	-0.6279812623704081	0.24658756886208225	1.3334727365617338	-0.7787631866175616	-0.40925624431034463	0.47685945353441617	-0.3193879708871247	-0.489938872561987	0.020086419360064497	-0.5608790350079383	0.566485437148456	-0.47126209292737076	0.6602538888726077	-0.5048976824550377	1.434109708556444	0.16249506105724418	0.9675217875440423
DTXSID9020114	3.8888845111198322	9.384075489455952	1.6859947913031175	-2.5703100982139286	0.9918601334288932	7.970642537925382	5.092472918043034	-5.245002682400056	-1.1959599829227783	-4.723284019737029	-0.174416666000382	-3.4489270494171462	-0.6908801519026687	-0.9252637410393657	3.379056721492284	-0.7523894925703997	0.4821927736871861	-0.3401896229074372	-1.7712172489653937	-2.286902257249717	-2.0382690389256135	0.6788623419280616	-1.1513261219368915	-2.631613050101861	0.11289311947185308	1.0970051137264016	-1.4207845370013805	0.03372369209653353	0.32201203176634335	-0.07688515736004982	0.2980519243075259	0.03218955702191101	-0.5925051543962384	-0.07774597510911778	-1.3815076305566594	0.07360860612635894	-1.3811580387496063	1.5571006549776505	0.12996463390214918	-0.19051670291744452	0.3415242178359837	-0.44649795963557043	0.858143805105338	0.92987482484085	-1.4788797097294901	0.03850409155888082	-1.9501055869935389	-0.27854509490076396	0.5856313811310523	0.07769907676756682	0.8972900588191551	-1.0990180862153467	-0.3548245664745166	0.19714487056782776	-0.3839721178114084	-0.9970241664134196	-1.0381590488875372	-0.4110003707839111	-0.601859060936896	-0.24093797262432273	0.21772830625976816	0.8846371500269115	-0.8390007501486724	1.8172102094883424	0.13119496192854324	-0.12871346625597582	-0.015494520918413756	-0.5094912944103445	0.5767245359675944	-1.013637781705201	0.4155896622174687	0.725124854157724	0.04038786874048136	1.1912820749497492	-0.9034506667002015	0.04186056454702712	-0.4272338058363892	0.7876235218065228	0.40133118765604175	0.290215572079039	0.46269579460810906	-0.497342420244644	-1.3286628491242136	1.1663521957075453	0.3532062241629215	-0.026433571857383736	0.624449707045378	-1.2685407256038272	-0.0452613740850027	1.1101433676704255	-0.7805170659853325	0.5678090084328759	-0.4523215540787081	1.4831760034544599	1.7695882622225605	-0.9937136751997914	-0.7926286389336814	-0.6879052225203905	0.9782268390500921	0.3420053934642441
DTXSID9020249	-0.5605246082265011	3.1729626886433038	-8.914533816598272	-4.34813826908463	-4.589598945344271	1.2179050114381627	8.06642508171063	4.558221503329851	0.5933758217897639	-4.121575474243521	0.12986943142517274	0.948486836691566	-2.6655904431338513	-0.897131065871876	1.2183485830472462	0.9682594232045424	-1.6522883682706002	2.909746508136624	1.2760954956640997	3.179811868213789	1.1088966575886303	0.5000881740614371	0.531099661957638	-1.2740532414831442	1.2834142396229007	0.14492071775687182	1.4777458176523495	0.5125540791536939	-0.2059487094457403	2.152009402226647	-0.21744049836182125	0.5280655779853908	-0.18636564976755207	-0.5505520917656052	0.026452041910375427	1.7351236586056609	-0.7431866144405437	1.066157143022468	1.1152811800210252	0.3741243654053424	0.9944572188812352	1.2645956938563976	-0.2630206221601675	0.11758952532032621	-0.1502112468851025	-0.6332092520155644	-0.6800505248244648	0.5547998254920792	-0.58621125083828	0.13523077820036897	0.9132902134487475	0.23031718273914314	0.028418174352472625	1.593845941189198	0.917142387350148	-0.3062271537903452	1.2657900119549277	0.060325010270084564	0.21273813611028553	0.16022022757895035	0.2912817816062357	0.32310090164638156	1.2723038879771824	-0.7408722448197982	0.006273748167231909	-0.556646155066922	-0.01396591786160804	-0.7586965667468927	2.6311904116916507	-0.1371433258444326	0.2532469501164258	0.6992502669327183	-0.05579243952870414	0.008059692578702985	0.47384473522808196	0.45968624135324604	-0.24289236993728341	-1.2943499901693067	0.6898906183246979	0.42777407880698115	0.42608063040207295	-0.6652965251712113	-0.05385146890119363	0.17450547167602565	-1.2065649814294896	0.5268889794046923	0.3058052135095047	-0.6889073312815632	-1.2783897812744494	-1.0435944449347494	-0.5424448744732778	-0.05745353018417272	-0.17079882424646534	0.8741207601904036	-1.0881004693979635	1.1778704011639074	0.023996273673483275	-0.3164475834816421	-0.4803678005391023	0.17070341473075687
DTXSID9020247	-9.445456814153346	6.697328686497942	-2.390659519879643	-3.6433662468667585	-4.87363696788093	-4.3327971912397345	5.403843551651776	6.505704189417338	-0.058050897232681496	-2.39191975109192	-0.37282206227480963	2.7811568610348525	2.7572291912917795	-0.006891540425903954	0.8197841047436802	-1.188905354528549	-1.622721454506879	-0.3070916726313026	2.906930279578241	-0.25367100945824267	1.3499754156408135	-0.37477404654994106	-0.0754732491839361	0.32130167614434657	3.7369478403555245	-0.5231032051579588	1.6593468206195439	2.486142077123901	-1.9013788357224275	2.116815580671302	0.503363674945338	1.0896975949969412	-1.075799298526893	2.585186627815011	0.574084057910636	0.11280650091107058	0.7145483288844052	-0.41037185797700165	-0.5123281507732099	-1.1872339745249505	-0.31925333396170746	1.4340773019059165	-1.003850793743591	0.06283918793197212	0.6067439104823468	-0.07907967838455547	0.9145527704851225	0.6694330201620706	0.3053908037097316	-1.1674459044187415	1.260974340753404	0.9141863222790358	1.512414584537617	-0.7336338473225547	-0.46309415589429737	-0.5015420837904615	0.8709861700083594	1.197510278399642	0.3309189273679875	1.6823021584048952	1.0557807562867705	0.3426624506072324	-0.03452443054567637	1.0536847066013744	-0.15357662827034513	-0.29846498321386605	0.02948930451481677	0.34682733548740485	0.3301532395706075	0.616552208312887	0.09868600612627598	0.34363161529915076	-0.6478627589098227	1.0859290785340832	0.718634659170128	-1.369696465749393	-0.14246852404335647	0.5784011581821916	0.5697381276134893	0.28086217859697565	0.19046740294945616	0.6188569389106772	-0.4678002608945345	0.3379169044002421	0.3550210834120649	-0.8008226878854163	0.9233071698844355	0.5601180130796458	-0.28389699164583354	-0.953459276113914	-0.10068313918017693	-0.4258262633756181	0.6211336220587679	-0.8916490290087368	1.6816391458905904	-0.21678870015514262	-0.0676530263250876	-0.18535791791528697	-0.4324528422141917	-0.6924310828373
DTXSID9026926	-10.63746742491939	-18.558530672051454	-1.7165810600993712	-10.967807679122512	4.745284680730542	3.442268363071403	-1.6714174572116998	-3.331527997830639	-2.1095136211482606	6.355124710171076	-5.2130733492403	-1.2381263621538194	2.2770644473427213	0.9545225273346536	-1.8318547191359755	-2.112404501477428	-1.1403302414189482	0.292732110413471	-0.11374057949267166	-1.4331882911882423	1.0806536795050905	0.5914339612842917	-2.1345397898943217	-0.8978361645793651	0.8774144847994279	0.2702236077461347	-0.5197380070620641	-1.0376490667090867	-0.3074613969062495	0.679554728114369	0.7882031637014616	-0.32857040006513977	0.9666546344874758	0.20602920019727927	0.20379884459032757	-1.8556366529099564	-0.4459795010240064	-0.740202994370867	0.6106655577839999	1.0032428810945897	-0.32387366503549636	1.5188905422245207	0.0006496172709323105	-0.8110692030775101	-0.4436294637709261	1.4887504017767446	0.641600018885003	-0.43493079861270467	-0.4195606713322831	-1.0812150652968746	1.4697696919080077	0.39807258135962215	-0.8733289841746573	0.5635194124305206	0.8045935951765933	-0.030967686080339032	-0.7294120415309494	0.7946696758559191	0.6401570043982501	-0.3835575485831532	-0.1884507132881322	0.16543539039576907	0.33725977961914505	1.051369625557916	-0.3386493189555749	2.1802106028457056	0.9612984802477833	0.5596663756946291	-0.8306615815080934	0.9404826165536488	0.057325638516021384	0.4310909084408641	-0.6327367003121545	-0.12765584345621783	0.6652108198331736	-1.111560302983119	0.3012291661982109	0.6454995480876056	0.22674506922424095	0.43031574235826503	-1.81251790992271	-0.6042809083962571	0.2946372035723906	0.3971831028015323	-0.5731497424590652	-0.05350081246141172	-0.29647964343445216	-0.33556133971389995	0.2582970471059097	-0.24820233518264354	0.7431382006531991	0.05246157748949762	0.182388481372724	0.18646350138240705	0.05251642197934445	-0.019854199353772632	-0.04446797666621463	-0.6273160620973548	-0.7436363839714196	0.1852901601416045
DTXSID9032113	12.530690049988522	7.675238582868547	0.1856455757123536	-1.390608310672548	-1.008423413501099	4.708009280003607	4.389913813227052	-2.8066494706253255	-0.5017477454969566	-4.451857893065721	-3.329861404531241	-1.3410068265240125	-2.890907419420923	0.029446333562010315	0.43341524627419625	-0.17737308572878047	1.151500260849075	1.6163907923572236	0.04550039029785082	0.938831671402393	-0.15591986374025826	-1.598703947224794	2.6978765026556326	-0.8519108486030033	-0.646698546945631	0.8054782396446271	-0.574967625949744	-0.7169567860596137	1.1214876747989926	1.3710488664547311	1.5464668530123706	-1.083579103817731	-2.1205635255171766	-0.42029877210608696	-0.07580756728508797	-0.002005152879943687	0.6367849332687033	-1.1937649471256782	0.40761875715769313	2.4202941993417215	0.3793094389178444	-0.07543973367597201	0.3623053151361911	-0.5987434442599343	-1.7231142223901634	0.7581137689245501	0.43074518643490306	0.18785266865608252	0.18722375776069328	-0.4035694944710041	1.3879329484211567	0.6842112499383259	-1.6746862055516956	-1.3467139095839806	1.31202630989615	2.0503710219836457	-0.2070205580531813	-2.1247232910672436	0.21507270668468337	-0.43976707009867494	0.43364277077753877	1.451617695078857	0.3551652215416531	0.022555982759606196	-0.12234118431250626	-0.6563038129573555	-1.2950060436261213	0.779988277987497	-0.06913229824383532	-0.1925466690613575	-0.22142539723726445	1.028855824877935	-0.5038142390075718	1.5327941456438647	0.7861988189445973	-0.122541398267583	0.23550410113967152	-0.8876935180098458	0.3095235094580442	0.1715946695597854	0.2727781895030357	-0.7316346034882583	-0.8860433218863787	0.32557858924916433	-1.9744698300492587	0.2887757922879881	0.8759549141010766	0.9789343626578748	-0.34839237643961596	-0.29160781462335605	-0.6136523247082127	0.1864788910896897	0.4465861174584438	-0.8264601516924681	-0.42566284180478964	0.7638428131942898	0.12959006671797121	-0.3107830125648923	-0.5113846775758895	1.772523553738549
DTXSID9032327	2.102302889603819	2.938895501946348	-11.619763967643351	-4.520252812098151	-6.031837409641362	2.81338446607222	5.354803396260415	2.9009198245087586	1.278591053740809	0.12528445643225114	2.3582507081083413	0.5340632563321392	-4.554677206134779	-0.7622756705650953	1.2613317780743645	-1.039646044041047	-0.16901323491846063	1.120042113810367	3.1811672450693766	1.1130200380711106	2.6991033665736897	0.6814889290049566	0.4930095044200814	-1.3017158356128664	2.108510460882714	-1.1999916371366706	2.1446890801531024	-0.7291931907189757	-2.1011373970161893	1.9162494154511607	-0.10632469483697818	-0.38109148036861323	-0.1664245961468106	-0.4517933432514286	-1.149590375571939	2.1078269015289823	-2.3235896002626584	1.7075946664867472	0.4844586525060393	-0.36127870835191095	0.8723959467856528	1.7695948243640516	0.5608537249713433	-0.915314818716207	0.9620845851248354	0.3074721527272133	-0.5425587255493822	1.4484550289606337	-0.4098885862689729	0.20542636760791286	1.373606106951128	1.2069372747780573	-0.4273750527270127	-0.9795257090333113	0.8876231695214359	0.5438003690105546	0.5354346681518378	0.07903898926022544	1.9147300135509944	0.02743324265967398	0.8514734119326597	-1.5185831815405435	1.194246913358324	-0.2323906111330763	0.8650924505800622	1.0690968698299694	0.19031585813128224	-0.8999649348543167	-0.5364514339700334	0.6800895461266816	0.25104530226531513	0.4078119913220565	0.6384537253145899	0.6963246953479318	0.28091972136274934	1.6604001799823316	-0.9434310588423787	-1.3125782780152864	-0.3000142363192416	1.799900204067063	1.122113785035899	-0.7541406972120703	-0.9813471278958168	-0.38048672065818806	0.990727198818483	0.3265531126549426	0.21185371205654682	0.5127675080066303	-1.5008774988704987	0.28121451067655173	-1.4779004834622076	0.05795728134496988	1.0521905649802543	0.43154140410810266	-0.8758209874261395	2.403033620031796	-0.42392209752773036	-1.0214092353929394	-0.38060084113704434	-0.5119574188510564
DTXSID9033923	9.65087423965776	11.867517559485917	-2.2991590106258855	-1.2084090078128265	4.356782258998766	-1.1748837319129042	3.894829953407528	-0.3956607568808218	-4.128418648027309	-2.862552733867978	-1.890782884840282	-0.34421274794763723	2.044637607488673	-0.09859054216806729	0.5315805873815732	-0.9897454628996998	0.05840345455288711	1.4598588751234516	-1.9392512770031136	0.13319245518784745	0.3178202608366322	-0.1914922921910968	0.47154778841129424	-2.2138763196712157	0.23655957037776876	0.9440681324218956	-1.714104318561188	0.33986392535209037	-1.65108210534264	-0.940948898323595	-0.14514250463922881	-0.6176164456501271	1.5369065111620128	0.4629604282277209	-1.32550539325982	-0.7801837434472031	-0.8592131611915299	0.6945398103402096	0.1397872900512353	0.4875895017068374	1.7134161834947819	-0.9124896613749238	0.2768849140110295	0.17031249483289432	-0.5303975255217563	-0.969812052124433	-1.4311850330806333	-0.44315932894657023	0.9888712482452048	-0.9491183630162281	0.2236373931937531	0.17870001545810438	-0.9510398531164154	0.40913125415363166	-0.4340639738139926	0.003498270511926321	1.035022751256469	-1.2598155858286342	-0.27168433098371236	0.7047893476535776	0.15542203000474655	-0.5449315239063298	-0.9199527030014506	-0.2017498847066977	-0.43417250484481995	0.2607056210692783	0.5219040374519379	0.4122002363517269	0.22617663210688535	0.3019781874414427	-0.09414622149643798	0.13485579275217394	-0.5616993263209489	-1.3061485547876464	0.4545453482745027	-1.2649234205760251	1.229661374113531	0.3278842693985024	0.47261725066592086	0.24105916242794712	-0.15558607322320941	0.38012595378397224	1.0330842266767015	0.7618001873405496	-0.2700919881207606	1.3519286350364241	-0.18600560687973916	0.21216755798595122	1.3244420495590203	1.4431676797793156	-0.9278298594815106	0.8750216649442533	-0.35461654362518946	0.417313090333144	-0.645113422809008	-0.5849115873456094	0.6198893969168173	0.17703276606200505	-0.10766824546042353	-0.4862713206845361
DTXSID9036515	16.85123414577494	-21.356599267447802	4.585140516345339	11.992609444994994	0.3385357851665686	-4.139609532872302	4.19897583866193	2.611748010535514	-1.8947834453377752	1.286371527422838	3.106239662380515	-0.9547184607388911	1.006782363038226	-0.9783648219252864	0.45118971786383416	-0.2591643405979356	-0.027028898471630137	-0.0973155839029667	-1.3345434889276575	0.39228509418453833	-0.1031242151055157	-0.5727743010572037	-0.20571648312683155	-0.2662396574747652	0.30684243461830296	0.7845219163796098	0.8022358651407877	0.7931527858369823	-0.312605256073201	1.3080556336581899	-0.4799168264326575	-0.43992001273896025	-0.1412403606189996	1.6986208608188478	-0.11954213827628823	0.5489277946990728	0.4129523355934651	-0.12120672682644877	-0.1942361234150724	0.23195599223449517	-0.4071679578698055	-0.8791337411119878	-0.3717955262467884	0.8296549872937149	0.5376768543964985	0.46070770098269875	1.2867363412203945	-1.5828541219197128	-0.20323531202583323	0.03703613937497909	0.7187366396491742	-1.0145838870026183	-0.3534046008322813	0.03025236950626126	-0.028231258356326838	-0.06783013938882519	0.10806278928513711	0.45051356519851316	-0.3064952704224962	-0.341997846456838	-0.8323955967943049	0.016520890711203752	-1.2659812476786647	-0.553265182423115	-0.9170866770900129	-0.6376635817840041	0.7986466590178124	0.5162142478891478	-0.33534979105142443	-0.017045834371151522	0.7729114856341819	-0.6550083241610515	-0.3700298990051729	-0.13245919607148599	-0.32913700740811597	-0.08148613055503935	-0.013515180541940059	-0.5773760399956038	0.5399165872977636	-0.4359628654345929	0.2995737813571068	-0.06191077165352523	0.3925108611038479	0.8528898810824865	0.7715763968649774	0.17663489873159052	-0.5933132471624293	0.8590871772369292	-0.5452648119804775	-0.08947218329239068	0.21645342278224658	-0.28271673102168476	0.6793850839823882	-0.07062991398878657	0.1296095995872276	-0.5113625105102505	0.2169808628771522	-0.5354780124226542	0.28945467338366637	-0.5497628706158675
