compound	predicted	actual
DTXSID0020076	0	0
DTXSID0020103	0	0
DTXSID0020072	0	0
DTXSID0020020	0	0
DTXSID0020022	1	0
DTXSID0020074	0	0
DTXSID0020024	1	0
DTXSID0020070	1	0
DTXSID0020236	1	0
DTXSID0020238	1	0
DTXSID0020107	0	0
DTXSID0020280	0	0
DTXSID0020151	1	0
DTXSID0020311	0	0
DTXSID0020153	0	0
DTXSID0020155	0	0
DTXSID0020157	0	0
DTXSID0020365	1	0
DTXSID0020361	0	0
DTXSID0020315	0	0
DTXSID0020319	1	1
DTXSID0020494	0	0
DTXSID0020284	0	0
DTXSID0020367	0	0
DTXSID0020448	0	0
DTXSID0020369	1	0
DTXSID0020498	0	0
DTXSID0020446	1	0
DTXSID0020523	1	0
DTXSID0020529	0	0
DTXSID0020527	1	0
DTXSID0020573	1	1
DTXSID0020604	0	0
DTXSID0020606	0	0
DTXSID0020575	0	0
DTXSID0020577	0	0
DTXSID0020652	0	0
DTXSID0020737	0	0
DTXSID0020810	1	0
DTXSID0020656	0	0
DTXSID0020654	1	0
DTXSID0020789	0	0
DTXSID0020814	1	1
DTXSID0020818	1	0
DTXSID0020862	1	0
DTXSID0020868	0	0
DTXSID0020941	0	0
DTXSID0021123	1	0
DTXSID0021040	0	0
DTXSID0021094	0	0
DTXSID0020943	0	0
DTXSID0021096	0	0
DTXSID0021121	1	0
DTXSID0021179	0	0
DTXSID0021206	1	0
DTXSID0021127	1	0
DTXSID0021129	0	0
DTXSID0021254	0	0
DTXSID0021256	1	0
DTXSID0021381	0	0
DTXSID0021383	0	0
DTXSID0021337	1	0
DTXSID0021258	1	0
DTXSID0021331	0	0
DTXSID0021333	0	0
DTXSID0021389	0	0
DTXSID0021339	0	0
DTXSID0021418	1	0
DTXSID0021545	1	0
DTXSID0021547	1	0
DTXSID0021597	1	0
DTXSID0021410	1	0
DTXSID0021414	0	0
DTXSID0021672	0	0
DTXSID0021462	1	0
DTXSID0021464	1	1
DTXSID0021709	0	0
DTXSID0021751	1	0
DTXSID0021543	1	0
DTXSID0021599	0	0
DTXSID0021620	0	0
DTXSID0021626	1	1
DTXSID0021757	1	0
DTXSID0021759	1	0
DTXSID0021888	1	0
DTXSID0021915	0	0
DTXSID0021886	1	0
DTXSID0021832	0	0
DTXSID0021834	0	0
DTXSID0021917	1	0
DTXSID0021961	0	0
DTXSID0022305	1	0
DTXSID0022193	0	0
DTXSID0022010	1	0
DTXSID0022301	1	0
DTXSID0022014	0	0
DTXSID0022016	0	0
DTXSID0022018	0	0
DTXSID0022062	1	0
DTXSID0022191	0	0
DTXSID0022644	0	0
DTXSID0022060	0	0
DTXSID0022432	1	0
DTXSID0022569	1	0
DTXSID0022640	1	0
DTXSID0022519	1	0
DTXSID0022563	1	0
DTXSID0022935	1	0
DTXSID0023036	0	0
DTXSID0022690	1	0
DTXSID0022692	0	0
DTXSID0022721	0	0
DTXSID0022725	1	0
DTXSID0022858	1	0
DTXSID0022727	1	1
DTXSID0022933	1	0
DTXSID0023030	1	0
DTXSID0022777	1	0
DTXSID0022800	1	0
DTXSID0022808	1	0
DTXSID0023038	1	0
DTXSID0023084	1	0
DTXSID0023088	1	0
DTXSID0023163	1	0
DTXSID0023169	1	0
DTXSID0023240	0	0
DTXSID0023298	0	0
DTXSID0023323	0	0
DTXSID0023325	1	0
DTXSID0023329	0	0
DTXSID0023244	1	0
DTXSID0023292	0	0
DTXSID0023294	1	0
DTXSID0023296	1	0
DTXSID0023371	1	0
DTXSID0023589	0	0
DTXSID0023612	1	0
DTXSID0023373	1	0
DTXSID0023743	1	0
DTXSID0023377	0	0
DTXSID0023745	1	0
DTXSID0023616	1	0
DTXSID0023618	1	0
DTXSID0023458	1	0
DTXSID0023533	1	0
DTXSID0023660	0	0
DTXSID0023581	0	0
DTXSID0023747	0	0
DTXSID0023749	0	0
DTXSID0023826	1	0
DTXSID0023870	0	0
DTXSID0023878	1	0
DTXSID0023907	1	1
DTXSID0023909	1	1
DTXSID0023951	0	0
DTXSID0024000	1	0
DTXSID0024266	0	0
DTXSID0024002	1	0
DTXSID0024183	1	0
DTXSID0024185	1	0
DTXSID0024345	1	0
DTXSID0024507	1	0
DTXSID0024399	1	0
DTXSID0024395	1	0
DTXSID0024474	0	0
DTXSID0024478	1	0
DTXSID0024501	1	0
DTXSID0024503	1	0
DTXSID0024505	0	0
DTXSID0024397	1	0
DTXSID0024509	1	0
DTXSID0024553	0	0
DTXSID0024555	0	0
DTXSID0024559	1	0
DTXSID0024638	0	0
DTXSID0024715	1	0
DTXSID0024923	0	0
DTXSID0025361	0	0
DTXSID0025363	1	0
DTXSID0025440	0	0
DTXSID0025286	1	0
DTXSID0025315	0	0
DTXSID0025070	0	0
DTXSID0025076	1	1
DTXSID0025492	0	0
DTXSID0024890	1	0
DTXSID0025494	0	0
DTXSID0024921	0	0
DTXSID0025733	0	0
DTXSID0025737	0	0
DTXSID0025577	0	0
DTXSID0025527	0	0
DTXSID0025789	1	0
DTXSID0025600	1	0
DTXSID0025816	0	0
DTXSID0025604	1	0
DTXSID0025654	1	0
DTXSID0025818	1	0
DTXSID0025862	0	0
DTXSID0026040	0	0
DTXSID0026044	1	0
DTXSID0025864	0	0
DTXSID0025866	1	0
DTXSID0026125	0	0
DTXSID0026098	1	0
DTXSID0025997	1	1
DTXSID0026173	0	0
DTXSID0026175	1	0
DTXSID0026202	1	0
DTXSID0026204	1	0
DTXSID0026880	0	0
DTXSID0026252	1	0
DTXSID0026258	1	0
DTXSID0026339	0	0
DTXSID0026882	1	0
DTXSID0026701	0	0
DTXSID0026915	1	0
DTXSID0026830	1	0
DTXSID0026888	1	0
DTXSID0026418	1	0
DTXSID0026547	1	0
DTXSID0026838	1	0
DTXSID0026549	0	0
DTXSID0026676	1	0
DTXSID0027014	1	0
DTXSID0027066	0	0
DTXSID0026913	1	0
DTXSID0027191	1	0
DTXSID0027195	0	0
DTXSID0026961	0	0
DTXSID0027143	1	0
DTXSID0026967	1	0
DTXSID0027197	1	0
DTXSID0027222	1	0
DTXSID0027149	0	0
DTXSID0027438	1	0
DTXSID0027432	0	0
DTXSID0027486	0	0
DTXSID0027561	0	0
DTXSID0027515	1	0
DTXSID0027270	1	0
DTXSID0027301	0	0
DTXSID0027228	0	0
DTXSID0027565	0	0
DTXSID0027436	0	0
DTXSID0027567	1	0
DTXSID0027513	0	0
DTXSID0027309	1	0
DTXSID0027640	0	0
DTXSID0027771	0	0
DTXSID0027721	1	0
DTXSID0027773	0	1
DTXSID0028030	0	0
DTXSID0027802	0	0
DTXSID0027804	0	0
DTXSID0027806	0	0
DTXSID0028038	0	0
DTXSID0029210	0	0
DTXSID0029218	0	0
DTXSID0029187	0	0
DTXSID0029189	1	0
DTXSID0029688	0	0
DTXSID0030162	0	0
DTXSID0029559	1	0
DTXSID0032029	1	0
DTXSID0032077	0	0
DTXSID0032520	1	0
DTXSID0032572	1	0
DTXSID0032578	1	0
DTXSID0032651	1	0
DTXSID0032811	1	0
DTXSID0032813	1	0
DTXSID0032869	0	0
DTXSID0032998	0	0
DTXSID0033047	0	0
DTXSID0033334	1	0
DTXSID0033382	1	1
DTXSID0033754	1	0
DTXSID0033469	1	0
DTXSID0033960	1	0
DTXSID0034223	1	0
DTXSID0034192	0	1
DTXSID0033673	1	0
DTXSID0034300	1	0
DTXSID0034518	1	0
DTXSID0034227	0	0
DTXSID0034695	1	0
DTXSID0034803	0	0
DTXSID0034936	1	0
DTXSID0035160	1	0
DTXSID0034855	1	0
DTXSID0035748	0	0
DTXSID0034930	0	0
DTXSID0034722	0	0
DTXSID0036508	0	0
DTXSID0037023	1	0
DTXSID0037522	1	0
DTXSID0037570	1	0
DTXSID0037576	1	0
DTXSID0038700	0	0
DTXSID0037734	0	0
DTXSID0038881	1	0
DTXSID0039223	0	0
DTXSID0038756	0	0
DTXSID0039227	1	0
DTXSID0038831	0	0
DTXSID0040676	1	0
DTXSID0039229	1	0
DTXSID0040127	0	0
DTXSID0040547	0	0
DTXSID0040599	1	0
DTXSID0040622	1	0
DTXSID0040129	0	0
DTXSID0040701	0	0
DTXSID0040707	0	0
DTXSID0037493	0	0
DTXSID0037231	1	0
DTXSID0040703	0	0
DTXSID0040705	1	0
DTXSID0040208	1	0
DTXSID0040672	1	0
DTXSID0037237	1	0
DTXSID0040464	1	0
DTXSID0040751	1	0
DTXSID0040674	1	0
DTXSID0040757	1	0
DTXSID0040965	0	1
DTXSID0041357	1	0
DTXSID0041141	1	0
DTXSID0041224	1	0
DTXSID0041197	1	0
DTXSID0041270	1	0
DTXSID0041436	1	0
DTXSID0041484	1	0
DTXSID0041850	1	0
DTXSID0041519	1	0
DTXSID0041852	1	0
DTXSID0041981	0	0
DTXSID0041983	1	0
DTXSID0041985	1	0
DTXSID0041987	1	0
DTXSID0041567	1	0
DTXSID0042086	0	0
DTXSID0041646	1	0
DTXSID0042117	1	0
DTXSID0042038	1	0
DTXSID0042167	0	0
DTXSID0041692	0	0
DTXSID0041698	0	0
DTXSID0042080	1	0
DTXSID0042242	0	0
DTXSID0042169	0	0
DTXSID0042084	1	0
DTXSID0042248	1	0
DTXSID0042325	1	0
DTXSID0042400	0	0
DTXSID0042379	1	0
DTXSID0042406	0	0
DTXSID0042454	1	0
DTXSID0044024	1	0
DTXSID0044107	1	0
DTXSID0042583	0	0
DTXSID0042612	1	0
DTXSID0042614	1	0
DTXSID0042618	0	0
DTXSID0044288	1	0
DTXSID0044361	1	0
DTXSID0044313	1	0
DTXSID0044315	1	0
DTXSID0043763	1	0
DTXSID0044280	1	0
DTXSID0043765	1	0
DTXSID0043892	1	0
DTXSID0042668	0	0
DTXSID0043761	1	0
DTXSID0044363	1	0
DTXSID0044365	0	0
DTXSID0044367	0	0
DTXSID0044446	0	0
DTXSID0044490	1	0
DTXSID0044494	0	0
DTXSID0044369	0	0
DTXSID0044448	1	0
DTXSID0044498	0	0
DTXSID0044521	1	0
DTXSID0044523	0	0
DTXSID0044600	1	0
DTXSID0044604	1	0
DTXSID0044525	0	1
DTXSID0044573	0	0
DTXSID0044654	0	0
DTXSID0044656	0	0
DTXSID0044575	0	0
DTXSID0044527	1	0
DTXSID0044658	1	0
DTXSID0044606	1	0
DTXSID0044577	0	0
DTXSID0044650	0	0
DTXSID0044860	0	0
DTXSID0044862	0	0
DTXSID0044812	1	0
DTXSID0044816	0	0
DTXSID0044818	1	0
DTXSID0044733	0	0
DTXSID0044735	1	0
DTXSID0044868	0	0
DTXSID0044785	1	0
DTXSID0044787	1	0
DTXSID0044941	0	0
DTXSID0044737	1	0
DTXSID0044810	1	0
DTXSID0044949	1	0
DTXSID0044945	0	0
DTXSID0044993	0	0
DTXSID0044947	0	0
DTXSID0044995	1	0
DTXSID0044999	0	0
DTXSID0045090	0	0
DTXSID0045094	1	0
DTXSID0045096	1	0
DTXSID0045125	0	0
DTXSID0045127	0	0
DTXSID0045171	0	0
DTXSID0045173	1	0
DTXSID0045175	0	0
DTXSID0045179	1	0
DTXSID0045202	1	0
DTXSID0045383	1	0
DTXSID0045204	1	0
DTXSID0045208	1	0
DTXSID0045389	0	0
DTXSID0045385	0	0
DTXSID0045410	1	0
DTXSID0045254	0	0
DTXSID0045414	1	0
DTXSID0045416	1	0
DTXSID0045460	1	0
DTXSID0045462	1	0
DTXSID0045670	0	0
DTXSID0045674	1	0
DTXSID0045466	1	0
DTXSID0045678	1	0
DTXSID0045751	1	0
DTXSID0045753	0	0
DTXSID0045755	1	0
DTXSID0045757	1	0
DTXSID0045759	0	0
DTXSID0045830	1	0
DTXSID0045832	0	0
DTXSID0045836	0	0
DTXSID0045701	1	0
DTXSID0045703	1	0
DTXSID0045705	1	0
DTXSID0045707	1	0
DTXSID0045709	0	0
DTXSID0045880	0	0
DTXSID0045886	1	0
DTXSID0045888	0	0
DTXSID0045963	0	0
DTXSID0045965	1	0
DTXSID0045967	1	0
DTXSID0045595	0	0
DTXSID0045468	1	0
DTXSID0046012	0	0
DTXSID0045543	1	0
DTXSID0046016	1	0
DTXSID0046060	0	0
DTXSID0045547	1	0
DTXSID0045597	0	0
DTXSID0045599	1	0
DTXSID0045624	0	0
DTXSID0045591	1	0
DTXSID0045626	0	0
DTXSID0046062	1	0
DTXSID0046064	1	0
DTXSID0046143	1	0
DTXSID0046145	0	0
DTXSID0046191	0	0
DTXSID0046147	0	0
DTXSID0046193	0	0
DTXSID0046195	0	0
DTXSID0046197	1	0
DTXSID0046199	0	0
DTXSID0046220	1	0
DTXSID0046222	0	0
DTXSID0046224	0	0
DTXSID0046226	1	0
DTXSID0046270	1	0
DTXSID0046272	1	0
DTXSID0046309	1	0
DTXSID0046351	0	0
DTXSID0046353	1	0
DTXSID0046357	1	0
DTXSID0046430	0	0
DTXSID0046432	1	0
DTXSID0046434	1	0
DTXSID0046438	0	0
DTXSID0046274	1	0
DTXSID0046484	1	0
DTXSID0046276	1	0
DTXSID0046486	1	0
DTXSID0046305	1	0
DTXSID0046307	0	1
DTXSID0046488	1	0
DTXSID0046511	1	0
DTXSID0046561	0	0
DTXSID0046569	0	0
DTXSID0046567	1	0
DTXSID0046642	0	0
DTXSID0046646	0	0
DTXSID0046648	1	0
DTXSID0046644	1	0
DTXSID0046480	1	1
DTXSID0046482	1	0
DTXSID0046513	0	0
DTXSID0046640	1	0
DTXSID0046517	1	0
DTXSID0046696	1	0
DTXSID0046856	1	0
DTXSID0046858	1	0
DTXSID0047032	0	0
DTXSID0047034	1	0
DTXSID0046692	1	0
DTXSID0046694	1	0
DTXSID0046698	1	0
DTXSID0046989	1	0
DTXSID0046727	1	0
DTXSID0046729	1	0
DTXSID0046850	1	0
DTXSID0046852	1	0
DTXSID0046773	1	0
DTXSID0046777	1	0
DTXSID0046779	1	0
DTXSID0046800	1	0
DTXSID0046804	1	0
DTXSID0046806	0	1
DTXSID0046808	0	0
DTXSID0046690	0	0
DTXSID0046563	1	0
DTXSID0046565	1	0
DTXSID0046721	1	0
DTXSID0047030	1	0
DTXSID0047036	0	0
DTXSID0046723	0	0
DTXSID0047113	1	0
DTXSID0047161	0	0
DTXSID0047163	1	0
DTXSID0047080	1	0
DTXSID0047086	1	0
DTXSID0047082	0	0
DTXSID0047115	1	0
DTXSID0047088	1	0
DTXSID0047117	0	0
DTXSID0047084	0	0
DTXSID0047111	0	0
DTXSID0047167	1	0
DTXSID0047169	1	0
DTXSID0047244	1	0
DTXSID0047290	1	0
DTXSID0047248	1	0
DTXSID0047294	1	0
DTXSID0047375	1	0
DTXSID0047325	0	1
DTXSID0047371	1	0
DTXSID0047327	1	0
DTXSID0047404	1	0
DTXSID0047406	1	0
DTXSID0047408	1	0
DTXSID0047377	0	1
DTXSID0047535	0	0
DTXSID0047537	0	0
DTXSID0047539	1	0
DTXSID0047454	0	0
DTXSID0047533	0	0
DTXSID0047581	1	0
DTXSID0047585	1	0
DTXSID0047587	1	0
DTXSID0047662	0	0
DTXSID0047797	1	0
DTXSID0047799	0	0
DTXSID0047820	1	0
DTXSID0047741	1	0
DTXSID0047822	0	0
DTXSID0047828	1	0
DTXSID0047589	1	0
DTXSID0047610	1	0
DTXSID0047870	0	0
DTXSID0047872	0	0
DTXSID0047614	1	0
DTXSID0047953	1	1
DTXSID0047905	1	0
DTXSID0047955	1	0
DTXSID0047907	1	0
DTXSID0048181	1	0
DTXSID0047909	1	0
DTXSID0047878	0	0
DTXSID0047901	1	0
DTXSID0047903	1	0
DTXSID0048185	1	0
DTXSID0047951	1	0
DTXSID0048187	1	0
DTXSID0048210	0	0
DTXSID0048349	1	0
DTXSID0048505	1	1
DTXSID0048509	1	0
DTXSID0048632	0	0
DTXSID0048634	1	0
DTXSID0048636	0	0
DTXSID0048638	1	0
DTXSID0048715	1	0
DTXSID0048682	1	0
DTXSID0048769	1	0
DTXSID0048840	1	0
DTXSID0048842	0	1
DTXSID0048711	1	0
DTXSID0048713	1	0
DTXSID0048717	1	0
DTXSID0048680	1	0
DTXSID0048507	0	0
DTXSID0048844	1	0
DTXSID0048686	1	0
DTXSID0048719	1	0
DTXSID0048761	1	0
DTXSID0048763	0	0
DTXSID0048846	1	0
DTXSID0048688	1	0
DTXSID0048765	1	0
DTXSID0048767	1	0
DTXSID0049076	1	0
DTXSID0048898	1	0
DTXSID0049022	1	0
DTXSID0049024	0	0
DTXSID0049078	1	0
DTXSID0048929	1	0
DTXSID0048975	0	0
DTXSID0049070	1	0
DTXSID0048977	1	0
DTXSID0048979	0	0
DTXSID0048921	0	0
DTXSID0048923	1	0
DTXSID0048896	1	0
DTXSID0048890	0	0
DTXSID0048925	1	0
DTXSID0048927	0	0
DTXSID0048971	1	0
DTXSID0048973	0	1
DTXSID0049072	0	0
DTXSID0049074	1	0
DTXSID0048892	0	0
DTXSID0049288	1	0
DTXSID0049311	1	0
DTXSID0049313	0	0
DTXSID0049234	1	0
DTXSID0049284	1	0
DTXSID0049286	1	0
DTXSID0049236	0	0
DTXSID0049317	0	0
DTXSID0049315	0	0
DTXSID0049319	1	0
DTXSID0049361	0	0
DTXSID0049363	1	0
DTXSID0049367	0	0
DTXSID0049369	0	0
DTXSID0050425	0	0
DTXSID0049238	1	0
DTXSID0049280	0	0
DTXSID0049232	1	0
DTXSID1020140	0	0
DTXSID1020063	0	0
DTXSID1020148	0	0
DTXSID1020194	1	0
DTXSID1020198	0	0
DTXSID1020069	1	0
DTXSID1020015	0	0
DTXSID1020142	1	0
DTXSID1020190	1	0
DTXSID1020144	0	0
DTXSID1020146	1	0
DTXSID1020308	0	0
DTXSID1020350	0	0
DTXSID1020352	1	0
DTXSID1020279	1	0
DTXSID1020300	0	0
DTXSID1020306	0	0
DTXSID1020354	0	0
DTXSID1020358	0	0
DTXSID1020510	1	1
DTXSID1020512	0	0
DTXSID1020516	0	0
DTXSID1020437	1	0
DTXSID1020485	1	0
DTXSID1020566	0	0
DTXSID1020647	1	0
DTXSID1020483	0	0
DTXSID1020728	0	0
DTXSID1020562	0	0
DTXSID1020778	1	0
DTXSID1020803	1	0
DTXSID1020805	1	0
DTXSID1022180	1	0
DTXSID1020807	0	0
DTXSID1020855	0	0
DTXSID1020857	1	0
DTXSID1020859	1	0
DTXSID1020809	0	0
DTXSID1021039	0	0
DTXSID1020930	0	0
DTXSID1021081	1	0
DTXSID1020984	0	0
DTXSID1020980	1	0
DTXSID1020982	1	0
DTXSID1021031	1	1
DTXSID1020932	0	0
DTXSID1021089	1	0
DTXSID1021114	1	1
DTXSID1021116	0	0
DTXSID1021118	1	0
DTXSID1021162	0	0
DTXSID1021243	1	0
DTXSID1021164	0	0
DTXSID1021166	0	0
DTXSID1021168	0	0
DTXSID1021372	1	0
DTXSID1021241	0	0
DTXSID1021374	0	0
DTXSID1021328	1	0
DTXSID1021378	0	0
DTXSID1021403	0	0
DTXSID1021405	0	0
DTXSID1021409	0	1
DTXSID1021455	1	0
DTXSID1021615	1	0
DTXSID1021584	1	0
DTXSID1021617	0	0
DTXSID1021586	1	0
DTXSID1021247	1	1
DTXSID1021619	1	0
DTXSID1021291	0	0
DTXSID1021299	1	0
DTXSID1021320	1	0
DTXSID1021322	0	0
DTXSID1021827	0	0
DTXSID1021665	1	0
DTXSID1021667	1	0
DTXSID1021740	1	0
DTXSID1021873	1	0
DTXSID1021790	0	0
DTXSID1021798	0	0
DTXSID1021821	1	0
DTXSID1021823	0	0
DTXSID1021877	1	0
DTXSID1021904	1	0
DTXSID1021958	0	0
DTXSID1022001	1	0
DTXSID1022007	1	0
DTXSID1022051	1	0
DTXSID1021879	0	0
DTXSID1021902	0	0
DTXSID1021952	1	0
DTXSID1022009	1	0
DTXSID1021956	0	0
DTXSID1022055	1	0
DTXSID1022057	0	0
DTXSID1022138	1	0
DTXSID1022053	0	0
DTXSID1022421	1	0
DTXSID1022186	1	0
DTXSID1022265	0	0
DTXSID1022188	0	0
DTXSID1022217	0	0
DTXSID1022267	0	0
DTXSID1022718	1	0
DTXSID1022843	1	0
DTXSID1022760	1	0
DTXSID1022762	1	0
DTXSID1022847	1	0
DTXSID1022897	1	0
DTXSID1022764	1	0
DTXSID1022922	1	0
DTXSID1022926	0	0
DTXSID1022766	1	0
DTXSID1022768	0	0
DTXSID1022974	0	0
DTXSID1022685	1	0
DTXSID1022687	1	0
DTXSID1023021	0	0
DTXSID1022558	1	0
DTXSID1023027	0	0
DTXSID1022635	1	0
DTXSID1022681	1	0
DTXSID1023150	1	0
DTXSID1023235	1	0
DTXSID1023441	1	0
DTXSID1023495	0	0
DTXSID1023158	1	0
DTXSID1023231	1	1
DTXSID1023497	1	0
DTXSID1023526	0	0
DTXSID1023281	1	0
DTXSID1023314	0	0
DTXSID1023283	1	0
DTXSID1023316	1	0
DTXSID1023310	1	0
DTXSID1023362	1	0
DTXSID1023364	1	0
DTXSID1023368	1	0
DTXSID1023572	1	0
DTXSID1023576	1	0
DTXSID1023603	1	0
DTXSID1023605	0	0
DTXSID1023817	0	0
DTXSID1023607	1	0
DTXSID1023609	1	0
DTXSID1024045	1	0
DTXSID1023786	0	0
DTXSID1023734	1	0
DTXSID1023736	1	0
DTXSID1023815	0	0
DTXSID1023869	0	0
DTXSID1023990	1	0
DTXSID1023996	0	0
DTXSID1023998	1	0
DTXSID1024049	1	0
DTXSID1024091	0	0
DTXSID1024128	1	0
DTXSID1024176	0	0
DTXSID1024097	1	0
DTXSID1024124	1	0
DTXSID1024209	1	1
DTXSID1024259	1	0
DTXSID1024170	0	0
DTXSID1024255	1	0
DTXSID1024174	0	0
DTXSID1024334	1	0
DTXSID1024338	1	0
DTXSID1024702	0	0
DTXSID1024413	0	0
DTXSID1024463	0	0
DTXSID1024704	1	0
DTXSID1024625	0	0
DTXSID1024629	0	0
DTXSID1024621	1	0
DTXSID1024465	1	0
DTXSID1024467	0	0
DTXSID1024831	1	0
DTXSID1024835	1	0
DTXSID1024885	0	0
DTXSID1024887	1	0
DTXSID1024912	0	0
DTXSID1025065	1	1
DTXSID1024916	0	0
DTXSID1024918	1	0
DTXSID1025221	0	0
DTXSID1025017	0	1
DTXSID1025063	1	0
DTXSID1025279	0	0
DTXSID1025302	0	0
DTXSID1025271	0	0
DTXSID1025485	0	0
DTXSID1025481	1	0
DTXSID1025304	1	0
DTXSID1025306	1	0
DTXSID1025300	1	0
DTXSID1025483	1	0
DTXSID1025308	1	0
DTXSID1025724	0	0
DTXSID1025770	0	0
DTXSID1025774	1	0
DTXSID1025649	0	0
DTXSID1025776	0	0
DTXSID1025693	0	0
DTXSID1025722	0	0
DTXSID1025641	0	0
DTXSID1025726	0	0
DTXSID1025805	0	0
DTXSID1026035	0	0
DTXSID1026031	0	0
DTXSID1026033	0	0
DTXSID1025851	0	0
DTXSID1025853	1	0
DTXSID1026112	1	0
DTXSID1025807	0	0
DTXSID1025809	1	0
DTXSID1025857	1	0
DTXSID1025930	1	0
DTXSID1026164	0	0
DTXSID1026457	0	0
DTXSID1026241	0	0
DTXSID1026293	1	0
DTXSID1026118	0	0
DTXSID1026615	0	0
DTXSID1026083	0	0
DTXSID1026879	1	0
DTXSID1026902	0	1
DTXSID1026667	0	0
DTXSID1026900	0	0
DTXSID1026792	0	0
DTXSID1026619	0	0
DTXSID1026904	1	0
DTXSID1026740	1	0
DTXSID1026661	1	0
DTXSID1026665	0	0
DTXSID1026796	1	0
DTXSID1027184	0	0
DTXSID1027186	1	0
DTXSID1027188	1	0
DTXSID1026906	0	0
DTXSID1026908	1	0
DTXSID1027211	1	0
DTXSID1027471	0	0
DTXSID1027342	0	0
DTXSID1027007	1	0
DTXSID1027134	0	0
DTXSID1027219	0	0
DTXSID1027346	0	0
DTXSID1027267	0	0
DTXSID1027269	0	0
DTXSID1027504	1	0
DTXSID1027427	0	0
DTXSID1027263	1	0
DTXSID1027265	1	0
DTXSID1027425	0	0
DTXSID1027429	1	0
DTXSID1027500	1	0
DTXSID1027556	1	0
DTXSID1027550	1	0
DTXSID1027558	0	0
DTXSID1027635	0	1
DTXSID1027764	1	0
DTXSID1027714	1	1
DTXSID1027716	0	0
DTXSID1027768	1	0
DTXSID1027639	1	0
DTXSID1027920	0	0
DTXSID1027974	0	0
DTXSID1027928	1	0
DTXSID1027970	1	0
DTXSID1029122	1	0
DTXSID1029124	0	0
DTXSID1029201	1	0
DTXSID1029128	0	0
DTXSID1029203	0	0
DTXSID1029207	0	0
DTXSID1029170	1	0
DTXSID1029251	1	0
DTXSID1029338	0	0
DTXSID1029629	1	0
DTXSID1029679	0	0
DTXSID1029671	0	0
DTXSID1031462	0	0
DTXSID1031591	1	0
DTXSID1029677	1	0
DTXSID1029255	0	0
DTXSID1029910	1	0
DTXSID1030317	1	0
DTXSID1032303	1	0
DTXSID1030319	0	0
DTXSID1030604	0	0
DTXSID1031626	1	0
DTXSID1031096	0	0
DTXSID3021356	0	0
DTXSID1031460	0	0
DTXSID1032278	1	0
DTXSID1032511	0	0
DTXSID1032513	0	0
DTXSID1032359	1	0
DTXSID1032519	1	0
DTXSID1032482	1	0
DTXSID1032484	1	1
DTXSID1032488	1	0
DTXSID1032569	1	0
DTXSID1032640	1	0
DTXSID1032690	1	0
DTXSID1032646	1	0
DTXSID1032648	1	0
DTXSID1033664	0	1
DTXSID1033161	0	0
DTXSID1033163	1	0
DTXSID1033371	1	0
DTXSID1033402	1	0
DTXSID1033539	0	0
DTXSID1033876	0	0
DTXSID1034503	1	0
DTXSID1034187	1	1
DTXSID1034214	0	0
DTXSID1034181	1	0
DTXSID1034210	1	0
DTXSID1034212	0	0
DTXSID1034266	0	0
DTXSID1035286	1	0
DTXSID1035288	1	0
DTXSID1035783	0	0
DTXSID1034634	1	0
DTXSID1036541	0	1
DTXSID1034973	0	0
DTXSID1034929	0	0
DTXSID1034844	1	0
DTXSID1037197	0	0
DTXSID1037696	0	0
DTXSID1037224	1	0
DTXSID1037511	0	0
DTXSID1037272	0	0
DTXSID1037303	0	0
DTXSID1037565	1	0
DTXSID1038321	1	0
DTXSID1038824	0	0
DTXSID1038822	0	0
DTXSID1038876	1	0
DTXSID1038795	0	0
DTXSID1039719	0	0
DTXSID1038666	1	1
DTXSID1040245	0	0
DTXSID1040110	1	0
DTXSID1040295	0	0
DTXSID1040114	1	0
DTXSID1040112	1	0
DTXSID1040243	1	0
DTXSID1040326	1	0
DTXSID1040611	0	0
DTXSID1040324	0	0
DTXSID1040617	1	0
DTXSID1040794	0	0
DTXSID1040667	0	0
DTXSID1040619	0	1
DTXSID1040459	1	0
DTXSID1040742	1	0
DTXSID1041180	0	0
DTXSID1041184	1	0
DTXSID1041188	1	0
DTXSID1041217	0	0
DTXSID1041261	1	0
DTXSID1041263	0	0
DTXSID1041425	1	0
DTXSID1041265	1	0
DTXSID1041269	0	0
DTXSID1041550	1	0
DTXSID1041689	1	0
DTXSID1041847	0	0
DTXSID1041639	0	0
DTXSID1041267	1	0
DTXSID1041681	1	0
DTXSID1041396	1	0
DTXSID1041891	0	0
DTXSID1041897	1	0
DTXSID1041920	1	0
DTXSID1041970	1	0
DTXSID1041978	1	0
DTXSID1042285	0	0
DTXSID1042281	0	0
DTXSID1042360	1	0
DTXSID1042364	1	0
DTXSID1042154	1	0
DTXSID1042077	0	0
DTXSID1042441	0	0
DTXSID1042491	0	0
DTXSID1042499	1	1
DTXSID1043881	1	0
DTXSID1044227	1	0
DTXSID1042570	1	0
DTXSID1042574	0	0
DTXSID1044221	0	0
DTXSID1044437	0	0
DTXSID1044439	0	0
DTXSID1044487	0	1
DTXSID1044435	1	0
DTXSID1044352	1	0
DTXSID1044354	1	0
DTXSID1044356	0	0
DTXSID1044489	0	0
DTXSID1044485	1	0
DTXSID1044431	1	0
DTXSID1044564	0	0
DTXSID1044697	1	0
DTXSID1044645	1	0
DTXSID1044518	1	0
DTXSID1044643	0	0
DTXSID1044693	1	0
DTXSID1044720	0	0
DTXSID1044647	0	0
DTXSID1044560	0	0
DTXSID1044722	1	0
DTXSID1044772	1	0
DTXSID1044776	0	0
DTXSID1044724	0	0
DTXSID1044801	0	0
DTXSID1044805	0	0
DTXSID1044807	1	0
DTXSID1044728	1	0
DTXSID1044770	0	0
DTXSID1044809	1	0
DTXSID1045114	1	0
DTXSID1045116	1	0
DTXSID1045118	1	0
DTXSID1044980	0	0
DTXSID1045162	1	0
DTXSID1044936	1	1
DTXSID1044982	0	0
DTXSID1045164	0	0
DTXSID1044851	0	0
DTXSID1044938	0	0
DTXSID1044986	1	0
DTXSID1044857	0	0
DTXSID1045166	0	0
DTXSID1045168	1	0
DTXSID1045293	1	0
DTXSID1045081	1	1
DTXSID1045083	1	0
DTXSID1045085	1	0
DTXSID1045089	0	0
DTXSID1045110	1	0
DTXSID1045112	1	0
DTXSID1045297	0	0
DTXSID1045372	1	0
DTXSID1045320	0	0
DTXSID1045324	1	0
DTXSID1045530	1	0
DTXSID1045611	1	0
DTXSID1045534	1	0
DTXSID1045615	1	0
DTXSID1045619	1	0
DTXSID1045536	1	0
DTXSID1045661	0	1
DTXSID1045538	1	0
DTXSID1045663	0	0
DTXSID1045376	1	0
DTXSID1045407	1	0
DTXSID1045409	1	0
DTXSID1045453	1	0
DTXSID1045459	1	0
DTXSID1045326	1	0
DTXSID1045746	0	0
DTXSID1044930	0	0
DTXSID1045582	0	0
DTXSID1045584	1	0
DTXSID1045748	1	0
DTXSID1045665	1	0
DTXSID1045586	1	0
DTXSID1045790	1	0
DTXSID1044932	0	0
DTXSID1045740	0	0
DTXSID1045588	0	0
DTXSID1045792	1	0
DTXSID1045794	1	0
DTXSID1045742	1	0
DTXSID1045744	0	0
DTXSID1045796	0	0
DTXSID1045879	0	0
DTXSID1046051	1	0
DTXSID1046055	0	0
DTXSID1046003	1	0
DTXSID1046007	0	0
DTXSID1045954	0	0
DTXSID1045956	1	0
DTXSID1045798	1	0
DTXSID1046134	1	0
DTXSID1046009	0	0
DTXSID1045877	1	0
DTXSID1045950	1	0
DTXSID1046132	1	0
DTXSID1045958	1	0
DTXSID1046059	0	0
DTXSID1046130	0	0
DTXSID1045873	0	0
DTXSID1045906	1	0
DTXSID1045902	1	0
DTXSID1045904	0	0
DTXSID1045825	0	0
DTXSID1046217	1	0
DTXSID1046261	0	0
DTXSID1046136	1	0
DTXSID1046182	1	0
DTXSID1046184	0	0
DTXSID1046188	1	0
DTXSID1046138	1	0
DTXSID1046180	1	0
DTXSID1046186	0	0
DTXSID1046265	1	0
DTXSID1046392	1	0
DTXSID1046390	1	0
DTXSID1046269	0	0
DTXSID1046342	0	0
DTXSID1046213	1	0
DTXSID1046215	1	0
DTXSID1046394	0	0
DTXSID1046344	0	0
DTXSID1046346	1	0
DTXSID1046348	0	0
DTXSID1046396	1	0
DTXSID1046398	0	0
DTXSID1046502	1	0
DTXSID1046504	1	0
DTXSID1046421	0	0
DTXSID1046506	1	0
DTXSID1046423	1	0
DTXSID1046427	0	0
DTXSID1046429	1	0
DTXSID1046508	1	0
DTXSID1046477	1	0
DTXSID1046479	1	0
DTXSID1046425	0	0
DTXSID1046631	1	0
DTXSID1046552	1	1
DTXSID1046633	1	0
DTXSID1046556	1	0
DTXSID1046639	0	0
DTXSID1046475	0	0
DTXSID1046500	1	0
DTXSID1046687	1	0
DTXSID1046766	0	0
DTXSID1046768	1	0
DTXSID1046712	1	0
DTXSID1046714	1	0
DTXSID1046681	0	0
DTXSID1046841	1	0
DTXSID1046689	1	0
DTXSID1046683	1	1
DTXSID1046685	1	0
DTXSID1046716	1	0
DTXSID1046760	1	0
DTXSID1046764	0	0
DTXSID1046920	1	0
DTXSID1046845	1	0
DTXSID1047029	1	0
DTXSID1046847	1	0
DTXSID1046849	1	0
DTXSID1046974	0	0
DTXSID1047071	1	0
DTXSID1046922	1	1
DTXSID1046924	0	0
DTXSID1047075	0	0
DTXSID1046891	1	0
DTXSID1046926	1	0
DTXSID1047102	0	1
DTXSID1047281	1	0
DTXSID1047104	1	0
DTXSID1047156	0	0
DTXSID1047158	1	0
DTXSID1047106	1	0
DTXSID1047108	0	0
DTXSID1047150	0	0
DTXSID1047239	1	0
DTXSID1047283	1	0
DTXSID1047289	0	0
DTXSID1047152	1	0
DTXSID1047310	1	0
DTXSID1047362	1	0
DTXSID1047318	1	0
DTXSID1047312	1	0
DTXSID1047360	1	0
DTXSID1047287	1	0
DTXSID1047285	0	0
DTXSID1047316	1	0
DTXSID1047366	1	1
DTXSID1047368	0	0
DTXSID1047528	0	0
DTXSID1047447	1	0
DTXSID1047576	0	0
DTXSID1047491	0	0
DTXSID1047493	1	0
DTXSID1047497	0	0
DTXSID1047570	1	0
DTXSID1047578	0	0
DTXSID1047574	0	0
DTXSID1047524	0	0
DTXSID1047601	1	0
DTXSID1047603	0	0
DTXSID1047655	0	0
DTXSID1047780	1	0
DTXSID1047651	1	0
DTXSID1047788	0	0
DTXSID1047605	0	0
DTXSID1047782	1	0
DTXSID1047659	1	0
DTXSID1047811	1	0
DTXSID1047784	1	0
DTXSID1047786	1	0
DTXSID1047813	0	0
DTXSID1047817	1	0
DTXSID1047942	1	0
DTXSID1047819	1	0
DTXSID1047944	1	1
DTXSID1047869	1	0
DTXSID1047940	1	0
DTXSID1047946	1	0
DTXSID1047948	1	0
DTXSID1048170	1	0
DTXSID1048172	0	0
DTXSID1048174	1	0
DTXSID1048176	0	0
DTXSID1048178	1	0
DTXSID1048590	1	0
DTXSID1048592	1	0
DTXSID1048594	1	0
DTXSID1048596	1	0
DTXSID1048201	1	0
DTXSID1048209	1	0
DTXSID1048598	1	0
DTXSID1048623	0	0
DTXSID1048259	1	0
DTXSID1048207	0	0
DTXSID1048625	1	0
DTXSID1048627	1	0
DTXSID1048629	1	0
DTXSID1048675	0	0
DTXSID1048677	0	0
DTXSID1048679	1	0
DTXSID1048754	0	0
DTXSID1048758	1	0
DTXSID1048910	1	0
DTXSID1048831	0	0
DTXSID1048700	1	0
DTXSID1048912	1	0
DTXSID1048839	1	0
DTXSID1048881	0	0
DTXSID1048914	1	0
DTXSID1048833	0	0
DTXSID1048883	1	0
DTXSID1048885	0	0
DTXSID1048887	0	0
DTXSID1048889	0	0
DTXSID1048704	1	0
DTXSID1048706	0	0
DTXSID1048916	0	0
DTXSID1048835	1	0
DTXSID1048750	1	0
DTXSID1048752	1	0
DTXSID1048837	0	0
DTXSID1049225	1	0
DTXSID1048962	0	0
DTXSID1049067	1	0
DTXSID1049061	1	0
DTXSID1049063	1	0
DTXSID1048918	1	0
DTXSID1048960	1	0
DTXSID1049273	0	0
DTXSID1049275	1	0
DTXSID1049065	1	0
DTXSID1049069	1	0
DTXSID1049221	0	0
DTXSID1049017	0	0
DTXSID1048964	1	0
DTXSID1048966	1	0
DTXSID1048968	0	0
DTXSID1049223	0	0
DTXSID1049013	0	0
DTXSID1049227	1	0
DTXSID1049229	1	0
DTXSID1049015	1	0
DTXSID1049304	1	0
DTXSID1049354	0	0
DTXSID1049358	0	0
DTXSID1049356	1	0
DTXSID1049308	1	0
DTXSID1049279	0	0
DTXSID1049350	0	0
DTXSID1049352	1	1
DTXSID1049300	1	0
DTXSID1049302	0	0
DTXSID2020006	0	0
DTXSID2020054	1	0
DTXSID2020058	1	0
DTXSID2020131	0	0
DTXSID2020137	0	0
DTXSID2020139	1	1
DTXSID2020260	0	0
DTXSID2020210	0	0
DTXSID2020181	1	0
DTXSID2020189	1	0
DTXSID2020347	1	0
DTXSID2020349	0	0
DTXSID2020341	1	0
DTXSID2020399	1	0
DTXSID2020426	0	0
DTXSID2020391	0	0
DTXSID2020428	0	0
DTXSID2020345	1	1
DTXSID2020420	1	0
DTXSID2020424	0	0
DTXSID2020470	0	0
DTXSID2020501	1	0
DTXSID2020505	1	0
DTXSID2020507	0	0
DTXSID2020684	1	0
DTXSID2020686	1	0
DTXSID2020636	1	0
DTXSID2020713	1	0
DTXSID2020680	1	0
DTXSID2020761	1	0
DTXSID2020892	1	0
DTXSID2020894	1	0
DTXSID2020767	0	0
DTXSID2020844	1	0
DTXSID2020898	1	0
DTXSID2020846	1	0
DTXSID2020921	0	0
DTXSID2020923	0	0
DTXSID2021026	0	0
DTXSID2021028	0	0
DTXSID2020971	1	0
DTXSID2021022	1	0
DTXSID2020929	0	0
DTXSID2021070	1	0
DTXSID2020977	1	0
DTXSID2020927	1	0
DTXSID2021105	1	0
DTXSID2021232	1	0
DTXSID2021284	0	0
DTXSID2021234	1	0
DTXSID2021236	0	0
DTXSID2021282	1	0
DTXSID2021286	0	0
DTXSID2021317	0	0
DTXSID2021365	0	0
DTXSID2021367	1	0
DTXSID2021319	0	0
DTXSID2021363	0	0
DTXSID2021288	0	0
DTXSID2021496	0	0
DTXSID2021650	1	0
DTXSID2021577	1	1
DTXSID2021498	1	0
DTXSID2021442	0	0
DTXSID2021600	1	0
DTXSID2021652	1	0
DTXSID2021575	0	0
DTXSID2021654	0	0
DTXSID2021448	0	0
DTXSID2021492	0	0
DTXSID2021656	0	0
DTXSID2021658	1	0
DTXSID2021602	1	0
DTXSID2021789	0	0
DTXSID2021816	1	0
DTXSID2021604	1	0
DTXSID2021739	1	0
DTXSID2021608	1	0
DTXSID2021731	1	0
DTXSID2021735	1	0
DTXSID2021781	0	0
DTXSID2021818	1	0
DTXSID2021866	0	0
DTXSID2021868	0	0
DTXSID2021941	1	0
DTXSID2021943	1	0
DTXSID2021997	0	0
DTXSID2021993	0	0
DTXSID2021949	1	0
DTXSID2022090	0	0
DTXSID2021947	1	0
DTXSID2022096	0	0
DTXSID2022121	1	0
DTXSID2021995	0	0
DTXSID2022123	1	1
DTXSID2022254	0	0
DTXSID2022171	1	0
DTXSID2022672	1	0
DTXSID2022674	0	0
DTXSID2022593	1	0
DTXSID2022676	0	0
DTXSID2022541	1	0
DTXSID2022595	1	0
DTXSID2022543	0	0
DTXSID2022624	0	0
DTXSID2022626	0	0
DTXSID2022628	0	0
DTXSID2022549	1	0
DTXSID2022678	1	0
DTXSID2022707	1	0
DTXSID2022751	1	0
DTXSID2022753	0	0
DTXSID2022880	1	1
DTXSID2022886	1	0
DTXSID2022888	1	0
DTXSID2023149	1	0
DTXSID2023193	0	0
DTXSID2022915	0	0
DTXSID2022967	0	1
DTXSID2023016	1	1
DTXSID2023197	1	0
DTXSID2023222	1	0
DTXSID2023224	1	0
DTXSID2023270	0	0
DTXSID2023276	0	1
DTXSID2023430	0	0
DTXSID2023519	1	0
DTXSID2023434	1	0
DTXSID2023303	1	0
DTXSID2023307	1	0
DTXSID2023064	1	0
DTXSID2023436	1	0
DTXSID2023565	1	0
DTXSID2023068	1	0
DTXSID2023480	1	0
DTXSID2023488	1	0
DTXSID2023567	0	0
DTXSID2023143	0	0
DTXSID2023353	0	1
DTXSID2023145	1	0
DTXSID2023690	1	0
DTXSID2023692	0	0
DTXSID2023721	1	0
DTXSID2023723	1	0
DTXSID2023725	1	0
DTXSID2024086	1	0
DTXSID2023937	1	0
DTXSID2024030	0	0
DTXSID2023727	1	0
DTXSID2023729	1	0
DTXSID2024038	0	0
DTXSID2023771	1	0
DTXSID2023569	1	0
DTXSID2023640	0	0
DTXSID2023642	1	1
DTXSID2023644	0	1
DTXSID2024585	1	1
DTXSID2024113	0	0
DTXSID2024589	0	0
DTXSID2024163	1	0
DTXSID2024452	1	0
DTXSID2024660	0	0
DTXSID2024454	0	0
DTXSID2024458	0	1
DTXSID2024662	1	0
DTXSID2024797	1	0
DTXSID2024664	0	0
DTXSID2024666	1	0
DTXSID2024747	1	0
DTXSID2025135	0	0
DTXSID2024799	1	0
DTXSID2024822	1	0
DTXSID2024955	1	0
DTXSID2024878	0	0
DTXSID2025137	0	0
DTXSID2025139	1	1
DTXSID2024953	1	0
DTXSID2025050	1	0
DTXSID2025058	0	0
DTXSID2025133	0	0
DTXSID2025345	1	0
DTXSID2025347	0	0
DTXSID2025424	0	0
DTXSID2025183	1	0
DTXSID2025391	1	0
DTXSID2025395	0	0
DTXSID2025474	1	0
DTXSID2025185	1	0
DTXSID2025478	1	0
DTXSID2025501	0	0
DTXSID2025422	0	0
DTXSID2025680	0	0
DTXSID2025557	1	0
DTXSID2025503	0	0
DTXSID2025715	1	0
DTXSID2025688	0	0
DTXSID2025505	1	0
DTXSID2025761	0	0
DTXSID2025763	0	0
DTXSID2025551	0	0
DTXSID2025632	0	1
DTXSID2025634	0	0
DTXSID2025765	0	0
DTXSID2025842	0	1
DTXSID2025846	1	0
DTXSID2025977	0	0
DTXSID2026022	0	0
DTXSID2026238	1	0
DTXSID2026444	1	0
DTXSID2026446	0	0
DTXSID2025892	1	0
DTXSID2025896	0	0
DTXSID2025925	0	0
DTXSID2026448	1	0
DTXSID2026107	0	0
DTXSID2026151	0	0
DTXSID2026494	0	0
DTXSID2026157	1	0
DTXSID2026496	1	0
DTXSID2026606	1	0
DTXSID2026527	0	0
DTXSID2026573	1	0
DTXSID2026608	1	0
DTXSID2026781	1	0
DTXSID2026783	0	0
DTXSID2026943	1	0
DTXSID2026991	0	0
DTXSID2026997	0	0
DTXSID2026864	1	0
DTXSID2026739	0	0
DTXSID2027044	1	0
DTXSID2027096	1	0
DTXSID2027200	0	0
DTXSID2027098	0	0
DTXSID2027048	1	0
DTXSID2027204	0	0
DTXSID2027092	1	0
DTXSID2027094	0	0
DTXSID2027462	0	0
DTXSID2027466	0	0
DTXSID2027416	0	0
DTXSID2027543	1	0
DTXSID2027591	0	0
DTXSID2027418	0	0
DTXSID2027206	1	0
DTXSID2027254	1	0
DTXSID2027258	1	0
DTXSID2027333	0	0
DTXSID2027412	0	0
DTXSID2027620	0	0
DTXSID2027624	0	0
DTXSID2027595	0	0
DTXSID2027599	1	0
DTXSID2027759	0	0
DTXSID2027832	1	0
DTXSID2027884	0	0
DTXSID2027834	1	0
DTXSID2028010	0	0
DTXSID2028016	0	0
DTXSID2029240	0	0
DTXSID2029327	1	0
DTXSID2029167	0	0
DTXSID2029117	1	0
DTXSID2029290	1	0
DTXSID2029169	1	0
DTXSID2029298	0	0
DTXSID2029325	0	0
DTXSID2029242	0	0
DTXSID2029612	1	0
DTXSID2029668	1	0
DTXSID2029616	0	0
DTXSID2029662	0	0
DTXSID2029244	1	0
DTXSID2029246	0	0
DTXSID2031956	0	0
DTXSID2032005	1	1
DTXSID2032344	1	0
DTXSID2032550	1	0
DTXSID2032552	1	0
DTXSID2032392	1	0
DTXSID2032554	1	0
DTXSID2032421	1	0
DTXSID2032639	1	0
DTXSID2032683	0	0
DTXSID2032631	1	0
DTXSID2032556	0	0
DTXSID2032558	1	0
DTXSID2032398	1	1
DTXSID2033447	1	0
DTXSID2033493	1	0
DTXSID2034095	1	0
DTXSID2034382	0	0
DTXSID2034465	1	0
DTXSID2034255	0	0
DTXSID2033736	1	1
DTXSID2033863	0	0
DTXSID2034091	1	0
DTXSID2033281	1	0
DTXSID2033314	1	0
DTXSID2033445	0	0
DTXSID2034598	1	0
DTXSID2034625	0	0
DTXSID2034338	1	0
DTXSID2034540	0	0
DTXSID2034590	1	0
DTXSID2034673	1	0
DTXSID2034962	1	0
DTXSID2034627	1	0
DTXSID2034833	1	0
DTXSID2034968	0	0
DTXSID2035013	0	0
DTXSID2035481	1	0
DTXSID2036112	0	1
DTXSID2036299	1	0
DTXSID2036409	1	0
DTXSID2036588	1	0
DTXSID2036827	1	0
DTXSID2037186	1	1
DTXSID2038732	1	0
DTXSID2038788	0	0
DTXSID2040579	0	0
DTXSID2040652	0	0
DTXSID2038813	1	0
DTXSID2039336	0	0
DTXSID2040608	1	0
DTXSID2040656	0	0
DTXSID2040731	0	0
DTXSID2040361	0	0
DTXSID2040735	0	0
DTXSID2041206	1	1
DTXSID2041256	1	0
DTXSID2040945	1	0
DTXSID2041046	0	0
DTXSID2041389	0	0
DTXSID2041208	0	0
DTXSID2040739	0	0
DTXSID2040783	1	0
DTXSID2041125	0	0
DTXSID2040787	0	0
DTXSID2041418	1	0
DTXSID2041412	1	0
DTXSID2041460	0	0
DTXSID2041464	0	0
DTXSID2041416	1	0
DTXSID2041709	1	0
DTXSID2041468	1	0
DTXSID2041541	1	0
DTXSID2041626	1	0
DTXSID2041759	0	1
DTXSID2042014	0	0
DTXSID2041880	1	0
DTXSID2041884	1	0
DTXSID2041917	0	0
DTXSID2041886	1	0
DTXSID2042060	1	0
DTXSID2042062	0	0
DTXSID2041672	0	0
DTXSID2041622	1	0
DTXSID2042145	0	0
DTXSID2042143	0	0
DTXSID2042149	1	0
DTXSID2042191	0	0
DTXSID2042195	0	0
DTXSID2042436	1	0
DTXSID2043909	1	1
DTXSID2044000	1	0
DTXSID2044002	1	0
DTXSID2044131	1	0
DTXSID2044137	1	0
DTXSID2044395	0	0
DTXSID2044210	1	0
DTXSID2044214	1	0
DTXSID2044218	1	0
DTXSID2044266	1	0
DTXSID2044347	1	0
DTXSID2044268	1	0
DTXSID2044397	0	0
DTXSID2044399	0	0
DTXSID2044393	0	0
DTXSID2044424	0	0
DTXSID2044474	1	0
DTXSID2044472	1	0
DTXSID2044638	0	0
DTXSID2044470	1	0
DTXSID2044680	1	0
DTXSID2044559	1	0
DTXSID2044507	1	0
DTXSID2044553	0	0
DTXSID2044428	0	0
DTXSID2044632	0	0
DTXSID2044713	1	0
DTXSID2044684	1	0
DTXSID2044686	1	0
DTXSID2044715	0	0
DTXSID2044844	1	0
DTXSID2044840	0	0
DTXSID2044767	1	0
DTXSID2044682	0	0
DTXSID2044719	1	0
DTXSID2044763	0	0
DTXSID2044765	1	0
DTXSID2044769	1	0
DTXSID2044842	0	0
DTXSID2044892	1	0
DTXSID2044846	0	0
DTXSID2044898	1	0
DTXSID2044848	1	0
DTXSID2044921	0	0
DTXSID2044923	0	0
DTXSID2044925	1	0
DTXSID2044927	0	0
DTXSID2045151	1	1
DTXSID2044929	0	0
DTXSID2044975	0	0
DTXSID2045232	1	0
DTXSID2045157	1	0
DTXSID2045105	1	0
DTXSID2045078	0	0
DTXSID2045101	1	0
DTXSID2045072	1	0
DTXSID2044971	0	0
DTXSID2044979	0	0
DTXSID2044973	1	0
DTXSID2045103	1	0
DTXSID2045107	0	0
DTXSID2045109	1	0
DTXSID2045361	1	0
DTXSID2045365	1	0
DTXSID2045444	1	0
DTXSID2045448	1	0
DTXSID2045367	0	1
DTXSID2045442	1	0
DTXSID2045492	1	0
DTXSID2045494	0	0
DTXSID2045238	1	0
DTXSID2045280	0	0
DTXSID2045496	1	0
DTXSID2045573	1	0
DTXSID2045575	1	0
DTXSID2045315	1	0
DTXSID2045236	1	0
DTXSID2045521	1	0
DTXSID2045650	0	0
DTXSID2045652	0	0
DTXSID2045579	1	0
DTXSID2045527	1	0
DTXSID2045868	0	0
DTXSID2045523	1	0
DTXSID2045606	1	0
DTXSID2045608	1	0
DTXSID2045656	0	0
DTXSID2045600	0	0
DTXSID2045941	0	0
DTXSID2045781	1	0
DTXSID2045602	1	0
DTXSID2045654	0	0
DTXSID2045658	0	0
DTXSID2045783	0	0
DTXSID2045785	1	0
DTXSID2045787	0	0
DTXSID2045789	0	0
DTXSID2045945	1	0
DTXSID2045993	1	0
DTXSID2046042	0	0
DTXSID2046090	0	0
DTXSID2045812	1	0
DTXSID2046092	1	0
DTXSID2045814	1	0
DTXSID2045810	1	0
DTXSID2045860	0	0
DTXSID2045862	1	0
DTXSID2046094	0	0
DTXSID2045864	1	0
DTXSID2046410	0	0
DTXSID2046250	1	0
DTXSID2046252	1	0
DTXSID2046412	1	0
DTXSID2046256	0	0
DTXSID2046258	1	0
DTXSID2046383	0	0
DTXSID2046171	0	0
DTXSID2046173	1	0
DTXSID2046175	1	0
DTXSID2046418	0	0
DTXSID2046121	1	0
DTXSID2046385	1	0
DTXSID2046123	1	0
DTXSID2046127	1	0
DTXSID2046177	1	0
DTXSID2046179	1	0
DTXSID2046389	0	0
DTXSID2046200	1	0
DTXSID2046202	1	0
DTXSID2046206	1	0
DTXSID2046208	1	0
DTXSID2046460	1	0
DTXSID2046462	0	0
DTXSID2046464	0	0
DTXSID2046468	1	0
DTXSID2046541	1	1
DTXSID2046599	1	0
DTXSID2046624	1	0
DTXSID2046626	0	1
DTXSID2046543	0	0
DTXSID2046628	1	0
DTXSID2046830	1	0
DTXSID2046832	1	0
DTXSID2046834	1	0
DTXSID2046670	1	1
DTXSID2046674	1	1
DTXSID2046880	1	0
DTXSID2046882	1	0
DTXSID2046549	1	0
DTXSID2046886	1	0
DTXSID2046591	1	0
DTXSID2046593	1	1
DTXSID2046597	1	1
DTXSID2046678	0	0
DTXSID2046701	0	0
DTXSID2046705	0	1
DTXSID2046707	1	0
DTXSID2046709	0	0
DTXSID2046751	1	0
DTXSID2046755	1	0
DTXSID2047062	1	0
DTXSID2046888	1	0
DTXSID2046911	1	0
DTXSID2046913	1	0
DTXSID2047068	1	0
DTXSID2046915	0	0
DTXSID2047064	0	0
DTXSID2047270	1	0
DTXSID2046919	1	0
DTXSID2047060	0	0
DTXSID2047066	1	0
DTXSID2047145	1	0
DTXSID2047149	1	0
DTXSID2047272	1	0
DTXSID2047191	0	0
DTXSID2047193	1	0
DTXSID2047197	0	0
DTXSID2047274	1	0
DTXSID2047301	1	0
DTXSID2047303	1	0
DTXSID2047307	1	0
DTXSID2047276	1	0
DTXSID2047278	1	0
DTXSID2047305	0	0
DTXSID2047355	0	0
DTXSID2047434	1	0
DTXSID2047436	1	0
DTXSID2047353	1	1
DTXSID2047309	1	0
DTXSID2047359	1	0
DTXSID2047351	0	0
DTXSID2047519	1	0
DTXSID2047511	1	0
DTXSID2047484	1	0
DTXSID2047642	1	0
DTXSID2047565	1	0
DTXSID2047644	0	0
DTXSID2047567	1	0
DTXSID2047646	0	0
DTXSID2047648	1	0
DTXSID2047694	1	0
DTXSID2047773	1	0
DTXSID2047775	1	0
DTXSID2047777	0	0
DTXSID2047723	0	0
DTXSID2047725	1	0
DTXSID2047779	1	0
DTXSID2047802	1	0
DTXSID2047858	1	0
DTXSID2047931	1	0
DTXSID2047933	0	0
DTXSID2048167	0	0
DTXSID2047937	0	0
DTXSID2048169	1	0
DTXSID2047935	0	0
DTXSID2048161	1	0
DTXSID2047856	1	0
DTXSID2047804	1	0
DTXSID2048379	1	0
DTXSID2047850	1	0
DTXSID2047852	1	0
DTXSID2047939	1	0
DTXSID2048581	1	0
DTXSID2048583	1	0
DTXSID2048585	1	0
DTXSID2048797	1	0
DTXSID2048587	0	0
DTXSID2048589	1	0
DTXSID2048610	1	0
DTXSID2048664	1	1
DTXSID2048799	0	0
DTXSID2048745	1	0
DTXSID2048747	0	0
DTXSID2048749	1	0
DTXSID2048616	0	0
DTXSID2048791	0	0
DTXSID2048612	1	0
DTXSID2048614	1	0
DTXSID2048793	1	0
DTXSID2048668	1	0
DTXSID2048741	1	0
DTXSID2048743	1	0
DTXSID2048822	1	0
DTXSID2048660	1	0
DTXSID2048824	1	0
DTXSID2048618	1	0
DTXSID2048795	0	0
DTXSID2048662	1	0
DTXSID2048876	0	0
DTXSID2048878	0	0
DTXSID2048901	0	0
DTXSID2048903	1	0
DTXSID2048905	1	0
DTXSID2048907	0	0
DTXSID2048909	1	0
DTXSID2048826	1	0
DTXSID2048953	1	1
DTXSID2048955	1	0
DTXSID2048957	0	0
DTXSID2049006	1	0
DTXSID2049216	0	0
DTXSID2048870	0	0
DTXSID2048872	0	0
DTXSID2049050	1	0
DTXSID2048959	0	0
DTXSID2048828	0	0
DTXSID2049218	1	0
DTXSID2049008	0	0
DTXSID2049002	1	0
DTXSID2049052	1	0
DTXSID2049058	0	0
DTXSID2049135	1	0
DTXSID2049004	1	0
DTXSID2049054	1	0
DTXSID2049056	1	0
DTXSID2049260	1	0
DTXSID2049210	0	0
DTXSID2049212	0	0
DTXSID2049214	1	0
DTXSID2049264	1	0
DTXSID2049266	1	0
DTXSID2049268	0	0
DTXSID2049391	1	1
DTXSID2049393	1	0
DTXSID2049343	0	0
DTXSID2049345	1	0
DTXSID2049341	0	0
DTXSID2049347	0	0
DTXSID2049424	0	0
DTXSID2049395	0	0
DTXSID2049397	0	0
DTXSID2049399	0	0
DTXSID2049349	0	0
DTXSID2049422	0	0
DTXSID2049426	0	0
DTXSID3020093	0	0
DTXSID3020091	0	0
DTXSID3020047	0	0
DTXSID3020097	0	0
DTXSID3020099	1	0
DTXSID3020122	0	0
DTXSID3020120	1	0
DTXSID3020205	0	1
DTXSID3020207	0	0
DTXSID3020253	1	0
DTXSID3020332	0	0
DTXSID3020413	0	0
DTXSID3020384	1	0
DTXSID3020380	0	1
DTXSID3020330	1	0
DTXSID3020419	0	0
DTXSID3020415	0	0
DTXSID3020463	1	0
DTXSID3020548	0	0
DTXSID3020596	0	0
DTXSID3020598	0	0
DTXSID3020629	1	0
DTXSID3020673	1	0
DTXSID3020540	1	0
DTXSID3020704	1	0
DTXSID3020752	0	0
DTXSID3020756	0	0
DTXSID3020625	0	0
DTXSID3020546	0	0
DTXSID3020627	1	0
DTXSID3020708	0	0
DTXSID3020835	0	0
DTXSID3020833	1	0
DTXSID3020671	1	0
DTXSID3020887	0	0
DTXSID3020700	1	0
DTXSID3020706	1	0
DTXSID3020750	1	0
DTXSID3020912	1	0
DTXSID3020914	0	0
DTXSID3020916	0	0
DTXSID3020960	0	0
DTXSID3020910	0	0
DTXSID3020889	0	0
DTXSID3020918	1	0
DTXSID3020962	0	0
DTXSID3020964	0	0
DTXSID3020966	0	0
DTXSID3021144	1	0
DTXSID3021065	0	0
DTXSID3021069	0	1
DTXSID3021192	1	0
DTXSID3021148	0	0
DTXSID3021140	0	0
DTXSID3021190	0	0
DTXSID3021277	1	0
DTXSID3021304	0	0
DTXSID3021198	0	0
DTXSID3021221	1	0
DTXSID3021431	1	0
DTXSID3021223	1	0
DTXSID3021275	0	0
DTXSID3021358	0	0
DTXSID3021437	1	0
DTXSID3021483	1	0
DTXSID3021516	1	0
DTXSID3021518	0	0
DTXSID3021562	0	0
DTXSID3021485	0	0
DTXSID3021643	1	0
DTXSID3021487	1	0
DTXSID3021641	1	0
DTXSID3021645	1	0
DTXSID3021801	0	0
DTXSID3021647	1	0
DTXSID3021851	1	0
DTXSID3021803	1	0
DTXSID3021853	0	0
DTXSID3021930	1	0
DTXSID3021778	1	0
DTXSID3021772	0	0
DTXSID3021805	0	0
DTXSID3021807	0	0
DTXSID3021774	0	0
DTXSID3021986	0	0
DTXSID3022035	1	0
DTXSID3021936	0	0
DTXSID3021932	1	0
DTXSID3021938	0	0
DTXSID3021982	1	0
DTXSID3021984	0	0
DTXSID3021980	1	0
DTXSID3022089	0	0
DTXSID3022247	1	0
DTXSID3022326	1	0
DTXSID3022320	0	1
DTXSID3022370	0	0
DTXSID3022401	0	0
DTXSID3022409	0	1
DTXSID3022582	1	0
DTXSID3022584	1	0
DTXSID3022455	0	0
DTXSID3022586	0	0
DTXSID3022667	1	0
DTXSID3022742	1	1
DTXSID3022617	1	0
DTXSID3022904	1	0
DTXSID3022748	0	0
DTXSID3022796	1	0
DTXSID3022588	1	0
DTXSID3022663	1	0
DTXSID3022611	0	0
DTXSID3022825	1	0
DTXSID3022906	1	0
DTXSID3022877	0	0
DTXSID3022902	1	0
DTXSID3022829	1	0
DTXSID3022821	1	0
DTXSID3022871	1	0
DTXSID3022873	1	0
DTXSID3022875	1	0
DTXSID3022950	0	0
DTXSID3022956	0	0
DTXSID3023051	1	0
DTXSID3023057	0	0
DTXSID3023219	0	0
DTXSID3023261	0	0
DTXSID3023188	1	0
DTXSID3023132	1	0
DTXSID3023001	0	1
DTXSID3023005	1	1
DTXSID3023427	0	0
DTXSID3023471	0	0
DTXSID3023508	1	0
DTXSID3023479	1	0
DTXSID3023502	1	0
DTXSID3023550	1	0
DTXSID3023552	1	0
DTXSID3023554	1	0
DTXSID3023556	1	0
DTXSID3023265	1	0
DTXSID3023269	0	0
DTXSID3023340	1	0
DTXSID3023342	0	0
DTXSID3023398	0	0
DTXSID3023425	1	0
DTXSID3023718	0	0
DTXSID3023712	1	0
DTXSID3023764	1	1
DTXSID3023845	0	0
DTXSID3023681	1	0
DTXSID3023685	1	0
DTXSID3023899	1	0
DTXSID3024108	1	0
DTXSID3024154	1	0
DTXSID3024152	1	0
DTXSID3023974	0	0
DTXSID3024077	0	0
DTXSID3024100	0	0
DTXSID3024104	1	1
DTXSID3024102	0	0
DTXSID3024287	1	0
DTXSID3024316	1	0
DTXSID3024235	1	0
DTXSID3024318	1	0
DTXSID3024449	0	0
DTXSID3024366	1	0
DTXSID3024491	0	0
DTXSID3024362	0	0
DTXSID3024289	1	0
DTXSID3024368	1	0
DTXSID3024441	0	0
DTXSID3024447	1	0
DTXSID3024522	1	0
DTXSID3024736	1	0
DTXSID3024738	1	0
DTXSID3024869	1	0
DTXSID3024574	1	0
DTXSID3024603	0	0
DTXSID3024657	1	0
DTXSID3024659	0	0
DTXSID3024940	0	0
DTXSID3024944	0	0
DTXSID3024942	0	0
DTXSID3025178	1	0
DTXSID3024998	0	0
DTXSID3025041	1	0
DTXSID3025203	1	0
DTXSID3025091	1	0
DTXSID3025209	1	0
DTXSID3025093	1	0
DTXSID3025332	0	0
DTXSID3025338	0	0
DTXSID3025330	1	0
DTXSID3025122	1	0
DTXSID3025047	1	0
DTXSID3025461	1	0
DTXSID3025049	1	0
DTXSID3025257	1	1
DTXSID3025045	0	0
DTXSID3025253	1	0
DTXSID3025590	1	0
DTXSID3025629	0	0
DTXSID3025671	1	0
DTXSID3025706	1	0
DTXSID3025540	1	1
DTXSID3025758	1	0
DTXSID3025542	1	0
DTXSID3025469	1	0
DTXSID3025548	1	0
DTXSID3026223	0	0
DTXSID3026275	0	0
DTXSID3025889	0	0
DTXSID3026304	0	0
DTXSID3026306	0	0
DTXSID3026065	1	0
DTXSID3026067	1	0
DTXSID3025881	0	0
DTXSID3026562	0	0
DTXSID3026566	0	0
DTXSID3026564	0	0
DTXSID3026641	0	0
DTXSID3026308	0	0
DTXSID3026512	0	0
DTXSID3026726	1	0
DTXSID3026645	0	0
DTXSID3027039	0	0
DTXSID3026691	0	0
DTXSID3026724	0	0
DTXSID3026728	1	0
DTXSID3027037	0	0
DTXSID3026851	0	0
DTXSID3026932	0	0
DTXSID3026984	0	0
DTXSID3026697	0	0
DTXSID3027085	0	0
DTXSID3027116	0	0
DTXSID3027291	0	0
DTXSID3027293	1	0
DTXSID3027295	0	0
DTXSID3027320	0	0
DTXSID3027297	0	0
DTXSID3027247	1	0
DTXSID3027249	0	0
DTXSID3027405	0	0
DTXSID3027530	0	0
DTXSID3027407	0	0
DTXSID3027536	0	0
DTXSID3027328	0	0
DTXSID3027534	0	0
DTXSID3027403	0	1
DTXSID3027580	0	0
DTXSID3027370	0	0
DTXSID3027401	0	0
DTXSID3027584	1	0
DTXSID3027617	0	0
DTXSID3027792	0	0
DTXSID3027586	0	0
DTXSID3027588	1	0
DTXSID3027615	0	0
DTXSID3027798	1	0
DTXSID3027823	0	0
DTXSID3027829	1	0
DTXSID3029237	0	0
DTXSID3029108	0	0
DTXSID3027950	0	0
DTXSID3029281	0	0
DTXSID3029283	0	0
DTXSID3029150	1	0
DTXSID3029152	0	0
DTXSID3029310	1	0
DTXSID3029287	0	0
DTXSID3029289	0	0
DTXSID3028005	0	0
DTXSID3029655	1	0
DTXSID3029158	0	0
DTXSID3029651	0	0
DTXSID3029362	1	0
DTXSID3029231	1	0
DTXSID3029572	1	0
DTXSID3029653	0	0
DTXSID3029235	0	0
DTXSID3029607	0	0
DTXSID3029869	1	0
DTXSID3030056	1	0
DTXSID3029364	0	0
DTXSID3031492	1	0
DTXSID3030189	0	0
DTXSID3031521	0	0
DTXSID3031860	1	0
DTXSID3032416	1	0
DTXSID3030636	1	1
DTXSID3032464	1	0
DTXSID3030428	1	0
DTXSID3031444	0	0
DTXSID3032337	1	0
DTXSID3032129	1	0
DTXSID3032389	1	0
DTXSID3031862	1	0
DTXSID3031864	1	0
DTXSID3032549	1	1
DTXSID3032624	0	0
DTXSID3032751	1	1
DTXSID3032832	0	0
DTXSID3033276	1	0
DTXSID3032620	1	0
DTXSID3032628	1	0
DTXSID3033307	1	0
DTXSID3033511	0	0
DTXSID3033519	1	0
DTXSID3034165	1	0
DTXSID3033983	0	0
DTXSID3034402	0	0
DTXSID3034531	1	0
DTXSID3034456	0	0
DTXSID3034583	0	0
DTXSID3034614	1	0
DTXSID3034113	0	1
DTXSID3034612	1	0
DTXSID3034664	1	0
DTXSID3036105	0	0
DTXSID3034903	0	0
DTXSID3034872	1	0
DTXSID3034957	0	0
DTXSID3035214	1	0
DTXSID3035266	1	0
DTXSID3036286	0	0
DTXSID3036288	1	0
DTXSID3036496	0	1
DTXSID3047477	0	1
DTXSID3036999	1	0
DTXSID3037709	1	0
DTXSID3037250	1	0
DTXSID3037545	0	0
DTXSID3037707	1	0
DTXSID3037672	1	0
DTXSID3037208	1	0
DTXSID3037757	1	0
DTXSID3038696	1	0
DTXSID3038725	0	0
DTXSID3038939	1	1
DTXSID3038800	1	0
DTXSID3038808	0	0
DTXSID3040271	0	0
DTXSID3038852	1	0
DTXSID3039242	0	0
DTXSID3040643	0	0
DTXSID3040728	0	0
DTXSID3040693	0	0
DTXSID3041376	0	0
DTXSID3041328	1	0
DTXSID3041247	0	0
DTXSID3041370	1	0
DTXSID3041372	1	0
DTXSID3040980	1	0
DTXSID3041085	1	0
DTXSID3040722	1	0
DTXSID3040724	1	0
DTXSID3040726	1	0
DTXSID3041409	0	0
DTXSID3041580	0	0
DTXSID3041451	0	0
DTXSID3041405	0	0
DTXSID3041530	0	0
DTXSID3041611	0	0
DTXSID3041873	1	0
DTXSID3041877	0	0
DTXSID3041827	1	0
DTXSID3041663	0	0
DTXSID3041665	1	0
DTXSID3041790	1	0
DTXSID3041794	1	0
DTXSID3041615	1	0
DTXSID3041617	1	0
DTXSID3041619	1	0
DTXSID3041954	1	0
DTXSID3042051	1	0
DTXSID3042053	1	0
DTXSID3042059	1	0
DTXSID3042130	0	0
DTXSID3042180	1	0
DTXSID3042188	0	0
DTXSID3042390	0	0
DTXSID3042219	0	0
DTXSID3042261	1	0
DTXSID3042394	0	0
DTXSID3042215	1	0
DTXSID3042423	1	0
DTXSID3044332	0	0
DTXSID3044124	1	0
DTXSID3044334	1	0
DTXSID3044203	1	0
DTXSID3042477	1	0
DTXSID3042633	1	0
DTXSID3042681	0	0
DTXSID3042500	0	1
DTXSID3043734	0	0
DTXSID3043782	1	0
DTXSID3044201	0	0
DTXSID3044205	1	0
DTXSID3044411	0	0
DTXSID3044380	0	0
DTXSID3044382	0	0
DTXSID3044542	1	0
DTXSID3044463	0	0
DTXSID3044627	0	0
DTXSID3044544	1	0
DTXSID3044465	0	0
DTXSID3044629	0	0
DTXSID3044388	1	0
DTXSID3044679	0	0
DTXSID3044469	0	0
DTXSID3044598	1	0
DTXSID3044621	0	0
DTXSID3044702	0	0
DTXSID3044623	1	0
DTXSID3044883	0	0
DTXSID3044625	1	0
DTXSID3044750	0	0
DTXSID3044887	1	0
DTXSID3044835	1	0
DTXSID3044758	1	0
DTXSID3044831	0	0
DTXSID3044833	0	0
DTXSID3044910	1	0
DTXSID3044752	0	0
DTXSID3044960	1	0
DTXSID3044837	1	0
DTXSID3044839	0	0
DTXSID3044881	0	0
DTXSID3044962	0	0
DTXSID3045140	1	0
DTXSID3044916	0	0
DTXSID3044754	1	0
DTXSID3044918	1	0
DTXSID3044756	1	0
DTXSID3044966	0	0
DTXSID3045196	1	0
DTXSID3045229	0	0
DTXSID3045271	1	0
DTXSID3045198	1	0
DTXSID3045221	1	0
DTXSID3045300	0	0
DTXSID3045144	1	0
DTXSID3045190	1	0
DTXSID3045223	1	0
DTXSID3045225	1	0
DTXSID3045192	1	0
DTXSID3045227	1	0
DTXSID3045194	0	0
DTXSID3045435	1	0
DTXSID3045439	0	0
DTXSID3045568	1	0
DTXSID3045485	0	0
DTXSID3045514	1	0
DTXSID3045649	1	0
DTXSID3045691	1	0
DTXSID3045693	1	0
DTXSID3045356	1	0
DTXSID3045695	1	0
DTXSID3045304	0	0
DTXSID3045645	1	0
DTXSID3045647	1	0
DTXSID3045697	0	0
DTXSID3045560	1	0
DTXSID3045433	1	0
DTXSID3045562	1	0
DTXSID3045306	1	0
DTXSID3045350	0	0
DTXSID3045566	0	0
DTXSID3045776	1	0
DTXSID3046081	1	0
DTXSID3046083	1	0
DTXSID3046110	0	0
DTXSID3046085	1	0
DTXSID3045805	0	0
DTXSID3045934	0	0
DTXSID3045699	0	0
DTXSID3045770	1	0
DTXSID3045859	1	0
DTXSID3045930	0	0
DTXSID3045938	1	0
DTXSID3045803	1	0
DTXSID3045980	0	0
DTXSID3045772	1	0
DTXSID3045774	1	0
DTXSID3045807	1	0
DTXSID3045809	1	0
DTXSID3045855	1	0
DTXSID3045857	1	0
DTXSID3046114	1	0
DTXSID3046116	1	0
DTXSID3046320	1	0
DTXSID3046322	1	0
DTXSID3046243	0	0
DTXSID3046245	0	0
DTXSID3046324	1	0
DTXSID3046118	0	0
DTXSID3046160	0	0
DTXSID3046162	0	0
DTXSID3046164	1	0
DTXSID3046326	0	0
DTXSID3046291	1	0
DTXSID3046295	1	0
DTXSID3046166	1	0
DTXSID3046168	0	0
DTXSID3046241	0	0
DTXSID3046297	1	0
DTXSID3046299	0	0
DTXSID3046405	1	0
DTXSID3046407	1	0
DTXSID3046409	0	0
DTXSID3046532	1	1
DTXSID3046534	0	0
DTXSID3046536	0	0
DTXSID3046538	1	0
DTXSID3046580	0	0
DTXSID3046613	0	0
DTXSID3046615	1	0
DTXSID3046617	0	0
DTXSID3046451	1	0
DTXSID3046455	1	0
DTXSID3046457	1	0
DTXSID3046459	1	0
DTXSID3046530	1	0
DTXSID3046823	1	0
DTXSID3046875	0	0
DTXSID3046879	0	1
DTXSID3046748	1	0
DTXSID3046790	0	0
DTXSID3046665	1	0
DTXSID3047001	1	0
DTXSID3046740	1	0
DTXSID3046792	1	1
DTXSID3046904	0	0
DTXSID3046906	1	1
DTXSID3046798	1	0
DTXSID3046908	1	0
DTXSID3046827	1	0
DTXSID3046821	0	0
DTXSID3046871	1	0
DTXSID3046744	1	0
DTXSID3047053	1	0
DTXSID3047138	1	0
DTXSID3047055	1	0
DTXSID3047059	1	0
DTXSID3047136	0	0
DTXSID3047057	1	0
DTXSID3047182	0	0
DTXSID3047134	1	0
DTXSID3047130	0	0
DTXSID3047132	0	1
DTXSID3047186	0	0
DTXSID3047188	1	0
DTXSID3047265	1	0
DTXSID3047261	0	0
DTXSID3047342	1	0
DTXSID3047423	0	0
DTXSID3047267	1	0
DTXSID3047344	1	0
DTXSID3047346	1	0
DTXSID3047348	1	0
DTXSID3047558	1	0
DTXSID3047429	1	0
DTXSID3047504	1	0
DTXSID3047556	1	0
DTXSID3047508	0	0
DTXSID3047554	1	0
DTXSID3047631	1	0
DTXSID3047552	1	0
DTXSID3047637	1	0
DTXSID3047843	1	1
DTXSID3047639	1	0
DTXSID3047683	0	0
DTXSID3047845	1	0
DTXSID3047847	1	0
DTXSID3047849	1	0
DTXSID3047681	1	0
DTXSID3047633	1	0
DTXSID3047899	1	0
DTXSID3047920	1	0
DTXSID3047926	1	0
DTXSID3047922	1	0
DTXSID3047924	1	0
DTXSID3047928	1	0
DTXSID3047970	0	0
DTXSID3047972	0	0
DTXSID3048522	1	0
DTXSID3047895	0	1
DTXSID3047897	1	0
DTXSID3048574	0	0
DTXSID3048310	1	0
DTXSID3048732	1	0
DTXSID3048734	1	0
DTXSID3048736	1	0
DTXSID3048449	1	0
DTXSID3048576	1	0
DTXSID3048780	1	0
DTXSID3048578	1	0
DTXSID3048782	1	0
DTXSID3048784	1	0
DTXSID3048520	1	0
DTXSID3048786	1	0
DTXSID3048601	1	0
DTXSID3048655	1	0
DTXSID3048657	1	0
DTXSID3048603	1	0
DTXSID3048605	1	0
DTXSID3048609	0	0
DTXSID3048730	1	0
DTXSID3048653	1	0
DTXSID3048788	1	0
DTXSID3048869	1	0
DTXSID3048817	0	0
DTXSID3048813	1	0
DTXSID3048940	1	0
DTXSID3048942	0	1
DTXSID3048819	1	0
DTXSID3048861	0	0
DTXSID3048863	0	1
DTXSID3048867	0	0
DTXSID3048944	0	0
DTXSID3048946	1	0
DTXSID3048811	1	0
DTXSID3048815	1	0
DTXSID3048992	1	0
DTXSID3048948	1	0
DTXSID3049041	1	0
DTXSID3048990	1	0
DTXSID3049043	0	0
DTXSID3049045	1	0
DTXSID3048865	0	0
DTXSID3049330	1	0
DTXSID3049332	0	0
DTXSID3049209	1	1
DTXSID3049205	1	1
DTXSID3049334	1	0
DTXSID3049047	0	0
DTXSID3049257	1	0
DTXSID3049049	1	0
DTXSID3049259	1	0
DTXSID3049207	1	0
DTXSID3049336	1	0
DTXSID3049338	1	0
DTXSID3049201	0	0
DTXSID3049251	1	0
DTXSID3049255	1	0
DTXSID3049203	1	0
DTXSID3049253	1	0
DTXSID3049380	1	0
DTXSID3049382	1	0
DTXSID3049388	1	0
DTXSID3049411	0	0
DTXSID3049384	0	0
DTXSID3049386	0	0
DTXSID3049419	1	0
DTXSID3049413	0	0
DTXSID4020032	0	0
DTXSID4020038	0	1
DTXSID4020086	0	0
DTXSID4020167	1	0
DTXSID4020088	0	0
DTXSID4020113	0	0
DTXSID4020117	0	0
DTXSID4020161	0	0
DTXSID4020248	1	0
DTXSID4020119	1	0
DTXSID4020246	0	0
DTXSID4020244	0	0
DTXSID4020290	1	0
DTXSID4020292	1	0
DTXSID4020294	0	0
DTXSID4020325	0	0
DTXSID4020327	1	0
DTXSID4020321	1	0
DTXSID4020371	1	0
DTXSID4020329	1	0
DTXSID4020458	1	0
DTXSID4020452	0	0
DTXSID4020537	0	0
DTXSID4020587	1	0
DTXSID4020539	0	0
DTXSID4020533	0	0
DTXSID4020589	1	0
DTXSID4020581	0	0
DTXSID4020535	1	0
DTXSID4020583	1	0
DTXSID4020612	0	0
DTXSID4020379	0	1
DTXSID4020400	0	0
DTXSID4020664	1	0
DTXSID4020745	1	0
DTXSID4020743	0	0
DTXSID4020402	0	0
DTXSID4020616	1	0
DTXSID4020614	1	1
DTXSID4020618	1	0
DTXSID4020666	1	0
DTXSID4020791	0	0
DTXSID4020820	1	0
DTXSID4020957	0	0
DTXSID4020878	0	0
DTXSID4020901	1	0
DTXSID4020959	0	0
DTXSID4020822	1	0
DTXSID4021002	0	0
DTXSID4021006	1	0
DTXSID4021131	1	0
DTXSID4021133	0	0
DTXSID4021056	0	0
DTXSID4021137	0	0
DTXSID4021139	0	0
DTXSID4021260	0	0
DTXSID4021189	0	0
DTXSID4021393	1	0
DTXSID4021185	1	0
DTXSID4021395	1	0
DTXSID4021216	1	0
DTXSID4021268	1	0
DTXSID4021343	0	0
DTXSID4021397	1	0
DTXSID4021472	0	0
DTXSID4021478	0	1
DTXSID4021426	0	0
DTXSID4021557	0	0
DTXSID4021636	1	0
DTXSID4021559	0	0
DTXSID4021632	1	0
DTXSID4021634	1	0
DTXSID4021688	1	0
DTXSID4021638	1	0
DTXSID4021503	0	0
DTXSID4021553	1	0
DTXSID4021680	0	0
DTXSID4021684	1	0
DTXSID4021923	0	0
DTXSID4021890	1	0
DTXSID4021769	1	0
DTXSID4021925	1	0
DTXSID4021921	1	0
DTXSID4021892	0	0
DTXSID4021894	1	0
DTXSID4021761	1	0
DTXSID4021767	1	0
DTXSID4021929	0	0
DTXSID4021971	0	0
DTXSID4021975	0	0
DTXSID4022070	1	0
DTXSID4022107	0	0
DTXSID4021848	0	0
DTXSID4022153	0	0
DTXSID4022159	1	0
DTXSID4021979	1	0
DTXSID4022284	1	0
DTXSID4022288	0	0
DTXSID4022369	1	0
DTXSID4022448	0	0
DTXSID4022602	0	0
DTXSID4022731	1	0
DTXSID4022785	0	0
DTXSID4022652	1	0
DTXSID4022579	1	0
DTXSID4022789	0	0
DTXSID4022783	1	1
DTXSID4022816	1	0
DTXSID4022658	1	0
DTXSID4022367	1	1
DTXSID4023123	1	0
DTXSID4022866	1	0
DTXSID4022868	1	0
DTXSID4023125	1	0
DTXSID4022862	0	0
DTXSID4023042	1	0
DTXSID4022941	1	0
DTXSID4023171	1	0
DTXSID4022947	0	0
DTXSID4023044	0	0
DTXSID4023094	1	1
DTXSID4023177	0	0
DTXSID4023096	1	0
DTXSID4022949	0	0
DTXSID4023179	1	0
DTXSID4023200	1	0
DTXSID4022991	1	0
DTXSID4022993	1	0
DTXSID4022999	1	1
DTXSID4023202	1	0
DTXSID4023252	1	0
DTXSID4023414	0	0
DTXSID4023254	0	0
DTXSID4023674	0	0
DTXSID4023545	0	0
DTXSID4023416	1	0
DTXSID4023753	1	0
DTXSID4023917	0	0
DTXSID4023549	1	1
DTXSID4023460	0	0
DTXSID4023624	1	0
DTXSID4023676	0	0
DTXSID4023628	1	0
DTXSID4024012	0	0
DTXSID4024014	0	0
DTXSID4023701	0	0
DTXSID4023593	1	0
DTXSID4023670	1	0
DTXSID4023672	1	0
DTXSID4023591	0	0
DTXSID4023595	1	0
DTXSID4023622	0	0
DTXSID4023678	0	0
DTXSID4023333	1	0
DTXSID4023381	0	1
DTXSID4023385	1	0
DTXSID4024064	0	0
DTXSID4024143	1	0
DTXSID4024066	0	0
DTXSID4024222	0	0
DTXSID4024272	1	0
DTXSID4024274	0	0
DTXSID4024436	1	0
DTXSID4024276	1	0
DTXSID4024646	0	0
DTXSID4024690	1	0
DTXSID4024931	1	0
DTXSID4024642	0	0
DTXSID4024484	1	0
DTXSID4024303	0	0
DTXSID4024692	1	0
DTXSID4024696	1	0
DTXSID4024644	0	0
DTXSID4024640	0	0
DTXSID4024721	0	0
DTXSID4024983	0	0
DTXSID4024775	0	0
DTXSID4024729	1	0
DTXSID4025111	1	0
DTXSID4025113	1	0
DTXSID4025080	1	0
DTXSID4025240	1	0
DTXSID4025086	0	0
DTXSID4025296	1	0
DTXSID4025612	0	0
DTXSID4025741	0	0
DTXSID4025743	0	0
DTXSID4025165	1	0
DTXSID4025242	1	0
DTXSID4025117	0	0
DTXSID4025298	1	0
DTXSID4025292	1	0
DTXSID4025581	1	0
DTXSID4025329	1	0
DTXSID4025371	0	0
DTXSID4025402	1	0
DTXSID4025662	1	0
DTXSID4025745	0	0
DTXSID4025749	0	0
DTXSID4025167	1	0
DTXSID4025610	1	0
DTXSID4025668	1	0
DTXSID4025406	1	0
DTXSID4025454	1	0
DTXSID4025587	0	0
DTXSID4025404	1	0
DTXSID4026050	0	0
DTXSID4025791	0	0
DTXSID4025793	0	0
DTXSID4025824	0	0
DTXSID4026139	0	0
DTXSID4026181	1	0
DTXSID4026183	0	0
DTXSID4026501	1	0
DTXSID4026684	1	0
DTXSID4026711	0	0
DTXSID4026715	1	0
DTXSID4026765	1	0
DTXSID4026268	0	0
DTXSID4026422	1	0
DTXSID4026472	1	0
DTXSID4026713	0	0
DTXSID4026979	0	0
DTXSID4026769	0	0
DTXSID4026842	1	0
DTXSID4026894	0	0
DTXSID4027072	1	0
DTXSID4026921	1	0
DTXSID4026927	0	0
DTXSID4026975	0	0
DTXSID4027153	0	0
DTXSID4027286	0	0
DTXSID4027284	1	0
DTXSID4027236	0	0
DTXSID4027076	0	0
DTXSID4027103	1	0
DTXSID4027280	0	0
DTXSID4027234	1	0
DTXSID4027288	1	0
DTXSID4027282	0	0
DTXSID4027109	0	0
DTXSID4027367	1	0
DTXSID4027490	0	0
DTXSID4027521	0	0
DTXSID4027527	1	0
DTXSID4027494	0	0
DTXSID4027361	1	0
DTXSID4027529	1	0
DTXSID4027525	1	0
DTXSID4027319	0	0
DTXSID4027498	1	0
DTXSID4027579	0	0
DTXSID4027781	0	0
DTXSID4027608	1	1
DTXSID4027650	0	0
DTXSID4027656	1	0
DTXSID4027658	1	0
DTXSID4027604	1	0
DTXSID4027600	1	0
DTXSID4027652	1	0
DTXSID4027577	1	0
DTXSID4027991	1	0
DTXSID4027997	0	0
DTXSID4029145	1	0
DTXSID4029195	0	0
DTXSID4029149	1	0
DTXSID4029220	0	0
DTXSID4029224	0	0
DTXSID4029359	1	0
DTXSID4029353	0	0
DTXSID4028040	0	0
DTXSID4029692	1	0
DTXSID4029143	1	0
DTXSID4029690	0	0
DTXSID4029698	0	0
DTXSID4031566	0	0
DTXSID4032459	0	0
DTXSID4030047	1	0
DTXSID4030336	0	0
DTXSID4030384	0	0
DTXSID4031356	0	0
DTXSID4032376	1	0
DTXSID4032378	1	0
DTXSID4032405	1	0
DTXSID4032580	1	0
DTXSID4032536	1	0
DTXSID4032611	0	0
DTXSID4032613	1	0
DTXSID4032615	1	0
DTXSID4032619	1	0
DTXSID4034102	0	0
DTXSID4034528	0	0
DTXSID4034150	1	0
DTXSID4032954	1	0
DTXSID4033390	0	0
DTXSID4034601	0	0
DTXSID4034948	1	0
DTXSID4035542	1	1
DTXSID4035592	1	0
DTXSID4037580	0	0
DTXSID4036229	0	0
DTXSID4037617	0	0
DTXSID4036435	1	0
DTXSID4036514	0	1
DTXSID4038762	1	0
DTXSID4038847	0	0
DTXSID4037582	0	0
DTXSID4037748	0	0
DTXSID4039233	1	0
DTXSID4038926	0	0
DTXSID4040268	0	1
DTXSID4039657	1	0
DTXSID4039231	0	0
DTXSID4040343	0	0
DTXSID4040395	1	0
DTXSID4038924	0	0
DTXSID4038922	1	0
DTXSID4040711	1	0
DTXSID4040002	0	0
DTXSID4040715	0	0
DTXSID4041280	1	0
DTXSID4040266	0	0
DTXSID4040476	1	0
DTXSID4040682	1	0
DTXSID4040684	0	0
DTXSID4040686	0	0
DTXSID4041153	1	0
DTXSID4041361	1	0
DTXSID4041234	0	0
DTXSID4040719	0	0
DTXSID4040765	1	0
DTXSID4041317	1	0
DTXSID4041367	0	1
DTXSID4041230	1	0
DTXSID4041238	0	0
DTXSID4041232	0	0
DTXSID4040979	0	0
DTXSID4041070	0	0
DTXSID4041521	0	0
DTXSID4041529	0	0
DTXSID4041573	0	0
DTXSID4041490	1	0
DTXSID4041492	1	0
DTXSID4041440	1	0
DTXSID4041494	1	0
DTXSID4041442	0	0
DTXSID4041575	0	0
DTXSID4041446	0	0
DTXSID4041600	0	1
DTXSID4041604	1	0
DTXSID4042121	1	0
DTXSID4042123	1	1
DTXSID4042090	1	0
DTXSID4042094	1	0
DTXSID4042129	0	1
DTXSID4041654	0	0
DTXSID4042096	1	0
DTXSID4042171	0	0
DTXSID4041995	1	0
DTXSID4041997	0	1
DTXSID4042206	0	0
DTXSID4042418	0	0
DTXSID4042462	0	0
DTXSID4042208	0	0
DTXSID4042252	0	0
DTXSID4042254	1	0
DTXSID4042335	1	0
DTXSID4042337	1	0
DTXSID4044371	0	0
DTXSID4044379	0	1
DTXSID4044400	0	0
DTXSID4044375	1	0
DTXSID4042416	0	0
DTXSID4044373	1	0
DTXSID4044161	0	0
DTXSID4042468	0	0
DTXSID4042622	1	0
DTXSID4043777	1	1
DTXSID4044452	0	0
DTXSID4044408	0	0
DTXSID4044450	1	0
DTXSID4044535	1	0
DTXSID4044402	1	0
DTXSID4044404	1	0
DTXSID4044585	1	0
DTXSID4044660	0	0
DTXSID4044662	0	0
DTXSID4044664	1	0
DTXSID4044587	0	0
DTXSID4044668	1	0
DTXSID4044793	0	0
DTXSID4044743	0	0
DTXSID4044799	1	0
DTXSID4044747	0	0
DTXSID4044454	1	0
DTXSID4044791	1	0
DTXSID4044458	0	0
DTXSID4044872	0	0
DTXSID4044876	0	0
DTXSID4044878	1	0
DTXSID4044901	0	0
DTXSID4044820	0	0
DTXSID4044822	1	0
DTXSID4044824	1	0
DTXSID4044826	1	0
DTXSID4044828	1	0
DTXSID4044870	0	0
DTXSID4044589	1	0
DTXSID4044616	0	0
DTXSID4044618	0	0
DTXSID4044953	1	0
DTXSID4044955	0	0
DTXSID4044903	0	0
DTXSID4045002	1	0
DTXSID4044909	0	0
DTXSID4045187	1	0
DTXSID4045189	1	0
DTXSID4045347	1	0
DTXSID4045630	0	0
DTXSID4045632	1	0
DTXSID4045474	0	0
DTXSID4045476	0	0
DTXSID4045478	0	0
DTXSID4045636	1	0
DTXSID4045551	0	0
DTXSID4045638	0	1
DTXSID4045680	1	0
DTXSID4045393	1	0
DTXSID4045555	1	0
DTXSID4045399	1	0
DTXSID4045420	1	0
DTXSID4045557	1	0
DTXSID4045686	1	0
DTXSID4045472	0	0
DTXSID4045688	1	0
DTXSID4045682	1	0
DTXSID4045210	1	0
DTXSID4045422	1	0
DTXSID4045424	1	0
DTXSID4045711	1	0
DTXSID4045428	1	0
DTXSID4045341	0	0
DTXSID4045343	1	0
DTXSID4045345	0	0
DTXSID4045921	1	0
DTXSID4045925	1	0
DTXSID4045131	1	0
DTXSID4045929	1	0
DTXSID4045181	1	0
DTXSID4045890	0	0
DTXSID4045975	1	0
DTXSID4045892	1	0
DTXSID4045765	0	0
DTXSID4045896	0	0
DTXSID4045979	1	0
DTXSID4046020	0	0
DTXSID4045898	1	0
DTXSID4045767	1	0
DTXSID4045769	0	0
DTXSID4046024	1	1
DTXSID4046076	1	0
DTXSID4046103	1	0
DTXSID4046078	0	1
DTXSID4046107	0	0
DTXSID4046109	0	0
DTXSID4046153	0	0
DTXSID4046159	0	0
DTXSID4046230	1	0
DTXSID4046288	0	0
DTXSID4046313	1	0
DTXSID4046238	0	0
DTXSID4046282	1	0
DTXSID4046284	0	0
DTXSID4046286	1	0
DTXSID4046232	1	0
DTXSID4046234	1	0
DTXSID4046236	0	0
DTXSID4046442	1	0
DTXSID4046315	0	0
DTXSID4046444	1	0
DTXSID4046446	1	0
DTXSID4046448	1	0
DTXSID4046319	1	0
DTXSID4046361	1	0
DTXSID4046363	1	0
DTXSID4046490	0	0
DTXSID4046440	0	0
DTXSID4046523	0	0
DTXSID4046606	1	0
DTXSID4046604	1	0
DTXSID4046739	0	0
DTXSID4046783	1	0
DTXSID4046608	1	1
DTXSID4046579	0	0
DTXSID4046600	1	0
DTXSID4046785	0	0
DTXSID4046494	0	0
DTXSID4046498	0	0
DTXSID4046521	1	1
DTXSID4046527	1	0
DTXSID4046529	1	0
DTXSID4046733	1	0
DTXSID4046735	0	0
DTXSID4046652	1	0
DTXSID4046654	1	0
DTXSID4046737	1	0
DTXSID4046575	0	0
DTXSID4046571	0	1
DTXSID4046573	1	0
DTXSID4046577	1	0
DTXSID4046492	1	0
DTXSID4046656	1	0
DTXSID4046658	1	0
DTXSID4046602	1	0
DTXSID4047042	0	0
DTXSID4046810	1	0
DTXSID4046868	1	0
DTXSID4047044	1	0
DTXSID4047046	1	0
DTXSID4047090	0	0
DTXSID4046814	1	0
DTXSID4046816	1	0
DTXSID4046818	1	0
DTXSID4046862	1	0
DTXSID4047094	0	0
DTXSID4046864	1	0
DTXSID4046866	0	0
DTXSID4046999	0	0
DTXSID4046949	1	0
DTXSID4046991	1	0
DTXSID4047098	1	0
DTXSID4047125	1	0
DTXSID4047096	0	0
DTXSID4047121	0	0
DTXSID4047123	1	0
DTXSID4047129	1	0
DTXSID4047173	0	0
DTXSID4047177	0	0
DTXSID4047200	1	0
DTXSID4047252	1	0
DTXSID4047254	1	0
DTXSID4047333	1	0
DTXSID4047202	1	0
DTXSID4047258	1	0
DTXSID4047206	0	0
DTXSID4047331	1	0
DTXSID4047337	0	0
DTXSID4047389	1	0
DTXSID4047410	0	0
DTXSID4047385	0	0
DTXSID4047387	1	0
DTXSID4047381	1	1
DTXSID4047339	0	0
DTXSID4047335	1	0
DTXSID4047383	0	0
DTXSID4047418	1	0
DTXSID4047412	1	0
DTXSID4047462	1	0
DTXSID4047414	1	0
DTXSID4047464	0	0
DTXSID4047416	1	0
DTXSID4047549	0	0
DTXSID4047466	1	0
DTXSID4047543	1	0
DTXSID4047545	0	0
DTXSID4047591	1	0
DTXSID4047593	1	0
DTXSID4047599	1	0
DTXSID4047703	0	0
DTXSID4047624	1	0
DTXSID4047628	0	0
DTXSID4047672	1	0
DTXSID4047678	0	0
DTXSID4047670	1	0
DTXSID4047965	1	0
DTXSID4047915	1	0
DTXSID4047917	1	0
DTXSID4047888	1	0
DTXSID4047967	1	0
DTXSID4047919	1	0
DTXSID4047911	1	0
DTXSID4047913	1	0
DTXSID4047884	1	0
DTXSID4047969	0	0
DTXSID4047838	0	0
DTXSID4048513	1	1
DTXSID4048193	1	0
DTXSID4048270	1	0
DTXSID4048191	1	0
DTXSID4048511	0	0
DTXSID4048640	0	0
DTXSID4048519	0	0
DTXSID4048199	0	0
DTXSID4048644	1	0
DTXSID4048646	1	0
DTXSID4048648	0	0
DTXSID4048690	1	0
DTXSID4048692	0	0
DTXSID4048694	1	0
DTXSID4048696	1	0
DTXSID4048698	1	0
DTXSID4048721	1	0
DTXSID4048723	0	0
DTXSID4048725	1	0
DTXSID4048727	0	0
DTXSID4048729	1	0
DTXSID7022910	1	0
DTXSID4048771	1	0
DTXSID4048773	1	0
DTXSID4048775	1	0
DTXSID4048777	0	0
DTXSID4048779	1	0
DTXSID4048800	1	0
DTXSID4048931	1	0
DTXSID4048933	1	0
DTXSID4048935	1	0
DTXSID4048937	1	0
DTXSID4048981	1	0
DTXSID4049034	0	0
DTXSID4048858	1	1
DTXSID4048852	1	0
DTXSID4049032	0	0
DTXSID4048806	1	0
DTXSID4048983	1	0
DTXSID4048804	1	0
DTXSID4048808	0	0
DTXSID4048985	1	1
DTXSID4048802	1	0
DTXSID4048856	1	0
DTXSID4048850	0	0
DTXSID4048987	0	0
DTXSID4049030	1	0
DTXSID4049080	1	0
DTXSID4049290	1	0
DTXSID4049246	1	0
DTXSID4049294	1	0
DTXSID4049325	1	0
DTXSID4049321	1	0
DTXSID4049082	0	0
DTXSID4049240	1	0
DTXSID4049248	1	0
DTXSID4049292	1	0
DTXSID4049296	1	0
DTXSID4049298	1	1
DTXSID4049242	0	0
DTXSID4049323	1	0
DTXSID4049244	0	0
DTXSID4049375	0	0
DTXSID4049371	1	0
DTXSID4049373	0	1
DTXSID4049406	0	0
DTXSID4049329	1	0
DTXSID4049404	1	0
DTXSID4049379	1	0
DTXSID5020079	0	0
DTXSID5020021	0	0
DTXSID5020152	1	0
DTXSID5020023	1	0
DTXSID5020108	0	0
DTXSID5020156	0	0
DTXSID5020233	0	0
DTXSID5020235	0	0
DTXSID5020239	1	0
DTXSID5020027	1	0
DTXSID5020029	0	0
DTXSID5020071	0	0
DTXSID5020310	1	0
DTXSID5020449	0	0
DTXSID5020281	0	0
DTXSID5020366	1	0
DTXSID5020491	1	0
DTXSID5020368	0	0
DTXSID5020528	0	0
DTXSID5020312	1	0
DTXSID5020360	1	0
DTXSID5020520	1	1
DTXSID5020499	1	0
DTXSID5020493	1	0
DTXSID5020497	0	0
DTXSID5020607	0	0
DTXSID5020605	1	0
DTXSID5020603	1	0
DTXSID5020576	1	1
DTXSID5020653	1	0
DTXSID5020601	0	0
DTXSID5020659	0	0
DTXSID5020811	0	0
DTXSID5020813	0	1
DTXSID5020738	1	0
DTXSID5020732	0	0
DTXSID5020784	0	0
DTXSID5020815	0	0
DTXSID5020867	0	0
DTXSID5020819	0	0
DTXSID5020946	0	0
DTXSID5020948	1	0
DTXSID5021093	1	0
DTXSID5020869	0	0
DTXSID5021120	0	0
DTXSID5020944	1	0
DTXSID5021128	1	0
DTXSID5021170	1	0
DTXSID5021330	0	0
DTXSID5021332	0	0
DTXSID5021338	0	0
DTXSID5021380	0	0
DTXSID5021384	0	0
DTXSID5021334	0	0
DTXSID5021411	1	0
DTXSID5021413	1	0
DTXSID5021546	1	0
DTXSID5021621	1	0
DTXSID5021590	1	0
DTXSID5021598	1	0
DTXSID5021415	1	0
DTXSID5021627	0	0
DTXSID5021419	0	0
DTXSID5021463	1	1
DTXSID5021629	1	0
DTXSID5021461	1	0
DTXSID5021756	1	0
DTXSID5021758	0	0
DTXSID5021671	0	0
DTXSID5021679	0	0
DTXSID5021752	1	0
DTXSID5021831	0	0
DTXSID5021835	0	0
DTXSID5021883	1	0
DTXSID5021885	1	0
DTXSID5021837	1	0
DTXSID5021839	1	0
DTXSID5021881	1	1
DTXSID5022061	0	0
DTXSID5022194	1	0
DTXSID5021889	1	0
DTXSID5022227	0	0
DTXSID5021916	1	0
DTXSID5021962	0	0
DTXSID5021914	1	0
DTXSID5022481	0	0
DTXSID5022279	0	0
DTXSID5022306	1	0
DTXSID5022851	1	0
DTXSID5022855	1	0
DTXSID5022562	1	1
DTXSID5022489	0	0
DTXSID5022857	1	0
DTXSID5022647	1	0
DTXSID5022649	1	0
DTXSID5022934	1	0
DTXSID5022699	1	0
DTXSID5022722	1	0
DTXSID5022724	1	0
DTXSID5022938	0	0
DTXSID5022980	1	0
DTXSID5022560	1	0
DTXSID5022982	0	0
DTXSID5022984	1	0
DTXSID5022774	1	0
DTXSID5023114	0	0
DTXSID5023166	1	0
DTXSID5023243	1	0
DTXSID5023033	1	0
DTXSID5023035	1	0
DTXSID5023037	0	0
DTXSID5023039	1	0
DTXSID5023081	1	0
DTXSID5023293	0	0
DTXSID5023322	1	0
DTXSID5023085	0	0
DTXSID5023089	1	0
DTXSID5023370	1	0
DTXSID5023372	1	0
DTXSID5023376	1	0
DTXSID5023532	1	0
DTXSID5023588	1	0
DTXSID5023582	1	0
DTXSID5023584	0	0
DTXSID5023611	1	0
DTXSID5023613	1	0
DTXSID5023586	1	0
DTXSID5023615	1	0
DTXSID5023661	1	0
DTXSID5023665	1	0
DTXSID5023792	0	0
DTXSID5023794	0	1
DTXSID5023742	0	0
DTXSID5023667	0	1
DTXSID5023796	1	0
DTXSID5023748	1	0
DTXSID5023744	0	0
DTXSID5023669	1	0
DTXSID5023746	0	0
DTXSID5023740	1	0
DTXSID5023875	0	0
DTXSID5023877	0	0
DTXSID5023908	1	0
DTXSID5023900	1	0
DTXSID5023825	0	0
DTXSID5023950	1	0
DTXSID5023902	1	1
DTXSID5023871	1	0
DTXSID5024055	0	0
DTXSID5024182	1	0
DTXSID5024001	0	0
DTXSID5024211	0	0
DTXSID5024057	1	0
DTXSID5024051	0	0
DTXSID5024059	1	1
DTXSID5024263	0	0
DTXSID5024261	0	0
DTXSID5024269	0	1
DTXSID5024344	1	0
DTXSID5024346	0	0
DTXSID5024392	0	0
DTXSID5024681	1	0
DTXSID5024683	0	0
DTXSID5024394	1	0
DTXSID5024479	1	0
DTXSID5024508	0	0
DTXSID5024554	1	0
DTXSID5024500	0	0
DTXSID5024637	0	0
DTXSID5024639	0	0
DTXSID5024471	0	0
DTXSID5024926	1	0
DTXSID5024891	1	0
DTXSID5024710	1	0
DTXSID5025021	1	0
DTXSID5024922	1	0
DTXSID5024845	1	0
DTXSID5025023	1	0
DTXSID5025152	1	0
DTXSID5025156	0	0
DTXSID5025079	1	0
DTXSID5025100	1	0
DTXSID5025102	0	0
DTXSID5025237	0	0
DTXSID5025150	0	0
DTXSID5025285	1	0
DTXSID5025310	0	0
DTXSID5025364	1	0
DTXSID5025312	0	0
DTXSID5025603	1	0
DTXSID5025607	0	0
DTXSID5025609	1	0
DTXSID5025318	1	0
DTXSID5025447	0	0
DTXSID5025449	0	0
DTXSID5025491	1	0
DTXSID5025570	0	0
DTXSID5025572	1	0
DTXSID5025574	1	0
DTXSID5025863	0	0
DTXSID5025653	0	0
DTXSID5025730	1	0
DTXSID5025657	0	0
DTXSID5025948	0	0
DTXSID5025861	1	0
DTXSID5025998	1	1
DTXSID5026049	0	0
DTXSID5025659	0	0
DTXSID5025732	0	0
DTXSID5025738	0	0
DTXSID5025815	0	0
DTXSID5025811	1	0
DTXSID5025819	0	0
DTXSID5026251	0	0
DTXSID5026124	0	0
DTXSID5026091	0	0
DTXSID5026259	1	0
DTXSID5026174	1	0
DTXSID5026097	1	0
DTXSID5026120	0	0
DTXSID5026122	0	0
DTXSID5026461	0	0
DTXSID5026623	1	0
DTXSID5026706	0	0
DTXSID5026837	1	0
DTXSID5026203	1	0
DTXSID5026881	1	0
DTXSID5026625	1	0
DTXSID5026205	1	0
DTXSID5026912	1	0
DTXSID5026914	1	0
DTXSID5026702	0	0
DTXSID5026889	1	0
DTXSID5026918	1	0
DTXSID5027063	0	0
DTXSID5027069	1	0
DTXSID5027019	1	0
DTXSID5027146	1	0
DTXSID5027148	0	0
DTXSID5027433	0	0
DTXSID5027352	0	0
DTXSID5027356	0	0
DTXSID5027223	1	0
DTXSID5027279	1	0
DTXSID5027487	0	0
DTXSID5027300	0	0
DTXSID5027227	1	0
DTXSID5027229	0	0
DTXSID5027308	1	0
DTXSID5027304	0	0
DTXSID5027489	0	0
DTXSID5027728	0	0
DTXSID5027512	0	0
DTXSID5027641	0	0
DTXSID5027774	1	0
DTXSID5027647	0	0
DTXSID5027803	0	0
DTXSID5027518	0	0
DTXSID5027770	0	0
DTXSID5027772	1	0
DTXSID5029136	1	0
DTXSID5029182	1	0
DTXSID5028114	0	0
DTXSID5029184	0	0
DTXSID5029186	1	0
DTXSID5029211	1	0
DTXSID5029217	1	0
DTXSID5029683	0	0
DTXSID5029762	1	0
DTXSID5031133	0	0
DTXSID5031210	1	0
DTXSID5029263	0	0
DTXSID5030955	1	0
DTXSID5031131	0	0
DTXSID5029265	0	0
DTXSID5029267	0	0
DTXSID5029710	0	0
DTXSID5032020	1	0
DTXSID5032442	1	0
DTXSID5032361	0	0
DTXSID5032579	1	0
DTXSID5032525	1	0
DTXSID5033595	0	0
DTXSID5032573	1	0
DTXSID5033674	0	0
DTXSID5033098	0	0
DTXSID5033389	0	0
DTXSID5033701	0	0
DTXSID5033757	1	0
DTXSID5032654	1	0
DTXSID5032577	1	0
DTXSID5033468	1	1
DTXSID5033096	0	0
DTXSID5033179	0	0
DTXSID5034357	1	0
DTXSID5034270	1	0
DTXSID5034698	0	0
DTXSID5034303	1	0
DTXSID5034723	1	0
DTXSID5034729	0	0
DTXSID5034355	1	0
DTXSID5034773	1	0
DTXSID5037236	0	0
DTXSID5035163	0	0
DTXSID5035589	1	0
DTXSID5035957	1	0
DTXSID5035616	0	0
DTXSID5037028	0	1
DTXSID5034981	0	1
DTXSID5037072	1	0
DTXSID5037577	1	1
DTXSID5037579	0	0
DTXSID5037498	1	0
DTXSID5037527	0	0
DTXSID5037523	0	0
DTXSID5037571	0	0
DTXSID5040679	1	0
DTXSID5040625	1	0
DTXSID5038830	0	0
DTXSID5039721	1	0
DTXSID5040675	1	0
DTXSID5039224	1	0
DTXSID5038888	1	1
DTXSID5040465	1	0
DTXSID5040540	0	0
DTXSID5040700	0	0
DTXSID5040413	1	1
DTXSID5040461	1	0
DTXSID5041273	1	0
DTXSID5041275	1	0
DTXSID5041279	0	0
DTXSID5040758	1	0
DTXSID5041148	0	0
DTXSID5040708	0	0
DTXSID5041190	1	0
DTXSID5040750	1	0
DTXSID5041512	0	0
DTXSID5041514	1	0
DTXSID5041518	1	0
DTXSID5041487	1	0
DTXSID5041437	1	0
DTXSID5041641	0	0
DTXSID5041643	0	0
DTXSID5041691	0	0
DTXSID5041697	1	0
DTXSID5041699	1	0
DTXSID5041726	1	0
DTXSID5041728	1	0
DTXSID5041809	0	0
DTXSID5041772	0	0
DTXSID5041851	1	0
DTXSID5042324	1	0
DTXSID5042089	0	0
DTXSID5042297	1	0
DTXSID5042613	0	0
DTXSID5042584	1	0
DTXSID5042243	0	0
DTXSID5042459	1	0
DTXSID5042083	1	0
DTXSID5041803	0	0
DTXSID5044023	0	0
DTXSID5044029	0	0
DTXSID5042249	0	1
DTXSID5043714	1	0
DTXSID5043895	1	0
DTXSID5042320	0	0
DTXSID5042322	1	0
DTXSID5044239	1	0
DTXSID5044289	1	0
DTXSID5044360	1	0
DTXSID5044314	1	0
DTXSID5044316	0	0
DTXSID5044447	0	0
DTXSID5044491	0	0
DTXSID5044364	0	0
DTXSID5044443	0	0
DTXSID5044445	0	0
DTXSID5044493	0	0
DTXSID5044366	0	0
DTXSID5044441	0	0
DTXSID5044520	1	0
DTXSID5044572	1	0
DTXSID5044526	0	0
DTXSID5044522	0	0
DTXSID5044574	1	0
DTXSID5044578	0	1
DTXSID5044570	0	0
DTXSID5044576	0	0
DTXSID5044734	0	0
DTXSID5044609	0	0
DTXSID5044815	0	0
DTXSID5044738	1	0
DTXSID5044603	0	0
DTXSID5044863	1	0
DTXSID5044655	0	0
DTXSID5044732	0	0
DTXSID5044817	0	1
DTXSID5044865	0	0
DTXSID5044786	0	0
DTXSID5044940	0	0
DTXSID5044869	0	0
DTXSID5044819	1	0
DTXSID5044782	1	0
DTXSID5044867	0	0
DTXSID5044788	0	0
DTXSID5044784	0	0
DTXSID5044948	0	0
DTXSID5044990	0	0
DTXSID5045124	1	0
DTXSID5045176	1	0
DTXSID5045128	0	0
DTXSID5045174	0	0
DTXSID5045330	1	0
DTXSID5045332	1	0
DTXSID5045170	0	0
DTXSID5045091	1	0
DTXSID5045093	1	0
DTXSID5045201	1	0
DTXSID5045099	1	0
DTXSID5045203	1	0
DTXSID5045120	0	0
DTXSID5045205	1	0
DTXSID5045380	1	0
DTXSID5045209	1	0
DTXSID5045384	1	0
DTXSID5045386	1	0
DTXSID5045623	1	0
DTXSID5045546	1	0
DTXSID5045675	0	0
DTXSID5045542	1	0
DTXSID5045594	1	0
DTXSID5045590	0	0
DTXSID5045465	0	0
DTXSID5045388	1	0
DTXSID5045469	1	0
DTXSID5045540	0	0
DTXSID5045463	1	0
DTXSID5045413	1	0
DTXSID5045417	0	0
DTXSID5045596	1	0
DTXSID5045598	0	0
DTXSID5045467	1	0
DTXSID5045625	1	0
DTXSID5045671	1	0
DTXSID5045677	1	0
DTXSID5045461	1	0
DTXSID5045544	0	0
DTXSID5045679	1	0
DTXSID5045700	1	0
DTXSID5045758	1	0
DTXSID5045752	1	0
DTXSID5045887	0	0
DTXSID5045706	0	0
DTXSID5045708	1	0
DTXSID5045702	0	0
DTXSID5045704	1	0
DTXSID5045833	0	0
DTXSID5045831	1	0
DTXSID5045910	1	0
DTXSID5045914	1	0
DTXSID5045881	1	0
DTXSID5045883	0	0
DTXSID5045756	0	0
DTXSID5045835	1	0
DTXSID5045916	1	0
DTXSID5045962	0	0
DTXSID5045964	1	0
DTXSID5046017	1	0
DTXSID5046019	1	0
DTXSID5046011	1	0
DTXSID5046015	0	0
DTXSID5046061	1	0
DTXSID5046063	1	0
DTXSID5046067	1	0
DTXSID5046069	1	0
DTXSID5046192	0	1
DTXSID5046196	1	0
DTXSID5046198	0	1
DTXSID5046275	0	0
DTXSID5046221	1	0
DTXSID5046223	1	0
DTXSID5046142	0	0
DTXSID5046277	1	0
DTXSID5046146	0	0
DTXSID5046279	1	0
DTXSID5046300	1	0
DTXSID5046148	1	0
DTXSID5046190	1	0
DTXSID5046229	1	0
DTXSID5046271	1	0
DTXSID5046273	1	0
DTXSID5046483	1	0
DTXSID5046356	0	0
DTXSID5046306	1	0
DTXSID5046308	0	1
DTXSID5046352	1	0
DTXSID5046437	1	0
DTXSID5046439	1	0
DTXSID5046512	1	0
DTXSID5046487	1	0
DTXSID5046516	0	0
DTXSID5046485	1	0
DTXSID5046481	1	0
DTXSID5046354	1	0
DTXSID5046433	1	0
DTXSID5046435	1	0
DTXSID5046489	1	0
DTXSID5046510	0	0
DTXSID5046770	1	0
DTXSID5046649	1	0
DTXSID5046691	1	0
DTXSID5046728	1	0
DTXSID5046643	1	0
DTXSID5046641	1	0
DTXSID5046699	0	0
DTXSID5046776	1	0
DTXSID5046778	1	0
DTXSID5046720	1	0
DTXSID5046722	1	0
DTXSID5046647	1	0
DTXSID5046697	1	0
DTXSID5046518	0	0
DTXSID5046801	0	0
DTXSID5046693	1	0
DTXSID5046724	1	0
DTXSID5046560	1	0
DTXSID5046562	1	0
DTXSID5046564	0	0
DTXSID5046566	1	0
DTXSID5046726	1	0
DTXSID5046695	1	0
DTXSID5046853	1	0
DTXSID5046855	1	0
DTXSID5046857	1	0
DTXSID5046986	0	0
DTXSID5046988	0	0
DTXSID5046859	1	0
DTXSID5047037	1	0
DTXSID5046807	1	0
DTXSID5046938	1	0
DTXSID5047035	1	0
DTXSID5046805	0	0
DTXSID5046980	1	0
DTXSID5047039	0	0
DTXSID5046851	0	0
DTXSID5047031	0	0
DTXSID5047033	1	0
DTXSID5047110	0	0
DTXSID5047160	0	0
DTXSID5047116	1	0
DTXSID5047087	0	0
DTXSID5047112	1	1
DTXSID5047089	0	0
DTXSID5047166	0	0
DTXSID5047168	0	0
DTXSID5047118	0	0
DTXSID5047162	1	0
DTXSID5047083	1	0
DTXSID5047085	0	0
DTXSID5047320	0	0
DTXSID5047243	1	0
DTXSID5047291	1	0
DTXSID5047299	1	0
DTXSID5047249	0	0
DTXSID5047297	1	0
DTXSID5047324	0	0
DTXSID5047295	1	0
DTXSID5047328	1	0
DTXSID5047322	0	0
DTXSID5047372	1	0
DTXSID5047582	1	0
DTXSID5047451	1	0
DTXSID5047617	1	0
DTXSID5047453	0	0
DTXSID5047530	1	0
DTXSID5047538	1	0
DTXSID5047584	0	0
DTXSID5047374	1	0
DTXSID5047376	0	0
DTXSID5047405	1	0
DTXSID5047825	1	0
DTXSID5047871	1	0
DTXSID5047744	0	0
DTXSID5047790	1	0
DTXSID5047663	0	0
DTXSID5047665	1	0
DTXSID5047661	0	0
DTXSID5047900	1	1
DTXSID5047902	1	0
DTXSID5047873	0	0
DTXSID5047877	0	0
DTXSID5047875	1	0
DTXSID5047667	0	0
DTXSID5048180	0	0
DTXSID5048184	1	0
DTXSID5047954	1	0
DTXSID5048186	1	0
DTXSID5048211	1	0
DTXSID5047904	1	1
DTXSID5047906	1	0
DTXSID5048182	0	0
DTXSID5047908	1	0
DTXSID5047950	1	1
DTXSID5047952	1	0
DTXSID5048637	1	0
DTXSID5048714	1	0
DTXSID5048716	1	0
DTXSID5048639	0	0
DTXSID5048681	1	0
DTXSID5048687	0	0
DTXSID5048689	1	0
DTXSID5048712	0	1
DTXSID5048506	1	0
DTXSID5048421	1	0
DTXSID5048718	1	0
DTXSID5048760	1	0
DTXSID5048762	0	0
DTXSID5048764	1	0
DTXSID5048766	1	0
DTXSID5048631	0	1
DTXSID5048633	1	0
DTXSID5048635	1	0
DTXSID5048841	1	0
DTXSID5048188	0	0
DTXSID5048843	0	0
DTXSID5048847	1	0
DTXSID5048970	1	0
DTXSID5048972	1	1
DTXSID5048920	0	0
DTXSID5048849	0	0
DTXSID5048891	0	0
DTXSID5048926	1	0
DTXSID5048928	1	0
DTXSID5048897	1	0
DTXSID5048893	0	0
DTXSID5048899	1	0
DTXSID5048845	1	0
DTXSID5048895	1	0
DTXSID5048922	1	0
DTXSID5048924	1	0
DTXSID5049021	1	1
DTXSID5049235	1	0
DTXSID5049237	1	0
DTXSID5049075	1	0
DTXSID5048974	0	0
DTXSID5049025	1	0
DTXSID5049285	0	0
DTXSID5049077	0	0
DTXSID5049029	1	0
DTXSID5049071	0	0
DTXSID5049079	1	0
DTXSID5049231	1	0
DTXSID5049027	0	0
DTXSID5049239	0	0
DTXSID5049281	1	0
DTXSID5048976	0	0
DTXSID5048978	0	0
DTXSID5049073	1	0
DTXSID5049283	1	0
DTXSID5049233	1	0
DTXSID5049364	0	0
DTXSID5049289	0	0
DTXSID5049310	1	0
DTXSID5049316	1	0
DTXSID5049366	0	0
DTXSID5049368	1	0
DTXSID5049360	1	0
DTXSID5049362	0	0
DTXSID5049312	1	1
DTXSID5049314	0	0
DTXSID5051440	0	0
DTXSID5050426	1	0
DTXSID6020062	0	0
DTXSID6020064	0	0
DTXSID6020066	0	0
DTXSID6020141	0	0
DTXSID6020143	0	1
DTXSID6020149	0	0
DTXSID6020147	1	0
DTXSID6020197	1	0
DTXSID6020199	0	0
DTXSID6020222	0	0
DTXSID6020193	0	0
DTXSID6020226	0	0
DTXSID6020307	1	0
DTXSID6020274	1	0
DTXSID6020309	0	0
DTXSID6020355	0	0
DTXSID6020303	0	0
DTXSID6020278	0	0
DTXSID6020357	1	0
DTXSID6020434	0	0
DTXSID6020511	1	1
DTXSID6020438	0	0
DTXSID6020513	0	0
DTXSID6020515	1	0
DTXSID6020517	0	0
DTXSID6020480	0	0
DTXSID6020484	1	0
DTXSID6020777	0	0
DTXSID6020779	0	0
DTXSID6020569	1	0
DTXSID6020771	0	0
DTXSID6020694	0	0
DTXSID6020696	1	0
DTXSID6020721	0	0
DTXSID6020646	1	0
DTXSID6020692	0	0
DTXSID6020648	1	0
DTXSID6020804	1	0
DTXSID6020933	1	0
DTXSID6020937	1	0
DTXSID6020939	0	0
DTXSID6020981	1	0
DTXSID6020983	1	1
DTXSID6020985	0	0
DTXSID6021030	1	0
DTXSID6021080	1	0
DTXSID6021086	0	1
DTXSID6021163	0	0
DTXSID6021117	1	0
DTXSID6021036	0	0
DTXSID6021244	1	0
DTXSID6021371	1	0
DTXSID6021373	1	1
DTXSID6021296	1	0
DTXSID6021246	1	0
DTXSID6021375	0	0
DTXSID6021248	1	0
DTXSID6021290	1	0
DTXSID6021292	1	0
DTXSID6021165	0	0
DTXSID6021082	1	0
DTXSID6021032	0	0
DTXSID6021240	0	0
DTXSID6021377	0	0
DTXSID6021404	0	0
DTXSID6021408	1	1
DTXSID6021402	0	0
DTXSID6021581	0	0
DTXSID6021583	1	0
DTXSID6021458	0	0
DTXSID6021668	0	0
DTXSID6021456	1	0
DTXSID6021741	1	0
DTXSID6021585	1	0
DTXSID6021666	1	0
DTXSID6021618	0	0
DTXSID6021749	0	0
DTXSID6021799	0	0
DTXSID6021820	1	0
DTXSID6021822	1	0
DTXSID6021901	1	0
DTXSID6021907	0	0
DTXSID6021909	1	0
DTXSID6021953	0	0
DTXSID6021957	1	0
DTXSID6021828	1	0
DTXSID6021872	0	0
DTXSID6021874	0	0
DTXSID6022006	1	0
DTXSID6022004	0	0
DTXSID6022131	0	0
DTXSID6022218	1	0
DTXSID6022000	1	0
DTXSID6022133	0	0
DTXSID6022008	1	0
DTXSID6022137	1	0
DTXSID6022050	0	0
DTXSID6022341	1	0
DTXSID6022058	1	0
DTXSID6022422	0	0
DTXSID6022472	0	0
DTXSID6022684	1	0
DTXSID6022557	1	0
DTXSID6022553	0	1
DTXSID6022719	1	0
DTXSID6022559	1	0
DTXSID6022630	0	0
DTXSID6022842	0	0
DTXSID6022632	0	0
DTXSID6022636	1	0
DTXSID6022474	0	0
DTXSID6022844	1	0
DTXSID6022555	1	0
DTXSID6022977	1	0
DTXSID6023078	0	1
DTXSID6022973	1	0
DTXSID6023020	1	0
DTXSID6023024	0	1
DTXSID6023101	0	0
DTXSID6022892	0	0
DTXSID6023103	1	0
DTXSID6023028	0	0
DTXSID6023076	1	0
DTXSID6022894	0	0
DTXSID6023109	1	0
DTXSID6022898	1	1
DTXSID6023153	1	0
DTXSID6023367	0	0
DTXSID6023157	1	0
DTXSID6023363	1	0
DTXSID6023159	1	1
DTXSID6023369	1	0
DTXSID6023317	0	0
DTXSID6023232	1	0
DTXSID6023286	0	0
DTXSID6023313	1	0
DTXSID6023656	1	0
DTXSID6023365	1	0
DTXSID6023602	0	0
DTXSID6023440	0	0
DTXSID6024046	0	0
DTXSID6023658	1	0
DTXSID6023608	1	0
DTXSID6023650	1	0
DTXSID6023442	0	0
DTXSID6023490	1	0
DTXSID6023652	1	0
DTXSID6023492	1	0
DTXSID6023868	1	1
DTXSID6023496	0	0
DTXSID6023529	1	0
DTXSID6023600	1	0
DTXSID6023947	0	0
DTXSID6023862	0	0
DTXSID6023997	1	0
DTXSID6023999	1	0
DTXSID6023864	1	0
DTXSID6023733	1	0
DTXSID6023735	1	0
DTXSID6023737	0	0
DTXSID6023810	1	1
DTXSID6024127	1	0
DTXSID6024175	0	0
DTXSID6024206	0	0
DTXSID6024177	0	0
DTXSID6024254	0	0
DTXSID6024414	1	0
DTXSID6024331	1	0
DTXSID6024048	1	0
DTXSID6024460	1	0
DTXSID6024462	0	0
DTXSID6024412	0	0
DTXSID6024123	1	0
DTXSID6024466	0	0
DTXSID6024591	0	0
DTXSID6024628	0	0
DTXSID6024670	0	0
DTXSID6024597	0	0
DTXSID6024674	0	0
DTXSID6024599	0	0
DTXSID6024624	0	0
DTXSID6024834	1	0
DTXSID6024880	1	0
DTXSID6024836	1	0
DTXSID6024676	1	0
DTXSID6024911	1	0
DTXSID6024886	1	0
DTXSID6024888	0	0
DTXSID6024913	1	0
DTXSID6025068	0	0
DTXSID6024915	1	0
DTXSID6025012	0	0
DTXSID6024917	1	0
DTXSID6025014	0	0
DTXSID6025018	0	0
DTXSID6025064	0	0
DTXSID6024965	0	0
DTXSID6024961	0	0
DTXSID6025010	0	0
DTXSID6025220	0	0
DTXSID6025141	0	0
DTXSID6025272	0	0
DTXSID6025276	1	0
DTXSID6025149	0	0
DTXSID6025278	1	0
DTXSID6025301	1	0
DTXSID6025436	1	1
DTXSID6025438	0	0
DTXSID6025303	0	0
DTXSID6025569	0	0
DTXSID6025640	0	0
DTXSID6025690	1	0
DTXSID6025642	0	0
DTXSID6025307	1	0
DTXSID6025567	0	0
DTXSID6025692	1	0
DTXSID6025696	0	0
DTXSID6025309	1	0
DTXSID6025355	1	0
DTXSID6025480	1	0
DTXSID6025513	1	1
DTXSID6025854	0	0
DTXSID6025939	1	0
DTXSID6026080	0	0
DTXSID6026082	0	0
DTXSID6025723	0	0
DTXSID6025725	0	0
DTXSID6025775	1	0
DTXSID6026115	0	0
DTXSID6025804	1	0
DTXSID6026119	0	0
DTXSID6026161	0	0
DTXSID6026797	0	0
DTXSID6026169	0	0
DTXSID6026612	1	0
DTXSID6026664	0	0
DTXSID6026240	0	0
DTXSID6026824	1	0
DTXSID6026872	0	0
DTXSID6026878	1	0
DTXSID6026901	0	0
DTXSID6026450	0	0
DTXSID6026535	1	0
DTXSID6026167	0	0
DTXSID6026294	0	0
DTXSID6026298	0	0
DTXSID6026325	0	0
DTXSID6026373	1	0
DTXSID6026905	1	0
DTXSID6027050	0	0
DTXSID6027131	0	0
DTXSID6027133	0	0
DTXSID6027218	0	0
DTXSID6027137	1	0
DTXSID6027268	0	0
DTXSID6027181	1	0
DTXSID6027262	0	0
DTXSID6027185	0	0
DTXSID6027341	1	0
DTXSID6027214	0	0
DTXSID6027266	0	0
DTXSID6027636	1	0
DTXSID6027713	1	0
DTXSID6027343	1	0
DTXSID6027507	0	0
DTXSID6027509	1	0
DTXSID6027503	1	0
DTXSID6027345	0	1
DTXSID6027551	1	0
DTXSID6027397	0	0
DTXSID6028022	1	0
DTXSID6029254	1	0
DTXSID6028028	0	0
DTXSID6027975	0	0
DTXSID6029202	0	0
DTXSID6029250	1	0
DTXSID6029121	1	0
DTXSID6029127	1	0
DTXSID6029707	0	0
DTXSID6030607	1	0
DTXSID6029626	1	0
DTXSID6029670	0	0
DTXSID6029703	0	0
DTXSID6032354	1	0
DTXSID6031461	1	0
DTXSID6032061	0	0
DTXSID6032192	1	0
DTXSID6032431	0	0
DTXSID6032356	0	0
DTXSID6032358	0	0
DTXSID6032437	1	0
DTXSID6032514	0	1
DTXSID6032516	1	0
DTXSID6032562	0	0
DTXSID6032647	1	0
DTXSID6032645	1	0
DTXSID6033825	0	0
DTXSID6034186	1	0
DTXSID6032722	0	0
DTXSID6033401	1	0
DTXSID6033241	1	0
DTXSID6033247	0	0
DTXSID6033538	0	0
DTXSID6032649	1	0
DTXSID6034005	0	0
DTXSID6034849	0	0
DTXSID6034924	0	0
DTXSID6034764	1	0
DTXSID6034392	1	0
DTXSID6035106	1	0
DTXSID6035784	0	0
DTXSID6035156	1	0
DTXSID6036467	1	1
DTXSID6035285	1	0
DTXSID6035491	0	0
DTXSID6037015	0	0
DTXSID6038798	0	0
DTXSID6037697	0	0
DTXSID6037069	1	0
DTXSID6037649	1	0
DTXSID6040404	0	0
DTXSID6040583	1	0
DTXSID6040246	1	0
DTXSID6040290	1	0
DTXSID6038877	1	0
DTXSID6040111	1	0
DTXSID6040371	1	0
DTXSID6041133	0	0
DTXSID6041210	1	0
DTXSID6040614	1	0
DTXSID6041137	0	0
DTXSID6040747	0	1
DTXSID6040664	0	0
DTXSID6040668	1	0
DTXSID6040745	1	0
DTXSID6041056	0	0
DTXSID6040795	1	0
DTXSID6041424	1	0
DTXSID6041426	1	0
DTXSID6041472	1	0
DTXSID6041420	0	0
DTXSID6041636	1	0
DTXSID6041684	1	0
DTXSID6041715	1	0
DTXSID6041719	0	0
DTXSID6041761	1	0
DTXSID6041688	0	0
DTXSID6041638	1	0
DTXSID6041892	0	0
DTXSID6042234	1	0
DTXSID6042280	1	0
DTXSID6042072	0	0
DTXSID6041927	0	0
DTXSID6041925	0	0
DTXSID6042157	1	0
DTXSID6041844	0	0
DTXSID6042232	1	0
DTXSID6042440	1	0
DTXSID6042448	0	0
DTXSID6042490	0	0
DTXSID6042579	1	0
DTXSID6042315	0	0
DTXSID6042602	1	0
DTXSID6043709	1	0
DTXSID6042365	0	0
DTXSID6042521	0	0
DTXSID6042369	1	0
DTXSID6043919	1	0
DTXSID6043913	1	0
DTXSID6044014	0	0
DTXSID6042494	0	0
DTXSID6042498	0	0
DTXSID6044303	0	0
DTXSID6044307	1	0
DTXSID6043915	0	0
DTXSID6044309	1	0
DTXSID6044272	1	0
DTXSID6044226	1	0
DTXSID6044353	1	0
DTXSID6044511	0	0
DTXSID6044513	1	0
DTXSID6044515	0	0
DTXSID6044486	0	0
DTXSID6044355	0	0
DTXSID6044488	0	0
DTXSID6044357	1	0
DTXSID6044430	0	0
DTXSID6044517	1	0
DTXSID6044519	1	1
DTXSID6044561	1	0
DTXSID6044565	0	0
DTXSID6044642	1	0
DTXSID6044646	0	0
DTXSID6044721	1	0
DTXSID6044779	0	0
DTXSID6044648	0	0
DTXSID6044723	1	0
DTXSID6044725	1	0
DTXSID6044690	1	0
DTXSID6044771	1	0
DTXSID6044800	0	0
DTXSID6044773	0	0
DTXSID6044692	0	0
DTXSID6044777	0	0
DTXSID6044696	1	0
DTXSID6044698	1	0
DTXSID6044985	1	0
DTXSID6044804	1	0
DTXSID6044856	0	0
DTXSID6044858	1	0
DTXSID6044939	1	0
DTXSID6044931	0	0
DTXSID6044808	1	0
DTXSID6044852	0	0
DTXSID6044727	0	0
DTXSID6044802	0	0
DTXSID6045082	1	0
DTXSID6045084	0	0
DTXSID6044983	1	0
DTXSID6045086	1	1
DTXSID6044854	1	0
DTXSID6044933	1	0
DTXSID6044989	0	0
DTXSID6044981	0	0
DTXSID6045321	0	0
DTXSID6045323	0	0
DTXSID6045244	1	0
DTXSID6045088	0	0
DTXSID6045248	1	0
DTXSID6045115	0	0
DTXSID6045161	0	0
DTXSID6045163	1	0
DTXSID6045371	0	0
DTXSID6045240	1	0
DTXSID6045292	1	0
DTXSID6045325	1	0
DTXSID6045373	1	0
DTXSID6045119	1	0
DTXSID6045165	1	0
DTXSID6045296	0	0
DTXSID6045167	1	0
DTXSID6045169	1	0
DTXSID6045581	1	0
DTXSID6045583	0	0
DTXSID6045616	1	0
DTXSID6045618	0	0
DTXSID6045375	1	0
DTXSID6045531	1	0
DTXSID6045660	1	0
DTXSID6045408	1	0
DTXSID6045662	1	0
DTXSID6045377	1	0
DTXSID6045400	1	0
DTXSID6045587	1	0
DTXSID6045585	1	0
DTXSID6045533	1	0
DTXSID6045614	1	0
DTXSID6045535	1	0
DTXSID6045666	1	0
DTXSID6045537	1	0
DTXSID6045539	0	0
DTXSID6045743	1	0
DTXSID6045824	1	0
DTXSID6045668	1	0
DTXSID6045903	1	0
DTXSID6045905	1	0
DTXSID6045907	1	0
DTXSID6045828	1	0
DTXSID6045745	1	0
DTXSID6045870	0	0
DTXSID6045872	1	0
DTXSID6045909	1	0
DTXSID6045878	0	0
DTXSID6045874	0	0
DTXSID6045951	0	0
DTXSID6045953	0	0
DTXSID6045791	1	0
DTXSID6045820	1	0
DTXSID6045955	1	0
DTXSID6045959	1	0
DTXSID6046133	1	0
DTXSID6046135	0	0
DTXSID6046189	1	0
DTXSID6046210	1	0
DTXSID6046212	0	0
DTXSID6046214	1	0
DTXSID6046137	1	0
DTXSID6046000	1	0
DTXSID6045957	1	0
DTXSID6046139	0	0
DTXSID6046181	1	0
DTXSID6046218	0	1
DTXSID6046262	1	0
DTXSID6046185	1	0
DTXSID6046187	0	0
DTXSID6046008	1	0
DTXSID6046054	1	0
DTXSID6046131	1	0
DTXSID6046395	0	0
DTXSID6046397	1	0
DTXSID6046399	0	0
DTXSID6046420	1	0
DTXSID6046264	0	0
DTXSID6046266	1	0
DTXSID6046268	1	0
DTXSID6046341	1	0
DTXSID6046343	1	0
DTXSID6046424	1	0
DTXSID6046345	1	0
DTXSID6046426	1	0
DTXSID6046347	1	0
DTXSID6046391	0	0
DTXSID6046393	0	0
DTXSID6046470	1	0
DTXSID6046713	0	0
DTXSID6046630	0	0
DTXSID6046472	1	0
DTXSID6046715	0	0
DTXSID6046719	0	1
DTXSID6046634	0	0
DTXSID6046503	0	0
DTXSID6046474	1	0
DTXSID6046636	1	0
DTXSID6046761	1	0
DTXSID6046638	1	0
DTXSID6046476	1	0
DTXSID6046505	1	0
DTXSID6046478	0	1
DTXSID6046501	1	0
DTXSID6046507	1	0
DTXSID6046509	0	0
DTXSID6046551	0	0
DTXSID6046553	1	1
DTXSID6046682	1	0
DTXSID6046686	1	0
DTXSID6046557	0	1
DTXSID6046765	1	0
DTXSID6046842	1	0
DTXSID6046844	1	0
DTXSID6046846	1	0
DTXSID6046890	1	0
DTXSID6047028	0	0
DTXSID6047103	0	0
DTXSID6046892	1	0
DTXSID6047074	1	0
DTXSID6047076	0	0
DTXSID6047070	0	0
DTXSID6046925	1	0
DTXSID6046898	1	0
DTXSID6047078	1	0
DTXSID6046977	0	0
DTXSID6046923	1	0
DTXSID6047072	1	0
DTXSID6047101	0	0
DTXSID6047157	0	0
DTXSID6047159	0	0
DTXSID6047236	1	0
DTXSID6047280	1	0
DTXSID6047107	1	0
DTXSID6047109	0	0
DTXSID6047155	0	0
DTXSID6047313	1	0
DTXSID6047286	1	0
DTXSID6047288	1	1
DTXSID6047282	1	0
DTXSID6047284	0	0
DTXSID6047311	0	0
DTXSID6047363	1	0
DTXSID6047490	0	0
DTXSID6047448	0	0
DTXSID6047444	0	0
DTXSID6047440	0	0
DTXSID6047315	0	0
DTXSID6047319	1	0
DTXSID6047498	1	1
DTXSID6047446	0	0
DTXSID6047781	0	0
DTXSID6047608	1	0
DTXSID6047654	1	0
DTXSID6047604	1	0
DTXSID6047606	1	0
DTXSID6047656	1	0
DTXSID6047523	0	0
DTXSID6047369	0	1
DTXSID6047529	1	0
DTXSID6047783	1	0
DTXSID6047785	1	0
DTXSID6047525	0	0
DTXSID6047787	1	0
DTXSID6047789	1	0
DTXSID6047579	1	0
DTXSID6047810	0	0
DTXSID6047818	1	0
DTXSID6047949	1	0
DTXSID6047941	0	0
DTXSID6047945	0	0
DTXSID6048204	1	0
DTXSID6047947	1	0
DTXSID6048200	0	0
DTXSID6048202	1	0
DTXSID6047943	1	0
DTXSID6048175	1	0
DTXSID6048171	0	0
DTXSID6048626	1	0
DTXSID6048628	1	0
DTXSID6048670	1	0
DTXSID6048676	1	0
DTXSID6048678	0	1
DTXSID6048701	0	0
DTXSID6048703	1	0
DTXSID6048705	1	0
DTXSID6048707	1	0
DTXSID6048709	1	0
DTXSID6048208	1	0
DTXSID6048597	1	0
DTXSID6048599	1	0
DTXSID6048620	0	0
DTXSID6048333	1	0
DTXSID6048383	1	0
DTXSID6048751	1	0
DTXSID6048753	1	0
DTXSID6048757	0	0
DTXSID6048759	1	0
DTXSID6048832	1	0
DTXSID6048834	1	0
DTXSID6048836	1	0
DTXSID6048672	0	0
DTXSID6048674	1	0
DTXSID6048622	1	0
DTXSID6048591	1	0
DTXSID6048593	1	0
DTXSID6048595	1	0
DTXSID6048967	0	0
DTXSID6048969	1	0
DTXSID6049010	1	0
DTXSID6048886	0	0
DTXSID6048888	0	0
DTXSID6048917	0	0
DTXSID6049272	0	0
DTXSID6049274	0	0
DTXSID6049276	0	0
DTXSID6049278	0	0
DTXSID6048963	0	0
DTXSID6049060	1	0
DTXSID6048882	0	0
DTXSID6048884	0	1
DTXSID6049062	1	0
DTXSID6048965	0	0
DTXSID6049222	0	0
DTXSID6049224	1	0
DTXSID6049226	1	0
DTXSID6049064	1	0
DTXSID6049066	0	0
DTXSID6048961	1	0
DTXSID6048919	1	0
DTXSID6049012	0	0
DTXSID6048913	1	0
DTXSID6049016	1	0
DTXSID6049018	0	0
DTXSID6048911	1	0
DTXSID6048880	0	0
DTXSID6048838	0	0
DTXSID6049228	1	0
DTXSID6049270	1	0
DTXSID6049068	0	0
DTXSID6049220	0	0
DTXSID6049301	0	0
DTXSID6049303	1	0
DTXSID6049305	1	0
DTXSID6049351	1	1
DTXSID6049353	1	0
DTXSID6049355	0	0
DTXSID6049359	1	0
DTXSID6049430	0	0
DTXSID6049432	0	0
DTXSID6049309	0	0
DTXSID6049357	1	0
DTXSID6050386	1	0
DTXSID7020007	1	0
DTXSID7020009	0	0
DTXSID7020053	0	0
DTXSID7020005	1	0
DTXSID7020184	1	0
DTXSID7020138	1	0
DTXSID7020213	1	0
DTXSID7020265	1	0
DTXSID7020390	0	0
DTXSID7020340	0	0
DTXSID7020342	1	0
DTXSID7020392	0	0
DTXSID7020261	0	0
DTXSID7020344	1	0
DTXSID7020263	1	0
DTXSID7020508	1	0
DTXSID7020479	0	0
DTXSID7020504	1	0
DTXSID7020398	0	0
DTXSID7020421	0	0
DTXSID7020423	1	0
DTXSID7020681	1	0
DTXSID7020552	1	0
DTXSID7020683	0	0
DTXSID7020558	1	0
DTXSID7020685	1	0
DTXSID7020631	0	0
DTXSID7020687	1	0
DTXSID7020689	0	0
DTXSID7020635	1	0
DTXSID7020714	0	0
DTXSID7020760	0	0
DTXSID7020762	1	0
DTXSID7020710	0	0
DTXSID7020766	0	0
DTXSID7020764	0	0
DTXSID7020841	1	0
DTXSID7020970	1	0
DTXSID7020920	0	0
DTXSID7020847	1	0
DTXSID7020845	1	0
DTXSID7020895	1	0
DTXSID7020893	1	0
DTXSID7020928	0	0
DTXSID7020897	0	0
DTXSID7020899	1	0
DTXSID7020843	1	0
DTXSID7020922	0	0
DTXSID7021102	1	0
DTXSID7020972	1	0
DTXSID7021104	0	0
DTXSID7021150	0	1
DTXSID7020978	0	0
DTXSID7021156	0	0
DTXSID7021158	0	0
DTXSID7021231	1	0
DTXSID7021235	1	0
DTXSID7021237	1	0
DTXSID7021027	0	0
DTXSID7021029	0	0
DTXSID7021100	1	0
DTXSID7021318	0	0
DTXSID7021360	0	0
DTXSID7021362	0	0
DTXSID7021364	0	0
DTXSID7021289	0	0
DTXSID7021312	1	0
DTXSID7021495	0	0
DTXSID7021366	0	0
DTXSID7021499	1	0
DTXSID7021520	1	0
DTXSID7021491	0	0
DTXSID7021524	0	0
DTXSID7021239	0	0
DTXSID7021526	0	0
DTXSID7021576	1	0
DTXSID7021603	1	0
DTXSID7021605	0	0
DTXSID7021601	1	0
DTXSID7021780	0	0
DTXSID7021607	1	0
DTXSID7021655	1	0
DTXSID7021863	1	0
DTXSID7021788	1	0
DTXSID7021867	0	0
DTXSID7021784	0	0
DTXSID7021657	1	0
DTXSID7021653	1	0
DTXSID7021659	0	0
DTXSID7021817	0	0
DTXSID7021946	1	0
DTXSID7021948	1	0
DTXSID7021940	1	0
DTXSID7021996	1	0
DTXSID7021998	0	0
DTXSID7022093	1	0
DTXSID7022043	1	0
DTXSID7022120	0	0
DTXSID7021994	0	0
DTXSID7022124	1	0
DTXSID7022128	1	0
DTXSID7022253	0	0
DTXSID7022174	1	0
DTXSID7022544	0	0
DTXSID7022415	0	0
DTXSID7022417	0	0
DTXSID7022546	1	0
DTXSID7022590	0	0
DTXSID7022540	1	0
DTXSID7022592	1	0
DTXSID7022172	1	0
DTXSID7022883	1	0
DTXSID7022912	1	0
DTXSID7022918	0	0
DTXSID7023011	0	0
DTXSID7023061	1	0
DTXSID7022673	1	0
DTXSID7022833	0	0
DTXSID7023063	1	0
DTXSID7022679	0	0
DTXSID7022835	1	0
DTXSID7023067	1	0
DTXSID7022671	1	0
DTXSID7022752	1	0
DTXSID7022754	1	0
DTXSID7023192	1	0
DTXSID7023194	0	0
DTXSID7023196	1	0
DTXSID7023198	1	0
DTXSID7023227	1	0
DTXSID7023437	1	0
DTXSID7023481	1	0
DTXSID7023302	1	0
DTXSID7023146	1	0
DTXSID7023350	0	1
DTXSID7023190	0	0
DTXSID7023485	1	0
DTXSID7023487	1	0
DTXSID7023352	0	1
DTXSID7023356	1	0
DTXSID7023693	1	0
DTXSID7023724	1	0
DTXSID7023697	0	0
DTXSID7023853	1	0
DTXSID7023930	0	0
DTXSID7023512	0	0
DTXSID7023516	1	0
DTXSID7023518	1	1
DTXSID7023566	1	0
DTXSID7023568	1	0
DTXSID7023643	1	0
DTXSID7023691	0	0
DTXSID7023932	1	0
DTXSID7023699	1	0
DTXSID7023722	1	0
DTXSID7023936	0	0
DTXSID7023938	0	0
DTXSID7023300	0	0
DTXSID7024085	0	0
DTXSID7023271	0	0
DTXSID7024081	0	0
DTXSID7023277	1	0
DTXSID7023980	1	0
DTXSID7023986	0	0
DTXSID7024087	1	0
DTXSID7024031	0	0
DTXSID7023279	1	0
DTXSID7024110	1	0
DTXSID7024164	1	0
DTXSID7024112	1	0
DTXSID7024376	0	0
DTXSID7024409	0	0
DTXSID7024291	1	0
DTXSID7024299	1	0
DTXSID7024328	0	0
DTXSID7024455	0	0
DTXSID7024370	1	0
DTXSID7024160	1	0
DTXSID7024457	1	1
DTXSID7024532	0	0
DTXSID7024661	0	0
DTXSID7024667	0	0
DTXSID7024827	1	0
DTXSID7024241	1	0
DTXSID7024798	1	0
DTXSID7024245	1	0
DTXSID7024952	1	0
DTXSID7024956	0	1
DTXSID7024875	0	0
DTXSID7024902	0	0
DTXSID7025051	0	0
DTXSID7025053	1	0
DTXSID7024580	0	0
DTXSID7024586	0	0
DTXSID7025215	0	0
DTXSID7025132	0	0
DTXSID7025134	0	0
DTXSID7025342	0	0
DTXSID7025136	0	0
DTXSID7025138	1	0
DTXSID7025180	1	0
DTXSID7025055	0	0
DTXSID7025346	1	0
DTXSID7025390	0	0
DTXSID7025421	0	0
DTXSID7025423	1	0
DTXSID7025506	1	0
DTXSID7025425	0	0
DTXSID7025508	0	0
DTXSID7025427	1	0
DTXSID7025479	0	0
DTXSID7025502	1	0
DTXSID7025764	0	0
DTXSID7025895	0	0
DTXSID7025556	0	0
DTXSID7025558	1	0
DTXSID7025633	0	0
DTXSID7025922	1	0
DTXSID7025924	0	0
DTXSID7025635	0	0
DTXSID7026108	0	0
DTXSID7025639	0	0
DTXSID7025689	0	1
DTXSID7025768	0	0
DTXSID7025849	1	0
DTXSID7025637	0	0
DTXSID7026235	0	0
DTXSID7026285	0	0
DTXSID7025926	0	0
DTXSID7026156	1	1
DTXSID7026025	1	0
DTXSID7026520	0	0
DTXSID7026526	0	0
DTXSID7026441	1	0
DTXSID7026528	0	0
DTXSID7026366	1	0
DTXSID7026653	0	0
DTXSID7026499	1	0
DTXSID7026655	0	1
DTXSID7026572	1	0
DTXSID7026605	0	0
DTXSID7026609	1	0
DTXSID7026946	0	0
DTXSID7026811	0	0
DTXSID7027043	1	0
DTXSID7026863	1	0
DTXSID7026867	0	0
DTXSID7026998	1	0
DTXSID7027041	1	0
DTXSID7026994	0	0
DTXSID7027047	1	0
DTXSID7027259	0	0
DTXSID7027334	0	0
DTXSID7027099	0	0
DTXSID7027120	1	0
DTXSID7027178	1	0
DTXSID7027049	1	0
DTXSID7027122	1	0
DTXSID7027170	0	0
DTXSID7027174	0	0
DTXSID7027205	0	0
DTXSID7027253	1	0
DTXSID7027097	0	0
DTXSID7027338	0	0
DTXSID7027201	1	0
DTXSID7027594	1	0
DTXSID7027413	0	0
DTXSID7027544	1	1
DTXSID7027546	1	0
DTXSID7027461	1	0
DTXSID7027596	1	0
DTXSID7027540	0	0
DTXSID7027542	1	0
DTXSID7027598	0	0
DTXSID7027625	0	0
DTXSID7027887	1	0
DTXSID7027835	1	0
DTXSID7027833	0	0
DTXSID7027756	0	1
DTXSID7027966	0	0
DTXSID7029110	1	0
DTXSID7029160	1	0
DTXSID7028013	0	0
DTXSID7028015	0	0
DTXSID7029164	0	0
DTXSID7029166	1	0
DTXSID7029299	0	0
DTXSID7029661	1	0
DTXSID7029320	0	0
DTXSID7029665	1	0
DTXSID7029617	0	0
DTXSID7029619	0	0
DTXSID7029611	1	0
DTXSID7029247	1	0
DTXSID7029249	0	0
DTXSID7030197	1	0
DTXSID7029904	1	0
DTXSID7030060	1	0
DTXSID7030432	0	0
DTXSID7030698	1	0
DTXSID7032004	1	0
DTXSID7031458	1	0
DTXSID7031294	1	0
DTXSID7031248	1	0
DTXSID7031290	0	0
DTXSID7031531	1	0
DTXSID7031797	1	0
DTXSID7031903	0	0
DTXSID7032345	1	0
DTXSID7032393	1	0
DTXSID7032553	1	0
DTXSID7032474	1	0
DTXSID7032424	1	0
DTXSID7032470	0	0
DTXSID7032555	1	0
DTXSID7032551	1	1
DTXSID7033105	1	0
DTXSID7032559	1	0
DTXSID7032630	1	0
DTXSID7032638	0	0
DTXSID7034042	1	1
DTXSID7034250	1	0
DTXSID7034252	0	0
DTXSID7034383	1	0
DTXSID7032688	1	0
DTXSID7034549	0	0
DTXSID7034545	1	0
DTXSID7034672	0	0
DTXSID7035272	0	0
DTXSID7035010	1	0
DTXSID7034676	1	0
DTXSID7034836	0	0
DTXSID7037131	1	0
DTXSID7034961	1	0
DTXSID7035305	1	0
DTXSID7037185	1	0
DTXSID7037478	1	0
DTXSID7037553	1	0
DTXSID7037715	0	1
DTXSID7037555	1	1
DTXSID7037551	0	0
DTXSID7037262	1	0
DTXSID7037680	1	0
DTXSID7040154	0	0
DTXSID7038810	0	0
DTXSID7038814	0	0
DTXSID7040152	0	0
DTXSID7038818	1	0
DTXSID7040657	1	0
DTXSID7040360	1	0
DTXSID7040362	1	0
DTXSID7040734	0	0
DTXSID7040526	0	0
DTXSID7040287	1	0
DTXSID7040289	0	0
DTXSID7040316	0	0
DTXSID7040609	0	0
DTXSID7040449	0	0
DTXSID7040651	0	0
DTXSID7041047	1	0
DTXSID7041091	0	0
DTXSID7041097	1	0
DTXSID7040736	0	0
DTXSID7040738	1	0
DTXSID7040948	0	0
DTXSID7041209	1	0
DTXSID7041178	1	0
DTXSID7041126	1	0
DTXSID7041417	1	0
DTXSID7041201	1	0
DTXSID7041388	0	0
DTXSID7041411	1	0
DTXSID7041671	1	0
DTXSID7041625	0	0
DTXSID7041621	1	0
DTXSID7041461	0	1
DTXSID7041675	0	0
DTXSID7041627	0	0
DTXSID7041756	0	0
DTXSID7041623	0	0
DTXSID7041540	1	0
DTXSID7041544	0	0
DTXSID7041629	1	1
DTXSID7041883	0	0
DTXSID7041887	1	1
DTXSID7041966	1	0
DTXSID7041918	1	0
DTXSID7041889	1	0
DTXSID7042140	0	0
DTXSID7041910	0	0
DTXSID7041914	1	0
DTXSID7041916	1	0
DTXSID7042011	0	0
DTXSID7041962	0	0
DTXSID7042019	1	0
DTXSID7041964	0	0
DTXSID7042190	0	0
DTXSID7042198	0	0
DTXSID7042061	0	0
DTXSID7042063	0	0
DTXSID7042279	0	0
DTXSID7042196	1	0
DTXSID7042352	1	0
DTXSID7042356	0	0
DTXSID7042437	1	0
DTXSID7042514	1	0
DTXSID7043829	0	0
DTXSID7043908	0	0
DTXSID7043950	1	0
DTXSID7044130	1	0
DTXSID7043902	0	0
DTXSID7044132	1	0
DTXSID7044215	1	0
DTXSID7044217	1	0
DTXSID7044392	0	0
DTXSID7044267	1	0
DTXSID7044396	0	0
DTXSID7044340	1	0
DTXSID7044346	1	0
DTXSID7044342	1	0
DTXSID7044398	1	0
DTXSID7044390	0	0
DTXSID7044421	0	0
DTXSID7044423	0	0
DTXSID7044425	1	0
DTXSID7044429	1	0
DTXSID7044427	0	0
DTXSID7044471	0	0
DTXSID7044631	1	0
DTXSID7044633	1	0
DTXSID7044502	0	0
DTXSID7044508	0	0
DTXSID7044473	0	0
DTXSID7044552	1	0
DTXSID7044635	0	0
DTXSID7044639	1	0
DTXSID7044479	0	0
DTXSID7044554	1	0
DTXSID7044504	1	0
DTXSID7044506	1	0
DTXSID7044764	1	0
DTXSID7044760	0	0
DTXSID7044841	1	0
DTXSID7044762	0	0
DTXSID7044681	1	0
DTXSID7044714	1	0
DTXSID7044689	0	0
DTXSID7044718	1	0
DTXSID7044899	0	0
DTXSID7044847	0	0
DTXSID7044926	0	0
DTXSID7044845	1	0
DTXSID7044893	1	0
DTXSID7044928	0	0
DTXSID7044897	1	0
DTXSID7044972	0	0
DTXSID7045360	1	0
DTXSID7044974	0	0
DTXSID7045364	1	0
DTXSID7045366	1	0
DTXSID7044976	1	0
DTXSID7045368	0	0
DTXSID7045287	0	0
DTXSID7045441	0	0
DTXSID7045029	0	0
DTXSID7045310	0	0
DTXSID7045152	1	0
DTXSID7045316	0	0
DTXSID7045079	0	0
DTXSID7045108	1	0
DTXSID7045318	1	1
DTXSID7045312	0	0
DTXSID7045158	1	0
DTXSID7045281	1	0
DTXSID7045443	0	0
DTXSID7045493	0	0
DTXSID7045497	1	0
DTXSID7045522	1	0
DTXSID7045526	0	0
DTXSID7045578	1	0
DTXSID7045570	1	0
DTXSID7045603	1	0
DTXSID7045605	1	0
DTXSID7045607	1	0
DTXSID7045572	1	0
DTXSID7045574	1	0
DTXSID7045576	1	0
DTXSID7045942	0	0
DTXSID7045948	1	0
DTXSID7045782	0	0
DTXSID7045940	0	0
DTXSID7045861	1	0
DTXSID7045992	0	0
DTXSID7045863	1	0
DTXSID7045865	1	0
DTXSID7045946	1	0
DTXSID7045867	0	1
DTXSID7045811	1	0
DTXSID7045651	1	0
DTXSID7045815	1	0
DTXSID7045653	1	0
DTXSID7045655	1	0
DTXSID7045780	0	0
DTXSID7045788	1	0
DTXSID7046093	1	0
DTXSID7046095	1	0
DTXSID7046128	1	0
DTXSID7046170	1	0
DTXSID7046176	1	0
DTXSID7046259	0	0
DTXSID7046178	1	0
DTXSID7045996	0	0
DTXSID7045998	1	0
DTXSID7046384	1	0
DTXSID7046041	1	0
DTXSID7046091	1	0
DTXSID7046388	1	0
DTXSID7046047	1	0
DTXSID7046172	0	0
DTXSID7046201	1	0
DTXSID7046099	1	0
DTXSID7046120	1	0
DTXSID7046415	0	0
DTXSID7046417	0	0
DTXSID7046700	0	0
DTXSID7046702	1	0
DTXSID7046627	0	0
DTXSID7046411	0	0
DTXSID7046465	0	0
DTXSID7046463	1	0
DTXSID7046673	1	0
DTXSID7046122	1	0
DTXSID7046548	1	0
DTXSID7046677	1	0
DTXSID7046594	0	0
DTXSID7046596	0	0
DTXSID7046675	0	0
DTXSID7046207	1	0
DTXSID7046621	1	0
DTXSID7046251	0	0
DTXSID7046253	1	0
DTXSID7046255	0	0
DTXSID7046257	1	0
DTXSID7046706	0	0
DTXSID7046708	1	1
DTXSID7046752	1	0
DTXSID7046754	0	1
DTXSID7046461	1	0
DTXSID7046758	0	0
DTXSID7046831	0	0
DTXSID7046467	1	0
DTXSID7046540	1	0
DTXSID7046542	1	0
DTXSID7047144	1	1
DTXSID7047146	0	1
DTXSID7047065	0	0
DTXSID7047067	0	0
DTXSID7046889	1	0
DTXSID7046910	1	0
DTXSID7046839	0	0
DTXSID7046881	0	0
DTXSID7046883	1	0
DTXSID7047061	0	0
DTXSID7046912	1	0
DTXSID7046833	0	0
DTXSID7046835	1	0
DTXSID7046837	1	1
DTXSID7046914	1	0
DTXSID7046918	1	0
DTXSID7046885	1	0
DTXSID7046887	0	0
DTXSID7046966	1	0
DTXSID7047142	1	0
DTXSID7047271	1	0
DTXSID7047196	0	0
DTXSID7047198	1	0
DTXSID7047279	1	0
DTXSID7047192	1	0
DTXSID7047277	1	0
DTXSID7047306	1	0
DTXSID7047308	1	0
DTXSID7047510	1	0
DTXSID7047562	1	0
DTXSID7047512	0	0
DTXSID7047356	1	0
DTXSID7047439	1	0
DTXSID7047435	1	0
DTXSID7047358	0	0
DTXSID7047568	1	0
DTXSID7047641	1	0
DTXSID7047643	1	0
DTXSID7047487	0	0
DTXSID7047518	1	0
DTXSID7047560	1	0
DTXSID7047645	0	0
DTXSID7047647	0	0
DTXSID7047649	0	0
DTXSID7047774	1	0
DTXSID7047697	1	0
DTXSID7047851	1	0
DTXSID7047772	0	0
DTXSID7047857	1	0
DTXSID7047776	1	0
DTXSID7047930	1	0
DTXSID7047778	1	0
DTXSID7047801	0	0
DTXSID7047803	1	0
DTXSID7048168	1	0
DTXSID7047936	1	0
DTXSID7048291	1	0
DTXSID7048669	1	1
DTXSID7048613	1	0
DTXSID7047934	0	0
DTXSID7047938	0	0
DTXSID7048615	1	0
DTXSID7048617	1	1
DTXSID7048580	1	0
DTXSID7048582	1	0
DTXSID7048661	1	0
DTXSID7048166	1	0
DTXSID7048586	0	0
DTXSID7048663	1	0
DTXSID7048665	1	0
DTXSID7048667	1	1
DTXSID7048588	1	0
DTXSID7048611	1	0
DTXSID7048740	0	0
DTXSID7048744	0	0
DTXSID7048746	0	0
DTXSID7048748	1	0
DTXSID7048790	1	0
DTXSID7048792	1	0
DTXSID7048875	1	0
DTXSID7048827	1	0
DTXSID7048879	0	0
DTXSID7048794	0	0
DTXSID7048829	0	0
DTXSID7048900	1	0
DTXSID7048871	0	0
DTXSID7048796	1	0
DTXSID7048908	1	0
DTXSID7048950	1	0
DTXSID7048825	1	0
DTXSID7048952	1	0
DTXSID7048902	1	0
DTXSID7048904	1	0
DTXSID7048798	1	0
DTXSID7048821	1	0
DTXSID7048823	1	0
DTXSID7048906	1	0
DTXSID7048956	1	0
DTXSID7048958	1	0
DTXSID7049001	1	0
DTXSID7049003	0	0
DTXSID7049005	1	0
DTXSID7049007	0	0
DTXSID7049009	1	0
DTXSID7049051	0	0
DTXSID7049215	1	0
DTXSID7049217	1	0
DTXSID7049219	1	0
DTXSID7049263	1	0
DTXSID7049269	0	0
DTXSID7049340	1	1
DTXSID7049055	1	0
DTXSID7049057	1	0
DTXSID7049267	1	0
DTXSID7049211	0	0
DTXSID7049342	1	0
DTXSID7049059	1	0
DTXSID7049348	0	0
DTXSID7049396	0	0
DTXSID7049421	1	0
DTXSID7049425	1	0
DTXSID7049390	0	0
DTXSID7049392	0	0
DTXSID7049427	1	0
DTXSID8020044	1	0
DTXSID8020090	0	0
DTXSID8020121	0	0
DTXSID8020123	1	0
DTXSID8020092	0	0
DTXSID8020094	0	0
DTXSID8020127	1	0
DTXSID8020173	0	0
DTXSID8020179	1	0
DTXSID8020200	0	0
DTXSID8020202	1	0
DTXSID8020206	1	0
DTXSID8020331	1	0
DTXSID8020250	0	0
DTXSID8020252	0	0
DTXSID8020337	1	0
DTXSID8020381	1	0
DTXSID8020468	0	0
DTXSID8020464	0	0
DTXSID8020591	0	0
DTXSID8020383	1	0
DTXSID8020410	1	0
DTXSID8020543	1	0
DTXSID8020545	1	0
DTXSID8020593	0	0
DTXSID8020466	0	0
DTXSID8020462	1	0
DTXSID8020624	1	0
DTXSID8020707	1	0
DTXSID8020709	1	0
DTXSID8020626	1	0
DTXSID8020597	1	0
DTXSID8020622	0	0
DTXSID8020620	0	0
DTXSID8020703	0	0
DTXSID8020628	1	0
DTXSID8020757	0	0
DTXSID8020834	1	0
DTXSID8020753	0	0
DTXSID8020838	1	0
DTXSID8020830	0	0
DTXSID8020755	0	0
DTXSID8020965	1	0
DTXSID8020915	0	0
DTXSID8020886	0	0
DTXSID8020888	0	0
DTXSID8020913	0	0
DTXSID8020961	0	0
DTXSID8020917	1	0
DTXSID8020919	0	0
DTXSID8020963	0	0
DTXSID8020969	1	0
DTXSID8020967	1	0
DTXSID8021147	0	0
DTXSID8021062	0	0
DTXSID8021193	0	0
DTXSID8021199	0	0
DTXSID8021145	0	0
DTXSID8021224	0	0
DTXSID8021351	0	0
DTXSID8021359	0	0
DTXSID8021301	1	0
DTXSID8021515	1	0
DTXSID8021488	1	0
DTXSID8021438	0	0
DTXSID8021482	1	0
DTXSID8021484	0	0
DTXSID8021519	1	0
DTXSID8021561	0	0
DTXSID8021513	1	0
DTXSID8021272	1	0
DTXSID8021517	0	0
DTXSID8021276	0	0
DTXSID8021278	0	0
DTXSID8021565	1	0
DTXSID8021640	0	0
DTXSID8021642	0	0
DTXSID8021690	1	0
DTXSID8021775	0	0
DTXSID8021721	1	0
DTXSID8021777	1	0
DTXSID8021725	1	0
DTXSID8021800	0	0
DTXSID8021644	0	0
DTXSID8021646	1	0
DTXSID8021648	1	0
DTXSID8021931	1	0
DTXSID8021939	1	0
DTXSID8021937	1	0
DTXSID8021854	0	0
DTXSID8022082	0	0
DTXSID8022084	0	0
DTXSID8021802	0	0
DTXSID8021804	0	0
DTXSID8021856	0	0
DTXSID8022086	0	0
DTXSID8022113	0	0
DTXSID8022117	0	0
DTXSID8022246	0	0
DTXSID8022292	1	0
DTXSID8022111	0	0
DTXSID8022828	1	0
DTXSID8022612	0	0
DTXSID8022666	1	0
DTXSID8022749	1	0
DTXSID8022371	0	1
DTXSID8022614	0	0
DTXSID8022377	0	1
DTXSID8022741	0	0
DTXSID8022872	0	0
DTXSID8022822	1	0
DTXSID8022901	1	0
DTXSID8022955	1	1
DTXSID8022959	0	0
DTXSID8023000	0	1
DTXSID8023004	1	1
DTXSID8023054	1	0
DTXSID8023137	1	0
DTXSID8023181	1	1
DTXSID8023183	1	0
DTXSID8023185	0	0
DTXSID8023187	0	0
DTXSID8023470	1	0
DTXSID8023472	1	0
DTXSID8023393	1	0
DTXSID8023395	0	0
DTXSID8023474	1	0
DTXSID8023422	1	0
DTXSID8023476	0	0
DTXSID8023478	1	0
DTXSID8023557	0	0
DTXSID8023551	1	0
DTXSID8023632	1	0
DTXSID8023713	0	0
DTXSID8023719	1	0
DTXSID8023636	0	0
DTXSID8023638	1	0
DTXSID8023680	0	0
DTXSID8023688	0	0
DTXSID8023846	0	0
DTXSID8023848	0	0
DTXSID8023262	1	0
DTXSID8023345	0	0
DTXSID8024072	0	0
DTXSID8023260	1	0
DTXSID8024101	1	0
DTXSID8023347	1	0
DTXSID8023349	1	0
DTXSID8023214	1	0
DTXSID8023216	1	1
DTXSID8023890	0	0
DTXSID8024107	1	0
DTXSID8024105	0	0
DTXSID8023927	1	0
DTXSID8024109	1	0
DTXSID8024157	1	0
DTXSID8024234	1	0
DTXSID8024159	1	0
DTXSID8024284	1	0
DTXSID8024286	0	0
DTXSID8024442	0	0
DTXSID8024238	1	0
DTXSID8024311	1	0
DTXSID8024739	1	0
DTXSID8024529	0	0
DTXSID8024573	1	0
DTXSID8024781	1	0
DTXSID8024600	0	0
DTXSID8024658	0	0
DTXSID8024733	0	0
DTXSID8024862	0	0
DTXSID8024448	1	0
DTXSID8024521	1	0
DTXSID8024523	0	0
DTXSID8024602	1	0
DTXSID8024608	1	0
DTXSID8024652	0	0
DTXSID8024864	1	0
DTXSID8024941	0	0
DTXSID8024947	0	0
DTXSID8024991	0	0
DTXSID8025258	1	0
DTXSID8025337	0	0
DTXSID8024999	0	0
DTXSID8025040	1	0
DTXSID8025331	1	0
DTXSID8025464	0	0
DTXSID8025046	1	0
DTXSID8025096	0	0
DTXSID8025094	0	0
DTXSID8024997	0	0
DTXSID8025628	0	0
DTXSID8025591	0	0
DTXSID8025593	1	0
DTXSID8025703	0	0
DTXSID8025751	1	0
DTXSID8025830	0	0
DTXSID8025757	0	0
DTXSID8025595	0	0
DTXSID8025759	0	0
DTXSID8025886	0	0
DTXSID8025963	1	0
DTXSID8025967	1	0
DTXSID8025969	1	0
DTXSID8026060	0	0
DTXSID8026064	1	0
DTXSID8026068	1	0
DTXSID8026224	0	0
DTXSID8025599	0	0
DTXSID8026220	0	0
DTXSID8026228	0	0
DTXSID8026141	0	0
DTXSID8026305	0	0
DTXSID8026147	1	0
DTXSID8026307	0	0
DTXSID8026698	0	0
DTXSID8026694	1	0
DTXSID8026309	0	0
DTXSID8026563	0	0
DTXSID8026640	0	0
DTXSID8026432	1	0
DTXSID8026725	1	0
DTXSID8026436	1	0
DTXSID8026488	1	0
DTXSID8026727	1	0
DTXSID8026519	0	0
DTXSID8026802	1	0
DTXSID8026931	0	0
DTXSID8026729	1	0
DTXSID8026935	0	0
DTXSID8026981	0	0
DTXSID8027032	1	0
DTXSID8027034	1	0
DTXSID8027036	1	0
DTXSID8026933	1	0
DTXSID8026773	1	0
DTXSID8026775	0	0
DTXSID8027084	0	0
DTXSID8027086	1	0
DTXSID8027294	0	0
DTXSID8027113	1	0
DTXSID8027163	0	0
DTXSID8027167	0	0
DTXSID8027169	1	0
DTXSID8027240	0	0
DTXSID8027537	1	0
DTXSID8027329	1	0
DTXSID8027321	0	0
DTXSID8027244	0	0
DTXSID8027323	0	0
DTXSID8027402	0	0
DTXSID8027581	1	0
DTXSID8027292	0	1
DTXSID8027454	1	0
DTXSID8027400	1	0
DTXSID8027585	0	0
DTXSID8027797	0	0
DTXSID8027589	1	0
DTXSID8027747	1	0
DTXSID8027822	1	0
DTXSID8027749	1	0
DTXSID8027826	1	0
DTXSID8029072	1	0
DTXSID8029105	0	0
DTXSID8029234	1	0
DTXSID8029230	1	0
DTXSID8029317	1	0
DTXSID8029153	0	0
DTXSID8029236	1	0
DTXSID8029575	1	0
DTXSID8029286	1	0
DTXSID8029157	1	0
DTXSID8029606	1	0
DTXSID8029608	1	0
DTXSID8027959	1	0
DTXSID8029600	1	0
DTXSID8029650	1	0
DTXSID8029159	1	0
DTXSID8029652	1	0
DTXSID8029604	0	0
DTXSID8029733	1	0
DTXSID8030423	1	0
DTXSID8030760	1	0
DTXSID8029739	1	0
DTXSID8030138	1	0
DTXSID8031497	1	0
DTXSID8029868	1	0
DTXSID8032386	1	0
DTXSID8031603	1	0
DTXSID8032417	0	0
DTXSID8032544	0	0
DTXSID8031863	1	0
DTXSID8031865	1	0
DTXSID8032623	1	0
DTXSID8032627	0	0
DTXSID8033564	0	0
DTXSID8032675	1	0
DTXSID8033562	1	0
DTXSID8034401	1	0
DTXSID8033512	1	0
DTXSID8033566	0	0
DTXSID8034580	0	0
DTXSID8033649	0	0
DTXSID8033433	0	0
DTXSID8034085	0	0
DTXSID8034586	1	0
DTXSID8034089	0	0
DTXSID8034588	1	0
DTXSID8034376	1	0
DTXSID8034324	1	0
DTXSID8034669	1	0
DTXSID8034665	1	0
DTXSID8034792	0	0
DTXSID8034877	0	0
DTXSID8035180	0	0
DTXSID8035001	1	0
DTXSID8035423	0	0
DTXSID8037207	0	0
DTXSID8037594	1	0
DTXSID8037752	1	0
DTXSID8037708	1	0
DTXSID8037754	1	0
DTXSID8037750	0	0
DTXSID8037596	0	0
DTXSID8037706	1	0
DTXSID8037756	1	0
DTXSID8038770	0	0
DTXSID8040436	1	0
DTXSID8040438	1	0
DTXSID8040694	1	0
DTXSID8038801	1	0
DTXSID8040222	0	0
DTXSID8038857	0	1
DTXSID8039241	1	0
DTXSID8040484	0	0
DTXSID8040723	1	0
DTXSID8040698	0	0
DTXSID8040725	0	0
DTXSID8041034	0	0
DTXSID8041080	1	0
DTXSID8041115	1	0
DTXSID8040800	0	0
DTXSID8040727	1	0
DTXSID8041242	0	1
DTXSID8041117	1	0
DTXSID8041327	0	0
DTXSID8041246	1	0
DTXSID8041329	1	0
DTXSID8041400	1	0
DTXSID8041610	1	0
DTXSID8041321	1	0
DTXSID8041371	0	0
DTXSID8041668	0	0
DTXSID8041909	0	0
DTXSID8041951	0	0
DTXSID8041959	0	0
DTXSID8041955	1	0
DTXSID8042137	0	0
DTXSID8042181	0	0
DTXSID8041957	1	0
DTXSID8042052	0	0
DTXSID8042187	0	0
DTXSID8042266	1	0
DTXSID8042210	0	0
DTXSID8042218	1	0
DTXSID8042343	1	0
DTXSID8042264	0	1
DTXSID8042189	0	0
DTXSID8041797	1	0
DTXSID8041828	0	0
DTXSID8042632	1	0
DTXSID8042424	1	0
DTXSID8043814	1	0
DTXSID8042422	1	0
DTXSID8042399	0	0
DTXSID8043941	0	0
DTXSID8042507	0	0
DTXSID8042509	1	0
DTXSID8042478	1	0
DTXSID8042503	1	0
DTXSID8042426	0	0
DTXSID8044208	1	0
DTXSID8044200	0	0
DTXSID8044252	1	0
DTXSID8044383	0	0
DTXSID8044202	1	0
DTXSID8044389	1	0
DTXSID8044204	1	1
DTXSID8044206	1	0
DTXSID8044593	1	0
DTXSID8044462	0	0
DTXSID8044549	0	1
DTXSID8044543	1	0
DTXSID8044466	1	0
DTXSID8044597	1	0
DTXSID8044599	0	0
DTXSID8044624	1	0
DTXSID8044626	0	0
DTXSID8044620	0	0
DTXSID8044622	0	0
DTXSID8044709	0	0
DTXSID8044751	0	0
DTXSID8044755	1	0
DTXSID8044757	1	0
DTXSID8044753	1	0
DTXSID8044832	1	0
DTXSID8044834	0	0
DTXSID8044759	0	0
DTXSID8044830	1	0
DTXSID8044913	0	1
DTXSID8044915	0	0
DTXSID8044919	1	0
DTXSID8044961	1	0
DTXSID8044676	1	0
DTXSID8044678	1	0
DTXSID8044701	0	0
DTXSID8044880	1	0
DTXSID8044963	0	0
DTXSID8044967	1	0
DTXSID8045228	1	0
DTXSID8045357	0	0
DTXSID8044888	0	0
DTXSID8045145	1	0
DTXSID8045147	1	0
DTXSID8044882	0	0
DTXSID8044884	0	0
DTXSID8045305	1	0
DTXSID8045226	1	0
DTXSID8045359	1	0
DTXSID8045193	1	0
DTXSID8045195	0	0
DTXSID8045220	1	0
DTXSID8045222	0	0
DTXSID8045480	0	0
DTXSID8045561	1	0
DTXSID8045486	1	0
DTXSID8045488	1	0
DTXSID8045511	1	0
DTXSID8045567	1	0
DTXSID8045569	1	0
DTXSID8045640	0	0
DTXSID8045149	0	0
DTXSID8045513	1	0
DTXSID8045191	1	0
DTXSID8045432	1	0
DTXSID8045434	1	0
DTXSID8045515	1	0
DTXSID8045307	1	0
DTXSID8045351	1	0
DTXSID8045519	1	0
DTXSID8045563	1	0
DTXSID8045850	0	0
DTXSID8045694	1	0
DTXSID8045696	0	0
DTXSID8045852	1	1
DTXSID8045698	1	0
DTXSID8045771	1	0
DTXSID8045854	1	0
DTXSID8045773	1	0
DTXSID8045775	1	0
DTXSID8045642	0	0
DTXSID8045933	1	0
DTXSID8045935	0	0
DTXSID8045937	1	0
DTXSID8045646	1	0
DTXSID8045648	1	0
DTXSID8045939	0	0
DTXSID8045690	1	0
DTXSID8045692	0	0
DTXSID8046161	0	0
DTXSID8046163	0	0
DTXSID8046246	0	0
DTXSID8046248	1	0
DTXSID8046034	0	1
DTXSID8046036	0	0
DTXSID8046088	0	0
DTXSID8046113	1	0
DTXSID8046115	1	0
DTXSID8046321	1	0
DTXSID8046084	1	0
DTXSID8045985	1	0
DTXSID8046117	1	0
DTXSID8046165	1	0
DTXSID8046167	0	0
DTXSID8046086	0	0
DTXSID8046119	0	0
DTXSID8045989	1	0
DTXSID8046169	1	0
DTXSID8046240	1	0
DTXSID8046323	1	0
DTXSID8046325	1	0
DTXSID8046327	0	0
DTXSID8046406	1	0
DTXSID8046296	1	0
DTXSID8046402	0	0
DTXSID8046404	0	0
DTXSID8046454	1	0
DTXSID8046456	1	0
DTXSID8046458	1	1
DTXSID8046535	1	0
DTXSID8046539	1	0
DTXSID8046583	0	0
DTXSID8046531	0	0
DTXSID8046614	0	0
DTXSID8046618	0	0
DTXSID8046660	1	0
DTXSID8046662	1	0
DTXSID8046743	1	0
DTXSID8045777	0	0
DTXSID8045779	0	0
DTXSID8045802	0	0
DTXSID8045804	1	0
DTXSID8045806	1	0
DTXSID8046585	1	0
DTXSID8046589	1	1
DTXSID8046537	1	0
DTXSID8046610	1	0
DTXSID8046749	1	0
DTXSID8046876	1	0
DTXSID8046793	1	0
DTXSID8046824	1	0
DTXSID8046795	1	0
DTXSID8046901	1	0
DTXSID8047006	1	0
DTXSID8046903	1	0
DTXSID8046820	1	0
DTXSID8047058	1	0
DTXSID8046905	1	0
DTXSID8046909	1	0
DTXSID8046822	0	0
DTXSID8046951	1	0
DTXSID8047050	0	0
DTXSID8046870	1	0
DTXSID8047131	1	0
DTXSID8047000	0	0
DTXSID8047052	1	0
DTXSID8047135	0	0
DTXSID8047137	1	0
DTXSID8047183	0	0
DTXSID8047185	1	0
DTXSID8047187	1	1
DTXSID8047189	1	0
DTXSID8047133	1	0
DTXSID8047266	1	0
DTXSID8047056	0	0
DTXSID8047268	1	0
DTXSID8047349	0	0
DTXSID8047341	1	0
DTXSID8047347	1	0
DTXSID8047262	1	0
DTXSID8047391	0	0
DTXSID8047397	0	0
DTXSID8047422	1	0
DTXSID8047428	0	0
DTXSID8047474	0	0
DTXSID8047501	1	0
DTXSID8047476	1	0
DTXSID8047559	1	0
DTXSID8047553	1	0
DTXSID8047636	1	0
DTXSID8047680	0	0
DTXSID8047505	1	0
DTXSID8047682	1	0
DTXSID8047686	0	0
DTXSID8047892	0	0
DTXSID8047840	1	0
DTXSID8047842	0	0
DTXSID8047713	0	0
DTXSID8047848	1	0
DTXSID8047684	1	0
DTXSID8047844	0	0
DTXSID8047717	1	0
DTXSID8047925	1	0
DTXSID8047896	1	0
DTXSID8048577	1	0
DTXSID8048600	1	0
DTXSID8047927	1	0
DTXSID8047929	1	0
DTXSID8048650	1	0
DTXSID8047898	1	0
DTXSID8047971	1	0
DTXSID8048521	1	0
DTXSID8047921	1	0
DTXSID8047923	1	1
DTXSID8048652	1	0
DTXSID8048654	1	0
DTXSID8048656	1	0
DTXSID8048575	1	0
DTXSID8048602	1	0
DTXSID8048731	1	0
DTXSID8048733	1	0
DTXSID8048735	0	0
DTXSID8048783	1	0
DTXSID8048785	1	0
DTXSID8048737	1	0
DTXSID8048739	0	0
DTXSID8048787	1	0
DTXSID8048789	1	0
DTXSID8048781	1	0
DTXSID8048658	1	0
DTXSID8048860	1	0
DTXSID8048814	0	0
DTXSID8048862	0	0
DTXSID8048993	0	0
DTXSID8048995	1	0
DTXSID8048997	1	0
DTXSID8049044	1	0
DTXSID8048864	0	0
DTXSID8048818	1	0
DTXSID8048866	0	0
DTXSID8049042	1	0
DTXSID8048816	1	0
DTXSID8048999	1	0
DTXSID8048868	0	0
DTXSID8048941	1	0
DTXSID8049200	0	0
DTXSID8048812	1	1
DTXSID8049204	1	0
DTXSID8049040	1	0
DTXSID8049252	1	0
DTXSID8049331	0	0
DTXSID8049333	1	0
DTXSID8049254	1	1
DTXSID8049256	1	0
DTXSID8049258	0	0
DTXSID8048943	0	1
DTXSID8049381	0	0
DTXSID8049383	0	0
DTXSID8049335	0	0
DTXSID8049206	0	0
DTXSID8049337	1	0
DTXSID8049208	1	0
DTXSID8049385	0	0
DTXSID8049250	1	0
DTXSID8049418	1	0
DTXSID8049389	1	0
DTXSID8049410	0	0
DTXSID8049414	0	0
DTXSID8048947	0	0
DTXSID8049387	0	0
DTXSID8049339	0	0
DTXSID8048949	1	0
DTXSID8048991	1	0
DTXSID9020031	0	0
DTXSID9020083	0	0
DTXSID9020087	1	0
DTXSID9020118	0	0
DTXSID9020160	1	0
DTXSID9020112	1	0
DTXSID9020164	0	0
DTXSID9020114	1	0
DTXSID9020116	0	0
DTXSID9020110	1	1
DTXSID9020166	0	0
DTXSID9020168	0	0
DTXSID9020293	0	0
DTXSID9020249	0	0
DTXSID9020241	0	0
DTXSID9020245	1	0
DTXSID9020247	1	0
DTXSID9020322	0	0
DTXSID9020370	0	0
DTXSID9020407	0	0
DTXSID9020409	1	0
DTXSID9020378	1	0
DTXSID9020451	0	0
DTXSID9020538	1	0
DTXSID9020580	0	0
DTXSID9020584	1	0
DTXSID9020582	0	0
DTXSID9020663	1	0
DTXSID9020615	1	0
DTXSID9020667	1	0
DTXSID9020669	1	0
DTXSID9020740	1	0
DTXSID9020742	0	0
DTXSID9020796	1	0
DTXSID9020827	1	0
DTXSID9020790	0	0
DTXSID9020821	0	0
DTXSID9020825	1	0
DTXSID9021134	0	0
DTXSID9021053	0	0
DTXSID9020958	0	1
DTXSID9020956	0	0
DTXSID9021130	0	0
DTXSID9020829	0	0
DTXSID9020875	0	0
DTXSID9021136	1	0
DTXSID9021059	0	0
DTXSID9020877	0	0
DTXSID9020902	0	0
DTXSID9021138	0	0
DTXSID9021182	0	0
DTXSID9021184	0	0
DTXSID9021188	0	0
DTXSID9021215	0	0
DTXSID9021344	0	1
DTXSID9021340	0	0
DTXSID9021346	0	0
DTXSID9021390	0	0
DTXSID9021398	0	0
DTXSID9021425	1	0
DTXSID9021427	1	0
DTXSID9021348	0	0
DTXSID9021477	0	0
DTXSID9021392	0	0
DTXSID9021635	1	0
DTXSID9021683	0	0
DTXSID9021552	0	0
DTXSID9021639	1	0
DTXSID9021479	1	0
DTXSID9021554	1	0
DTXSID9021689	1	0
DTXSID9021631	0	0
DTXSID9021633	1	0
DTXSID9021899	0	0
DTXSID9021718	1	0
DTXSID9021762	1	0
DTXSID9021922	1	0
DTXSID9021924	0	0
DTXSID9021843	0	0
DTXSID9021841	0	0
DTXSID9021764	1	0
DTXSID9021897	0	0
DTXSID9021847	0	0
DTXSID9022027	0	0
DTXSID9022364	0	1
DTXSID9022366	1	1
DTXSID9022520	1	0
DTXSID9021928	1	0
DTXSID9021974	1	0
DTXSID9021976	0	0
DTXSID9022607	1	0
DTXSID9022609	0	1
DTXSID9022655	1	0
DTXSID9022659	0	0
DTXSID9022574	0	1
DTXSID9022730	0	0
DTXSID9022522	0	0
DTXSID9022578	0	0
DTXSID9022601	1	0
DTXSID9022946	0	0
DTXSID9023128	1	0
DTXSID9022817	1	0
DTXSID9022861	0	0
DTXSID9022948	1	0
DTXSID9022780	0	0
DTXSID9023170	0	0
DTXSID9023095	1	0
DTXSID9023097	1	0
DTXSID9022782	1	0
DTXSID9022940	1	0
DTXSID9022815	0	0
DTXSID9022734	0	0
DTXSID9022944	1	0
DTXSID9022736	0	0
DTXSID9022738	0	0
DTXSID9023176	0	0
DTXSID9023201	1	0
DTXSID9023255	1	0
DTXSID9022998	1	1
DTXSID9023041	0	0
DTXSID9023386	1	0
DTXSID9023043	0	0
DTXSID9023463	0	0
DTXSID9023049	1	0
DTXSID9023388	1	0
DTXSID9023540	1	0
DTXSID9023542	1	0
DTXSID9023411	1	0
DTXSID9023413	1	0
DTXSID9023415	1	0
DTXSID9023546	1	0
DTXSID9023419	1	0
DTXSID9023548	1	0
DTXSID9023590	1	0
DTXSID9023621	1	0
DTXSID9023623	1	0
DTXSID9023380	0	1
DTXSID9023629	1	0
DTXSID9023673	1	0
DTXSID9023677	1	0
DTXSID9023702	0	0
DTXSID9023889	1	0
DTXSID9023706	1	0
DTXSID9023752	0	0
DTXSID9023837	0	0
DTXSID9024304	0	0
DTXSID9024431	0	0
DTXSID9024300	1	0
DTXSID9023914	0	0
DTXSID9024065	0	0
DTXSID9024437	1	0
DTXSID9023966	1	0
DTXSID9024481	1	0
DTXSID9024015	1	0
DTXSID9024485	1	0
DTXSID9024487	0	0
DTXSID9024512	0	0
DTXSID9024568	0	0
DTXSID9024641	0	0
DTXSID9024724	1	0
DTXSID9024726	0	0
DTXSID9024855	0	0
DTXSID9024691	1	0
DTXSID9024699	0	0
DTXSID9024930	0	1
DTXSID9024934	1	0
DTXSID9025110	0	0
DTXSID9025112	1	0
DTXSID9025114	0	0
DTXSID9025164	0	0
DTXSID9025087	1	0
DTXSID9025243	1	0
DTXSID9025085	1	0
DTXSID9024986	1	0
DTXSID9025035	0	1
DTXSID9025245	0	0
DTXSID9025249	0	0
DTXSID9025291	1	0
DTXSID9025293	1	0
DTXSID9025299	1	0
DTXSID9025536	1	0
DTXSID9025403	1	0
DTXSID9025409	1	0
DTXSID9025401	0	1
DTXSID9025297	1	0
DTXSID9025580	1	0
DTXSID9025451	1	0
DTXSID9025453	1	0
DTXSID9025370	1	0
DTXSID9025455	1	0
DTXSID9025740	0	0
DTXSID9025744	0	0
DTXSID9025742	0	0
DTXSID9025534	1	0
DTXSID9025746	0	0
DTXSID9025794	0	0
DTXSID9026130	0	0
DTXSID9025796	1	0
DTXSID9025825	1	0
DTXSID9025873	0	0
DTXSID9025617	0	0
DTXSID9025879	0	0
DTXSID9026053	1	0
DTXSID9026059	0	0
DTXSID9025661	1	0
DTXSID9026261	1	0
DTXSID9026558	0	0
DTXSID9026689	0	0
DTXSID9026631	0	0
DTXSID9026633	0	0
DTXSID9026710	1	0
DTXSID9026712	1	0
DTXSID9026265	0	0
DTXSID9026841	0	0
DTXSID9026714	1	0
DTXSID9026716	1	0
DTXSID9026849	1	0
DTXSID9026718	0	0
DTXSID9026899	0	0
DTXSID9026766	1	0
DTXSID9027104	1	0
DTXSID9027158	0	0
DTXSID9027233	0	0
DTXSID9027239	0	0
DTXSID9026922	0	0
DTXSID9026342	1	0
DTXSID9026924	0	0
DTXSID9026423	1	0
DTXSID9026926	1	0
DTXSID9027281	1	0
DTXSID9027310	0	0
DTXSID9026500	1	0
DTXSID9027312	1	0
DTXSID9027314	1	0
DTXSID9027360	0	0
DTXSID9027368	0	0
DTXSID9027441	0	0
DTXSID9027021	1	0
DTXSID9027443	1	0
DTXSID9027364	1	0
DTXSID9027570	1	0
DTXSID9027449	0	0
DTXSID9027603	1	0
DTXSID9027653	0	0
DTXSID9027520	1	0
DTXSID9027528	1	0
DTXSID9028120	1	0
DTXSID9029146	0	0
DTXSID9029192	1	0
DTXSID9029223	0	0
DTXSID9030707	1	0
DTXSID9029691	0	0
DTXSID9029695	0	0
DTXSID9031800	1	0
DTXSID9029275	1	0
DTXSID9030048	1	0
DTXSID9029277	1	0
DTXSID9029279	1	0
DTXSID9030258	1	0
DTXSID9029302	1	0
DTXSID9029649	0	0
DTXSID9032329	1	0
DTXSID9032375	1	0
DTXSID9032327	0	0
DTXSID9032535	1	0
DTXSID9032610	1	0
DTXSID9032379	1	0
DTXSID9032581	1	0
DTXSID9032406	0	0
DTXSID9032537	0	0
DTXSID9032614	1	0
DTXSID9032878	1	0
DTXSID9033058	0	0
DTXSID9033187	1	0
DTXSID9033264	1	0
DTXSID9033896	0	0
DTXSID9034070	0	0
DTXSID9034361	1	0
DTXSID9034365	1	0
DTXSID9033979	1	0
DTXSID9034490	0	0
DTXSID9034492	1	0
DTXSID9035753	0	0
DTXSID9036226	0	0
DTXSID9034816	0	0
DTXSID9035204	0	1
DTXSID9035206	1	0
DTXSID9034997	1	1
DTXSID9035175	1	0
DTXSID9034864	1	0
DTXSID9036515	0	1
DTXSID9036646	1	0
DTXSID9036690	0	0
DTXSID9037248	1	0
DTXSID9037612	1	0
DTXSID9037745	0	0
DTXSID9037741	0	0
DTXSID9036933	0	0
DTXSID9037038	0	0
DTXSID9037246	1	0
DTXSID9040134	1	0
DTXSID9037749	0	0
DTXSID9039238	1	0
DTXSID9040554	0	0
DTXSID9040265	1	0
DTXSID9040001	0	0
DTXSID9040269	1	0
DTXSID9040635	1	0
DTXSID9040683	0	0
DTXSID9040130	1	0
DTXSID9040502	0	0
DTXSID9040685	1	0
DTXSID9040760	1	0
DTXSID9041021	1	0
DTXSID9041023	1	0
DTXSID9041075	1	0
DTXSID9041104	0	0
DTXSID9041152	1	0
DTXSID9041237	1	0
DTXSID9040687	0	0
DTXSID9040716	1	0
DTXSID9040710	0	0
DTXSID9040712	0	0
DTXSID9041289	0	0
DTXSID9041441	0	0
DTXSID9041366	0	0
DTXSID9041491	0	0
DTXSID9042097	0	0
DTXSID9041524	0	0
DTXSID9041813	1	0
DTXSID9041815	1	0
DTXSID9041861	0	0
DTXSID9042124	0	1
DTXSID9041528	0	0
DTXSID9042209	0	0
DTXSID9041607	0	0
DTXSID9043853	1	0
DTXSID9043938	0	0
DTXSID9042465	1	0
DTXSID9042203	1	0
DTXSID9042415	0	0
DTXSID9041659	0	0
DTXSID9042382	0	0
DTXSID9042592	1	0
DTXSID9044374	1	0
DTXSID9042259	0	0
DTXSID9044378	0	0
DTXSID9044401	0	0
DTXSID9042594	1	0
DTXSID9043988	1	0
DTXSID9044112	1	0
DTXSID9044247	0	1
DTXSID9044241	1	0
DTXSID9044370	0	0
DTXSID9044320	0	0
DTXSID9044405	1	0
DTXSID9044457	0	0
DTXSID9044407	0	0
DTXSID9044534	1	0
DTXSID9044409	0	0
DTXSID9044451	1	0
DTXSID9044455	0	0
DTXSID9044322	0	0
DTXSID9044536	0	0
DTXSID9044328	1	0
DTXSID9044538	1	0
DTXSID9044582	0	0
DTXSID9044667	1	0
DTXSID9044613	1	0
DTXSID9044615	0	1
DTXSID9044584	1	0
DTXSID9044588	0	0
DTXSID9044617	0	0
DTXSID9044619	1	0
DTXSID9044740	0	0
DTXSID9044742	0	0
DTXSID9044663	1	0
DTXSID9044744	0	0
DTXSID9044746	0	0
DTXSID9044790	0	0
DTXSID9044748	0	0
DTXSID9044794	0	0
DTXSID9044796	0	1
DTXSID9044877	0	0
DTXSID9044871	0	0
DTXSID9044908	1	0
DTXSID9044827	1	0
DTXSID9044879	1	0
DTXSID9044829	0	0
DTXSID9044873	1	0
DTXSID9044875	0	0
DTXSID9044798	0	0
DTXSID9044821	1	1
DTXSID9044823	1	0
DTXSID9045182	1	0
DTXSID9045184	0	0
DTXSID9045188	1	0
DTXSID9045003	1	0
DTXSID9045007	0	0
DTXSID9045217	1	0
DTXSID9045267	1	0
DTXSID9045053	0	0
DTXSID9045342	0	0
DTXSID9045132	1	0
DTXSID9045344	1	0
DTXSID9045136	1	0
DTXSID9045346	0	0
DTXSID9045508	1	0
DTXSID9045550	1	0
DTXSID9045348	1	0
DTXSID9045552	1	0
DTXSID9045394	0	0
DTXSID9045398	1	0
DTXSID9045502	1	0
DTXSID9045425	1	0
DTXSID9045506	1	0
DTXSID9045429	0	0
DTXSID9045479	1	0
DTXSID9045392	0	0
DTXSID9045556	1	0
DTXSID9045633	0	0
DTXSID9045390	1	0
DTXSID9045635	1	0
DTXSID9045637	0	0
DTXSID9045500	0	0
DTXSID9045558	1	0
DTXSID9045768	1	0
DTXSID9045899	0	0
DTXSID9045845	0	0
DTXSID9045639	1	0
DTXSID9045683	1	0
DTXSID9045762	1	0
DTXSID9045685	0	0
DTXSID9045847	0	0
DTXSID9045891	1	0
DTXSID9045895	1	0
DTXSID9045922	1	1
DTXSID9045764	1	0
DTXSID9045766	0	0
DTXSID9045687	1	0
DTXSID9045924	1	0
DTXSID9045689	1	0
DTXSID9045928	0	0
DTXSID9045972	0	0
DTXSID9045976	0	0
DTXSID9045978	0	0
DTXSID9046150	0	0
DTXSID9046239	1	0
DTXSID9046281	1	0
DTXSID9046152	1	0
DTXSID9046154	0	0
DTXSID9046156	1	0
DTXSID9046283	1	0
DTXSID9046231	0	0
DTXSID9046102	0	0
DTXSID9046495	1	0
DTXSID9046106	1	0
DTXSID9046497	1	0
DTXSID9046285	1	0
DTXSID9046108	0	0
DTXSID9046023	0	0
DTXSID9046443	1	0
DTXSID9046445	1	0
DTXSID9046071	1	0
DTXSID9046073	0	0
DTXSID9046360	0	0
DTXSID9046499	1	0
DTXSID9046520	0	0
DTXSID9046287	0	0
DTXSID9046449	1	0
DTXSID9046524	0	0
DTXSID9046526	0	0
DTXSID9046784	1	0
DTXSID9046786	1	0
DTXSID9046651	1	0
DTXSID9046572	0	0
DTXSID9046570	1	0
DTXSID9046788	1	1
DTXSID9046605	1	0
DTXSID9046607	0	0
DTXSID9046815	1	0
DTXSID9046653	0	0
DTXSID9046730	1	0
DTXSID9046578	1	0
DTXSID9046601	1	1
DTXSID9046603	0	0
DTXSID9046609	1	0
DTXSID9046659	1	0
DTXSID9046732	0	0
DTXSID9046576	1	0
DTXSID9046734	1	0
DTXSID9046736	1	0
DTXSID9046738	0	0
DTXSID9046780	1	0
DTXSID9046782	1	1
DTXSID9046992	1	0
DTXSID9047041	0	0
DTXSID9047091	0	0
DTXSID9046994	0	0
DTXSID9046861	1	0
DTXSID9046998	0	0
DTXSID9047045	1	0
DTXSID9046867	1	1
DTXSID9047043	0	0
DTXSID9046869	1	0
DTXSID9046942	1	0
DTXSID9046863	1	0
DTXSID9047093	1	0
DTXSID9046946	1	0
DTXSID9047095	1	0
DTXSID9047201	0	0
DTXSID9047176	0	0
DTXSID9047124	1	0
DTXSID9047126	0	0
DTXSID9047178	0	0
DTXSID9047203	0	0
DTXSID9047128	1	0
DTXSID9047205	0	0
DTXSID9047174	0	0
DTXSID9047257	1	0
DTXSID9047255	1	0
DTXSID9047120	0	0
DTXSID9047251	1	0
DTXSID9047253	1	0
DTXSID9047330	1	0
DTXSID9047413	1	0
DTXSID9047415	1	0
DTXSID9047419	1	0
DTXSID9047461	0	0
DTXSID9047334	1	0
DTXSID9047411	0	0
DTXSID9047465	0	0
DTXSID9047467	0	0
DTXSID9047548	1	0
DTXSID9047542	1	0
DTXSID9047590	0	0
DTXSID9047469	0	0
DTXSID9047594	0	0
DTXSID9047598	0	0
DTXSID9047623	0	0
DTXSID9047629	1	0
DTXSID9047673	0	0
DTXSID9047704	1	0
DTXSID9047679	1	0
DTXSID9047833	1	0
DTXSID9047700	1	0
DTXSID9047706	1	0
DTXSID9047839	0	0
DTXSID9047889	1	1
DTXSID9047910	1	0
DTXSID9047912	0	0
DTXSID9047835	1	0
DTXSID9047914	1	0
DTXSID9047837	1	0
DTXSID9048194	1	0
DTXSID9048190	0	0
DTXSID9047966	0	0
DTXSID9047968	1	0
DTXSID9048510	1	0
DTXSID9048196	0	0
DTXSID9048512	1	0
DTXSID9048514	1	0
DTXSID9047964	1	0
DTXSID9048805	0	0
DTXSID9048518	1	0
DTXSID9048641	1	0
DTXSID9048778	1	0
DTXSID9048643	0	0
DTXSID9048647	1	0
DTXSID9048649	1	0
DTXSID9047916	1	0
DTXSID9048693	0	0
DTXSID9048803	1	0
DTXSID9048516	1	0
DTXSID9048851	0	0
DTXSID9047918	1	0
DTXSID9048695	1	0
DTXSID9048697	0	0
DTXSID9048691	1	0
DTXSID9048807	1	0
DTXSID9048801	1	0
DTXSID9048809	0	0
DTXSID9048984	1	1
DTXSID9048986	0	0
DTXSID9049033	1	0
DTXSID9049035	1	0
DTXSID9048720	0	0
DTXSID9048722	1	0
DTXSID9048724	0	0
DTXSID9048726	1	0
DTXSID9048728	1	0
DTXSID9048772	1	0
DTXSID9048774	1	0
DTXSID9049037	1	0
DTXSID9049039	1	0
DTXSID9048853	1	0
DTXSID9048855	0	0
DTXSID9049083	0	0
DTXSID9048932	1	0
DTXSID9048934	1	0
DTXSID9048859	1	0
DTXSID9049241	0	0
DTXSID9048930	1	0
DTXSID9049243	0	0
DTXSID9048936	1	0
DTXSID9048938	1	0
DTXSID9048980	1	0
DTXSID9048982	1	0
DTXSID9049370	0	0
DTXSID9049322	0	0
DTXSID9049326	1	0
DTXSID9049372	0	0
DTXSID9049297	1	0
DTXSID9049245	1	0
DTXSID9049374	0	0
DTXSID9049376	1	0
DTXSID9049378	0	0
DTXSID9049247	1	0
DTXSID9049299	1	0
DTXSID9049320	0	0
DTXSID9049295	1	0
DTXSID9049291	0	0
DTXSID9049403	0	0
DTXSID9049405	1	0
DTXSID9049401	1	1
DTXSID9049407	0	0
