compound	PC1	PC2	PC3	PC4	PC5	PC6	PC7	PC8	PC9	PC10	PC11	PC12	PC13	PC14	PC15	PC16	PC17	PC18	PC19	PC20	PC21	PC22	PC23	PC24	PC25	PC26	PC27	PC28	PC29	PC30	PC31	PC32	PC33	PC34	PC35	PC36	PC37	PC38	PC39	PC40	PC41	PC42	PC43	PC44	PC45	PC46	PC47	PC48	PC49	PC50	PC51	PC52	PC53	PC54	PC55	PC56	PC57	PC58	PC59	PC60	PC61	PC62	PC63	PC64	PC65	PC66	PC67	PC68	PC69	PC70	PC71	PC72	PC73	PC74	PC75	PC76	PC77	PC78	PC79	PC80	PC81	PC82	PC83	PC84	PC85	PC86	PC87	PC88	PC89	PC90	PC91	PC92	PC93	PC94	PC95	PC96	PC97	PC98	PC99	PC100
DTXSID0020446	12.052114922481724	12.838682517908254	0.5753351693736276	-0.9688789666853523	-3.109839298277193	-2.607400526768112	-2.010119590435412	-8.2362894080179	-2.1294372893800273	-3.8153766806790452	-2.002821935951767	-1.3762638257202557	-0.5988781673261803	0.4947324473572333	0.5826790310332819	2.8983815604340366	-0.6901983351407376	0.5328860721250439	1.412320367859444	3.717698928299318	1.4717199946906412	-2.996271990746255	1.3902674124169694	-0.21481744263459918	-1.653802891705251	-2.9757551789621175	2.297578508686516	-1.344069837707473	-1.1115748232165001	-1.824021470460433	0.799033312084881	-1.4536494713952333	-1.0631596659551523	-0.3703231949171817	-0.34781819286371374	-0.6740509723850006	0.7081351896801189	-0.4543644187793889	0.5833145316314307	-1.4094812209336152	0.11208788545888285	-0.5702667548455195	-0.3664525691825517	-0.7176596466494373	-0.11398851393407303	0.8557282827152518	-0.279340725968411	1.6601038772475107	-0.43664444790815304	0.20886849532679652	0.4316824610179954	0.5074366783651622	0.7645368889164192	-0.2151593332271722	0.4450362603858577	0.4031312608276088	-1.593360470540319	0.035741175368914496	-1.2796409041772387	0.990810692290636	1.134061365662117	0.46045555346176564	0.3813046540353357	0.6515246367885135	0.2607028822109994	0.5893839795097903	-0.46223026877698054	-0.9742096755550084	1.135574299405475	-0.07521604809540192	0.5308538420961262	-0.23815966212307196	-1.5578365744945923	-0.5964857509922868	0.36636583696054964	0.32435492981708264	-1.080550265457944	-0.31021659355716097	-0.32225292710640985	-0.3478716824524554	0.08738745940073955	-2.0271177501470055	-1.6424025864177216	0.44057088794124905	-0.47102608128416046	-0.06935600421257725	1.2834948796415637	-0.5485576873342412	1.1000015799323235	1.6568104740799152	0.7122520939370924	0.9750765704137617	0.5827134873349847	0.06840169822990544	-0.19457897915236103	0.7089823861386824	-0.10761536110640627	0.35329652200419454	0.043115348654238356	0.4551853618631191
DTXSID0020814	-13.428108940181268	-26.286124396531918	-0.6086942457675966	-4.538208533135292	-7.149635728986554	0.7765207646949451	-0.44445082046215384	-1.447638095995993	-0.6113230667173097	-2.5135575927957086	-1.383992192654432	3.4515184274837267	-1.3617244870214305	-0.6620394638890135	-0.1271582923138209	0.41504038112694336	0.7887697423013443	2.6932706348893567	0.09935210848372425	-3.0741360771201034	1.1314194279813248	-0.5901788396421308	0.698259756992218	-0.8090069488529085	1.1373134435105627	-0.3917997255380053	1.0519782328663676	0.06406120709916287	-0.27808941310980867	0.9303536039341833	0.5463057573172727	0.1964585208176489	-0.6652179288020681	-0.7444760172711284	0.9398665735254979	-0.8526322596666476	0.42562888768807294	-0.3464695301353416	-0.32813178683576905	1.3594288436471598	-0.6371914130834494	0.32764294606776084	1.0686530556267848	-0.7864423343519442	0.1831179730837099	0.3829536566115868	0.8022635864354147	0.457216579501044	-0.5833627329734536	0.5870327600033823	0.1812816084352855	-0.4388329832633663	-0.29817798193124556	0.09731174307634649	-0.634958552139712	-0.255473502159563	0.3933380627282775	2.024691352033278	-1.0892126283228016	-1.9268706842421135	0.05832843565050651	0.9492574143972522	-0.7448609176715872	0.6523131723723723	0.6924459340463734	-0.46795153028559844	-0.5790021335735772	-0.3439341312853343	-1.179939856560919	1.4567520754201626	-1.4190394967728157	0.21640516870268886	1.017786371457534	0.003406747686298786	0.020586216143526355	-0.5320515020270333	-0.0032485828449951193	-1.0665176823382498	0.7106513288900516	-1.491330394247376	-0.14874333848225033	-0.7735893107932749	-1.5519288735338916	-1.2993609076117552	0.24545543838730258	0.2280539538621421	-1.929535118235759	-0.019747352655628762	-0.666330949772715	0.8608542901729692	1.4995976441486871	0.6203126540400407	1.571751288528906	0.3060740757098161	-0.6469969857035599	1.446449096061329	-0.16574818335591063	-0.6602908871368184	0.0004587961365431243	-0.4932899398475723
DTXSID0021125	-7.324326732808569	0.979352373052716	-9.077740229944768	7.172007789853755	-3.1240090369920575	-4.290935557289642	8.187737741477612	2.880741658333588	7.379390022825467	1.996483675085737	-1.2095196286235697	-2.2379421858484503	0.17519446148663348	0.6545665739165737	-4.2124466646196845	-1.378047041002752	2.0224069671999185	-2.56261580309043	4.058233768370871	0.9516015266585071	-0.2840328731886678	-0.24530730435679388	0.3608674861225306	-0.041471358715057076	3.51103411807813	-1.7256643709588162	1.9527291294367268	5.653158034089275	-0.5147683226686852	1.979496730940595	-3.479363297075772	-1.2216166954358578	-1.4861283407529169	-0.0906926707637543	-0.498980029806721	0.2197218281983517	0.39420455157259154	1.2230007683318769	-0.38870821434542285	1.624094868939872	1.8877602155209245	-1.7899323926232324	0.1918481178647946	-1.501073039349859	-1.3948305563501835	0.8991437144811399	-0.4649915052518201	-0.5921911744866644	2.110312594384515	-0.4659345664156805	0.08283863350363863	1.3798437417583875	0.9993906627504876	-0.48029046078018206	2.321313654510291	0.4885841329075313	1.2750560326715714	0.6483575935460406	1.5690543310303688	-0.8416339067373161	0.5978214416013569	-2.68053436415156	-0.11819761097221265	0.035575984905296315	-1.5118654090291328	-0.41999004893793285	0.8430540348548534	-0.11574802676694605	0.046851268020397956	-0.943131777697242	0.02228830651007289	-0.4541025830208211	0.7734877132742652	-0.04370599322832919	0.6524357431395568	-0.9836532130569564	0.889811400098836	0.04564626005339802	-1.5692597399191655	0.5964248555744254	-0.23663009460091092	-1.9674581532826314	1.0045550845415958	-0.9851155496905597	0.774217341994959	-0.6740197617717847	-2.093421076795164	1.0835849197044989	-2.1764812929475825	-0.08258228475239936	1.7906382377551395	-0.19454255941201493	1.5518425723293738	0.27856314263449544	-1.1677059124911775	0.8360333305248943	-0.41481313933572234	-1.988875732494773	2.325194633387779	0.6079913820754431
DTXSID0021337	13.744236339561954	4.641292698685573	-7.4678308736549734	-3.5357533391906344	-1.8574019070563637	-4.806420223984578	0.057782487278335216	6.281674877378464	0.010853170056748757	-3.008442156155531	-0.8108286760784452	0.9029332632282793	1.2999637441976257	5.368062059505777	1.0394279734928433	-2.7577443872960092	-0.30964440611747424	-1.400244589622397	-1.036270655134183	0.3421787772146521	0.898938812837341	-0.16744535406446803	-1.5047426167258833	-0.9603108020306707	2.497071327391431	-0.667752010691944	-1.744922337855931	-0.04918308572218187	4.534684937353575	2.4668154177598614	-1.7908912021506382	3.0787475973969936	-0.7735067814476952	-1.1580598943114397	2.522977774038642	-3.6418594040020507	2.1283855701783616	0.9846207933971776	-2.649245001280478	0.22327017182527104	-1.6647090398849496	0.54577366466674	0.6526490104985252	-2.5084733641548604	-2.072165103337767	-1.8834753477820423	0.5237133766287853	-0.3686032700410115	0.26795571589895606	0.9050585704787467	-1.593504032903303	-0.22310809587795916	-1.7933295640792488	0.028531444280710572	-1.4983333685230213	-0.12616392003530486	-2.491936220434983	0.555994117996199	0.09574341695119816	0.49355259041584637	-2.0918872488070557	-0.03275967338410725	1.6235322007305606	1.006838431404316	0.6784396478937494	0.04597928312608169	-1.4833375835992877	-0.523307954834557	0.6999487248092006	1.610613822114401	-0.4048947452539271	-0.6869044448722269	0.48822254185210445	-0.8251337734065007	0.10098919034416975	-0.0439473247372264	0.572016781651604	-0.40265136641778043	1.6015052075001963	-0.021654553023594297	0.795140849293688	0.3665790701539161	-1.2751264727587055	0.565404710174015	-0.1122155970877044	0.3520017940958019	-0.6273783344329769	0.11440640545682769	-1.4464757851458645	2.648782682449645	-0.9968034343860324	-0.6178146292753272	-0.296357521156692	-1.2266957861086611	-0.3655775461023256	-0.189049394003454	-0.4994336986500126	-1.2701973596763836	1.2289249155924904	-2.22496848697015
DTXSID0021385	7.84761958976151	13.083525166191322	2.3630298759208634	-1.3583062384212758	-7.159266575459522	2.722198392492989	-5.4952667724490745	-8.10775495107711	4.937304220253408	0.6884359547228932	-0.502940061839752	-0.3914855855117013	4.680270251447193	0.4833650413722884	-0.15654763931902563	-1.4757907081361503	-1.8978776960750223	0.23106045790880123	-2.0014944500317444	1.135541187741906	-1.492876820402639	0.8517260951368738	-2.464751661698002	-0.4615803451234113	2.656425818466292	1.6681734994588866	0.2008612120946636	0.9372815303837089	-2.046361270493494	-0.20471621868215137	0.3096795201049506	-0.22977412099260594	0.10400212959999097	-1.4282006654231931	0.7375731820176353	0.17310139598020588	-0.2714094522759269	-0.2979882033179793	0.6459066298465115	3.232551360813928	1.600389857152142	0.6461639940167724	0.196123190430402	-0.5412869850315385	0.927745545067649	-0.266586555862611	2.0630942337198555	0.5476283596868483	-0.608964049197985	-0.38093471820254876	-0.027855311303682073	0.3561240660820376	-0.49125915862036207	-0.7303527340212783	-0.8408076024052373	-1.3046143131372212	-1.107854981260434	-1.7381703644244628	-0.7294117895281967	0.07657717204327366	0.5314896899846859	0.4677647765114244	-1.2995640186918116	-0.9204822319272212	-1.2779392838807562	-0.12057317488129939	-0.22061411644056525	0.4214955372581534	1.1550481262668784	0.6183251970103713	0.5282622048036971	1.4877336568297796	-0.11347099171216125	-0.08859185765661293	0.8131278484405193	-2.072842649219334	-0.7382432951803468	0.6691796672777999	0.027671721772167042	1.64849725858783	0.7958606306867761	-0.27239945867252613	0.10304696823576032	-0.7037179404472664	0.8571255457895416	1.0924707389654438	0.4847778557041392	0.3574322704728855	-0.45255012940877004	-0.05847872071051761	-2.0362119655153825	-0.03264685026295823	-0.4383366424871662	1.7042467083522919	1.2752022578012518	0.19992057646413797	0.6545565324033152	0.2094317441579954	-0.5001177326508	0.845075810538098
DTXSID0021834	19.508793149250927	4.075857035265772	5.003001955853144	-12.463735107611942	-0.13977849123374828	-0.9889533511562789	2.914004719308186	-0.5868296392871258	0.5093435577587951	-1.2788843158162502	0.70565583543112	-1.7920383255879349	1.0703860906058897	-0.7287238164723356	1.0935799727600086	0.6128386472148795	-0.35295441067445965	0.8663484742528986	2.4500689597461625	-0.7517500603000475	1.6489896293504844	-0.4131160047558915	1.3056578598870832	-0.9037487005066746	1.0689908797029102	0.834167277434348	0.0300155802664211	0.3740210058409395	0.8550041767667317	1.405798625941631	1.2512220163690353	-0.5451702831679376	1.724231881726836	0.4003766106749205	-0.8820146136752686	1.3437092609835397	-1.1168595309314984	-1.5381830284755655	0.5989421300985118	0.4611486513534819	1.3693735945020347	-0.13885428916522646	-2.6683816078781573	-0.8507163549964545	-1.6785212762583168	-1.0602697647683823	1.2643048789577713	0.40278798406416216	0.38231606859315537	0.42902243745348845	-0.5802265069953254	1.42351331641887	0.9412898149677164	0.07982450582617291	0.805156655510368	1.002450418472524	0.06603252883675487	-1.3926875328551853	0.2254414792374883	-0.4474509784914855	0.31014452417172306	-1.3922328936278345	0.8980721867199781	0.5109813834848955	0.2736925618869673	-0.5941790538589798	0.4222909942333647	-1.2320759003190616	0.736984482784588	1.5631810334178833	0.7102347179989899	-1.021771723381408	-0.714498255431584	0.19295689278938447	0.8225026220682243	0.8936453262185471	0.8171165139276061	0.023301238762679657	-0.17460314660155718	-0.31782806890035065	-1.5426688892532308	-0.35717808750480134	0.13800865952942998	-0.7113541805231733	-0.9287279379874298	0.24453632967296543	-0.4510109528509571	-0.2130580721773129	0.6694615515817413	0.5082682372330546	-0.026313412062435055	0.2308931129163902	0.10663726868215187	-0.14329057961703184	0.7964930839683447	2.085091468040229	1.0922622698729236	0.967600117716698	-1.2737569618053675	0.8175602058218001
DTXSID0021963	18.643704318849117	-7.162749897587563	-2.4516471348048032	3.1340501057149512	1.316221786158923	0.14496183397189527	1.1813829705254884	1.9277146552792863	-2.588848097796532	0.9856985321738087	1.1888377956945486	-0.6011934582287758	-3.0598351351967317	-0.3299100590730641	0.8568204460893493	2.479284465753146	-4.4689928758590085	1.6019822705852687	0.7405892074888927	-0.44575012925560076	0.6344232087405977	0.17450883015736748	-2.6044332688165737	-1.558019670917007	0.7011032895231325	0.47894323359750507	-1.0219597690456745	1.6586734134582677	0.6393909572948525	-0.9374281498641174	1.2649473611636575	-2.8081809165804605	2.6236030622185136	-0.7887308740369807	-0.6924448993356063	2.9268620239431677	0.17104190241734765	0.17401714222142706	0.21900755948853237	0.8865455361092628	0.5854577132073082	-2.5256742472889506	-1.2562619771943226	1.015564041502309	-0.005195735103916987	0.8279204402260646	1.2600011184267865	-0.7871473994799824	-0.9202846468715122	0.5524922676606542	-1.1193926645838732	-0.35374853624707786	-0.03932299624180049	2.6706155242186065	0.8439846669313257	-0.5520854870752533	-2.0326738864667866	2.1888668395792354	-0.1561572559813378	0.3014105600633991	-0.01091876381841232	1.3873326490361904	0.8401767003466019	-0.145050903692006	1.5130182900111429	-0.686849913940468	-0.531780439739502	1.0468168167588936	0.20779423293756186	-1.7201454392205435	0.08703186318643276	-0.257873946441955	1.048791157070992	0.638205873602013	0.5112697767322917	1.4764075323915549	-0.6548179371605991	0.896661070901832	-0.5898769271805628	-0.2042308865757578	0.1828544488708618	-1.0216812101569588	0.8042107302519064	0.8936374949906836	-0.5625816717654528	-0.45701327532603314	-0.17555421561801535	-0.06545896917451892	-1.1465235203989792	-0.344391550627846	-0.9390700534984652	0.8944216346243659	-0.7868916532911582	1.819819717148146	0.5323851501125554	0.1683162069439294	-0.17297225720733672	0.07742178620473779	0.6308771399570315	-0.08455668084361209
DTXSID0023296	0.5070018111163936	5.207853187676465	0.35142436938114885	1.710206069264312	-5.600217521690205	2.7977619635545317	2.0945663693761216	12.514682940631452	-3.0318810831181495	-1.619256008957543	-1.3523467151475843	-0.0004437675489206803	-2.5374651485257735	-1.7186665704705366	4.256721676768434	-0.25863882985413966	-3.414260882659227	6.548661029855693	1.6270291796579197	-2.247958194492845	-4.970377541344265	1.9209386376709363	2.969895449861613	-1.2054514209184948	4.097164272917389	-0.05349808825132933	-1.3595847513932975	1.0681203943158795	-0.6869640851212069	-1.2190270340169054	1.1253048637491958	0.5348534873286405	1.0560319678089627	-1.5978573544945163	0.9293661417237251	2.2553746885983736	-1.2435101720836994	1.260012986199631	-1.180842966058117	-1.1691052344841628	-2.8510915014525313	0.958238723553546	3.5273499018750236	-1.0773325040193393	2.1953390323101925	1.0028345325070112	-1.09806867236554	-1.0138668734596659	-1.4081073559025525	2.940896775386189	-0.7781497551964385	0.5393032156355477	3.928667090861366	0.19658800013665195	-0.9779944643987607	0.362035362859652	-0.4456367175019219	-1.626841275327951	-0.9819278282852794	2.8373307587770666	-0.8080415547665903	0.7866443456715146	-1.3323932088841812	-1.2542531492026892	0.25057470787191943	-0.8398160837853047	1.3823812777620343	0.07053043498486956	0.7284481303991761	-0.03970197513517217	-0.4300805645657634	0.26445457390342175	-0.9755908579874408	-0.41467943579390004	-0.06912572069701442	1.687847566514851	0.12505278154888483	0.23117984015597717	0.7947668122742536	0.8280024008035666	-0.24169021273927235	0.46792500440786994	0.8388097030698504	-0.7519336687458	0.8645388741468621	-1.408614504356234	-1.4534679689630665	-2.2952362025819646	-0.49629204789626213	0.6756374027501485	-1.014202315177598	-0.6311469948731855	-1.4672342814661479	-0.31365367041149134	-1.349977083720134	-0.47987780306349265	-0.8051512000185093	0.45403093688064655	-0.771290219814905	-0.40409387002213504
DTXSID0023581	-21.79603432309912	-20.641546484779127	0.7538919602061963	-7.578381248256878	-1.7694343730169884	-2.8360149142645206	-3.085898588073376	-2.76428686216478	-0.6334733134297112	-1.0489068355414581	-1.6776342937307334	-2.6645303823867383	-0.9999976522322656	1.2746147653519757	-2.1088831058611883	2.5826310032156736	-0.3085137462086889	-0.5798513635741134	-0.9760169704423112	1.2795019394818112	-0.8023519782901987	-0.22583155549744804	0.2313980772409627	-0.7786562482540689	0.33774924141311446	0.8857035993663889	-1.1180882136459185	0.7155659668068922	-0.503333901146659	0.383080925290018	-0.3691620231052258	0.5914783252240882	0.8323717858947474	0.00794089472795941	-2.174358960807732	-1.7029764901461901	0.49594076136429005	-0.7951858547268278	0.9758977963255443	-0.7757576397644196	-1.68498476798607	0.44192541937345226	-0.2962195319947105	-0.8146541447401034	0.08316673612871303	-0.20190724878391747	-1.2671424553120254	-0.1372552905682365	-0.577115931222941	0.8342870726759849	-0.4339148551439886	0.9378357180736592	-0.38762464272138697	0.08832933944545977	0.0031666941130839253	-0.7076214851260445	0.014893401066549959	1.5706108642990544	0.09637218839314642	0.09684286740021711	0.9267162300625034	0.2455938384915139	0.06313537611939245	0.3138025468895635	0.36912737049761296	0.2634892697078743	0.401016595522395	0.29252975059511993	-0.3819514675189634	-0.21703531857205097	-1.4657161702168098	-0.4172103118949472	-0.5959005065295746	-0.24654299162145535	-0.9258991655789015	-0.4402585217064324	0.03861663481367201	0.5711788532560031	0.47456635282744436	1.296793123237388	-0.06666375547978959	0.3885744006210826	0.07171951496103857	0.47418369082332307	-0.5464975618863376	-0.4169388041803976	0.04676175065970153	-0.11970076092956654	0.7810678252146596	0.09044903061577646	-0.1202958508356602	0.44540013212898766	-0.8275245914424372	-0.8405024219299451	0.1302895159220156	-1.1636593101306278	0.5493332452486756	0.2207948733961914	0.629413975061009	1.1893443858407051
DTXSID0023826	8.192950767486112	-10.27002085193354	1.7273623379540892	3.911337568068207	-8.188702571842402	-2.1433384521716903	-1.8522435598469897	3.758486008513011	-5.327540391908565	6.899510413816055	1.8853263735389867	-0.11588877623186757	-3.2054070401527293	2.1696612517458087	-0.952326794862432	-1.8336904092158008	-7.033309556840143	0.061659190574532355	3.3451753027843028	0.28533536699949513	3.829322575308863	1.6614680847395351	1.0598113596213263	-2.939956247073862	-2.100756056450316	-3.490280155064303	-2.940708983917645	2.448190054991714	4.60130611103996	-1.973888223428477	0.07235360927104795	1.2044706087594463	-1.0916220995991712	3.196167542398885	1.0195978811063664	2.626402653996363	-0.3660134709877077	-0.38302130805356827	3.3312304400059776	0.8529690666297411	-0.27982988559131033	-2.549195302074315	-0.6211798077917755	0.6316891299709976	0.16353976206783524	2.7903449526985202	3.7090528701790966	0.914562291711421	0.5491849960021564	-0.4095747507904499	0.48995391247019937	2.504413545299944	-1.0965331131046794	-3.1914105953980134	0.35576535865372644	2.829755385909022	-0.7779657218202588	-1.0823873027011834	-1.8014711425869399	-0.40919546624072334	0.2849402611573591	1.6294745267684836	0.704282039765239	0.8272543121354238	0.048297327838736415	2.1535170641624	1.116415345852179	-1.0214836296941376	-0.4236390402174485	0.8654501565735282	-2.4499174429926516	0.4286861937052309	1.3684203005263589	1.5672391642666696	1.5170570514098658	2.2086584138035636	0.31954070772043436	-0.20955675987819536	-0.6896692704203224	0.27264735302166193	0.5711157730049777	-1.3082758117549445	0.08712884122259909	0.45596580968793543	-0.11749175648726218	-0.34519122853031103	0.529379138750723	0.6261548261971046	1.3153272551290445	0.8894487601578431	-1.3825312771863671	-1.4320185052881147	1.3358053670907502	-0.4593453385913641	1.4281682058027103	-1.8686994613200434	-0.5028100653796475	-0.2527303278217163	0.45041360072073466	0.13778370930281555
DTXSID0023951	9.812454930694464	5.382913689325026	0.39723531850932003	4.217522571869666	-7.794082176847402	-8.515248289454348	1.1265557494318454	-4.149260958269911	1.1134574489382585	1.5702667874838399	2.465057284529932	2.126784497620397	3.061809150267874	3.3201374227215243	1.9774262772561289	0.04776047038355919	0.3657554439060372	-2.961804973850334	-0.4098112531821288	3.574431639622113	-2.5434570669803165	-0.8691594635429885	-1.1530964075183088	-1.9995468326805903	-1.314145947630961	-1.2150461160292838	2.534059173226697	-1.9167769297016644	0.3454366371450563	-1.619095105811194	0.33650720438614806	0.1232415703651841	-0.817557066634575	-3.2990187542695097	-0.9654529321120995	-1.2842287415005362	1.7711753239506773	-1.8057199172211447	-1.0024578538668547	-2.24023837172284	-0.5207866966003489	-1.3279539368585087	-1.597480324134232	-1.0030047695974706	1.1203291335482592	-1.0287355546456105	2.9234436779251753	-3.914922411005688	0.7783056751513839	1.6948894928585685	0.556797793487972	-0.923915468303257	2.4645903163691028	0.3343268754703172	-0.18367586630253654	-1.275919309097565	0.08067035516072119	-0.046582825987946	0.8860353924629106	-0.4675943656582221	0.03610203005681657	-0.5832577742737697	-0.06960594573989339	-0.4554856102454103	-1.8058944550816094	-2.692380266219359	-0.555100125281574	0.5748284175681352	-0.7168252490060164	2.4350746434767547	-0.9167736112816214	0.7120025149275844	-0.11264599412349466	2.0994867270356052	-0.9148910268877871	-1.3805669712742294	-0.3601911003532521	-0.15893891548276448	-2.103669478060663	0.04942783657796523	0.41936681737093034	2.2986614156743213	0.38047612999964325	-0.7137553628333279	-1.5898443537690605	-1.5661592123678088	0.7619197260686245	0.4494156410562516	0.7194755464849922	0.33727573030352154	-0.39390042570824485	-1.293853138721985	0.6326962280772018	-1.2642239588560518	-1.0977391846537423	0.7536797858476444	0.3727295401211886	0.23947474814064693	-0.49909979617349604	0.6622924340448588
DTXSID0024052	13.09798972799873	4.1106147945785	10.484135560719412	-8.047060226115615	-6.971906120480238	-4.725549963778761	3.2237208820166634	-0.7785588852175915	0.6107039108101255	3.0511402502868754	2.629765598366752	-2.6983559511914295	0.014971180205150881	2.0928954872464836	-0.020894967875004306	0.3497870685264735	1.1799254798970706	-2.1782608812157225	-0.14345215177647594	-2.8974301103192057	3.2634477604231376	2.1931175780280783	-0.6340407814969108	-0.5812991826692914	-1.89656316465315	0.7859476552295926	3.5571056381325725	-3.9003603035440735	0.48187748393716706	-2.5929199554122784	3.9119638024916323	0.37420274927541075	1.9087880393092103	-0.5921636465087476	-1.7631047811749205	-0.8836561138637049	1.0360664426820916	-1.1635657714774195	-1.7554043224815536	1.608307617608406	2.5363077228500606	0.5512438199538069	-1.6482958395184029	-1.7307808259867832	1.7596805812444383	0.1683113126564773	0.03621544354901283	-1.3430675892578792	-0.4193779746152382	-0.024954749629645803	-0.7799665435663385	1.4694807281640823	2.358659730772183	0.21535540487130217	1.3100672069456227	-0.9659829717121189	-0.8718106026116083	0.7164147613156526	0.05234697445859071	0.1727401042587531	-1.4280601296108084	2.157278770582037	-2.4382514799020076	0.2522880566316047	-0.16538639439937958	1.1540534561472837	3.0934167092895866	2.5697140922757438	0.7365812280275797	0.1279396222077658	0.1999142889023522	1.4522547181503365	0.34325196048776896	0.4149551131819685	1.8641566412576407	-1.9216462208128111	0.41721542004896445	-0.7212159607305466	-1.9719542413929996	-0.19998789142253473	0.8310462112450837	1.4796351708072286	-0.1860057473193767	-1.05631652432975	0.7421464488342229	-1.4987420454903777	-0.261548293251308	-0.6633518375752981	-0.2469961157719306	1.5515657140600099	0.7746961472113233	-0.9173879484390639	-0.2697009901548736	0.24848120519458278	-0.2389009723153777	-0.5686569063767487	2.1919926171527315	-1.1363205740160152	-1.3444088812984678	0.5669155700720653
DTXSID0024000	1.8913687617881805	14.468859809043398	6.365440167918935	3.213167266220394	-4.058864482558462	4.621653247570163	-4.534357683814698	-9.965816034919238	3.548971470613842	-1.6908238879180197	-2.3691077241121103	1.0112351567455469	2.253893336901954	3.363757530826083	2.1575895592671226	3.2081050701219027	-1.7420100827643954	5.013197259543517	-0.07890511951954074	0.43038838371707	-1.1782787601121365	-0.6200906550364789	1.090341249857828	0.15813764279530257	1.5089549318924438	-1.384669722042836	0.8707647926115316	-2.714915029595404	1.2382953466941984	0.17988336810939717	-0.1887124686280729	0.6642938549743009	-0.3821376483496275	-1.234115681056401	-1.3465391000207985	-0.6044212919822016	2.5850926412560997	1.6086484051814849	0.44352181872020635	1.0100328511980663	-0.8050718274310203	0.05201561747650786	1.079039043747103	-1.8655928076542199	-1.5580882569327292	1.606835095712398	-0.8066265622292365	-1.1642520077504965	0.6223663960813259	-0.5507145961004061	-2.2089987052372555	1.508703893920445	1.3439163062957935	-2.2568060344683754	0.6513988286466051	0.5559791172612056	0.26905760793249184	1.2109433781821841	2.1660961529872496	0.09952553500226805	-1.8983958592897614	0.5448255821168895	0.1375963070633933	0.3630124748948004	-1.053130569374306	0.20100344988325197	1.5046635731949167	0.12814686788960283	-0.9488932545259853	-0.328087520121545	-0.4622041712299292	0.6128385386443519	1.4543706239270178	2.540831920172689	-1.3888737662278694	-0.1529248634942849	0.7033347179094829	0.3706562326503527	-1.4748745250754292	1.3414461335430379	-0.5975289977386403	0.4842760246520889	0.4526655506909027	0.39836163002451025	0.15136649856953568	0.6115682510742362	0.15757965350605962	0.896489145917426	-0.5819513510671149	-0.23193901457057703	-1.3632281056534756	-0.22348294185927106	-0.954103167543071	-0.13560314661557055	1.6245570424422486	0.10049055980038214	0.4254513405361108	1.4285404726457764	0.1269825062304243	0.042315049431290185
DTXSID0027270	12.089354702046684	-18.126449341473247	3.714849700113755	6.379449464612069	12.003860968406475	14.860660760057053	-1.2062495488000855	2.57281728261079	1.0875157625923677	-4.52917254047593	2.7160208280156493	-0.5666053902775836	-1.4229561076777526	1.6097740884106015	-0.4707960653079513	-4.311534977313512	1.8474787330361868	-1.3158845366824488	-3.391652757772512	2.3759147107547944	-0.3489111563426855	-2.9301791303295235	1.5337419070716463	0.03729117035699704	0.8008429449540059	-1.1717987510324983	0.01406648900112984	2.3381106067995696	-0.38352485683718696	-1.2893891159110764	3.1668912087104237	2.338510656856863	-1.7044206705017246	-0.8269967007154507	0.4644032778690859	2.0311542357099666	-0.9861858802378419	2.984032623258833	-2.7871449788039877	0.10505393524576262	1.9845469473134427	0.3639757558375153	0.10233856319305838	-2.8026144855252406	-0.06724590539828093	0.5775353648101316	0.550335975258596	-1.1847720081847324	-0.3588110082516165	0.09660616225825251	-0.7152659329424874	-0.39370042815461304	1.0861603549931171	0.6296261956172411	-0.6932663112136904	0.268053644517125	1.003212494044564	0.29597588835698585	0.7569234010669246	0.4013708284734345	0.2116265811833055	1.7526649203101494	1.3300401142437182	0.13428618552792562	-0.3880282152170264	0.9736809113508792	-0.29110800375199425	1.5031311562352108	-0.412838611376376	-0.4626646984546276	0.7877777437513871	0.25808093882430017	-0.4055221520452993	-0.12062845268237521	0.9208857107335006	-0.4293960623116743	-0.32167930872404293	0.6307958290390916	-0.19049117140747063	0.680163969691253	0.8529164341628064	-0.22659640039964546	-0.3878287585931144	0.19950990479577085	-0.694846979648878	-0.6645082753632892	1.3650325662554215	0.40416768356852606	0.18078232632803506	0.20627143780078336	0.7278337374990393	-0.06267636669223188	1.2322024916552834	-0.7347355381370354	0.1520002960749356	2.001267872557486	0.7250534590633527	-1.466760373732693	-0.13002527865740987	0.7307388425766848
DTXSID0027721	-9.982016474600911	-0.11785487392282665	-14.62657821645588	1.3959716972166898	0.20334521779000822	0.727948695878504	5.934211260957441	6.443113905879029	-4.2142490218511215	2.414708899123979	3.99490357674994	-3.1680285129280925	2.6824088232012944	-3.0305686489568764	-8.423312181182808	0.7840748768556076	1.5071725155788895	0.7899680157048465	0.13083263991473865	-0.8216879942599947	-0.8419714203808043	-3.0739230253654686	-3.590374712180033	2.8031268351878698	3.109624133026905	-4.7212489317735855	2.2882453172125476	-2.8246785859943278	-2.225564527648535	1.4711674974959266	-1.7338308710545909	0.3753396026166213	-1.0932657204926888	-1.147251139065784	1.406582856400914	0.41255800357847044	1.3259015249715966	1.1400346009145719	1.3956579468637056	0.979522489859282	2.3665641889070232	-0.5519564589956567	-0.7784691672065628	-0.761745184878697	0.21630017089182027	1.832324258275126	-0.03753125407178195	0.27726340585394027	0.7928154280795516	0.13805515505201227	-1.664296678955099	-0.6160363345022201	1.6701145001552549	-3.20510980935278	-0.2595003634962257	-0.8743046606251265	1.0185401560659466	1.5287174484897628	-1.9919319957743316	-0.6097622278174464	-2.4007971762318197	0.40903158002052725	0.2906934333755625	0.2737987748346476	0.05498370363254329	0.5128925829712653	0.7336481109809759	0.17365882323500154	0.10218645352973399	1.9610581072442563	0.018469393518303023	-0.6425807919957898	0.42159452369941763	0.6337551417057625	-0.12544894690901298	-0.23609754401302363	2.0683602748952037	-0.37147901215604434	1.1111968872622036	0.6951366615448363	1.5295890380542694	1.270189479124389	2.2950356895695463	-0.40469256479680826	-0.21923833082609298	-0.16188099425194438	-1.7331891505649721	0.09141744148611243	0.945931742363118	0.4935783153414359	0.5071742215436281	0.07363004966242657	1.1287314616562778	-0.4125768177673524	0.05348833001064709	-0.2963563536227473	0.23623118099849744	1.0018102856926296	-1.0137043981197773	0.3958661427329931
DTXSID0032493	-4.363457567828672	10.130154837089371	-10.236692960743898	5.057984201661822	-6.050867944078072	5.234704115638797	-4.083792011742663	1.5642005602925344	-2.53728325537004	1.3826050553449036	-0.9187381527944798	-1.7491293713330742	-1.2206898288894057	-1.389802147794853	-2.6858884930464795	1.8345461446523856	0.2973469542294309	-0.4692595741486888	-0.6078132642024952	4.890971892181343	0.8213209539825148	-0.2623780163584529	-0.6101858000249535	0.267066980727063	-0.9256038214186662	1.8160170010956211	-1.0811268081206318	-1.6011656804469954	1.5286705579597155	2.8068386700091477	-0.8116159467220492	1.6392167477149948	0.26860733347302557	-1.237596325128282	1.8356451439657475	0.12491097298070249	0.35905791759263705	-0.36082217790534726	1.1091833289011324	-0.13656443560155257	0.14143220334700404	0.20597941533817138	-0.22999426474339127	0.23775874345804404	0.22636778787579642	-0.6641483789885257	-0.04074553175610975	-0.8303776667828913	0.3950756206738787	-1.0048525332037141	1.52783311165239	-0.09296821724590291	0.8582469387719919	1.396517803303677	-0.1467025938629612	-0.7666193695605321	2.089801483569246	0.6003824464276891	1.259403413658281	-0.1462389328188865	2.189375568948077	1.1830557419569883	0.20953849435901023	0.8778474152733241	0.14838399062650692	-0.4879925768000813	0.8225805791222737	0.6735397074990196	-0.430205963865138	0.3438144242605524	-0.09124445991245136	0.8332319835199913	0.6480863056797666	-2.320792758730465	0.3824549902416623	1.038406800218563	-1.0040777528264615	0.08541477613652496	-0.21543744789965213	-1.0141431108844614	-1.5508084551237704	1.0051459550237931	0.03869684335728146	0.9292082271921696	-0.31983609119474204	0.8445185213916315	0.40889748005717214	-0.6652572889193906	-0.9845041240986773	0.022530437673071797	-0.9948495657135735	-0.4205148273477264	0.37606434707871056	-0.44476558700002694	0.6213733045126963	0.7875647671263226	0.7829255694792907	-0.992049303135297	-0.18142010951075413	-0.14604585863309014
DTXSID0032601	-4.596580106669329	6.187657917142342	-14.37509919410245	0.873449021241954	-5.0590381856650986	5.626120725552294	0.949262798329049	5.234551031872947	2.244320004558848	2.634487308507853	0.8339422361290866	-0.23794193770587527	-6.144310690328149	-1.0640055107876545	2.0640727368357417	2.920605021648161	5.997707609921871	1.3951719964730285	0.7846130117315459	2.3883859900067828	1.0420838272650232	3.4218862008166893	-0.3059607429787379	-0.5844613799928055	-2.0287962276085234	-0.46396281021050695	0.81867199626164	-1.0463071802386026	-0.07122519306169642	-0.25510140238842094	0.28826743511239694	-1.789439213479817	-1.9447960071066646	0.9085684351870642	-1.5853220732155258	-0.13373768935907965	0.08474565480378239	0.9670587156407656	0.5469920933856266	0.08154051069437424	-1.4017604600396707	-1.226682481181178	2.227458073178317	0.12901297550230648	-0.5187729571559729	-0.9071376620213225	0.006261454656642941	0.45321549589772336	-1.9631349389669541	-2.6840744640245324	-3.760199264502341	0.5379509875026486	-1.0115981440787307	-0.1580947646596197	1.800935121715307	-0.2610673214971881	-1.2141028945477892	-0.17983616884608708	1.2401702874901421	0.4777816374702002	1.2441894709595875	2.0406962037071947	1.2003674028186808	-1.361222686549758	-0.952246841742098	-0.9564388159452802	-1.1913288589871935	0.025691236889156043	0.021709970836891964	-1.3301311913093168	-0.7409148719140691	-0.579358803437938	-0.458751500196537	0.5976061932307593	-0.6854100540193463	0.5328267933678821	0.29027484595837955	-0.17372179015613406	0.9719827289389117	-0.11417349203438086	-0.25077631312160564	0.1973933341109898	1.191830490383346	-0.08430027312786748	-0.22971121294422844	1.1900241405867669	1.0076164695947105	0.6997592665422254	0.9423905230970109	-0.7537540856137277	-0.8312543673609027	0.2755911068998347	-0.6391765612348482	0.45250331163857155	-0.1433228354287393	0.6267235128231704	-0.5768131749946004	0.6592198399211359	-0.3511704589316592	-0.23053247267079366
DTXSID0032655	-9.32240166920605	0.3616396519839403	-12.367939357114563	4.228759566493282	-7.188631365408186	0.8564946581235876	1.7272136891645462	6.202296071315601	-0.5467069858768876	2.9790769621344264	3.428244442737913	0.7230520408849123	-4.672318218352982	-1.3884189166231538	0.9587209121924536	0.8747447785877812	4.928227336451935	3.2397818472036284	2.5484576388452256	2.0903978562427503	1.433835465024989	0.062234104948103615	-1.1943710048848046	1.1164792844784723	0.5262947539771543	-1.5601459382285374	-0.09165830621755028	2.6223036461828917	-2.398322889362808	-0.12348786543066939	2.382666517179016	0.10308389315745822	2.204785658001034	0.8692091201407723	-1.8962994615053097	1.1893996527432027	-0.8836665999444039	-0.5433021238701681	-1.7715934654085548	-1.9664409761912354	1.0407049463375238	-0.9186690904381781	-1.4898830098362252	0.1988770623584569	1.3978256262849393	-0.8466064161687501	-0.039326440490611646	0.878425046300531	1.5747030109127884	0.7526711111549528	-0.9180827874502161	0.0628121372927604	0.5997190087450389	0.2561078562744208	-1.2271389282245304	1.0251768431228299	-0.5666799879119432	-0.7319357603989564	0.17099976908235529	-0.2493232624799054	-0.40752443608192895	0.3568574654228401	-1.9649073712402219	1.0559842292177466	2.033408544268169	1.4565956941112743	-1.0444704085893048	-0.7610906349852545	0.08380226658157247	0.04543098622312993	-0.1912293763861146	-1.201265620854242	-0.0744645328131429	-0.616103205412124	-0.17443722343461518	-0.5097745744217848	-2.1161443099241604	1.0650431064132135	-0.015459628008884556	1.690567425335526	1.0448728329256118	0.8212523443314927	-0.3772153981710759	-1.2421191812783055	0.29873009661048905	0.9191996274101352	-0.5041467498968404	2.197556935714057	-0.4565434336707829	-0.05651493919118803	-0.6140938436894323	0.023554674613153845	-0.6149292575255314	1.894490162044761	-0.08436358617305324	0.3597662454013465	0.14990370198949704	0.028370990341367017	0.31492517979761303	0.31739504944921365
DTXSID0034192	-10.01461986648184	-25.921754349453074	-1.5938659271055038	-2.9003116542465652	-10.0057592518484	1.498199565253238	-1.2515125515910466	-1.8423204503843547	1.285192320463537	-1.6236869811755235	-0.927068311776084	5.4902958084038485	-2.587696102737592	0.0476697622575896	0.40353539237592856	-2.7689762742769384	0.3805827147515004	0.7422249550775198	0.8136773612009194	-2.7488865162021323	0.3411231117130277	-1.2744074200542743	-1.0901411446259381	-1.2499252012079722	0.05863971912199557	-0.3059171433576842	0.6840820633303594	-0.3836709381295673	0.21366517607623	-1.9862605621916907	-0.8343560902960916	-0.29355180077067133	-1.3959604661043883	-0.03809180689498235	1.2444645827412284	2.1612216306846426	-0.5923577975700237	-0.009806232736479934	-0.45567841707023704	-0.06130333502041458	-1.0407928221031748	0.8493897059923066	-1.2775537144805011	-0.7232131475481982	-0.9721579895374025	-0.7797702091670871	-0.42101116617880785	-1.215134623537924	-0.661788668481946	-0.45467479972586616	-2.0929822680373014	-0.7534979348474999	0.30852700631722696	1.179642135800418	1.4804706540899755	-0.14248955552253492	1.4950855840457682	-0.7648507272015155	-0.25172246165669254	0.0010775609555334867	0.4811354195963432	0.9182319220683016	-0.40082881570571505	0.4530043375347069	0.06269039156014627	0.3283518296232287	0.12440670319231752	-0.6203938634651341	1.6287521707458468	-0.477635320678272	-1.851037706735987	0.24734275259994992	0.0017983465685865215	0.18038412297202272	0.6786301994476941	0.3367755441466641	1.0465675193563624	0.43081694375130264	0.16513262973617776	0.5754456755619506	0.7464710291582304	-1.0053534057904623	-0.11199842865418758	0.6498558451686325	1.1552952734716637	0.606214465874794	1.156123353102511	-0.35275802718785987	0.6586627569256974	-0.8387818322044619	-0.536376866450115	-1.2244153201221895	0.6141030949781144	-0.2735397144960032	-0.7017999953987495	0.18291019514900636	0.5697756126633853	-0.3374824719860726	-1.2629901166918154	-1.2280689173579997
DTXSID0034695	-17.88020275845932	-1.5423018625995055	8.56176429389057	-6.904320847753485	-2.4582513885034585	-1.1582936680574656	-0.5816655324081497	7.103996668645937	5.598113003237659	1.3252120311652598	2.4469108795187795	1.9438873299931096	0.2887365588137789	0.2538383955310066	0.6186775867973112	-0.364035514116125	-3.475502124192911	-0.663230381573085	-3.3980377579503793	0.4165642597165358	-2.716353843690112	-1.37852807356676	3.8046690582611227	1.6074648775948788	-3.1677339307356434	2.2255686962413876	-1.7815014640757552	1.040732177950004	-0.8099048784655369	1.2251902730477648	0.1124415727035363	0.6719398151233189	-1.5067101428492773	0.9632799129434308	-0.5913759240990363	0.6422193622119963	1.7586764453695996	-1.4440471271278894	-0.9179824635594215	-1.5756404077284476	-1.5518509553077473	0.010866885884328593	-1.5930102167560092	-0.5965847782495215	0.21775865774234077	-0.6930270626060897	0.5173060036475527	0.30323861615197684	-0.9303916111314541	-1.217408296270785	1.0402684806334224	0.9504866960416047	1.475940774264491	2.1573462594739286	-0.170456878655913	0.17734918540489336	1.3005995271315445	0.29385831401475637	-0.9459167650595294	2.7227139617037017	0.67872982910124	-0.4068522339804682	-0.2223228188461272	-2.0536002519049563	2.384647061101718	1.221745051218946	2.5321264659200255	-0.3183654506779257	0.6985494501570714	-0.44926948241749387	-0.019776998011731318	0.4692620407268115	-0.2395803078608306	-0.1092019849371236	-0.8382593130454428	-1.0993795402247393	0.5948041507784871	0.06549858741425738	-0.3135652173029699	-1.1498418092076426	-0.813942608198459	1.0436374763278333	-0.9016655055814429	0.6294130959092069	-0.09638420979759663	1.0296956305514586	0.10151733137615433	0.1262310879190185	-0.733962475076508	0.13096847192110064	0.8246345860567339	1.1226828932549562	1.2832172027206756	0.5423879538647717	3.036743659551802	0.20212865256071297	0.31251954416931854	0.564244121170695	0.3740026380949817	1.4162534144853385
DTXSID0037495	19.000269857891023	3.8568468429051324	0.3101906813433491	-0.7232258047335465	2.3530335451126136	-3.402678982839598	-8.606858805373792	3.340290265410645	-1.0562639745064293	-1.4717688677155025	-2.7786809850867256	0.6915176905409804	-2.1313165359431103	3.231533794917645	1.4498784314286903	-1.4956266670633371	-1.3640412459339555	0.5910710966200173	0.7322882383586287	0.5574655119641441	-0.9053934585896346	-0.2428150818063901	-1.6251707945458518	-1.7454381908238337	-1.1695302482082204	0.9711045644485894	0.5005013937993434	1.4053886049707578	-0.9343359738477832	-0.8644677006873291	-1.4374185233919552	-0.6773129559476142	-0.664968370007244	1.590900387168453	-1.5005002984847229	-1.5727685059555705	1.3005804876084381	1.7368299740994253	1.2002405824699673	0.31073746658926726	0.17315807790185161	-0.9940661809060232	0.3978248125490778	-0.7481114250563625	-1.100973352893821	0.41601103006207013	0.05107847630179405	-0.8711817858376335	-0.7700841188247908	-1.1993966053007192	-1.0292300817022095	-0.22099497958255243	1.0353426821521154	1.425377537288448	1.1799973692218093	0.9059512490364267	0.2558112916964293	-0.19046716820939955	-0.946739560933147	-0.6775672131969883	-0.9247426417698426	0.4795350613101156	1.8774577244589807	-0.15384405176230817	-0.6957250047900573	-0.23157538618851808	-0.5624496793860048	2.804459436199129	1.4240304729262037	-2.8060862061525818	0.8951876584120357	0.42853021323857865	-2.134248940028133	-0.2918058255021061	-0.3365693319055373	1.3955477483670569	0.5929016285189315	0.22883000824713087	-1.0810498074360222	0.7435736041299142	-0.07004182946905524	-0.2005038786208963	-0.6796098306025701	-0.958436369820992	-0.9303057630600461	-0.009284667297427728	-0.30092978754209926	-0.024180776866271896	0.623705241046652	-0.9789402114562402	-0.01198270219801973	-0.8071792595764481	0.8018472673468885	0.0697614269289446	-0.9874840526409678	1.5950790204617924	0.7430952260695499	0.11454290676634267	-0.4926802494189297	-0.38140508179808963
DTXSID0041274	12.858688908729716	-3.7389667402845728	-1.533327510246132	4.858005817747328	-7.3997498568040765	-6.311956583727559	3.091868075380443	-4.796848667839505	2.0783079020333375	5.397401550065961	0.7831655345592659	1.1084534128321915	-0.581122735016061	-2.575773541773363	4.008069513302302	-0.6500100529625812	0.6479776966319643	-1.4800224757415323	0.07604436695058517	-0.8467704001767221	-1.818269604248981	2.366633737746353	-4.522540563335029	-0.882016299455701	0.3402906590575815	-2.0983283632121053	-0.9583985537553885	-0.31289059771915545	-2.4376652059654296	-2.046434678595654	1.1538840076728358	-1.5986010003595157	1.2718159649075962	-0.23061405667935916	0.5444018024709362	0.5614266879962296	-0.973569310399237	0.8266865502704198	-0.12021620426305757	0.6525244087303987	-1.4383408021996127	1.5286328368714297	-1.8533029621102688	-1.1452048981824576	-1.6640668903257088	-0.4822069840743669	1.115523604042549	-2.4052476053265863	0.7027974381495343	-0.045210415776166364	0.9226581810077058	0.4761579977821533	-2.383886227193628	-0.5122655382928951	0.21644007294211862	1.4088300769060327	-0.3781671189473255	-1.0718270598513437	1.0803460012120314	0.9368114910638965	1.5086174158618566	-0.2637373077950597	-0.6123638702512652	0.9579022967574797	-0.5110711370062003	-1.989444972821314	0.7948712445747252	0.38092427007290863	-0.8521286153619266	0.3379347920013491	0.48596779410459845	2.312518442212365	-0.2595952380846526	0.44016054355962503	0.5473536768122295	-0.11984200820344622	0.9345356930536028	0.2952717622963905	1.8636768778622645	0.2759762737551961	-2.124271139916286	0.6891563047271828	1.97369426068447	-0.15780798941486765	-0.3472191663210114	-0.4654577898241141	0.37332255989906915	1.180003116495034	0.3611737502480007	-0.7866675492236391	1.4255186394056814	0.552030837520438	1.3072267803223176	0.20954332162604483	-0.9256080109587479	1.3654065289748933	0.24843911233645916	-0.43096481894118116	-0.21757297796902422	-0.7714420661955632
DTXSID0046488	-22.855010482091885	-9.730702769908987	3.180341882855055	-2.887866806808969	-0.47008339552631334	-0.08093608614960886	-0.19887928151381515	1.5028203441170371	0.46758141481266363	0.7246887522426924	-2.3388906164628036	-5.113585732982903	1.6465112139483353	0.2091647379807385	-1.5259413005521312	1.980307974420015	-2.710277241171694	-0.057375916344916324	-2.157925375606856	0.4474254296724418	-1.482878849735441	1.505420067092334	2.4881175358993946	0.8598528424940941	-1.1848998523833936	-0.2521578451442787	-0.26293977335036745	1.271501324376955	0.35180767456932766	0.23755536067563152	0.023077685335574527	0.6013238257350972	0.27474808438549275	-0.2909546100143948	-0.273069843104767	0.6320168191905584	1.7848431705196015	-0.7037758274170035	0.448776944528952	0.7835975696989316	-2.2700606285601346	0.35762786825120363	-1.4720656006457666	1.2302464414774248	0.2712212516752638	-1.7768409641366398	-1.7284058355896148	0.26289103287305016	-1.769425445209305	-0.44799206701680533	1.4429959288308636	1.0384903518500872	-0.050205165927910377	0.12834058094033227	1.778053174927267	0.9667187630316709	-1.1499115681878382	-0.4863859840489594	0.9379374013011839	1.708359405450326	-0.7430137312924789	-1.2561684276736356	0.5233360767678547	0.8086123167628292	-0.7182169878961743	0.2928694934296795	0.6598574541995524	0.7276676782132496	0.512156206455323	0.43040453420416036	-1.2428367164492569	-0.13573249899054535	0.36768959282044034	0.8159474750946486	-0.09122520904663467	-0.5397330203079088	0.5274775201035534	0.9566144582319813	-0.9222112733737025	0.6122970821760066	0.5600050837250441	0.3713137834206664	-0.4260210263931074	-0.24310760257342917	-0.7038666635209053	0.04920998737304412	0.4244588922149763	-0.7784438726040128	-0.07030969449638036	-1.0579941658650298	1.361815596702145	1.08306016719687	-0.1523267051087043	-0.0038688686556100976	-0.41500449652519356	-0.6095806503657131	-1.0806209917616427	1.8913536720373303	-0.5342070621593732	-0.030510995699904654
DTXSID0047246	-19.30711167810267	-2.615556844407683	5.1869027079822	3.1010685262552733	-2.908914848049754	-3.5146846721890324	-0.5160957619575465	2.723942351435083	-2.8732239570828364	6.987995248544271	2.3161897260546507	-1.6735784188081064	2.0951485369015734	3.732189345946006	-3.9246128576693167	1.9576438866852053	0.9945154538285483	-2.065958719948199	-1.834820209284058	0.4064994818747165	1.2829738860922306	-0.36678301490553533	2.2755873865865537	0.791231969737551	-0.6464860852903143	0.4850761154845936	-0.8365755112953335	0.7997837113161339	-2.431382409609809	-1.2405703736770282	-3.0266259327873133	-0.6242128003698918	0.5116633534913455	1.3507033204078187	-0.5649249700079673	0.09780528337642853	1.1087113286938202	-1.350332711229958	-0.9043014711513849	-0.18512379340837504	1.7170330654908508	1.518127939225699	-0.38428085742785834	-0.8831396498875579	0.03282543733782237	0.3832506814345804	-1.1129455216350435	-0.5780294868711808	-1.122515752063373	0.5427578400755725	-0.08521836302289688	1.5502529064801185	1.9205298101054453	-0.32214201512037005	-0.5210751701399481	0.3924392108926244	-0.6000581830400769	0.7063375963195669	-0.16691821991062034	-1.5318729440149583	3.815072661850973	-2.4844000909271124	-0.9331448404265459	1.4487223059835292	-1.2380259118490404	0.00215839624253535	0.841354708779288	-0.1891530958810451	0.12034753033567386	0.550218823580968	0.27936033958534445	-1.2077573667987598	0.24315036544067134	0.5383836770525499	-1.4896320287859177	1.8786884960058294	0.9107903518000962	-0.6293388271730108	0.8821451374407207	0.44361479856375025	-0.8001725896344676	-0.45678917161302435	-0.7224929656908785	-1.2321211800690055	-0.7857414647308449	0.6945629792258956	0.9440657623215559	1.7066602954016976	1.5239311375647	-0.3308118749623411	-1.7609333811210193	-0.9367875302344599	-1.0869069168224668	0.02403046000172543	-0.11301596643411843	1.0517289280963016	1.941476825946321	0.24204362290281559	0.32915215497272576	-0.5863715616744101
DTXSID0047248	-18.769474460879877	2.355801344616864	-1.9989474199176316	-0.30323374205874065	0.6458544272481643	-6.821652257121084	-2.0567255955531327	0.12909659141421007	3.930649258366305	1.4193934696901382	7.756525156546278	0.45573995740805484	-2.0285935706843015	2.1686025339680643	2.017370335833656	-0.06490632127454161	2.046052999453674	-0.8156000615871448	-0.3688550046553985	-1.6643375452751865	1.5121546381366828	-3.143580770928346	1.913769542128277	-0.70243845081527	2.296124988939868	-0.6579502000607064	-2.0014026711717445	-2.378822951626052	-2.283928888889298	-1.971908274700989	-2.046853021624251	3.2620478421026697	0.42379611392056993	0.13710962457622103	0.15956304612374206	-0.07589028423653692	-4.86814000001042	0.36587038700334323	1.4259848316393522	1.4327728563987172	-1.032728460864335	1.2700643494154533	-1.2536845841676112	1.0564234114682187	0.970057830004226	2.636198284392679	-1.3790795932336342	-0.014793538663531832	-1.1408887594559052	-1.067354693967312	0.22190385825222342	-0.5126163632110792	0.35882970982760654	0.9094573433014069	1.5090328477461457	-0.5708032741465616	0.28957664348157425	-0.9442607428338083	-0.9564452438310413	1.1752835033527673	-0.5612284567932921	0.03593160877010759	0.9206014332996864	-0.39707352218393965	-0.8707844505981833	-1.9299936909113917	-0.20255896917170327	-0.42375584958664875	-0.9083511547652011	0.15380926189589014	-0.2927053821481339	-1.7183737752574173	0.4671323392347594	-0.7438904606867494	0.043882526109924984	1.582140315552433	-1.3699546032619638	0.5086426096287165	0.1727945201599888	-0.5236428296201046	-0.5134890129210403	1.372368766906196	-0.26230251495311896	0.4422672592820142	-1.7516360761271803	-2.0376874745274107	-0.728355803259365	-0.7740040574848889	-0.509348304899593	0.9229171366987169	-0.20153775729566462	-1.0258048789424716	0.8454784872719022	0.17813005290356743	0.827768142322126	-0.9365601498053804	-0.8507495562144344	1.1293261627431148	-1.5103356977759084	0.8267556658797591
DTXSID0047296	-16.668915735479878	13.59596695438858	-1.7211094928922728	0.6584526106183829	3.185825739631202	0.09774212460636732	0.27554169441451426	-3.6431970944796905	-0.7137471309464118	2.164821975435679	0.27789404749930574	4.182446624505254	-2.197072907128636	1.4250710308013808	3.040343548560915	1.2484929464901056	0.02539343820477827	-1.7717352061368377	0.2733337459241659	1.6159068906193697	0.09342652896842214	-0.2786963351598368	-1.3867383183791422	0.34856955717821675	-2.361224029156735	0.20416291958686708	0.46760794193075705	3.6331422185740876	-1.9206394077352167	1.1789594363310716	0.26167946341575693	0.36378836588465313	-0.6846285173740971	0.04560142562682721	1.0550663141185248	1.3517947023379646	-0.17557514325421056	-0.6968311714974957	0.2583632285550245	-0.036232816513922135	-0.32881066190630726	1.1164422012384536	1.1403862080208307	1.160587273160998	-1.5254988080762866	2.0279597898804873	-2.049841470809561	-0.16320905513772732	-1.067662964076932	0.08691349589965323	2.189580494684726	0.3067237933127071	1.9348360897529209	-0.9765157687002743	-0.5085161052485958	0.15575743913592588	0.01064323000413586	-0.4101063249386926	-0.07700682030260385	-0.9358835171191748	-2.0116858544302723	-1.9376644630254374	1.1180762802580844	0.2534994236704585	0.25385163334501326	0.5601533457560387	0.9825735255365137	-0.6941737021843295	0.8878519217046511	0.5283430215616579	0.6381757675468919	-0.3400616808067075	-0.53445940904234	0.30625607888785217	0.3840064678977924	0.5861706087144368	-0.4009489412741537	-0.6985741302932874	1.5871326457759694	0.9195028988048222	0.31185125274862974	-0.4120666104724361	-2.7932897703083857	-0.1881648134160932	1.9349982073813112	-1.0231396140372857	0.11133628717601644	-1.1742288308015612	0.712726083074451	0.4088208463477352	-0.0649544537813279	0.3880067099638167	1.103705773185861	-0.22154977703044437	0.8063602634389531	0.6108403329244955	0.2862428011986296	0.05455336642250311	-0.800679820721985	-0.5391091770720654
DTXSID0047294	-12.939683426401444	10.214860260590608	-7.955619279116316	0.07987382395508154	7.539102524473436	2.752162609319849	1.7247493625751829	2.904305672094903	-4.646228189771682	-2.8388993233179396	-0.9479215492513388	0.9871398508141971	-0.42871097235283145	-1.2894421876562507	1.303069894513119	-7.536433553580579	-0.9866111400200994	2.052014822445151	-2.7896464776341467	-0.272863346779211	-1.6859419217226768	0.26442894625805996	-3.152596716691907	-1.0472985620429274	0.05265415223683715	2.2819538896993183	3.4832583782988005	1.1001258151179023	0.017398807015525795	4.311115012844665	1.2369618260756232	-0.8838554313709822	-1.5246285216018631	-1.9168589985809081	-0.3942670440688916	0.5184310022938927	0.9964013586896893	-2.0565828810944957	-0.3442237866055251	-0.14634591474661088	-1.456204386415975	0.27496478666491214	-0.13576152962131138	0.5420668071686663	-0.8664807796400057	-0.22871863084034752	1.390926461968718	1.5746669293247302	-1.1120836476094007	-0.9210999964672005	-0.2725078124211665	-0.022421007820946148	0.8867068466617494	-0.37485056363131647	0.8449436881363928	0.7364032276482833	-1.2152112011513019	2.3130192238533267	-0.08613842959715486	0.1814474332833955	2.0872574184829085	2.220249878495557	-0.563019392846593	1.373205856323864	1.2178173751149088	0.5347697701179105	0.6161198142870158	-0.4068735387049283	0.612034517237595	-0.0532141853100773	-0.38954132837589556	-1.977555025194543	-1.6409964126086272	2.777849726485781	-0.11249106128453701	-0.08926489806559657	-0.045347721263974176	-0.7124742556392373	2.715909716358367	-0.9085132285426732	1.3197952819849623	0.23196756577149702	1.6208749482595453	0.9133329819426415	-0.4947597455067015	0.4716544291680816	1.2803005486498489	1.059486970543866	-0.6952056276156563	-0.6906992294437252	-0.8293095037758129	-0.00791413176429702	1.0784141956797755	-0.15386607682998416	-2.0627714470112033	-0.18948154885059137	0.314907885147256	1.7235647917979415	0.5492305568349481	-1.0784768274536998
DTXSID0047325	-24.82448317984712	-0.4623793851410126	-2.9816803542769543	-5.122094848741098	12.803672100984954	-1.3394648694108406	0.15847617414825652	-1.129382499355936	-1.1399036517243015	1.238122044677893	1.9526813342040534	-2.0367753113856524	1.7438623986436292	-0.622150295226776	0.4535521549879424	-0.6050958163304424	-0.34683044440800104	1.4587791206677772	1.551478908648674	1.2817204442837142	-0.386900977585172	0.8464483758744181	-1.5825569151147019	0.11621841411802658	-0.9641393843953479	0.6664599789549595	0.06811134978881572	-1.0202179554140454	0.5601631200312321	-1.235298290205549	-1.2886423918136742	0.5226362090902994	-0.1868313841432946	-0.0527135974778992	0.48830893071556214	-1.3410546300188757	1.1150817816202139	0.11090398141605978	0.6193977800714858	1.618476451280183	1.7977568469589364	-1.4091898184210183	-0.48518989454453954	-1.1754724617853203	-0.10504360054510811	0.12846109789859947	0.8220497763825481	-0.5805018866226377	-1.209973012084092	-0.6115678385989738	0.6571179529655982	1.4786974027649318	-1.7808658363847503	2.106854236418769	-0.0919934389667442	-1.4746188359733727	-0.3787143694923511	-0.8845197333191122	-1.9950574889330843	0.6210072895598574	-0.7321723342789151	-0.6243343094742543	-1.018055251364821	-0.8538383959705835	-0.2966155256509961	0.19760540157311618	-0.6491186333840328	-1.6864598592198343	-0.07557943718636562	-0.3931892553402992	-0.8179532075542773	0.0640768021531528	-0.05721928240843118	0.330743562542949	-0.6944629343216395	0.10638443481966892	1.1333834535983196	0.4804150754435924	-1.6598834508907827	-0.30084245903652074	-0.6696739342107944	-0.22574760763447954	0.21450648509320497	-0.04144404106966803	0.6357581940103584	-0.3169884352753891	-0.11440002228539851	0.641404767341226	-0.36808763561333063	-0.2577454686358655	0.44308557973720175	-0.8072202483003692	0.22701361148394356	-0.1811109384721446	0.8519656241640847	0.2588635523178741	-0.5617235743954652	0.6899752268410779	-0.07227399963581263	-1.69660623261516
DTXSID0047749	23.60132504542047	-10.721756797538571	-6.636221159928029	-5.362774606318105	9.18427088860069	0.3415120379373442	-1.281819758078875	-2.1577131981509536	-2.319243773966901	0.6424239899596939	0.8588694244731773	1.4909330878858282	1.8005133780964226	-0.5516787884312176	0.514545138712127	4.692676476199304	0.4707282778986152	-0.08509998615276175	-1.1022689972939541	-0.5347183293755925	-0.27872855067669106	-1.087079716701315	2.7022654923444556	1.0611313975570602	-0.8924573903178233	-0.7929519282093103	-0.5037054684071048	0.18300369488110974	-0.13280083402359225	0.504882494192906	-0.9589287613513314	0.41244751462970347	0.9419398321777411	0.008879491825944044	1.4082282697470145	0.35883285199478	-0.28208449172682226	0.49933463495752456	0.6203864214682696	-1.2444805417605966	-0.8535695254349316	-0.11516020037701709	1.5988283615869927	-1.0939674983283352	1.3531652164486316	-1.2060900329097333	-0.3884427206646437	-0.8448738608670592	-0.22013833990305187	-1.1874643576590327	-1.2984581771850459	-0.4097641369817438	-0.44229233658391465	-1.2085659856420554	0.8973268969535108	0.8150993682839995	-0.3308354409978523	1.414610799747798	-0.5088083056895859	-1.0388810155112347	1.377208889430085	0.9124459993256122	-1.0894874623054664	-0.21081581271908223	1.2395723559767888	-0.10673651441450586	-0.5328480509979532	-0.90773530014618	-0.5854209579198774	-0.7334920703460778	0.1765416214043002	1.4708930037345662	0.15646196895172307	-0.28622089977697696	1.3243434976159065	-0.9719796688993673	-1.2801524886131594	0.44796580263091634	1.3164980166143694	-0.0016460105331836765	-0.41647924629767835	0.3636508549927978	-0.12550177972475812	-0.06695487717264731	0.740115345279424	0.04974001341706798	-0.6551110392995944	-0.5302477728316686	0.20859128917113598	0.5619401448847013	-0.6887290198354921	0.6832734537955816	0.0763966587912113	1.5347694655041193	-1.3089123274361272	0.046302678397035675	-1.2130852520498492	-0.4265902490757903	0.5131900601271638	0.31817009119710493
DTXSID0048507	-19.109104085408045	6.884209538537915	-1.1123914887991966	3.6791224555033866	5.892199244359302	-0.8091109813451335	-0.15875761402374947	1.378431853604552	-4.158525248144347	4.5639939112668735	-1.0178759811629061	-0.6856728007692936	0.48276504646523966	1.6487264112064912	-0.3768336855496648	-0.2003263957045953	0.19287093338347688	0.5879615352277553	1.180200830669495	-1.6644119837303455	1.699235824797292	1.5810514408354877	1.4761542050318721	-2.046691834957096	0.196418079613258	-1.1708331586477745	-0.4171836442561426	-0.409028886286925	0.2364834185022159	1.1113926053366252	0.2722055389302657	0.9212431322871538	0.6236522992060983	-0.054316624171485396	-1.271522988492121	1.3959134692583226	-0.12683891687352442	0.18152077272932216	-0.6639592428075061	1.0625402028979738	2.1332828536972146	2.6555800718199696	0.5127532539633498	-1.209315925513254	-0.127391014356016	0.8601357636116912	-2.217954482562681	0.6377987581442331	0.19879303506111934	0.7661994225796136	-0.3230421550651687	1.0588772931759893	0.9309231536829348	-0.22640431256958754	-0.37043929554894844	0.14173059159005838	-1.1037147595903203	0.8617182911063239	-0.9957114370628477	-1.1797721775359102	0.30482655086197735	0.5751989255906632	0.895113803131256	2.2052915965043463	0.03243965095776219	-0.011523240317241456	1.9309156023515563	-0.2415810416152335	-0.13679632786182938	1.2614491564639982	2.916651801864435	1.7159817647971605	-0.7164090169671895	0.10523957985165713	1.4817206013956126	0.0318682687957947	1.1443960730295766	-0.46823042995465736	1.3516475203672769	-0.7282390901689558	-0.09014209528502087	-1.7699652806983497	0.6728865898868098	-0.4615568571340298	1.892321884521138	1.5313026528522995	0.9279191828252609	1.3859419612357202	-0.8916053408785768	-0.7564369702329966	-1.6818185209319263	0.3715952509804261	-1.2117380093544536	-0.41051513920828486	1.8814911892594308	-0.2595048688279504	0.02273547415399353	-0.4197457518588582	0.25009771138117687	0.6328971939425978
DTXSID0051447	-2.3983712075035823	15.787330946301914	-9.133950780427105	2.065279219025571	4.473216891836109	-2.4362356976133723	-2.1519297061771967	1.5970892406782329	-2.4784842069401543	-6.387162853086335	-3.274891126731404	3.6676209163401947	-1.0011576660235841	0.6186195163898038	-1.9853030747036873	-2.228347159220415	-2.175041059781552	2.3545067927566787	0.4784393623865717	0.4281210355166165	4.027908126620749	-1.5907426261484496	0.8392301200157936	3.0952976714538614	-0.9854752516450109	-2.2108238703068244	1.2484755598723183	0.524965853475358	0.4465882836713704	0.9367583708868337	1.1214064934712362	0.15531414186770773	0.5038770560029953	0.30242502176339864	1.8522197806384688	-0.17080720919524092	-0.7779310604364943	0.009771102996298405	-0.9066076227484577	-1.1270809578459993	0.3616420621468202	2.0762906646694836	-0.6896068585569816	1.2303703925563818	-0.3534806298846262	-1.9854764031101708	-3.561195741794919	1.2961013733034403	2.221941857179938	0.9882522738076839	1.8279729753614875	1.503268766743791	0.6742878603629465	-0.6290716076307818	0.7925554023608045	-1.1098482904667544	1.4035079514606545	0.9284123304166789	0.853152685390172	0.9714383972541011	-0.5386275752924479	0.7612292946163912	-0.14111675824925607	-1.1884760529867537	0.29509240847479573	1.111964655529993	1.6598811655184493	-0.0024790882476436907	0.0880543447679819	-0.72939147704512	-0.17577002218977822	-2.172171198062401	-0.7254648013741695	-0.6774509919654897	-0.8889103764479821	0.780992364700987	-0.7567579750831621	-0.8168524769270176	1.2524253143974058	-0.5463558259995948	0.10239527976823495	-0.8841903916340984	-0.40738419719840274	0.1032588088670114	-0.7835182407951632	0.07654253316590294	-0.07337371774544771	-0.19396749576222025	0.649502203345519	-0.14324719773315744	0.7035360817029521	-1.402617418643574	-0.5015421027060065	0.3766651113974557	0.022274209045158193	0.780894943738208	0.3209155203836214	0.6560032529055543	-0.23630120579873648	1.2815522872573981
DTXSID0051732	20.38890339118145	-9.810506200025637	-11.029727851227367	-2.859505999222619	3.4581315842966873	-2.410557361396327	1.1495111925136126	-1.102903448509383	0.3552116374477734	2.1502695449849494	0.2211155048149415	3.0082911322834245	2.633015887352617	0.8375432193483788	0.5541088790568367	1.4319322867991289	0.3519344604721665	0.32504597967391075	-3.26258839916604	0.4661977007538024	-0.016559983070602843	0.44162135180081175	0.6595858504518773	0.9861366525555605	-0.319255482910283	-2.0772177913795544	-0.4083582533501785	-1.205233883385801	-0.47383409057015025	-0.002926297704779172	-0.6512590771960949	0.9148993676054724	-1.585723149136837	1.7250018432487946	-0.461626586519595	0.7972800979474954	1.4610730430237553	-0.0049665778954972074	-0.5668905275704595	-1.1627086134249247	-1.1293859583443124	-1.2411031231015677	-0.5935898533254781	-0.3153892749270214	2.6430215870854132	1.2414058523237037	-0.013273425032826101	0.6071260051135687	-0.5368437446510668	0.6475409807077832	0.894200654917965	1.4788763734693817	1.7066510312692826	1.8341394058761453	0.7199234130459796	-0.3181905947172338	1.545212598024421	0.14999713527610783	-0.2414102228082535	-1.1884804721959206	-0.17482284148002167	-0.07111165830865288	1.0455491063440854	-0.18920427396138303	0.3322046859955037	0.11296622587349707	-0.5341179166471697	-0.19052267348743507	-1.2565380628313858	0.602684820347486	-2.1148139717393093	-0.6434839869398856	-0.3835200661269658	-0.2500134927692938	0.5738080600759591	-0.6674020540464127	-1.0661911189892723	0.029031075855951848	0.1487679794804659	1.072966356220257	-0.6818792950073282	-0.364415692963581	-1.2317276768975947	0.8659400524714016	0.27467142799391214	0.6564885604066111	0.13952137490338243	0.748129957481909	-0.3787041342701703	-0.12990064083893638	0.69738664781513	0.22668604938951753	-0.6549127966064594	-0.6847781118288819	0.46030883320290106	-0.11776136277469189	0.08614035829596418	0.4356105382605974	-0.625009793344002	0.9419980135569608
DTXSID0051944	22.725428054436257	-9.581244911622917	5.695048737383866	-1.4199692679270355	6.500147206217244	0.5370597527145219	-3.1080338480477625	-3.369253769001072	-3.1166957831301776	2.4826387286771943	2.8263474747932804	-3.1694149574321333	-1.874690382737998	-2.623402102744132	2.179947071228718	-0.5412812459415887	0.018911457336447713	0.24206510513311782	2.2848448197789684	-1.2687194080091675	-0.7094705831884187	-0.1834422344312685	0.44978928892174996	-1.0310935684604008	1.3730070468050024	-1.7584025783215065	0.25095350273201467	-0.4553850762986041	-1.201489845722668	0.7147739787742916	-0.2054692332647401	-0.10099408887923125	0.4324041086370826	-1.3525271872347928	-0.5767742903653789	0.49100541312134266	2.1198008273752955	-1.0526786618483308	-1.5693765813973506	0.1890991321927514	-0.7817534237689949	1.3483352708765126	-0.39624274603058074	0.4450179117526072	1.389666384515345	-0.5911781719860133	-0.6439867860507882	0.4548002024432552	0.9962455564938968	0.9528712799650774	0.14364870433217253	0.6732044764611933	-0.2337710628819423	-0.03229677094550949	-0.24436818064465848	-0.22602131708013745	0.34570854876704155	0.3459991750316563	0.005508678679586388	0.7947007949996817	0.3489184353866758	-0.3435703487602137	-0.1634810176102673	-0.480692271754878	-0.03703594257012083	-0.2224785322315469	-0.924497416090451	-0.7305446945355683	1.6845247000972616	-0.07664099356866916	0.8526399670559518	-1.1941375697005039	1.2726489583179512	1.0939251349627954	-0.3800251947671235	-0.17789189384596205	-0.6089640966305773	0.3778818803014824	-0.3456304340991395	1.133144439343122	-0.9921442269891214	0.04578100741448704	0.283694862370531	-0.473589773077303	0.6537223271494661	0.11606308788743543	-0.1948904674776882	-0.52391575962553	-0.061194048521290366	1.2739070511145705	0.7610223144713458	-0.313212615966167	0.6561678180631877	-0.6834301822537869	-0.04751002432177987	0.3256080828827044	-0.7397016087577566	0.7156858268034578	0.5716606778347063	-0.45329917248992646
DTXSID0051996	22.110149748219257	-8.346703451418602	-5.683427932173672	-1.9883051660450661	5.553472924568473	-2.4051257564555306	1.9114996544231802	-1.1953057324411882	0.75242825287215	3.5501236968244854	-2.749707845609101	1.8946594426566585	0.5591552738297715	0.05392575947762838	0.5387728934906958	-0.12811346418953254	-1.372919580865831	1.3384121188919875	-1.2637108760554598	0.5370934345407747	0.31340315569419913	0.1561652700692845	1.826789765024492	0.5735843190610797	-1.2436420591829374	0.8050546947209489	-0.5926965548080829	-0.6193585829196405	-1.558683742966703	1.3335430874656267	-0.4541100715938791	0.6124889682816033	-1.2382443878684473	0.03600409418973168	0.8263119675114667	-0.21163004800614474	-0.9788918050211645	-0.4106419220054059	0.7883774067187024	-1.529021611629879	-0.3411482323470225	0.5312965169478782	0.6694983008798211	0.9218931572010916	1.8368533755107164	-0.8506813828456774	0.4216363936480665	-0.23888249268328643	0.7875743285221133	1.0046874538017267	-0.413181733464316	0.5936055277909779	-0.22041915184371688	0.6629701312462897	-0.2807132365148441	0.809307168711823	0.49375298946178225	0.5391306845522048	-0.08207610481251147	-0.9405761716238699	-0.8761238792502754	-1.1820732633908877	-0.2439500473211883	0.7003742927668819	-1.451047969113905	-0.49964249628515217	0.27412255675057506	1.722007425466338	-1.028589436493761	-0.11193484805657317	-0.5974589629695556	0.1702482470768214	-0.20942584559587896	0.8302888202502657	-0.8590777231289461	0.3610049665751268	-0.2478807900164151	0.6961295769232894	1.8681633572116585	0.10434552442733798	0.8451457253712054	-0.8010931710785524	0.9186942809263821	-0.5807251578935217	-0.4472542245479991	1.7782062170131303	0.7008129745443293	0.8513756813547897	-0.8900842322011533	0.3750212257991189	1.1310624444266373	0.15570762124491688	0.3663540426695917	0.9523091101317669	0.18362184302060014	0.4807804388926277	0.2722133475850897	-1.0633315809247168	-0.8410940433154114	0.05985365748195944
DTXSID1020221	20.825094894871487	-12.062380673371232	-5.694208266796439	-0.8203914136247095	4.030312015796085	1.9435510239467062	3.754970304880322	-1.3068670675426692	2.0630699636570036	4.984942996175228	-2.4678713866082025	1.930960971277459	-0.916253965049984	-1.2385803941027396	0.5576741245082656	0.2753524431535221	-2.1029061841040577	-0.31221124317602705	0.757651686680487	0.42442890541826994	1.12880582782174	-0.4108552301776308	0.49232527293448436	-0.583753410633678	0.09000203206916695	0.44619738481057686	0.37783606707767936	-1.2491547303589507	0.11466755678255178	0.7569806390894133	1.3120811275393451	-0.1660044109616026	-0.8628229789120391	-0.6439324900521319	0.6648619186561407	-0.08088501667904206	-0.38196607279761396	-1.0335762217694713	-0.566087078420726	0.8537673555897212	-0.8581787375863245	1.4955813399661786	1.5190664620623746	-0.4478518052369834	0.15337978913777914	-0.10791366971129177	0.11718246121116714	0.7128190223945357	-0.6508506636893309	-0.47964633857023514	1.2280031272395235	0.2414580912732297	-0.5073123344130642	0.3469675781911728	0.33349132770049944	0.5294824134219757	0.40529272037876063	0.3858964718786245	-0.8287571537012387	-0.516707121406083	0.9315691882008847	0.3555632127033302	-0.0028170719836940745	1.022995313223356	0.7228640586902051	-2.0421403067827852	0.2692105441928619	1.5213186652974007	-0.8743851474376169	-0.5501495213026812	0.29128689212832404	0.7839108390049471	-0.04824229125086884	-0.07944475314367144	-0.6709353295688247	-0.30351471295482235	-0.877976990972027	0.6124948213766798	0.1393670095943608	-0.6503115638962262	0.07814926832407734	-0.7379895204090667	-0.059288757456201435	-0.032883423150754654	-0.8941189656889349	0.35722629861197663	-0.5588585602950581	-0.21312544145930712	0.6068906478985009	0.3402969240994628	-0.07356278000765683	-0.7410720880335732	-0.40157705022276585	0.27712245388717055	-1.219822858318608	0.6874727034637158	0.03370957149949639	-0.45523459700119495	-0.19582166593911435	-1.4695254535001148
DTXSID1020807	20.308143436140597	-0.6259545469129597	-5.55350084080966	-6.712115843298637	3.2931962680950484	-4.502517388189316	-4.712182106791065	2.810857128313505	1.512875712887582	-0.8857416301600181	0.28587649986844194	0.33962514232344254	1.910949499811375	3.821032788182081	-3.7724007894275116	-1.1428410689448356	0.2039539651350304	-2.193419304040371	-0.8034793804108697	0.30105294570695107	-1.112379668367976	0.22092077840779284	0.6327854928450428	-1.265409081317547	-0.2706288484586956	1.4626914660014114	2.5777359776132287	1.3869672786431344	0.8909862284669665	0.5618412069155851	-1.740988567326412	2.3007410833838833	-1.7029688903531064	1.3557387973071457	2.571614191968802	-0.906034560836028	-1.2573518911429349	-1.7335617009953752	-0.4021219367404237	-0.3997589070120003	-1.1960915084475003	0.7983528501887778	2.3284567002185357	-1.0607859993137296	3.1072335404283837	-0.488857495580763	-0.4746208933851597	-1.0985228213877558	1.6735562871737726	0.32991707545945226	-0.9195995438816125	-0.42057250790213635	-0.2596742301099759	-0.8324829608800792	0.24662864292605727	-0.09198673669279937	-3.001730615002371	-0.20813433964743142	0.40248205946347637	-1.3607097719842076	0.5447603932796395	1.0033767471570025	-1.8577370512326827	1.1239473437988392	-1.254005005842766	-1.0739374291947927	0.8702729086137126	-1.0632120352646395	-2.6598456695042163	0.9714643325448407	1.0126387462086375	-0.8173053500790447	0.9046157190214742	0.3277952019987161	2.5440171877442834	-0.8648101683052251	0.3863107354889214	-0.5534559685753984	2.133697742711996	-0.035242830799980855	0.09351841877444692	0.27234348823538257	-1.015433499524845	0.5913674176471441	0.6023287890020914	0.7409505527886364	-1.7665683013072329	-0.7287211403317215	0.7230653751639416	-1.4811200432570755	0.6172741102899164	-1.0167223040501479	-0.419432733087723	0.3921375864430951	0.6051134131349691	0.7865511054205258	-1.3022473363033635	1.6995031161555207	0.8349044319979454	1.0879404346655657
DTXSID1020855	4.502757329264809	11.364917384016508	16.223556379919227	-13.97448352383157	-1.738517884416313	2.4822964465413846	5.706057310257948	3.418373378899876	3.791726505843699	-0.697844547129924	-1.6771559238395435	1.807302661973104	-1.113628146624144	-2.648656100931367	-2.1003814600394133	0.7663956159010373	0.28563757680821894	-0.010583557036695957	-0.661808127964619	1.2894224742247877	1.0409062304757546	-1.8727840771637725	-2.136726311199023	1.2368420797617357	-0.46164885272127754	-1.8723681782089856	1.0248543250459157	1.4422998940052776	1.8843783276416661	-1.6084653212278646	0.3737751714557406	1.469618869816935	-1.4443386257923396	1.024451007505248	1.2184914792581691	-1.6189160457531213	-0.7872014072098696	-0.13279283514666324	1.0043860668186073	-0.002112154667566483	1.5415433136687233	1.0439981308369053	1.123584864727903	1.4765991375022787	0.8891193389422428	-1.2761201056907003	-0.1843666459724055	-0.2959543904573434	-0.6017776975931001	-1.457259245555494	1.0086508084594925	-0.4276435495723336	0.9605909732563369	1.359127889580787	-0.10044374535927161	0.9199721884039678	-2.434029498057337	-0.41742826070557015	-1.3407137353931202	0.10581824084406002	0.346543359675023	-0.606031210916238	-1.5354422632437184	0.12674071379730525	-2.0257870714161426	1.0122493637222583	-0.3096474996844558	0.824679070511566	0.434867863306975	-0.5352796526406577	-0.46153743543354886	-1.7208980118038417	-0.7841467281998892	-0.23631948636203848	-0.16883251315749315	0.5009598444750174	0.5442681424893913	0.8076227047838345	1.4228213238474332	0.15639468137305146	-0.27530790036762	0.1979082635379945	-1.5209226643057772	-0.1327159499302593	-0.3114140793025424	1.745603429182693	0.35790494171710996	-0.7508685230402868	-1.8740227312143314	-0.9621941477238908	0.27741480418480124	0.36604464832021455	-0.6133520546308245	0.47468515908006564	-0.4579822477064515	0.8150566150980383	1.0146385602415213	0.05391423730909928	-0.9402611231353009	0.6613920318270626
DTXSID1020930	19.861202531824087	-8.176976277261504	-5.461881115705946	-4.065278294044957	-1.7334730080377234	-0.8473534701491269	-0.2718761599057663	3.2664777323554164	0.30628383277169946	2.471101719450086	0.23287599044069066	1.0820872272473585	2.5938956610859374	1.7325007307714144	6.037424100940213	-1.2442345078344301	-0.2559920953637085	-0.13981104838862038	-0.23482735037977065	-3.5614496158646674	-0.41172584315574046	0.1107771583835659	0.2706480738250221	-0.6541119619605836	-2.338532872188639	0.16235589877857629	-2.4251020842287274	-1.6959230903452738	0.7724373430531285	-1.8119186227682798	-1.3660116913003026	0.05145460621795215	-1.0212730836289237	0.47220199390145967	2.6773752360978786	-0.5842232275209225	-1.5775919276924688	2.013334414007197	-0.7930922103175	0.037933713117222954	-0.14223020702371894	0.9726706881676103	0.5660157651873409	-1.0770941156152973	-0.316952600628981	-0.7138981406511217	-0.4651419461207289	-0.5087771061287822	0.40767046045337113	1.1214554591690804	1.428664215003474	0.5340973816437327	-0.6694023597751085	-0.14288743695377487	-0.0017033237850864506	1.014397310340798	-1.0699159903078876	-1.337901526681117	0.4009746354793957	0.23218325040083268	-1.055773882175482	0.1463824985127132	0.8918682927587742	-0.713954112320437	-0.174026421547126	1.057132645101754	1.5543358944721342	-1.815335499974739	-0.8048724444226661	-0.16416139177521752	0.23338088284867092	-0.13984263044892806	-0.7237671950911821	-1.667104373859731	-0.9658923051219207	-1.0392932525067309	-1.3345628335056257	2.1902594181377193	-1.7015519894854778	0.6457442978665149	-0.1543527976933394	0.581509446488887	0.16375358374187104	0.812664829726147	0.6753258890843897	0.15355585331425367	0.983673337086366	0.7006029678704404	-1.063616895061398	0.3111459544663377	-0.8501932684435857	0.15280016446678268	-0.10738909887051382	-1.8768802039733847	-0.24856284962469094	-0.11416751435724373	1.5342798683013008	-0.8951057665899512	-0.5499166210826015	1.158231869730496
DTXSID1021322	7.006200216263977	2.391415738720388	15.044172144647431	1.9060891239819107	-1.1660519553134607	-3.850256886584	-8.000423242110848	7.993015573825811	1.767272578024329	5.263171368590439	5.100069415331859	3.6019613090852185	-3.409197641363498	-2.1614604881776502	-5.69907237435106	1.515218495112081	-4.158822027670388	1.1992916434314251	1.783029130577332	-2.013581021068304	-1.4669131949716336	1.0293149818212537	-2.405737601050026	-4.143502136758564	4.322448116627125	2.5280579136374204	-0.17556519349669297	-2.61668554120378	-0.6593592511950349	0.9248848641330323	1.079907928042409	-1.2869473849120294	2.0245076520939147	1.04643251809575	0.44821036513421225	0.2902820347088247	-1.4278322335036997	-0.13699726515893845	-3.0612372073865677	-3.2429196290932936	-1.060334018867363	-3.8864932937574337	1.1024446768103127	1.8168515901428377	-2.167497662081032	-0.18480328731728898	-1.2019142420532176	-2.957233018548534	0.0031997969850269176	0.4196333905157446	0.4855121985306222	0.6408714129459506	3.1833998951546	0.39244755006080484	1.2149300683058317	0.38612607107726254	-1.2511702912453178	1.064968182750112	2.19081187790272	-1.3793102606799241	1.087596151281485	0.6103613221960238	-0.10204775546777173	0.554014281059161	-1.7223967634427102	2.050510744999438	-0.16239131963062914	-0.394010095028492	-1.2021811736867214	-1.5877963390966117	-0.583108865812401	-0.37259947427357304	-0.2004251332844104	-0.26231330499615035	0.17614596637088764	-0.5797223672286494	0.16098906924646356	1.3243084397061073	-1.2978458086635298	-0.19562604188269364	-1.031949465325054	-1.4126819001562254	1.0713629873299835	0.6596460766983656	0.06523279631662934	-0.4124812502819975	1.4648230998122704	0.9428870292090763	0.11235458948795382	1.8198239044654492	0.9352277548928142	-0.9279875885418418	-0.5777118094151567	-0.02305484355243309	0.5230400856644664	-1.757816125951131	-0.41786405082161554	-0.5914028902687533	1.1606259128888827	-0.01982361661329466
DTXSID1022421	4.754472394215174	3.4810995748910742	2.462683649495728	7.818287169114979	-2.0897192301896697	-5.872316944801051	5.154226355464372	4.275820615802682	0.5096710581004333	-2.3318368456183385	-2.724895705929655	-1.5899045784590662	-1.108874603696447	6.60575916388912	2.4946686675782566	0.33825195979243616	-0.9006744811852506	1.862694715054433	0.7977091747589251	-1.2899887304154967	2.25933871633271	-3.0297963595654673	-1.5303463536538835	0.480673246761869	3.344291391297983	-2.274669378800153	0.964706579938299	0.8392060121080328	2.6072792249064394	1.6287255564092433	-0.8845295498148855	-1.116000243570222	-0.22251000403194426	0.8344238438760032	2.9777905961024143	0.26732708687817136	-0.3318706878658939	1.9626727773356576	-2.1386960687062557	-1.035407172187909	-0.34847873597598505	-3.322201795490979	-1.3578986640668163	1.4971020786077094	0.1260670276523029	0.017785098157771514	-1.7048078020329942	2.1523354656320004	-1.2390129088972908	-0.7568519203410425	-1.628958247517207	-2.1917820787798408	-1.1572083809846148	2.118384865733451	-0.9313814000937479	2.1147490989205675	-0.45505099705978425	-1.9831582809749797	-0.04989545325152732	0.1676987884302528	0.4140483094480901	0.3303699524261433	-1.0336262270804362	-1.0675214012084624	-5.314303033891251	-0.5649806751170616	1.4635687563055857	0.8851708245714464	-1.134956259024713	2.053144276050033	0.8990923761690462	2.7954481732198735	-0.11148599521601818	-0.6824717908624717	0.153639127998199	-0.3157680128106546	-0.5875138281746941	-0.5511729471323751	0.6822518170487935	-1.0760081938878314	-0.4663042919693343	0.8690398227812933	-0.7442445105883573	-0.5951725243303732	-1.4764270390515666	-1.0580727645717583	0.07632679710336905	-1.2260680186450366	-0.46295251941080756	1.4792345342972744	0.17438830643886832	1.222085551463883	0.9915151467419563	0.5990558398233816	0.5962502698661926	-1.2517518069616467	0.9515740282339964	-0.20999616714091549	-0.519153859547378	-2.044386001485015
DTXSID1022267	17.207422528569445	-0.7898229657329757	12.415600085194242	1.0620356968503697	2.320479282999045	-3.592668792451281	-9.487993371648631	0.46400672730487086	-0.7175591648955589	2.0983888328424842	0.6305369322951287	-3.1196483827962256	-4.846522731626136	-0.5952039370454307	1.1526437541891585	-1.713557446984141	-0.17552630573909211	-0.549368317989103	1.9470986467531446	-1.0410303205156983	-4.011565564332164	0.9231433803680915	-0.6991883835791669	0.8390798337052326	-0.3591086275398479	-0.40901760068523313	4.4629734184726	0.38133884364220694	0.7600968699262836	0.40149289647910363	-0.10218672721350294	0.6041971786944419	-0.8354183115398752	2.6303907044367403	-0.017099698651436096	0.44795514162954536	2.446230655235748	1.8254610953666948	-0.1373220489239621	-0.6515185210616821	-0.8300771726147824	-0.09368993335413332	-0.49558391768353216	-0.5786510411067104	-0.7844148341315488	0.17229010997027672	-0.11384363862668247	1.4567238905318036	0.2561146914930563	-0.5398188735536426	1.1282049147260023	-0.9729141505914503	-1.391627037817773	-0.10719220974280798	0.8176760474600558	0.5690591064443234	2.1807109261904403	1.6273285249429175	2.2100279373750813	0.9788487786863599	0.5846979259692856	-0.26552017686353035	2.078222831667943	2.1997775021116954	-0.567655192954263	0.49426523077314954	0.16501563723713655	-0.8926069863405645	1.6269832604652434	-0.01812761398286973	1.455767541152418	0.06592624812937885	-0.2506414809811634	-0.34499269719709325	-0.19275348533088554	-0.8415793460316676	-1.7137265957056527	0.48572349621139244	-1.0595007655456539	-0.6908095871342083	1.8332094917314736	0.9554185014686486	0.06625264638204169	0.5540706421813153	1.2301182839638733	0.15420830667827765	-0.019185258269885968	-0.5230543835350552	-0.8884810438946357	-1.4561695574943532	0.4251317134425238	0.48922410185336446	-1.6576509370846377	0.09868382961579975	0.07210498669929108	-0.3014516207995367	0.3008414829679606	-0.7525705831905207	0.5462594684423919	0.360508584873406
DTXSID1023990	9.844607451724183	9.639366599110422	4.485194936814492	2.6281363937527527	-2.08499457860112	1.8225897064903496	-9.808986021109801	3.907759438809411	-4.4615137083603456	1.1921953227472297	-2.0079163095961046	-1.4191243551138755	-2.7112669662691213	4.38018519960429	-1.8596446195597924	0.38234973978400527	-2.263376729116893	1.6367674604849627	3.2668928797941046	0.2606292586854335	0.5382516250382983	1.4501689131834503	-0.4530565963688454	0.054303633225204435	-1.1767326654247323	-1.2793095113924704	-3.49561134176433	2.242702833447334	-2.4791146101029313	-2.2275043293593515	-1.96748627911707	-1.0160803033710537	-2.440311378051943	-0.5823770380170196	-1.0822421940096283	1.2005153499501051	0.44683655774335035	0.2046526844247869	2.012807366600885	0.6580468299907835	0.5078326900374545	0.2962796701910513	0.9571583098829148	-0.46334031439291645	0.9348647172914394	0.31290979145846054	-1.3192560373569011	-1.9722222722136684	-1.153798738110926	1.039811893342809	-0.532240066925965	-0.5287643850158132	-2.1441482073167064	-2.2316644978897124	0.7861885743887963	-0.0026033931850966566	2.4450025464366547	-1.0273256406484925	0.8490584492791512	-1.4227902060128976	-0.41808560483044505	0.36592782904994986	0.22586165294337368	-1.5938702374519769	0.417160662011327	-0.2851182089250898	-1.3870587624616724	0.5787281867589044	0.34098450216024306	0.4478235423484536	1.1350639348629807	-0.6231937373739834	0.4483073070083393	0.4101144456497714	0.15734531585792597	-1.5682349341227326	-0.35500778398548566	-0.08872493281836666	-0.5076941823971906	-2.2516733132587343	-0.3397456284481197	-1.37045498535356	-0.792696071645622	-1.1013271333670043	-0.4328137261730159	0.9517564245287917	0.7837351319569171	-0.26153397216870705	-0.5644584688339783	-1.6258814398353945	-0.45184576141060095	1.0143341761290752	0.1538164010401725	-1.0437879405336725	0.43211981348237793	-0.41802801700019837	1.0871015950684448	-0.817123286852463	-2.173305628341364	-1.250257828726909
DTXSID1024091	14.169943200199246	-7.664666774730425	14.846925416157735	6.361938196988316	3.799047199705617	3.8131157015100268	-6.272045421543178	0.978075287513252	0.5924254412335972	2.129853779934721	7.517201344034229	-1.8215629446306012	-2.381222827803845	-1.0430375735036121	-0.7006491562849971	-0.06293010670665132	-0.7289895914794238	0.5951455991786097	1.3640960023655475	-2.362635195592824	-4.063632961818998	-0.03965921202858368	1.3770272151898897	0.22729970982605924	4.643797429390254	-0.7278994490634887	3.7924455500617436	-2.232509640115007	1.557232522322352	0.8893768285598882	-0.973163339955956	0.2061676830656628	1.2130562127324929	0.20196746232947166	0.5016310241375097	-0.2600790750771175	1.016873412987247	-0.33942905252529415	-0.5099594601463919	-1.6815596453923416	-0.8625583111031248	-0.6478364367500884	0.1813663415927243	-0.1418180942570337	-1.5111237345465947	-2.8245275271354	-0.8085494856687006	-0.9358492738406123	-0.7577896842035365	-1.1189676038817105	0.03380766212378433	-0.8958101083926839	0.3752544544716172	0.37758621152329164	1.4508040236191384	0.2636090664105453	-0.19190701140827476	1.7180793243435803	-0.9137644568298486	-0.44918365043261266	-2.163629527252247	-2.288626806089078	1.3698881633163544	-2.0886509316319515	-0.9984835492148635	0.8851267994613369	-0.49378627179936435	-0.7194142416965565	-0.30552259638558954	-0.4918079832220452	2.076234983917323	0.33704858706573865	-1.0548193115337283	0.3748243586286017	-0.24004439318821058	-0.007119380502426551	-1.5510160753126205	-0.29493447310938936	-0.28070450873525443	-0.2606737179585579	0.8655593322565098	-0.10442359472729124	0.7227534835435908	-1.2057772224546492	0.6829786940864077	0.7115297657571238	1.38631138072447	-0.36967776487458753	-0.9608943480246595	-1.1447517411584003	-0.7440167783061278	0.6487115160032176	-0.42246662565581355	0.24001197833787108	0.5983581684070369	0.9118218325694751	-1.7262186959813564	0.007704145057921206	-0.9123791970832439	0.6751561789722853
DTXSID1024255	-3.9145637722560247	9.668253247717804	7.831467406675051	9.285577862758672	1.9693076863907888	-6.220308486990314	3.305894023571738	0.7739064440724817	-7.113304368255218	-3.0196198702879453	0.16139784224283668	2.442299177651637	-0.7131022956104214	-0.29180261838008176	-2.436953558915748	4.287361209531619	-1.3689409362877796	-3.51645790240629	0.08910475111538443	1.8863141504390502	-0.5225784107765066	0.8085224400971638	2.057490273406	3.2887974114419727	1.2280235761674023	3.893272596252199	3.8647958887680334	0.6705999293066528	-1.2817994108906754	0.7099543886553455	0.25292456448601314	-3.236260150135947	0.7778800558155001	1.8770721283102325	1.1432399922824918	-0.6153388113588065	-1.8903670078808708	2.7166083639654195	2.2487955801349555	-1.2314948581400766	1.0794024046079294	2.496048695622211	1.2471112483416067	-1.5419768723260352	0.8818075508004815	0.9213057973521424	0.09361427125749688	0.889068194061301	-1.2283235245962756	1.152897243163905	-1.5589030424125547	0.020187347504855447	-1.3175656887373117	-0.39581875629542523	-0.33981112046224415	-0.25900353696849193	0.6829552111813192	-0.6584647290099843	0.34887285593557105	-1.378941331670293	-1.783025797453401	1.350757424129689	-1.1679110631648815	-2.521965592385783	0.22995677195101444	-1.6759281117418194	-1.236144587527582	0.6401945724827168	2.1188982162349896	0.24545218486702575	-2.7455319897887405	-0.8992847173204979	2.1348077864658928	0.37877244519615083	0.31982024139410486	0.3432480819027951	-0.24982696469181814	-0.519209076567741	-0.6150864122430327	0.306932199747359	-0.2429444155107142	0.27385583023965077	-0.8927519844440119	-0.21482302084223087	1.4828063931792035	3.508989281216594	1.3323299884041326	-0.033724227776494635	-0.9570173163313229	0.10323416255085023	-0.8563546091166104	-1.2066708177935106	0.25934784146928236	0.9700292603129551	-0.9449386592776072	-1.6734594957206985	-0.5331318205621687	-2.010309193963553	-0.02584595858091523	0.35992837523416527
DTXSID1024338	-3.0520678940283954	9.006162063656252	14.21541844418376	7.199896314794797	3.3672999522651796	-7.025745637123997	-4.809601892750835	4.172986973850778	4.370340851049995	1.4545083100946654	-2.977186007500101	6.3009888211497564	-3.4316237247252843	-0.4433010836309765	-2.230953428037185	1.1616678897545298	2.6979467236558268	-0.06074690004799581	0.3060991601638438	-0.643013253043044	-1.8523835606484553	1.9615577201078271	1.699485694287523	0.9139087300032738	0.08750387830129149	-0.7618159496388447	-2.0948197391623435	-2.7766148589685695	-1.5879990943863178	-0.3488065019674075	0.7094917516400264	1.4790075498367252	1.0319729948720968	-0.3801917383816863	0.13238335044746488	0.9829682994739907	-2.1586313829155563	0.2985220859041238	-1.1118643591679405	-0.6011550189206006	0.9774445876790061	-1.4243804155751447	-2.4472178258086785	-1.1012957737761122	-0.8251853032064909	-0.45637114786764577	-0.25541562399154427	2.4082294644470847	-1.188001616355506	1.5075933717293193	-0.15118056685870968	0.3608249102946182	2.828174422861866	-2.032149449195663	-0.042583680788488155	1.6292220173729057	-0.9855215907900555	0.7388321937669147	-0.36163164036017953	-0.9841085483544222	-0.9065977561948647	0.8296986810364684	1.653732721698818	0.37262017585468865	0.053029673975452385	-0.056620334096325615	-2.4586592423702744	0.23513870750977847	0.503265969846842	-0.2151729845095812	-1.1897180896929542	0.7370378249367069	-0.6278286409664966	0.040928611913866764	1.0401945721632864	0.34627155752455574	1.1580640670120115	-0.31827001264981164	-0.587408832373793	0.7623352897878684	-1.5606354311666222	0.3814320570979751	-0.30011721070913727	0.7539009578307242	-0.6628792014502595	1.969613858737661	-2.223758042138776	-1.2999944829259578	-1.2193359826345602	-2.4831715262089236	0.03750806259318939	-0.42320178290203725	0.6529360194247453	1.4180365797875933	-0.7897095316297525	-1.1322920708895476	0.6350713895189951	0.7969606396632032	0.31488735992701	0.0717905590501073
DTXSID1024598	7.0777666151061265	8.083633154141204	-5.4835861919982865	4.841425437356419	-1.8336744815175194	-4.732987070943226	3.1322168442197316	-4.109834910914728	4.614250611190489	-3.2112928534932603	1.0746495362322974	2.891286653764308	-0.5598625358135917	-7.419774116240676	-3.542470290866297	-1.1620980421402414	1.1975389615864664	-3.8812909760514263	0.22240153617632727	0.6540371246495899	2.4787500828517617	-0.4422841283945272	2.0918509904092706	-3.42158180227669	2.789777673698066	-0.8235081532604349	-3.063154792995406	4.61034684481493	0.8947696647001362	-2.172383405090105	-0.3373811563164952	-1.4001128210445002	-2.984768925271331	0.2970045209184195	0.08939191690575198	0.38026722465611235	2.0251626643119227	2.086902701946596	-0.8095126040293623	1.9614438144722743	-0.6785176026495119	0.7262164436922006	0.13791791618725466	0.6619128212580951	0.8463842316332103	-1.96885334943665	-1.4069387518550318	0.9363537666060384	0.16883004891420306	0.5100924297085582	1.3750776140671235	-0.799654174673808	-0.8832427066696649	-0.34082162816572187	-0.9377076082792941	-1.0151363999344236	-2.2908079578448666	0.652561086647889	-0.8666239095755468	0.9268094567153246	-1.4793364636281012	0.09348261557288251	-1.8378945157281383	-1.0798606952096712	0.6985070975064657	-2.1523353843608937	1.0311653860622827	-0.26980457383856443	0.27942240892334863	-0.4695660107901441	-0.09076400740399647	-0.9517874266608886	0.4060452522818132	0.9682371013071386	-0.15877291005555938	-1.378151926188735	0.0675975971569402	-0.4052564137052111	-0.4093690817980665	1.6357586413493534	-0.2163490841488849	0.9652913547237892	1.623930297345038	1.1570087328721543	0.000522351831161423	-1.1826844835657266	1.2212548118336573	-0.35218803120451625	0.24249020543943464	-2.8351214008253187	-0.4690568645027837	-0.3747933488538291	0.11877780614273983	0.3504770181380116	0.017501518643182633	-0.004692561875668458	1.049540019684095	-1.3522335840716084	0.02465949247139815	-0.3434551770135322
DTXSID1025485	13.715382614092068	1.4505241191124463	-12.31490926214337	0.7827301460230178	0.9530568311681908	-4.424776686188425	2.0201819533083567	6.183634549781592	-1.4104209044264515	-5.195573587323301	-1.2222191182335638	0.6930096049303415	-0.018396562029033826	-1.243446526749498	-2.1304214540333106	0.2378746012278721	-1.7209761814730062	-0.5931495821674665	-2.0716586637584458	1.6248412383023045	-3.9196573353184307	0.031942621993433014	-0.8979712650714992	2.4647187652700056	-1.8883540511579568	-1.3760110708602635	1.9122805879243767	-1.9226533357243383	0.2903306937209313	0.16447869159393527	2.5212315236280958	0.806194522906386	1.1046668228465826	-0.017800821604150287	-0.5762795360664272	1.0512851646472998	1.1583039768742824	0.9298986374330962	-0.2663898214192454	0.8412094159224723	0.2509444564888606	0.43680091718626085	-0.5320394037191117	-0.12253870032664319	-0.4595771992809444	0.6063823945713346	-0.4674074230056632	-0.42024233490497104	-0.031013688499352828	0.6635314648386794	0.06104639712059179	-0.8746071673589184	1.447271401946039	-1.0078046461143695	0.4765729004198597	-1.2539520037293257	0.4831442214633721	-2.7695815369613648	-0.15865434637142978	1.0147341552692897	1.8428174453011694	-2.4367190745898677	-1.5998279076788626	-0.7046829211736932	0.18088258892061743	-0.5570965563486708	-0.852791457650457	0.7665240100148184	-1.5853161914272862	0.583135632863091	1.217091739326863	-1.402884339052874	0.7815821405348724	-1.4374955301121985	-0.20340397788633602	0.25840880580767484	0.30004942035227716	1.4809848055249168	-1.1013618843412811	-0.32660055964152435	1.7494152651554786	0.37772414441338065	-0.7322340641312903	0.20843013676214378	0.48287244438200666	1.3993249088791841	-0.8438632218841648	0.4144176131931344	-0.025504872787394377	-0.7080729058231061	-0.7039352442499015	1.0394883678129596	0.8184337284557296	-0.19076531339819558	0.3770570411383488	1.6297606573527308	-0.9559692918085287	-0.5764368918727536	1.111893040550933	0.8343971706371809
DTXSID1032355	7.055686189966316	2.413734433897674	-2.985298998111236	5.550931901598748	-10.240777271355768	-3.6199723437324076	1.2681956260638876	-0.579827680832647	-2.9849753392861205	2.442716654544325	5.793249575902982	-1.5686383407197686	0.9814588949930578	1.784831617477722	1.1602318795332156	-2.1119826890786566	2.839759526854488	0.7195597496025651	-1.5545875884619904	0.9405295919389696	1.130120281034074	1.0964629226179188	-1.3697725153184623	-3.1726273896755193	-2.6140062865838476	-2.8786537055382957	0.6393866308732921	0.42802329669551287	5.8547958940683955	-2.0103916743891936	3.9655356012997425	0.6219484853899161	2.983898927708376	-0.5945006338530979	-0.09241903248463891	0.6778351632941265	0.44580694200074933	1.0707653087061015	2.494365099342905	-2.1266979551489555	0.5054071195249842	1.1218538305940695	1.7674555438878161	2.337369470396497	-0.33737904309170197	-1.5431713334374773	0.8848949731861807	-1.930185224673009	-3.1853757191363212	1.7458322253303813	1.5056596891293887	-2.4774277832400355	-0.5670281678761213	-0.7925184655777749	-1.4058858955161482	0.18144598965391212	1.9718687861879258	0.12693940843432622	-0.7537930633245036	-1.4746661212017067	-0.39428235548938534	0.43328538463352645	-1.0832830008911647	-2.082032464888564	-2.412598549643139	0.2505298413760923	0.5706180318402617	-2.0095906502014995	1.5523239456329025	0.9584870165586125	-0.7747279289056869	0.498871904813317	-0.29570526467797104	-1.478040527878378	1.8229977091912628	1.8790048445004357	1.5329976457049348	0.6001966449948182	1.156530117660494	0.6330407462864207	0.17291273306268554	-1.4434617420827813	-0.9106937319583783	-0.18383088100911332	-1.1384282545027424	-0.11785647624826695	-0.1123194822960311	-0.5736697281263242	1.1448459878546522	-0.8421303623463758	1.2378319295330362	0.012970709392864821	0.5799828443769841	0.4921409509544539	-1.094154548364753	-1.483212612096231	-0.501559946264781	-0.14066565716618115	1.2618205932538717	-0.8519887391146418
DTXSID1032519	18.85139766674029	1.5638776776421568	3.3046593161361604	-1.258854096646425	0.4995101083346627	-7.80150045275705	-3.749557637500955	-1.3855651404959457	0.4917038546047987	1.4780576132485355	0.500171205351239	-1.6892174189591238	-2.0693372928758365	1.5348107162945113	-0.3575879773076685	-4.027556288277622	-0.5673629861778642	0.8896667644950154	-0.5810684577705058	1.0787682460639056	1.3473774770630695	0.45204924466646024	-0.5114359943024183	-1.8077876897895204	0.31067051153950614	1.7833911571903907	1.8364887425939647	1.2185120787195447	0.8527280904360452	0.5824189606609064	0.40654172162073865	2.8565952983384344	-2.8869404137691945	0.5891299675946726	0.02204560424506706	-1.733871478172793	2.4734294982382043	-2.560368286384033	-0.4947053197678032	0.9002875002337638	0.06686657027263024	-1.573720695041971	1.2151774668102566	2.131965708126161	-1.188658214941658	-1.4219434636116484	0.923838450143879	0.23001795529752184	-0.7059988279597628	0.8274775924899176	-1.8578840135275352	0.4870211828991902	-1.8099589819295152	-1.6230913974505987	-1.7927886860760596	-1.7646121700700168	-1.3352107618288656	0.2510828675489907	-1.7568049782698252	1.4910229520056837	1.3661491175759921	0.4481711345502656	1.8155642866697086	-0.25614315629880724	-1.0643843137736235	-1.4813706074316082	1.8354103131991066	-0.2060262184241452	0.5717821413627813	-0.902927425614875	-0.7290934499127976	0.4386675124803034	0.08011041764475743	1.2528826286917845	-0.14499700643068603	1.0728212197176425	1.5826128739657368	-0.4163974974704705	-0.7485480359094129	1.8975935723107975	-1.6526303769749975	0.5206316383537734	-0.5086987426935587	-1.1385366366576983	-1.3206324938843228	-0.01788862589845273	-0.9887195020378926	0.7831350686916063	1.5399088914853003	-0.14689534330481044	0.5679755149924717	0.7122560139965731	0.6603117637070012	1.847094052398929	-1.109726349552794	0.9078055368084126	0.5664619369324471	0.3124552824598153	-0.4913636777311159	-0.25348236183335626
DTXSID1032569	7.369370662671301	4.703088217385979	9.261558859737397	6.958433983651762	-3.1641108950253933	-4.281697188140569	-0.41718653749871937	3.3660130373244757	-11.273993919773002	-1.226993845339115	-2.933436780658777	1.479223265224002	-2.264437043900314	-1.1027075645839428	0.20029821218590746	0.15266148682238947	1.865533889110325	1.6531289223923935	2.009218968914898	0.7457373441506211	-2.0635936230443677	-0.8553462207540979	2.1383740264916056	-2.4139677056740743	-0.009845904735834828	0.8928577298641814	-0.9133187459213632	-2.670057592431362	0.17066906833954396	-0.026461102593914165	4.284872080340235	1.4454642028975018	-2.640520178974658	0.3158972317816981	-3.1193929157483105	-2.6213871879983075	-1.629771009663912	2.143537727733687	-1.2035140645802536	1.4319897951570533	0.02185184750849243	0.008123710513055278	1.1145064439423078	-0.1950583776721599	1.0880266430469003	1.0416274177871374	-1.0326643848185435	-0.058521583782450426	1.5057778198438854	-1.384748164797376	1.3044190586621067	0.3662221467720076	-1.2217966219985448	0.22095254304212392	-0.6508958254627207	-0.01994726381922922	1.901004842383421	0.7634137538631491	-0.561140417612757	-1.5174591483091358	-0.5525727910223291	-1.9997715518770454	-0.11757154920358018	-0.27986996968647715	-1.8744440406413003	0.7059164250575414	-0.9457223471532077	1.1306776117702628	0.37241038627803336	-0.46417235747366276	-1.6136364021656109	-0.36905443498414425	1.4317056186685684	0.6355510959105533	-2.4558644966617287	-1.898658728057296	-0.5791739983296198	-1.9046342455446983	0.5553815100890818	0.847149912046558	-0.3115725110080129	0.049970327111770976	-0.3494500048029334	-0.22764965143642057	-0.4167929383037545	0.1087405490089514	-1.0408311587590782	-0.12432782227471283	2.0166720913535525	-1.3292912736657203	-0.8610581593077873	-0.2997801878190584	-0.3416941385771696	0.2792454291314939	-0.9925328750926983	-1.0113483228301599	-0.6855870767777914	0.9140776944485087	0.18865626549733813	-0.08045406620083483
DTXSID1033664	-12.258113008302326	-26.992148434847103	-0.15555625704383416	-6.302190005512685	-9.395201327776903	0.5641286595527095	-1.2704101174743911	-1.6456339963493467	-2.042840750707527	-2.2195051703046125	-2.114182526244757	3.3034610075462374	-2.2218803221041457	-0.21388365572001852	0.020685062867100507	-2.1731157815850124	-0.4250215208274168	-0.4033643947893337	0.8874387731871198	-0.3244176846518276	1.8608036733701891	-0.7273114682085176	0.10561147026981664	0.6449870514725563	-0.18959956445432471	-0.34221784960447027	1.4985499398451938	-0.6865404720447444	-0.524668948072578	0.06977041128820259	-0.9154351581838881	2.411043687544444	-2.122592534781698	0.010065270553030239	1.2107608271918826	-0.11420424215525231	1.0165328258754758	-0.7298551172118332	0.6105586842470373	0.28907537815124634	1.139519378874938	0.3961399817214494	-0.022909543108674133	-0.4538473196973853	-0.11899582140395629	-0.129062672399526	1.0905860609189018	0.09041363591964947	-0.8153161373621922	0.7899112621742357	1.213538938292867	0.8847801312435386	1.2429034577184241	0.22316759368485645	-0.1406489028397849	0.3376269644587414	-1.1957494315790613	0.29735227700709377	-0.6591564748422692	0.8431256711786554	-0.08240885236067967	-1.0763137001776113	-0.8199533075123505	0.007406207701837836	1.2590685449600434	0.19518784751795543	0.08249499719518762	0.32709009596009536	1.50937599166795	-0.9529478884459587	-0.2932871139377855	-0.8511087572603709	-0.38322865075177553	-0.5161824444560671	-1.1781956361131232	-0.21114529933748627	0.1258003688622002	1.5303039550277986	-1.0674375544365926	-0.29538880685930563	0.6165065235656018	-0.49233367048892435	-0.3216706884885404	-0.8643050410101314	-1.491129807667178	1.2197801038830995	0.39012945024189477	0.5983126599119566	0.28130249084355613	-0.9626531699703906	-0.9015450472268035	-1.045821967330453	0.2166909338877407	-0.23941310787795939	1.6797321040495161	-0.7601103081838305	-0.3991504320357681	0.5976091204862487	0.9252617648001266	-0.6114249434566387
DTXSID1034212	-6.833700250573832	-19.406532515780803	-0.27341658203033475	7.21080887325998	-5.086107348752178	6.346543457405364	1.5220234319661605	3.893758070238353	-3.66533936364873	1.033689974738227	-4.195956985183475	2.721813603212679	4.252672375931933	1.4962294057979673	-3.621670042430052	-1.4988932589232733	3.262689108738042	-2.6089602380412797	2.5756169705283463	1.2501243401807098	-0.7937187632096676	-2.49893867710912	-0.38768044839808924	-2.9509792705677325	-2.5445388265266797	0.24841037635218097	2.5784666924919795	0.9323943761120949	-2.089233689960725	-2.429063367613828	-1.3731136412407092	0.9139859601521103	-0.8570587999919715	2.2759035289744207	-2.7248580664948765	-0.03728003950111517	2.802363162750943	-2.941117044082011	-1.1986636001001487	-1.0698213745359397	-3.2208619901424873	0.5518420389781863	1.3391826327918048	-1.4075287865618147	-2.869566628205842	3.3685289337334954	-3.4496826732987875	-2.9097644556574713	-1.911044838198148	-0.2902138213265671	-1.9288923056909009	-0.2216994699530111	-1.202453787854223	-1.1026809794333208	-0.14415852121292164	1.3233680527330163	-1.2081312508594721	-1.0026899533798823	0.8320537911200658	-0.39274118350899256	-0.7881902419628556	2.2313499055128334	-0.9190062998611472	-1.4989090022658382	-0.6121680685130294	0.7442601502642469	0.9366182911258886	0.4549621398066015	-1.6362886245307524	2.1501682205125876	0.44533058567312284	-0.43577975614777253	-1.236351787821849	-1.0219531279655025	-0.36268124201991503	3.3787260511398314	0.16199024234115827	1.9421013648067187	1.3766767132792348	0.5954637120297899	1.0389726700849982	0.2968491980766926	0.23690241937416223	0.1466846504838283	0.6160919544821782	0.3538131949739052	-0.6693463789250746	0.09853706356466434	-1.8346433289011506	0.026596837456261336	-0.42155391732889763	-0.5387816534681258	0.28296033884353294	-0.5071673320605663	0.7397694505256652	1.7872919078993441	0.1830003312346235	0.9716048003811706	-0.5727978144040503	-0.07382716791590783
DTXSID1034769	-1.1446567834880013	-5.497310043189108	4.537245469412781	14.830640086032997	2.1771444885478037	1.818227367712569	7.618808839262369	0.35595026264294943	7.586655748179129	-0.7512742475121693	-4.377634238124531	-2.500080116215168	-0.29373583256557034	0.6653572377400976	-3.7303930169382173	0.5106354231214564	0.15037965970731582	2.021987665026728	-0.3837484587310467	0.4756580293427049	0.6403251915303281	3.2213375191121836	-1.623170358356413	-2.290037901468293	0.2959791165713108	0.47147333161745625	-2.712437810075034	1.1196880446478448	-3.815220696894795	-1.11135129092354	0.5053530481405879	1.6381485398119755	-0.07750228195056848	-0.8478542097085919	3.531581481702977	-1.816107952601869	-1.2416131734692941	2.5691731523528074	0.16253281669388048	-0.33336994723997243	0.35325655691571534	-1.2613007236604632	-0.44928318698859454	-0.46357282445809694	2.3601528157145255	0.2959821411278264	1.4818313891813453	0.8058444204598505	2.1248714919161955	-1.3722475351740009	1.7845822710430346	-0.3864573756786945	-1.6764293655885982	-0.13126915269299305	2.2604362237338727	-0.42829030375139393	-0.7644618136272046	-0.04288391057081084	-1.814686623434486	-0.3313837827303645	2.4967620914359387	-1.549380975753722	-0.25969080535876093	-0.9543093660094246	-0.38306362954449497	3.321911265509181	-0.4980159941926108	1.6601193211039678	0.4009917048647108	1.6262383642289302	-1.647891225206003	1.2032799021344365	-2.251606999572911	1.6700491925655196	-1.511476589577778	-0.5656083454647575	-0.9888544239734642	-1.6904487519196696	-1.2809723497969632	-1.4956384240843494	0.9058151161551542	0.12815708372024642	0.8260775970850497	-0.296533259268888	-0.46688837314785986	0.6047286178765845	-0.05872480938479944	-2.343929225184429	0.44068839658150555	-0.9278911700446847	-0.6911864957091391	-0.06560347718812061	-0.20221683568446977	-0.30089302224222153	0.9273043257287094	-0.9619543359612823	0.32736482671371264	0.21004233472115266	-0.45885036015127706	-0.11793027050550019
DTXSID1034973	-10.65716973996831	-10.984985896937733	3.9446932527912884	10.693634348348253	-8.275156065254599	0.025008262113517022	1.5549060907858898	0.7480327052467464	-0.7269354781987747	0.539631602753798	4.7023798103186145	2.428364966896495	5.316706525350087	1.705486384026105	-1.9249425016298984	0.922043497586445	-1.6838877890835013	0.7607520020731402	2.446110165936505	0.5289167307000019	-0.3437383748426596	2.5544381943219516	0.7426189262049371	0.08299357419855043	1.9163778213909999	-1.7427543445258735	1.9972808718606954	3.28593044772749	0.34373137000048976	3.476639752787376	-1.5803922677806161	-0.20928829158233572	2.012845771173267	0.25601249289610517	0.3914240065077673	0.5554387057780495	-0.9238107455031787	0.6416830797917908	-0.6924020435472844	-1.1227680844654393	0.8533830595518794	1.267072169408346	-0.25047983584905975	-3.7561047161333736	-0.08769623866185447	-1.8507699849017474	0.665767938882912	-1.2341051300323198	-1.6319087256399212	-1.625517880178312	0.7255369513503294	1.3077848676372932	-0.4194331726785692	0.44716130140217225	-0.13613935061794422	1.0826126302095829	1.5253657977415442	0.3040319548656151	-1.6790321242203339	1.1273219231866087	0.45930639934154827	0.39575250731731415	-1.7503804094634408	0.7316828640642998	1.4587484573483644	0.34888400939383324	-1.4335018133288575	-1.9580013444213933	-0.1465967690033524	-2.6732130688512648	-1.4366598884052355	-0.5228840960772196	0.4169618898514462	-0.3874728779713433	0.09014061264358375	1.5794819977559118	1.118614838775021	-1.5832557266421958	-0.23160434683784026	0.3800041008219383	-0.6178142757387672	0.428209166568865	-0.7936255515976787	-0.6112469698236991	0.6531963718166248	-0.7364590242436114	0.12560248238434293	-0.43709297724115564	0.9753693655205291	0.43213578103899447	0.8631582100953807	1.019156005108142	0.18246195636876242	2.030686566406023	0.32163462929006276	0.08359442157533377	0.9981029549151292	0.11994859992743019	0.41546472318499084	-0.3852899470856758
DTXSID1034929	-17.303585796763205	-9.216833173264607	2.741368151476446	7.246267522292875	-2.557931865306032	-2.059173452192779	1.6515171508383166	-1.2200671908634422	-3.5873074273245456	0.8008066867450658	1.808934159099125	1.651780120605992	7.045952496865115	2.646463235375671	-3.572751928759614	2.147579825610518	3.35354296535892	0.6329900550419092	2.2965455293505324	-0.5518733998044364	-0.6385983057192102	-0.2940009893034425	1.5013762205399346	-0.550284324879726	1.2691764217508168	0.17518482754091502	-0.39924155132695255	1.1325680520254162	1.812451709420436	1.069606560537765	-3.103349655701723	-0.6358523252938328	-1.045268525161813	1.8510632394970645	-1.8265398603692158	0.17317295846740416	0.6185885280266799	0.30111979987782905	-2.072150465369331	-3.1893538803940316	-1.3568445903134574	1.032833754937086	-2.2094025252222282	-0.6498140225321887	-1.8093064375203132	0.35947883841120065	1.2822440650756066	-0.9006037537587398	1.751159454313077	2.051806693776477	0.9110534764082474	-0.745076172854241	-0.7707677505377138	1.1212852531862847	0.023008366929785664	0.013066431347235244	2.2999734929141504	0.5177362478859414	0.06343187404762853	1.6988078992250697	2.0408675826064244	1.1057206214402941	0.3763516394600462	-1.582804846038123	-0.09176182238896163	-0.7277241550807886	-0.8298963771123821	2.35304206823432	-1.3210925053795983	0.5259728753116997	-1.5779777491424336	1.831438286928253	0.6571661427160422	0.35952547145000224	-1.3076367107287277	-2.5265308183199906	-0.6837305782929276	1.0199037735218064	0.1789011462914596	-1.1185132399425033	0.3524183237442964	-2.722859380037812	0.343715785995471	-1.7370152218923882	-0.9285522490589092	0.2742914311086692	-0.3566032399620165	0.03271642523856622	0.3893281286630817	-1.058455225985817	-1.3322114253207893	0.6171871130839225	0.45436521614421854	1.1165859853960773	-0.717202665677946	0.7432764743209309	0.9704470015716969	-0.5487024164263825	-1.9690072314716478	-0.6893360132660421
DTXSID1038743	22.404521152826057	-6.622315776605804	-5.950622554869309	-6.587151548206345	2.634812999559958	-4.669765969812097	0.18848116264162343	1.5322717629696414	-1.2216216847699315	-0.6969817278729283	-0.5937429688358848	0.7585686599619595	1.6658943354616018	3.3660822952145937	2.092410377073272	3.1295298446444555	0.9497703206639304	0.7058859664141058	-0.08284935740197549	-1.1375102520301987	0.827439712770652	0.6850673300881807	-0.31897443186187435	-0.32695875313442496	-1.1672314336817484	-0.9925116881089248	0.06792509813057568	-0.6281530761922086	0.8355442178039817	1.3966313723124582	-1.678468444489688	0.4617559339124909	-0.7797816289717541	0.09261032192304876	1.440094480954989	-1.005557981981916	1.4246107798541707	1.4784688108755675	-0.3762837055224268	-1.7719299397221075	-0.9175222337543495	-3.314467283920038	0.2087774162076501	1.1537751047224152	-0.22723865445361333	-0.27987056818297174	1.8762357704415604	0.12480973450851354	0.11035893504344983	-1.434816722043427	-0.08907087728778834	-0.21116347546967273	-0.08949303385485877	-1.1888527558948732	-0.08031272544571647	0.2505354932562814	1.2121324002504206	-0.8556229197876744	-0.7922832450345044	-0.21884027782546842	1.0634873631193837	-0.5372359520440729	-1.1370260853366452	-0.5152951922631076	-0.03982796627825791	0.2101378933556869	0.17412723710709713	-1.3138010789263155	0.06687094703727892	0.8694452663434361	0.564785290500725	-0.87300959424806	-0.21487768682225375	0.5638129541281687	-0.6502341147461972	-0.4229848890343778	-0.012320419433490538	0.42348938686302984	-0.2701373795998555	-0.505220516125561	-1.0664620540772165	-0.8049328388467678	-2.185180034419542	0.012483962706605848	0.0001507725049442895	0.9115932860468057	-1.5622254720464603	0.9666896746899071	1.1363180687955068	-1.0887742055230267	-0.2537172339848635	-0.995370203948819	-0.21383675826827872	0.7002116647446655	-0.8029717215952301	-0.21564631586306998	-0.16006802497905775	0.2767917347698385	1.4970897762380055	-0.33584765130903604
DTXSID1040372	-9.712637002091132	1.438277836477054	-12.579439186420204	-1.6899534976544577	-7.022564929201575	1.9113198458103462	-0.09841900870704633	8.14440860168202	2.9503821251722915	0.2924018335582102	-0.5712995407378918	-2.4277466056784736	2.0095584337831696	-2.389296969727318	7.037434763639121	-0.8510585783665766	0.3776816209622932	0.7729577088027878	-1.166603950793883	-0.7542453532475594	-1.0156546265351638	-2.248507626316716	-0.702961992855995	0.515679970527113	0.8054626589979326	0.2964482985242327	2.019050516500991	0.4750267039135514	-0.6327117003878953	-0.5075233546285985	1.4596437035266172	-3.1388652321061747	-1.4864696701874713	1.9434014300685245	1.2439852356813053	-0.11501365463900552	1.751864807878787	0.27992448288639343	-2.060388560685514	0.09675593363782081	-2.3905533162814647	-2.5950821625758724	-1.9247916278582937	0.582605407630562	0.36954495348020866	0.9602573279785983	0.5405007327391662	0.9468617646054857	-0.6993301933685435	-1.1994181933666053	0.31971678485411603	1.640534443957631	-1.2328184004685419	-0.3936579554054706	0.1965679141995401	-1.937237014257203	0.7767946896377574	-0.971325780552221	-1.298131574804492	1.403072542396103	-0.36122286185089725	-2.090506381452113	-0.0699703592643548	2.0566754874536026	-1.3306530307939253	-0.5993899786853967	-0.5758580569851415	0.4213532455558819	0.6036998486232723	-0.2993231594752389	0.6930532192410838	-0.5904005260704891	0.850453748028179	0.745751479262385	0.15752505852460674	0.8999364144295872	-0.2410492742624002	1.0759680934378484	1.0638045674553538	1.4325725146895376	0.30525258742720096	0.25873087776695036	-0.9772496189364445	-0.2947486556420617	-0.9592892973218997	0.14004052888993115	0.761801799350123	-0.46545599402523974	-0.15211297988881672	-1.7921976454906454	-1.7263345608083105	-0.7712250685572771	-0.4939211417807099	-0.24833237089738558	-0.05894392055914175	-1.8500233003083755	0.6776935083355904	-0.23392946061034975	0.2358623096679062	0.7459069776280631
DTXSID1040794	15.70430893320327	4.070479271551247	1.0171528093052706	-11.86631519767173	-5.7916122642708405	-1.201812345356513	4.115640953807396	1.3869330793189374	3.283700367041984	-3.258625608785883	1.5243265473990124	-2.3267281622625875	2.642718403146702	-2.4064761439395674	3.5119017383577424	0.16063719035765558	-2.8097702150578208	0.21448476331153843	1.7600244598954737	-1.232021010678162	0.10507617549866875	2.1739532356272893	-1.4201906478542332	-1.4172949251249924	-0.6277294801627068	2.706691654727534	-1.0808381920377224	0.07218884822021532	2.6482231046977263	0.5850299982909433	0.46327699579362375	0.7563302456162991	0.9166599431095453	-0.12977838041727693	0.9381320269279179	1.4096628000344595	-0.19666064231936495	0.3095255992454508	-2.9721136667524446	0.4706813613227508	1.6169224105633706	0.7195639019073805	-0.14986895457200256	-1.2743050414381105	1.6390330195266913	0.680791136076521	0.5119513537652757	-0.2483479642560385	0.32377505910895493	-1.0705855529785921	-0.5942236399228259	1.5096811070692104	0.8397730974639152	-1.115209974245832	0.4780132391593538	0.3838369766068616	0.4015648892113783	-1.1030408207740783	1.493047842999552	-0.17742700762469202	-0.7773551335539906	0.9053093403350231	1.4741072217400757	0.5187095130200402	-0.5027874847096745	-0.04570454825760812	-2.0707042245454175	1.3352191132182685	-0.40510207660023617	0.5088829288138605	0.48733359534155735	0.31034240478332425	1.0522741184544717	-1.3320428860525482	-0.44653900023704746	0.18654465542956927	1.4463654320605401	-0.3735133868058351	-0.047949105846608824	-0.6169015010375422	0.40952220330535066	0.2526806441340612	0.25279183065287003	-1.7465055281621984	0.7313268249149475	-0.18010173562479698	0.16720465640047075	0.8903993456181123	0.13649014260843667	-0.8425908521997515	-1.260596929961603	1.0164672401042758	0.25516932909091394	0.048860573328695645	0.03222904699445674	0.3014650726348557	-0.721162774838728	0.5269079121515501	0.5913331988839011	0.6418025914851777
DTXSID1040742	-19.37120463893328	-23.368119329723847	1.7518150893247513	-7.807329800557682	-4.6181893012824	-1.1358887780708065	-2.2254292714292347	-3.22885612433977	0.11480339482670367	-1.6148508232294438	-2.6034740527555016	-2.258993223973686	-2.6418550727603245	0.28910556582657637	-2.410404838091992	-0.40924678738864634	-0.8220575781181467	-0.8481765373086966	-1.2541836154997856	0.7021376003207569	-0.3296637017222668	1.5773847585365113	1.1166496986329564	0.066747044072225	0.4184070559179052	0.4170725772130847	-0.15398570610543028	1.0423058015718498	0.5587496707128401	1.2938698141862879	0.5119232440512376	0.7502078234074189	0.7884809576683695	0.12125796662263301	1.2303490754483675	2.0796633782695	-0.2991081368008899	0.3874740722404989	-0.23511823053710995	-0.2460968787358063	0.20958756592756114	-0.9302638437299157	0.26185206775822417	0.13103943750859215	-0.15787439801485395	0.037468313321101725	-0.8369354827802006	0.7835784378595753	0.8790579028935497	0.6851686210258964	0.01300168216803499	-0.46608193625487326	1.1721350840083085	-0.18312051272128937	-0.6662701473889251	-0.42629771789845405	-0.9802532096327896	-0.27164565766006177	-0.09174726003137867	0.8117353456133648	0.41340753237396854	-0.5284353538310161	-0.5135035365906893	-0.017424310417192973	-0.4656623663777662	0.18286829623606055	0.12723184523484773	0.5482247423262193	-0.1333569929694987	-0.8525884560855481	-1.2741524432715245	0.24484690920675353	-0.04697388783672037	0.5799582233931034	0.15260835022601235	0.5599898182575943	-0.026535512018393926	0.2300405100851973	1.3435515787535186	-0.7684595034228675	0.4058778642993935	-0.4757719004666783	0.052959647712449154	-0.381794488206566	2.120584310511993	-0.6257757699385412	0.699941811751107	1.4438486019533607	-0.2746925668852105	-0.30963700149514073	0.04512488810523851	-0.3994518971945552	-1.382563631518094	-0.0769166326470595	-0.0719693541885543	-0.3740480893504738	-0.1981469604453845	0.9545240804193619	0.05776393454161166	-0.5326960053629534
DTXSID1046970	-8.718386701294879	0.39361961245894656	-2.314656870433582	8.98605219987784	-5.1528623890166045	-5.294075633800081	8.285305155221698	-0.04018187363311214	1.4559415592863127	1.22926431979755	-0.6077963900028235	-4.289832730909148	0.7023051059401245	1.1692242405326467	-4.94132970522048	-0.5081541838037791	0.8742499957034259	2.2737182456083005	-0.9191173143273161	-2.1148230841265216	-1.098201830854098	-1.9342584380477508	1.180520420417921	-1.6954194096358195	-0.22948917658872844	3.304968919777166	4.112443187491724	2.112300986442266	2.096135053121567	1.0664628372024756	2.0878439898730994	-0.7996754275276549	2.4680631182474095	-2.5761739204836345	0.042825661785528324	1.201353409989017	-0.8671871742412715	-2.2534719076688408	-0.1336656104576734	1.4636885424307646	-1.386125221247804	1.8396668581913485	1.22020665186387	2.2948941381711796	0.40413972360410205	1.8949827769071135	0.8084592901035997	0.2802290687164136	0.11809751508415949	-0.07801654585907797	0.5079450315870119	-0.43768859409145217	0.5123432451315341	-2.302471987110351	-0.929335846830036	1.4929829425309231	-1.7445024523449728	0.11395875053686735	-0.9884989506313191	1.5226211225582504	1.7514866342941875	-0.9981290592866698	2.1781256165987095	-1.3611123847831337	-2.027230228345392	-2.204133388306348	0.5492310390794191	-2.612360906419218	1.0209383394215796	-0.8156542985098251	0.21828462570519402	1.1910367181798305	-1.5662983843891085	-0.2686603372206659	-1.2747387473098821	0.04219300087956168	-0.22293293792248298	-0.44553186326513794	-1.0559411552916589	-0.30434029205763585	0.26704274669305844	-2.132332496543169	2.421897896004768	2.1616851406538165	0.4500973190040147	0.8112255025644008	-0.1532997284088741	1.7778364819915913	-0.7121103324462962	-1.0600132754668201	-0.6598808712369039	0.37629300751142114	0.855717691550924	-1.7524663527885325	0.517240539854833	-0.6458743507232017	0.10324824855271326	0.03741657942784633	-1.3557401247655103	1.8443900754314064
DTXSID1047283	-23.307701285131955	-12.873076164177249	-1.6683335532242178	-4.952547195998299	1.2536284716773924	-3.772772639569295	-2.1318387390077653	0.7547985460870915	1.7798157040817506	-0.8497079219957837	0.9080832165543858	-2.758845010729254	0.1080200105786333	-0.7186445921134373	1.7313394735562904	1.1527559628716224	-0.22603723410539078	0.10215874739444704	-0.37903760839015693	0.213892682050013	-0.4691491835242171	-0.16577366860542242	-1.6790148463807888	-0.5296795000346383	-0.6985038353241051	-0.6300393715793974	0.33852585938000224	-0.12792566810068673	-2.371174203502432	1.144750744109988	-1.1923991481270932	0.20412525098753603	1.653845426542087	-1.2759262946086896	1.0829456734945306	-0.985464743163768	-0.5621239435187012	2.782676814569444	1.3463488087551416	1.6725302521234684	1.5683571210874123	-1.6860411566678555	-0.1659371371859363	-0.32759806311308864	-0.8482833600704899	1.3250734279477758	0.42928378454586047	0.19925865784643826	-0.37040554199058773	-1.063393177446561	1.315789277275751	0.584353466971047	-0.27225573295698685	0.47302173344274334	0.20482232630313676	-0.6955782343995673	-0.2246810172661481	-0.9241018311947544	-0.5041954680747729	0.03585541278178669	-0.6375500426470929	-1.0141866470306606	1.344419870478752	1.792136233348244	0.5780526693929979	0.4852025264525302	0.934302540988191	-0.2193646778454949	-0.4672617710075112	0.5429308751847419	0.34647356861207185	-1.9631529125795837	-0.21502588703345182	0.5592370934201374	-0.36333415459456075	0.33701732277736596	1.171288056942085	0.9657421727045907	0.9246216955916102	1.9591061483637981	-1.161447984481568	0.10559921107916234	-1.2904577469040472	1.5805222112989854	-0.7167282200325995	-0.97589818125819	0.01838076803937601	0.7811580355896689	0.40135874215990264	0.04666505959312282	0.746976675181796	-0.5081217995920767	-0.8152318193930823	0.1053355535847332	-0.557738845045844	0.29173217019986164	-0.0036589640903060172	0.0713341416576891	0.22587402568058243	-0.10234281651280426
DTXSID1047289	-23.3144309512656	1.2598220750744953	2.0071496049421222	-2.806335838684002	9.463666446751638	-4.291790403644309	1.6862148163206518	0.019962330831179865	0.947548804188906	0.7532214312472448	3.161494721756642	-1.1334181087888182	0.38425169388624586	-0.06604097969305132	-0.47485773283899296	1.2416101195914082	-2.8548874885563222	2.487207101091756	0.6879522816418644	-1.4711957751195646	0.818655163928929	0.2856594149096675	0.8715471411643174	2.195524785861682	-2.084216134929209	1.0032084281752627	-1.0149082196025083	-0.6837630678313487	0.6751251710940419	-0.7748444173465785	-0.6876647504796257	-1.0773786069874083	0.7583331926547254	-0.6115055272617214	-0.22133642544851131	0.1986472392021469	0.3661280742286237	-0.349186856510497	-1.751535271772468	0.4879954780705484	0.42321520453434736	0.4917019159808704	1.1664720293171473	-0.17256733768695318	-1.0858465984917511	-1.4252448266259532	0.7736392743585054	-1.2948551874643996	0.02699847713472047	-0.8404298326361976	1.6791402063254055	-0.2778121204993341	1.2549012673599567	0.3048894757071514	0.22705404589438086	1.3066510642797224	0.1371599839600271	1.199822753822446	-0.3172202656195828	-1.33681754457334	-0.08324133162185525	0.3240602790958301	-0.8215289914313577	0.7008397677777585	0.05872898414334182	-1.3082430881891614	-0.8069916969788561	-1.3813170661551668	0.8740335849464197	-0.5987461478595608	1.0408107308670462	1.674648067292899	0.7048805417184667	-0.7241758909042241	0.5704465985565753	-0.03652952247530583	-0.2725357864433446	0.3003339903900076	0.4824883993765714	-0.5291434193798219	-0.39324467894186443	0.744359329435279	-0.9053020649241629	0.3393844809190332	-1.5448027152621497	0.6533314822068723	-0.25304840789017	0.3419674303560433	0.006800457317072519	1.4913288380348653	-0.6714429608768488	-1.0326891730062773	-0.37660171227262773	-1.4627829935655416	1.6349930042586993	0.3874391137097365	-0.030849273772568898	-1.6449846765938454	-0.3557998910156557	0.6129832334868269
DTXSID1047362	-5.737233374203797	-3.427800938331412	0.9381785023505471	5.932829689178783	-10.204403791925465	-1.0575175972614979	5.092421280380213	4.480257695457341	4.40278066956502	-1.707777201990929	-1.3104974922182	-0.06266972739582911	2.478571925082697	-2.4745649218372603	7.7206656114602	-1.855150877922523	-2.432809681526333	-1.9807301525604837	0.49100642746797224	-1.3113830768978376	-0.9439899429889045	1.4143134137450546	1.109191908209122	-4.0077717870879	1.126656043922943	-1.3900129948049758	-0.6533406313911865	-1.0385237611610796	-2.0643202969185195	0.7283601463426647	-2.757583688229676	-2.5845587778758645	1.5194914999503928	2.046616512088874	0.4025660053517572	1.7188651134798134	-0.3368711128692336	-0.9990931776658253	-0.39055975916051827	0.717589484551201	2.4022297277866933	-0.2589822272676189	2.153729234001624	2.444097737400263	-0.1923808994296879	1.8988084720289997	0.034886307678137114	0.3131265710840433	0.7111561788226082	-0.7040526353415258	-0.36362055838647106	-1.0651558577433762	-0.2082289326255782	1.2421959404378222	0.787836723851545	-0.1854116802259001	0.380945639950239	-0.09707697694819781	1.9514897974496646	0.020807535064112922	-0.8578609180349251	-1.8813949428035772	-1.4199031276485399	0.12955505134530923	0.4274242016866511	-1.4887461069047707	-1.4684706298804957	2.2205471930094394	1.4305997007143643	0.8418328615332967	0.20602264116110597	-1.8734341258650034	0.779897239697685	-1.0556648545487572	0.9957011300277241	-0.16217532264631962	0.3952848831560946	-1.7144148174027085	1.0304500883892986	-0.4636127341303678	0.6164611810665219	-0.027226012833162495	-0.036618481516815835	0.7050054442951745	-1.2924212078720998	1.3687268507046175	-0.6249037270520165	0.9567173040444898	1.5814033078958971	-0.3790453262823438	-0.010548914670583952	-0.03823231667964905	0.5178663934916213	1.3551399821915484	0.9893199062578362	0.13728333093512196	-0.2857421663761667	-1.1869523776602353	-1.1586777709946317	-0.48053783663060795
DTXSID1047312	0.6987251712481342	10.638469458701952	1.331719775069884	3.944761655787095	-2.463887261386818	6.346321063624449	1.612693802209286	2.0539971014276217	-2.616050930026298	1.528775234018791	-4.725009750018793	-4.827158804835193	-4.122436779117871	2.65992896787665	0.7851014029868519	1.279819494237985	-1.2453074379908786	-1.0260265260078252	1.7215193094767662	-5.543920161881853	-1.4143624248366553	0.8488843231752414	-0.019753782760421522	3.8488222504884946	1.7054838675466464	3.022870727504623	-6.346406673746975	3.3714134482914586	0.2708670925336911	-0.9501530498927764	-1.5092960774911433	2.0857055233297586	2.7603122449576025	0.5574932812427444	-2.0199535269085365	-0.9258377425598601	0.01759846209378354	-1.6261454185925697	1.5988758549249098	-2.430939736754789	3.9607895804479174	0.11137121910837088	-1.7713587947169074	-1.8146698859727948	-2.4862352747494425	1.3339868698626063	-0.03485490894556439	1.8890038231358859	0.983796689649942	0.3151414403263001	0.9945723246045498	0.38001854343519625	-0.1191545281442832	1.8551110490054297	-0.25373226670029797	-1.1629015322811422	-1.6333802336811052	1.5336790411750048	-0.7674248570965906	-0.5407544959962393	0.52920178968407	2.185724258328273	-2.295298945941269	-0.09291786996216797	-2.248822461465901	-1.11553643160252	-0.36582232313023244	0.873180938473735	-0.7087883930706895	-1.0072229906307215	1.399362293029438	-0.1285357511582975	-1.3677331096085987	-0.2236289479642803	-0.48369497903647385	0.14247310926568435	-0.41695824478566584	0.7016066955371654	0.9689452197190127	0.18678836143047253	1.2837638107698972	0.1548048572406049	-1.1065909267221408	-0.7460873688198661	-0.1911658913747404	-1.1578388480864212	0.9233196026779723	-0.747990804790674	-0.4287884779476878	-1.230417366226603	-0.48133735101298225	-1.0076414061173997	0.9864694373178958	-1.67677754886944	-1.305944611560877	-0.06958409230911984	-0.3241431114735363	-0.618393870704405	0.8852337459389882	-0.5618326968428519
DTXSID1047366	-17.103257681640578	7.923671647302513	-8.229394219301913	0.3717138231805935	5.653480403174115	-1.1627480214693682	3.5703100278065905	0.6270324764308377	-0.7127355241392359	-1.852014592441832	1.5433274175171185	0.2519397503763837	-2.150282261537721	0.30000013889078964	1.4907818962451163	-4.540024040130505	0.6250596969661929	1.1889257632452597	2.459586497690941	-0.6755299932899017	-1.4206508159315727	1.0085020187290774	-0.2669181440970186	-0.4078008571951693	-2.7688897549600506	0.24231843199078124	2.6352787653315017	-2.570685032321596	-1.1486547045765516	2.016912261835964	-2.3987638975979144	0.9713410033190436	-0.020645669862396864	-1.9505654647129735	0.7398126017946813	1.6270496260761453	2.089808799580691	1.589714165861027	-0.17854758442850172	-0.6127068373795335	-0.4957093233483188	-0.8041684875370618	-0.8779885206137624	-2.201080646833849	2.7359780585318108	0.31405003527522124	2.7431189784692203	1.7638822365518665	1.0600193241126399	-0.7814540891807082	-0.5573267467917301	0.9452102526869328	-0.9245351159510031	1.0685494288371622	-0.5265288161724949	0.39633031059348234	-1.633927109774261	0.6644014622800347	0.5674036889296185	-0.7697078752476813	-2.2655924386864497	1.005794046507636	-2.1474993073704125	0.802121084005028	0.3916029020576481	-0.7139393097164449	-0.4320572873551392	0.580224900593678	0.7113042358458296	1.889010115674847	-0.2789549981036994	-0.3566501015349185	-0.23578801598907254	-0.1729652361328948	0.22439692610438178	0.7523133505525068	-1.8955901347305961	-0.8214192606030064	0.06214903833820474	0.971052851480249	-0.3618651271289142	-0.5541873536619571	-1.3335202884110933	-1.978800538743302	-0.18957680557812612	-0.2175569775521918	1.6252783876997157	0.6674035690334873	0.4538219311219854	-0.40437007297822336	0.782953642938614	-0.055897023845824304	0.48101167785438903	-0.3801250238699114	-0.44881084615853395	0.005326126398402382	-0.9867816417843341	0.7611081026453527	-1.4985424284879485	-0.18253963020203617
DTXSID1048172	-25.562511911321117	-1.3881561258166302	0.06909175529995859	-3.4596699762252476	11.870401429997365	-3.698014459973585	-0.714279851442145	-2.213835808064987	-0.08584876281133931	2.0026240262909156	0.3024256591954545	0.09310912719500551	0.7284807640941733	1.5904824748020832	0.49118801713020466	0.5440148989520738	-0.986287817482397	0.27116211500945575	1.8741256740931016	3.920256679771221	-2.455900938102034	0.9861989800847982	-0.5938123328211167	-0.055216428325968354	-1.596732951288727	-0.6656039196352405	-0.13281452841841135	0.7511853602552413	0.7023247420983847	0.15616474132023297	2.7908755065779607	1.254719552418217	-0.36819150518714705	0.6119791844131163	-1.3853044555811862	0.26344787893695504	0.7780080332863565	-0.18028223675291594	0.8537946777684419	-0.037049153562995034	-0.5016604376330634	0.14828576219777784	-1.176667400953129	-1.1683523559871838	0.4729640311603761	-1.2848697725569216	1.0889449896906147	-2.1886336935192183	0.6989614899489496	-0.9407869140009713	-0.19457261912660329	-0.06660215044858402	0.011005685561178234	1.4693914800028953	-0.6583040093679936	0.01176187599490304	-0.0832434986070652	0.9323204915883926	0.4627979837895768	-0.3484804813259367	1.5380992754382397	-2.2651745465351865	0.26374319220272807	-1.1446085239796533	1.2495212546090735	-1.097224668097287	0.46310746060322105	-0.5624209678760528	1.562494866177214	0.660272202934049	1.0508623430593615	-0.02019375917481432	-0.328534890776252	-1.8262113890104765	-1.2046903541495921	0.5533722714042276	-0.6531136234443027	-0.9177634052230234	-0.18259816502152146	0.7771273648089908	1.0958282450028427	-1.0179582624360266	0.46601730802500346	-0.35698194096991126	0.24638571701895606	-0.2101511168838351	0.41687133882155697	1.0350864236581618	-1.4923173262905776	-1.63629231984982	-0.5463365081100909	0.033844212202915655	-0.950433800476903	-0.21936208386903644	0.9830865091412181	0.32154250724928596	0.7745286656600947	-0.3472441667011475	0.06266400247045853	-0.7598004825018296
DTXSID1048174	-12.565900643982825	11.576955520609998	-3.9925129566077326	4.010549323231591	-0.9993250723324703	2.575866059775637	-0.7230269520311139	-4.284354640123528	-1.1965123897296022	1.7607460317203034	1.165133585167597	1.3903831998698497	-0.9466028704041068	2.821560363304245	-0.7542643071519235	-3.8154797221637757	3.4723027375783015	2.8212918291037092	1.623435949475589	0.4590082799148342	-2.076367449397862	-1.7735976297913263	1.6954800221548871	-0.263700316183309	-1.3592720531099296	-0.6495850975964788	-1.3075234290878215	-1.8088581882916823	3.534505639593889	2.846466294573657	-1.8617596173411748	-1.8982871353800712	1.1824734910621157	2.183796170320357	1.4468500182739579	-1.5456689050232002	0.9599413568601859	1.379112793453487	-1.7019398181440604	1.040754931787195	-0.9026102188878277	-1.9211770105102806	-0.5084353175007859	0.5993802288931708	-0.20938511344497682	0.8861032077357757	0.08129651893297414	-0.04727128309271242	0.6497188760275049	0.5241747678601297	0.1808368746159711	-2.6101550863865723	1.2416434338104483	0.41800466587315876	0.7524427980503675	1.7322345721558703	-0.7641784483605648	-0.4104752099491964	-1.9545392030584705	0.09353497067944855	-2.6637225892785628	-0.9718533331887698	-2.4545426252319427	1.5398895753016792	-0.40028199855373037	-0.5760051948568811	-1.0358879342021503	1.389851323511103	0.9623132564169689	-0.45836163630423565	-0.9533974595074215	0.5590998667025012	-0.9504438791446339	1.1180637756789082	-0.5791204313538884	0.2349478831096029	0.10830780409513076	1.2273454034570017	0.49199066361903354	-1.781360551894162	0.03009657589754543	0.8814162636062127	1.3063077083545802	-1.010122200137756	-1.4174517696471847	-0.45939158254480966	1.1354686056538124	0.19282120536723785	0.7809296795903183	0.28950681507703624	1.1601936845608094	1.5490083233394247	-0.4030104532793275	0.3961828977867191	0.9803154836865866	0.3868098609773206	0.9097287051027405	0.36720920337454693	-0.9240819028578343	2.4882115571499472
DTXSID1048178	-11.52821054638948	4.052365798004386	1.806158029690304	-3.6558975193541503	-1.9296347938419742	4.504388187674801	6.721143068867006	7.861514055268469	3.843951527346471	-2.9388113127026347	2.2013751031813573	1.302790257789269	-1.5034231227186154	2.643485277612456	5.422271791084933	-2.02988638541006	-2.3065863223196317	5.423563955282968	-4.5015458577971765	-1.4480221858845783	-1.3834293050935644	4.928841099350144	0.8379876941326024	-2.5373991211545577	0.5998082408367729	3.1422764363252655	1.007222408822972	0.19069851940937507	-1.4686701374855125	-1.28331097389338	0.47897129165331237	-2.927744484639473	-1.0518647918194886	-3.4121268614761546	2.4795225611461604	-2.7039382309373976	2.809985224038017	1.119762062708611	2.6359966935599473	-1.7789300171556444	0.21203043700647137	1.0924422565967449	0.999868938980317	-1.0561823813601228	0.17201790443076967	1.6874938511237425	0.4795692533932143	0.9262262951890727	-0.5176987147644515	1.0109958657642764	-0.7616463809218675	1.14178296139646	0.5188670430961723	-1.5528731619081768	1.4385103367175023	0.29745363262718016	-0.9116714060291703	0.9303677843836172	0.9265689073432888	0.5769107490327515	2.2206062544478975	-2.1474984587896033	-1.724027323785801	1.9400395839688858	0.6415741862782248	-0.24402084675478009	-2.318049594727753	-1.794973258067534	-0.6386569113843538	-1.2399038300606309	0.6346670143926619	0.8126611548491839	1.4140092202932741	-0.6381020477636117	-0.7191917853308728	0.4612814004303511	-0.2432706216006456	2.0513238348330987	-0.46603568275222207	-1.1674106981554506	-0.39683128850300076	-1.0856363630242771	-0.11228762542318958	0.1848426887926381	0.7068730523367359	-0.4518766713636311	-1.0097084121417959	-1.02346555818719	-0.13822150634878877	0.3798427898482863	0.5297397355123865	0.4913518277565748	-0.48165190801291097	-0.1655803548928283	1.7349866831026057	1.3620443750534	0.8219201341094383	1.4704890458256699	0.737866070762438	-1.1177760536379155
DTXSID1052585	18.818466004449885	-2.382217687148633	-10.076697450166943	-1.647839046714281	4.211889040510139	-0.5263168129987358	-1.9718229911899128	2.9383092862887263	-3.0054786289814563	-2.193382916208027	0.19460128480947264	0.9832379155500224	1.220260759447204	1.3590556057287568	-0.25983448442021745	3.4588635281709452	6.237374601992363	2.639520742052221	-3.970698096632427	-1.7230604264131206	-3.065610755884476	1.47135009106432	0.39337844834668234	-0.7866211291729553	0.23795821978673157	1.1468924501944258	0.7892986073527011	5.102139697252603	0.11892460971273938	0.18705945424691342	-3.937354845505487	0.1263015387570899	-2.0551310176785718	-4.748872141820774	0.7725435419514135	-1.522260364448873	0.10647650887071071	-0.40826696947180974	-1.5415292103850238	1.3006167126303816	1.7840330137083371	-1.023815892041422	-1.1524811605338616	0.18608809029675044	1.0087678355775866	-2.602327748432864	-0.6597173384801259	-1.5131136494427615	-1.5997916868170863	0.5399146766056345	0.8716301936178105	1.0239622144195992	0.2264459636310666	-0.31184328470827044	1.6208438266311398	2.254325683525215	-1.060031052233051	-2.723030415124657	3.8508847041999354	-0.6552293351714688	-0.24579913133184642	0.32428695211996433	0.562507265128156	-0.6658962288973163	0.07876210142624235	-0.7426359221925923	2.5466404285685993	-0.6876458250291074	0.6757287350405295	2.126708594428842	-0.6348805476457068	0.25098355564002317	1.423665058689488	1.0212587042728647	0.3877740137845205	0.21350914992652759	0.783696927275832	0.556325763589083	0.8132574448109425	-0.15817788134144553	-1.742078051230487	0.7707254241997472	-0.028749337133565315	0.8798710803715248	-0.6473178475101713	0.75353948844969	0.23490891213061285	-0.1252775506039504	-0.5353411834724121	-0.9014252508703604	0.35951842286060004	-0.6370549981270955	1.1338440602756727	1.8769905537559461	1.2260275905147104	-0.8015035275223508	-0.6342048447706106	-1.3734242393583915	-0.17786260999131684	0.05138693067648916
DTXSID2020420	7.9089136340727375	7.771483322910858	-1.2184096851998747	3.155283580310086	-5.841426471404399	7.250054425775495	-4.012515755975951	-3.574767410653259	-0.7515620954699795	-0.9002158937304309	-1.0011624716622474	-3.783213182059308	0.4466818003967665	-1.128383274094507	-0.4165302027199434	3.582616928061465	1.1719775152827827	5.154024224970635	-1.4695414957492576	1.9815422673256347	0.2049032245387708	-1.4775802404095524	-5.519565528557974	0.42584745644521643	-2.330794624583164	-2.431478532428101	-0.021771448114780413	-3.32094897102463	1.0206935168230236	-0.3834750664533045	-3.3224827721684447	1.2493177009524734	-0.13383177612554303	-0.5932078835340105	-1.7780632997340637	1.1466650541240864	-1.0017823192910489	0.7642604074273304	-0.8656886858960436	-0.015582388020031621	-0.039148460983390886	2.447257806778514	2.1680611025060363	0.37760348091403445	1.2742809739629406	-1.5426073165935965	-1.0354107219579822	0.8013376025821709	2.836637910483438	-1.1737018804567616	1.2630030540577137	1.20455710691115	-1.1763576176532013	0.42504063214326065	-1.3613665680117406	0.23811312684310998	-1.614633287699051	-0.580530229938088	0.7835569709371233	1.465235854548121	-1.5242107064397072	-0.9164996996323906	0.09838814591255218	-1.9600574195372173	0.3687632836885641	0.8965697795605391	-1.7094513264977094	-0.9229145165505833	0.6454163502461415	-1.2902544742132016	0.3238503960207896	2.6036682361806687	-1.2781801165131998	0.5605870261063876	1.3950911337751524	1.9023327905341403	1.2667158434280703	0.03597952094921502	1.4617802585670578	-1.6737417604744018	0.06543432154919104	1.1919465846322965	0.6664234271748601	-0.01877859826398714	-0.3992219269731592	-0.5374107364690579	1.554414156325136	-1.1150878241764017	0.6406241981319211	0.6915331919152997	0.052586281634445974	-0.37457398429733435	0.6755817859326255	-0.033841365055046424	-0.43437151093320414	-0.44161270863801094	1.4912574590128886	0.558895970634164	0.7364358478986398	-1.2278333840656943
DTXSID2021105	7.512906597114224	15.565962652536054	4.5874309393758415	-11.969694197323422	-5.009696456372739	6.172679835024059	0.11984852571556173	-4.8223635570995675	3.124483607720601	-2.5945896520439833	-0.38228416154395395	-1.7257174767107364	2.6805065952686267	2.4082631080272443	-0.7454049510117754	1.2363496806423968	-0.3741187284822483	2.0108735529292265	2.455603716927146	1.680092039383602	0.8383044468768837	-1.3187608250675324	0.20050252736138258	-0.4824682262154511	-1.1457572757307821	-1.568627569114434	1.0331692559305254	-0.9339585921279505	-1.9207087516454626	0.4514436775338756	0.6841713098159593	0.1501638809540721	-0.9216711642291078	-2.5306443110550267	-0.45929640280212225	1.7281119918883492	-1.0327867438368707	1.491925489771545	0.029938025532515785	-0.6226787090844645	-1.2385268070092583	-0.8960277867514944	0.7553075096848879	0.2554314722189243	-0.9623610836883908	1.350793174731497	0.6973347595491654	-0.5111763946409963	-0.21959329005975606	0.7340468287017953	-0.5174588835804863	1.140327421833224	-0.4663534698333244	-1.2596463847167576	0.7138811187820738	0.03994324562249969	1.395496712947183	1.0005351960283368	-0.2865435926009946	-0.5692786217962774	0.10628717318879712	-1.1670858778831266	1.363080415298297	0.7549224839519215	0.20938614552688697	-0.42234309507964024	-0.8456258347361707	-1.1043692257956483	-0.6367204281514761	-1.312301040296325	-0.6134488436756845	-0.5801621586995234	-0.07116498657590535	1.052625252800444	-1.4445451917567056	0.02526386055088015	0.23584287999287334	-0.15406706250659394	-0.3017067980937219	0.4798144375886656	-0.43396016994107234	-0.7285499876884329	-0.18585915946180037	0.0008572094346761017	-1.4832843445325559	0.14502924006754744	-0.09662633228340921	1.2184200616008094	0.4693732056321496	-0.6868665026688121	-0.45813145216625945	0.806568151686817	-0.8499931205032026	-0.047098688735003946	-0.46586378025969505	-0.8665944135625009	-0.7132301647318173	-0.7885160701517913	0.21009803927046652	0.20147604351219567
DTXSID2022123	21.006072916709368	-11.885441492016177	7.585528765424856	1.6076955514265459	8.48414813927183	4.284181193413346	-1.8891963026181768	-0.840224544000936	1.1117699339569254	2.771283010227878	2.2318625567966226	-1.7887822416355548	-1.8524466894305367	-0.33649654567596604	2.3257588673898844	-1.6997545510285548	-0.7900384898510802	-1.0452669589942485	-0.7922230609484278	1.0070762339069688	1.5942599413972602	-1.1877924657604102	1.2667101873222826	0.4961890457320332	1.8507739336293154	-0.3330759840180139	1.1210169429503072	-0.3323435613278956	0.5237257571801079	0.42805727194284043	-1.6573854391106408	-0.3127669534054915	-0.32203488100811406	-0.5893259744256897	0.2008807084077354	0.4245822302475191	1.0648865744105798	1.0002785049495075	0.878297537062804	0.5972943399587762	-1.0096707738356758	0.8966555689105106	-0.045421397335275795	1.5402708075415084	-2.843094163931449	0.04159568995104284	1.0247345869511584	-0.765192323788023	2.8315508282294837	-0.5630705057305428	0.37154188256339293	0.6449832167667009	0.21290856891756624	0.25021967803473427	-1.2203882785148301	-0.9637711536290222	0.6666336486368319	0.35251523811644314	-0.6919690178864782	1.2242844760063936	-0.07532256784526885	-0.05496954023209005	0.3621761747106946	-0.5035028242755255	-0.1939953784358583	-0.29433450278030365	-1.7788961086823059	-0.6758623875087684	1.1691515637381005	-0.09975952755968479	1.045614654213022	1.2158696215608302	0.24154744661736754	0.27837647916653496	-0.34478290361446184	0.6730749371376861	0.674850636151606	0.04946088647284732	-0.25313058474317657	0.6529199392060325	-0.8567674160880072	1.0370096127005584	-0.00698411809866194	-0.4718200228731237	0.7369217642124021	-0.29184912367200694	-1.5075469664209886	-0.6710816834872143	-0.06384196073302167	-0.4449926493270337	0.5261329922112661	-0.27657561405772246	0.005989523221898022	1.241198562736163	-0.8841660830204033	-1.5840936722208485	1.7352659638313765	-0.1929722873999349	-0.832880754122787	0.26872131669327654
DTXSID2022880	-15.835852380782121	-25.782526807965365	-1.0393504086040846	-7.243185778797859	-6.286058923219533	-0.65204865527133	-2.900048647866041	-2.7899750817587274	-1.1948964778472806	-2.881407404719	-1.149242547773431	3.5561602977103703	-1.7261422297676865	-1.5353356577865143	-0.03216684700587477	-0.5985735617488359	0.4627240288522169	1.86431345189217	-0.9148464448093336	-1.0107256859579141	0.9043305182288359	-0.3434503928510846	-0.7900057288901469	0.19703488042201328	0.6229469718902819	0.13310084425024057	-0.42545768142415563	0.42035525480372404	1.132024632294224	0.37173261879570335	0.9528369996315081	-0.2594330367232979	-0.4470758319195024	-0.6080065857549817	-1.0164152608420713	-0.8731247679290168	0.16072760828730506	-0.14120677198129206	1.1725834626697684	-0.3058621641579679	1.2238678084578434	1.4248467247456922	0.23674293386410955	0.755531320073903	0.6326690351790974	1.220900900135143	1.14178625094588	-0.009391151455990284	1.03355725510553	1.0433484179324597	0.17245495174336212	-0.937002554411459	0.05779591469120813	0.5263107150997806	0.35206848224032466	-0.18096428848909019	1.004152739922439	-0.04129768209330195	0.8171020752057485	-0.3054845458452293	-0.06858239123106723	-0.2268955371439057	0.6702103694438535	1.022101090833279	-0.5596955097852985	0.8556467586843947	0.009384880384642264	0.9541296741714569	-0.8730509242653848	0.06138104327970264	0.7452902236815787	-0.9909220984043917	1.168001081663695	0.1606402855957051	0.616023498037274	-0.2796772051543908	0.18277393067295827	-0.30138550341287196	0.020129964395117113	0.08035489492460647	-1.2759965636747517	0.0457259193689476	0.25983637323908804	-0.5697383122848882	0.11693637736346232	0.09622291274634887	-0.06571848034454521	0.7457455197766946	-0.9532370744573827	0.5691432292732187	-0.33444063230601384	0.5187818431521373	1.465265384820349	-0.1934012730013664	-0.09683542813482338	0.6816659393729039	0.415577077968313	-1.0598665381872838	-0.6138461119431793	-0.33690719797897073
DTXSID2024163	11.042161122906915	11.306589831927688	2.3128118300412996	0.04425565083644135	-4.929674792212301	0.011699256819160722	-2.3790779681248475	-8.205602189424793	-2.5517334781646017	-3.6889119848840366	-2.185519260270348	-3.0030542440649883	1.0864093142129723	0.3102455967014645	-0.17027251679604347	0.9126039456176013	-1.3188269564285993	1.0745902622331869	0.19303661708088843	1.9654414995605773	1.5152641780613334	-3.739819474714631	-0.14439875602512756	-1.8694943964255077	-0.9214851714630911	-0.9874517463787127	2.589967929174882	-1.7870662565941453	0.3479463593179466	-0.3902694349688793	-0.7258247717663601	-0.5228302310335017	-2.5707383110566644	0.7253237149431527	-0.02664722170280133	0.3381120416627286	-1.1507714627280348	0.549575027113575	-0.7829840555881078	-0.2317344628004338	-0.6069019371385227	-0.49968510104364156	-0.36817205430163524	-0.0030183785322108352	-0.3301598388679356	1.143350440639642	0.8647455650829822	0.8526964569895568	-0.479768050638378	0.9925754383532085	-0.3751312287542841	1.2791585308273488	1.215539344569177	-0.0189232787308783	1.6149299632452543	0.4803890169139059	-1.489855183127971	0.001180033908213668	-0.5370790648035696	0.9330919812766005	2.0576865904827786	-1.4298085918221142	-1.2446717272977947	-0.08426892948076478	2.141950533431442	-1.8490319119937537	-0.7491503135789456	0.1470725508887118	0.39002133269159023	-0.97853078027563	-0.7329054127569589	-1.0193640879722201	-0.6902522419565821	-1.08787601460541	0.6775201697296384	-0.8765298613974629	-2.8600229446481293	1.2873296992740633	0.606211240119487	0.4403817077886171	-0.9349906645658908	-0.4043148979954807	-0.21247128488859435	-0.8006352160089143	0.22168546857894425	0.8984754833023832	-1.1288829398675406	0.3463322398260152	0.5136712826658821	1.248541181764037	0.7577406423979643	1.1531494145061996	0.893318712324226	-2.853996884684536	0.40647099629257866	-0.4960453691260777	0.20454734670205985	-1.0015510811791803	0.8946293583846241	-0.6707801196164357
DTXSID2024242	-4.211160940333517	6.136948926819949	-6.997101909999344	-5.271825816090532	-9.511484995175636	7.7005142717262896	0.24769971329580195	7.012251532450357	0.07026432118882499	2.0431368376160544	-0.003477170285024112	-6.133991478632683	2.88593346172001	-4.387162058214889	1.074172057845906	-1.3065005892455928	-2.348509701099208	-3.231290871384405	-1.536615789216623	0.9823944248741142	1.5009756798304639	-1.696141146388816	-0.48617653357715285	0.7949400154171687	-0.5529851412878206	1.9056319692971497	2.2691478174518016	-0.5006875433316049	0.9848193615186741	0.6898716730060529	-0.8157026166326969	1.9886138833520612	0.9403048666369411	-0.8141819491017426	-0.06937474786733754	1.1014018980714921	-0.24894803914206712	0.2892731371757103	-0.427298487502317	-0.31973377567183997	1.8188320800814934	0.4212422038107193	-0.507247783820145	0.4307327631467197	0.637364789406621	0.7564761025213252	-1.8525038416772972	-0.08149567449426287	1.3109952991937677	-0.8358191919824003	-0.34011487738057583	-0.8710634951972573	0.16288135331435147	1.127261031470918	-0.851604491550197	1.3271727206577104	0.5943137341162629	-0.41368093544618867	-0.5899374060163928	-0.4757832077555807	1.2126498744168073	-1.8238399245407224	-0.2862298760731483	-0.6818588632083113	0.6062291162063491	-1.6783458107984437	-0.2818609713466787	0.48880359808105955	0.7292708718715664	-0.4498869909067922	0.14104341084153846	1.176884998279163	-0.7437482451361579	2.186925136950758	-0.28997294634798365	-1.0507677576328307	1.0299621158429888	0.9363070774713745	0.35272415313067057	-1.930499103989909	-0.7414121001299382	0.4153616398976204	-1.6417832745174756	0.046244311539253846	-0.3073485199677735	-1.124860599966799	0.5401674909827284	-0.16308634264946398	-1.8584645901808976	1.51483113181036	1.4866591453796292	1.5561215897927416	-0.5572053059383638	0.051728218332496245	-1.9395193808887667	-2.051831739630015	0.23968389847057697	1.0807946965665238	-2.0178267544610096	-0.31698716543867544
DTXSID2027200	21.697545484536086	-3.012967956965806	-9.076103992286466	-4.1033419578736465	5.158751300373241	-2.240822509811758	-1.3959293931613044	1.6165922059212472	-1.2525637867479582	-1.1577138967374363	-1.5813875988135344	1.2915698811788834	1.6857606836848176	0.7122673470082678	0.3237807389123129	2.805823909898049	0.11500205046873756	-0.9629679683687434	-1.4633537243161163	-0.6901587077760617	-0.9106784255992273	1.7201952324912642	1.166504384979403	-1.1382991262413413	1.1254813693174721	1.9116006098543843	-1.5620060927906123	3.3488490876114305	0.9825691801429629	-0.402053676471745	0.6776519406940505	1.8265387734281862	-0.4966251768857077	0.7172856782182765	0.3473353203974319	-1.6855646641928552	-0.893679330080197	-1.0712074717692484	1.255711264100282	-0.33861431324931296	0.8244494118732775	0.3667061771031666	0.6694599448439149	-0.7416631976081822	-1.2003469457455873	0.08168295036554574	-0.09139113691609548	-1.0387092230234578	-0.4213675480546053	-0.9205284700763859	-1.0025637184451714	0.8885462418811381	-0.9393813619090909	0.9848919369640476	1.0597866058525325	0.11891558354791866	0.24346397720475338	1.625539256211588	0.13267433013315788	-1.2989744743696314	-0.276390318358031	-0.24572040017950747	-0.022006312930208882	0.558218757928477	0.01576940698999091	-0.6360935745795427	-0.4041298528855739	-0.08197282467639891	1.657179114800547	-1.0331448008489716	-0.40757557429301844	0.4139610292859925	-1.0838799772306582	1.3798908086268629	0.10518404344372262	0.8687511086379167	-0.9350491413855034	-2.323578703605548	0.42365738082920446	-1.5551879831047755	-0.7656235997239575	-0.6200574231646453	0.4061386114678753	0.7708981366421092	1.048725433673423	0.25245560018489654	0.3389892713711084	-1.4110471916196736	1.073831370536574	-0.12089881264307391	1.0934333291619764	-0.44264038848422854	-0.16000064973964703	-1.2364395317510533	-0.9105945670679813	0.19725855608701928	1.394197410162444	-1.0520951128542761	-0.5308800704856176	-0.017305383483788107
DTXSID2032552	-11.288010629639917	15.769213610828302	-0.7964939210935702	-1.090600004426717	3.234264051268309	6.115096884931778	1.9836708170292405	-2.9750796450794694	-5.238590567988657	2.8860907037795958	-5.7986060736900065	2.5473610758660925	-3.7975075697877734	-2.8241409603918264	-0.957331732914614	0.48786309631281427	-0.4230131228792534	-1.8917683259167055	-1.5871648254169788	-3.2647503936903064	-0.6912769054249709	-1.5506013324095878	-1.882686194721455	0.8577766996186558	-0.7740142701139845	2.9271049253536443	1.0742273266053264	-0.009751236421816425	-0.1438544193917479	-0.5241070288987021	0.2845896601852864	1.1466095470281303	3.7953266717557064	1.6494074220099977	-0.04463691993510617	-1.0028762516594127	-0.17946901175256666	-0.49047290148277	-0.12680414367053539	-0.7576522055569258	-1.1042351976453904	-1.0051049733088506	0.1376370600927839	1.4741011974978213	0.6653961549646361	-1.5501344600790319	-0.10118491186282698	-1.8819716466242113	-0.33734399261581244	0.3530094925128322	1.064430890383771	-1.0283800475404845	0.824976163820236	0.19729563634573813	-0.3251819446311781	-0.546475568675127	-0.8321939925167406	-1.1599261392059024	0.12187192884010263	1.8969117285543178	-0.3940564157540537	-0.3060980379422664	-0.06732395091441346	-0.2643839435532613	0.8447601146194104	-0.8692003916784296	-0.33999100399793797	0.9554752435272891	-0.9644691072730057	-0.3010403476551287	0.5178386377729723	-0.20019149936406083	1.1835526087251453	0.7997256736707448	-0.250203452447558	-0.6515312264814217	-0.018971816186890412	-0.8946077222822999	-0.5793249945746369	1.1516527497874998	-0.19765356737921283	0.3201737575150578	0.5805695260966512	-0.5806951796230807	1.1585162516949747	0.7019457418061003	0.3933120014988039	0.10450639849820544	-0.9530191272895415	0.6967382328555088	-0.8909482752271538	0.7957939588718032	0.7437503012996346	0.3698669124793745	0.5806561190801403	-0.6912779950958959	0.7135683791582798	-0.5708028064551462	1.1211671559690872	-0.6850160413155431
DTXSID2032554	-20.299175309286507	2.5360670945564276	2.4202381821703303	4.2115171673697755	4.063731512789863	-1.5406981919421778	0.15648702843010895	-5.021019342565319	2.125846437285859	1.688450340708223	3.885108042806433	-0.48043507126756524	2.256021337269921	1.5674522575431376	0.8323076535999336	0.5893865906898299	0.06647951586769336	2.6296281123082035	-1.585509099416814	-2.2179016337628488	0.8294324764547998	-2.143404181870223	-0.1261798497684055	-0.8423136057957246	-0.5428302057588518	0.7636442025229233	-1.6889221777356984	2.9167415402858436	-0.3123815114836035	-0.7131521001509048	0.15178702087338805	0.5221391101064291	0.9100614036994775	2.6911356502354105	0.6818310612390424	-0.0379761225505835	0.3089214102988761	0.6322136885604379	1.4629239071294025	-0.7429523429413365	0.2795927055937542	0.11694365059651289	-0.42309722935420185	1.1675098640995216	-0.41022240624271733	-2.967836096357316	2.6272509139519338	0.18205016158045026	-2.7679469406725303	0.6989829853506834	0.6290760139681408	-0.3164347358346603	-0.04298361195889868	-1.1910821722629732	-0.8508901279322233	-1.866139479475286	-1.7758876136421253	0.6230974044702646	1.2660769745431226	0.5370199374974782	0.45442007827587644	-1.3451229499477613	0.07497881276543067	1.8600390705197847	-0.2713565439139792	-0.6566156287264453	-1.3821423913634252	1.2070734532333272	-0.2443023196793529	0.8852618473003543	-0.8043680314192133	-0.3965626501862636	1.1130167705787943	0.0620171344780131	0.019940922908224905	-0.5828964067432697	0.9594293022499911	0.7140276098969704	-1.5456274756038781	-0.2927931993519619	0.9370300637923376	-1.9270132866075536	1.013106225964641	0.2268082819322137	0.22491860825860074	0.7217917769706992	-1.5841048163235802	-3.00856270475397	0.8295565809521032	0.46669109747010423	-0.6564324807209176	0.5527887333259589	0.30932873602160216	-0.6382401027891095	-1.5432863636776417	0.07254566123981472	-0.21225884102611214	1.16656525463439	-1.0901617241116615	-0.8234461349513972
DTXSID2032500	-6.645707109735714	15.997560275085334	-1.1049614505184664	0.733588965432456	-1.2625187544579632	7.839708166767647	-1.941082380800449	-4.369122756249565	-1.6643178720191056	1.0036870318963231	-0.44968861230414825	0.8578807574568148	-2.4484638796324676	-2.902153663465772	0.7251201038817908	1.3589432565201238	-1.996864600278068	-0.47770995421072737	-2.9505354091171805	-3.027885508252389	-2.940075039262447	-0.04813145661731471	0.07196655146082655	-2.4102361142066444	0.4809215469734841	2.710275320069825	-0.18473333751935817	0.24420139224553378	-1.5870576353097814	0.714445044054175	-1.2802414247241924	1.8137827385962793	-0.45149022342745226	1.7077157642785674	-1.6311975832539354	-3.880319989327192	0.0811713365406297	-1.0139320697114402	0.1258802348582707	1.047326855752192	1.3925807793146445	-0.9947185920160367	-1.6541766881205335	-0.5381264624486863	0.5636308094148507	-0.011525061174111926	-0.0472938224660436	-0.10819902787571833	-1.945521382312056	0.1408501240343317	-0.17482932998348782	-0.8824576074602161	0.029495572336712603	0.24309998539059838	-2.7573356142790946	0.46789187869205456	0.010095117469880064	-0.2164715839391866	-0.8172051814444945	0.14661549797566503	1.540958464484052	0.5789702319228384	0.06465894168223074	-2.3105723380460845	0.22207084465744695	0.027540716622455542	0.8873339243148715	-0.3637154260053621	-1.0600888484262974	0.22419512543724238	0.5312714531835341	-0.5942672023888624	-0.7970387075200764	-1.6382254809203336	0.8615084387545244	0.07940205011941548	0.8442903589705577	-0.18677574447287162	-0.1831718683039807	0.11820476215659863	-1.2631572948368925	-2.1131356547889695	0.28738717318273793	0.512975163260173	-0.7331590997142714	-0.16910712808638076	-0.7601702527077927	1.6143498795138926	0.06229207636099554	1.5179873519869704	-0.5502221530207264	-0.19470467070679898	2.0551517067329543	0.9219944558040137	1.2281588611263514	-0.22697024154123943	0.6685706586376022	0.975740413851489	-0.29975142781793274	0.4242228754824348
DTXSID2032558	-5.5006764603155	5.416037404086985	6.704647836650453	10.362601258956682	-2.834466161455978	-2.5868155590061463	-2.4974211765825114	2.1375327780378317	0.7266645109422251	-3.507601744364914	3.5620471312670783	0.621659675474265	2.178150607696713	-5.731976201076678	1.3381102391968733	2.0509096832021956	-2.8961054030928826	2.6660117944719905	1.1912478595306153	-0.17561807182710962	-0.2156334244659171	0.17696132648578802	1.945747146573401	1.6084696127433231	-0.5785627109240885	0.07110910346848322	2.0499882147912856	0.09525956026901862	0.6170099097889373	-0.02854846553798648	-3.643685235929401	4.1952422592059575	0.2012752784411373	-1.5356621486844273	3.978396765899247	1.2067314929730464	-1.7587023580959764	3.373626622808897	1.4565766626515944	-0.4662171758529666	1.0490913977113991	0.8765899964625694	-0.08089796830872165	0.21255160461106698	-0.14084281900314957	-0.48022453457580516	0.3118908383316346	-0.6192178191874449	-1.2159847729891924	-0.5166080992818768	1.6774352426533519	-0.7153407464495183	-0.23624631143702135	0.4025167021854526	-0.7015195105441389	2.1775928270662366	1.0311567328789097	0.4886674455667347	1.5676838487405031	0.08906186402310029	1.626168696358661	1.5950294772872162	-0.9883132218184923	0.8266630604718017	-0.04537912583493908	-0.3368563255547811	-0.19163030315443194	2.041664184292957	0.5638277011341711	0.0756908502024708	1.1743732795693302	0.38983382741588773	-0.001121635955743379	1.1115636938549243	0.08448880788504286	-1.471774282545204	-0.6710416424122422	0.8004299943980547	0.6122737785641134	0.8281782907132179	2.4498552748496167	1.9241379374221868	0.5907197976456557	1.130950824183572	0.03325669505190298	1.1589218699179578	0.9131576520753252	2.1072592076524663	0.026660833911312187	0.02828788019533936	1.4398355689784386	-0.48092740815743884	-0.6407175326151894	-1.1128029013057636	0.45843995500276774	0.6087899602656419	1.1832271091600481	1.4041692610203003	-0.8929489645443046	-0.6926659946050642
DTXSID2034465	5.3631106073753205	12.818023789945354	12.742614719378336	-13.16791718524028	-3.346803624629589	3.5592769019587136	2.8739231735633863	3.0615630296139047	1.0402073948185189	1.0791778171566546	1.5230985787572437	1.8008700126916428	-1.0266114877196633	0.6351377983831178	-0.29789480334200064	-0.49692188211983984	-0.8998490568105708	0.8436028578635886	0.08312484968893667	4.668157682523114	-1.0878923713733943	2.3736171598172313	-1.6516454841602204	-0.46368481989973814	-0.5563388675326024	-0.8803745592672302	-0.3029051410898824	-0.2620120932830665	0.23286369140474658	1.2216884739285137	-0.9615443730545998	-1.6905580381638468	1.324094877632508	1.47264644313077	1.1517449998443703	0.385004810492201	-0.6169088136786612	-0.7119650511292405	0.7703669707147989	0.2064017000895374	-0.24831002349988326	1.3600439649591196	0.874414565560279	-1.9957770719146084	-1.2734792074527495	1.5822103798937543	-1.9669517229464522	0.5707925658891303	-1.2730475246517827	-2.901568668746271	1.707215161193104	-1.1245437397622733	-0.40613972385365293	0.17220444210288371	0.025057208928422305	-0.8297088066258004	-0.043044537940497285	-1.809883737763039	-0.32727587323367135	-0.6851211034238119	2.1362602365531616	0.2903535727973976	-0.564060189101099	-1.4214846088612245	1.359965076622262	-0.35212350371204	3.503347322058874	0.6034457126348077	2.184397799128236	0.9546963613423731	1.0300664357504743	-1.0686746292441187	-0.4344689652638841	0.5649060088217938	1.3539668861481309	-2.008816528375883	-0.9763017585419369	-0.2789034293564963	-0.5219688155489821	0.05692989208209761	-0.17661831234231729	0.19288701106635386	-0.2646083218250926	-0.47535511008052195	0.4551353106950122	-0.29194250913905656	-1.613943119797307	-0.18557356762302435	1.1021300128008789	-0.5119726982105658	0.2358450970724708	0.8234198670288454	0.39846906996130316	0.14944504085453003	-0.21948272752102888	0.15807454099922116	-0.5188336174843192	-0.06538542119444504	-0.3637466039819102	-0.8022667369547574
DTXSID2037502	-9.689914950757998	3.5610335613895225	-10.15883133352239	6.383287299267079	-2.210124903313996	2.6373556557292828	4.249089390666462	5.020961049867236	-5.633295287589207	0.2781339686037297	-0.31266136996203153	-2.78049780085381	1.3642294695649047	-3.006415917911651	-3.5001347619369048	-1.1090145677878318	1.6481932241437145	-2.217539140568007	-2.0191843416817736	3.072662097270845	2.148347464697348	2.0963572060144453	-1.6552539524741825	-2.0389925893639362	-1.9194997794882187	-0.1649858332948709	-1.9456153992088288	-0.05626838260031128	0.369310462976009	5.58323904349733	0.3035850642705294	5.448947163016285	0.17428204981742146	-1.0327985238518014	0.4034928262840183	1.4108002962574362	1.9592875965272853	-0.3740678296364632	1.478029012805871	0.6691466542433384	0.7190772268524388	1.2023097780522358	0.7705004519301704	-0.8053186287805657	-1.0096859354695444	0.5634947686816303	0.4698278164933823	0.2885724970879072	-0.27681770358046326	-2.801992186242293	-0.7962051618570802	-0.6484163276678834	0.26143042219256585	1.631619272545097	-0.9023485319736805	-0.3550026335481235	0.2601159222343901	-0.3949693986731706	0.6275220505518375	-0.9429210499285865	-0.5948535723431035	-0.6556261257252791	1.7313707446259428	-1.2885033543563702	0.09080545445436644	1.498450460742124	-1.350900582963909	0.07087387956602127	-1.7136558617699764	-0.23246175835251592	1.302683913993626	-1.0420647612878366	1.8425797021852417	-0.8372405238024466	-0.6871280065691674	0.010886785516883603	-0.08509449470776075	1.706561099932629	-0.9379789386206164	-0.8829483863047429	-1.731669002242267	-1.3972058222883776	-0.21797678327533537	0.2746533547590971	-0.004727045294566216	0.042856932208114054	0.9863689336679691	-3.0592919468807374	-1.43886779028032	-0.43622512736320096	-0.04765923802605771	1.2061446448478632	0.23514368747872058	0.8469174158746645	-0.3348042404090879	-0.4432485925918333	1.3826600885210163	0.258209108041458	-0.3063436755643661	0.5330487112419087
DTXSID2040363	-6.4524807252314815	8.01803206112956	-9.656171503207283	3.370873449835896	-7.62153211512036	9.444971882207005	-4.223133998611083	1.3544711995126273	-1.7020373451522866	3.8972071854407533	1.5832265933590388	-1.5524865975140718	0.08056287484090731	-2.078243379560028	1.0306809766660838	0.3476397042485226	-1.1926176988987895	1.7230436906586537	-1.5699347296223536	0.2019091911154906	0.5645099102813025	1.0175383393792694	-0.7148359348110871	-1.6082331509716905	3.3869176448222365	0.16350833008763807	-0.46364991741749245	-0.17488936798948174	0.5027946276525883	2.6947494553384184	0.8561026718150295	2.5512187752202866	-1.5084549499138515	0.9548021203823891	-0.5383476629914405	0.7678658392754538	-0.3128570304507622	0.12123146237102556	-0.18256778455009415	-0.6465756245381317	1.624472492591306	2.4651045148998127	-0.8717961026107505	-1.7603286207596307	1.1740287844343849	0.06686061706855284	-1.4540427542832455	-1.1743337812810348	-1.3290168051897764	-0.11693330666232722	-0.3604193360268514	1.110427505421699	-1.5576139661084902	0.16752283892409678	-2.3349965569389397	0.38696648343787776	0.3213870331899379	1.1592796338924958	-0.913514924292967	-0.43269522716747166	1.557468312981074	0.39728995222470614	-1.5609414194137465	0.9640638804108088	1.9698776130897713	-2.087118901385894	0.9831310064826225	-0.5153681374216802	-0.6040366906715087	-0.6206324509877291	0.7924059197365628	0.00801120095912465	-0.4643178988044727	0.9205986033960726	0.7326062710087616	0.6804513812719026	0.46560353518097297	0.8777733003268094	-1.2756905627276602	-0.36945786550749243	0.4506786576700638	-1.0905849594848758	-0.18042550667688032	-0.047671462713592516	-0.7798524893122949	1.0567802161574515	-1.0913509583619714	-0.21189929231016316	-0.014025164652236159	-1.0680067031848326	-0.8959518840012104	-0.8607163185559537	1.0160215300760294	-0.7671833071657194	-0.43068608366390915	-0.40194735169490786	1.352540066303344	0.43910691091778437	-0.47866491314261816	-0.042478688044952397
DTXSID2040361	18.76002619295936	0.9809624822954068	7.739392485492562	-9.96431510031121	0.06788149977113297	-1.379606495634016	-4.265292305030461	4.665912687006475	2.3685978451117053	1.584036667881804	0.15815554178157396	-1.5038147079685469	0.6770774901204939	-0.7509824432079074	-0.22740698482018226	-2.2197301368139026	1.03445965420179	1.3734991137959538	0.9381897168837	0.9862233734291174	-0.5234208595523762	-0.20995120568508752	-1.1651308121942463	-0.17648427588454016	-1.1365144823197715	2.6087681286820414	-0.8441260857154407	0.4932815972023388	0.759791898663867	1.1701538656933579	-0.7959467550155861	-0.11459892275529118	0.9262350365315979	-0.2687861157607021	2.3976160851055	-1.569501237160825	2.4236815082127734	-0.19635235989155841	0.2918343434617821	0.49612809425108095	-0.7009038610685377	1.698610640313792	-2.4822680762509037	-0.2625583820358652	0.7894421632566232	1.278770340750246	0.8836627095722938	0.3474400968253149	0.9364480640945985	1.0455155943491548	-0.027278764414872647	0.9755650090311507	0.9732900637578064	0.7723893475595386	2.8295720717639132	-0.9256437614873695	-1.2016394595916107	-0.45458254106117324	0.7278713987368661	0.7551101086230894	-1.7013753444083237	-0.04698054663005219	-1.2113495311172366	-1.6424816030924072	0.5563142574213032	-0.4379234209825585	0.8822121795897492	0.8794868656093947	-0.18133176475556106	0.03379113389293733	-1.3513640167598715	0.4734820463444154	0.4369454507357331	-0.523911902940685	0.5197453771055687	0.5663932280577212	1.038137010879186	-1.7580223760150593	-0.11101876680887202	0.7590947065015591	0.47370745052623997	1.7996161647827698	-0.32300512034177725	-1.281551534270243	1.2389257829196207	1.1167086304862432	0.8647310624465571	1.4311137532289888	0.6739809556065409	0.10718961044636793	-1.8372265433859132	1.542652582521878	-0.30338073112783814	-1.420225433645231	0.24504759361370612	-0.6814113633968972	-0.20832373913674268	0.7194127264461729	0.1797498526059654	-0.4141907641363126
DTXSID2041252	4.149660687565047	5.31736520110592	-5.616401527224248	4.246031176259301	-5.350319598817549	-8.349099481173639	3.248758988091079	-1.156796757670772	7.706949634601743	0.030055509810481273	4.289530919938855	-2.2912880270083815	-3.0890014124801004	5.146045303012629	-0.43557865622113523	-7.263963472842571	4.276149629985133	-0.7802020360965061	-0.12488275479348568	-1.8442376467724815	-2.6500096452055786	2.312950874512721	1.986326584252909	3.636943520119575	-2.728563501057085	1.120360671264037	-0.6452914177259083	-1.9577600446307797	1.743559325902849	1.2950717189525665	1.176190067830252	-1.4852011827077987	-1.41571026995209	0.1762675262821738	-2.4264700725873425	1.4759920846294108	-2.084357750910067	-0.8573000021123309	1.7440912047836081	1.3493714783504744	1.08843010992697	0.707209820750553	2.122036583064417	-0.05662741769853374	-1.4255869843458586	-0.8897351613540129	-1.5454882494549622	-0.706074745741663	3.2610948134633757	4.160853098034009	1.9865586058661218	-0.9324213599905204	0.221123265263774	-1.6957490657117258	-2.560840619842433	0.3747533703204143	-1.9891562323605638	0.10784548079977765	1.877251108743153	-0.6085262911229462	0.36839397114448186	0.10604436216266389	1.5812964828140623	-0.4087211196806942	0.8454939742832942	0.8322345931869909	0.6926371281577649	1.6261609494743183	0.9016666316643679	-0.8905272068078756	0.03647794264848337	0.2919429798348612	-0.6900658343654956	0.5066550500439997	-1.1199916761938162	-1.241605123129501	0.5386972325838728	0.19615701959973011	-0.3141166791724713	-0.33871129095512714	0.5630067074579088	-1.094143726206907	-0.9426607824450699	-0.07557593691707877	0.3040359890814503	-0.3417643467276314	0.30908577424989475	0.5461817790424562	-1.4986029029968952	1.3771379740330278	0.1800461524287773	0.85828172589914	-1.5484182254865881	-0.0540713659775795	-0.5953946338062577	-0.1684487455102679	-0.3898474222369706	0.5253758918419749	-0.08177845920674727	-0.15287973654081696
DTXSID2041389	19.697087237609082	-4.20070074466269	-6.413025762393261	0.7271933694481864	0.24902361459938943	-4.860885726210031	3.282226578530448	-6.149165522670753	-0.6422450741451307	0.5908982108248815	1.5752397519765826	-1.3366324944447774	-2.762517617084443	-2.5073007512388616	1.3540011407788668	0.44094380599757743	-1.0942487389330573	-0.3619593770987887	-0.19012046072762462	-1.6191995923904678	-1.4328393593860111	1.454708798795556	0.3778912454765625	1.8830863854348343	0.8815203658748814	-2.7013937585017853	-1.7988457825406303	-0.7330837201301832	0.27051629826301493	1.136835033452748	-0.6066680512492358	-2.3140200002273192	-1.7168613500114533	-1.2353236701480639	-2.2214237402887296	1.6368440393001948	1.2688982255340555	0.729120981685812	-0.6758439486001143	-1.0537642176262505	0.7563345341045982	-1.2113593194660266	0.6432822776669063	0.06098022835362533	0.15306611132847173	-0.39813999575065057	0.4931079705501129	0.0719822030243461	-0.2693139376017316	-0.18111497638491175	0.6671080803425958	-0.9515942607915722	0.5574085578593737	-0.3785268616902987	0.7637733838318375	0.8552317079184131	-1.4030025200847864	-0.22582416628218904	0.19749498478560729	-1.2258965899855028	0.30216345076218776	0.3438831906217864	-0.4967447521514683	0.9908282493356424	-0.5785932593644936	0.20193000938617967	1.0277289221037391	1.3571940611507252	-0.7485118561070869	1.4672636167698494	0.29065876046061184	-0.20521281232507216	1.6947025840062624	0.2743516715990862	-0.9576806901030422	0.9125903174998495	-0.06905414769001787	-0.4647651873958986	-1.1255469851354953	0.4684806923387717	-0.3902986254991558	-0.8561168112677241	-0.9719138755682117	1.0696382653023084	-0.5047938365457892	-1.3733244141393488	1.3105405113368584	-0.30253098105312	-0.8508218202647686	0.12919057050745056	-0.6900175540150004	-0.5050248786983496	1.334226882640993	0.00673911769612582	-0.6432837836626161	0.3560640840811707	-1.037345944574189	1.1733105130108332	0.8197738706272456	-0.4998895531484781
DTXSID2047270	-21.978510070284457	5.198960943409828	-3.768996694973522	-1.3957060497922777	9.599986517336959	-1.6125690451145969	0.4309022893172116	0.18248563372557752	-1.0685980057360849	0.6171267632417194	0.8685431121636336	1.378766113544271	1.988274881943875	-1.4928956699659033	-0.06435578308767123	-2.9119842297753875	-0.8850915921266174	0.2782482515607063	1.6762717698826737	0.2635107048102856	-0.05687279669384397	-2.0233860673360033	-1.9362560607907389	-0.2876049254426489	-0.4568266088701821	-0.26370949279741435	1.534553898459865	0.07098731172857022	-0.21762762763563556	0.5938390736786353	0.4798809735072251	0.6402005007554062	2.977686888682161	0.6748837842692539	-0.5833295032132118	-1.4694599408975222	0.282156913009337	-0.40091296213216654	-2.512566550658506	0.08311536566214624	-0.8232387385037913	-0.29288958409318555	-0.1625120976139969	0.3651703688989239	1.6328212458337026	-0.4682731136122035	0.24834276594452773	1.0362282839973243	1.5468108168114905	0.688095216487615	-0.19503657780249553	-0.8616124438683166	-1.1745574168197221	0.8078782051737806	0.9025206846184206	0.5434050354956554	1.2179617754769352	0.009453683412408737	0.1360387014460983	1.6687304529656515	0.26190071663973163	-0.5920428407003919	-0.22176685893863596	-0.6455792493663018	1.5025027245913738	-1.3671040939003642	-0.40087978987178047	2.2285449026762207	0.8943099560031931	0.2613614817883772	-0.6516251380642313	-0.2413755982061918	-1.240907655931283	0.8262946315611364	-0.10525814182653981	1.227384323095616	-0.050416072641934755	0.6179079759960513	0.27415560108822756	-1.2873221687338026	-2.2551286128742483	-0.6055760918930788	-1.313049887787162	2.2473140452160862	1.3940970895604825	-1.2772850164620717	0.8006610334975727	-0.5767493412493002	-1.3363265282711336	-1.048748926321177	-0.10207295024621733	-0.9385821442235678	1.4589486618755119	-0.5362387696282188	0.5794893014942631	0.8854782639737478	-0.6708176126906167	0.14694005288423884	-0.6865832197580034	-1.083821096646107
DTXSID2047301	-24.296425307925027	0.034056929942633374	0.24430630351208246	-3.5743166509974094	10.039079619140093	-3.0875173859615996	0.24113358182684239	-3.1050066076595986	-4.260724059532701	2.2018841055742007	3.974582717616567	-0.6038844173408277	1.6520197440108724	1.0142053632380847	-2.105496063076125	0.2824109847891761	-0.8602284911784764	0.7388151109337211	-0.01696607879191472	0.3576647240439623	0.21243156320718123	1.3050669884090107	-1.1796990088124808	-1.0812162768151716	2.5575465046137187	-0.3992594496536908	-0.49645104018180186	1.302143664901177	-0.41282189941182446	-3.4188009146205802	0.9732131265651675	-0.5943729877079152	0.027465794728809136	2.3198410902499194	-1.1314805613882086	0.44556982206474777	-0.4693540247314591	-3.1285311517704444	0.4379501701311599	-1.1265558100943034	-0.44588782432038904	2.923973420657725	0.6679720341255884	0.8738325444942849	2.5874673334155687	2.073224923151585	0.4689262521733413	-0.6104439893444231	-0.4930613086478509	0.5922788205565721	0.6779710890486068	-0.6170577378966587	1.2808988532836287	-1.011362847744991	1.2439000935044342	-0.8417928767366676	-0.7474430906901196	-0.6451202097704931	0.7332927435912044	0.45364277905305106	-0.7259381566047947	-0.47233365534137345	0.8514187868753592	0.39875439790828915	-0.37443261223314206	-0.7962969283971211	-1.0353273703888437	0.8292532243024585	-2.8221791537931424	0.45659883317644256	-0.7467789267864859	0.38716471717781764	-1.1525409519864116	-2.9745134466561325	-0.5343234303470898	0.3852106391444483	-0.4675733886609555	-1.7497707523177064	-1.058531333833702	-0.05547793905020692	0.10053435717844686	2.1305732325673556	-0.23482518277642378	0.8284115729656083	-2.267704822452929	0.8459236630292564	0.1897026432947715	1.3180224824724172	-0.26421890025202394	0.038351745410934855	1.0392470175065593	-0.1601734429129466	0.5898527209729559	-0.44304537419132034	-0.7328856477257593	0.16716173951059077	0.32367274147324127	-0.08561508162313965	-0.12416396306407435	-1.6326943254421507
DTXSID2047303	-17.365045441300687	2.844657367596138	-2.3750302473097893	1.6155589421058014	2.1318876202868147	-1.8672740042231597	2.0232199427911146	5.188338940426883	0.3555086784642466	0.6867570733119733	-1.904088923723528	-0.9048720750811775	-0.7770086265782425	-4.367637861918535	7.49723480371336	-0.7967233192988727	-0.739206770685388	-1.2541276280026028	1.1676173032019856	1.2755478460429386	-1.7405126793246248	-3.072329495891906	0.5485793278255785	-0.49525519565811266	0.3673716692653278	-1.3742375566988367	2.4603785896041943	2.924969913543538	0.4185309588065922	0.7866337552257308	-0.804659171927467	2.6772980877399264	1.6563869665542839	1.1973519072392311	-1.8023258168004155	-0.9488684995080313	-1.1527320984536178	0.10858878203692873	0.6875439082546162	-1.1998253852253786	0.12785792532236326	0.978347139504725	3.163464026234477	1.1085139049184551	-1.3965620000570629	-0.3630036727705403	0.2188609017731312	2.064465552816132	0.25491658554833974	1.111629499417178	-0.5160443649374931	-0.5210100526554196	0.544445726802573	-0.1425862325794059	-0.3283381361579016	0.4826077650258122	1.3100881567427685	-0.7061927528264006	-0.2969490502925678	-1.3127835495322344	2.0579206711646307	1.176939063956402	-1.1000201551047164	-0.34359375533628217	0.9447946114277785	1.8350562024294514	-0.1602943762846534	-0.7012211153651832	-0.19433780173318901	-0.2853426078472513	-0.27636206162055965	1.2126972837959051	-1.0287166528431868	-0.2249159044629087	1.0000340642783707	-0.022971806377037603	-0.2857311708459241	-0.20894237775218702	-0.8193675867754855	2.2283119392645236	1.1425432890050509	1.214266466525422	-0.40197777985635647	-0.038382844977210395	-1.6757097098177876	-0.6932390844501816	-0.43457025843613134	0.3979401650442175	-1.6225040747498896	-0.3582697851749158	-1.4329739124047558	1.0762994952833609	-0.462412939058784	-1.0323208786785185	0.983247652381529	1.1524421658452426	-3.2166623609614486	-0.46304510978712615	1.4545906496780847	-0.20612807340048508
DTXSID2047309	-9.36383390011353	4.626038802598984	2.6721919805652687	8.347247480222126	5.12125633148227	2.1911119070916723	3.646477493961836	1.9809323094235964	-3.4184594760368134	-6.08072306706304	-5.1647745012484645	5.446644476997592	-1.317741482614843	3.556892907538084	8.272033926121797	-2.3767814881065634	2.763932026600192	-5.306746738373182	2.5764189945317133	4.756310163023929	-4.377501671762479	2.3236574103104393	-3.2972312790384386	0.15555227147651868	3.7415740062567258	3.250499339275349	-2.7866024311378133	-1.7588372612864955	0.023853404385664665	2.361544129424547	-0.3740039007158698	1.8078792403610684	-0.3249685646549449	-2.0724033116332468	-1.9169379320745925	5.1383083582796525	0.6907584366512788	-1.9465114100535885	0.45087371214210337	-0.6565000716204189	-0.7681996513361042	1.5118368003506093	-0.6460000502729453	-0.26825430833181846	0.9296947312622875	1.5495474102108655	0.4892802290061182	0.8059827540895748	-0.22597334264363284	0.048629721306541716	0.29804137090569227	-1.5146442925347636	-0.09235857145779161	-0.3254887866374711	2.963702438319984	0.7843496480668027	-1.686763868450485	-0.34592418108612494	-1.5836072501351206	0.0874458483858395	0.3844916551680168	2.1212592572863636	-0.381246248839158	1.6037907012890429	-0.39782750065607403	0.04490140356690186	0.24940479127226264	-2.257162733581725	0.38033122614163095	-0.8382240086432268	0.792962219607476	2.004769035237304	1.2198674856252025	1.0512034857752903	-2.741600178737115	-1.5161003476474808	2.689156360153407	-0.610573970328028	-2.340839272213726	-1.41858035553646	-1.020610843441597	-0.267702593505257	-0.10761209835805305	0.6756918659688269	1.1497098837131279	1.508332071780872	-0.39664423385324327	0.8091732728262405	2.804573721359823	1.3006199521965631	1.9265229281261766	-1.40096177761514	-1.8729324250013044	0.5099493064173827	-0.04790558031711346	-0.15836744650697787	0.48534872594282524	-0.9315394605325152	-0.4780386689990804	-0.688470108561735
DTXSID2047359	-10.214045119010517	10.202104551995003	-5.413959908097932	2.6028422017309163	-0.6213691681076533	-3.7572443012372707	0.8865831292391045	0.3142374305047458	1.731060538346541	-3.776049200716355	1.1357637612904883	4.635280862998677	2.8405172450455876	-2.10910845865095	1.0811315287462122	-4.832025873263723	1.1363778309337613	-3.98703355317825	1.137480999286515	1.7812713439933217	0.9178655025481016	-0.20795189748650406	0.306305993565939	-5.2644621472974995	0.06836801836462886	-1.5483274928486157	-1.8541059209257693	1.1866548448007685	-3.8471816459203514	2.0022202333691443	-1.0454856001561246	-3.073731203392474	3.2411501462229872	2.758265268739024	0.8905446313138632	0.21832854582130534	1.7046355241240887	-0.3716288317098155	-1.2272444087191132	0.7798091763628078	0.3395473492909678	-3.2782684207286814	-1.7394809668545848	2.4531209933620763	3.1312902957701785	0.9221859236131962	-0.25134483977755384	-0.26155631947338187	-1.303863001753368	0.5172031290822422	1.4120362164327982	2.0277155951657058	-0.9061848377685444	-1.7171841622866706	-2.3549229827396894	0.43481754331596606	0.31574049440653323	0.950388765126383	0.9062257642148247	-0.912537549942244	0.32422984434962004	0.8569019215935068	1.4302155496819537	-1.32789436469915	-0.691439864210508	-0.24334508312027156	-1.0657165304407643	0.5422001842279796	0.8278690049898142	-0.37429424812355255	1.3214318573859987	2.0894490018168512	-0.20946512865106706	-0.8320455987693282	-0.840059513729898	0.7766282306891531	-1.647432484385587	1.0374737704950348	0.04944590847102271	0.6063908280591954	-1.1502903408872498	1.137221135930624	-1.830638537238447	1.3077465377310262	0.3352692429951713	-0.24489934561510604	0.3652497224535142	-1.2675375698531197	-1.0336288042862602	1.0940245149051893	1.2507268885974305	0.6107917289156589	-1.6091873592531483	-0.849366726357616	-0.18414270633972263	0.7794725221646068	1.732620489972409	0.7793448373161838	-0.29379814628414863	-0.005561044564766228
DTXSID2047355	-23.84642203428578	3.496353472140699	-2.914826537733516	-2.6623411062473084	12.075687029434066	-3.1176127633482293	0.340620408586233	-2.1013305280404295	-1.3348749180869883	2.4690511132570245	3.7998304317362557	1.5427953449787084	1.176799918785378	0.9399905423090585	-0.7539080228263069	-0.6591342127466707	0.9663398859462775	1.1417681382263283	2.123101267558688	-1.0321245135110677	1.8101729611146429	1.021675557056233	-1.5977770637162843	-1.0766782358646263	-0.042298521205711065	-1.5222030271078333	-1.0140407764286472	-0.4015768651698065	-0.27046881256520594	-2.0625324057954746	-0.12684717572256926	-0.46394949441505184	-1.2029828225565806	-1.6510900048886292	0.8057179497265887	-0.2520533287417642	-1.086618242131385	-0.621154313033658	-0.18270223867275934	-0.5723840478964479	0.26915023563760876	0.7905414882889333	0.8031038787930577	0.5581282192163468	-0.450286402553916	0.30886520913746807	-0.562141732335611	0.7375439052929822	-0.4595083693118179	-0.8575358176994325	-0.7697128506418879	0.16695957725019922	0.4437482403245325	0.7225696606773082	-0.05205537750893483	-0.11586835572215352	-1.4501463970296251	-0.7229476330028277	-0.3443272385858201	0.7483317112521657	-0.16744976242136056	0.836072880782823	1.6288509815068575	0.2809872571125377	0.9619381344915398	-1.3686103004253032	0.13674616291673658	1.0750805766114575	-1.1176605009576224	0.06572105946079945	0.6828583881168518	0.5965287059883566	0.5173117219139634	-0.2365184321976733	-0.8626363076314115	0.969777084090589	0.3699365093333557	0.5691752105292249	0.5093582194167248	0.07354570365857087	0.2586626569060991	-0.1768757251505467	-0.07766000707423931	-0.5620528470691971	0.16363497337311303	-0.7992480237445817	0.07293890156709766	0.29508244883188395	-0.7750409962306102	-0.538490808389007	-0.5656222932706927	1.168137248466038	0.19417291100099585	-0.35912419046414806	0.5486250099555807	0.7947896597426067	-1.0032325675926241	0.29990067782017654	1.1512738453562588	0.32374377003476207
DTXSID2051687	14.245204385079688	3.370990478474017	-14.066302407400366	-1.8995303150771399	-3.5637856845692673	-2.221412599175448	-0.09051107560063543	-6.571956806384497	2.6370279159153514	-1.7158435069155606	0.7082193392352842	-2.0528589004243853	2.045167742324532	-2.2407951259572387	-2.646400744348928	3.4765271256751165	-2.042524581670169	-3.1412246411607896	-0.2850775413393232	-1.66011789348191	-0.6318664584880361	-0.8074234721763974	1.653976935683024	1.3203021907517885	2.463973196066474	-2.505661731123024	-1.0621694838248998	-0.6745087059086159	0.41050511615845603	-0.32710322168484623	1.2568380082274342	-0.6565053586254385	-1.86134184129761	2.271540411235638	-1.4178717145837603	-0.6497827762021465	0.11378579510945654	-2.477548684480615	-2.557995529608283	0.99553501677842	-0.3010377874665845	0.9622042125894771	0.7152005062794916	1.1001290914774031	1.0112585461947725	-0.2897981381992999	-0.10760077794123393	2.6850851448779975	-1.0912339431210445	0.523565893749364	-0.026356889381257242	0.7505613120968375	0.7794301694258997	-0.648869994151437	-0.7683735672709896	-0.28175165601970764	0.2176733352847322	0.407784719237686	-0.5208487910685176	0.6979913619295955	1.358722085188167	0.3490937629750078	0.20465987433782903	1.6894369340016633	0.3941164587827038	1.3816344808292653	-0.39192302721438244	-2.311336162861689	0.545534183816926	-0.1396191810419168	0.6372052589744015	1.3790030567579197	0.5868285014485359	0.8630732693861921	0.4782736101274039	0.5663425358500853	0.14832193843553126	0.059969569359996276	-0.4580176619687235	0.277212380475126	0.8649566041220422	-0.6192906842654251	-0.29044928685620935	-0.45079991166897526	0.4892139463824131	-0.35773720755469385	-0.004537478890288474	-0.3168576213823695	-1.028376678647596	-0.6191019725539962	-0.42409401419802023	-0.44648230296424707	-0.4104506324022489	1.336194669226214	-0.07888697986890986	0.8455697221388707	-0.4375221971407915	0.31086078556928143	-0.9888797354062535	-0.25728412176870863
DTXSID3020122	-3.1828403560734424	10.829501659004315	13.140830448936676	-1.5174756046389923	1.5363196388994895	-2.4249189986257393	-9.020214306993392	4.6626847979148565	8.122634593775208	0.42645181247347436	-2.6314469111926826	6.497590314696193	1.2790450805561226	-1.8794776108956346	-1.4613652184894081	-1.2868102608102598	-0.3237431296718606	-0.9492602829450276	-1.4095271337904927	-0.8535850913188597	1.5010510028601038	-1.0221637953025482	-1.992402457802192	-1.0043493789907745	-2.1810858433937703	1.4445713186545264	-1.09891859208959	1.377469631737532	5.073229520634012	1.2775378227534313	-0.38931781853427694	-0.6819241111400728	1.2220326011875398	-2.116948070113234	-2.5557067106236855	2.7770622802237948	1.0371419141211142	-0.8466061178256666	-0.5486220960887411	1.057303871093264	0.5386754017656828	-2.102815047734496	0.9466938098060852	-3.0280070922196853	0.7391195997112175	-0.1948060638013016	-0.47254415812725675	1.746703304602291	-0.8954595501409418	0.09371015997713154	-1.932179448986347	2.214741843838503	-1.6410097465727513	1.0663563609744935	-1.4524417041028534	1.8043586241467422	0.7106041288191766	-1.000811854817703	1.3067817798154204	1.1750318923008023	-0.516273963662104	-1.124515807747674	0.06053434098813973	0.3470403838529643	0.8470575913349188	1.3808104062784206	0.02954523993979515	-1.0384872981351634	-0.7644251023708055	1.7372004177904015	-1.6707291138821792	-1.0526251229797883	0.2027436743800691	0.332087378251456	-0.9773229013835955	-1.222255591641988	1.1799921593084242	0.20165286930120527	-0.07905199251592426	0.38037345444274884	1.5364848624175227	0.7849586786488532	1.859725961374575	0.022689434883430063	-0.8619004346074233	-0.616703784631415	-0.7335952888180646	-0.22615155830137093	-0.04855035848583167	0.15173762876827854	0.9870947770611268	-0.42421261529648935	-0.6583848360891094	-0.3650974310103839	-0.568554288570791	0.20669167723852808	1.2278546887818331	-0.5493984339334894	0.9586811709210437	-0.15813730208552476
DTXSID3020209	17.058031538273745	-10.613520184018892	2.6406653047888136	5.408102703021541	5.69268727677942	3.4549153435999456	5.859572416671587	-2.6785724600287133	6.7572611215777085	1.6377821229783116	-2.1404082405283584	-3.069909996218856	-1.4172391483727194	0.17665602532895622	-1.354141082504006	-2.3589083431395235	-2.2181397591098695	-0.13758525587837747	-0.32853479333160407	1.3161263151235152	4.058150834545344	-0.5531080241883061	-1.3277795618901596	-1.9606529254548493	0.06242829471237757	0.8615287925222909	-1.1356592584101626	-0.416078627454182	-1.6455613236706346	-0.10443849196713066	-1.0368627237458659	-0.2658179758924345	-0.5726553326479625	0.7502943410670239	0.5635396629121661	-0.6785494920557376	-0.6028452688832475	-0.7799037274589702	-0.24138039435826547	-2.240968882561771	-0.2194008958609262	1.6346021687663386	0.4222031543339121	-1.3384462576176908	1.369591366751131	2.4146841191648227	-0.9613093599390162	-0.21050650018020223	-0.7776069949339952	0.8996155764062039	0.4460447255811865	-0.13429828736162802	0.7980154955467291	-0.39385494610842847	-1.1633140338156753	-0.9765371786727081	1.0421665113955623	1.3142910101276688	-0.3979928092872904	0.30380661189218466	-1.999174947675006	0.25774252162871	-0.2177019083180957	0.12290720319015463	0.4896875119806548	0.029524785952673317	-1.0251269045170461	-1.7074754594610604	-0.017081192909235047	-0.3906435503088432	0.4549457799826212	0.681938863255697	0.3257594804577685	0.6800278097103473	0.11895234149650369	-0.8009129058032329	0.12463939810951337	0.13687363200682193	0.9583596130677503	0.6234068728052138	0.21293146175622468	-0.07627133990596491	0.7904420679949826	-0.1675621857173544	-0.20178227826017422	1.8304090988384867	0.2723440719887969	-0.08396594771345309	0.7891395431410461	0.3953613326848629	1.6078449412768034	-0.003161392849906477	0.17015613198593352	1.8336921993669417	1.8608011435993441	-0.40054938366909487	-0.8228561938872625	-1.0187390629741047	-0.04335277606927843	0.2086974064564092
DTXSID3020881	8.709155721169726	2.9776389404287578	5.57353366693086	7.313838203768292	-2.1491410953919847	-6.32829878624827	-3.268987197303119	-1.9395417421251067	1.4412891790525222	-1.5257795052147256	9.204277554224861	-0.6125926236498503	-8.109534439899708	0.26686283204637257	-0.9504248792273133	1.2527194591995274	1.4437737198218124	1.2800381168614585	-1.1196071543060877	1.7029906173969898	-0.4207604308730676	1.5808522191095002	1.4810543204589175	-1.6226723351440284	2.498723507324958	-0.21869060588567965	2.1295354532569895	0.5449461183191873	1.5406683708953908	-3.217347174328946	-2.4462572101269275	1.0064425895101525	1.004810913861591	-2.107000664432708	1.9783690725208745	0.5603936131565606	4.20644841579777	-3.1176216796161764	1.1381884334210743	0.03163217488480357	0.05945325128513971	-0.15558390241360412	-0.39843289580317104	2.081658769649142	0.21382814891341276	-0.16279829395701625	-2.161438089901725	3.349109622677614	0.946904488529455	-1.8274288017407518	-2.4650640405611908	-1.4552195713997023	-0.8937445988300827	0.8457238602050159	-0.41365994293259095	-0.6819586325448811	1.3565107494304507	1.6563547441744007	-3.8589701253194644	-1.0732126236431299	-0.45199181810292194	0.04826668747309265	0.45903208374832244	1.329179470831432	1.065564725292699	-1.4825747900703141	1.5007070398871722	3.2680778255076826	-0.33249103641474415	-0.3055742771350231	-1.1597454096385864	0.9012879807535589	-0.7479232526505573	-0.25221946983365556	-1.8215863094356417	2.4117780537533555	-0.17606283970946918	1.04367765080181	-1.5351062035992633	-0.019428005163578187	-0.6259511255187838	0.7022378948504968	-1.314507426196881	-0.732986677086712	0.8623139200396664	1.1666984574814565	0.4212294184851673	0.08925323513678603	0.48340436917322965	0.4152981794804017	-0.9470687049507742	1.3527104790345656	-0.4255337123191989	0.4911039020425501	0.8676620064644969	0.6128546993609426	0.6873672400618479	-0.31820669412419894	1.1660957049319638	2.630806062871062
DTXSID3020966	16.08455279692162	6.63055018697148	9.669906645322389	-12.380304865863767	-2.172076119034273	-0.9180448195636425	6.571406805343221	-1.173912033641843	-1.333338542911648	-1.471477185967527	0.6440238396835657	-2.7869349376134527	-1.4106902603442997	0.2024184860959918	0.7483022693324106	-0.3268451691860432	1.3221857418008627	0.20361942980762418	3.7934202462499877	-2.193676387408545	0.3350654584247042	-0.1958785720858468	1.0067255582534405	-1.8433701619562421	-1.5867339550851052	0.4409326642494106	-0.8637680244045625	0.8213106581958909	-0.23726627381822255	-0.5214648079447596	2.1181514630523344	-0.8858800600699578	-0.35015137747387587	-0.2234380108485177	1.5244348772017777	-0.6333014543434616	0.004983756214581988	-0.948239460931045	1.409434704325118	-0.07578519172900877	-1.9479312831954383	1.6800793842726192	-2.3243157842302	-0.5111052775998846	-0.8622013899903473	-0.7332074615420058	-1.7760194896750252	0.3078743075078655	0.49305632507402763	-1.5364393376762417	-0.21064919705844148	-0.28507586845082583	1.1607063163844478	1.1140376560945522	0.04092997718031618	-0.8543520953076864	-0.6556464221997044	1.6564549786636213	-0.374372020516494	-0.485621066923012	0.1650069347395541	1.01293544186065	-0.06072643425474933	2.2742834659267084	-1.1026336215210764	1.1742638217151227	0.585275925818698	0.9986231983982378	-0.36582211017773597	0.823067432635837	0.15544634966587043	-1.019089831933172	1.78239322368507	0.6117707774505377	0.9998055268800484	0.909500949599309	-0.6790808119060819	0.9676531926077231	-0.5041784911836917	0.5632218739673461	-0.44570016585167577	0.1335726447849419	1.2174554194721252	-0.4017367037641517	-0.9476391410091735	1.2103620239051907	-0.7442257905384386	-1.2274950669667075	0.32681056574493694	-0.9666220106662077	0.9465339609706475	-0.2906012040521196	0.8768778257258224	0.08404274158392473	0.5291130950761185	0.43974932084689117	-0.48001303005480167	-0.2774785102050571	-0.01137615623750873	-0.7589636024365352
DTXSID3022370	-15.32491215398636	-25.811608295000863	-0.2741171572453422	-6.534845356164671	-8.585520322860868	-1.1658156451969715	-1.4759300313710306	-2.5653285713029153	-1.429246520032029	-2.013522216509284	-0.7971743957732502	2.334892433651488	-1.3261122322659977	0.38712110079821943	-0.42975254621103703	0.462968883534275	1.1083707094325745	0.5966405644263518	-0.14029787676480035	-1.1884686221507146	0.7953140373937354	-0.5936947431522392	-1.957080422021044	0.4402256523533147	0.9628024206624802	0.067648043573117	1.1305430860547523	0.055286736554243224	-0.6859741905519817	1.5646978572311148	0.7298782543191737	-0.008828999974302806	-0.23314119674469672	-0.48091228897569427	0.5167873211142013	0.41241432718693244	0.6322411171243512	1.1997964713042524	0.13742643406280308	-0.23595234690239197	-0.5282321253235286	-0.4793175606570864	-0.5377754865297795	0.00874163013525609	0.31562560869674605	1.3261359435165407	-0.3808952805774845	-0.31117677640903535	0.2150738772929024	0.9715159243705042	0.29199637952083785	0.28620399800304047	-1.0987096650144494	0.08340292276330297	0.09765498807947084	-0.88176376713349	0.9584375491391599	-1.021415660275869	-0.2350588476229138	0.26839716048857487	-0.04987357119676009	0.913749864925386	0.08779026518632674	-1.1763943310512657	0.45877167316902423	0.4295295308494717	0.7137764204130722	1.0312108083590052	0.8533953321131104	-1.2985885428740498	-0.7860437658868124	-0.35699147557690675	-0.5789674189242103	-1.1146583082311436	1.0890609085927698	0.5637477600189658	0.45368616670910916	-0.5438100111612062	-0.2562903559051248	-0.4981494911437077	0.7591016945838702	0.514587083483097	-1.009881784821966	0.47854554807181465	0.2673329529807141	-0.18074192293439215	-0.21450354391846246	0.523749290031664	-0.12750450445529676	0.04529185843324225	-0.18231785739506995	-1.1335609539531941	-0.35862558900290636	-0.4218869488895158	0.3784090091275396	0.6126648024461359	-1.4607873276757855	-0.33358328170573576	0.7316693054882321	0.1533754527851695
DTXSID3022405	12.39361491465186	3.4063923706142027	-4.515879295160559	6.707133792899608	-4.156221431138854	-4.988713824200293	5.830960808166667	-4.372496392102536	-1.1364385791695466	-2.0358080660710045	-1.7438244268227718	-0.3767169897902947	1.3691575644465903	-0.04550919194044193	-0.7623559551828617	2.599706204562591	-4.652792719345751	0.2612032556113862	0.7997816906061008	3.2337239397559463	1.8436372526397926	-0.50073514253263	-0.28429600418205236	0.6307393562623024	2.262898653001602	-3.5477978354714645	-2.4786893053894348	2.108553724758469	-0.7199772388917006	-1.2542576716991836	-0.3847089223499993	-0.0671666830122021	1.898559915554049	-2.2425800289581264	3.3125314208190435	-2.93933558920037	0.6361036185698307	-0.2594978321130282	-0.11840109837469483	-0.40364582135205274	0.5731579010727617	1.0789870872310467	-1.499726034035796	-0.17964587398436582	-0.029097333625093903	-0.3301220437279395	-1.0253669116013575	-1.0889296604931522	-0.5190625172424085	1.6850988446353408	-0.19340829527790798	0.18989221827001895	-0.54818870275287	1.009655384421971	-0.0016309373093736127	-0.5449682728841262	-0.585539062702141	0.8901784625183493	2.1105214503126373	0.7902770405857934	-0.3879124119449528	0.035381488635955374	-0.179469491487243	0.19991543411437082	0.507264970958474	0.4741531680552207	1.3463927470738966	0.15501679097603144	0.6943170404979421	-0.6528032854709399	-1.114271644323349	1.8453602595911056	-0.27181867541178284	-0.5151424403846567	-1.4885116590134202	-0.6219920861884991	0.522908282523757	1.4584834333131043	-0.4915200622323331	-1.0550538052365876	-0.4350905139875653	-0.29466437609284984	0.06939209444038899	0.6853258743301075	0.704616142134152	0.46477578873812925	0.46134988416637224	1.0169302389906472	-0.692238060636689	-0.12017127791255415	-0.5743944620667403	0.4350450616014395	-0.5656791327059635	0.24361192458132142	0.3738648349419427	-0.49924610630947536	-0.35117524009678686	-0.24909029699315388	0.23730104613983533	-0.12312389362743582
DTXSID3022409	7.907580977658751	5.058698843025844	-4.806777164777147	2.165478168769996	-4.461329302570141	-3.2465743332040264	8.680863918623483	1.2913329958343316	8.440823161939768	4.725929535823499	-1.586097050868378	-1.3152115170418148	-3.6101359514143354	-0.6673835064355137	-4.25789488311948	0.16436291412317686	0.01730235091778153	0.17326104277682383	1.0287460232160686	1.1839272622614432	1.0563892689777754	-1.7788198303119336	2.7471077465240406	-1.4274498513893354	4.228236097966751	-0.6530845614627067	-1.1538097923161774	-2.3991193623948552	1.4174863491598546	0.7678327980467701	1.803255316363646	-0.8178678350810432	-0.25499915411998714	0.34934685697211076	-0.4589321892253865	-1.8306879616485636	0.7196514724982603	-2.9699158724497634	-0.24236849072948488	-0.08030837245597995	2.2265966542942963	1.950875621307511	-1.0810648960165465	-2.343651115254147	-2.935851012293167	-0.8239636776072145	3.1901906348429625	-1.569985000065064	0.9299115886052093	-2.0202567439556147	0.5394069568233306	-2.261378284092266	0.8942654425591454	2.8778945041237205	0.723382215502999	-1.9117457095622374	0.5970339449711158	-1.7906586775317959	0.5018859339967813	-0.48898730431790793	-0.40859184760059153	1.555355912402769	0.3641584769618649	0.6275501361610794	-0.09638192588560762	-0.4075235913065797	-1.684430199899274	-0.13398385436865995	1.883985207287713	0.899132658959595	-0.3742933862732278	-2.1048442216329595	-0.00010722142251437121	-0.8055268553217281	0.399709662683562	2.399808050937959	0.3632303246775521	0.42949799936951416	-0.14993622699760512	-1.3489949940940842	1.9534457925168325	-0.00034259761159655415	0.03324450528749599	1.3908651878629195	0.40892359221273783	-0.642746865925093	0.6862782570373865	0.6535455469195103	0.3084781449585717	0.31705592834930935	1.4283378328986855	0.5434324298174052	-0.4863652794534974	-0.3197691578138854	0.4322441024014123	-1.745384885939751	0.9097264332159802	1.7071191164358481	0.7081888575947605	-0.20296243477784032
DTXSID3023897	-3.513841748505774	11.06323621406215	-4.7647548757513905	5.855258931221178	-8.245877286130893	0.5926264108042293	-0.2013436600549711	-2.909162080008277	-5.787721120044736	1.3622137807636165	2.3559628693369725	-0.18917740150661178	-0.9409288523406742	-1.8848799296715308	-2.588737911106925	-1.6565853083242255	1.6622275036624277	-2.3064433464682175	-2.200165131722464	3.318487878773873	0.2972861960354505	0.6873327929728651	0.21886357788913366	-1.1888503783789939	0.12058321206753629	-0.4307281313101763	-1.8507499916764862	-1.1007255865243915	-0.3010984213234922	3.388182324572856	2.186736462640504	2.505640767893317	-0.6261453087081565	-0.05521198801283731	0.8861778464033995	-1.639956082608188	0.34470566952114834	-0.14491539479513055	-0.668440224232209	1.5537757924214115	-0.7662123599016348	-0.3899498682506454	1.19022302359016	1.5415661321102903	0.4398740146192214	0.2636743677522929	-0.7978354027512528	1.1915299108779143	1.431402262741611	-1.081871746429501	0.9448908502697498	2.271426873312417	1.5200320481886052	0.8726558076755481	-0.7757867472171845	-1.143276397601526	1.023644884459599	0.547505534262446	-0.5229355693141021	0.4526887132830424	1.7578254031597875	-0.08133028700516726	-0.021695092440507213	-1.0508531945847885	0.12576928116653563	1.0631965218262212	1.5980244854306191	-0.023388555710955206	0.7670451643594115	1.2965271067299156	0.9272388641795176	1.8757513635027285	-0.37293174281561015	0.7608198759938446	0.678284595973239	-0.08460910698498138	1.2320263806451446	-0.2307622527479742	-1.1504529643870554	-0.31866305003713297	-0.9120124660744557	1.99244539527833	1.6347650499089172	0.45109928490515766	0.6705670742487512	-0.13396115678054413	1.382745061316588	-0.5213855240136968	-0.3003318382622159	1.4216160641005666	0.10227687190068428	0.3008387487694251	-0.23195558137967504	0.00751588539248492	-1.5803659926916245	1.1251112215140857	-0.049195569033243784	0.07599431034617234	0.8474912905036994	-0.541286980227695
DTXSID3023899	-3.926972420160009	12.28678124047964	13.103713697247738	-10.396967559673751	-2.7421511757364665	7.202000135598466	10.343802473584223	1.043229940755087	0.4620116719500181	0.2771112047315893	0.19378271181913068	1.2095474603509309	-3.802880324789806	-0.8128623348230606	-0.6581055516682164	1.8367251712753987	-0.7089674473261158	-0.4249494866877166	-2.4198215705342108	-0.7194658349149158	-3.1967368871818276	0.2904885124558546	-0.7033426467696672	2.03194237389117	-0.18302720427773325	-2.7841360100244454	0.37311075089028517	0.4658170009374025	-1.275900440999566	-0.7576077583172872	-0.46572399276438964	1.3451259399477775	-0.3313525172241881	-0.9230166436092807	1.1597241342287676	-1.0830166198294648	-0.8263742031009269	-2.4119127069897592	0.14535798656458943	-0.6765765622220211	-1.3139694184421262	-1.013207781661152	0.5987668465856106	0.2774447104722358	-0.23031157573416608	1.6757178823901404	1.0173012884046055	-1.8555066052782654	-0.22275609587992617	0.03217649762973334	1.4505821498349836	0.9767223627118057	-1.098813688729563	-1.0554014123597264	-0.7088327782365397	0.4698479852678796	1.5065810704255338	2.3220760753875695	0.7134022323008277	-0.748730945617322	-2.1175877981514626	-1.614894216902671	0.7168558971728666	0.7380726515364759	1.1350871725984675	-0.45620979129307354	-0.6106046513711856	1.5024242570124757	-0.6265875707810308	0.25560258969034166	-1.0911132878854264	-0.21795302297739466	-1.4969826454371544	0.07336934318588412	0.8584126286136152	0.7337884261305281	-0.9261448764479644	-0.45401059894935425	-0.2610433168445564	-1.0328927714500686	-0.9698603825428296	-0.2893938024450774	0.10693893114797387	-0.28659478076518946	0.9195547389169536	0.02051905876872297	0.4533362128964843	-0.4696093472611301	-0.9651683594901682	0.11537941720759501	-0.19953579437022723	-0.4045006321520649	-0.3142223170396634	0.7708862029333262	-0.11681590551446842	0.6547434742570739	0.883731998072326	1.6880502826076207	0.6715453116757525	-1.2070030848264774
DTXSID3024154	-8.495505702006671	14.094427610997844	2.5050379912981198	4.974845283321217	-1.4947659529643391	-2.6232249014162576	-0.5857592719732614	-5.779604844047393	-0.47949412549226106	2.0860031194329345	1.7440273042568635	2.1701519651914043	-5.85085351755491	2.5613018518903123	1.7063142875395227	1.4993702811421852	2.6523051133942657	-1.1716105593084976	-1.8579387261368454	-0.32521776707106753	-0.001858427737811128	-3.589204114081779	1.4454238944951723	-0.637810178178977	-3.4170852194905845	-2.184266830727958	2.598889832754659	1.6534402287106214	-0.6161709743050308	0.5252118625804607	-1.6937208609404377	0.3164978686102704	-0.0917385945486061	1.9206581428502587	1.138521398155963	0.5364819996051539	-2.5097499371128738	1.9899557458764114	-0.3514314308753302	0.891714336804142	1.6508118891426582	1.4661186569385658	2.0572803600018914	-1.8306761634056563	-1.3777584163618337	-0.06991224621592712	-0.21727842772581235	-0.447866070328787	0.28596993457736264	-1.6330661082636044	-0.9799332622861311	1.4535979506610102	1.5287927421298138	-0.1620682957835473	0.4111758018728627	1.567169933988335	-0.3787539288970588	0.9685015723439072	-0.49351917710790155	0.47856425680008075	0.1484000778159131	0.9705544391779463	1.5108273554337077	0.30070811679630494	-1.0220116431502597	-0.20763819739050476	-0.2971932863194226	0.4599154088141884	0.5046133453055708	0.07322416061410356	-1.2129560648893345	1.0204620931084598	1.3043383711634444	0.7763849095520786	-2.0671839130281997	1.3163565647735749	-1.5981377548785374	-0.9218745061704335	0.13653663026934132	-0.3738987001063156	1.5549209463835763	-0.6514323874611317	-0.5064146483393133	1.9684879580040109	-0.9152706595509977	-1.2023517038169602	-0.4511983698995372	0.566047100426986	-0.44765274635599234	1.0187949376640384	0.5154040043773306	-0.2884201725901911	-0.9006564735459633	0.24624128042228285	0.671198316518563	-0.3439978002355131	0.20074485054524543	0.5367361722710444	0.0905531522912634	-0.3294889239847686
DTXSID3024235	-8.093289269818884	10.703081384346962	-11.615157066904018	-3.3088277582453287	-2.2535285130757647	4.553742000998738	0.1375981841085828	3.764037876831407	0.1898761560415415	2.522233037406266	-1.0266270464702152	-0.7775201940277768	-5.31870980560065	-4.477591960021078	2.622429948837504	0.7262799698502327	3.86523409991947	-1.184898869736187	1.2313700599526187	1.1285408289762406	3.0686552834621756	0.6118801575892052	0.7482363307724845	4.512087615742768	-1.9000045682434847	-0.6362205803724461	0.7456194644302168	2.1372236650994356	-0.18282487065192113	-0.8766262961032495	-0.2647425280331242	-0.11634583282795155	1.0592589409086934	-0.5579967362661934	1.6493446938795064	0.5669142801768394	-0.7409281079251314	0.5540275560343514	0.057137584843681075	-1.492161426126653	-0.05990018834397017	-2.03650401733067	-0.3227785262205552	-1.1006889854470445	1.2059603859175199	-1.989695584577253	1.4499770933867442	0.8267937186161607	0.031967779140371626	2.8553169198856123	-1.4626348655517973	0.6045374614680923	1.0189827493763985	0.23787609383417402	1.4956452357928354	-1.3841135144624044	-3.2402019151173573	1.37899195286905	-1.9476815780786096	0.21981421308399565	-1.1511356621801179	0.005049893346991299	0.6470598955203046	-1.9077986049971383	-0.8654919448292866	0.5513526641751155	-2.1885353963918672	-0.15440131844259475	-1.6647946044070507	0.9680864134589312	1.9632028834864836	1.9625471596625363	-3.07279389585406	-0.2447871200840092	-0.9897011484979107	-2.475141009338156	1.8876078650577641	0.2529749025992433	-0.4298425699799764	0.9119815589732323	-0.0071675459692543365	-0.5480162745915388	0.01099321930527397	-0.6382068715797351	0.3775594586432005	-0.32823514858680275	-1.525586173001773	1.8939168733571599	0.13563956963012674	-0.4158363998079569	0.01867423133458296	0.3155050208495611	-0.15800018580621403	0.8970591361500743	-0.009376990471973053	0.8046944267165765	0.16921612813066383	0.6533760367673049	-0.006425717068976958	-2.11165991434844
DTXSID3024239	-8.944512171322426	10.478795242155238	1.0353531519269583	4.635446934624008	-3.2568848643907633	3.499344969111386	-0.6908082957407204	1.390809911301021	-5.670832187530328	4.8138689280735285	0.9527955437987099	-2.1943601189430786	4.928053356276701	4.311138807053505	-3.778324893080648	-1.0588492147905741	2.7359482407874176	-0.6298087161106872	-2.2547652798075495	-0.7117535329302601	2.260799552045631	0.3710447132841769	1.3685842702335462	-0.9716615043443134	-1.2622358609269324	-2.080032313599167	2.2096933549004896	-0.6390532689990588	3.017833919612424	0.07992956728518372	-0.9803736540427902	0.23577104929923032	0.19450772315691628	0.41073406723656314	1.930343345370729	3.8424861525681506	0.8882697834004417	1.0120009495006974	-1.0777562472292503	-0.08088173173177221	-0.9135313005891101	0.5627741016613688	0.9213431122282006	0.9328903241927523	-0.19176635273905765	-0.9052943907334401	-1.0139573315857109	0.8171743539439196	-1.6911666873662883	1.9701835230209883	1.1602732982872104	1.2717121573703625	1.5602292281871453	1.4257718881020496	-0.10843720693867101	-1.2412752133856138	1.830250912055994	2.946113606772047	-0.14096426331984374	-0.8643273383721988	-0.037766763144499046	0.4442865001483655	-1.506844252334933	1.9874523757813425	0.4373307555295777	-1.465730052713392	0.11408301301340702	-0.6033778276043936	-0.3788232651864206	1.3300096080283779	0.3360161689525548	0.8000920306847399	2.203571258600799	-0.02571031293196013	-1.0564810608788513	-0.019430042369736108	-0.4582714816929269	0.5165798813670942	0.5964343421012576	0.3824882392561984	0.5261542484220552	0.4393021848764952	0.6474032820874965	1.5921563844622741	1.1780661559930192	-0.6305861369934151	-0.16566267002115356	0.40084192192042684	-0.4939676015370413	-0.6473297454463555	-2.1322941755094154	-0.5834785827826482	0.18868790062119042	0.3991324004336137	0.287526125206532	-1.1662253704104255	-0.5598716452225474	1.1867296415439426	-0.9423231627557951	-1.379117777211224
DTXSID3024364	21.626720840415388	-8.452101072242634	-7.657700877988017	-2.4675776217303156	5.099952437304143	-0.35896961213237966	-1.37089336840641	-0.08075885048658198	-0.913711666458594	1.22247875448035	1.837541615217376	2.0932173403384504	1.5955198466640999	-1.7132834443928053	2.8038255362415105	1.787633802021709	-0.5074498274454773	1.7744489518970337	-1.9147168259823864	0.9086483968183924	-1.579376740142446	0.9610464983232536	-0.38287887418799516	-0.7918597081310355	-0.16758167586856706	-0.48001416387129753	-1.3267224255529788	-2.0162961414570018	-0.1530123728577866	0.9131572833424814	0.1123429402591164	0.7409011375120348	1.7632045255561843	1.3512811759085366	1.852632790233861	1.3539212274816628	-1.9246274696846175	0.2907848994664178	-0.486289058521942	-0.9370604827803505	0.6459300483560806	0.9553892845444062	0.04993838920906883	-0.5862428840853647	0.46479098494435056	0.5952052886043258	-1.2243921875623336	-0.4406983524978502	-0.1666354147887842	1.2614652263546746	-1.3044891546534925	0.5931570645050652	-0.8930794217981091	0.3675313031825341	1.4030855094269388	2.062987107783014	-0.45070956631796766	0.6169931948568524	-0.8695190132208435	-0.8722278008671308	1.4474774790345328	0.7312062160569208	-0.45887027738780867	-0.07946553192266087	-0.8018823684241441	1.17670117434023	-0.18425830998954515	0.8172556195024964	-2.58994459524593	0.7156943977543347	-0.49902351769330183	-1.435127957416987	-1.0132908722712566	-0.8445894013153861	-0.21399609190985136	0.3416664682563018	0.5668208003861032	-1.5344197389973537	-1.765272653568537	0.902649810482082	0.6264632819516562	0.18872984677417448	1.2497858571737452	-1.3003547512001765	0.5574057824244186	0.15370444067702568	1.148464712598959	0.3092661565368752	-0.7555728246796762	-0.07921502576148796	-0.39423559263582697	1.0522471578297727	0.058116789505555	0.04013108128115944	0.37474286766475573	-0.6807387749490921	1.4789682512753963	-0.3681319753360511	-0.20536375532749687	1.0418991227907244
DTXSID3026564	-9.108279248626015	-15.25518692648226	10.791822394671115	12.805113395785948	5.065484768145608	4.91744576641481	0.6392904593067075	-0.4666128939700811	4.910234421985796	-7.2969815226116745	0.8952055738390189	-0.3976621225543696	0.5405396993867052	1.3183628884804086	-0.42497861861031655	4.398480384744225	-0.9104526817227898	-4.982820936489939	3.619877182644773	-0.07264000725668018	-0.19427927321133998	2.684121398616924	-1.5790481063732424	1.4308219588235693	-1.3282075580091612	2.6566910535412225	-1.195763581320628	-3.036118527298413	2.2836752275725076	-0.04005113066194002	1.8494948092877246	-2.350629541727809	-1.9301699721880206	2.033769924743785	1.4415059615994779	0.15827988764153125	0.35611631083980444	-0.9021088920133944	0.22801874103011044	-2.205281920902591	-0.58449051864145	1.8995396761960095	1.8816726955634024	1.4966666064921221	-0.11393571882523892	-0.7878239532914818	2.1283241168806932	-0.8639430016586223	-1.1302522175937342	-2.041324633406165	0.4283570575107889	2.9079105622449197	1.2008417467005157	-0.8794362253495752	-0.8818706677967133	0.9913825559255622	2.3804885645488105	-2.1990508860447373	-2.1758665053472983	-0.7296323883643934	-0.6675579712255097	0.1705421365197185	-1.6015903090328139	-0.6657389354734424	-2.222645689327533	-0.35440362309602974	1.4657423781973251	2.012287571172596	0.8792806525139486	-1.0247745860549486	1.8307413163407646	0.5252220355934246	-1.860407149101051	1.6819665463759306	0.24879068183156938	-0.44797614887980974	0.4671611378414438	0.26494444631143277	0.9617997771290467	0.9119977146528674	-0.4674336032586146	-1.1883987155089166	1.3429753924283163	0.5955957003307286	0.03877565012326603	-0.5199672749514778	-0.6612432403272807	0.021106742680379327	-1.4165700421759766	0.18556255536809876	0.5188293660433507	1.0411350560911004	0.6218373969997573	-1.033312610172668	-0.7022451085169455	-0.06559268417788068	-0.8999346794094627	0.7783045776267556	1.3563802538779655	-0.5642236316114861
DTXSID3029572	4.785050358336315	13.784561866162592	0.23610807260910313	1.7787768623437614	-5.204796537263387	1.7979703310637132	-2.875903646036525	-7.156111005598124	2.328019891315838	-2.3033633681052206	-1.9424018340533762	-1.710089483921454	2.117044562625892	-0.4617755403332679	1.9744775774878836	-2.891104529798868	2.546014501963845	2.549138511189545	0.9539345034156119	1.5072758961586077	-2.292980299694596	0.7100871581630903	1.7945373686792245	-0.46529890457369966	0.5154865351346402	0.3847538852149706	-2.295591457514072	-3.6344314002972586	0.9584282945758974	-0.480626770824279	0.19956785273080277	0.9348992999687309	4.493617875472571	-0.1216646642440785	-0.13112776099913873	-0.011524572623799282	1.6782973427586747	-0.5958470021685398	0.5785603713212699	2.7926158636827294	-1.064052836950655	0.49971118434490425	1.1606142452236072	0.786011785749334	0.5022968206061339	3.2155216293415356	1.218824321058628	-0.7206584759577919	-1.765792198309161	1.2549821564606998	0.9623937496344727	0.5269884448959475	-0.9603337992546219	0.6751119497094439	0.9963001586131762	0.9598432933962248	-1.1894276612973989	0.609787754796026	-0.7880389235622807	-1.955458137161831	-0.661657248013245	-0.6266199263040039	1.1937844584188513	-0.8189507125839179	-2.503862110556486	-2.2246639283770127	0.2107302292602763	-0.5519996150978027	0.7363489731901172	-1.8644532964889642	-1.070614446858776	-0.6776646971484326	0.7672790511843517	0.2505973968319087	1.4284146004088196	-0.8234522279853547	-0.14999301940882565	0.4771921284589292	1.352318740359965	-0.006846911724015868	0.5251778569650498	0.39495471393050147	-1.8478873010088228	1.078388257484917	0.5592867609765009	-0.5351184804067853	-1.6931593602560586	-0.32085694644578117	-1.890043841257301	-2.3451132205246528	0.15535271817726032	-0.7901373866674666	0.9002318704524036	0.8903316479235063	1.5146887376165672	0.31165298028717264	1.0930009968974024	-0.4469572683117515	0.033819160419467253	-0.6449587169274025
DTXSID3032416	8.412924439685206	6.124400374405637	-1.66593863468457	3.965919002102299	-0.36007025947164306	-4.034285532156528	-4.81488187633258	10.660055541592332	-6.089483891283185	0.9682049059874499	-4.772280872640883	-0.9932545611887841	-3.343184915585872	4.15843941825779	-4.705553239694094	-2.4631175655436945	-2.1255102810653743	-1.1976567111386691	-2.034296327620207	-1.292689423820535	0.27492026017455645	-0.3821777247935697	0.015363229499527488	-1.3647132678344382	-1.6945805541880359	-3.062350328413893	-0.4595379841690216	-1.3661175343410346	-3.1590734338727575	0.25878242800534923	0.048819993547968094	0.5841306625332926	0.8369585036595433	0.4755621504160842	-0.9035340570627308	-0.08630986611883822	0.5756638691522987	0.2765048939803822	-0.499787996539515	3.0078077460353345	-0.1916993020985683	1.584568995930918	-4.012349058517159	-0.6785149016144444	4.159611577176909	-0.022632966038440342	2.297378523357283	-2.4658357805066853	-0.5416236404112069	-1.4446844753686796	-1.269667224995205	-0.010824507455691757	0.22452334489760364	0.7202262147206583	-0.8601070366378746	-0.8937272101599523	-0.43983980276169815	0.3403382760146857	-0.22499115550535076	-0.37859921562749377	0.7020601434357042	-0.6949665456403018	-0.09568779786130194	1.1056375837674044	0.2707477246732405	0.11025800206614848	0.6739285382201691	0.21409429494949456	-0.4858234166149876	-2.9540791602601963	0.9869354759977489	0.1081278846387536	1.0669677495338732	1.2360474208396526	0.2920827193620156	-0.19104171493538347	0.8021415047897607	-0.958019352596468	2.1865498153981884	1.0691272495475115	1.452293385723124	-0.7848518542114215	0.028884447178658342	-0.05318070198111213	-1.586043406116969	-0.0177193953293903	0.5510052726170139	-0.9029175627556962	-2.117475400475847	-1.4004084856152272	1.7015055647991988	1.4427719167306254	-0.9430577574175061	0.35125774732142584	0.35030110728780345	-0.1865206660283486	-0.2219247787768749	0.6276344895228234	-0.46364453332378897	-0.48366085618476956
DTXSID3032337	-1.8243496261711103	10.306349474811618	13.665324904866003	-8.441559265138709	-5.434079741243915	5.0020093661082985	9.32164660701088	0.44883106669761214	-3.6719840417581913	2.808925361331016	1.3683500964519937	-0.42547955471638377	1.2246744443209288	-0.5075833058473733	-2.4458843932715686	0.7813476921274823	-0.30748968284679723	0.4277449816752881	-2.1399029482774594	0.2699715068437452	-1.2016574808489529	1.0758909090737787	1.909619493462212	1.6423404167871423	-0.45504184003272086	-0.8078690410567659	-1.5069110825461622	-0.22076932980508107	-1.3789861011750848	0.5989872423727213	-0.7767918296939976	-0.7830326472696337	-0.6419158761715068	0.10504681161171063	0.9673841846156572	1.315118072767003	-1.4746482970246344	0.02387306367839642	-1.1340774554222712	-0.2431842922323521	-1.0658117459842666	-2.439847445592049	0.15756603102788203	0.8946693521013984	0.0627602446503098	-0.2034918801462111	1.2920540039534434	0.3103896485412667	0.3666388484726987	-0.6837842285058711	-0.7758283428765252	-0.4828589642775216	-0.8657814305148985	-0.30751654299075615	-0.12015212408807394	-1.6794562306102232	1.6101985194357422	-1.4237313698837035	1.8417793788661223	-1.7350403766681737	-0.2984530136905126	0.5147413392538076	-0.9427946458058141	0.020488073177418298	-0.05403160738168132	0.1218235967016121	1.0067628980083383	0.09760316893268133	-1.3075650206939953	-0.7558955852551236	0.7563694166555118	0.23150398969526975	0.7202993268596579	0.7677060539910706	1.2167608311312823	0.17616683805367284	0.10146825605345057	2.0201775919032845	-0.8228430256748649	-0.6490942441337356	1.2532014886352119	0.4511297066603484	-1.1538335021552322	0.698659286695813	-0.7859885758280387	-0.5427438179597244	-2.34381292179795	1.1894620198768917	1.6399837557783317	0.6363600185954887	0.28078628516456566	0.35028314484820594	-1.4656512558799042	1.1218899092885295	0.7745337867709827	0.5716415461746391	-0.22949760066126668	0.3407881501595164	0.5940243991969313	-1.2361256331827901
DTXSID3032389	12.055761931227137	-20.63387920775612	1.9599000628743228	7.833774336598529	3.9161556986194945	13.150322059835144	-0.2604046903652585	-2.4001240967107056	-0.7835302518984104	-0.7421465716444459	2.5532053223386493	2.0596938025726157	-0.652256781898056	0.3015354442143535	-0.8358491524091214	-4.927516051336008	-2.2210568637999684	-2.029100825806281	1.6044307782807707	1.9756752506999629	-2.1408895175740144	-2.4647968522625	0.4048408428668304	3.643104061328634	-0.6020388824980168	-1.4013770088653414	0.32040725276502613	0.5371804702322203	1.8130609301295495	-0.6457790582005297	-0.38831772453771507	-0.4692555448422499	1.9839826017746511	-0.5949523879892028	-2.0271883990668274	-2.3386623792683885	-1.6940435399616067	-0.9664954147780052	-2.087280204879417	1.0190004677625673	0.6378142181594	0.488799682778704	0.21297380170339997	2.2010013529275727	0.8695183366131345	0.22574024481695773	0.6975649644302573	-0.09899280255460374	-0.9684923900285538	1.1717324443013295	-0.4310046850690537	0.6589793303951457	-0.9144292638368251	0.005278959567677366	0.17691932695199306	-0.55426947822511	-1.0962490582457631	-1.6238597781306194	-1.2750033752416952	-0.23162159492158382	-0.693562057124897	-1.3047236360918513	0.7139668606674118	1.425472585038704	1.0826462294087065	0.8425735948093576	0.2711206893865919	1.0956179879334993	-1.393721368853971	1.1147987824483137	-0.5042059185218863	1.1564121146785191	0.09793731172250555	-1.282962221805592	-0.12044403912485668	-0.17477419501216485	-0.32570626187246	1.2850376547639892	-1.025846936744375	0.5858874197276317	-1.6468608963988494	-0.47838392904212906	0.43916407874934	-0.059834412070844833	-1.5531898656484557	0.12424602318851814	-0.17166350199957683	0.435484073097603	0.4183609671198677	-1.5046163704573754	0.9657714090770748	-1.8648112712889633	-0.20070365471080534	-0.8272142287402824	1.5623543397976143	0.17477512921153454	0.7934546113437544	0.42085047232685685	-0.3832343622432881	-0.47004822666746615
DTXSID3032547	11.569334396984818	11.721628503523075	-2.2093367477293597	-3.172202752298173	-3.2370886883672814	8.14842980143536	-10.708946927411795	-3.3382652042759817	2.527227030546252	-1.0473019164775537	-3.02652802375805	-1.3646589289545694	3.4897559248416696	2.135530355983102	-1.2783582274199827	1.1624923764795163	0.6258486675239789	1.3918367551685877	0.24265555800517077	1.3114100032489273	-0.45291621807923316	1.413951706027961	-2.8952881697925292	-0.2112510924372693	-0.2923066478920973	0.8611409990200457	-0.13578349513558208	-0.05372425206659513	-0.0801696249540785	-1.2940676771237236	-0.9140881427643603	0.37263686575121996	1.923313720639606	-1.5761620745110267	0.01993230496941846	-0.6043575468610798	0.7285278640671015	-0.39011969001978375	-0.46831926882757946	0.8250855555348571	0.3887872773917513	0.4335186267605544	1.4349946403265856	2.9731369575673474	-0.934592280080448	0.5219990620374076	-0.3153383089459365	1.0752175548315124	1.1435030603785854	-0.7177419141126963	1.6292490325844429	-0.42849874729329585	0.37716066546035515	0.45071697318021164	2.2297018491526766	0.376494091125544	0.43193162127387513	0.48103775264558646	-0.23757484269496676	-2.3982402197010426	0.23495764751739692	-0.6062444660678028	-0.5512108942350094	0.8881898378159039	1.9097633830344147	-0.20240500544131174	-0.6517246395353095	0.5429252286407764	1.620259090764829	0.30744892761683384	-1.781601706321294	-0.5597844846028132	0.04913749863888881	-1.7567251694669226	0.08704244573765718	0.018292572950334044	0.8365610355305921	-0.004857918736602996	0.6928991166324403	-0.4261878140162591	-0.029715738404789263	0.41186064868713956	1.1551675593834956	-0.0433198211264923	-1.7496557685288385	-0.05502244563610202	-0.29316031940500054	-0.19444326120331648	-0.510419394836091	-0.7197981591478236	-0.11482282699508968	0.2885068927336769	-0.42179625784219077	0.1573859925003182	-0.7661125714972625	-1.6397776632923142	0.8505336462452484	-0.8267642423508029	-0.7122080868246939	-0.7741566870499492
DTXSID3032549	-0.8219520145754833	9.638420647189257	-5.452136172735813	6.741806069963543	-6.028304035093929	-0.5785783799264924	1.7698742300958266	-5.796437891527905	4.931278320049611	0.7795421753175792	-0.502410933144826	-1.2422073250627663	-2.306208003137861	3.306738006060617	0.37931147170448637	0.5452412187142972	3.1150607775087558	1.9046465079865464	-0.8067678902595048	1.5496104855996746	-0.6380233007565235	-2.0899737678920065	3.4748308739334766	-4.288218456411503	0.32782265837113206	-0.06995657690381903	0.13019415086520097	-2.183126634439707	1.7487551561871093	0.46605072220759763	0.9307653807407366	-1.4763716011614627	1.2887660837003496	-0.25700255103468084	1.2530839013723094	-1.6968955506748755	1.3732739884699867	1.6839717757608894	2.2594366768590746	-1.8375037817230773	2.578198700480494	-0.4939974970490565	1.2807259591284401	0.8820172312082091	1.2840413360500447	-1.2136126073071059	2.6245951763193904	-2.8505701568584945	0.6731572787023287	1.6922858710068471	-1.510497728181436	-0.31127005009728287	1.1136417945617234	-0.540588637954186	1.1558315940119213	0.6271082968549446	-0.5851489234444286	0.9751680595735707	-2.58373017037213	-0.08929112578806198	0.8726302332433441	-1.1016617179250665	-1.4119036005871846	-0.9934037256259581	2.322836857895515	0.5438192996598468	2.142178527595047	-0.41557901126389213	-1.9077252400519948	-1.0072236587180494	1.2760196027307433	-1.11609892614216	0.4021728165910671	-0.6606669999596015	0.5717221325583656	-0.03415040098397448	0.9828132659233091	-1.2713500912842128	0.15530741026635747	-1.4784567872777026	-0.11655050170374105	0.19335710547080562	-1.4218052485185984	-0.5719423570092961	0.5283244246937826	-0.5067118782318838	-0.09478561844311502	-1.5886671562021966	-0.552660639950505	-1.269010601911815	0.7636631463477541	-0.3188232777579256	-0.25535927283273707	-1.4034351035069628	-0.011376255681265997	-0.045821197776158056	-0.8129024056765627	-0.24129915317397121	-0.16382607026133628	-0.23118730535746704
DTXSID3032591	13.882000850501804	7.6161528788022075	5.998481523311101	-3.2397860623156403	-7.056522062003911	-5.533765608244412	-1.9734551648155327	-6.1879736214642485	-2.095453004460627	2.9102902390467946	1.8876473777569258	-0.7893139630536675	2.0764334865288405	2.0535814495668756	4.3010235059253885	-1.6829604697329033	-0.12521045334951975	-0.8487386854948181	0.8433386409105387	0.010462769535971273	-0.6676784272974494	2.9694897559874747	-2.520320155463194	-2.3301880905079844	0.8804650206726274	-1.5988395159390034	0.6728789172317129	0.417466494691238	-1.2932218859612767	-2.073604009692145	3.724312023447255	-0.23593512556146182	-1.0649310300747505	-1.6236434113258345	-0.13739115910233604	-0.8676108726531913	0.27090636974883675	0.8462837891069354	1.2313688764867754	1.0726229262985172	1.6980386312371505	-1.0912317579588635	1.8285875840684511	-0.11487328542919928	-1.0515824726374525	-0.25729778427372746	-0.4154189179450385	-1.5263819928305873	1.4225692205651956	-1.862235189992162	0.8340641659018965	0.4229135618175988	1.4951032205440375	-1.4052650833274296	-0.7145337673950469	-1.9468932625266588	0.9211967380896654	0.13592496694214343	0.5566218686951967	-0.13460500295863106	1.5396662810827353	3.062553510789054	-0.05680870566452127	-1.5771673792976881	-0.06648184107524019	0.29126312811924526	-1.7186986170630787	0.9262771485977267	-2.2502288785958973	1.539387672300211	0.16331494186361808	-0.6970480321394399	0.7393738819831017	0.022752114572169527	-1.49362070703792	-0.8686245712342294	-0.9367931017530954	1.1360191287168073	0.8745274782869998	-1.4382114180363574	-0.5272192006515463	-0.8422479588003549	-0.30405594833680033	0.29512757874931905	1.3395200389415531	-0.7394482596519163	-1.6085805511144462	1.1261874818519497	-0.059840555316411526	0.7278685708083866	1.3722625874319245	-0.17681906044437767	-0.629594695227116	0.09580209929283698	1.5811092384138878	0.1093869716203197	-1.3970145074435196	-0.14009597147151	-0.38529654635496857	-0.11946713401156427
DTXSID3032626	12.774130835913525	2.197367094685625	3.934672671814643	6.976968906586063	-2.4029073167259503	-4.9602324658928545	-2.9214964874395704	1.7005425744626215	-2.4508763701589964	-1.5179620690663758	-3.272889962781451	-2.718837089708664	3.320979144977368	-1.1951110853573441	-0.1917581783966736	-0.07224560291287856	-1.4574229469638378	1.9435200979177645	-0.4084567626666879	-0.11209036156300076	2.397301618183854	0.7468832276453148	0.27450896413711084	2.6857371966116257	-1.595154238017305	-0.5931680471956667	0.9781633913887372	1.3591021457057957	-1.0280733908523472	-0.5101356565753584	1.2221039010577537	-1.0855759930677673	-1.9622152931335055	2.0913869579063817	2.268157697243627	0.6073175266899082	0.5208342095006294	-0.4967528633337934	-1.4165381560023318	-2.543941164078248	1.6419861729311778	-0.31457038958063166	0.7666345585530839	-1.618795558726992	-0.2682657451500696	1.4328487776302161	2.680061405341804	1.4576700843478543	1.2872662982755583	-3.1370237030258883	0.7704415291613214	-2.1334065331665006	-0.7017425050623388	1.573567043329742	-0.11684939975494305	3.0253326283962223	-1.6080329779958624	-0.7859343902131752	1.2208673901739053	-0.34905822264067954	-0.7324677075783886	-0.9775107944895921	0.5868538993362816	-0.8676489278189276	1.0382862346993473	-0.5794721036276214	0.6976890895202286	-0.7329171605469086	-0.5307924850560055	-1.0552713271074368	-0.6474307192491483	2.2865195219869703	0.2939038702124861	1.99655773297788	-0.06893189451322632	0.5116284227795965	1.7721929574936515	1.0828221974616494	0.4132522679996523	1.0066981082754745	1.6826125854434364	0.3374094861413473	0.7161118500586287	1.1367419150073306	-0.18256896205138293	-1.4826385206077557	-1.6422900276761843	-0.19034543010746802	0.6234111122508275	-0.9072273619841406	-0.09805827369452731	0.1915469230648028	-1.588418232371735	0.012475452298418982	0.2702606057816681	0.09606863157189889	-0.13875049965384362	-0.5732853222560491	-0.36175903848584573	-0.4511083320054806
DTXSID3032628	-15.54123950983389	6.707055018297673	3.230121248089371	8.479956788618718	4.433601474222398	-1.900961648771409	2.102310325425087	-1.1516454059377734	-7.221467806191806	-0.6404917579184185	3.4835882308837682	2.2712369641540353	2.3705556773516507	1.0147791247915414	-1.0180196169175075	4.681104297031849	-0.22674714642061022	-0.6731028961338062	-0.8976799182344081	-1.0045261168203776	1.031311949797985	-0.33501075180562634	0.21799740705123646	-1.2124082949102661	-0.3553857597947547	2.30288315756457	1.2066160294015242	-0.9084465951642626	2.499628266115092	1.1059337175742352	0.18577178105048675	-1.7545164237907835	0.5576492094972858	-1.251516384210313	2.324662106964536	-1.1961772335802496	-2.3565967266774788	-0.816130099798004	0.026679638742640396	1.325516906908735	0.19275643810483853	3.2587748984543072	0.49930475509120653	0.6931683386148326	1.9606748200533846	0.41313241601735384	0.7704272450069786	0.2890872279908896	0.1567978077597049	0.8304074161469142	-2.5911554720165535	-0.9881110500882275	-0.633969966838194	-0.13020861996408895	-1.1190220653516212	0.09462917232546834	-0.10581559855830242	0.25034839933021125	0.878764515360952	0.3112957484591787	-0.6107254804215426	0.7447773495526637	2.8735053024779984	-0.6558905970263286	0.017479700351840793	1.3669903030033403	-0.9632327232385168	0.22474198561666708	1.8808219299994304	-0.6650679163672842	1.2859346117086108	-1.0030915465559949	0.24937206440139528	-0.23798730487038317	0.12749316059686439	0.46272555282089983	-0.18553166742619825	0.04798953489010363	0.8820682597808928	0.7515360136378346	-0.156206171372983	0.3747905550080205	0.5492166256563412	0.27797645269941723	1.8567696000810912	-0.39479114223092343	-0.1589703516820408	-0.5125384199100378	1.2745771324046733	0.06873161592830436	-1.0581154908438455	0.2631315605173793	0.054191694346708924	1.1887085314330883	-1.5270089872473889	1.6169869477475225	-0.1960880114004661	-0.3851479350042112	-0.7283488000610878	0.09182175194887375
DTXSID3034456	-2.394150163574115	-23.257754171969573	0.6204870527374372	-0.534450011288527	-11.776658657445894	1.6202285153851603	-0.3081262217247083	2.2762018604695173	-4.481066552275978	-0.21891465834404517	-0.9646816064401881	4.216252089905115	5.539541270999496	-1.9314143905461434	2.0312947841081304	-3.356680060124141	-2.532684930242076	-1.6016955163142035	4.35584045634711	-2.227280481031933	1.4035966802253717	-0.9505842592884456	0.49302887241504934	1.5651430994992022	0.17678547731186006	2.15202687263225	0.8247186494738963	-2.2484167051511394	0.29665031879749815	-3.5858393219321765	-0.7543168138805435	-0.0870643001980986	-1.4423543308905553	-0.5179510458439806	2.2047153528390666	-0.0056760780198124115	0.14154640697613144	-2.5973850809257346	-1.4821892862574109	0.6137895566954935	-0.16434292718336602	0.3779829868396004	0.3477987449632146	-1.96713032585057	0.291849021794243	-0.7003829563549492	0.33317987555527473	-1.1474138866648949	1.9414086662031695	0.04275639245071194	-0.41261884230083895	0.7663903975594505	-0.34955199027487904	-2.0722027831931844	-0.9304218464390592	0.03820773363135373	-0.1483294290985973	2.2734358106918546	-0.4468461904527356	-2.2329749046505176	0.7453526371677981	0.9411409087171394	-0.7372185252159522	-1.324215615292035	1.904892451562501	-0.18838650027347698	-0.4465952539635739	-1.038711960583265	0.5961564764257673	1.0498051969409607	-0.025803735810564433	0.5281911972696194	0.1405411413153199	-0.474653478317236	0.20573256344398339	-0.08137802841094044	0.4246423667555869	0.10148615143976264	-1.9718432455503625	0.24483930472393148	-0.09886273274505292	1.0846263055990264	0.7262725752619317	0.9188714589522113	-1.8012976842927764	-1.4605399521448805	1.5822885404055773	-2.2045317540023923	-1.142902383514218	-1.124380192525221	1.0607179857716538	1.4875439131432457	-0.2735521184008784	1.4330865404413056	-0.10548857506190719	0.14672173123108098	-0.4093601787815221	0.418197041250514	-0.8039681861536379	-0.2670067645416804
DTXSID3034583	15.339587809483843	-0.29438691660105976	5.24491943921572	4.005172891673895	-0.7372372086992233	-3.6366525932782956	3.2174308327389363	-4.51540894806629	-1.6642089962035755	-1.884613559373479	-0.7129570975349876	-0.8809760906317722	-1.1829000517199946	-1.8484925300351833	3.7920848937854466	-0.03717961645544634	-0.5419123144981146	2.108486980631621	-4.9525911978777994	-0.1865856537023961	0.9295128272537111	3.5293654770651104	-3.9909783598769915	1.775933606283848	0.855614801151431	0.29694109745808783	-0.5995822186733897	-2.6585059152219057	-1.3519569869541095	2.3170639022001764	-2.192398273980598	-1.3861145838422706	-1.8069174569849484	0.015446965883311728	-2.118277406450451	0.050409518238289396	-1.120507164778475	-0.8601614771161623	-2.0408555336978695	0.16511181261045543	1.815428041386806	-0.18259138807945463	-0.8764103396871504	-1.4527609847057554	0.3578304226575867	0.39424619805452316	0.1715196333436691	-0.26755394622638323	0.7225177140354366	0.6748554855416862	-1.8302688059899532	1.7880512325837525	0.714172820559866	-1.4026648005464546	1.6695121617598245	2.3575672353254884	-0.3097569466960362	-1.210544442808799	-0.4827885594584108	1.4688095693309522	0.8826903213107068	-0.31564796897951414	0.5073951366962763	-1.3206205886574915	-0.6960265019297777	0.29062057948654874	1.930855216367552	0.3153667886910711	1.7060173621434593	-1.4878509505913602	-1.1460814406222914	0.05543177182962376	-0.34546755932599527	-2.8139130597160436	0.7952270923266493	2.161349216244128	0.23521596735249561	-1.317200262119635	-1.2221966127349966	0.4123107798398538	0.7114828131375781	0.6130427385747277	-1.2113517347546505	0.4974138783908338	1.217554587179794	0.10647987840623753	-0.5149188281579398	-0.9018154865002093	-0.8902090444899388	0.6604038595987726	0.41519431149070235	-0.2643979065310401	-0.4578922970259997	0.9320334301626049	0.7503806769613112	0.04834593906354246	-0.30717593661734643	0.14356737132394418	-1.7599123993443007	0.165350507186295
DTXSID3034872	13.314607971198946	7.998458836910004	-2.7127054593855884	-0.4052261593645842	-4.404759903179464	-4.28354665975462	0.6299244694870327	-3.5830232470768397	1.271282562352346	-2.227850619882015	0.042589368921133554	-2.4639471533439177	0.7904238530824279	4.7404111600709085	-0.16034845561528202	-4.346815827305585	-0.6211853294655006	-2.91860809891201	0.651135505741274	-3.381598103818088	-1.0532267468371663	1.7995957571303183	0.33671796604013726	1.101764515161179	-0.012927619662484595	-0.0688833526227947	-0.5856022966249659	1.9839751791383662	-1.635062830641961	2.0735624217985347	1.398704366828305	0.9715152216594627	-0.4766459694127058	-2.2739908101865547	-0.24849955538492208	-2.5521583664094427	-2.6534192116335324	-1.784240061567232	0.8101689663577172	0.8215360828467331	-1.145705521096238	-0.3126284043310219	0.9310156369479755	-1.3268312285396533	-0.9222868306639856	0.38466425096847695	0.14870243314415468	1.3195608882851855	-2.4074328436789765	2.1506616674028307	-2.875581266084982	-1.3697564368566217	-0.11474010468459375	0.8947082023524865	-0.14060697981344442	0.3075389076396483	1.4710452510163723	0.7624175658306542	0.6465010995484943	-0.2692482842063665	-0.6956971779962844	0.5242008871148696	-1.1463411451606973	2.5448810168879	0.4389378794288979	1.3429101559050673	-0.725957879149513	0.9375755084464362	0.23897509125878222	0.2675224623169856	0.8384818910844462	1.0012020734253	0.5833209566416979	-1.1970713841264216	0.5496385459200829	0.6810208077027136	-1.6537981946454456	0.5203298592081465	-0.48567167156932206	0.23310929732251448	-0.29877830321043347	-0.1696036971665803	-1.7598958703099177	1.6719237128537223	-0.619600898955777	-0.8676359289874338	1.1495731317379887	-0.30140472912469246	0.6196909483570777	-1.663030333593441	0.18687242930338022	0.5831083847067656	-1.148859145705904	-1.0242409478544012	1.5292305019949355	0.37082085929019964	1.4219531364207	-0.1208740755614479	0.7311222695999146	-0.1737958490424353
DTXSID3036496	-14.393726249148816	-26.903312170290036	-0.31500203407155725	-5.669383474137195	-6.349645288686586	0.9381379824915436	-2.512463500040731	-3.280867847825261	-0.0443997726797408	-3.7434289307054684	-1.3378927976352948	3.8051393181570146	-3.194497662766582	-1.2613491555036405	-0.8620442263444803	-0.043570669480288725	0.7658487707811829	1.1825797061919399	-0.30055845516459406	-2.4738876978787814	1.113657530967156	0.03708559319598571	-1.4091003939662117	-0.9654702275441822	0.7011922465416759	0.7954221271560075	0.3893183869308214	-0.2103449869485315	1.4371781930736525	0.21072705443733822	0.1532360783695606	-0.37835483499113487	0.5550295498498442	0.042507069290664855	1.2196462336812186	0.7047601433196633	-1.0935778638031544	-1.5725050338202824	0.7561872230583919	0.2823819107146435	1.4280211959018159	0.8477043421837871	1.8572006507695904	-0.14927155706703998	0.36471707085979255	0.9187195082310557	0.6356754364031847	0.30361714349541025	-0.5025415669731139	-0.06285937834826134	0.3175370679107952	-0.8543365450655585	-0.18262999154660867	0.9028664808352278	0.36494934791843264	-0.5788271593044089	0.8796600683412379	-0.8826033472629513	0.26988076481167944	-1.247097414116384	-0.9107909727199661	0.1464484796333571	-0.13149627111718898	-0.3663831357056157	-0.43368378531516055	-0.7781047185741128	-1.0551905186809778	-1.5627175104400879	-0.6619798473054396	-0.26706971265695495	1.6431247740669421	0.9701375197105782	1.2636381834948096	1.0572268321077007	0.9797325848471469	1.0666564767826854	0.4282393429541093	0.13048141388130854	-0.9739335934598834	0.3280492960327429	-0.10533742741909066	-0.7742280496640689	0.2857256803187184	-1.1610934795740984	0.3727137839662705	-0.7828227984214455	-0.030723062408513607	0.21276363488950706	0.08457484967028611	0.06563626264364343	0.9397888450199439	0.8540039375058618	0.603456327759194	-0.07920698642830087	-0.3052946009682638	0.20004944168804045	1.2432184744559025	-0.6446202388725442	-0.20877540854982965	0.9825181244826025
DTXSID3034664	-13.546412077260893	-3.2024648951999994	3.294129600799038	10.68334365517981	-3.0365894100533994	-4.527664764254644	-0.8939604497255583	2.8993251770354456	-6.036660087429093	4.158394589656735	1.8048845998504615	-0.2752318403396998	1.261662608422268	5.1266901710839035	2.58426146087205	6.785535003904034	3.3052928832610857	-4.5769679983825045	1.8951725944394433	-0.6983096513678039	1.684916651271181	-0.5334907127197825	0.5030620605535411	-0.5447504404761644	0.8181985509106483	2.479032829075273	-1.95580903657914	0.8832525194635567	0.44073943855479963	0.3824489359247002	0.3474720875664645	0.12532831481568005	-3.250744554661093	-3.5302371687621767	1.3850837245585685	2.2971812919997214	0.27962122147416457	-1.82889396138258	-2.6261536949191173	1.6020664941592246	-1.0946163371635675	1.4537644918361576	-0.9882366633929053	-0.15982046685266355	-2.0573899835111873	1.577932943190263	-0.19549976761998225	-0.027809907681453968	-0.16610145090898576	-0.599682516716713	2.102149834297628	0.4930730417878196	0.9954016970475148	-0.9234964684907406	0.6346633767696322	0.6096883505843602	-0.5711996768388108	1.257958604664426	-0.6029842879144025	0.7441588014739167	-2.173922509266685	-2.494610264028779	-0.45830230608293016	0.9752016658541607	-0.11023335200624484	0.5069962574356298	0.8880489958971338	2.601972582428521	-0.1777247722768917	-2.3537078562355025	1.0588109145533569	-2.0031728950774164	-0.7209663862324938	-0.4657920088933936	0.061911415922797496	0.08815325229860826	-0.6659404200407006	0.9707453164258943	0.020269655716512743	0.6409078061746469	-0.15522998930015058	-0.41901069350031195	-0.034998677294390546	-1.2703216629147853	-0.45219621199743437	-0.3895265155119729	0.3462881427229629	0.028640326823921043	-0.5776510424035963	-0.41564004354875417	-0.28847650473621955	0.9784230107861923	0.5077307653286799	0.01543763936852846	0.29013091742663716	-2.0087218996722616	-0.9086534968531387	0.3149708480031009	0.2603746501916073	-0.9612226785001984
DTXSID3038939	-11.741558070498776	13.87093719749489	3.0643503226965194	-3.317894506305766	3.4155904553171568	11.729822130586816	1.3800244820152117	-3.378585532338226	-2.8110068695239177	5.926135960967111	-9.11156171466325	-0.8785983936419942	-1.3634963446413302	1.2570516592290093	-1.7509765297385087	1.5216809200607226	1.7330979629053749	-5.497081999331563	-0.9117287701614212	-3.9840963103266236	-3.0013937166644946	2.4436522932014126	-1.1017484308280727	1.9799627064002527	0.1629320521153094	-2.624549569006458	0.22933749709229628	-1.40807727630334	2.696394629340893	-0.7861078591562038	-1.9767863043356124	1.2763752039202978	0.47377352135676803	-0.7953966177447493	1.4792265157354427	0.006009317196467042	-1.1569214696361132	-0.9450591014603784	0.15107924898903868	0.056993867466387495	1.01252341366584	0.1253393201360773	-0.7141439681296027	0.9716028779035508	0.9972439734868499	1.759258248111479	1.671809657535602	-0.7394482372756053	1.79828814631654	2.7435166836783305	-1.083196178558299	-0.5703480969307788	-1.7478020442184787	1.5906384782804814	-0.051203212949495557	1.033215838584845	1.3636670935954365	0.4428438144507466	0.5079231097335435	-0.6484648932144746	-0.7195218865662815	-0.6612897319921297	0.9593907613982493	0.47229438438383725	-0.11623506690891136	0.43201248245361124	0.10051621975310328	0.3590694947172872	1.154557736046595	-0.21605291315008288	-1.0613219460578016	0.31597669289264296	0.3345345315259817	-1.2018883193133392	1.158627338078132	-0.5239386941173781	-0.49632629131195755	-0.12002478175673789	-0.6641303674562781	2.411220905578996	0.4504640846923374	-0.08160489370623669	0.6813719175474302	0.265234330327307	0.27068477653306716	-0.1403823975813214	-0.4478327025085855	-0.2223199842719803	2.1884846953194295	0.8220625356546775	-0.02071257538226724	0.24953964018565689	-1.2060166045170706	-1.4626592849138307	-2.217847537645348	-0.14890969545609595	-0.9956418809535132	0.3477832344043948	0.5366226477696386	1.976142054103432
DTXSID3040722	18.85681911222433	-9.93647062813324	-12.751295481563808	-2.429867953806645	2.46004671369365	-1.9529864928208578	2.7948411302612404	-0.09182720724843026	0.7523755451073157	1.284655976221511	0.06639806404926013	3.535187558334964	3.520816623392893	-0.948871466431104	0.2620878897509323	2.827132894553165	-0.9186065547680407	-1.4406445409629094	-0.20906528379834374	-0.8061210491918492	0.6584840739558948	-0.38900679666278115	-0.08244507055464297	0.9039351770586432	-1.4613540285530076	-0.5344607274445302	0.19264770031111064	-1.2617628647004762	0.5257860894887443	-0.9072385060999439	0.5533946835958123	0.3755625186860352	0.0758016028736893	2.1022156592573125	0.2617378832924421	-0.6632703311617174	-0.7161433787091692	-0.6873144438397206	2.149947897133262	1.0156254568737257	-0.6464187197732776	-1.3510683916737916	0.882691404940854	-0.3503999463062735	0.19054650147232868	-0.03460743587942245	-2.0286121659850376	1.4150796788507185	-1.4805155154416485	0.673447339494047	0.13413979044287047	-0.8607706759274093	0.48517632199985905	-1.2259771156935892	-0.5603397672826741	0.869869711097981	-1.018135327320042	1.9825522611819621	1.4492583181498264	-1.0215701406925062	0.46774369381909836	-0.25944959829872155	0.465126980441684	-0.3749182539779201	0.47390834031628226	0.07491645905739279	0.359438406296888	1.1609613810369912	1.1887289364750533	-1.6781669600831453	0.6463933944299273	2.0519856028890864	0.11612287114093613	-1.808334858980082	-0.2449170350891964	-1.3236667647761893	0.34774103890593283	1.1870315715823168	1.5680225345970351	-1.003244369484243	0.10538911604100651	-0.12006878100968796	-1.6633838775099672	-0.3354445087506584	-0.32184901247961145	-1.9364928621740916	-0.8308522944041878	1.0750186134621469	0.43175743136398576	-0.13755056022605006	-0.30229830192333973	1.2008574588892778	-0.2891438701671017	0.2598936293981709	-0.7255210731319137	-0.4591876489929512	0.5235275431932948	-0.20206004177485512	1.4845537551625572	1.033323555963825
DTXSID3041376	2.656085370148287	-18.758811668579447	3.2901333988646515	9.926558814058755	5.67597771805827	9.693195669350967	0.484653151059958	4.70982777475043	-1.5175346283993185	-7.658633931774515	1.462712671814339	-1.565442990983429	4.2542621188453	1.8874416537619156	0.2685419568549586	-0.9441663398689923	2.8098035662340672	-1.79692790094838	-0.5088193521683682	-1.047709021261244	1.0670563982549943	-1.3741419495116292	0.4005231745216921	-3.556294002733499	-3.296662773010979	-0.6448166382682189	0.9555059199505317	-0.6645829803190862	1.3519508547809136	-1.7300175914899705	1.4054465362426638	-1.6450805412930494	0.9601045235493602	-0.5169096949988482	-1.416373962334094	-4.291471564232705	0.9888011004540548	-1.2588941267565459	-0.577724461236119	-2.244014461535461	-0.1611539192440212	-0.2997702144695936	-1.7405508356945085	1.4069508925888	-2.1959183774405364	3.8168779791265717	-0.43801497809290457	2.1896366582046185	1.8109817155931327	0.44729123403080034	0.6063067706031984	1.6266662262377278	2.1382055175107686	-3.165832434074592	-1.651293319190859	1.3909327900644992	-2.3798799447725196	-1.251782610038982	-0.3006171673775556	-1.2470165032503513	0.5032531010193613	0.7061179291795616	-2.0108234585418376	-0.4236037018023723	0.8853263781566999	0.988685344280565	0.00027438955805020635	1.0799801132694329	0.6000950910407188	-0.8297228046554734	0.3850894102286571	-0.713176193770366	3.0370962970659012	0.4604469043674802	-0.8976403029935595	1.0623012989971539	-0.29501276833689977	-1.6096887115197256	-0.7989003448845489	-0.48130260648012896	-0.3269718609685363	0.6552148022569164	0.3569635362541493	0.5333625877771357	0.6049486182242231	-0.7499860621896391	0.3872681845773372	-0.016764798490153048	-0.5433153627690049	-1.2616410517449914	1.2831861601424754	2.1136942325491876	1.142611689957949	0.8324656530876177	-0.2416135719768087	0.8067438057959198	0.2533542619810633	-1.5602900389157701	-1.175899080984357	-0.6091104172601335
DTXSID3041794	-11.71865571651922	3.6118484264264192	2.4209537635498704	10.995860772191834	1.5957261876118483	7.5100938852723225	0.9623209862692745	-0.39623562898162407	3.3057355052669544	-4.036079844045312	-3.478431626078428	-1.1807336145538205	0.38299651088590436	0.6324523081665877	0.18189876794689255	1.9917430727374121	-2.793530337360654	2.8546801562315247	0.5192454366001664	1.750757582760642	-1.6943577101863827	0.4407415526886935	-1.034728558751219	0.14316383108169467	-2.960756559080729	0.9006968010206046	-0.27752492062555373	-1.3354386125500737	-0.8989282729838346	4.097982998224969	0.30867091916711187	-0.059497150080729	-1.160620350303672	4.3061948622276285	1.2176093192458883	0.968075686711798	0.8439050200939843	-2.3966584295097726	-1.8472385449267963	3.0291220205068274	1.1439690415682264	-0.7027010107951907	0.5787158187163984	-0.4669162670628336	1.721726467113795	0.06406799588566287	-0.351518241442965	-0.4439278460032935	-0.6991787319631201	2.2652468454691874	1.3919361650757291	-0.6268319158773838	-0.747075173415729	-0.06008236682548839	0.3658697576710725	-2.0172874488634207	-0.07355626284283234	0.19734876250718306	-1.081682773569482	1.5079637762805798	-3.4979537963273586	1.3299574816082056	-1.9393645240980992	1.2934203964178388	-0.15762092901915042	-0.28147265302272967	0.4652017300764031	-0.0990466323103845	0.02051814438150737	0.23328986995416376	-2.269756688723179	0.9127310958179355	-0.8270635977548717	0.5084187151194359	0.8179250034830311	1.7672249391427222	-2.6076179821128926	2.593940543031474	-1.1816803382367538	-2.285587304479058	0.13086179659858935	1.182771880763002	1.1051453348733233	1.8195175401529595	-0.47960007880597666	-1.5089347121840055	-1.757050614724163	0.8876001528134798	0.7399270816700244	-0.818280182808046	0.0006903402320037236	-0.6481518221757048	0.733018106148452	-0.16001623945640775	-1.355902887101569	0.8223534850666249	0.0007796871934594263	-0.9150528500549017	0.2626475538035673	1.4886535257131583
DTXSID3041663	12.1323049600034	2.96647551054754	-6.287948726819343	6.180412194539041	-1.6600513496809994	-3.1252259309656574	3.620207285409421	-4.378307356461162	1.0767875789260244	-2.1779993757761567	1.4125628237334527	1.156649668921547	0.11214332454727106	-7.2273948484781485	1.1612593440688894	1.0590440776037582	0.4205720038631774	-0.3985962290636867	-1.829003176662555	-0.4029294814344578	-2.2229173210684996	-0.7673618809556696	-0.6157565486236917	-1.8263270615096538	-0.6213540958651028	-2.2878615722663844	-3.8367227296188773	2.309268855307189	1.4762095483210225	-1.6420221380728477	0.9662426431593284	-1.9544324846955177	0.4545905466568915	-0.771690558987532	1.174537423792058	1.7125060737313968	1.2087803797103158	0.10944368083190006	-1.5526771424755474	1.5103317738512703	-1.837599595069992	3.247554220625314	-2.2560715215645413	-0.7442067439519144	-0.3928931475157609	-1.3808858330392197	-0.04690235229966246	-0.8678927321922874	-1.1011856286069635	3.321125144474806	0.6856761638709994	0.9419894456850555	-2.0101260728703183	0.7170611878877786	-0.911866973089618	1.9351652746841692	0.7076508176610365	0.039445137719003334	-1.5135793672851208	-1.2535615689326947	1.372301081351228	-0.06376513308071854	0.3754392110826203	-0.7459694558069909	-1.4168068972211005	0.43109877587034817	-0.47512937846011116	0.349102227613316	-0.019548214251575883	-0.5749068015725088	-1.6516709231163953	-2.1593352846271037	0.23854785719877605	1.172419604629619	-1.0409028807381389	-0.6675577342457706	-0.48670482212830635	-0.48509824636540755	1.2275388323560292	1.1935277925006114	-1.0631602209442894	0.08458934451220293	-1.2015575185931195	1.0107788936736257	-0.14830305118384288	1.4055795952015315	-0.14610082147281755	0.014294371439995908	0.708149523881615	-0.2001734808005518	0.32593051699435044	-0.34453191681564976	-1.983752611046409	-0.42465615322238576	-0.08942173635388417	0.2340213017564462	-0.40892333698014055	1.331725467421	0.13086439185967316	0.06412272417468091
DTXSID3044338	-3.7532642987896283	10.573389053847372	-13.654040172095181	-4.277136525135223	-4.361822758924825	8.530206893530266	-5.056335310105355	2.1452394577349634	2.5276263479190044	1.5293226707049568	0.6685515672001824	-0.21088275611188495	-2.6895351188707477	-1.0210075228677933	0.6042814728733812	1.529669555216241	4.052083982597644	-0.8643851281542344	4.066043711682676	1.1331721146157876	2.00361623586599	4.443015019418847	2.0089662008218463	1.3595901367223462	0.19640711603439745	-0.8470568484197974	0.3260014272415782	-1.662089479180213	1.05123566203994	-0.9314416888745974	0.3230179548796067	-3.016902828630666	0.5009073460586116	2.495622273654804	-0.05072973670080673	-1.2027064735362205	0.08097218300227026	-0.3992443468916303	-0.3803754247462241	-0.2904596191320962	-4.927749552729942	1.2408924636754441	-0.5897127973233539	-1.098910270559764	-1.3921629442755936	1.1513820526136884	-0.9688680138921197	-0.5267436455651531	0.6729991216030466	-1.5115420076823987	-1.0880138820689276	-0.8361582729049784	-1.0412475563435	-1.913267276137604	0.18929498527264224	-0.049870694253491596	-2.6837484297149445	-0.16209683420678858	0.6141204084845111	-0.6837007907868095	0.5536926155401494	-2.046593887335661	0.4880671952462612	-0.5176877237189444	0.46172981122832696	0.16942424727889394	0.30395546713929117	-0.10778920487251563	-0.8244553887461767	-0.1211134269826967	0.1681985232819991	0.9398763359418187	0.5936188837279543	-1.2816143671944011	0.40804939307442967	-1.3531766228999516	-0.5334799468409611	-1.485018896114068	1.3312577852550567	-0.2959044220867996	2.228297686415502	0.5218090929868103	0.43245914485180525	2.2358338138002196	-0.9166332329096143	-0.11194595616377052	-0.2624456204458942	0.48990521867537407	0.09294094872827305	0.4188668973583731	2.302842186403251	-0.5501263303057505	0.18592870834900066	0.8022193848387619	-0.057834690893116	-0.37569045714584687	0.3656367858345018	-0.9989449499820564	-0.07417048614558613	0.6077793214098862
DTXSID3047263	-5.650158560580582	7.174228239001428	-3.502347413540718	6.652235604210312	-2.6099663239649042	-7.962984566338518	3.624488098926169	-1.167090789845763	6.026489368171611	1.9009892849345356	-0.77506431511966	-1.5089588315360156	-5.049089659071139	0.45876761364352087	-1.9107233925757998	-4.763929806799794	0.9621791978401519	2.635913276893538	-0.39987263313078614	-1.189379964987738	0.15798854682528074	-1.3034358725103798	2.742890461148711	-0.4474326529003459	0.5242783310178623	3.50096232840344	2.226528836825003	2.128230503046186	1.9119389155965978	-0.43959619450065257	1.435006700822237	3.011516020251281	-2.253531300805136	-0.8618689351636271	-1.7824286594733518	0.9841986413050238	-0.028720274970451508	0.7896083065310441	-0.9557856655668265	-2.0082454438493325	0.9325923834679112	0.7014466745550839	-3.9852013322918785	1.5477299751609594	2.166852724197843	-0.4019338968019255	-1.36771217864823	-4.667788551046755	-1.9256990141929176	-2.8345799905368874	0.14687743112536433	-0.37940181521204547	-1.8870421933904145	-2.97550015838763	2.576532448808832	-0.531224949256819	-0.900806770531639	-2.2586379294620915	-2.422984331019107	-4.108567349153937	-1.257025094476574	-0.47614693014261333	0.7598046496364557	-2.074467480019641	3.925834588049539	1.822450064060237	-0.6291355386989806	-0.6847270003822231	1.0693241820313635	-1.1356990661745385	1.5640977271900234	1.5305622768895861	0.1903339172058108	-1.7015859954493542	-0.4443308124232474	-1.0065890819766383	-2.3998878717369534	1.3595323357386129	2.367324164885622	0.43594172581315865	-1.4156653717533005	2.7991981571137767	1.4125532142044324	0.8879383591298478	-0.22497649535227757	-0.17845905368789297	-0.7767654082339397	0.0017271853981035217	0.7258132083904885	1.6502102590799055	-1.0709195061594778	-0.26890929267641783	0.21837218980686232	-0.9459217145966353	-0.5065771789459207	-0.2359583329084715	-0.2913374985652501	-0.002551679643697721	0.8872394125018704	-0.0069765890013930645
DTXSID3047267	-20.814155140912437	-9.308353694024866	-0.47482255397428286	-3.4961542903255447	1.60023893342267	-2.8414391627939604	0.49468794589919723	6.235244289635949	-2.4609625722436337	1.1094563727476063	-1.3457835545775998	-6.170372760485595	3.962075250282459	0.8794442884937204	0.24704445217902385	2.1005020402352783	0.37670515143773725	-0.19715600199716413	-2.2245770507213383	0.8127091281269905	0.6311674246363563	-0.1345319704859499	-0.5327376578562247	-2.197848257553063	1.3372006263104754	-1.0999972763964383	1.4490786091873624	-1.2947034633309384	0.509864107026901	-1.5317885966672118	0.023719475653270122	-2.937614051423669	-1.736484615428941	-0.5832598751221107	-0.17155737358442005	0.9422065756724094	-0.6475841404201328	-0.8354390340137793	-0.4128449634376419	1.41627692312248	0.5992393040062978	-0.25403390069946263	1.2715747386619902	1.1974770071498235	-2.4174698976189206	0.8603319264996613	-2.6468409061748916	-1.3997266703959117	0.9219181811151328	-1.528913522548293	2.133822244001837	-0.5540399497477173	-1.9065794712710655	0.0024453701121991854	0.07197027045076063	1.3623653137245204	0.3063406657304197	0.4257096642091723	-0.4541621756012186	0.23757756683811823	0.26694062040681904	2.5047966811447537	0.7060499253430784	-0.35494291231275743	0.555289870919924	1.004610730358397	-1.7727811964090174	-1.9134218836836092	-1.5482909103790552	-0.8513421551311086	-2.0073858221997494	0.8245311908845319	0.033168725004953305	-0.17332893007289626	-0.0679364608729589	-1.2932479190869786	0.11827291811541714	-0.40843604789188204	0.2388744193488352	1.7541543268854687	-0.9601106233200845	1.6129649720185906	-0.03028301672980147	-0.8936247164252421	-0.34571607424589684	0.08418484899307761	0.4037425246714265	-1.016263568254655	0.3705930578492924	-1.756542482330937	-1.4293360317024737	-0.24108241336563208	-0.5632185023727497	-0.7841787748231572	-0.011338862857640415	1.1698538123149385	0.6549614886816327	2.0098386557293155	0.5060452613100983	-0.2300472504225849
DTXSID3047342	-15.287070136773151	8.243554616146149	-9.659800698470516	1.5891066892549446	3.054892506697094	5.47351928768963	0.26906593266342443	0.5643882682699654	2.917902886634365	-3.103885173845674	0.47623762780135726	-0.9184702104784324	2.9016802284141257	-0.6998882342763401	1.346779307662122	-1.0763731673461432	1.0420695723786344	3.6987142520790837	1.219722154187607	-1.538272917758944	0.27426135069401253	-1.270912039718561	-2.8125873933212606	0.3849661813817738	-0.14629863772113752	1.0414917193402093	-0.08970082706163968	-3.2730851396456835	-0.01810339633702759	-0.0759603553615796	-0.08792400826942401	-0.5689639061819699	-0.5512869858852033	0.8079723706291806	1.6575817397000279	1.2212395661794135	0.6945296007987166	0.5438445678562575	2.6027476421914315	0.20414942646648487	-1.6783668532200093	0.2953897366046031	-0.8493539266107419	-0.06174036621952913	-0.25496232227547067	-1.7206306155497324	-0.8372971501220049	0.04472201811953852	-1.775351348020303	1.8247113406402966	-0.05226849318566809	-0.14510618054142094	-1.8881039400314603	-0.09819215623979734	1.2927225649625074	1.2927447017494185	0.35589364512696947	0.2615886155397117	1.2887230151756435	-0.9380254402256184	-1.1134712530860211	-0.34737151296434726	0.08206955166599561	1.5410517977272353	0.1338071675836512	0.7090663938067866	0.8985956038708143	1.4769632355825908	-1.2113449327821564	0.36339471761110975	1.1309985223598118	-1.193697781015116	0.26415242007971973	0.008259335210024869	-1.8132920127869345	1.2811647732854539	2.344408384080306	-2.926934113013971	0.4220559027544619	1.2174546631160437	-0.38407551268615564	0.6387853200141953	0.6160062515501695	-1.3947140639127762	-0.03548444838469486	0.10331681279070566	0.07464252994417452	0.7839939878377156	-0.5859894058506377	0.03882274987738584	1.3674509607092737	-1.367730438199921	1.708898918804962	0.08567409694636949	-0.6807544309119324	-0.4371488686796182	-0.45705139073109996	-0.38022204644970164	0.967543980843984	2.3782671046330064
DTXSID3047425	19.37450786635074	-14.494131769804227	-5.930166026230134	0.3541500847508209	7.9599311892022016	5.9241666409419835	3.5545893568899074	-0.36064342936869354	4.006241748491501	1.7036718385082428	-1.2898473524703638	2.1800174991674823	0.6796804831439209	1.334811620343824	-0.12729143161791842	1.1147208997496107	0.5672180365793484	1.344424411036284	-3.492586960340895	0.3851149831568995	1.8565323965042	-0.249493277640984	0.07074157867610319	-0.6323256748682424	0.4985534864012388	1.9679572588861314	1.9133021265079893	0.7996476432708984	0.30821271000330097	0.46566986206739447	-0.7414858656681442	-0.028820087158173396	0.5697113321417024	-0.784987742601326	-1.638169304059675	-0.8004517103633277	1.2755145782578805	-0.23912492982019734	-0.029095094813439863	-1.2520919147695175	-1.1535644570245798	-0.13138686088332485	0.5493783064007393	0.6610127850617132	-0.277138792855378	1.8838998232919137	0.5275655822776066	1.591293983749777	-1.1442809923714465	-1.0488678747123321	-0.038819781741791626	0.2868829349003981	1.5416669152068194	-1.2557957464849403	-2.8289534752729133	0.34128488597542206	1.3337249298474145	-1.0991898289116517	0.5084992341445334	-0.32865255449445424	-1.544947784934152	2.363707000384048	0.4954901149094732	0.3069483807879748	-1.567087200655079	-0.9243278505350189	0.8009296464560588	-0.3389126077686374	0.6155899553517513	-1.5183790815295477	1.2351596412165375	-1.7055554232090788	0.11414856722946244	0.9158574534094323	-0.18250231342917755	-0.45801965593661137	0.39901969370801077	-1.0297838886944761	-1.5948485677575983	-1.5896588299428707	-1.6570975146520854	-1.0335011494671744	-0.010355701283634696	-2.140974335242584	-0.8404216451641594	-1.7134818026098948	0.4997266373427571	-0.46625296262309673	1.8022053254489394	-0.5122751655127444	-0.3264198837772868	0.5649456078880164	-2.448906519498514	-0.2581819641528574	-0.03525135331879215	0.2166592202233848	0.2179591721808561	-0.5643664539132397	-0.9543834664793024	-0.9398430666955583
DTXSID3047471	23.20125600589403	-12.272964388238481	-0.3114597536051844	-1.9703755818489856	7.61118260503362	3.791330504103234	-1.7614443750840334	-1.856000588468319	-2.8877619604773193	3.3463610397514096	0.8046428170764106	-1.4879699195106484	-0.46945416799980016	-0.32360229599377005	1.6329086807347104	0.2598722522071872	-0.9034610618168961	0.006236111239228141	-0.38548251941319017	0.8752819046689395	-0.07459295931062397	-2.0747952259965974	0.29734264286825235	0.3801647134834404	0.3502153819855146	0.053302262480452514	-0.97766601361323	0.9081584896992638	-1.1276408122866322	1.718072476565347	-0.5160373572029059	-0.5555345831561224	-0.4357479325928352	-0.8278623925685676	0.5988091816721932	0.9815485678676248	-1.0137890055763936	-0.21633978597871378	-0.02490114569671204	-0.01463878747209316	-0.3160270005112084	0.14247135243299877	-0.18983372798092032	2.1112327938783233	0.5694838172292936	0.37288673597562827	0.9932785205060742	0.6113802419015356	0.3039770167568824	0.41264597793658436	0.7291630385387009	-0.23983095889531594	-0.9824886959412943	-1.4259918842795118	1.3869394481144077	0.7529120463797208	0.012637935189864833	-0.3285848674440736	0.9695856662004629	-0.9793519917763133	1.594401788501541	0.38971733560061195	0.11262009816285173	-1.2013948418584115	-1.9116470908381007	0.5257976458685321	-0.3930991864186487	-1.0874564214364293	0.17332832332887355	-1.7346313266037705	0.24004278820623615	-1.8882112702956002	0.8310376870393656	1.0672658460981053	-0.8561153525575661	-0.3292282733073669	0.29597303968885263	0.8301958710942812	-0.030251599803106537	-0.19831422522379547	-0.6099189734645509	1.0448358887680267	1.4153648978489208	-0.046871131835807406	0.8706855770368923	-1.5052891760817508	0.04132172902563088	0.6134630536547149	-1.996472915340156	0.4263828121294563	0.8116900200052712	-0.6064757367387131	-0.4900730138317162	-0.7240412762422029	1.347319015642202	0.17225451213905363	0.6897024312852521	1.7173978742340474	0.054625294066461244	1.0355803492720341
DTXSID3047429	-19.630670273412164	-23.25752274658206	0.8444071793548115	-10.349354978329348	-4.493643704989895	-1.950913205250657	-2.9975299118509535	-2.4626243415718703	-1.005983285121623	-2.735815487774931	-1.3846831043984091	-2.009101717122671	-1.761741502165624	0.1997315906230345	-1.575384754249353	0.8065700763644001	0.11211639362995478	-0.8689663594920585	-1.9660869016031137	0.25958454041529166	0.5444595971636093	0.3912814616675869	0.5307411081534513	1.207564773497192	0.0866694766264223	-0.830643452991349	-1.361275254093429	-0.16231617042338792	0.5251649782702721	0.6507975282591414	1.0104911123674343	0.8005751977371077	-0.9807702101193037	0.512988017879681	-0.23096264105762548	0.015113948117562412	0.07317844056567525	0.9002062880404639	0.85739014202229	-0.5252092688547849	0.6443073840303516	-0.2610677423756661	0.9015651347431092	-0.6313559055462099	-0.50779176494363	-0.7041403046640716	0.016162036557078464	0.8526061284220277	1.4978894683112414	0.05173430829282138	0.09725645262578525	-0.2491171017896415	0.1053369593151986	-0.09140462735087139	-0.5787180197491479	0.22070497736712863	-1.074331203345636	-0.14541148973900792	-0.34401981847903135	0.04186684790041153	-1.8474206395983748	0.448483445774499	-0.46665481952821974	-0.3254299310957654	-1.3358140305153143	-0.946128518052078	0.07828327398038722	0.3082487852565911	-1.2526897418014715	-0.4870690218244431	0.3456651966097851	-1.5237614930596162	-0.4663014893381626	0.06183544621900189	-0.9141894459237715	-0.8109351132543836	-0.8511355042696106	-0.4367333155525673	-0.3479202454888229	0.8716786455895869	-0.9189528997449726	1.0389955357339073	1.616778730880517	1.3423515169438454	-0.15132619002170963	-0.6529273961283688	0.057561276012440064	-0.3756194501388938	0.6279378047430436	0.7334873542139412	0.8095069223014426	0.16478477980977946	-0.8076540163589089	1.3230762566331262	1.0309713575599126	1.3331036031260228	0.44322280876448417	1.0103006428063677	-0.21337901767734047	-1.0362114771954356
DTXSID4020242	-1.094185703524523	13.949525030112055	1.7798515972302726	0.547222753992099	-7.745518644698565	5.593308948413888	-6.469236345300798	-8.58401694430307	5.11304950547162	3.9054998720797096	0.4506581523790033	1.3919992581791512	4.843853057840281	1.1314400702425227	-0.7522524448036745	-0.07491023624344069	-0.4874534939668077	1.3068235347979262	-3.7807769466835883	2.4291001190739148	-2.2405499775845894	1.0203312687834287	-1.522112691430017	2.4100819677483556	1.3828015877372153	3.220432432541147	-0.6901470397740105	1.1404075742065238	-1.7155929132035141	-0.8958667073435931	2.149074690420687	-0.28095891465196443	1.070274412930817	-0.3289032297329696	0.9516776886311763	3.245603419737992	0.07982116990996481	1.524367820166122	1.781461777482326	0.45896496473557774	-1.115199159303471	0.40236501940618974	-0.20506690636412142	-0.6786577836740383	-1.4732766313169292	1.2357471680581782	0.8007474854255131	0.5629131064394749	2.0122345170235962	-0.42957429169587064	-2.3804514417396767	0.6132931308999248	2.0425964593220667	-0.8204691754037161	0.27436025753446663	-0.814718613509662	0.9115984311503874	-1.0777109486450573	-0.3448073503230849	-1.1339224605369402	-1.0695281822681346	0.43151148567326886	-1.210638173618003	1.2252448124914193	-1.723177252379974	1.1721963400187192	0.339356886139959	-0.11965289283006846	0.10016520604175344	0.2518789852163373	-0.21532595578820007	0.6485499657699358	1.2723588025241803	0.6549002849381529	-1.4934825992845622	0.24752872133572623	-2.413346726261303	0.6319062485314119	2.7049667406867357	0.5508857176517993	-0.28739278399480017	-0.3292412562168902	-1.9583171429152961	-0.056654599148726614	-1.4378535410700775	-1.8866603888236102	0.9815497501400016	-0.22352302366463578	-0.8481367053585903	0.07770469470605411	-1.4424510153005097	-0.7694336905044487	1.1749374097216805	-0.5271307237807169	-1.9280517377227082	-0.7037686789530819	-0.9079425244133527	-0.2205726530199952	0.4128656520475827	0.051342989401766924
DTXSID4020290	-6.005939593221585	14.271380077940227	0.867682720736116	3.03299673539273	-0.21562846968423646	-0.7551614975854367	-2.2784095592077844	3.5197979149515732	0.8642307731197021	-0.027001025335828044	-3.3110052520535653	4.690503476875753	-2.342800985054679	5.170322830655985	-0.24323678468878437	-1.21401388082516	-4.5815076296914405	0.5745068891534215	3.811494083469898	1.7945180280102133	2.822984807919497	1.1469664663012713	3.0253608457579224	2.74113693522148	-0.006286809890980046	1.1175094554736904	-1.9492124853667376	-4.151506413782438	0.6125841447681808	-1.8485718732109673	2.0626488132511316	-2.2402350803026594	0.43278550784867686	-0.03911702478253696	-0.366598708329379	1.359675780518411	1.1610854010710583	2.426838929011652	-2.729268886185435	-0.39996264685315813	1.0919767049009221	0.7877517065390794	-2.561296913447923	1.691986090533585	-1.0017965324857148	-0.5734152014196555	-3.3093636819132843	-1.4343916198586038	2.333303487634919	-1.345707689085876	1.5264241263609462	-0.7671033272423788	-1.0584500239195462	0.3413179054250779	-1.4077714584294085	0.3042367265601064	1.0198081841387059	-0.2908863800917513	-0.8031931637838264	1.1808046245804453	-0.6596523659639152	-0.30900512904445465	-1.6030196412097615	0.6523540958271078	0.14791567887147328	-0.8471546614814597	0.5883501975515689	-1.1824715311969847	-2.910587905691885	1.2839756069390202	-0.5941890696145632	0.29885347451999195	0.6513261959931593	2.269724762642458	1.1484382820199819	-0.9929201964192738	0.4121827199423706	-0.22731610321523435	0.2433532104621902	1.0812225400754398	-3.2114296782955267	-0.8297478944347144	-1.9677369208623785	-0.4637484115288217	0.6967612402234434	-0.06541721958743113	0.6220623861153605	-1.5339856964892653	-0.20057627175242942	-1.1896232326726417	-0.2746611965301288	-1.4704391351645654	-0.34550780111178003	-1.0160365140256737	1.6584968106087827	0.7021483797952617	-1.0340147619828348	0.5201066420012082	0.998324493820231	1.174951310247858
DTXSID4020791	-4.036968877214125	4.614354326858887	18.509195575068944	7.268636833837939	5.984994349647934	-1.441062840884408	-4.916496380403176	2.8668176810898975	9.529606088438992	1.5637014640410092	-2.446104406698044	4.035888660769041	-0.330880926474728	-3.0091437647689436	-0.3142332038526553	4.822523686990979	1.2019849060344054	-1.2922925795743299	1.9183699852561649	-1.860987414797674	2.171730672829367	0.22846415209540027	-0.12130526366002077	2.248920161031364	-1.8022735008701947	-3.4493002286571253	-1.4698523591782813	-1.5729887763837405	0.8161768405932276	2.064596827969112	0.4363884056376855	0.8357420914893946	-0.1331037571761235	-2.8629766402796326	1.397944485424944	-0.970665074706669	1.0479672689299173	-1.5151630341630293	0.22106652869959792	0.1653037676585906	1.0395138251536418	-0.5863535130605055	-0.36256227220905896	1.4430167160450016	0.6960261487367059	-0.9407153824055964	-1.499959536100593	-1.1090149995161078	0.04029647573626976	-1.0680529695627676	-0.031222011031137142	1.5324774120293834	1.572702975567181	-2.611769376017209	-0.1374214506008564	-2.6600070683733033	1.5830405403185268	0.5626007728621746	-0.5851729273420201	0.17325136624683737	2.5291413622891814	1.009042957053682	-1.3509291227874247	0.5448437954658887	0.19770620695265712	-1.7182006783274426	-0.07757802449880756	0.5645000123476521	-1.4202047253296366	0.252124411340047	0.6427159836646604	-0.5572417819605773	-1.2386297041547976	0.5643912236737441	0.19269210346717938	0.9438393607022599	0.20330688046171058	-0.07423628885632053	0.8541136613622871	0.10114780763711902	-0.6956580637716381	-0.06789649393622488	0.4939069102559102	1.8015336126788255	0.7669550567058122	0.4655864949066218	-0.07296782375493675	1.2840841748395098	-1.3165629569684891	-0.31903197614046425	0.43155741064791897	-1.567810131875266	-0.27614257044835505	1.0542086008873728	-0.8313140613754724	0.12112855215625647	-0.1545207150105458	-2.1210933344089815	-1.0471018739018632	-0.27041349596708203
DTXSID4020959	18.5750023237848	4.198630355885284	9.411863224205543	-14.708210258804176	1.1298120326129115	-0.828080165122434	4.733426273168574	-0.10398925507409755	-0.39749806374506824	-2.70582149139591	0.3104003049982895	-2.69753471525003	1.6142970599142699	0.9618984470469092	0.9820185120002645	0.1532681800782633	2.744594823229577	-0.029932029219582476	4.412835906187086	-1.458481552529501	2.2277097442265714	-0.9304352081346593	1.0505719988714721	-1.2708066503766933	-1.3256340307514514	0.7020558602865066	0.823476229693339	-0.31632992948759425	-0.174758965022714	0.8449013450013176	1.4132643900711808	0.0348172331674693	-0.17518949042240325	-0.18006611015318186	-1.0333721775798714	0.720845856032553	1.3337031404769517	1.0111347280419822	0.14860134067352238	1.3136647708171345	2.1617890545364524	0.4656531986300151	-0.8505650045840775	2.2783848364290784	0.37860033373035035	-1.8651311421877894	-1.011442558118718	-0.3902352491904908	-1.4025590591623684	0.28270566531995445	-1.0708079484544406	-0.8397862880066334	-0.21800266533552673	0.8955537507294223	-0.29648903119456943	-0.5668080168774388	0.855250080139223	-0.22477928924745114	0.6691164500479692	-0.30002707839092935	0.5364854895442923	0.8473366927140364	0.26255772000218963	0.10412568216698738	-0.06970630305248071	-0.34784049205802164	-0.7556361356503806	-1.5493418860391013	-0.5599269834852777	-0.25392100811392243	0.24538436051031529	-0.6121621184605303	-0.5065810102740556	-0.12275058589849558	0.6833354819861205	0.14038638486023247	0.24117014576882528	0.20860790274248878	0.4616967742652178	1.8591624957136694	0.6923820675306692	0.7190543759665757	1.336798799143548	1.5339824443459198	0.6835225017410901	0.7088982571256491	0.2604548860357869	-0.5327830847986775	-0.5054810281501719	0.9629265475152552	-0.2833132356235379	-1.0614619984394948	-0.011529564696325463	-1.2776853597227624	-0.19491978407851984	0.45460330809346977	0.20812355326597723	-0.017146631282083866	-0.6698943347507795	0.3380920758865209
DTXSID4021131	17.595498751975057	-2.029462578292141	-14.270637710634066	-1.1873265690746198	4.0862221706601005	-3.282819888560507	2.482999419398712	3.9043095318373	-0.3391964181407979	-2.15892129742728	-1.1207600687414532	2.8025954502851316	1.0480388125087925	0.09085239229394812	-1.3843446119548157	2.4177739762550217	2.8034753745140697	-0.8495987834457484	-1.5735989683642178	-3.2697035044313907	-3.4834118574050787	1.1912779730673582	0.7437485218718003	1.5645012156329452	-0.29395791668467713	0.7158635593606818	0.48842463118922175	-1.1793945683796503	3.102542625639254	-1.8203090921699505	-0.25806602938480444	0.3578511764704778	1.0907384052432838	1.9373141703547827	-1.4917040361359528	1.6276408974718568	0.07543432057361622	0.040988641558354404	0.8586088646592407	1.9989958506744219	1.4614748108872406	-0.8068985127812013	-1.7063449115021176	2.0048440539408032	-1.4077911579198976	0.7330522782169401	0.5371536943910323	-0.25291382268436624	0.18751467481655032	-0.009986248060673285	0.8940880373749793	0.4532689019022443	0.4022334889833251	0.48356845440567714	0.5559263223810431	-2.4362699789519495	-0.169290297239661	1.3527819007632353	-1.8872796926733932	2.435549998073923	0.0243809930678542	-0.556993003183804	-0.30052552345302685	-0.4315936679683739	-0.004459160537219785	2.0630006441355557	-1.1818990155511127	-0.6191216212700411	0.8342218818313026	1.1240996497000677	-1.2267654249647382	2.071272769485918	0.40982556974455636	0.3717031423629457	-1.3603304869696522	1.1620215005501882	-1.5294343901003984	0.9747576946589381	0.28618039710814	-0.1457048390456628	0.19944786743507364	0.08691648600980889	1.4463925511845317	0.4708889600295265	-0.07147106425150937	-0.5608784213109894	1.2918864435757353	-0.7479674123080284	-0.8051677934486865	-0.40050065641025867	-1.0082489964871866	0.038604976430327356	-0.3497189910530507	0.510487998223831	1.7154236237409881	1.2731279373556283	0.2020630796716884	-1.665548727944741	-0.32630548464730724	-2.352260863597838
DTXSID4021185	-14.657557582533238	-25.898676182812224	1.9589472338069054	-6.907168242603138	-7.9127326208872155	-0.5373752822686443	-1.8564310416026422	-3.5882751423351813	-0.9296046996548438	-0.9077001672865291	-1.7000694984911875	1.9968996958686578	-3.4902992094381187	-0.2546144664191234	-0.2589186742090281	-0.7787147357518606	-0.4161824675437128	-0.12373864396795554	-0.14843247140006047	-1.2055335665675129	2.034857167330765	1.2146548556814676	0.8103011801945157	1.316424582843275	-0.0360564639933347	0.7465558619162357	-1.5077249239108297	-0.22755736130159554	0.42498104430457606	0.6095805433004334	0.6890022496540668	-0.18812021702949336	-0.885969262801478	-0.06412608113485102	1.069206231857202	0.7480589553835268	-0.43849603361836464	-0.03810227591826216	-0.13046725300070838	0.671015639901044	0.5084915401026682	-1.1265249929573502	-0.015923043439374073	0.7955262154738002	0.13178524556103763	-0.2987990200949836	-1.1081462701046507	1.004701211836496	0.21904324095827676	0.4620510622096918	-1.5413443824809654	0.7145382522516659	0.37320978055905296	-0.19945988806843137	-0.1402656026462388	-0.7008010732599638	-0.9592391351254692	-0.46798220544512814	-0.1547465123523338	-1.0352573780211856	0.8953116215486319	-0.42572392517539637	-0.03928704613172231	-0.388927791800981	0.6082034780127957	0.1628833161949448	1.5936553811836285	-0.4668870712818039	-0.08503519607567078	-0.32397698429463845	0.8033314988216728	0.24779544219506594	0.24908070568010507	0.37836625208145475	-0.24090098402465665	0.07208409437082042	-0.14245731084215413	-0.07092091774512946	-1.473742518340556	1.3062146385138818	0.10912338457128759	0.1807503395512748	0.7831923716987169	-0.049707894941200814	-0.11199357116980577	-0.7343809317123449	-0.3538672493721771	-0.7912531358318113	0.32833929252021565	-0.185535778800848	-1.2642419752140195	-0.7072473785194012	0.9608121676106126	-0.9145174389533798	0.06132839219587637	0.5962013865983743	0.3164320954340813	-0.15356701597887296	0.2723456231872028	0.2772993758064096
DTXSID4021268	14.987947832635548	7.60257466119852	-0.5507301381014045	1.095760673073696	2.5499073404521564	-3.4463768898991605	-10.120377616145571	5.594845568319023	-0.9177197424145793	-2.3964192469358436	-1.6321798487823214	2.1439158618087935	-3.8556985297027673	3.0490966113815006	-1.5228527700829646	2.873623751407749	-0.6249091622725815	0.4854295964510645	1.6111914092651558	1.6435828518717372	1.8298784622371553	-0.16777142790585703	0.31932987463422136	-2.140394615776321	0.08917968520918998	-0.9604634981588658	0.3831507937099078	0.7152065162717233	-1.211483533355654	-2.3140398269550397	-2.6157568836072027	-2.5672666722792203	-0.9123136114695825	-0.11641533020312354	-0.13823401118151993	-0.9483920130224797	0.953026089254315	1.923918555065823	0.28258000044746934	0.06100556483084286	-1.3013182611734222	-1.2651626496248194	1.8048444823988563	-2.2082495381771006	0.017986073397162135	-2.048693433900405	0.4709480683570143	-0.9619720746265927	-0.7499764450097822	0.6985439930502443	0.7311967798609751	-1.9392313607627352	-1.4953790787287398	-0.7848521221942728	-0.9115441663548326	-0.30444399403760436	-0.04428398156754959	-0.6526806060262234	-0.06800539178810572	-0.03801745190887194	-0.8723635376535701	-0.23668123191453977	-0.716047305738323	1.0579994711121237	1.2925412251280295	0.5919361241071738	0.3399422311535096	-0.03436666205234669	-0.6974087810071515	-1.4542137046021977	1.624029411741991	1.351291168353284	-0.7948655285292074	-0.3522102000123016	-1.5650220463814717	0.35320389079817427	0.953122804596412	-0.2045313452455978	-1.2845331435861709	-1.5755597462362863	0.05450440151040401	-0.21678192091454696	0.4207580752698724	-0.5397038734310116	-0.19559423252066127	0.1342946370824519	-0.2586075185418734	-0.2874401502062769	-0.5190816093032966	-0.9172546843627721	-1.4387830752012858	-1.831813719738952	-0.8655661339544811	-0.8677858773832023	-0.9547616415693001	0.006277738482492531	-0.6230520297747292	1.006236792071336	-1.5347888383637498	0.7299988419032403
DTXSID4021395	-3.0501802722062843	11.745839440783806	12.7121256687929	-10.23647144472897	-3.3577619472839193	7.603666709807661	10.15830699883766	2.372585302108371	0.5348538460347996	0.4606590798783175	0.7032972592967227	0.3073075306166352	-1.7773696187586117	0.6534123905850246	-0.3894298130654562	1.1151445249571497	0.2567517693761642	-0.10666129582870613	-1.8876583184350704	-0.15436754797579	-2.909178658671286	1.7157586575977049	1.5055192871506895	0.9811791281757845	-0.597773622482677	-1.0021767951621052	1.753938663025064	1.4132969059265625	-0.16020065865308347	-0.6091633059620845	-0.0975299558496564	0.16098939171353666	-0.1247336161067594	0.691527675077017	0.6411480461965848	-0.9604896615485715	0.3942669051818751	-0.967473749723759	-0.13780071701844798	-0.6004214140600382	-0.5838090583598206	-0.27369274978970737	0.2732078022633917	0.8167769084206283	0.35973342215830095	1.7381752053399961	-0.6857663807354629	0.467779556156151	0.6106032216970999	0.4719046194703481	0.07136015538459325	-1.920598249852016	-2.063872492287115	0.6176359899878869	-0.7165641146102377	0.9999115539972501	0.5114666526121469	0.14253500920052312	-0.1178932853173404	0.5838103731152944	-0.46453619374825245	-1.0985640494393578	0.7138297788894546	0.7569711139560693	0.4775195313048431	0.7162118856075038	1.4723354796969832	-0.48811721851708734	-0.7943132605460154	-0.6271527550365805	0.29307845559627055	0.8325815193740125	1.2003350765706997	-1.7483936030963407	-0.2610468508249549	-0.5876206420012491	0.81887149474634	0.41194330404224605	0.6300258499516942	-0.5506072489353601	-1.0954242760210535	-0.9235988910765152	1.5259874521959063	0.02546424607369097	0.05932877531043293	-0.6523688877763083	-0.20687330588724787	-1.0847935532269486	-0.18018008323220358	0.19579590894221446	0.2631190974936269	-1.7487949490459016	-0.041734223882224114	-0.10162825306654999	-0.007254897717083437	-0.6521752808499675	-1.0017946980778591	-0.2853512698441751	-1.0018518570083503	-0.2575784281034333
DTXSID4021391	-6.942735284230226	6.497496401821369	-7.297507158723302	1.6133834628355193	-4.670408139660319	-3.707095313373091	-2.2558334570240772	4.325019477299407	1.1309008506923255	-1.6866570908778191	-0.2406321337743925	-2.248189180965481	2.5790005706444146	-9.73490147905856	3.1615960348363776	-1.2547884149238868	-3.1666102632717177	-4.560805890152535	-2.5471861426110634	1.3790451067123555	4.464228847147315	2.5331129138235466	1.7878901389982518	-1.0487391521284706	-4.118529534081265	0.11655172762372147	1.27897057426148	-0.6421092418723892	-1.3189426411031975	-1.9462145648232945	-1.2691713493847683	3.2408871648495143	4.015699343518415	0.18993543028157125	-0.19513110170386241	-1.38100634315728	0.2740739696093852	2.6022118898603868	-3.3954271668270626	-1.8719608755012829	-1.1645029020957995	0.6915435180022119	0.25254295653691944	0.9531512160477916	-2.3176745570928574	2.503067544693752	2.481866071396501	-2.7774892090648233	-0.23904951342883407	-0.8756806498809484	0.26827065136861966	-0.4261612437059992	-0.4312363375356386	-0.1448436342622907	-1.8403497238605153	-0.7286297163770957	-0.08469464369165847	1.2862532688400488	1.0147420088943784	-3.0325914682056987	-0.3596087671581974	-0.40239915741551396	-0.08137418428120036	2.190333472318952	-1.1524847036043355	0.33044944416850247	-0.7221615869215421	0.4513363336358225	-0.5022654816975964	-0.46103988192698303	-0.568591024224131	-0.7409195148181029	0.23059705428527558	-1.2268198913875523	-0.6367166731024939	-0.05000299062692605	-0.01991518965051191	-0.2060956138295578	-0.11140296660911048	-1.188554221967847	0.1715354764921245	0.39566618784778695	1.3083820821388366	-1.1548936642086056	1.49742137522655	-0.13409134275369866	-1.1828353725474055	-1.525290648610929	1.990771516863094	0.7444808187995854	-1.5948885445622856	-0.5783229834258861	0.08541298373210096	0.374786660009632	0.3844277864309683	0.29489148888974775	0.34869615773290713	1.1214048907043486	0.05638768203804875	0.447883033487412
DTXSID4021478	-13.272819945227976	-27.91567392088389	-0.829415708993343	-6.296645471090753	-7.462637275872815	1.4081176945668827	-2.4620080129936808	-3.014470465511341	-1.0253364820053208	-3.892921563723638	-2.373000866188185	3.8722024581366963	-2.1262690366377046	-0.9089192507382444	0.042702740931405386	-1.6714448597623675	0.5776797671202967	-0.7805771678127609	-0.8805809565892491	-0.13955745458120478	0.031816017826863566	-0.07080290344748928	-0.1630070313886526	-0.7247305192053058	0.6185837489969347	-0.15974455954577535	-0.3143466071109293	-1.6180909190896102	-0.6836897516295407	-2.0929824782058866	1.0386344201978484	0.26974071281254264	-0.8102198568784468	-0.0289919062211925	1.3301618865845417	-0.21219816673472094	0.5057230837485597	0.7553153669508433	0.43452940397265827	-1.3938004276217755	0.24592128096315344	0.7907994193999422	0.14957809104577702	0.5238582168049194	0.011659395965716168	-1.50027385275945	-0.5827185420661108	0.6520238760429883	1.093745406551419	-0.9339660827507416	-0.4571246708170455	-0.09667392021466308	-0.36616434947451254	-0.5402752522870318	-1.165687475893595	-1.582379195050575	1.0728740674188517	0.26517142697323565	1.7003505654942104	-0.9328590259861427	-0.2226378489017592	0.04466201642359588	0.09329143697940723	0.887045398329649	0.04850396110545452	-0.14574480391792544	-0.22831266019367505	1.1538879760032594	-0.4225203799273438	-0.8093175215184303	0.5678933715734801	-0.44325149193226265	0.6896848980800084	-1.0223474063769546	-0.5676044558745205	0.6661524482062172	-0.06348237647112169	0.23515604185665487	-0.0661873617848554	-0.0950187887745808	0.1511540265842036	0.3125600548041968	0.1823621878685669	0.6293058358471704	-0.8292444817338162	-0.20971407573440884	-0.5253406598796627	0.5042724653290473	-0.5268101837514144	0.02352922387270003	0.9002908214100257	0.8475755074898764	-0.8784466333409673	0.13851587381620306	-0.4870025153008259	-0.9203347635517466	0.6760439178103086	-0.3200396161166281	0.07119112485279308	-0.7812116733143681
DTXSID4021559	9.386459340238279	6.565451713249436	9.676612897485036	-7.057955918495601	-6.010239031993332	4.591639320416755	6.981908576603191	3.9846118161997177	-6.341206035278139	0.8111853434706596	-0.0063382169471460584	-4.0532928327417395	2.7075680300226663	-0.9487857570746586	-0.524245634352745	1.2474589011753516	2.236920575694413	1.956431530244841	-0.7870203541088647	-0.8691522389449532	0.19775179470746593	0.40679812526515474	-0.24005392217602076	1.312980355594327	-0.7456088240112654	0.4043088181532395	-3.4349506837490096	1.450206817750214	-0.5460344475563337	1.7696566872734127	0.13267298688688708	0.19387298546830686	-1.1074458189924667	-1.567666348628431	-1.4437779421747075	-0.12350298111985165	-0.42552897035883924	1.86962026013429	-0.7017379560787148	-0.15841158155509055	1.755737566387009	0.8476518528149072	0.6495333242126243	-0.18303312043200054	1.2894475025913295	0.41220032301010456	-1.2555437253809343	0.40983096095162386	1.8451640387776886	0.5887032800862859	0.9439184236805549	-3.1149283075495076	-0.48628947758587043	-1.7088072961459264	0.12968510613539017	-0.33244784879267647	0.7209691590697618	0.2575925234515236	-0.5675213909987539	0.905464591874245	-1.0201726578060781	0.7847011026175313	0.051804199038085724	1.8537401293367215	1.231374205974653	-2.577907702942591	0.3805399389661185	-0.7127867922839665	-0.13298916490430257	-0.9113847323503909	-0.1889512342950182	-0.18529611215994196	-0.4169120599712321	-1.294672609552837	-0.04144018875313447	1.1752147924924845	0.4580551118406751	-0.12757887239848012	-0.9134480609559072	2.0147768656504383	1.94432105735338	-0.01621266531637428	-0.1752288664507582	1.1923207967262548	-0.19882777074875993	0.42014431291790005	0.12007390119063371	0.08913187822459374	-0.06544829887460812	-0.4272447990277174	-0.5436669249836914	-1.0098377027130383	-0.13817245407479403	0.6367909408886817	0.47109263613868824	0.6022068025595273	-0.7338328623912105	0.47672408532512733	0.6268974043120809	-2.034953033883142
DTXSID4021717	22.397542226724976	-6.6401951235882635	-6.1717942476603405	-3.3876560001549976	2.0659976760176235	-0.6878373487387482	0.4356357513833379	-1.8564232262755909	1.9380393899947215	3.614835349147512	-2.667817415677474	0.05192782439578069	2.46408159817498	-0.059837934258446156	1.0310370619353584	-0.07837499432774485	-2.456357924976757	1.8473148941315891	0.2864880386690475	0.05650200589361703	0.8060440399168067	0.11806874230108245	0.02647829031422242	-0.6613153682196503	-1.286223465425094	2.7156078498026774	-0.9442197542611568	-0.4246108708079685	0.7858610125773592	-0.4376135591009852	1.6666185524940833	0.3032576840764045	1.005857108757853	0.9069957144445906	0.10661622242129686	0.5333198341196981	-0.9385977450007187	0.425670374488276	-0.587114424825036	-1.1696032581032796	-0.7026382201441954	1.6566452028444778	0.5904284952717247	-1.1590186089046939	0.5182841106758153	0.3532311141696719	0.30565416988833305	-0.31819264073112313	0.4361345747695966	-0.21848404704969554	-1.095006780987492	1.2162553955398367	-0.8719666133294348	0.06686139467376855	0.2712064872157958	0.7327017012788838	-0.2741907205454142	0.13980459844371376	-0.5499739901707188	-1.0934245971747831	-0.6711878583093734	0.5640019909133163	1.1195130415672714	1.1538616261587453	-0.8333290682704114	-0.47251002289663124	0.8863885099265628	1.1191503277920691	-0.00883601422480632	0.40134867906862176	0.07225661810124802	-0.3775104352878672	-1.2727226816076895	-0.7352725826151292	0.8765178394382447	0.5438464577414601	-0.7925058189608932	-0.4469219641827473	0.0065512984606636085	-0.07634934028564859	-0.37661665746288825	-0.11000597322048078	0.08357306350066801	0.7424445010135988	0.8386946447484654	1.023286800127574	-0.6145822491386378	0.44430129763292514	0.42631014705569875	0.21868667415178947	0.39200943801558097	2.731440899321793	-0.5253022526858261	0.6601735140389402	0.7593878377260086	0.1028715950996682	-0.5165434387055795	0.9615798338128175	0.33941911403448327	0.1016626431813278
DTXSID4021975	19.01838126009406	-4.28909767967868	-13.025298874275396	-2.995435899449395	3.48877450807672	-3.841107431192409	0.56588692678249	3.133780364362053	0.31087571745573783	-3.081561459001904	-0.7310763506920825	2.892544284192478	3.4963080162426667	0.9492542845612495	-1.4980991081462653	3.7445158361963085	1.7590667179242718	-0.8747748824851239	-0.9225439179701163	-0.2970915665056575	-1.5803960935391	1.9490466081941529	0.7933764569274684	0.3558777451083184	1.3969386085994284	-1.0587990168131713	0.3366496525139382	-0.5155125625602025	0.3342548443215554	0.5436482956769483	-0.9754306947663068	1.7948106505756103	0.36258110150191386	1.3349415322226261	0.4721399467467732	0.12510002740446863	-0.1588119965030392	-0.5002748886867178	1.0436855916037102	2.1839748095998512	-0.0920419777424647	-0.6479511010596998	1.2430812629721375	0.27423584432528453	-1.4407394140234644	0.29127560348960574	-0.28089053869772695	0.15216255869074818	-0.28724514715778693	0.7466003432837619	0.9178264785953623	0.7176289967396003	0.1507185801815428	-0.8411964321925715	0.4488601941478816	-0.2350155648138273	-0.9557682643270393	-0.033151921020459135	-1.1741556172038712	0.26255458052417463	0.19335356324462158	-1.7244470629795265	-1.1126430523565463	0.3944918172904174	0.20969672300711595	0.6661998409274497	-1.789254703641739	0.07919959487755775	-0.0015086148690066682	1.130366474399418	1.549642890057431	-0.1657014940961412	0.926140765175739	-0.20296749105235232	0.11317165382943123	-0.11477448722010819	-0.5908564663601285	-1.1879672626238518	-0.035811718781767025	-0.9231696006239283	0.90469580955226	-0.7065357919990299	-0.06779635707115365	-0.33876482998011637	0.8103860110486277	1.0020440220485192	-0.15637685517065583	-0.7667864756991221	0.8833239976725361	-0.9758127582362194	-0.015965203539102923	-0.641638858367219	-0.32413649993422095	-1.5562969887629532	0.587151325525972	-0.6306232836645779	0.897800977375127	-0.06895197691270875	1.1018950040695084	0.18324661220671637
DTXSID4021973	18.119757249763406	6.110490723400105	8.19491659621012	-14.31543076349202	1.5326563551458041	0.6546623785292508	3.4391968221394325	-0.5098900108804854	-0.1538424916601788	-3.8644723775779273	0.1567968682693173	-2.5508998187713443	1.7901074034805076	0.7616564710789393	-0.3265632264982234	-0.4232315201933501	1.202044254756391	0.6452861460057272	2.836341477715628	-1.163281623235214	0.3451025938940789	0.3940391876562447	-0.39876795478010296	-1.5555638792530178	0.15997341292735448	0.2418941436734938	0.05913600034103773	0.6237156013065095	-0.25130994022983544	1.223012666317854	-0.006991354670859873	0.5516483067511192	0.5789723235824663	1.3340342534906913	-1.0146303651181574	0.03191668958077387	-0.6962508102861528	1.6984604558250984	-0.14030092665697602	1.0102372440513094	0.6042389937103865	1.5967302920975073	-0.5040833095591485	0.4329342993473148	-1.206764424972611	-1.5753850567385945	-0.8793492441924974	-0.26261990975632254	-0.42238400567948836	0.7490574915416114	-0.3082600580018495	-0.628985199071919	-0.8136903934225697	-0.4172846138121051	-0.4939813774471005	0.21137148134703482	0.09397446871301623	-0.06833759529250286	-0.22891216159103955	-0.6118378622839648	0.3742260644920766	-0.46042340117373426	0.23131534928460204	1.7054342079926526	-0.5216288676481989	-1.0654147653165398	0.29963500653842723	1.5406304291140045	0.38154421839779634	0.08706181708642008	-0.12509052611471766	-0.681281648751044	-1.1075143650596957	-0.030454288654818747	0.9234115064967457	-0.27355178573869454	-0.5213291999913964	0.3091454823116056	0.05216494665835137	0.5055966632327441	0.13326173694983515	-0.40535358477353634	1.0016009333841858	-0.003372088477157028	-0.18204013685230622	-0.3729779070859861	0.6925320963631173	-0.16076855383045802	-0.8258301875838155	0.613824119811331	0.017884650927962726	-0.04973866655310186	-1.4975142409337987	0.09145483612574928	0.3018227249402757	0.6980868420131826	0.23587801279710402	-0.7067542810927354	-0.04294251854221212	0.4328957455230311
DTXSID4022361	-2.1038338183069376	8.418054711496637	1.614173842707988	8.924690436419365	-8.063419667358461	-0.5462983375659312	-0.20349775249421523	-4.555544969623268	1.6304432801606432	1.975167812562846	0.054137159729694	-1.3118108147327245	2.086370740935264	3.377045404694706	3.5373062417053456	0.6773656870430477	-1.5921335934447747	0.2590881821970502	-0.6425997602948965	0.1771196778116972	1.8791596990904536	-2.8349408936314244	-0.997006674329159	1.2475019639942273	-2.2010875349799455	-1.9295611247780533	2.518471314733593	4.340733046475251	1.4743164303916747	-1.9208694694715494	-0.2953029657141518	1.067172661137778	-0.15655746694866035	1.5484138173332167	-0.983765940399688	-0.11297516413719742	-0.37175072628129396	1.7539137689585815	1.7429805509458798	-1.2294637626062073	0.9344085431284253	0.9239024132584785	1.4153824970382123	-0.39557460081421514	2.2658888936964714	-1.303283429623022	0.5226406558579966	-1.6507128958003596	0.017070430044088807	0.5661694380697425	3.539361680169678	0.22805188946135474	1.9021587960461452	0.9185807539734119	0.9654456917566838	-0.7826448976203706	-0.48277751847009737	-0.24104156911885447	-0.6459712997662115	0.6586817989708196	-1.3110896278359498	-0.17962465329126232	0.3953217668570675	0.8439172796560741	-0.501143320462946	-1.5368373479723934	0.04673029153715964	-0.26212461917063706	0.17770090621622558	-0.46063685523659753	0.07197809455950728	0.6161199290790973	0.07243870325834131	0.48580114962668075	2.409829308416226	0.34099801525904433	-0.9634174189475119	-0.6947816693897959	-1.247897246475476	1.7133225004028019	0.31354780359748674	-0.5996053595976265	0.8087393296262879	-1.8652315755841815	1.1843598149724557	-0.26420517619855216	-1.1858869106402805	-0.1848699290932017	0.08572200257086166	-1.2758476215993089	1.947180869782158	-0.49279375693357114	-0.0367572366235607	1.4706813921281272	0.0031897170161300716	-1.1529661144680998	0.591225672823415	0.1440037482901066	0.1385459638317784	-0.12183900316904976
DTXSID4022313	7.693903634844655	12.56479059809746	-9.26302511230377	-6.167425939841539	-4.351317627402637	6.829762893221291	-9.087797809084687	-6.777431956437969	3.7013078030314963	-3.4728036476531514	1.761379731795321	-3.430796653141348	2.3355801632350888	-1.088004444729537	-1.7368035897022285	0.8069789690651591	-2.0326423308326778	0.04570124799160698	2.810134748165182	-0.4893141366720885	0.43143869399785056	0.6400241305073873	2.0137472392353493	0.6822919346543435	1.777876627024683	2.3231293573970397	1.8750719800971591	-0.9024478125523773	-0.8353189152908083	-0.4136669630370772	0.9216370852362274	0.7391079657371831	-2.045216617989322	-1.0701503762266895	-1.6350351766330695	0.29887137669777714	-1.7219146807318912	-0.36764914243773983	-1.63797405133587	-0.05037126565204348	1.1364789984649122	0.6943201484038884	0.05863554418910537	1.5554539349058376	1.7377892492826155	0.3772082396352703	1.3190627803448178	0.4330707195393016	-0.0066603384269075605	-1.5613296130297922	1.4370792453340295	0.29816597040711995	-0.3521117059843362	0.5642032776642165	-0.4400071401560153	-0.07676272921894327	-1.365517381204703	0.2432149435376573	0.19646845361697135	-1.470647433073907	-0.2960335073806172	0.8597701721347925	1.1882638889144492	0.16131622611162702	-1.2539833173862363	0.24399919666606046	-0.029946648484399412	0.6400458530019677	-0.6499201214336058	0.6676428692119635	-1.2975904696586207	1.1001343717305583	1.2316195409672197	0.47301299981148304	0.02622285476441904	-0.21600800888258442	0.38604759094982294	0.1769172659418389	0.03860452196812376	-1.1196894199234062	0.9459246766580158	1.3807977449030626	-1.2556324968806014	-0.9049032472950735	0.3874273852054599	0.7868011207190749	-0.506176808898879	-0.09933840959156963	-0.10041893762391713	-0.8832742250105002	-0.4335309154992937	1.4947584519349686	-0.13345298825164068	-1.0429410902447478	1.216856592081752	0.44696074641087413	-0.41574283584542315	0.7146031475780696	0.20984538985598605	-0.38648510865737384
DTXSID4022448	-2.2952823118966665	6.613358518867578	7.251863561520548	11.755885258010188	-2.8000366467497555	3.597435601652748	-4.111408393484174	-1.0317575648321047	-1.4804010128672562	-1.9516130566559418	0.30885480336072724	0.6696337061017713	3.809815566530531	0.18337799520791012	1.3704558602472021	1.3959087279682152	-1.4354192864116961	4.190515030127402	-1.5531655846292367	1.1767299596597143	1.5781626437465812	3.4734994488131994	2.1858210068258597	-2.2882726390504384	0.1870763936775198	-0.0484906419482513	-0.5705923633236238	-1.2687380954211374	2.797012361442274	-0.19127907428572663	-2.0362171016863475	0.4258131629987474	1.6867636035861404	0.86661155660765	0.49026169958729193	-0.6999630638767629	1.338824991756603	-2.10515989152676	0.9887043298595465	0.07559191972251497	-0.6667991937476254	-0.2284831526265928	0.46206044282979736	-1.527712971550537	1.0156712260008507	-0.06079788282040983	-2.1493244263253763	1.8199532882203897	1.6805064859749521	-0.4751645199812136	1.3226913418076558	-3.58704646729955	0.6332621765657849	-0.48439510926728735	0.7573636722620662	-3.4511064489148744	-1.568636214763875	-1.705605637611082	1.2920411566159478	0.5302448079476839	0.6772470035800562	-0.22988137533508818	1.4008045307222476	-1.7299793523420077	-0.1555587249376284	0.33030625433378674	0.15478393233195506	0.7289986110410555	0.8477906494900679	0.013556045401488782	2.378420144640709	-1.2214066784650077	-2.5185046979217907	-0.24588643362730592	0.7889289984387297	-0.16079476765311007	-1.5930099333771595	-0.8245240210377067	0.00843283902254744	2.5086222087602854	-0.759893808592846	-0.7924986531186705	1.1772421409295188	2.345503489672616	0.6610170241563447	-1.6290831821321885	0.4210870775186693	1.606713560818928	0.7085650901052205	0.09295751253113073	0.3616123807165346	-0.9214817212593267	0.5085681834889707	1.1599314444653364	-0.5366007915143193	-1.0388690392952427	0.5134023708450083	-0.3152070727527064	0.1107384652683315	0.5614707697151295
DTXSID4022529	20.599965490716876	-7.750571661179697	1.9995321085400315	1.7743043546567585	2.7642690298292556	-3.080938562767754	2.73020149075756	-3.8292392457115483	-0.20058869991791728	2.6758886950132608	-1.6334232834742743	-2.213288415840065	-1.8164254052752182	-1.5405287188451087	1.9682264409214565	-0.4101301330276666	-1.4384856515706037	-0.36809321787088634	0.9817686819220736	0.47050763472100077	1.6987111683093192	1.376721321997719	1.2107741498447548	0.8858430776275433	-0.10991087503480304	-0.14315641187385383	0.07697907725633862	0.2895942563232526	0.36164695952776754	1.285630543535204	0.5345350848316811	-0.3374996783714336	0.08275158760474648	0.8844026418662655	-0.6778033183532934	-1.635851926334037	-0.11179997019739028	-0.728191165581389	0.6252591432650483	-0.718450754732809	0.8151595112526053	-1.0241427325761512	-0.22991402478314224	-1.0759293330036706	-1.2808390057266286	0.3872583315979511	-0.2540985806869698	0.5056394618548797	-0.8372086362413638	0.10820014672582494	-1.8536956265893902	-0.26216925789728196	1.290020829701494	-0.07932599176513223	-1.604455281822498	1.2637421999646914	0.7735533981720989	1.4723800111270533	-0.004129740348107135	1.1334800427116027	-0.2822975376966291	-1.038025729210529	-1.551809527135627	-0.026724438786623866	1.3477865044484587	-1.4643065105749096	0.07923115103966645	-0.27742495863303823	1.7889068505379293	0.2630632809014956	-0.301005098935732	0.4509561693667316	2.76869664139907	-0.5834295045007514	-1.1530155049178392	-0.6984707415662335	-1.3348601168232133	0.2036401416730562	0.7581887845710028	1.3213081026811826	0.4108710587616386	0.03981014639065705	-0.32195403619642865	1.3785618476932116	-0.4254454934783381	0.16565352488729315	-1.3223832074774413	-0.33167562160674646	0.1749926606718446	0.08590078643062565	0.6600640008093799	-1.4561370588565588	-0.6212875899629583	0.23078412983298194	0.0264467989462197	0.17350164861554102	0.28580543979395084	-0.25752706999615044	0.4587755868078513	0.11351704507933282
DTXSID4022527	18.015232317762425	-8.051949859507294	2.936456136975057	4.5549628064401695	3.072331629084558	-0.3557372371009817	5.883898051368597	-5.208383268849359	4.89062443848654	3.3236242171282555	-2.3812224085537244	-2.575512956489578	-3.221567824111255	-1.1465803727974142	0.992979917367145	-0.6141674282540476	-1.2777444189996996	1.8258145966684423	0.1365337943711628	-0.5147569717397211	1.9348470424555666	1.8720547626064232	-0.6515899245598981	-2.226598745228414	0.9505712966031662	1.1994110093309343	0.7100018411468474	-0.8864361242406603	0.4221170034480387	0.5198046511104593	-3.0622540967505065	-0.39107955655666277	-0.6302509035721076	0.20418669968478362	-0.1812468945418828	-1.774285022690933	0.25994000324887073	-0.2312823820804863	-0.7282277303329975	0.09654265971009884	1.338258048496304	0.008477170475565583	-0.938658898333369	1.7053631859651288	0.4300758045583213	1.7466991003186507	0.573025769420898	0.21908642473342463	-0.39965231991140593	0.11451421334773136	-1.177586177469897	-0.3600853572028124	0.09588898361918538	1.1746595477786992	-0.6552428222361558	-0.627122510813267	1.4069460156792382	2.1163050133743573	0.2459448037334997	0.05398907290725132	1.0083048126262761	0.4413789700710597	0.2405781693050427	-1.3039954020776652	1.170610083243732	1.1163215411581544	2.1499795767946743	-0.024972396988162383	-1.3705911582417485	-0.4335188721618704	-0.21169157366525598	0.7992287036003336	0.7764826765257649	-1.4462193602258915	-0.7316368317345612	-0.7605743844455595	0.2025582540746238	-1.16984277416698	1.025867042022806	0.9838294748266372	1.188691243040731	1.2465473610700049	-0.14383896781671413	-0.29446073997077044	-0.7569111960223389	-0.24179686587112573	0.16667131029236368	0.16153872106422645	-0.4084494836100922	-1.1712108816537086	-0.5167036887091803	-0.01235235152843718	-0.6912230039816305	0.649380291284714	-1.3023895448109908	-0.297188574973336	-0.6200509400387575	-0.5450604995461743	0.41627681400722627	-0.5978371801704598
DTXSID4024062	22.13517879606959	-11.929452404590556	-5.9215450108445165	-2.8852808738183136	6.963096206291497	0.9616166641441604	2.9305329584371664	-0.4694472538016045	0.19029814326720693	5.074400750237226	-1.1885700010591218	3.6483995479341194	-0.19167978840532313	0.6075682677050263	0.42571983951819564	0.5527914769448767	-0.8896468485191213	1.56117210865511	-0.8455691581687184	0.8863231283465276	1.2838103241495	-0.3252422477738068	1.3328192137317918	0.13653959654511316	-0.9198477475969774	0.9632349146369232	-0.46506011031294203	0.011343972570358976	-2.5788328173135753	1.0920951247865938	1.4707619205176246	-0.2763545241385026	0.4664326368263473	-0.5441961377527895	0.8478682363588215	-0.017724164712743334	-0.9649608246470064	1.986280908786852	1.328533402079802	-1.6264562772339	0.43025829863835857	0.31708009712890733	-0.22936102125788876	-0.6095015052889099	-1.0390323928673078	0.8684109435950887	-0.7397412679759025	0.4329509659222955	-0.8720431729233556	-0.0555108155485567	0.8167228313188661	0.3461675533338698	-0.13032922050240384	-0.6663337739308345	0.8085030508862054	-1.22383925853598	-0.785273278253224	0.45329001711640765	0.23593992134679098	-0.16253455122437174	-0.9015850255189841	-0.6287757685676263	0.7588683993978282	0.3061296081584589	-1.2432857985967378	-0.1704155752169914	1.524530499911637	1.4352926521570406	-0.4168977461274891	1.1287211995291564	-0.7774027153708836	-0.5317727933291299	-1.542315770123523	-0.9476465166155759	0.17978718157360724	0.4671973710428144	0.46742138048737353	0.49191285379087135	0.018776358763232033	-0.5312707486358381	-0.7201638051705692	-0.26835609852902353	0.24114717872410607	0.7065690115483242	0.535982993167439	-0.006572251823637004	0.6642168611803239	-0.5716939104291385	-0.5158615316573493	0.3655671455374577	-0.015242910998208004	0.7439786412303212	-1.3659648658065424	-0.70790347780311	0.8593475438972699	0.10795868254913595	-0.18202781658105766	-0.3666299644246857	-1.2607736906036955	-0.5052563853907561
DTXSID4024270	-9.370961687308473	15.954389945169087	-0.5663694214694948	1.7653505125038913	-0.08823774728374736	5.589143199550712	-2.997900992445701	-5.844140157209916	2.505706399450597	-1.1666062267285235	-1.4388000445283289	2.4297355208261444	-0.6167224328396088	2.250712273940258	2.7507062058530276	-1.000225243206771	-0.6728197414610716	-0.8155028324345168	-0.6467077202909925	-1.2401358600698318	-0.46464925424691494	0.2784631047806127	2.6553906278381887	0.029810516507668704	-1.4347932598403046	0.9492268935611915	0.17879728033301323	0.90426124570167	-3.6217785998905123	0.7871951771710156	0.023163593217250103	0.22919134179191766	-1.1551542012882214	2.8839035973469906	-0.09533753017668488	0.8360527909653629	0.48309794047931365	0.5810650337376712	-1.7129475064643576	-0.25038980478821965	3.2433529785288435	-1.8181399978838984	-0.39512751819478664	0.09165431815177316	-1.8317248572412186	-0.3527018487211866	-0.9933074997057793	-1.2128432052632188	-0.7995809095907788	-0.08723312407992946	0.34455003236711296	-0.06888766917845501	-1.4856971665800727	-0.8118792237032849	1.5430709097888353	-1.584068229720205	-1.015024110332498	0.6576210094385913	-0.6405951209489142	0.23049820863771744	-1.5848770425687229	0.6461979228512577	0.3227106046732057	0.02882772251282882	0.06768186802813903	0.36956608397643936	0.37772750637906033	-1.7811334050557184	1.2336983363204233	-0.3899081639288155	-0.5567200010399015	-1.0102246531542378	-0.947324838645345	0.5379323738533661	0.7626301069158462	0.8948748041574236	-0.9896880485585888	-1.8458035152255068	0.14630080441164553	0.32928408949573706	-0.9603742731989638	-0.8397926164763098	1.485219240956373	-1.0928990096305842	-0.41335820147870717	-0.2827648759798946	-0.252559491379688	-0.13642766010279922	-0.5437104884412255	-0.16532756870268223	-1.4037717328851285	0.3443654910175091	0.5234389578751334	-0.34598817953529815	-0.586973403885312	0.5561848408588529	0.3534222952607465	-0.514606386892112	0.8735152813297024	-0.30818681890527067
DTXSID4026214	3.6304979074016526	16.80061994254182	-6.5538512852727075	-2.1212779181177415	-3.0715018809787136	-0.008144361550991417	-2.518714821733715	-5.2590652065334	0.389737299085931	-4.846324060445035	-0.5019778604872552	1.6325089803953416	0.6005923952144272	1.1942316173232412	-2.8650251551258608	0.19641378698480602	-0.711276860679786	0.26942712268977553	0.8450919567329978	2.1620301686329517	1.001628905460767	-3.951654355855729	1.4727844040645628	0.0727674472856006	-2.019749490442085	-1.486391439276762	0.7276822860636725	-1.3135381062352218	-1.4536728577566476	1.0865416009599524	0.31626068054579926	-1.5287072391294916	-0.08884277952545151	-0.8829363566228836	0.0011619968886164697	-0.1886450554112573	0.6794081180783811	0.8047614369920644	-0.4443711419784945	-0.946709799232634	0.5317657520888169	1.01232557924286	-1.1395445799751218	-1.128710154367766	-0.7812388231781658	0.6840550567203706	1.2102561705633805	1.646856673315261	-0.47312183484342396	-0.5693336399090257	-1.2664308902458088	-0.328203465684167	-0.8282252631700746	-0.16120037163016648	1.1127118850476507	-0.07361135321730376	-0.13647540719428083	0.062116271520029964	0.5584237711964442	0.38764914258604327	0.46502863797823485	0.46286014779563145	0.4409115185333446	-1.156322678783677	-1.5508811907379096	2.4085795008815043	0.419582288854825	1.2079930708275246	-0.4757399418929	0.6376209723542396	0.49822038647813455	-0.004103294373521013	-1.1684591515524092	-0.5744417133340719	0.5983071347870373	1.4811866946227714	-0.5157146443796452	0.8518513366342089	0.12968815889124052	-0.04103177090797997	-1.989008421900665	-0.890949403971863	1.4649186842069002	-0.5369375489330704	0.7850664938386435	0.8848712648348991	-1.2183555119825953	-0.23792091072034016	-0.17459775260939647	0.2749516839491004	-0.6059019758794735	-1.0404400224308221	-1.887325695088621	0.3016475854321204	-0.4535681363862507	0.16634574554644632	0.09015950762193688	-1.2607486775478813	-0.0655311539038346	-1.2953628718210868
DTXSID4027236	13.324928323737808	8.259211041138817	12.159407493344027	-16.83562852983281	-0.12043561444535059	1.40130564319678	9.143024668170224	-0.872102729426862	-2.5411665137149497	-4.294373515205384	0.7282341671992479	-0.47375358959477437	1.2931205151990919	0.8518877612438754	0.8025922104677206	-0.22307753963218604	2.6857282774408455	1.3774936228197285	1.9067351194575881	0.18507028181987853	-0.41078682740778755	-0.11851899957176114	-1.6709488551328775	-1.710328977071882	0.37689643839036574	-0.7907264237742021	0.27085267208701114	1.6201381505584322	0.030269487047198427	-1.4976217595932555	0.3132325464079811	1.3677641574497126	0.8655408565260535	0.8091899405001373	0.6000336213040889	0.3885248037770614	-1.2053977983138566	-0.9328787381743809	0.45881966629122956	1.4912166983719914	-0.8217194736088171	0.44875790146773115	-1.593919018563458	0.4285371500826867	-0.8059657275127678	-0.6732931969575527	-0.7494119263084525	-0.7264043955773911	0.11909585157607343	-1.698971420336809	-1.5637247205089055	0.9504069529149213	0.2874530152272776	0.32280351769617344	-0.2843772306966779	-0.466565701549212	1.467178372275392	-0.43047346872745357	-0.3766364179102501	0.9244782233511636	0.4987255103997148	0.29453333424476896	1.0695485328815184	0.2384475309794067	0.06674513224565437	1.1772539196915108	0.9926119097195824	0.17356569223462898	0.9825559876283945	0.27788337306479594	1.1834338185155204	0.4420516542802303	-0.2843850062573387	0.08213925120507898	0.194023385601924	-0.9453665243520554	-0.7861588926710118	-0.993134064449757	-0.7697810771189759	0.3302078849659858	-0.08433630618920071	0.3370254889265122	0.24204787774047332	-0.38904850536356206	-1.5402874967348155	0.17131521251867396	-0.3913157853281348	0.39358329498741973	0.00690343832196705	-0.4998004763892363	-0.013177057833932259	-0.8822022534397902	1.3144820980014251	-1.2281714992597899	-0.3913339114304183	-0.44523435356688895	0.05035421792651213	-0.20506663123018679	-0.07310140791407901	-0.3378733679817373
DTXSID4027608	10.98106155027356	9.024146912304408	1.1739592041214322	2.801393711128643	-0.86600355613845	1.0096636832485242	-8.329876974358816	5.3431969953537575	-6.350780089375556	-1.6575674517151833	-3.3854150663337528	-0.2848526074025932	-1.4901342566551177	5.146572038590596	-3.5435605500269842	-0.4894579591709396	-1.237392060305446	-0.28132454224880066	0.850006848390966	-1.2784214915792256	0.36854781968121025	1.0360659842205293	-1.9616760354899172	-2.710260526882217	-0.7324441262541983	-0.33650339555112435	-3.009866585712881	0.8070260329969541	-1.3582155941772787	-1.629819972151612	-1.8843373633094445	-1.7412903299610762	0.913990890973796	0.8238766454982608	-0.18925770982478077	1.0683115707615922	1.74438965220392	-0.6739174297854984	2.0017365905128424	1.352946247423097	-0.804557214372337	-1.1337839579502569	1.2656889083735021	-1.0075208458435712	2.74621166927049	0.08134868941854823	-0.6863712116044122	1.2580074513050015	0.7143330248795366	1.1007139369926247	-0.13528809927339347	-0.41392209388891427	-0.06804421125462329	-0.078024892370487	-0.3635367794558436	2.2629127489444136	1.9008720430944603	-0.4448004819865548	0.23723167763188904	0.5872882784224077	-0.8272713782933745	-0.6085975063432595	0.6249810682387082	0.26551111079285294	0.35309910793455596	-1.0291901662917484	0.1363320986011944	0.3033388034401948	0.17499800733174214	0.6838787669372494	2.276600242047654	-1.430227174081238	0.7405702211634978	-0.5401593933628489	1.2515731179465106	0.2243752812028005	0.7995224136178084	1.2126255450217578	-0.02074794916965244	-1.6620345092974795	-0.45938641815441883	1.6637650507889676	0.1762104571595031	-0.7412077732680797	-0.7731871808251111	0.25081270995095684	0.34275525197980916	0.8544362604851697	-1.1952614805960557	0.149078542000632	0.3895564695062793	0.8858185375130107	1.6166392602037378	-0.5005447918428524	-0.3298325607390348	-0.14479999553425932	-0.6001383479869491	-0.3448290201242083	0.6390305762803159	-0.7788577102281926
DTXSID4029353	-6.518803914420485	-24.822068310127214	-1.0319971416726395	-2.4756691474072676	-12.554188686518184	1.0643120835560496	0.6080593171911297	-1.266221858128126	-2.8354609502138013	1.745594281280224	-0.4499767893663176	5.130304858506143	-0.33857869488663156	-0.6137248203209528	0.962652513330221	-1.8095405597093315	0.12081229139093773	0.6790214511353938	2.7704509555717873	-2.479219279989783	0.5175667063038576	-3.3800732086503746	0.23193660010483877	1.6390295922373894	-0.24795453748777616	1.173289364771534	0.8913486443471225	0.2001107877209506	-0.32736832754775586	-0.5168464848440878	-1.485032740810176	0.14948718830668103	0.044254269609401646	0.20500439110876537	1.873168302727835	0.5940706715182119	1.607457819870444	-0.3844169766712707	1.154732631841714	1.1729927095546313	1.3403315111165595	-0.4008358540879068	-0.19062573917242676	0.2224389310177383	-0.25235651617421107	0.15990241473342082	-0.26830242948167066	0.5375768126345017	0.9140896334372259	0.9103620552862047	0.5850924591220359	-0.29723504899214076	-0.9497135546860757	0.521315318146156	0.44734684443287165	-1.043806506184121	2.1924870263801517	1.136299437767253	0.307375172418741	0.43203261563147966	0.263217973684727	-0.7745717939541745	0.08920853953706023	-0.5703177395214076	-1.3803114196122155	2.123735440010305	0.025615656202359022	-1.6026166509203017	1.198718162420092	1.3194975228180277	0.6274111886895617	0.9449387213351987	-0.6245004503264941	-1.6172418259217396	0.8546243762574385	-0.16759702172503216	-1.5676720931478056	-1.2021405225091646	-0.42435346062924145	-1.302877249228124	-0.7450597692513918	-0.42201977806418134	1.5408491913635627	-0.8104291179811062	0.07191384713736165	0.5096832540489329	0.2005692733367545	0.3031689576859043	0.6210116178186985	-0.42180279951342503	-0.9015480024444613	-0.24576915157015244	-0.19266400123179642	0.9406896084300408	-0.3794321130820063	-1.3319515833726476	-1.1121919538369895	1.46279906522685	-1.0428475829948691	-0.6515826510643674
DTXSID4032372	-17.7199164231504	10.01110700475169	-8.07520405613339	-2.252042634815764	7.421028098445756	3.6857903909479104	-2.0384482535720534	2.744687697211586	-0.19526224597213657	1.6850729135185818	-0.19030061600945072	1.046666706272555	1.7784702925499167	-1.42115775165686	0.001919379831110319	-2.7394134002223813	1.0456429805831238	-0.2253354987275488	1.9305069355408386	1.2523935909467632	0.792089739413817	-0.889584261159291	-0.3526953275797962	-0.3052131423367992	1.7488730784883424	-0.09278626881748427	0.07718107851392475	-0.05171975196804389	0.8173176180634207	1.3567708287150508	2.2980123379228754	0.3191179584885915	-0.3314505153126199	1.3938638391085238	-0.5224349146649495	-0.4003879810359207	-1.0511505429026362	-2.0030461537059483	1.555818953101179	-1.9650968197421228	-1.784579338410285	-1.528811595208244	-0.6046634729749917	-0.7499252390658917	-2.675792281701558	-2.0905730075911864	-2.0128469195607233	1.6108281423398076	-0.9965178366085186	-0.3125295532328947	0.5879593811268794	0.18321336916901937	0.9452558873647886	-0.48087317050495265	-0.16849611046520865	-0.08133142774355344	2.0813011273007103	1.4729775429604117	0.670258099051112	-1.1802357576383478	-1.2889683912483398	-0.5922529032674305	-0.6046218215753267	-0.8246545664125591	-0.1686463436312134	0.3382733203778999	0.06783175267752091	0.8417727321280847	0.9046688338585885	0.1438113291677647	-0.6319347787291868	-0.8533680648178252	1.1030721463229152	2.194013940197597	-0.9798397912413608	0.8173302047953206	0.012393680043710064	-0.11398918265411492	-1.1978785398700218	0.41305650669351923	1.2217580455256742	2.133890684946555	1.0036973439193833	0.5884773648815631	0.6347455091874411	-1.5443844577485386	-0.27015420610276647	-1.519023777283388	-0.4458560551826254	-0.15665801171475438	1.5785561939104535	-1.381057038124856	-0.06848488264684285	0.7710643241008133	1.7026234155155011	0.2982236855365649	-1.6395169790483222	-0.06825186440564884	-0.2867518699518101	-1.8059772716441327
DTXSID4032405	7.5052247323595305	9.44080415063991	3.6406569197476975	7.0306440105519385	-1.371066980786429	-3.570768846750905	-5.539622655959977	-2.1202131259448844	-6.490962438160537	-1.7756110618536973	-4.593254421053211	-0.479613626110638	0.0742376176743569	-4.44372048189717	-0.8001657123666449	-2.392967804920949	2.358115975542066	3.5133870207470963	-2.0844218280854205	2.6821318015197697	-1.070131704712618	-0.8295092003658333	2.041519110608832	-2.094047143877361	0.5163399842453188	-0.616533323200459	0.31153640762217655	0.19563793238630967	0.4048982929817231	-3.5808547625962186	-1.5606417816396758	0.10896417082288037	1.1212845358808212	-0.8308673753420825	0.6658535755558086	-0.06850766989626704	-1.2378552098528788	-2.255055391381701	1.449650139483062	0.531601392077395	-0.575031812042997	-0.3034368556954484	-3.509263640289496	-1.411306562390224	0.6488166974523585	-1.6586328873805285	1.4802692144372163	0.8958507659574653	-1.1327020628434066	-0.49674141736190025	0.5014235756067739	1.0712147447123181	-0.9658292316900065	-0.1950607361463516	-0.9686943466246963	-0.8050747244552426	2.435471682216655	-2.41161591709114	1.0902829940790497	0.16464331913909666	-0.4721196033741735	0.5758749130836647	-0.3286524650791633	0.7898538810141401	0.8934961530252313	1.2762784864255257	0.3081264082696926	1.707345202289261	-1.0642942022969806	0.719397342182825	1.7278404387236799	2.619473791502059	0.7012685890279248	0.2732599157926453	0.943673788617403	-1.159800779706604	-0.28197858354934696	-2.590917544391278	-0.06651028752967295	-1.341959195919114	-0.803256229514365	-0.7442648676843969	-0.25328197214715426	1.1055222763922465	0.8792813205420884	-0.14597610850539014	-0.5557820186414919	1.8578146090847951	-2.1137523679189423	-0.41325895194654644	0.9350853396954895	-0.6420461262043888	-1.8819337217794234	0.25932932133987885	-0.43676574887891817	-0.7813736926723829	-0.6338768365371215	0.7071151047654871	1.5992028029902166	0.09648756097769902
DTXSID4032532	-17.707071045871444	12.516046008930903	0.8283437470190957	1.7016346333326404	4.115933675507533	3.421833004636002	-0.8077003903052454	-2.630840994187082	-2.5056296027334977	2.1623279211978845	-1.2829329070729578	2.4609190337896925	-0.628682060419141	0.5876567379804658	0.92390896859785	0.04349518914774773	-1.484230360553006	2.2180846687253535	-1.1811689628276172	-2.212911384799155	1.7292275648099318	2.4588699348193286	-0.1280083350946747	-1.2970676173000244	-1.3979719738411618	-0.23303740564671954	-0.017294449553991946	-0.831247631879222	0.4017928234342828	-0.44335977488374717	0.03923956627739955	-0.04654996876527453	-0.8269375940659828	-0.4455328822560159	-1.0411378491498233	2.933867332145214	-0.7107868747565459	0.5765569764154269	-2.006696455378764	-0.8791803069065937	0.06416645243565175	0.8563564385013491	-0.8800510665708748	-0.8455374713728261	0.05513377205603973	-1.0260168758814792	-0.8000214142407871	1.5136248435462294	0.535867209710334	0.35808468535244103	0.8571233328201147	0.35045309299984473	-0.22556831658661283	-0.3292663995487733	-0.556384208154905	-1.768969370999569	0.42416444687864135	0.39291859793747613	1.010738158551002	-0.41659861602590686	0.20593910280887012	-1.0567446585822786	-0.6388400764007409	-0.8809801043418395	-0.5165799680327775	-0.1938154284290285	0.1326275432208447	0.6538332224828317	0.12776951009216098	-0.7124998358479265	-0.5247684439258722	0.7742461804136647	0.7160170597402531	-0.6493046899598074	-0.6041102744881628	1.3040078043481398	-0.08424629168099322	-0.8449885375366797	-1.1424599313454675	0.03894884982877069	0.6027772680062369	-0.053746530599616205	1.1793464093089239	0.7089316779806576	-0.2480457240741906	-0.8513051428007111	0.9565029397994117	0.839287272622105	-1.3521247626785267	1.2155044604688292	0.8481227935733251	-1.8064110081678164	0.15421205280548048	0.6452749700256614	0.04118753913774103	0.670760768276395	0.4055580317211503	0.6569440154319137	0.4186879419228602	-0.0688595137601906
DTXSID4032613	-0.10403508472177597	10.653224603825908	16.90220736943992	-9.02010799061966	-2.9930279051283937	1.2221820811745614	4.67875176277593	3.5354533262026773	0.5724010859038536	1.3688768900265176	2.4783030030385813	3.2840018651452674	2.5066915430633094	-0.3976982448320347	-1.8886487608150258	0.7004208230173817	0.39314368302782937	-2.582396111343897	0.046083625049968914	3.233503631968331	1.7200366497194695	-0.2036092144610704	-0.056187464207132685	2.8738710211170804	2.7722727707720307	-2.5619878213432625	1.6848460068399902	0.9019967224106265	0.653099314822958	-1.9202357385698754	0.9081888686865244	1.0209922578367998	-1.293119236166286	1.9833315647858671	0.4673755791717812	-0.9233805872545724	0.5090144498723658	0.31874131450000504	1.3371638507751251	-0.45613870229900044	1.1636874769007564	-1.0915497329475028	1.204952739576352	1.0140086240636164	1.365655241565458	-0.9135780731791134	2.367706801007609	1.266854634227859	0.6237015089082161	0.0028978213306664513	1.6356060439555242	0.06736180305323285	-0.5089229048759474	-0.18173425219118508	1.5057194473569648	3.012983792085339	-2.4281189915452024	1.3628832384869058	-0.2570844196664148	-0.23720199852020787	-0.9784272907884289	1.3358292260694797	-1.4764987197780601	-3.046484981848015	0.5873336521097298	0.5174578562948339	1.343078362106109	-0.3496626454086484	-0.14133972951849982	-0.8396178473312369	1.1111936929903137	0.21620878016492254	0.7442271036168957	-0.19260581774616822	-2.2233132491175454	0.9160777120617027	0.41183175073913325	0.26156417101486606	0.011149323702049692	-0.33452053047206065	-1.2141928797017048	-0.8636288836764271	-1.9375194873822703	2.3158441672931827	-0.6271724721456657	2.0962407642122085	-0.07756249939262425	0.04319123801686759	0.0008614321489400792	0.5082321032044887	-0.13162520900506292	0.2943880511030813	-0.9291502290169316	-0.12285037586821942	-0.5411743876974636	0.9002809018499192	-1.1486044691821453	-0.8648368359989067	-1.522045435551988	1.1604074720634034
DTXSID4032615	-9.669931314084039	16.619288242726874	0.6645013363211705	-1.811582074994012	2.1783453859844895	0.20604349134477196	2.1885122929669083	-0.1466070963675228	-4.965524663320782	2.145708662331965	-1.7136989661628228	5.258301910170159	-2.7990298263946105	3.418673268280851	2.0688833399054376	-1.527903988304259	0.3628129608618746	-0.021513310083523238	-2.1919357893081624	0.9832144865457555	2.2343155174193114	2.2364048620272747	1.407996001447904	1.8742692238404286	3.619501242799451	-0.1941209679389305	-2.2123966471052747	-1.3614923872796776	0.7619899611182779	0.5477914824153138	0.6913227528684808	-0.3434169645249791	3.830203010985782	0.582113836189478	-2.273024305734195	-2.417144250361885	2.769308763750897	-1.5215932267248689	-2.101702614628962	2.468517524941126	0.8119345006360089	1.8486998010608837	-1.37193348785687	-0.1288858470590491	0.46084481400580635	0.6175777940522728	-1.329200533273925	-0.6136242803634313	-0.4458098459533122	0.6288236848063934	1.703559586828921	-1.3641311987505649	0.6043302665303607	-0.3158918821225029	1.6900658214817161	1.5741427164420934	0.36802456244458764	-1.1997064439981389	0.21601315519099934	-1.1562030947500321	1.2193416192658488	-1.6181916033771064	0.2041215016426789	-0.5721058030297245	0.46792704987299133	0.38416030437796006	-0.9242731419611359	-0.18178434422513706	0.4200102237791642	0.9377687661932835	-0.8100498600555853	-0.25017108992088544	-0.4402161028783903	2.810100956223199	0.02890034035239685	1.0466268850016436	-0.2364985344633354	1.7763736993906076	0.11767488126191428	1.561225192458601	0.5014492144611402	0.8781951020160484	-0.0869574473438866	-1.5983347794950682	-1.1763180517332086	0.5466535381070236	1.5267920589344033	0.9644459882672961	2.0282812926395652	1.3239253098375796	0.06832833600005776	1.347725196656519	0.5205167762323655	2.0931290590072025	-1.0650978102215531	-0.3155833506858368	-2.04900302433975	0.18504022848937865	-0.09005595728988287	-0.741546888544377
DTXSID4034150	-16.683530145342086	9.13626538645321	-9.65319492399003	1.3085087009331287	3.7637218140325146	3.2165220721954473	2.604239660167023	-1.005860843499508	0.7316724963461343	1.0041881729341244	0.4414201039613417	0.23173171942340298	-0.5448919211468937	-2.7385662898106	0.37382558261291166	-0.8943375138187926	0.6207469840407709	-1.507486479276895	1.6542474295780127	-0.5086904461712421	0.030259086355076195	-1.8842498074879286	-0.002300110406166532	-0.17142618473377205	-1.0557064793739364	0.7378939282024687	0.17627589263236088	-0.11589953488009591	-1.285502044260246	0.4991371172149266	-0.3031067759005957	-1.2072294988811318	-0.44617057037568403	2.4038439467943364	-1.5019624300934962	-1.4751180881336023	1.1639392905581079	-0.7049007357762719	2.171155512165627	0.3067380858603596	1.0820873901903965	-0.9397998099415906	1.4368445303671105	-1.1017622341269158	1.0353896888794183	-2.4750253825788864	0.12249397520253023	1.6360902174903758	1.8447450091207331	0.22569487783956602	-0.27762464856125163	-1.023061516815161	-0.9682128293816912	0.5076572057576062	-0.2053507504925244	-1.2752560662199885	-0.5482997006320735	-0.4849647754595823	2.0574153288679535	0.05571388989347916	-0.20871744804911313	-0.19059439940668949	0.034377628897587706	-0.6293180654412642	0.18193137990199965	-0.869821066084716	0.9415282262661199	1.6752256099106808	1.218054051318328	-0.5967214359918838	1.6764848128185923	-1.0434351893518459	1.1892882533335762	0.6297776266000868	-0.41091177511700944	0.1912104549823539	-0.4654982756697016	0.6791429844864691	-0.5047690485870282	-0.19117315228902945	0.604712859498557	-0.28089322808544936	-0.8678439061681207	-0.26671114145234975	1.0499713892764424	-0.7637768621932013	-0.9777073131843702	-0.8340428409049383	1.639464628197355	1.2198695587679964	-0.3694917631174017	0.2329593585817753	-0.3038480732286958	-1.0567667229700453	0.4972666813748404	-0.8637107757778403	-0.41160769340613274	0.8291271256161868	-1.1455227926432046	-0.19359297721889937
DTXSID4034287	14.260484194628955	-12.545886270817988	5.0960866886662615	8.256693459356066	1.3093702364088675	2.9124863969386756	2.9376722265044877	-2.2062452234054573	2.814267941053381	-0.0760838739377287	1.2066855543176185	-1.1153994748502734	1.5994211007647916	2.3371064010583593	3.6722607128281	-2.817759855847116	-0.7299871147960382	-4.064960083775478	-0.41071055826592034	2.4683777546820096	0.9702410356060162	2.4647561551097596	-1.6511904791159304	1.3531691831384982	-0.8370562057083368	-0.9428335477744084	0.8870883363177758	0.625855833402786	-0.4501958478673156	-1.4525260075365027	0.8620484428616443	-0.18163502925520217	2.3672400602831365	0.8581613007271744	-2.826624197261519	-1.961903461925825	-1.7328414394776066	-1.313107553190045	2.2827830363700827	-1.4651333142061944	-2.4888549216088114	-0.6237273407021036	-0.8428766264555841	-2.322330794231772	1.896485628535747	-0.9597592416635622	-1.8528906239066008	1.149798979523986	0.10432891086527978	0.7126536394636668	0.028533010160747663	-0.2765707061042032	0.6428619968824669	1.074331371799996	4.561227640208958	-0.9415071528528816	0.577202144196464	1.0723658431326717	1.1912130095906348	0.7722049111593999	-1.6181124496795438	1.1117421118759423	-1.6106331014282036	-0.6055659920310904	-0.32720655077969735	-0.9383346379518385	0.86809329311506	-3.000568328108118	0.5385518982540063	0.4053890639832811	1.0503075577599434	1.2331599532262467	-0.31356480457131963	1.2101719052775577	0.816135739803648	-0.12887420555393375	-0.2491684346107079	0.6270473416150957	1.2763635057393654	-1.248072248336378	-0.10047226067657963	0.5800802903438212	1.4300261120202695	-0.14716062223908885	-0.9910581658503588	1.1053051315830877	0.18667928088501182	-1.0209412125879371	-0.44604973430696665	-0.43229465934909833	-0.7318325367968136	-0.24197716852578754	0.24718321061852208	1.1995392573357395	0.7023395737882127	0.22419265099761826	0.6591083834668414	1.4799880985050529	0.40675739457303683	-0.3303631574018148
DTXSID4034601	-2.202043150429863	-12.72148517251938	-0.14989900161346317	4.407098997200027	-10.18861083413076	6.5386625970197585	2.2018730185257844	10.959708935322599	-4.017550124593749	2.204832341186602	-1.7197825076767106	-2.5536205596864208	2.5002130858080873	-2.168853483517319	-1.128898614481126	0.8278111078909636	-0.644696896685846	-0.03201888370276178	0.140230481833389	-0.03314791232318982	-1.6755382008909194	-2.923225397731943	1.0265207979326874	0.11298775656434885	-2.3650673495073495	0.9117740716826248	-1.2607321066834367	-2.2617057039321935	-0.4839451737244761	-1.0028050713073913	-0.9493474193884553	-0.37312679604844273	0.43007712600333187	-2.3110318373096965	0.5725709145393321	-3.369830662769085	1.6179530305382093	0.44293451125134564	0.6333390677806033	-0.06768997643303004	0.9389985836882251	-0.3063603235366982	-1.2335808840132998	1.3497661798363096	-3.5808397278345767	-0.35203338124896544	0.29669103480569675	-0.37124651743897236	-0.45134127991514433	-0.3977859272700224	-1.1365650963884923	-2.5019847114699747	1.6053115007535192	-1.1874158395882755	1.3361990071886503	0.8699473769372935	0.005248425005984212	-2.2844424545110797	-1.2260572240919039	-0.11337931468611259	-2.3810810363520347	1.693819117718113	1.5098580548928011	1.3959951402464066	-1.9855781179568204	-0.7599543231892119	1.0714122290988255	-3.9440587744728433	1.1316152599871194	0.6105753596367706	0.13303043964717962	-0.7792459060254842	-0.04800378569346919	-0.07098860241708121	-2.074810647039077	-0.7180470810059327	-3.1172331539201084	-1.197000352723892	-1.3280505861027203	-0.8069459189187271	0.47454390514636374	-1.2188774163371667	-0.48808214773582254	-0.5520625350596492	-0.4499557880030573	0.5670150383876055	-0.2111170962358159	0.9519409102798263	-0.6057466404608332	0.5935195610921034	0.19077720339445814	0.4846659224313506	-1.5889001623818602	0.6342186116795753	-1.7352870452989069	0.40736594570542134	-0.1467155492267781	1.0377751403248272	-0.03183661787644462	-0.2990290356907557
DTXSID4034497	-7.8358493334567685	-0.15562562143945077	-13.794478725210428	3.164191544045858	-8.840670277433894	1.9456933029687016	0.6779546038451006	4.172686310280744	-4.49637264046095	3.232696370948808	4.843348445263691	-0.5687070603068269	-3.220857889110791	0.4619846218366395	-0.14775218459507353	1.6504662451228544	4.307612642296831	1.601482732981986	1.6511247649550225	4.042509792072376	2.899803119995088	1.7242216423160355	-0.5990202761316238	-0.3522914719007249	0.47374084955443146	-0.537657855729312	-1.538082243468089	0.17254835376703986	-0.6324944553134244	0.8991814403920944	2.4751920083171775	1.4760245623210877	3.5163425957301913	0.0902203202236383	-0.3064015137492345	0.748810517271283	0.7097204552682339	-3.540909735750262	0.8900808975759319	0.9094796910483135	2.0187640271413025	-3.8828543428487814	-0.017552339478172984	-0.30353516475613773	1.1252327275155896	-0.8740696560790692	0.8359652380080961	-0.20028296874322732	-0.6787361846015058	0.29611645932180086	0.6164795108520629	0.06172225221695275	-1.2524448425875263	-2.145777720713421	-0.11925439942997583	2.887101986786446	1.0721204996801876	-0.19273728379380603	2.0219037414417356	3.0769062562775433	-1.8226266398026225	1.3481104066896779	0.5830331338127589	-0.6933790944441702	-0.4505321502682079	-0.8962016543898209	-1.783029302500934	0.7451574471060188	0.18541451701606365	0.3942694093612212	-0.1234731583124488	-0.3821593402807105	-0.10940904501216656	-1.8888744797092158	0.5841653044569355	-0.6938342906197597	-2.1751024143940363	0.7497349439452534	1.011719569864859	1.8015649361335508	-0.8049810809324357	0.04200994889883447	0.3709684362712028	-2.195821222206867	1.190335014036234	0.032768199994454586	-0.12958790539092005	-1.41605941197757	0.7767514680253548	-0.04022026851757483	-0.38544511348946797	0.9565845322043705	-0.6552929062024614	-0.6845069544054792	0.655376090681245	0.3059109689729983	-0.09553486584703168	0.08680434701551516	0.720979112088314	0.46251773361469917
DTXSID4034948	-15.195568836097166	6.250191713353141	3.9038803900846233	7.2533257653567444	3.684240696808745	-1.7889415864473575	3.140325489568215	-2.7447576904337057	-6.579785392438298	0.5190160265877275	4.497807651909747	1.2811797182533902	1.1983078832321565	1.2539413524748666	-1.3777463952634033	6.26511600022814	-0.6619770021979245	-1.1483338193800896	-0.8589791458577762	-1.2844970902721586	0.2039781905203034	0.911374402186191	-0.3435207640738007	0.09958650521390303	-1.6210566795781982	4.053433725394436	2.6372220862898494	-0.17065547570096917	3.599118174030159	-0.10238601268771655	0.36279002558564194	-3.062211707443865	0.5924690847465999	-0.8143471549872947	1.9067376935799718	-1.9840618229875573	-1.4932647136404	2.0981448259940727	-0.4677415751145999	4.075932829262564	-0.4453836901332433	0.2894395001408758	-0.41296766165698484	0.19247175310053743	0.5143560663677086	1.6687265857461235	1.2913029098389661	0.19123639958566885	0.36409905557848576	-0.3438503793462288	-2.273171597981793	-0.42990000811956214	-1.2436069074704033	-0.4887340443742334	-0.831874345468336	-2.538621573307626	-0.8771790755783673	0.653886398035883	0.7032322115995642	1.529864530729216	0.14448567578543955	-0.21013580705092783	2.4115853953609903	-0.8047118296396818	2.256901378328724	-0.36481200841138456	-0.07711407042860068	-1.4207624848914824	0.6685369914435214	-1.763003087683147	-0.15387558169548732	-1.1562910017855956	-1.3065327374614193	1.1082029380746046	0.6685334443387888	-0.7987639381419112	-0.5595213361687466	1.2581719181934066	0.7814419561863857	-0.10385274249869884	-2.0939858746704823	1.291868725621797	-1.681933087360616	-1.3193764921417206	-0.6668628196432919	-0.4064462334458027	1.6976136069353616	0.36241446958407375	0.20157081031469865	-2.009391883293369	1.8679777835174716	-1.112475391167598	-0.5606020444868067	-1.1834383605560892	2.08515174982168	-0.2106237466366318	-0.8930987623773788	0.3897841518070031	0.502968405665004	-1.9946420936231675
DTXSID4035708	-15.894753753260321	-8.110391005828205	0.4791049757179293	3.2079636702486454	-6.268477504287285	4.018047344353073	-0.7538143980125969	5.50361080593582	-4.1982045714552445	2.40323708804217	0.681090459965951	-2.0434083775207386	6.954911025024247	-3.516740039925528	-1.1968533706713516	3.589316572568018	-0.8303518978629465	-0.3522553512324278	-1.6479067074590994	0.9395009387291137	1.2598516764031074	1.1587367790813317	0.44032129280811005	0.23592432590717843	0.13276845795426362	1.1165089845273395	-1.4518821122264722	-0.6025745462749861	-2.733462774653094	-0.5898810376006967	0.38575303563736324	3.074933708210672	-3.0063931656526357	0.44290980869528584	-2.400757710572898	-0.8010041045337206	1.401903599020378	1.6937246368512298	2.4939422334926498	-1.4685124620727552	-0.19784334611408108	-0.8321116151276771	-0.7582035400437822	0.9953936993767413	-0.526351924728373	-1.6559055637831692	-1.6137295089428325	-0.49681909152010995	2.329872861707029	4.029326340835388	-0.6298769410519073	0.039586465091632515	0.30424457669275584	-0.3996105803087177	1.0375725457536111	-0.6015082221405805	-0.6470977899615383	-0.610900181297268	-2.7938400174144227	-0.07908305382688127	0.24126946028836851	2.123657300781252	0.6775112125998377	3.668809870214585	0.5091061328929607	1.0155543367106958	0.1506741686223236	0.7186964095787566	2.1318695951634576	-0.06682747595825622	-0.10593817969439821	0.654450138937303	-2.3612152424901613	1.3918089316773767	-0.09174611854149839	-1.4971370103605621	-0.2309837607598984	-0.04700887196992579	-0.2534392160724803	-0.21159364026766186	-0.18229808682965326	-0.8714510405243715	-0.4335609702711003	-0.162664026105306	0.28126260643391116	-0.25319160902376564	-0.03480696016606428	-0.7114478634096135	0.4952701484128077	0.06518873252577563	1.914824388295405	-0.04156897108215686	0.24549444251102479	-0.14301741571215182	1.468533904441027	0.7302477331448763	-0.38375916160687557	-0.737134359696307	0.322818827367194	0.03999840793457423
DTXSID4034869	-7.864077257787004	11.461365943905257	-7.896444073761726	-2.575983850757451	-6.413695980947578	4.909047157751024	-7.809826901225273	3.5592535157988916	3.1125406495345613	3.8876215399849996	3.7483502631963868	0.9198057625885128	-1.8098463257199358	1.4852450197714895	1.228004226048284	-1.2629546433959988	-0.5737379954758534	-1.7052843380445852	-0.46356034553100645	0.31310683862177446	3.881305335175604	1.6422912016930864	1.489467430357709	0.69274609665269	1.0763599767225942	-1.1494982458536342	-0.7310610291490913	-0.5846840155736177	1.8878157446098052	-2.83226285855127	-0.6093465962031243	-1.307713391075454	3.29076061792876	0.5578332709902849	-0.0784540120267151	-1.246773267259181	0.31927631448799376	1.5884117186275195	-0.3097296514098482	1.0349356264100984	-0.179304758120551	2.4548045061686588	-0.45803638915484246	-1.8197966233641336	-0.8251774263191028	-1.2126435917206035	2.4270263300799506	2.0223604155622055	1.156733249198256	-0.8030838441656493	-1.285366371020272	-0.37235958573949296	0.10158130815934938	0.1583406142863542	1.5696312235273384	-0.7770134594376736	1.2252895848637497	0.6046953374507412	-0.31657315800094094	0.13376531573516673	0.10856589169949468	0.3760139590544645	1.833090129811116	0.1866344416822103	-0.8598512205006598	0.015519230223264336	3.2335299606358188	-0.5234804956155652	0.19713505188449593	-1.4514997343337563	-1.3583325282186014	0.040676538143673585	0.7308614482650462	-1.304888634531487	-0.06216509438767318	-1.426296872238102	-1.0017044522495826	1.1749433748015767	-0.3830761363239188	-0.7267195644995605	0.5139859853150499	-1.772701139955217	0.7958539043026777	1.9246961703219407	0.7622572200282747	1.0728209413746557	-0.7222459427567046	-0.3475169088126726	0.6675372520661537	0.9666042402809735	-0.17234704115306598	0.2858369022101287	2.5427393857929133	-1.2112641381671807	0.1352270956277426	0.35475236628159923	-1.5426283624568569	0.20949198949764472	-1.488206280751785	-0.020293601038036048
DTXSID4036435	8.345945450242416	-11.698227680526522	5.404011433678828	10.415486354607914	2.637655137372123	5.2543743064381845	2.0907313488823087	1.423919378965675	3.1198994179890054	-3.2973194089533067	5.566491727915455	-3.7649002138516225	-2.5277868731517894	1.962175279866715	-0.9205967409724731	-3.1668247135953034	2.650359546744451	-0.7914438707489709	-6.146673930279423	-2.357231200793741	2.019664786131602	0.981905497619178	-2.8377782850712197	-2.1533751092817104	-0.8395139203559757	3.7425077258060346	0.328200218069593	-0.8740163067881853	0.6512373651950801	-3.598595713115675	0.33890127053815566	-1.2676440937456368	2.6158663179183965	-0.9412812656905718	0.05203144113853485	0.7428150511329691	-0.4275450946221757	-1.0867235973862968	3.0314241409299534	-0.8873133342770637	-0.6398494662602907	-0.150514257156326	1.8443357349763336	-1.072817653169269	1.1310298620969417	-3.4464347557894284	-2.2315908565403504	-0.29183676466237163	2.1692926282531957	-0.7665955752062739	-1.0622248971157586	1.1818132950854743	-0.08182481202712513	3.3721331547251494	-0.5206832912510116	3.6719930240117336	1.2618480343201703	-0.6149828617557548	-2.118701446234124	0.7706642693709604	0.9518955264793493	-2.7439147036523748	0.36905288784046403	1.0894131555021707	1.0891398993070613	0.713466762708517	0.6025421717105632	0.39587225139421	-1.1329670964244578	2.720487955592831	-0.5013984363987783	-0.17740201323553875	0.8079834911772301	0.2217809087196558	-0.9723207309238414	1.7208386127167612	-2.2028716144816567	-1.9085287392663244	-0.8321205806681266	1.203489767094708	0.26332814724626413	-0.34338403699975173	-0.9934309635944616	0.3137188453620293	0.3981051790057219	0.7117399794788752	-2.018541662266254	0.29837410206870274	0.6771171784713402	-0.14830535637827075	-0.6828554070980121	-0.8877650608766632	-0.7669456663373866	1.6393974098592434	-0.04934257923934341	0.3363723649958715	0.869494009990949	0.2169374802112818	0.22264406172810677	-0.9438611505928989
DTXSID4040713	4.7312962259317946	-10.013848922208084	4.774315575178612	12.218909876331708	2.523759880894981	4.819836232236517	9.278143121959921	-2.5262375252299893	10.693922746413934	2.2028368201602393	-6.825409132670659	-3.0780302599451694	-1.2648804633733142	3.3333234739359217	-5.372420903590123	-1.0528153147481711	1.0759171317901965	-0.7283356645237643	2.719938562527486	1.8948695368060207	0.8041328253752489	0.8959050660664193	-1.9246793056256448	-4.54366163558508	0.44229223828850694	1.4366862814609098	-1.3959471001675705	-1.79774557146636	-1.237243505589158	-0.09454190665056275	-0.16544814031906988	1.1575958597502052	-0.2985131082963312	-0.7025493900481603	-0.39968395056228445	-0.32906582524534805	-2.8666536784528067	0.8338610236509627	-1.2704898132981264	-0.5721812759520946	-0.5541064043878112	-0.5134795885481507	1.3857844741245908	-1.4298900480455383	-1.0732549682063324	-0.5270794941876408	-0.20372480600494428	0.9563732348771384	-0.1383699335864263	-0.19284576694715022	-0.7357337942346214	-0.16755279346648794	0.09274965269175131	-1.7158940615306641	1.2593242321167617	-1.842478843442795	1.8998358852761235	-0.6221235035185382	1.0954533904698736	1.262833904874694	0.07598344610044176	-0.9719742059827622	-0.27807933309247135	0.3136701946521696	0.41033019442761515	1.832222867877734	-1.0069470466401014	-0.4692931891318806	0.5126728370421589	1.0704677177192068	-0.9192357224650208	1.6185036034461167	-0.7828498171798959	-1.0080993644736949	-0.3853123701132404	0.4981239650219621	1.2841177853733798	1.6584150641755997	1.0753055696415	2.295772017781173	-0.3698225990792174	1.0310034159639823	-1.6006487372073326	-0.274881318147326	0.668232597487233	0.5332895513268807	0.006171694011006442	-0.324384537031251	1.283542586242941	0.020175774639213013	0.1732288101634072	0.7613078721357	1.4002560517225908	-0.7526570139828309	0.2789880318933431	-1.0753245896921346	0.2993593973822232	0.023913438709698157	-0.526958092806737	0.8699155946886785
DTXSID4040268	-4.959237849263612	9.769728392709307	17.386488092378812	-8.082186035865478	-3.41666947923551	4.064958694789203	8.122943215702138	1.8832761080958198	-1.6853599377267825	3.073094611839959	2.828778558363475	3.613769088487567	-0.5928912091749761	-1.6553825295969846	-0.6653684106856157	3.2414385325664954	-0.9442181720565334	-0.27418808519617915	-3.359660717201449	1.6566929472129082	-1.0603662719603073	-0.30172102776748966	-0.5512324133066546	0.10566485870997534	0.589236117675522	-0.9851864235256825	-0.007301922773622614	1.4374381418960267	-0.8032776006485637	-0.4726498298629914	0.6376167261878256	0.045916583472493645	-2.672216256316071	-0.8052668049854225	0.25833090599489933	2.9849025380112546	0.7671352410870181	0.5807483323651864	-0.358735821883318	-0.6894327375588601	-1.5311610741192376	-0.4038329934990894	-0.08067407826817065	-0.14322202136332657	1.0773288734620043	-0.3506019700112949	1.2567869960837592	-1.3763901380743142	0.041111843702346766	-0.7077596228909954	-1.1846199125569132	-0.38070027711562665	-0.4435042573203418	1.2372236805590513	-1.6790425781994593	-1.0663688650702905	0.8629786767466598	-0.20165890828503566	-0.07721787045662017	1.76273024501851	-1.0951052007912971	-0.292848916852362	0.7997510660354805	0.41745180986773067	0.12125341052654354	0.8888635047730603	0.10652311017943099	0.2154045471152459	-0.0327886853506344	-0.0749980949677858	0.8181992649442289	0.6143588359759203	1.5212331062238056	-0.8993202298934962	1.2424214438176748	0.769409777314854	0.42497851342391957	-0.13928717636691665	0.7943962196261662	-0.09794469802200832	0.41790593269668164	-1.0463233336382984	0.03956166816051826	-0.49101246766924855	-0.19078538023149325	-0.596286630461875	0.4270586792079312	0.9837670428453369	0.23687413895709264	0.0927386051500846	2.1203182228721396	0.7037184968591836	0.6845434777200865	-0.49135922306192603	1.0023796737573631	0.6321885770933566	-0.33883943799927024	-0.5067999293991934	0.27596322962172937	1.030232514217974
DTXSID4042121	14.712850385963037	0.6754118983528716	-6.686355408469666	2.4544813373748338	-0.6221099379095965	-4.432527732776084	1.5710073329633116	6.705814346437458	-4.030455206282653	-4.705595952163941	1.0283863762948244	0.036477952881046195	-0.7541319107632916	1.3965859313901225	-1.3141592229227035	0.8562755069069025	-6.086511270601905	-0.32230031827642064	-3.677144727169742	-0.32692289771464056	0.08245116000487107	0.1673608800194599	-2.315328497533624	1.3175761505646073	-0.465595480675516	-0.7322870193849366	2.4621469727325063	0.5192316813910319	-1.8267702108860129	0.42141271916803963	0.8846558805578908	1.369836530925547	-0.12833635407669336	-1.2336122015534527	-2.4777649929851657	0.43021609228053176	-1.8044371009738691	-0.9741435464343778	1.0857367338490083	1.2244282012039625	-1.481270599147546	0.9063209899986341	0.8334336843868889	-0.7546586538788621	0.7190504643298814	-0.19105483670397239	1.1408078693559185	-1.0526116146598992	1.584450694228181	0.37812676552548924	1.1262267636000955	1.31130406994088	0.11870354105765688	-0.6162277312973541	2.7687822738726844	-1.346402359767898	0.4270004150655638	0.0025517243162491987	-0.3164366644993171	1.1659663325887588	0.09674099338417992	0.540060046942162	-0.2714536388913343	-0.3710308783663103	-1.479302950806027	-0.39077946801971797	0.06951698779873257	-1.345542618882304	-0.9872109000540075	-0.3171674015141542	2.0414368494317907	0.12860605036171469	0.8626120829628067	-0.1279696900449072	-1.6387131264004713	-0.5942293767513201	-0.27876286653942867	0.5265205127027371	-0.18290428202185002	-0.2883661014522712	0.8735609628206471	1.2706626760541206	-0.842475549677501	0.4962834170735276	-0.23841889550757298	1.3848848617835319	0.14686995447407644	0.45102779092947903	2.0922189544337524	-0.46941772032286927	0.737250751917972	-1.614453752811708	0.8442985965158827	-0.3328022625338217	-1.6456779282306697	-0.37927246210133075	0.11375533111593432	0.2800773462207902	-0.1721654451541684	0.4194388097211547
DTXSID4042171	8.174554842455645	-18.4722720396963	0.8821818146415404	6.189780576755158	8.030708176507634	13.849947724756536	-0.19381148581921812	5.668852128119459	1.1455511239109917	-7.495055736263396	4.477991569526979	-0.22426576343315338	0.02195532188421438	1.9781185104839754	0.12415966823834311	-1.3597923169300907	2.4330672886495113	-0.27576471914719375	-2.6215091016156364	-0.6721876335492348	1.3108872096552864	-2.424824505619606	-2.7169708704149205	-1.583385333441734	-1.8708937821170293	-0.03617976534819821	-2.4414489691276113	1.2081059279232529	-1.098785499524228	-2.7542308061760576	1.8886882034015424	-0.5373614911000663	-1.7271504089039058	-1.0379965286872754	0.4776830195979797	-0.29399688079499137	1.5639615589399445	3.3372228042405103	-2.2089329356726153	-0.03936248072305149	3.296796870277845	-2.725430884597102	0.3920936846315611	-1.1620942579557625	-0.2997546538317821	0.9838290323865275	-0.5467358883356055	-0.6283086275933466	-0.12156526288553783	0.2931944996798771	-0.7874455165273362	-0.5254701913660773	0.34520098372499475	0.6761309291410211	-0.6222828851608057	-0.45568497942071096	-1.2503507618045169	1.0511608379725725	0.6947569152385396	-0.3953132359188622	1.2878766531140031	1.0072898985646366	1.0306166056925303	-0.42948401225515953	-0.0015458245902573713	-1.2260012734125272	0.5187071202279097	0.3333794528543295	0.8606751133596277	-0.014372048823219442	-0.42241185422488947	0.4897924951864201	0.4698130368033111	0.3274580951003668	0.024417276842989104	-0.5403930473105616	-1.1428078731612414	-1.0561761222143586	1.0667365902377932	1.2737263444506435	0.6076994482848264	-0.42772930873063264	-0.20328398385215463	-0.22245239066563421	1.7953086167546493	0.38937325524079835	1.6279478454104632	0.3899747918352921	-0.17001655063288093	1.4110916544993335	0.9000425945614567	-0.3751914570111323	1.3459874154078113	0.9432037624925883	0.7008373827873071	-0.8156044436752856	-1.4761567068262844	1.0843093053179098	0.020230328352042835	0.9919597761816912
DTXSID4046448	-25.55762355686124	-11.552136013248187	0.2999740940221529	-8.70649476860269	5.364677516008378	-2.4960901362355035	-2.1721018327019355	-1.9429473075930197	1.8902602592336342	-0.2562070733236444	-0.07034738637448543	-3.7336079692616493	-0.05584831761208016	0.6172286126210295	-1.0306180392499504	1.1425961156052133	-1.1330488532921599	-0.06493627304903786	-0.918681763582211	1.6023758832159403	-1.6960736808246226	0.8388254571510232	1.8790497908525479	-0.02144649883908541	-2.6384358599207083	-1.6758256199366917	-1.0626461207309983	0.05210281102321686	0.3352532361858817	0.5979461617059725	0.7968886558199197	-0.13436704788184203	0.7860960784747111	0.2661239091528968	-0.9340129623538745	-0.5901604053655781	0.10054907975366699	3.0004230222354265	1.6782321608251924	0.872331937650504	-0.33751677210042885	-0.9553581866669297	-2.739864944822758	-1.682884931556452	1.0092913425542773	-0.6989204839902483	-0.45417905158092176	-0.1491042702237036	-0.5054221350590684	0.2265523474743681	-0.07964068485454097	0.11138289868652575	1.0756594511568651	1.3446428303130142	-0.3679555101205156	-0.043749960910198046	-0.5283411657273264	0.5158735542017678	0.042875561482734095	-1.2056529173431645	-0.2797816038501471	1.0273399779432049	0.4860748236836688	-0.704764491781683	-1.4708788849392809	-0.9975907865867211	-0.46115251461264467	-0.9425498601657085	0.7297042220464278	-0.007830822752460422	0.5792727377576441	-0.0279136540761198	-0.15230961242087296	0.26076748600532157	-0.07087433821394751	-0.3311972220298247	0.10297543465941235	-0.3909044802734791	-1.0109853275126441	0.7816887518989429	-0.2786870506033236	0.08766796890806217	-0.37734179462175416	0.7365654931630783	1.1086480003855965	0.6132867612688181	-0.4740221101293278	-1.3502278237346768	-0.3094121745822998	-0.19579459873321933	-0.5405739453992834	0.4088048572216868	0.23913592151663768	0.14564467163451428	-0.4644951448211806	-1.4819756799626473	0.3396309325918644	-0.41849876084438326	-0.33160987918708545	0.367227119329063
DTXSID4047254	-10.12411442636338	10.210160505228446	3.645261093228374	5.257309730264846	1.0221359651299111	-5.775324049077039	5.918166267689816	-0.9905614852258888	-2.5677605936908985	-1.99927393188494	1.5785907973806055	0.9384568663806697	-1.2965779654867697	4.950375903177568	3.8215653090230655	-0.18618670962269687	-2.2262885355443913	0.8494324103543561	-3.07497197542264	-2.2443044177828897	4.580725419879896	-2.4778918411144333	-1.361126695270801	3.7183265261273695	3.6362836767841378	-0.6231310409866812	-0.7831689924984783	-1.7993510298550681	-0.9478222651937613	1.380424715637897	-1.8644860834738508	-0.5091383703397285	-0.028650965939428907	1.3915431178803277	-0.6794455207679605	-0.30464039198337084	2.482480796330572	2.565324571244	-2.197389560369143	2.4302843333812802	-2.9870846089614185	0.02758817249379435	1.7428479183667323	0.37003827312177623	2.5282577817379175	-1.4834654624765005	-2.2441597927838	-0.7748777424432558	-0.3108560761148346	-1.3159491534458028	-2.080604915830598	-1.2824464715223876	-0.5348594709032841	-1.9935404713611338	0.34674596773591265	-1.35917558071111	1.5409299553556117	-0.49560461441562015	-0.6218002214775034	-1.963059733093064	2.262790584412274	-0.29535492917034956	-0.2469538363109115	0.536707631257529	-1.5115375187418847	-0.15544642999712616	-3.2537795137281247	0.7684786516270428	0.10007163554710147	0.9021904762949661	-1.1849766289659294	0.3716096587475964	-2.2400196027804262	-1.252928961661012	-0.5567910113473143	-0.28952453215132684	1.206038284372767	-1.9281684221672615	-1.0694190823203595	-0.8492774602867064	0.4669238612529563	0.25208310099031167	-0.6296263378958388	1.526036945076871	0.29450295335747384	-0.8769800844445295	0.5544925212939126	0.5677073857713807	0.17302483363759502	-0.4801366317867652	0.0772604563424862	1.9777204498692478	0.12843207833832837	0.2887767226883504	0.9827973235152682	0.8684484100745824	0.42050442382093994	-0.1383599833957079	0.6831046999778506	0.21188625174204587
DTXSID4047333	-22.009006298273356	-7.120062298269186	-1.8198604194880725	1.3254463224788187	6.711841970681182	-3.6160054341223744	-0.9155765329152837	3.7872104943538774	1.6904615968243295	-2.1607257978532997	-2.296520873703968	-2.713823454010422	-0.7700479172813224	0.9171919072944342	5.019762904077616	1.7123139447256859	0.4809752333342207	-2.209557482640555	3.691649010433225	2.2864673959272794	-1.7297873361871852	-0.027186530436409995	-1.7713037555501334	-0.5650633069512778	1.5545695380037772	-0.36544999258736216	0.29972989877724343	-1.4381000163151287	-0.7564218816434891	0.8208562269674395	-0.08409539537175953	1.1684806192230694	-0.19585186711339253	-1.3014665824092677	-0.9399141552728305	2.23219044582761	-1.2971997275471363	-0.09766863068446868	1.2319434404852803	1.6662640037551295	1.4958364126988852	1.6233459647252535	0.2045328156619557	0.3824927197432197	0.03672597574046608	0.3033274165835837	1.0234583802513677	0.3414943095843331	-0.9744190058766471	-1.3845916152245281	-0.14375638837187787	-0.9100936750680374	-0.3903064679529167	-0.8899285636409154	-0.7648036262508057	-0.7981457708788801	-1.2331135388925623	0.953232054319245	1.4451264151401921	-1.3435474880754017	0.6531115022322318	-1.5537105473190072	0.8979867805954657	-1.8289686074153717	1.8952834010765267	1.549837746646592	2.500289455710153	0.21239932333245104	-1.5071423584366084	0.40092728568803854	-0.7396570988469674	0.38380844858519997	0.7011772421717549	-0.5852138766007589	-0.4210780789666394	-0.35716159753592747	-0.9105255853639846	0.3418382517942263	-0.5603602339287538	1.8175184558121087	-0.8656997060186054	-1.9772452825419005	-1.022837910269749	-0.058438176681598536	-0.13303539917971588	-1.2853410905297742	0.9539087262771664	0.10600712431772281	0.29360492980493014	-1.149384372985705	-0.08006454787715468	-1.0410010041186764	-0.6704242112160209	0.009287631066538071	0.09077739541430396	-1.1723604036587068	-0.4448479561142395	1.0756402881957108	-1.4330376781526004	0.3781994152549428
DTXSID4047337	-24.680389354819994	0.6341499003616468	1.1186852087613175	-4.660136255303083	9.950614830330625	-3.269425481479678	0.4820254864386103	-2.2275311695886137	-0.29008283434288273	-0.12184426978122892	3.7938653234788013	0.3555102745709614	2.2243003408945	0.3076222568282283	-0.17668348399875514	-0.2371976587467001	-2.59027496873032	0.1760165408108106	0.5358678753474417	2.2463132592354986	-0.15351896240965862	1.6403859479356284	-0.6860323577053332	0.013434315894489467	-1.7691262589134962	0.4001695904798831	-0.33546447714046024	0.3019955511015266	-0.14326621223835598	-1.435293653975991	-0.16102156850215477	-2.5694016639262847	-1.1962029233681035	-0.7649046882315315	0.504405410276721	0.7775227952099254	-0.8042740524365829	0.18690509369486424	-1.1332146045853844	-1.2317297678743213	1.2445055413436754	-0.6386473047464253	1.2106494376063637	0.17153390186954948	-0.9939058161956695	0.33213294467362436	-0.27568979510856784	-0.23541080402201717	0.8283504622366904	0.30363153704110224	-0.034777642323833347	-1.0486628612582007	-0.23094213000295769	1.2899573531459183	0.11876662378244177	0.2222873164077561	-0.3992108581577493	-0.16292545675650386	-0.9881321163973191	0.7030124719676863	0.07763842497831493	1.3051229224608136	1.9706789373268752	1.2420388675036742	0.42356527713457054	-0.33080798351634805	-0.08607338023966955	-0.6813995463324035	0.287234990537095	0.08838381951709981	1.9234185299429731	0.9679575548451158	0.33214748252933113	-0.7937562307923232	0.3001496820652091	-0.28319987855113726	0.4555952185799382	-1.2766096183270235	0.9299710662583693	0.9797067652362568	0.7580776553355484	-0.585175320811055	0.7095149495127273	0.05639312281703503	0.13772981764747352	-0.04893687600696854	0.9795376255948419	-0.11902399631195841	-0.8063379665478542	-0.7230110189355239	1.1141316610464411	0.38684575793951625	0.851374095568441	0.08238150139936196	-1.026846820258152	-0.8877910046407564	0.8349052286729144	-0.7289113252723594	-0.6668455928522444	-0.5174236311864389
DTXSID4047389	-23.60679326572083	-3.320573010055683	2.749654572344106	-3.173116862784372	7.653730540089889	-1.766501008182719	0.8796855069202906	1.8425625135404946	3.7582585236952433	3.1240561733309224	-4.859501185702311	-4.1206493358566165	2.013194052156381	-0.7984337414214197	-0.6689405561811668	0.8311395360203683	1.1691822463932642	-0.22354909339172915	-0.0814528205917791	1.4031589565419207	-2.865631844178652	0.5607378391202918	2.9891024103860664	-1.3816719458529927	-0.5452286638423743	0.5974101469378879	2.0440402814395533	-1.5800189974087588	0.19923289274474085	-2.451180144621829	1.0294433078356142	0.6595156238028773	-2.507751811155613	-0.9369038126413782	-2.1938665419739576	0.1361144631190455	-1.4892340329744518	-1.1856723920541306	-0.49278776391591494	0.1523227463578494	1.128498469418525	0.9917748139255835	-1.6430375264502892	2.4469306385841723	0.4333210553257609	-0.989477685659999	-1.0882460471937851	0.9195883291364733	0.3084136588823799	0.28701268201506797	-1.366496108429184	0.2585586223425124	-0.9867780954666658	0.7654040437829022	0.3650630506349916	1.2999157406966273	0.7772860856097639	-1.36056123133588	0.942497383914819	-1.374762890469337	-0.42112796435429334	0.4979536299229173	-0.7953976148116564	-1.3905060640977516	-0.4028049660897432	-1.0730411453445756	-1.4182151142827764	1.1993994521640052	0.8665520230965177	-0.2823766849914715	-0.39047221824097533	-0.16649127204604808	0.4012889050387455	0.9728808757703244	0.0319574351353784	-0.267930785713552	1.5900022140115848	0.29345676039565993	0.06077683649204536	-1.0249596347577874	-0.5310827611491932	-1.402244716006975	-0.9067130702815125	-0.643862113345451	-0.0540028198701151	-0.09670538367155883	-0.6594629535648402	0.2639390126113686	-0.5780796810389488	1.0956605737399139	-1.5524480953386344	0.0754034009762564	0.7435049548151845	0.17961702920508643	0.28297630493121106	1.0421637967857182	-0.9654719831897586	-0.6195454942030519	1.1901441801712271	-0.47305690489664287
DTXSID4048519	-21.392526865016983	4.293910586967164	-0.9549063093056002	-2.547838243367616	10.90381675729385	-5.039218898636389	-2.7713690850269432	-1.4763339825107402	-0.9058300004008307	0.02559889815359223	0.8231246946764809	1.4693696792256723	2.8405581343901254	0.35069604611831395	1.0928955476742828	-3.6755349966514057	-0.8596246706452155	-1.443037885248043	1.8738883915316826	-1.1135859426640657	-0.27167184545515144	0.25459721700661775	-0.8978840997582003	-2.293941596664639	0.1602861357159451	-1.1383221678451974	-1.325654177086681	1.2132298330359887	1.313634921953231	-1.0561884757597737	0.33738823893970943	-1.364626940781881	-1.270764007096455	-0.1747659321326865	1.0119293827032254	3.387921954165321	0.3923721103333695	-1.0795739943667855	-0.9011678497271918	-2.4712327749854346	3.2616643421061404	1.8232041203045337	-0.29338702612035344	0.31240482645582174	0.4717164976320297	2.2324606235260456	2.0818805287714133	1.8443491934169582	-1.3618781840366987	-0.22103791568959835	0.23883770898300322	-0.19797131960222142	0.39309223855122954	-1.153611715775627	1.6146854362276402	0.024189605520849602	2.256447161173327	0.4892428013162529	-1.0946496165062412	2.8605188301132216	-1.7865782019161953	-0.43184688073553035	1.462119471029753	0.8357021536769986	-0.07605808212584957	0.626666137549259	1.2386538372665072	-1.091871380676365	-1.5236664839978378	-0.31232829174562854	-0.6342894401990483	-2.5154750942764963	-0.7625796454007371	-1.0362260661111993	-0.9910854227955558	-2.896069359367285	-1.869451357434735	0.4093414387754827	1.943380929889273	-2.111745849561398	0.7712336972942484	1.7359279646340326	-0.32248306578747693	0.5118793351109008	-0.8577079380564174	2.0306704304218632	0.6007919724924425	-0.27746882995453215	0.21860420047789825	1.3807620987614266	0.7384814271493196	0.48335427837273187	-0.468042524202652	0.9166726528376015	-2.1005413735166742	0.7155858557282605	1.591212156652844	-0.4816932047834585	0.8322379914308559	1.1554618993464494
DTXSID4052186	22.669363557036966	-4.3635143336539075	-6.837279859613483	-4.377490398690842	6.148315890717994	-3.591211328879397	-0.9699430449667942	1.0914514736927683	0.04502314799517157	0.15403944846236792	-2.4997689471073885	2.3058089561692583	2.618684178467705	0.8489997060607951	0.2923965764492144	1.6042082378885607	-0.5629890750355386	-0.923080736526768	-0.007206400873274533	-0.6590564697343596	-0.7813593338477471	1.6270175847467123	1.0185515780889907	-0.7973507530894465	-0.8757539458682619	0.914028291048123	-0.10531806130320198	-0.3497696886459987	0.5850116662788097	-0.12544708393254608	-0.13387338939606253	-1.7730222727172453	0.3888175182500374	1.2015872776321452	0.534236802160889	0.16759791861249373	-0.947811106198848	0.7934095387924536	1.1704727528927217	-0.9496255202017239	-0.7952588285194033	-0.37597608795479054	0.1391980398962046	-1.3777802789580718	0.4894823448508795	0.09899588514638047	0.7343546341790922	0.06349588934737077	1.264271183968363	-0.5812163648762546	-0.5881824154580788	-0.622385161238882	-0.7503691012783134	0.13131788171398429	-2.0089729069242845	-0.1697352602885736	1.4356322816755849	-0.3343782695938381	-1.5767812031796047	0.47701380214376476	0.37043623030628187	-0.06845128365551656	0.03292450658496965	-0.9346730365147166	-0.6229958510568129	-0.7958492360468307	-0.2607292919403506	1.2961092754230372	0.8379388571613807	0.17979185165139774	0.013264232536810205	-0.27191499386594736	-1.2287977136568664	0.4330078464384857	-0.5321901276465844	0.7616572040623019	-0.8685319038637841	0.40646809897725195	-0.41882569080011156	0.24142946287753156	0.43439577474753094	-0.14094455517414395	0.9356450168858301	-0.2587305608988021	-0.6561778319912178	0.25776698422852673	0.31245013973937924	0.66515898868896	-0.22149153807037636	1.0905498053211222	0.08264699168248867	1.0218712658664986	-0.6342532329369978	0.4425986061757739	-0.15811495532954456	0.2727440045393571	-1.2991102557462455	1.0727416054845258	0.9975182378279809	-0.3483778093230344
DTXSID5020027	24.52846085810325	-9.36460571874004	3.1487509747759415	-4.269250339861121	9.298157122938736	-0.1286630957487792	-4.2803950936870026	-0.7561939597407713	-1.8372969896995763	2.4495614399581935	1.78190204115449	-1.7952273241504633	-1.8221067534386184	0.24519887417670697	0.4030897780419024	-0.23467456863317285	0.5919310663261592	-0.06067925110337431	0.14249950861674432	-0.7107900726014904	1.29543297244056	-0.12855594848506074	1.9063167358842104	1.0034388318747613	-0.08401115092210867	0.5911823466240912	0.4260790498245547	0.8101471802058632	-2.5429098695770236	2.351969653873024	-0.7952456671934344	-0.35871797444385867	0.12891805439395831	0.7400836940791706	0.7720805065872267	1.5342140030535023	0.6678874840905963	-0.45638325009441055	0.353929922071568	-0.5021506405591613	-0.4840450921046795	0.986107766014777	0.5711520844894268	0.6740533884577884	0.8602656111055761	-0.0021389922635485126	0.8644097229597991	0.21755849957210513	1.2903448036772671	-0.2638033176708486	-1.4428598148268277	0.16276945594866915	-0.10605342314928493	-0.2953975376832529	-2.033721032752391	-0.19379284847497485	0.0515771695992589	-0.5711622425015269	-1.0843276767887933	-0.7495838555311789	-1.6653035661153783	-0.11076259576589936	-0.21090094230888504	-0.6418358293586133	-0.273073644850464	0.7931111529909711	-1.1602461295663482	-0.4647389684136182	-0.6389667900322841	0.17545282288164113	0.6999794914247455	-0.6109907079104917	0.5696754824961884	0.5598433292613496	0.04075348702256409	0.11006819427984427	1.1152160170940044	0.9460684907271462	-0.4413547916072228	0.17287270725610343	-0.28998426505074326	-0.022143113520380345	0.15655596928917165	-0.6535164184553055	-0.9570667769510727	-0.4578820852057609	0.618311953031771	-0.0567936439515228	0.2175147343895652	0.09221940154256804	-0.09511217170177201	-0.19250331443591673	0.47538156242084373	0.3208383628110774	0.053422654794480044	-0.13897752934433028	-0.5986992666575948	0.6542289768056231	-1.295297864717676	0.07774781901867157
DTXSID5020576	-11.426031853775237	-26.647209649358885	-1.2482162700678658	-4.601940166662246	-6.955669286098207	1.9476129500692068	-1.0882784353519788	-1.478998081266587	1.4759642955927366	-2.428387804014255	-2.2109876209539268	4.053655733433289	-2.1360610636364727	0.03262594804915179	-0.32343760575165176	-1.4398695679013496	1.290035353731587	1.1054794593225323	-0.4965000535103977	-2.418819688159561	0.2079065444008485	-0.32274241908984397	-0.8880519350757421	-0.6445982975658049	-0.8447605154869039	0.0998700091394394	2.4601561140622517	-0.3814161423116485	0.98643037548329	-0.2136333507892497	-0.036912941409849465	-0.926145171361351	1.146796038343234	1.7930625447251471	0.823019479172411	0.525175823130722	0.2986880426549744	1.0209420267184834	-0.0032519250230872462	0.8725069859711907	-1.2602268875103975	0.9993333508327785	-0.45236712019298164	0.9193864411108225	0.6243742024330774	1.622485144969339	-0.5680532892866468	-0.2640595124894259	-0.6145206233118286	0.6162586791403539	1.166544923963842	-0.9034979314102196	0.5401846018632511	2.071249301417193	0.4595471873410977	-0.8103753796080887	-1.1998268899974696	0.27307574141612356	0.5767726799544729	-0.8180917969131857	-1.0042036711567093	0.40506473402949433	2.0856224596120674	1.5725135775878785	0.10159809640541012	0.21835853270277994	-0.707471328400182	-0.5605084248737694	2.8123634510299826	1.7893673410501723	0.7119316761969049	1.648420415745055	-0.1955192776946557	2.06909648699503	-1.7643718469153045	-0.6861045513621583	0.9897811735849082	0.16948254381595582	-0.44118243857546263	0.5685937616468121	-0.957842439778935	-1.6740738523671703	-0.9652713761635088	0.1800946057498016	-0.4401806731227321	0.6176336348264619	-0.14966233701161533	-0.7380195184657117	-1.1357091021712415	1.0202363041173221	0.5152750343286349	0.01742597395840549	-0.005831364755724547	-0.3994528908818236	-0.411457341423609	0.10223978067444402	-0.8324055666154767	-1.2083850893371735	0.9300828478664265	1.1265514278506357
DTXSID5020528	12.08715073857617	8.59297147585627	12.864023580395834	-17.347232584338705	-0.3082115696952438	1.329182510195556	7.624339289337696	0.5264628692363433	-1.5467410220704922	-3.924786668553005	1.421503260200692	-0.17441545633557032	1.09072835217716	0.17774888304040917	0.20914518459321732	0.15989316102798523	3.0980516202740134	2.169981270915714	2.202860291164952	-0.8138571435858183	-0.007379164945294461	1.4959925886725793	0.12402703678309644	-2.2031063034612877	-1.2928124224062831	1.3886473277919356	0.6652671144797453	0.8179349150430489	-2.4348497007360597	-0.04995565756865059	0.15876971539925788	0.6414399144462399	1.8446683036320892	1.983319783820317	-0.2104647236325198	1.3832393358931179	0.9523112274861315	0.1874096583218821	-1.0932398291964034	0.47716957617415207	-0.6830933867328535	-1.2763504028631927	0.1559786699249135	0.7696582034140325	-0.27353347282792523	-0.30898064420777216	-1.196745600120698	-0.26258582864972346	-1.2195562041277082	-0.30563690380931796	0.4276314182340299	-0.2242398573590274	0.09722597837327915	0.26171743455418695	-1.4018868958037456	-0.3671831702037958	0.2482079347121331	-0.8468414045344335	0.15883610963052397	0.5325105676029095	1.1699424832418073	0.26089858178418474	0.6938076370328767	1.1167230402859036	0.33358565760717795	1.191111352122248	0.7718188460461569	-0.4606538197229992	-0.8049016466164257	0.156877688534942	-0.17893224636297012	-0.14321104445655863	0.027046344054892455	1.3050463674230153	0.5984505505319836	0.40594415736822	-1.0818622371807833	-0.8566996704826223	-0.7334748685222388	-0.5654271062729302	-0.05913248946178259	-0.4589108985786853	0.20784826667930748	0.38860214417533495	-0.09478668078522676	0.16865146227860403	1.8789087800802795	0.2600595524400512	0.9877093945974796	-0.406627985561342	-0.4599344077641262	0.0941768079773776	0.6566612423192785	-0.548053385318053	-1.5402160589275744	-1.265988133888169	0.5763642921490157	0.6491098388255245	-0.5003579884901401	0.6095998775465492
DTXSID5020366	-21.89859686842081	-21.65050710608396	0.22492194955117914	-8.954719297196515	-2.321414615138174	-2.829149826678132	-3.064182723521257	-3.290624560105832	-0.4723105071795309	-0.7937122560576044	-0.7804734865053374	-0.45020930260034253	-2.144002495791944	0.5760967971921116	-2.015938786846382	-0.44099346806006834	0.15871775781499858	0.7991692277892603	-0.13631586578071436	1.6484082575934673	-0.13598932184269352	0.9694479001617649	-1.3220017287959624	0.7638387399770363	0.30815631568362184	-0.674282247115889	-1.5238264434803372	1.2943624596429515	1.363418043111884	0.3606329993893155	0.8138936572217649	0.40257486635318085	1.1821908274880961	1.1729501959434676	-0.19148780969383314	-1.7116756099359034	-0.7860286085496966	1.8073317890513017	-0.5031554213229331	-0.8001009190533296	-0.15900497431618218	0.8711943992097972	1.4159403238343709	-0.9615054704632265	0.8133108953508646	1.3776401107194274	-0.12921546444381485	0.8091910650784944	0.5513071234114811	-0.05749961839065649	0.544660928671751	0.4857106353282586	0.40823395722491934	-1.55297165813315	-0.9159462776548205	-0.5118944713323755	-0.37524774605277605	-0.250104633715439	0.6920314943461721	0.8585188551838128	0.344284761763494	0.41908071440219186	-0.07721769913390206	-0.08926574718159588	-0.3770502775078012	-0.18991313995684864	-0.44149390069932454	-0.38083740743919375	-0.7292479762337921	-0.30848926041279234	0.26529429693816936	-0.8668404589844557	1.6770700060967643	-0.6190837385993736	-1.0661305746845349	0.5504615549611422	0.5563931324390021	0.8425514884548961	0.9821533586924885	0.2503057810633294	0.3331023740614098	1.6474496947667252	0.37659062229182405	-0.8955706411396099	0.04242056062639746	-0.1988895041252484	0.8103509739889088	0.6698187443160254	0.899361309953088	-0.20133045871099922	-0.16295312967510278	-0.670290186444339	-0.16060088111076043	0.7562802021433954	-0.07016866087775009	0.8539099423280155	-0.4645339604811488	1.0230446193229419	-0.40182778914041706	0.9157340603894897
DTXSID5020784	-20.90021370260086	-20.57529506772697	0.9826519824102354	-6.822191438980399	-1.992736664807826	-2.8866011411361727	-1.7721465764205733	-1.7585042569084046	-0.5153218212150599	-1.7714381956693113	-1.3355416476736555	-1.9327801008155847	-0.2442567973648695	-0.4958802349055524	-1.4847137280436211	1.76789210541376	0.2956165367131045	0.010687599395516225	-1.1118335346739847	1.4328869634314405	0.016597895306663016	0.564926080653698	-0.7593030467881353	0.3816912304381688	-0.48061346976642305	9.153116595424571e-05	-0.23702438989799546	-0.1335727587718275	-0.3679051329082841	1.340522020116507	-1.921887889830212	-0.25166969235785425	1.266196041555836	-1.0929615488182662	-0.9881308582460774	-0.7805145831102535	1.2600170614980462	-0.7218394089773589	0.28573341641604666	-0.2864847234017574	-1.2787519313915476	-0.49065964056964523	0.47777559295522387	-0.05782639522232957	0.2655959256257109	0.012967628748364487	-0.130555008371715	-1.270367830363456	-1.108855652140833	0.13179658099253921	0.6578656732347274	-0.03148579608539265	1.7052830490549802	-0.3058803984783148	0.05970551443264049	1.3510849519380042	-0.5001544882204141	1.8307655629095207	-2.002049329241612	0.3303442210599819	-0.11527133009447972	-0.1502440021243942	0.18711147669561395	0.37786799072610555	0.3118842400296772	1.3116617315781833	-1.0961902971116322	0.05648316902171886	-0.3738294659076081	-0.8311731204293117	-0.4344074548964362	-0.04510017630367942	-1.1151834731623984	0.4054227407034523	0.27740601771026435	-1.9466655502106134	-0.44820808522001815	-1.2778547625442658	0.4753427300042035	1.0231346073450598	0.4816891034685867	0.6359124230665948	-0.39380531993948303	-0.5745519042171443	1.5755709296022746	-1.0478584949310505	-0.4813886805717675	-0.3094906235162426	-0.5265059111082346	0.11718611603477475	0.9513778930553657	0.9535890403751548	1.0362347815179245	0.8949185954193161	0.36952854561965787	-0.8967566981051531	0.8350895305698005	-0.9219708828921596	0.4627421935348043	-0.1719224958416521
DTXSID5020819	-2.262929357020948	11.846714175233728	13.796996131697258	1.3106457085969017	-0.27126489730317443	-4.827343764137918	-4.492495733645069	4.544885551877844	3.8823894867515154	2.0230378145691197	-2.904780184396402	4.70821632501209	3.4273162587871466	-0.050893681880417395	-0.37661321686968924	0.10120865943712014	-0.9145012432724455	-1.093285719593141	-1.3450101417739295	-1.1874474004782725	4.414938275456138	-3.578769973730755	-1.1740194968824345	0.8760258623477393	-0.19349208327656245	-0.21922322755802798	-1.7171021066414909	-0.187395539483744	-0.5931390180168288	-0.7345330064077554	2.1542485726962406	0.47613727454047133	-0.04056960600049948	-0.7140395535735335	-1.7438228399011297	-1.2676923963182556	-0.2297006805372411	0.7119897616195516	2.1610905124807434	-0.17824104435828583	-0.1871097731466996	0.051530055036962605	1.0457802684601882	0.858874026125739	0.7434072156583492	0.29460971698366345	0.5448764419460496	0.4149360088162679	-1.6232384158063773	-1.681942183164395	-0.2216358082189855	-2.553283491807835	0.14621714672634167	0.7643035834311285	1.5164272418855491	0.7649689839668508	0.03355966752589247	0.48393848503373227	0.5210302424757459	2.447480540887196	-0.6921998993287104	-0.2852338505494216	0.019614901056651868	-0.3233131263381942	0.570162538895456	-0.5291243676305313	0.13862709016753574	-0.47356020454315917	-0.22545205517783234	1.441723325568586	-0.9902516493806689	-0.6968290988027528	0.9779311723985599	-0.692817848357314	0.3724552433832307	-1.718764053489255	0.7799203136058817	-1.4426373285559444	0.25971139124936254	2.136030947140224	1.232640435382382	-1.2535901871998754	-0.6869308619590545	0.551574985934524	1.1223655222101665	-1.1907023196854345	1.0052400256766747	0.14253259480121366	-0.9288380449966561	1.6293535109916828	-0.5797669057123924	0.07155276475631732	-0.04254777108557492	-0.36044996638256827	0.06573149077310991	2.2568753932177708	0.8290367441156754	0.40442290306771095	-0.10038705215186203	-1.1212441965350395
DTXSID5020869	10.01562552033278	-2.814149916441506	-7.623725811598696	7.783147320201796	1.257429119788791	0.1561394981983167	2.4114506776898796	10.14726129115999	-6.440931829062287	-1.884169419591211	-0.5177141316945346	0.9466219701474383	-2.9198934795028135	-2.264064175630078	-2.0631383919052793	1.3528121432852223	-0.7147274184439998	3.946216758402664	3.80589536787077	0.37593606291424675	-3.6872295182143393	-2.370417317822451	2.979088884756773	-1.1914682639859147	2.3794036570104034	0.630393268014721	-0.5128349118394531	0.03809087202327348	-0.1541019931705729	-1.4756564388974627	1.8702050120155862	-0.380224889026735	-0.9648377177033837	0.025077960139865317	-0.6479634463701724	1.8328685490516334	-0.26271793058774306	-0.3081928554141229	1.2961726804353295	1.1397898031302014	-0.5970381125386841	-0.47639659041436744	2.5214441834298826	-2.1360557353525595	-0.3335057437525986	1.2103431108289837	2.6445361654254746	0.8416787331732928	0.7097260175016926	-0.8285543907385806	0.5513522024803403	-0.02924489080581304	1.1244368604403372	2.1722626623807173	0.9147125235237001	-1.334968621358326	0.3028135573397506	0.740752262769664	-0.821079040289636	1.0034909777517278	0.9219602164447471	-2.1033139575696604	-2.3900837693151593	0.014006129764041947	-0.27973636024912873	0.49757119042292935	-0.05994027219839364	-0.22948651958678773	0.535575814966301	0.23834818152527903	-0.1351747229568197	0.9009067006893312	0.0007985800751906287	-1.1472048506490107	-0.14261649372733415	-1.2739259150407483	1.0801971911281028	-0.5666854368939199	2.4072942908270125	2.03556737992247	-2.951568518645661	0.2936790817670334	-0.03145218360676544	-0.26456676897845477	-0.9176819531636002	-0.9781645723213259	-1.4864343444106942	-1.1510781117291935	-2.0308343910828612	2.979732727997072	-1.377989434625014	1.1685756477769371	-0.2441251157793438	-0.7590324185201616	-0.421592909648677	1.307257897672625	1.3920392326244104	-0.2822831943861409	-1.4388673179116978	-0.7883106489489393
DTXSID5021097	-25.39357849646263	-12.465805998954888	0.07167407776150128	-8.692353202430144	5.663296021016892	-3.461531730713822	-3.0513724149319437	-3.082566624109397	-0.07816085612510984	1.4254558443580752	-0.8042821870761019	-4.891154565975583	0.16794860868220407	0.13931880413926753	-2.7263924934153536	0.24026961932128826	0.052231297754939884	0.22521039461822998	-1.336040230650496	2.4547789832544327	-1.637461963708613	1.6928081047064798	0.9057704365786498	0.008639080596341286	0.9008218305734853	-1.7262306682742092	0.2313700375415697	0.46825686144608075	1.6669210499845382	-0.27895708553823795	1.549449952925741	-0.8693889363520321	0.9121579705584283	0.14812477050156128	-0.05256290176683241	0.6872908946055165	-0.32031141402850866	0.13300051580083933	-0.1634516671890554	0.6218155196632504	0.16647213178488166	0.8702822530935134	-1.5499001744771	-1.3853159079525685	1.017593301169389	1.5622577261142239	-1.050707770930152	0.8082163113455075	-0.6118534406314532	-1.0505774925395384	0.4282931042282313	-0.274783882293765	-0.39396382619272813	-0.48324563361624434	0.029714671851497645	0.400006929082769	-1.2561392295898133	-0.12339165480061212	0.15227178863374136	0.07827366789470516	0.038240884767721986	-0.15415009109596584	-1.3108506792507264	-0.9680156718402688	-0.9758574299740639	0.37708818161432467	-0.8929385735733077	0.9860387867590819	-0.253084053753759	0.854872517165787	-0.5999672020791512	0.46521509853804477	-0.5320130264249139	0.20865122070392755	0.4719473685140634	1.5856819085426554	0.8652110118178493	0.1423831079941719	-0.6340226716266212	-1.2603052350695894	0.14987361706869	-0.5515450740696076	-0.015956737041308486	-0.7281639911681318	0.9397140921221793	-0.0835185833796367	1.1426874597154382	-0.8286494004779468	1.4193379802944506	0.2953448449419353	0.8959916887562622	-1.0931351358437968	-0.5325500837243902	-0.077728536059651	0.20568073536147558	0.40990559404629257	-1.0672522696327493	-1.4370018001328022	-0.1629272742938789	-0.22034505194518564
DTXSID5022439	-3.28262820727796	2.5532955258892396	-7.619218990026558	6.796567596273442	-2.1279234303912764	-1.8616375289004268	11.667609668939173	-0.8987954093890774	8.94141384267748	3.739663528663132	-5.515182348130274	-0.8325843717262414	-4.338230745749944	-2.8248117736899543	-5.3164207518948725	0.11868657786009527	1.8941602434629945	0.7007268316324226	2.9234757517458165	1.723114634825086	-2.3770315735374625	-1.6688478233731419	-1.809994901802729	-0.3722275239202239	-1.8035431061215326	4.861715311811922	0.45987930088462625	1.3868246862673852	0.39572267666052063	-1.1766934041580015	-1.5412659679500031	-1.288009237966701	1.0177719167013	-0.721636161916922	-0.12506353350194874	1.7325104516538743	2.5267703741243634	3.9468615207555358	-0.9932948682780259	-0.15551096089690936	-0.6523458209708144	0.45475677004474313	0.5701602733514008	-0.07981605302028144	0.19014684757573141	-1.0669016399520963	-0.7912649338108461	-0.03533993145463282	2.1194154260201565	-0.20161296023793315	0.4959501941117504	-0.36422308784796786	0.40360568265451857	-1.0107882323339739	0.45917510137326306	-0.2148239476468412	0.8747805695348349	1.0874086921436614	1.0909705914473822	-1.0416162798978799	0.3288501035776267	0.6201304128080137	-0.27054463969973097	0.050489147184272415	-0.29634853425314706	2.4430336140436593	0.46891788849213084	-0.4407139690103132	1.0538724819400758	0.042560564735329064	0.4194741097496588	-0.37054343944904916	1.2627808683361974	-1.0181410481664526	2.292777744417805	1.8951628624924244	0.27832359497813747	1.446309784157875	-1.640798780553265	1.2238526643401786	-0.15386062651559054	0.1577549005136058	-0.8016264864355043	1.2343834706775594	-0.5367708062887673	0.4919091212407128	0.39428244468294243	0.4594607254096155	0.991139568300145	-0.2305524917416207	0.1590416021492959	-0.06253248452939236	-0.6973797270704226	0.18745911182329497	0.9278816101710698	0.7166690705509096	0.6344180204408176	1.0649808518658423	-1.0958426962719736	-1.31453093424248
DTXSID5023322	-18.753074784863298	-23.516576005142277	0.38459944401245383	-7.4806659127161925	-3.481660221786793	-0.8701406891711417	-1.8347617647950347	-3.3504614123368412	-1.3243850179032024	-2.2233185514008866	-0.09878800015247544	1.1321232092562454	-1.3999538591598921	-1.2722967629673547	-2.270924246300636	0.5349466340658842	1.1281210104610904	2.04961556270122	0.12976893408468546	0.021910016685990567	0.6474690709757082	-0.8701167648701962	-0.5612989037091898	0.2143092664082995	0.997375196327068	0.6675951001821421	0.21856254522960172	1.0859660643255042	0.9699962191752531	0.24765592872116157	0.1627627122356708	-0.7152512752567949	-0.04071315520932862	0.5636774280126177	-1.8034561804098452	-0.9462669879916413	0.4075592049423298	0.3553207074064529	1.0117223450275548	-0.6339436521585606	-0.18600417927985272	0.6311603780359613	-0.3817129313836705	-1.3619914420376045	-0.6157099600455133	0.45292321717659034	-0.19875287991742055	-0.8129214118236138	0.9194793059135598	0.7970535298862869	0.842395968160663	-1.3383941657919478	-0.2752725696256123	1.5319130970013248	-0.5286463427326892	-0.5385181805174947	1.4420330929591934	2.1131977776531703	-0.7680689615625149	-1.3682017160220288	-0.006101914780019131	-0.10911747094622515	-0.1852006368015011	0.10212714859384434	1.0427825280061898	-0.607010859438389	-0.2973071343519972	-1.4959889490283296	-0.1248457688756412	-0.12833487662453694	0.2833484109360835	0.9001798971608054	-1.5599358773949252	-0.6492187420325397	-0.0473851173655554	0.7195452487428216	-0.07271864090578876	0.07000133247801568	-0.3799353026484589	0.717390233789156	-2.0065817852764245	0.9576991845635571	-0.1006357565509615	-0.47078052707934476	-1.1103221074791307	-1.1214768244947382	-0.058715259167239416	0.9436126042813779	-1.2315129259686857	0.312554616003627	0.1130174423183564	-0.039918182775078984	-0.5380982624165761	-0.2768065087418715	-0.2083940251830064	-0.4824719828177863	0.4462984860536519	0.7743036165416535	-0.9617286847484268	0.3210427419424847
DTXSID5023825	24.514947238174173	-5.88084690723182	2.986453128572305	-9.920918770687383	8.027721838451988	-0.24633776131351148	-4.368878041255332	0.08430085049860832	-2.276960844303643	1.7945610926527917	1.2195950022921611	-1.468080166838557	0.26288705284187774	-0.8561566964291653	1.615980314061128	0.8960859203236234	0.9069690083775592	-0.5445327655752096	1.4766076121323584	-0.6292082188251179	1.7715461741509566	-0.18188412101029378	2.818831579967336	-0.983971354115936	0.287711032377925	1.3339027243851351	-0.204785010596099	1.3664973362669584	-1.404150003177226	2.333896985719083	-1.3432766196073627	0.5412738293011738	0.752431258586948	-0.9105983647778179	1.9272620312232434	1.3207641830044405	1.3542817444094148	-1.0895841426727388	0.726412523613508	-0.4383721088549104	-1.998223800729133	0.6145215754910114	0.36806895150289726	0.6104905220237518	-0.2662355782226268	-0.6526035058123834	0.612724980153224	-0.7777368975916356	0.7521739938508051	-0.6470246395939109	-0.22439584346551067	0.2680357542624256	0.8482408797347153	-0.14043707411499462	0.07191242333947942	-0.18702582487793168	-0.4871026991402227	-0.7706870602518727	-0.7501416387966721	-1.3295626901145936	-0.6079157516023465	-0.24629179468822887	-0.9117406788723634	-0.5077000513986124	0.8049966112650032	-1.2493003590796956	-0.20344039436751868	-0.513797042999765	1.717839964960986	0.6972439823890495	-1.3329531442992115	1.3041916213865732	-0.1602543039273013	-0.48683561919842705	0.5954801231182567	-0.5496348119917879	1.0095873585343653	-1.2801102644741857	-0.020393321040188088	0.953738340532912	0.07634717543030942	-0.5196311919303224	-0.8875835441934912	0.2747352647824374	-0.8800882661154342	0.21701719441937936	0.4295772688721818	0.298940791025432	-0.7613183174729111	0.25796975664114036	0.046008484520361125	-0.8982541228055085	-0.4229084001382726	-0.46424794963240745	-0.5336336658087109	0.6807769017668743	-1.0331891309913974	0.6096946960418947	-0.2566014571413997	-0.1379741298188298
DTXSID5023900	-4.889027910375605	8.942904685399684	11.377005885507078	9.067871117424213	4.018058283075438	-3.914681956815899	-0.3840703887830038	2.0143580018000042	2.9614547757063763	-2.914052541466433	-3.6229543623691374	4.89108809780337	-5.173104262511189	-0.2232290166667231	2.4195277674907127	4.278714843575352	1.696672935058245	-1.2822286962025842	-1.0461738324949548	-0.885542582183486	-3.0154602529794623	-0.47410773403754675	-0.34178024137103613	0.6289771575491894	-2.1008759409526503	-1.5766289315731374	0.996402440997739	-1.1176538668609128	-3.4966031482580986	0.41512115853924975	0.9035616708202098	-1.8350145636737474	-0.4004069325587082	0.7537885743960185	0.9356045580408416	-1.344213614785707	0.14791900479747258	-1.4093817788157088	-0.25518139340896695	0.21067361797791895	1.6916755078116985	1.459730667983023	0.1389621227948843	-1.5830130660998987	-0.5047694508411885	-0.6807902287028091	0.4137640509718586	1.3098685625039732	0.37245136388722255	0.455286784722065	0.5756966756184826	0.2666422603041455	0.35999534687345436	-2.4561083341613306	-1.6620265633394358	-0.5956751819551154	0.888350011732208	0.7132401983015131	-0.5731226178722956	-1.9432747988075034	0.12044596420251422	0.5462366708187902	2.1081332481334547	0.0779417924735206	-0.7435418444557687	-0.9153968524341178	0.6677884371804325	-2.0019165531572476	1.2665807854822262	0.3754016606680791	-1.5197480183517316	0.33737295955559476	1.289670613634545	-0.5225590024756397	1.066152779762194	0.49181974735380546	1.0248407681682008	0.027749404464519394	-0.09999387273271876	-0.6321838225977661	1.0100894033329684	2.9020198736173928	1.067492754417339	-1.9203180564531421	-0.9472816511154177	2.2108844357180413	0.0483387382478165	-1.509064630386759	-1.2852915553221043	0.4512014387070338	0.2397571875922181	0.8746647076553631	1.555887504963417	-1.5899606081236568	0.44532448389796386	-0.30211593035416984	-0.044220256428379616	1.8991912098521535	0.07456436623225503	-1.6903523797099147
DTXSID5024211	-1.5528292874650813	6.355851069133884	4.938677443642945	12.373555387174246	-1.1664661861577656	-4.1137623649082595	0.7999700207006989	-4.267463607802551	-3.8809469320335133	-1.076765028034936	-2.3035787170674853	-1.2589853103036466	-2.056973558761445	-4.489978114658573	2.023821789279674	2.22193977288631	1.4082386360621806	3.547947238757767	-3.2163116301605585	1.4970863690355718	1.5820240740914078	1.92163477758558	-0.46953843812871143	-0.5670511772988701	-2.884595690292023	-0.11029999279202544	1.1787943294695604	1.992859281096965	1.6580373071621157	-2.524088226743036	-1.934968745830903	0.5215181140592545	1.332377675057381	2.0388521638836883	0.8911776602356192	1.5044755300640464	-2.687994534072685	-1.2396087304256702	-4.146047011840001	2.5236506970561585	-0.871051676943406	-3.0514304494848075	-0.8470241888936557	0.8675677289435499	-0.7654972723093642	-2.0809420948969803	0.4975807660278303	0.7682827553004706	0.9487385511801221	0.10328440123718684	-0.5012918866105966	-0.1299924696118379	1.0882159415732946	-1.4289502159144032	0.5008681796093131	-3.1062052099927016	-1.6890498334220752	-0.45472011769848353	1.5032745223896378	-3.220833105857384	-1.3870260612094798	1.6266394155036998	-2.2499390366860097	1.579045332569097	-0.32304742204367237	-0.23990611809105405	1.6892862303720535	-1.0525549814790958	-0.4893310718977043	-1.3048852591104532	-0.9963097293327017	-1.862641974556095	-1.0297398928505914	-1.26130804349981	-2.3627657767464254	0.1080418660458704	1.33682119108553	0.021680438224000308	-0.09965424075829366	-0.6320248021261616	0.5608904345292256	-1.2864759288149528	-1.187791452590398	-2.2836876092548977	-0.9132032977163567	0.4348070316764128	-0.19133260220469236	-1.5553675062114838	-1.313521451230889	1.011387541048859	0.08695488430915198	0.7034232001261916	0.41277111221859164	-0.3659215337979331	-1.0896522637623574	1.0241609703495917	-0.6413159145027052	-0.1791386111600096	0.39340535209858374	-0.7103121313447168
DTXSID5024261	-5.879121688779868	10.284207412619423	14.152737678700877	-0.8074534534657353	1.1014919804004693	-3.1762865033362244	-5.348229532004652	0.02829029729625095	10.371428571642301	2.971044931524634	-1.5889160525218922	3.119634326179882	2.344703809492894	-1.2863984172577596	-1.3225324427267298	-1.1054232651540992	0.6483400383654476	-1.0398715379373238	-1.458108528534284	-0.6991579962026944	1.4958213810438932	-4.646300719375208	0.31243371861756813	2.3584106096793045	-2.1989322373869973	0.4738809731836058	-0.24113083315271466	1.3451028405779413	3.5679919329680327	0.2388585776964612	0.3305122026306331	1.6467114668347986	1.981964308904814	-0.6140825801441672	1.2920303499540164	0.8981603227637555	2.4160242657372515	-1.624614979097842	1.2740680864523959	2.575160611093316	2.2084540393200345	-2.46884193150618	1.5479373539606232	-2.707474443296092	1.8844115802239416	2.0922211131629953	-3.1262533315484986	-0.9500043481468738	-0.4553491660949838	-0.36422210280093	-1.1293781009183113	-0.24563272964971417	-2.540224475724355	-2.320504246241183	1.2082687756448505	-1.415821669023371	-0.8914648706453212	0.8499416685896444	-1.0569611164441106	1.7037293548955483	1.473096509865091	-1.6169954157318536	-1.5570098023644547	-0.19282769617181403	-1.0578377741540488	-0.730169308398761	-0.3368367791914882	-0.813395025378835	-0.07703360807831913	-0.5451773739148968	-0.3928744441098848	-0.2572846223427532	0.7827848075606509	-0.7802436026735418	-2.761556427686327	-0.6499253109311053	0.5156388272302379	-2.599069328104551	0.2531280615045278	-0.1983649250809638	0.16591384116923671	0.10725455639647713	0.5088835479636673	-1.132968071583017	-0.7598594028199359	-0.7275929000575136	-0.33114018869083306	0.10425056258898953	0.4752891624357825	1.7170647712215974	-0.5001541042135362	1.680818976521548	-1.5670891603081527	-1.4230879599846649	0.44692383917571854	0.11403745157924856	-0.13814519564308433	0.06323684431005905	0.8544472110000465	-0.31068953505540375
DTXSID5024891	-9.94740297631013	-11.876933477349969	2.6450884287614747	-3.9035761485014446	-12.464917084135827	-3.8922543251952577	1.302084872840208	6.534518404896006	4.619749907517905	2.32884118455107	-4.551200130429667	-4.633449344847481	2.4607440417312842	2.536352217801145	2.877192856294105	-1.2734919603710342	-2.4762009321311402	-2.5998141191774184	-4.0209442224122665	-2.2426402848170954	1.8839132796777425	-1.8509365363236614	3.751159985767306	-1.4106955186460413	-0.3514102134671336	1.897894943317811	1.0518792896575044	0.7274296960605513	0.6181033135148678	-0.9738078603652259	1.3701478216800127	-3.087266898963131	-2.082343353287905	0.5517094729965929	0.6393164214849496	3.297308997783391	-1.0753447087237933	-2.1037448460971495	0.42853420483288407	1.2754802437909436	-1.4017860172636376	-0.7443929835776386	-0.6893710389374786	0.7820647966735221	-0.33851586238959763	0.632417962813482	0.7834259309710159	0.6001678798573461	1.8666224334629924	-0.4383365010036379	0.4151643512412481	1.5312772659770169	0.8561441383522077	-0.09779708479580392	0.9216544045203432	-0.11904528522617323	0.76834197317308	2.426008358380819	0.5912954104965902	2.1502218272372295	0.16646356311998145	1.084759252637062	2.15160124427109	-1.5204059380151072	-0.8497201779728353	1.7463235720975325	-1.9607913746220413	1.198538114075495	1.2919029631951453	2.7538224876155084	0.7517876396693568	-0.66124620095715	-0.5360709896760945	-2.0361502628786035	0.4632017778769463	-0.4200284645022512	1.2908619801790533	-1.6050728397133918	-0.03586892623790686	-1.1125125835063632	0.38944957466629876	1.3434227890639459	-1.1623368823423077	0.11790434285602297	0.5211748538594123	-0.2057717758323022	-0.6093599663673493	0.12988903503524307	0.3158209470558329	-1.5020478142977471	-0.6085643709297128	-1.4644062790454853	-0.7451871504947462	0.20305713472900933	-0.2506507714820505	2.198222013252794	-0.606549335625757	-0.01142640868658383	-0.8982813512648657	0.7011343879556302
DTXSID5024845	-16.003408116649037	1.2564226319003002	4.17892113440049	6.485410211648319	5.733155240956675	-3.774145627402985	0.9847046945845526	2.2868123619139675	5.8135429199264355	-3.7775215313747017	-6.065299991463119	-0.5209003396118866	2.4398094110422184	-0.7468141068861615	2.929548956083477	0.8519226656899336	0.02441970405055659	2.8004655352554497	2.986331175039609	-5.544522023829511	-1.8257849889917823	-0.9896406094369556	5.227647082304384	3.4506739838237928	-1.7947929193334755	-2.8767727746077574	-0.5659787354589166	0.32947863209636263	-1.4766399237001875	1.0359348474153556	0.7016895734711787	1.1484214136899396	2.294520978083842	-2.192654413213586	0.7287867512166908	-0.34346922492424653	-1.0501404206876839	-1.0169053178688487	-0.4690804444002535	0.5547164439037546	-0.8276858769393358	-0.21645604257947393	1.0357467649797631	0.44693044336231413	0.6849068507459852	0.10476281543368338	-1.0183994985574416	0.13160679199656516	0.8268373485397005	-1.6077353038217619	1.4330871842029163	-0.07626402439249481	-0.3637579507286707	1.23344047085063	0.558967726312492	0.5949660319257525	0.5766185428593514	-3.1089244243880714	-2.183734402493959	-0.5471856327369597	1.6451831898461942	3.677880564630419	1.7943182752746454	-1.5864495819972873	0.41234407363131836	0.1753712454317914	-0.8551292423968735	-0.16188866627909754	0.9206837044630682	0.4228713761844291	0.8137042244339301	-1.1280863626618058	2.1607232340109412	-0.3820354041392498	-0.09201522354411235	-0.5015203165231011	1.0730535001935968	2.4518310125280163	-1.8232939541991022	1.5163483231869663	1.0575677483220352	-1.2107066303585037	-0.38420415673398284	-0.36447658585548054	0.20941898834754538	0.07063023467070444	-0.3457808390173313	0.520982352226113	1.0111017096770158	-0.02037744292100156	0.21600614322172412	1.7288351035864271	2.0231159191800177	0.4454222329143816	-0.7665850781280957	-0.4068414353463235	1.9263822118753702	0.08107097719494445	1.6096754055844782	-0.6852254323986849
DTXSID5031131	-5.342962583315835	-9.246233486011958	11.561170597409905	15.063588289418732	5.56143726430298	5.8152779393340115	1.7554760162939491	-1.5088261247605126	6.432118567924256	-7.9045264298837346	3.3716273032885704	-1.6737760962374701	0.1215916670295632	-0.823086586960409	-0.5545157487981182	2.7435672850410637	0.5375805432396145	0.4858106702348356	0.48422997464973233	-1.3190982370514939	-1.7294343388770348	2.5872326515437756	-3.524015904482504	3.1743185222283437	-2.3269915281269165	-0.2471370438516805	-1.153179863574703	-2.9271957018537558	-0.5559681328223819	1.6654920458907876	0.9107036324260752	-1.2150987497816497	0.2334900099554977	2.446620673561652	0.980229367299225	-1.630858662296278	0.9890173828704877	0.4025807040104174	1.5349922224322097	0.8000635243974101	-1.4938943155986344	1.3974300336045336	-2.2518175877969284	-0.19293752841237816	2.0694919517744417	-1.3530308500163686	2.3259311432892438	-0.26220432485683043	-2.025220519140709	-1.3482933498619842	2.3050255987950528	-0.5218793750759525	3.066647664970946	-1.59363938726722	-0.9467507873352199	2.646957422079016	1.6628977873195647	3.110583705192261	0.7835822807494276	-1.2232901306994028	0.24291409339543257	-0.5448341696587924	0.7370787199228832	-0.18857143465689377	0.1645803476541824	-1.0116669267916851	0.6443842189976128	-0.882297186103562	-0.16915037930773535	1.62336838633535	0.7559500013196524	-0.28460081887185845	-0.5494702751962921	-2.0835119710778938	0.3325201057000783	-0.7887494483383924	0.17003307692030925	0.8287233513887192	0.05978335370922606	0.18584839541670714	-1.1585129756067696	-1.613262053383463	0.11688218063368605	-1.0551195342110138	0.18553531029938203	-2.0353741091868063	0.5808521202941829	0.4385808535721995	1.248539081966679	0.4643786909158547	-1.7869462262886022	-0.10465634827716644	-1.4233217283362554	0.26776230747619595	-1.3897617690355997	0.5141431823700833	-0.7988789239465937	0.327549564894644	1.7946264346343084	0.04636477400994878
DTXSID5032361	21.14556589867503	0.8036948351242397	4.620682785530027	-4.759816088441873	0.18398272812387576	-0.4358391470729702	-5.362980969732286	-1.1189293158222924	2.460816107856041	0.36912315666312623	3.2772334010455335	-2.48650588327818	0.7257225654241044	0.6609611155379704	0.8777920430213916	1.6846091552739786	-1.5280304233595965	-0.5705820741884625	3.7794559457082446	0.49060319498345173	-0.10713199518323459	1.177614063037295	-1.3054563523611427	-0.09569229521780949	1.2224872317151774	-0.8378151909879805	1.1600795289231043	3.545952812093538	0.5547699825746053	-0.11708640222473979	-1.828814918071883	0.018663666122326148	0.2681237299358546	-0.547979225504875	-1.8704396495634703	0.29145749806796667	-0.5961312230940817	-0.05778163255590025	0.8802951272282926	-1.1623906383959899	0.8747857972736269	0.20601185872226413	1.931109659751928	0.560062336622099	1.9237655246727023	2.116708372776178	-0.14451539172823796	0.9909020709149955	1.1483796955571433	0.03394705903661826	-0.1394083841632353	-1.3841603371740927	0.7696782876729491	-0.3314983518870102	-0.3873524213864825	-1.1729035094043998	1.7672190169004842	0.5804458161444133	1.1512109793471055	-0.3693774938997027	0.23948520681274008	2.147865189212559	-1.0324199797545497	0.6695580886235766	-0.2823395030693306	-0.9443317616777864	-0.6561696979835387	-0.09041153200504885	2.070988385998461	0.24187197373354682	-0.173399396730831	-0.07763946965783812	-1.684431582507378	2.139638993079571	-0.7016133271926065	1.0646072151352044	0.7454399447546416	-0.7228663068730038	1.5527450091751556	0.042829304103567355	-2.6235076058053663	0.7836949990268466	-0.5128679230268022	0.7272283978446643	-0.5927596939784701	-0.3412738119221944	0.5230643150926862	1.0615830397908872	-0.045993738582395804	1.105074525317521	-0.2278084315407552	0.31811638506735396	-0.8342618447170869	-0.022595321234562926	-0.09207472530825822	-0.8036690128399959	1.4982472437724899	1.4507258228753581	1.0546946749584296	0.4201467089743266
DTXSID5032442	1.2311960257574244	13.582907723947079	4.101858458631437	-10.264860339128571	-6.262484109273041	2.1129904989669352	2.006948996888938	1.844043779804862	0.8942375358966762	-0.016647114255560147	3.011046957644279	0.7104409702214414	-2.796758211261891	-1.1517618190512342	3.4584403093658294	-1.2720077883178829	-0.2691713614307617	0.5456755122803967	-0.8783828649425796	1.3888059544559013	0.2974450351743429	-2.147510462708953	1.4379973337861318	-1.1997946547859593	0.00571360218518399	2.5367084793352594	0.6197082038013795	1.4351569673112776	0.48368495173006815	0.09692001461029534	-0.6706062293259515	1.5421378721236074	-0.29796167277044744	0.9618493676595224	-0.5042184183280924	-0.8596495707667523	-2.89728286180886	0.2001549840341941	-0.3920445452317288	0.8308117471149195	-0.15608094412172815	-0.7042313399631475	-3.0700640101550483	-2.332551000370188	-1.230585250139395	0.8987744275705701	-0.3796678464866954	3.185809772867706	0.25156751890463724	0.9857135491827466	0.9193447386774785	0.9540796177440092	-1.7254726958997835	-1.4698921129825255	1.0042648313033022	-0.3672140354888403	1.3749887028948926	-0.5422689095905904	-3.1099460589968917	-2.4536778665686474	0.9916622788320643	-0.5415485031181078	-0.1939827202719145	-1.0132965651989159	0.3912795990277325	-0.9289211731057464	-1.6446598479900612	-0.059826663895643714	-3.0765508856627575	0.3008600092106938	1.2180490619918967	0.9374827333722606	-0.3974879744184193	0.9144122527567192	1.1742585522569786	0.6026422143868262	-0.14598903644453476	0.3629600389425216	-0.24110106996679292	0.24747824816122815	1.257034252962728	-2.2616325555503893	0.5024067767595773	-0.9901626207654681	2.145518586115741	-1.9530718498385249	-0.4581515441079258	1.3641469627815779	-0.42484337453882254	-1.7253930060013345	1.8073220266502252	0.4694884036525213	-1.259269141053616	-0.2416309035524435	-2.4274614177131806	0.5545626804418051	0.4136787890632176	0.720112530743	-0.41392735490127897	0.7385233698167838
DTXSID5032654	-9.381171407011948	15.611734434561772	0.5153671924722406	-1.8816507753125373	-1.9466001297098383	7.698151459689253	-8.108628739951692	-2.906576192588809	1.802075221495582	4.743939981420888	-1.060819655823028	2.101180388340152	1.508593758624293	2.259866895125704	-0.2603910011340277	0.7230874961331927	-1.2525228029552589	-0.34456124095562957	-0.7145562143280356	1.019889664275	-1.0694849929783536	0.3256938036496281	1.6611473761936348	2.1137127745844317	-0.9801397719223961	4.448538292488074	-0.5339316368851523	1.7548824021985159	-1.9272938237672095	-2.244318612901367	-0.16715831898383576	-0.8710416996370988	-0.897548343689714	-0.6672136513728427	0.7173639201980893	0.8157618584761803	4.618738806786529	-0.446028306080266	1.538199356655119	1.375233723534016	0.7921313132486131	-1.4992198662809553	-0.28693984994550964	0.14447478040281153	-1.6685184694199784	1.1150986311117674	3.1234766780082746	0.14476043871165706	0.7873088738216193	1.1817266424931492	1.2883929888256485	-1.0426288130734807	0.5851006655777903	-0.5693602703894783	-0.7159883262094963	-0.07834049265618474	-0.0614347799269922	-0.9461389702200265	1.0847854891224655	-0.3302214762623249	1.645648988636901	-0.3800925783351114	-1.51040527727951	0.22489845337208128	0.1470404704189539	-0.9521215680177502	-1.579275876950812	-0.1149995779278204	-0.3690618050520237	0.7794184379723411	-0.6011820803305258	2.4007461243445585	0.8689631349158498	-0.14959896706115666	0.12408128790847428	1.0428584838179555	0.2548804519667377	-0.2932592979385362	1.6990111613463992	1.9234037521652398	0.6862155081122646	1.4220908833112567	0.7035012084551016	0.004555218888395721	0.06327625373321129	0.32378233589837563	-0.316559501714076	-1.9339489081365335	-0.09184455883273335	1.2332593529248772	0.9360287536897263	-0.365152562285204	0.30532398364371094	0.3450245225901973	-0.7752803600455747	0.3974381783754704	-0.7961673674889166	-0.40318106348975574	-0.1382393569124318	2.4605031421605266
DTXSID5037498	-5.536843356190818	8.159923272604559	12.974924226723914	0.22735174653203288	-1.3980904434483334	-2.958695433009855	-8.015285529124363	7.1291370041638995	6.831194235476643	3.000110751171526	1.287411085423776	6.81708107538565	2.0921373496374045	-1.6819331664206414	-4.632630307375627	0.13989774442316508	-2.1109848292064686	0.005446232963124146	-2.42463963349533	-2.1091719197770877	2.4299917791290127	1.5867767389769374	-0.11779714618883354	0.36362859497320266	-0.2670975052421328	-1.9987090902383222	0.12507815668398736	-2.1958020956496034	0.8169873105351397	2.6849617155953522	-2.072442857451467	-1.9053063789007558	-0.8017707973880654	-5.452009619843956	-4.454271295957815	-1.2910881627830548	-2.68377577186889	0.49610646742173614	-2.235625320793915	-1.1822456427548222	0.4665348362492136	-1.755704031445199	0.24954458562362025	-0.3209014714042896	-0.6351971223818272	-0.47309684312273037	0.23835542706242316	0.6833399691879695	-1.943577213786115	-0.04620204831260994	-0.9059484207801758	-0.3672562792178031	-0.578916818114485	0.10977065092633569	1.2645303493230076	0.36737091136435174	0.12636993044560857	-0.4602346135139519	0.2210116227118739	-0.05766318865922541	0.13875307971632145	0.09691210676383877	-0.657176865328234	-0.7879434506766971	-1.0459124224654934	0.35965773039688986	1.505028977376913	1.0737585457977943	1.1952756030888056	0.7387493605983296	1.4381373940252014	0.012920779504414712	-0.6809583320993573	0.5012265613080383	0.7386979332848044	1.351531624615137	-2.1063026316389046	-0.01646271676833242	0.04504723278014767	2.029663798700463	0.3264175355882321	-0.31488108619816824	0.9621370996403342	0.18151580783821425	-1.6156768946688076	-0.10335725940819789	-1.256286523005769	-2.6140870507934597	0.3300063470121612	-1.9793253497036045	0.32286529508394046	0.5737509984298652	-0.8603309597007748	-0.5351866851080188	-0.7152575666927052	0.7536705392285936	-0.7933639439322168	0.013957096726587223	-0.69438622679602	0.8211343394075477
DTXSID5041512	19.360548245113982	4.1329471371499125	-2.0446850570851804	-1.6442019739256541	-0.3799563815879462	-6.934355999916668	-3.3973699622699014	-4.376000629353831	0.34635639435336046	-1.3808495186700933	-0.8231124329210423	-1.386398553607641	-0.7997835497671502	1.1508694555029109	-1.2574869292412914	-0.8857453369033138	0.14589420584963508	-1.5285348362742848	0.9462138256532374	2.440927640892882	-0.4878638294112749	0.9013861810711459	-0.1087349326668747	1.4274523602668974	0.026885243177127618	0.4728627819901802	0.9213313354585346	-0.8276235203437018	-0.2546144000513126	-1.1499982734443872	1.4678908699210094	1.1253993607935548	0.3168668626807259	0.4346042598700511	-0.03055256276394959	0.12196202469354937	2.284266165528471	-1.5109898729812727	-0.6839839901646358	-1.2104073208549133	1.0970790709773905	0.6725665636768347	2.233737953646251	1.4302049251134674	-0.46908209752081936	-0.07010148064091892	0.5129932127077199	2.13933460047778	-0.32946379549948823	0.9240267666149313	-0.874508379879076	-1.113314518545611	-0.5416735959458803	1.7152197438384162	0.7847621080710382	0.2848026981894798	-0.19597070456657883	-1.6012177108420278	-0.7842305861095747	0.18667625124238005	-1.1000236834762174	0.7535707918406243	0.2409071241594241	0.9139050203782324	0.849967620913022	1.355046964098265	-1.3770062763316797	-0.39791942399475977	-0.16386871036472822	0.06682033074630081	0.655611052095399	-0.905241321873965	0.34278794429104287	-0.7649637989869955	1.4884790586853656	-0.5980382254668339	0.33739617411195594	0.3408579027424863	0.23713651477243008	-0.6068997512997083	-1.875973279927219	-1.3846983457128494	2.1807136494486157	0.051699912917229	-0.6726765682626029	0.4576919675622831	0.789992211955373	-1.0622322719570791	0.06457545214656829	-0.2269251992509404	0.8406531948723837	-0.6494631740130916	-0.11367713845517252	0.305851687437301	-0.5961173882989107	1.2772534883792677	-0.8633370416565297	0.9159261734618236	0.518410727060108	0.12980085730102248
DTXSID5041691	14.375973879319961	-3.5855685792048773	3.366898726248909	3.9838626460340807	-6.501510712852918	-1.4029540260078144	-0.6851428512770356	-1.2041949369064624	-10.597084541037116	3.506104469554723	2.8162879907212215	-4.7722742751508545	1.3117120766300054	-3.829224125048401	-1.1924087097659783	1.2959016151392826	-0.4438689633712397	-0.39144058845570906	0.5502197392361536	-2.6659497994869286	-2.0583168431598917	-1.3091964510073117	-1.812416392843413	1.5382153925738953	-1.297264991071387	1.4231855848168498	-2.0758917175280716	-0.31617345695825994	-0.5688402887894964	-1.208205133980572	3.4944184152245445	-1.5344254031442914	1.909105461285858	-0.0413785058470336	-0.40137210967709447	0.9115031187674876	-0.09225368120764381	1.7136052676203553	-3.894962032056371	-0.647700632544282	-0.18489617478313167	-0.7834126668578981	1.1300153863099682	-0.5785749726847189	1.0457425317436555	1.0900099416470101	-0.4630079241022303	0.5402814600227743	0.5843734298718785	-0.5253657722746657	0.5037302518340399	-1.4731120827894728	-0.5488888877279656	-1.2683189192743898	0.3402582076966539	0.5922460632369427	-0.6421025475773765	-0.510158236372257	0.4894903095305895	-0.9318715888524011	0.6481750283799728	-2.2835137205780836	1.2734246968811391	0.2659965669643086	2.2258438569545835	-0.5227399393697707	0.3868993047802029	0.3951452079009062	0.6455906768878399	1.411303840650594	1.1827117897715986	0.9588117170063842	-1.0047875160305533	1.039751220446006	-2.4798863063951386	0.9395942208327235	0.7121998852682933	-1.241489828865231	-0.12060251443326449	-0.757474018667931	-1.2026689418214187	0.3043041585305543	-0.25436180187882934	0.8146248756231578	0.3344161848556338	0.7263542551093747	-2.1827365549707274	-0.8108582413179117	-0.24698018377694425	0.28631115519949357	-0.07975330006546312	0.033062485363743524	0.8662561620032245	1.082125745253655	0.061645468665502016	1.3904961431356964	-0.008938876597013024	0.07629463276497188	0.13734870032044852	0.8430161283596365
DTXSID5044605	-11.487342699976491	-2.038738827593102	0.43042907610941245	7.472043988537347	0.47415240525207664	-3.7260071916018465	6.000107832257067	1.1077946494481674	6.143232937654014	-4.552967678865951	6.870319041164725	-6.87064252148806	-1.4151520048692543	6.726144945503399	-3.409100143133621	-1.1665483742629057	2.1739268970089016	0.4494152449392216	-2.0463998006937043	-2.219675691132403	0.785525684534113	0.20791317094909867	1.913147301201614	2.655182081375072	-0.8161808520711041	0.4056929875006127	-0.13861904701711947	-2.900363026870955	-5.46121893022455	-1.7857470669888191	0.804072931812186	3.4032582145400068	0.6815729872742127	0.44047125192562153	2.6652177214072763	2.9320583375607034	0.5960703042081162	-1.2707787593173265	0.3774661045375886	-0.3715145642524182	-0.0355388065927363	-1.4277810612836386	0.13787107687442884	-1.7782810432386134	0.9905709159910955	0.017633700678672124	-0.05052752982437971	1.104927619040992	-0.31570312706703707	0.12761883541759975	1.0576580943283758	-0.752715360848679	-2.36899254105528	-0.3305027149004198	0.5770715224518516	-0.3380109819127132	-2.0714599538668574	-0.5589214033143948	-0.5146707542703424	-0.9037524231235372	1.3635367692404095	0.010489911692522754	-0.15793841763609998	-0.3289018775317907	-0.13193997597499865	-1.281954738947546	0.22002707613638883	-0.7304967202056044	1.1265277139705874	-1.336669330781361	-1.2480665615360553	-1.0662442175481297	2.120019276994367	-0.9655465273093818	0.3205686389518565	0.41667524503609393	-0.4920635314974336	-1.117659664321174	0.10216501593613897	-0.7603626039725768	-1.8862848214355452	0.4167255740304532	3.207321828804277	-1.0427968968265335	0.4548089162484518	-0.4628192360300153	0.8928701720511877	1.4754130947465005	-0.7119221951928253	0.011704370389784577	1.6277024667417939	-1.5725962851575552	-0.8101682244012877	-0.9362964070625295	-1.1647532985421423	1.3963278838297268	-1.2124496041658859	-0.8110804469398042	0.6141131150532925	-1.0963208739960295
DTXSID5047291	-18.733171051504232	2.596950437776136	-2.115708688117184	1.0958475972132475	-0.030849929637373073	-6.195393383725576	-1.4664293489348232	1.9862728331858694	5.113706825052807	2.285599330056511	5.512997425100877	-1.1892668669257576	-2.554653439691875	2.5200379760808005	2.231882105965674	-1.529348939244237	2.3756641611513425	-0.7414848004899623	0.8452638366899448	-1.0443358220385637	-0.6225516419829866	-3.4856482828785356	1.020029118824376	1.7610295099669662	1.3600364179263067	0.2050879740205187	-1.8021808476538368	-1.9362354062530795	-1.254368294245506	-0.28107188403395705	-4.075280431339858	1.6485931572740231	-0.4637518647253427	-0.006042642221595002	-1.305347698283136	-0.42457594392144116	-4.013295955950484	0.10534616497157606	0.1752650712462237	0.4743017327458892	-1.9039499373345672	0.9952736066617353	-1.037304257608449	2.055367039443697	1.075274743388009	2.631202151702409	-0.11472328419609053	1.021410086363432	-1.8026575476298266	0.526568013534262	0.2594743486305578	-0.7226945735097963	1.6858175249879745	2.394740899953468	-1.5341436683480283	0.24308817320268578	0.6220888095540112	-1.6683229693867296	0.5824248804047201	-0.13213792586276654	2.739752086730337	0.23275335848812745	-0.956672456620434	1.5754575358113754	-0.11614856825660028	-0.13040036679270386	0.251551040360015	-1.028409724925704	0.3913815095070316	-1.2154994168542879	0.027104804130684345	0.4721693539265207	-1.2331933535030584	-0.15734588664370885	-1.7721529474385103	0.7685595649067037	-0.6580648208373492	-0.15413549716645178	1.4370155161431666	-0.16162620044157852	0.2125086311393186	1.6683945643865028	0.02478453924510007	-0.4087179924304335	0.1336126735258181	0.10380679959280222	-1.2905038879993478	-0.9276286415748087	1.1917785462984765	-0.5128076046063502	0.7592999256412245	-0.7207512964737262	-0.09035356744138176	-0.2824383652014454	0.3648514318996855	-0.13843572927090717	-1.0562419489251367	-0.21612054418366652	-0.6166462855156685	0.1982872246699993
DTXSID5047299	-22.53545178438361	-8.34295377719766	3.2364768483253004	-2.7864167665990855	2.288166459838741	-4.311721178090831	-0.6103218292730836	2.98616239824445	-0.7241547394953348	-0.5935696992123083	1.4985513473602585	-2.9051145104760385	2.480086054028721	0.791894115221983	2.5455256068122862	3.235612891055444	0.9551748808836089	-2.0711136245240427	0.4492143114325704	3.7331146179113444	-0.2598066561671984	-0.1997836383182799	1.6436290375134492	0.47655097500134624	2.6020721318617674	2.241377912776393	-0.6805438193305848	-0.7350486016648531	-0.9178657673343882	-2.748762383775366	-2.93493908188566	-1.7816201985186886	-1.1400116420157034	-2.19681975143821	-0.5967961887963826	-2.302596151892205	0.027192267102618815	-0.5217153292993405	-0.9153187984795566	-0.805903541778223	0.5477932625188802	-0.9825007557849142	1.4137202529024628	-0.21391212999792064	-0.3736536172463074	-1.0561196950722518	0.07068596444174517	-1.1589804506679062	-0.47708387244300066	1.249803589199089	0.49875519147944714	0.9666382880624254	0.1173214560473188	2.2795345508266336	0.7498133041712415	0.20268870862407834	-0.5774017257971117	-0.8168320857776983	0.8068219437197204	-0.2665740023361651	1.4186861538563953	-1.575737677322235	0.640260643345552	0.2712521000943293	0.7604473197547617	0.83729931135543	0.41176905519611035	0.4344043141297185	0.25277805673254616	1.6638035712550476	0.5406474434121401	-1.0972893604620813	1.2950033137003674	-0.5783229366339145	1.6408375932621468	0.6437682688310887	-0.4022090339213927	0.7318067646552164	0.8372281419048557	-0.9989968813321729	0.947351171564617	-0.2835781859754493	-0.15992977062273636	-1.2149994731869203	-0.8767762167021572	-0.6073696050234146	2.2189429015775812	0.23865171210074365	0.8186629224020434	1.403007588735691	0.0944245034945726	-0.43224455707729015	-0.6927107473808632	1.360287317464099	-1.4260171548326743	0.3097414415925019	0.528232710125742	0.29604908699792704	1.0169097397409501	-0.12149615651175603
DTXSID5047328	-20.309740868512165	8.494553467057544	-1.6782830107346292	-3.0091738917046587	6.489139365236655	2.6433439161395116	1.7847105115921345	-0.4513852834827526	-0.5259067255909942	2.912412438268932	-1.596067768405796	-1.0001328885952856	-0.5593909667564353	0.9270210627043256	0.9513736862146676	-2.379826812521629	-2.206025120760683	0.2286899452074664	-1.8093128729047523	-1.2323463749690453	-1.184333063876802	0.20356458341535366	0.6019060497205229	-0.6252960223843386	-1.3314890569582885	-1.554162521318409	-1.0381684191946468	-0.6613594737021828	-0.6827244469056853	0.5162168279128393	-0.8690353539557791	-1.1429676724933446	-1.1529806305820962	0.8316829642190932	1.4536328837164518	-0.0671865335031933	1.6181690562844375	-0.08441115053234477	2.0525107869210646	-1.243471392060294	0.8185909221969687	1.1089308788377747	1.5394337303674446	1.0907509745067268	-0.6310498419035585	-2.522424992451148	-0.4912112546040863	-0.6983984550864338	0.8114791933558074	0.5766113229267774	1.480264950250742	1.1754862988014227	-0.9465590937281336	-0.3277375993273423	0.31112876001714507	0.09894481629848763	-0.00042425672353346846	-0.6589345120099699	-0.8568644671562208	-0.7367847398345166	0.9028944824267829	0.5165969032013641	1.0190421793426727	0.13513822667231387	-0.21176102492195298	1.1715970073204938	-0.2501441216995925	0.5133122571820014	1.0370223228583468	-0.6197966293832904	1.2005697397434196	0.4207473315375739	1.3413561879548406	-0.42366315630041435	0.23789947739145256	0.4419090302209767	-0.08466086344892225	-0.867828503588893	0.931531568538957	0.10422715116446153	-0.15022387780510793	-0.5049668501558343	0.32315176770083404	0.8929931374480271	-4.32326158567442	-0.37342286476152114	0.5083791953088231	0.739635922091441	0.9714906499099223	0.6653447079649318	-0.14284104610230286	0.014490280249911655	0.19951069794065943	0.18677079919875472	0.00903053892998306	0.32213388493025963	-0.515105658358991	0.9384777221421738	-0.7835471958608143	1.8421115095938916
DTXSID5047322	-21.01858500131265	8.8230918095684	-4.442232867034601	-3.347054899812488	9.07255296679863	-0.029825008266157537	0.3385690430145517	-3.8295308861910993	-2.2550353393875464	2.5110426842776135	0.15104728874962778	-0.318705519170179	0.36842344240593805	-1.68334179047355	0.50124308835202	-2.243260130924144	-1.6548728874443588	-0.2826233664983831	1.5872727496806152	0.3206271894167637	-0.6239815714157777	1.0714943459316233	0.36171441735040055	-0.42270250310879304	-0.37998015070525887	0.8363398865870459	0.7826564493541274	-1.192872619793511	-0.10828459276299932	-0.448879840486907	-0.5185546934136226	0.8009866907342204	-0.428639909602604	0.4805858649049703	0.9153707616775661	-1.7094334991972777	-2.0341367492633964	0.11669106859272921	0.31407486933585577	-0.233450034527277	0.37603865957984733	-2.4558124311748744	-0.6147142657339278	-0.1973861286926205	-2.643793918740715	-0.02858273623748434	-0.20426015052510496	-1.5124504594678436	1.9247742858836998	1.0945192660514669	-0.5427552784534312	0.4039403458505369	1.531793119126301	-0.900935752549582	1.5791216541281232	1.0820790172429704	2.000606494949563	-1.6249827968176078	-1.0047689147029402	1.8839602329671266	-2.1340088942978657	-0.2243190787629587	0.6213300456208285	0.1256189034972213	0.9623083659820655	-0.10159087093381676	1.3284880251700164	-0.3668642575077185	-0.963097568066645	-0.723343523360875	-0.02529822534659153	0.028552695401146397	0.06364951591275461	0.4744378986049809	1.3525787709134096	0.6514068675970237	0.5270413055969313	-1.7787926791846318	0.13524718250086734	-0.11837874269471041	-1.2302111152702409	-0.4411131318979172	0.3442554904951756	0.5207964396475484	-0.4124575509828693	0.7094082012768175	-0.5480201952433715	1.7616632192426256	-0.030824292352202354	0.0057328788816278144	0.23453736417654059	1.6394438513389684	-1.6249968973140283	-0.09082688487396967	0.8012655994277073	1.1533359031162984	-0.8159797284071468	-0.06514792316166394	-0.16558377404369007	-0.16394610560455863
DTXSID5047374	-17.1912914743137	9.22322440562991	-4.479841964242934	3.205067139010909	8.232642198872473	-4.677898332001293	3.4986450088468564	-1.0569505134536006	-3.6458193597101207	-1.8353879192387867	4.193352571768882	1.4726368836787043	-2.4512127551658494	0.6255495563011255	-0.9770228532615048	-1.7594587484596917	-1.2201420036359445	2.734648967218208	0.18804017483601723	-1.147670564339138	2.2735389112004745	-0.24941336614562062	-0.676143512243171	1.2662514750769345	1.3002008281053359	0.6714338564002972	-2.261749153367393	0.03855143075646357	-0.5180415872622945	-1.0399127445927405	-1.7810261485135568	1.0574727501705503	-1.5110816377564322	-2.0332697735744434	-0.8342501713842189	0.9157469171399822	0.35430706492678365	-2.028019372443641	-0.6965866221821203	0.7974657408835084	-0.6859335282962452	0.19996154892002926	1.0568670848262502	0.9597440587401835	-0.644113912125365	-1.0073949648738603	1.6203696347495669	0.2372932867320925	0.28948616222480067	-1.9765370634529122	0.3194211275843345	0.07696491537053173	0.9765351136047685	-1.1338547773014946	0.3643373919989222	-2.119255087098659	0.796642907973477	-0.029379735544715818	0.37845728212174873	-1.2401852474886317	-0.46296593828131943	0.4580113572585309	-1.399966454514501	-0.6103373693457024	-0.16492115014172642	-1.4751346657779596	-0.9282782571337502	0.14977114219338677	-0.09486289419586702	2.013467460285342	-1.6285227062723555	-1.70419874193203	-0.09870952674450892	0.8632962437463453	0.9016791167933039	-0.18220308270156552	-1.227270752317417	0.07568880623306418	-1.8352511723956793	1.256994957939566	0.6723588502879968	-1.1027638242295053	-0.3190546258874507	0.8579363901399302	1.4275433918117653	0.6369731996138369	-0.6906502983001923	-0.32036609171147373	-1.0299958260632431	-1.0625989198807653	0.7554646784535007	0.9694997344729311	-2.4129704132172742	-0.33514307059723475	-0.21245563358386343	-0.9595680506768309	1.6480222817466454	-2.218927664132615	-0.1696661770366185	0.9665520641999104
DTXSID5049073	-7.961702557903433	15.951748087359421	-9.73669349128784	-3.618824168763343	1.06323908591366	4.103429305556275	-1.68695347628447	0.902554310721629	-1.8983300550781883	-2.001448556788425	-0.06124233618401411	1.3667709774320096	-0.9004871004809404	-0.8827504935692554	-2.1212453407429512	-1.2633478193082537	-1.5506832183877721	-1.2320790324966306	-0.9010798029498659	0.7164514123319178	1.8631334745461954	-0.3412036325764267	1.2726106225508715	-0.3243818818111585	3.2331173723865065	0.2867694546022004	2.5716169777420195	-3.1737402222288806	-0.4419412816433588	0.6755941828426127	-0.162368333817976	-1.2804207074824367	-0.20224949144498694	-1.1006092461886858	1.4799133843701533	-0.8561380410816076	-0.9430450259289367	-1.6985844209128242	2.4820912764890943	0.25664780134031834	-1.006230755635603	-1.1103054049493553	-3.235322292570663	0.6427285032328357	-0.19611444826603067	-1.583789318722381	0.3200707590592317	0.5530754455483827	0.48188729300515554	-0.11336190233301803	1.0924377632901456	0.7153145509230066	0.32360507809853867	-2.2517087548190937	0.3201610778628288	-1.016551716599468	0.4195950958725521	-1.9678217296529705	-1.3422232749763123	1.2266637884057947	0.935392912230176	0.40994819441289093	0.9852016972161619	0.7209960086448465	-2.238896333350314	0.17481537469222103	-0.9356066819656883	0.9709124671179638	0.028568742953403167	-0.7109510102455422	1.208904086103729	1.5792211996939514	0.3971119453342091	-0.03324101353999237	0.4491723416959567	1.4261178138189061	1.4095953713551295	0.7128076496077634	1.2329774708612269	0.8538776428270871	1.7135679996600877	-0.8657380929525079	0.895218732007924	-0.1178769924784529	0.0932401838404476	2.2733025876463753	0.2970152379608913	-0.08449742380518509	0.9079295085335012	0.3673451796985957	-0.8748581601249086	0.9087696060504682	-1.0203504286366083	0.8517288075653014	0.5548703130383206	0.012030077749248365	0.6276533988577842	-0.3547061385514328	0.3959047182333483	0.24914089083891344
DTXSID5051525	16.041255179037062	-5.006379347961895	8.41423654196965	-6.304450923368851	-3.8449021694159358	2.7677725953469605	-5.411965079872555	4.836648965903381	-3.5906547778484708	4.227438091336727	3.6318966231295375	-5.344876455407929	2.794674340782489	-4.538393637507451	-2.0090436299777066	-2.9884859910886545	0.7206032446511135	1.1851084668969012	2.452527689778825	-1.7354784521536992	-0.7416005770965857	-4.773969338136903	-1.6976624283620232	1.473764118070887	-1.6397793810789738	0.9562138286975601	-4.216632680406981	-0.8999854405522376	-0.7643619010283813	2.5437786562530165	-1.8419654519919502	-2.7196929120659683	-0.42885132182152347	0.30955228767706355	0.0831058850138061	-0.5030385203154187	-0.9986446480351608	1.3074500951351644	1.9614261640884851	0.8935759407221456	0.7051468503724038	1.1403204085279273	-0.0022526937845242616	1.1938733476920502	1.5836181196579737	-0.8535709496094537	1.2172984838261036	-0.03446842093625211	-0.05456149773530978	-0.40438886029986193	-0.219643152022698	-2.2334471424277456	1.1857229940506544	-2.506080177935914	0.7906420507750346	-1.2254329369419883	-0.10647486305874274	-0.2572394353858446	-0.25988626376612	-0.4922911126503106	-1.0366579946998529	0.1182421455817971	-1.9968463212608514	-1.3644481747466786	0.40446963120208207	2.44313002702253	1.0694610322477147	-0.2879162475599553	0.48277252012454763	-0.431548281900964	-1.251369907849296	1.497021956315325	0.8960700129291749	-2.3382603007455662	-2.3970363686099767	0.8311538567801771	-0.9915392451297171	-0.628809480192262	0.6225229005105464	-0.3020223337412884	-1.3307818671214249	-1.3972687047813999	-0.7107003443547548	-0.32598978118645966	-0.26866696214013724	0.3110445519595854	1.2004506241956179	1.0939009068792926	1.5364212087446865	-1.7015337225824492	1.8975065297065297	0.9061881342978542	0.23000416249955505	0.6938532292423999	0.34747611643104226	0.843680272336536	1.1783709944438754	-1.1772751037290439	0.780361479326939	-0.9169040680085477
DTXSID5052042	17.035343253813163	6.147964645145171	7.7037682977920685	-13.61050704898932	-1.0748728024928214	-0.622553437321564	6.030828934004237	-1.2249143153818138	-2.6137747705641057	-2.6923789319860285	0.3766262799053263	-1.9362816170332262	1.1933557936798598	1.4939673449610533	-0.24888812423399373	0.6648502998245154	0.9957590884270271	-0.09635325006464382	5.413174734022035	-1.395717770340024	1.9433002126019074	-1.788501336602458	1.1284521714506661	-0.3960793376042135	-1.1149844683917085	1.0759774992670603	-0.9057046654323	-0.8616887636831464	-0.9384327434444402	0.031889805448714975	-0.04416227134177831	-0.08668003929929627	2.2554951944719894	2.126545200485028	-1.3531629409294763	0.17083440232086064	-0.18627961659425596	0.419925504673633	-0.7080709963886459	0.08551858442816423	1.1433455127272867	-0.29724485227927855	0.007304972366007235	-1.7051437145166004	-0.28469567028677245	-0.46233132647717373	0.6066516842856597	0.8673092995518672	-1.952832908502011	-0.7148222915106996	-1.1082197287276907	-1.13405892069864	-0.37970263307370367	-0.03824680827469523	-0.6370591498117654	0.1976817627300846	-0.1409767791552787	0.1917384885489852	-0.667297975965968	0.6399520867388899	-0.26619430098639796	-0.4463246463537335	0.09020227682795365	1.3793555212851367	-0.044122249840191974	0.1712309036049551	-0.32016044326421894	-0.526662480205994	-0.11432138464137709	-0.3011037337473586	0.34402793150240346	-0.680874677623336	-0.11971290981009891	1.563815271385561	-1.5902255767465223	-0.8023504808415209	0.25191701822750673	0.22085791794332152	1.5481104147377198	0.47414670072598614	-0.25597597853483356	1.3914200087197592	0.7297535516595184	-0.5187543362725489	0.22296532234016664	0.1543633644782377	0.4921208888038947	0.753555366332697	-0.4521926925906229	-0.0886521313110664	-0.927484094578775	-0.9081604206147427	0.09602465613473257	1.0012762764370498	0.21884903993986915	-0.41394984201633084	0.6764910241491592	-2.027158997829037	-0.07817973357984878	0.971073240015466
DTXSID6020068	7.990317176065408	-0.17122690953268374	-5.362032570374392	4.449344066321785	-7.282227863846661	-10.342792820610665	4.161402714927471	-1.8807604358819245	2.5062530850895195	1.3487061054722478	7.019813167705858	-0.4590275520553569	0.08743004127274355	5.765231104798691	2.1349996844139643	-3.663734952743763	1.109369822184628	-0.8701901511364615	1.36180832861187	-0.8912242019255644	-0.8365851254961648	-0.5334630246919934	-0.27511144407459265	3.0500644653724973	0.5728182454442938	-0.04903319587309733	0.004029665537221435	-2.7464378428595277	2.150022430803653	-0.24910389470398592	-0.5612774269786239	1.4461070636117046	-1.5575286352984286	-1.7494533581934328	-1.4147310479428847	1.7777605511060584	0.6640703549014587	-0.14844287377103083	2.3080226910308044	-4.786459749821381	-0.7969857585242277	-2.4138993012831267	-0.7247295374634898	0.06639640767529853	0.8232566665012528	1.101800063978145	1.0145229651449448	-0.9877135821706274	1.3666867017153428	0.325299635775318	2.7686161869598083	-0.9140740157834044	-0.9639416707585522	0.9235879037088239	-2.4440944804174474	-2.585694399126834	-1.425426355420694	-1.423741708950894	2.5032070829330815	-1.8029136381634037	-0.11693906478507425	0.702110371212341	1.1946445094983875	0.4181361940624631	0.18071444254312308	2.620780570777414	1.8425064887845897	0.4253745319353661	0.8261229533469642	-1.4200583714079247	-1.3222283624756843	-1.7912992423863834	-1.9152828081060667	1.605298564106302	0.4907048654459991	-0.6899023185574211	0.5475999645016643	-0.40325097259631293	1.450742016786454	-0.35197337076637497	0.388013130232761	0.5332839955066104	-1.1355071628950244	1.0022216531135255	0.9694771415027758	1.3629458529544267	-0.6901876596301791	-0.017933130183305383	-0.9569667440987913	-0.30985048300431406	-2.094818163407355	0.5064650533270346	1.7132941808004327	1.0320500531660732	-0.6861157168476522	0.9111457831414709	2.2549418537567467	-0.02168805527032673	-0.03299999958694069	-0.006068363651081911
DTXSID6021086	9.969984415221793	2.8102951090159243	17.40865664179897	4.153020908091172	0.7845072977951031	-6.074814257599446	-9.339234614946141	-0.46470167278451335	-2.409837071233224	6.393577490314402	2.034067877515961	-2.4306048385080348	-4.105203434371729	-1.5320795431865564	0.025994343548196713	-1.6930030364756319	3.8459007371791003	-0.6790463402974621	2.6836271763620445	-1.2792133889590291	-3.395890799827818	0.3434580317053321	-0.26565568670373646	1.7220503397009361	2.9766038289774523	0.6490885765181337	2.1125819744456047	0.3708862804772586	-0.29675288114014947	-0.46026762371259344	3.463813888144662	2.2406642063465028	0.11042598907671271	1.6938987524397662	2.511925226238965	-1.4846289748259414	1.6328769769631883	2.917402738111774	-0.32136895478272687	-0.3033248620241434	-1.3029248141248806	0.42574821739003454	0.7903619740893931	-1.1267489916050013	-0.30452904704222694	-0.23457905161312248	-1.7932185683607682	2.847083359753583	-1.900742859321063	-0.932935358083781	1.2077883472591233	-0.22796052418159624	-1.2144513301607427	-1.1050279979674758	-0.2944569676775191	0.07064740332723281	1.2550260890633036	-0.4676725948795275	2.1077332402608047	0.7045388980597825	0.7942211480642074	-0.03512177693962576	1.3250837595083236	0.9218281689368518	0.4535665466878977	0.7847947305611099	-0.6859830406813101	-0.9905343026293106	-1.0467490451587316	-0.8506837571942784	-1.642771088076603	0.5631747336585343	0.019539835642679557	1.1306254101331277	1.7099886387023797	0.3393212984908509	-0.3712927138961821	-1.6024215201894147	-0.5986276078811916	-1.7525899612548494	1.3159617027364254	-0.04567535886184021	-0.9526580411208758	0.11725713907315888	-0.5517452388605818	-0.35466944955218344	-0.3226622153326063	0.2596341562010148	0.6611315767428118	0.8303801956117488	0.58753574112017	1.0171696624666464	0.9680596981645481	-0.8693467942019572	0.004255080665967325	2.436861690198904	1.4063398311027477	-0.3131894466309043	-1.2430786544466284	-0.8047284575586353
DTXSID6021244	-25.97719450040547	-12.161448497304061	-0.6919690416001361	-8.527910703684928	5.892937159986236	-2.825420262690839	-2.2115764479258178	-3.1193551652914904	1.3074680318225753	1.3126588697189978	-1.1655536291735211	-4.082174107905781	-0.2104421234108172	0.45497479980328215	-2.8885212296190907	0.6366351664707043	-0.981519405227403	0.664339222799658	-0.6719756460080466	1.6032159953352962	-1.3756855832853832	1.755411079234714	1.4199922452151548	-0.43169816183186355	-1.162120767549258	-1.915400264504002	-0.3806242752791972	0.870763683987228	1.2709147434731007	-1.106174612295645	0.49032398501298813	0.08990936046749928	0.7774372522648609	-0.5949083633618184	-1.3245858246661715	-1.1819310429082044	-1.36218468922067	0.6707652729778206	-0.9819783880832464	0.29454263603892583	-0.8951515358850188	-0.34357195150505604	-0.8662650854664277	-1.3975744083379391	0.5912534734319267	0.9838130102477591	-0.5928402551500315	1.0239054402070402	-0.7672745071939906	-0.22513719155913742	-0.930122562520345	0.08630964962817349	0.875539437903265	-0.6272127360752265	-0.7996302477432641	0.7528700183610078	-0.6210827498983497	1.0196942167633616	0.08883386529904565	-0.940152827984174	-1.2497541666804062	0.7570050362892439	-0.11430158259488415	-1.3398946846779847	-0.39436467732493924	-0.28751440680617163	-0.05317819561995989	-0.7618351369939851	0.9366609738359786	1.9057275014241735	0.6481409070343439	0.08786593442714079	0.15119610462792357	-1.1663694266249223	-0.05454424771084088	0.9325995226822338	0.8403242630019357	-0.13098587517066304	-1.072758959929172	-0.4618104103725775	-0.6830499029437744	0.7510401047025647	-0.9915045845252048	-0.5893250595970794	0.6673663631650121	0.35728760345332516	-0.7751202931038241	1.1244049767043511	-0.1798452032978734	0.37655580115596377	-1.521910124329926	-0.3936376248142518	0.6096726327818252	-0.404085590574205	-0.49896933318626613	-0.5589673690960457	-0.4190160241311634	-1.438145028479536	-1.0046072637184353	-0.39294719303254017
DTXSID6021450	4.473839795542297	6.531993733334323	-1.5964897227612636	7.332815198518779	-2.1113392636673813	-8.085017184595753	3.2845812630241156	3.777041577366956	-2.386427622478317	-1.6618328191008387	3.9406427246702562	0.9675504569955286	-0.8457237696123221	2.415022472186354	-4.683593339772816	-1.1319997147000151	-3.569560378890487	-0.5154217099841694	-0.760054030442149	2.5812574008780516	-0.326818285860742	-0.21275622018493529	-0.41657408822601294	1.1673838324163746	-0.4347383937821977	2.329552851549116	2.1263891244476607	-0.17002792798442906	0.6016522598305452	2.9067845795837597	1.7963371355337154	-5.0579613762741005	2.975540472727875	-0.8215499723155743	0.22901080263770654	-0.4371433068632968	-0.8270032183118207	3.0826361831359526	4.10222354064844	-1.6381416255784338	2.026257308747841	1.4021049560945322	-2.696085270863547	3.949664480859321	-0.3692957947677139	2.141319098461701	-1.3418117146733488	0.47467950643919876	-1.5955842477422664	0.004420137981820689	-1.5875406897173618	1.6759136848111102	-1.9344514538854722	0.3621305656779387	-1.542298670441774	0.18260747922474443	-0.6015154410840627	-1.4654580097006595	1.1373474803598718	-0.09597369278832876	0.19090658258188098	1.329679080820313	-2.9530153294932813	0.45721483321471973	1.580682256810455	-0.5947779778381851	-0.7034601411414704	-1.140578671859633	-0.9103129199391679	1.2894401716889998	-1.5114218909664061	0.6277579503518529	-2.452478146336953	0.07074298704500731	0.01458572133771862	-0.9388987413891253	-0.13278427570100548	-0.1023038761627619	-1.9432731739694562	-0.2633805105378773	2.1873328168200135	-0.9990991701282742	-0.06948386181849629	-0.43164855197269264	-2.4253902997237424	-0.222716114688966	-0.24645676050418283	0.08695258665985266	-0.9024463499602029	1.2906789498025992	0.4083956849628507	-0.3876870726944659	0.8413580087229928	0.1884996478177821	0.037425255531028205	-0.6035252297334853	-0.23929113797692497	0.3821254198165316	0.444706667155057	-0.11227505917600693
DTXSID6022345	5.175630734376965	13.705348292282	-7.835499055724444	-3.9213022678400904	-4.189347410058726	9.593932243200431	-8.897157531994917	-5.012355914152825	4.824920626002989	-2.0859854774217172	0.19137031329315127	-2.132063096725098	3.7188904161492475	0.8703032482559904	-2.369676684874221	1.8616630840142947	-0.3979999139292807	0.6239947358060315	1.1749369871332984	-0.8387428042268762	-0.47342359301070475	2.2442509737251455	1.103097554705389	1.054224604276129	1.802410604848935	0.10124906798699296	0.6607925579095906	-0.6017201641438866	0.10496178296553213	0.1954862902515124	-0.5806789798365195	0.4110234066248895	0.25087170686704946	-0.18781923497217332	0.9307220663379017	2.7297308594931553	-1.9504010189573586	0.5054589860401328	-0.7558814932877083	0.29067588412811024	0.0705461153883076	-0.7281748693319671	1.3727283089637599	2.0161503309132405	-0.5451142167307256	0.8224145342639706	-0.20925413244161076	1.392869155279596	0.32767601136061414	-0.3285574956455113	-0.7242800611085684	-1.43332501419499	1.629192944357708	1.9247691944745027	-0.7192987509177143	0.11658629841015439	0.4494324965958086	-1.0590443220843335	-1.091706374292446	-2.274205711585938	0.3509331436279593	-0.8975357508751363	0.27470671004303465	-0.7916488442117292	1.9446304178032783	-0.7756804647617233	0.8903480736137085	0.22859138636371162	0.4673867037928877	-0.05154106048345112	-0.5981169237946636	-0.18748536562782264	-0.029417341110738095	-0.3963129453136312	-0.9122784427128706	-1.5952247728837476	0.9269892927605183	-1.4830403946744763	-1.43292622573558	1.8140922308401861	1.3932489543504332	0.5407170691140747	0.09302630169362275	-0.775727293602726	0.4635973987422201	0.7679726372817982	1.416967426301548	-0.09867781877297525	0.038633904736929625	0.2422533408198022	0.4165577683671825	0.6452441614184175	0.5467989279359424	-0.2642830990048444	0.9468091312295623	0.05563067627492053	-0.8081370523087845	-0.19048596701432277	-0.7607638961218831	-1.5106754588399964
DTXSID6022474	-19.077067429238248	-22.48138407998094	0.530572664704645	-6.937380911944283	-5.948535303757547	-1.3454339175914598	-3.1068884306215434	-1.786691049681125	0.9147659969912754	-2.3554585550552476	-2.6633694678841824	-0.07801844969650852	-2.159478034426671	0.013661704008240665	0.06805719008458835	0.7292626203183745	0.21289576317186304	0.9178610059105913	-1.6793401163779733	-1.0513435986623056	-0.4258303127775012	-0.009595739542504913	-0.3048680965706899	0.4602190414754344	1.5105269515226023	0.6400664056684497	0.1394122614795238	-0.5092625565030179	1.1898281131503046	0.3481086002696171	-0.045400309743145406	-1.2268307522231439	1.8668248346101608	-0.5814340499640422	-0.4216171995820947	0.18472421446143894	0.5370453134985289	1.2954807657381135	-0.6799670375792816	-0.11678930581177106	-1.3540577674829373	-0.8701101642482841	0.7351751769250736	1.1946083365039974	0.36253139142179025	-1.0835037435425334	0.9330838156120629	-1.090226747338932	-2.2741305992512806	-0.8568250103834286	1.3886488384338709	-0.4068578433800066	-1.1672831499023244	0.23563104505045007	0.5613510590959141	-0.20106338099867044	1.1205644796904657	-0.7089794840245723	0.5605153366723433	-0.8920656199518388	-0.4256771752208421	-0.5209336748707867	0.5947904428350705	0.35147327226520336	0.0912215044379952	0.27413792198759734	-0.5055527174960829	-0.5976645461774966	-0.6816591940122056	0.635864667763675	-0.06538259315327631	0.04216461512564844	0.7415449365738771	2.06976225679971	0.9908430397525761	0.038708413132571895	-0.8921528751783359	-0.06343529453916175	0.6986357488391706	1.4226295878999138	0.3898608432486011	-1.0320047914542716	1.0208920647433222	-1.098592409709748	-0.017965013847524663	1.9490304161472278	-0.8184754323837204	-0.8370895722632389	-0.28159024420088685	0.6583631540135898	1.169422241523993	0.27106267331769557	-0.05919546445931803	-0.9871932625084566	0.6372252877844518	0.4866273380873893	0.3057301475985545	0.519739423459388	-1.2811482215134264	0.2500734412280947
DTXSID6023999	17.456366833773068	2.918044931073881	-4.782965382644058	0.09246420171919305	2.613270153971742	-7.123405872835621	-5.05020002708407	6.943748837199411	-0.1619254438560462	-0.9012737946598658	-3.0935995903381306	0.16990695472782008	-3.4780002986094223	4.073783236779834	-1.101746445982727	-3.255655663705994	-1.130499000911297	-1.0601378841183706	-1.4749597529256522	1.1394191193025083	-0.828403028524329	-0.7828314612681709	1.256839914746974	1.2077060662754364	-1.9030587790315892	-0.46702228746688434	0.5075959340958152	-0.2605714414646958	-0.6379401646275282	0.9825805901155185	0.6224464552161683	0.6858544102222499	-0.6620390568179487	0.9069709918043367	-1.4514438286256865	-1.8271460352062614	0.5245431760817908	0.2175613776355032	0.5895491569820518	0.9330682078538789	-0.6044230456875985	2.198859110495168	0.908167293655483	-0.11201513226971777	-0.3460207815832015	-0.5460821167119722	1.1792731482721264	-2.2524290043167876	0.7540727596791794	2.384230271908917	-2.449046603983339	0.026802698651979862	-0.0740964447707001	1.8425248059856576	-0.4423513475701992	-1.0123110020650032	1.2807024255133546	-1.1385515975042526	0.5811502077553213	-0.6764077732648036	-0.042950597196683676	-0.41235677780674046	0.9440471163269453	0.47724544900300325	1.550335135448936	-0.5066894106435491	-0.88820079269454	0.6307094320610037	-1.217982265805318	-2.832752664981425	0.38009838777338995	0.9631461171357258	-0.22505241122542316	0.11971774028103618	-1.3775450690641073	1.1777496019932259	-0.15327544382173353	-0.9842353785716667	-0.7984222348619852	1.2932151646206371	0.6441583653950478	-0.24493651559238694	0.22605760459004975	0.29330149151417734	1.2999014079326732	-0.15816876032054952	-0.5983653153818314	-0.6573797113399876	0.6732967241324973	0.693442094146335	0.9150037010374704	-0.27089657900582403	-0.09310063411510078	0.43828317190617905	-0.8914159380026465	-1.0367227406953943	-0.22237492989101226	0.3095880520797251	0.13132947130886582	-0.2491034354829961
DTXSID6024046	0.28259734450225116	10.920279844873612	17.83606293908177	-6.410212801873919	-2.4555979071621943	2.3593534175732187	5.266236525287514	3.3194546643933274	1.895724016863333	0.1481926503726096	-0.49545100864839614	4.68959771930737	1.9401789271328207	-2.2518797011002873	-0.3732759704999415	0.6141133995756075	2.3202946923446603	-1.1055039977136905	-1.6290521612610294	2.168442046001086	1.6244423742153917	-0.46918926966352625	-0.6850556057580685	0.4362877835372451	1.6879409946349482	-0.34873301487613817	0.5553595195545684	-1.1959360582878462	0.2969406460793339	0.2376370606785846	0.9541989274251956	-0.6784384621267143	-0.8471673256738842	-0.6971144018396558	-1.3069372503395251	-0.6010720491419935	-1.0642222799594179	0.6597620819849974	2.039617920322479	0.38819971325374464	-0.6009232614976466	-1.542863926501892	1.0624119738530995	0.8556331273832318	-0.7750217817160986	0.8797610772517099	0.36260873764411583	-0.2586985062125507	-0.5276979798623175	-0.6376942330355584	0.8641018561602267	-1.3415833967061486	-0.5767987598172343	1.3145919823641212	-0.6341955958992925	0.4591968496910198	-2.3030947940686	0.6623434964787465	-1.1766691700920544	-0.07060959081087156	-0.1564876203498768	1.0709012831205613	-1.9655610422835461	1.940890759015578	-1.9217200496819893	0.35942658078471457	-1.5950710426518473	1.3646925534797156	1.7765376724334976	-0.4723261044054093	2.370792747392174	0.8069131078012386	0.003762440528181041	-2.2822245854798426	0.6007215586845924	0.506276827752384	0.014420828395486942	0.3478444057684632	-0.6901663547751165	-0.13302426745200568	-0.23098537257234353	0.755774979408793	0.2609534924958132	-0.646442148346098	1.004653568737176	1.913661335911652	0.5217541203377669	0.8789316555256551	-2.1291155239801096	0.021075074122178506	-0.5222557912669376	-1.6903772430675645	0.29853407061170867	-1.6874200677290918	0.04194029722488463	-0.7097771302119542	-0.060261817050338555	1.3851022884272675	0.17610223731653132	-0.17274318455018686
DTXSID6024175	-5.113662454786438	1.2611337754636076	13.024965038083774	13.78941331114137	-1.4292403400359286	-1.2250342290546055	0.8299221550414643	-3.825390845775414	-5.391369616072047	0.6521302817958253	1.9644978745607642	2.7124569736358923	4.273124694910503	-2.187271731292318	-0.6906519401398368	3.4144840353403008	3.173765665503291	-0.20545163534442798	0.6091688648499156	-1.0109128768283588	-1.2141842230016782	2.8608389082292778	2.915644880747209	-1.6393146138239711	0.02978874956861625	1.2486471965398123	0.5597569983693597	-1.1558589989049615	1.811196132781589	2.0855023258843235	1.7002086185087015	0.7177522798957745	-0.49930121040324754	-0.11484806791454653	1.636772099790428	1.3207144487501747	-1.0082152758402898	0.7941400068672119	-0.34122179395557006	-2.1318397686887396	-0.3989821254752928	-1.7780057026557992	-2.0032124984287836	0.81856703892657	0.9867160544697201	-3.1788417532489084	-0.2149025500030545	1.269223534244869	0.2752300730761822	0.35761053181980607	-0.5772783854280001	-0.47895271392687633	0.42968659915267504	-2.0532660800292413	0.6853903970921459	0.8768015202637973	-0.5573103270474921	-0.6560919319435463	-0.04415768212249606	1.3599892115389292	-0.7090133810704417	0.7095305870414075	-0.1075300507359222	1.4849597682444897	1.6759788014805062	0.5784688281971095	-2.6065143029096918	0.461951655027849	0.12259184347125585	-1.4084692327372852	0.2862407128169403	-0.6108262539116951	1.0401779568419016	-1.339842158784558	0.6408098423654368	-1.1392053846997774	1.4656997980369897	0.2297192375385878	1.1871954032506389	-0.22229713432796278	0.19385356467326756	0.19883083286146044	-1.7366665183260255	-0.1801911398787291	-1.0454995935067177	-1.3888354995018863	-0.6913940054518067	-0.21949847376250653	0.2754087543355442	0.2810462365889913	1.2863985959057642	-2.095495785423202	0.6216743382926216	-0.7749536150672659	0.7617462156107399	-0.6046851029199062	0.9632937649368247	-0.052423486482913687	-1.2276566213225861	0.9269444205375335
DTXSID6024204	14.743378584961476	3.1288198638081415	6.687982727774884	0.940973956130528	-5.465858632901508	-2.7854734387367035	-2.244898419376256	0.043636775730853464	-5.889414149448087	3.1764325610842867	0.8427771977316882	-2.8495133542094258	-0.6395279390354334	2.9664041098534417	-0.3823889136531568	-0.023273293737035423	-0.12485448739410866	-4.030631405371734	-1.7041532448731775	-1.8639259586307229	-1.6159898795910854	1.801326432890804	-1.7439262291311566	-3.084620894848782	-2.037373649376645	-0.06342188721332756	2.2861192071067484	0.5970563972370009	-1.9828286992565887	1.2181233286111839	2.7257380615469993	0.3372471543229615	-1.988697143469294	-1.7369142184140773	1.338336324199292	-2.8776255522728293	0.07210822114859945	1.1015828805533012	-1.0165225780334228	2.761498331314043	-0.6486092742572312	-0.9140614704409499	0.4652859822197663	0.6767597440841306	1.7313193857910365	-0.9923306324795214	0.08817505040273925	1.459756276378978	-0.9381420627868605	-1.1893012101024827	0.5767903211377278	0.1798559246012837	1.5245347541976255	1.9646956711380255	3.71806977775298	-0.16981454738510154	1.883205382951296	0.6703440129403331	0.44614655647694457	-1.859249036186604	-1.331639844132672	0.39076364381025835	0.7904704194275364	0.1473743972780571	0.7637147071403252	-1.3604050710949076	0.36042837225123275	-0.0188465459509717	0.11488323248663387	0.753615826503725	-0.031663863349401807	-0.3009242746131353	-1.437965007073488	-0.2673013149863352	-1.4059700986228727	-1.1246714651178484	-0.07175552200152167	1.6926327932545213	0.8990728646649215	0.5118421309444893	-0.026878399333275373	-0.4908822820865549	1.638977260737541	-0.4221554390530468	0.9350049198133977	0.28214155693870624	-1.9811721345822242	0.8770021901126323	-0.320648241382772	1.274861737658105	-0.43148887408655245	-0.14458497542609983	-0.40322979705904965	-0.25794941472546445	0.5783966678406323	-0.8672745141429514	0.08113503566099496	-0.9874086241599797	-1.035525644177579	-0.19479669095335475
DTXSID6024206	18.351348966405837	0.03285435420180752	5.206239504195056	1.6216341833012604	1.2127549289937098	-4.897114296876349	-4.051327614364439	-0.07179471933224481	-1.2604993115738012	0.11083339478254361	0.5650806571808626	-2.4499283489948924	-2.2175590835641814	-1.883393242501901	0.2982313543940918	-0.31702965673828176	-0.9319236080495238	2.418173860568231	-2.1632847535979667	-1.6283470000330704	-1.0566396299171823	0.4465408408459265	-2.614195146720844	0.539112667667519	0.13118340036966147	2.011623002706625	1.0643742812232997	-1.695297865697914	-2.474394692128042	2.0976795840987776	-1.3657898950442693	-0.21297701359531188	-0.467888433586931	3.184371031180401	-3.3070449967864315	-0.04468643146719895	1.8644617052713621	-0.836538260462506	0.3322036167717014	-0.058990894843405396	2.8416847455257304	0.6137046336473359	-1.5346462301623842	0.603188040166553	0.1450049807929786	-1.3490299548099767	-0.567670283420659	-1.4675619060560714	1.253690034838342	0.26619514048380605	0.05464908252823515	-1.1043694430182265	0.2795197763876538	0.112087909665663	-2.000055675451756	3.288064034994071	-1.270437806475276	1.25562530017254	0.28642733229860734	1.820784043368462	-1.1650883256473785	0.007769929242373771	1.0479052890178253	-0.3688440941562122	-2.5605128143170512	0.535565078546326	-1.183387828909119	-0.7902897763802298	-0.4491434990985632	0.7325219897417228	-0.9813501298182034	0.6601432606307858	1.1836879287922364	0.4161170162589129	0.7313018936030847	-0.9176604595729974	-0.4141819541019908	1.5380513556960258	0.834146055753805	0.29346336527280936	0.9928277663350105	-0.6766768412008182	-1.0487092926066084	0.5054382747975322	0.524402659659777	-0.9451008855232708	0.6236183957158569	1.028458100353244	-0.3326686170562549	-0.28387338577065246	0.259959410078208	-0.2280417041667792	-0.9021934231261359	-1.6620708445367	0.3719955316318437	0.3825886577899401	-0.7539138816054254	-1.0802969610196198	-0.22052655165099466	-1.4240743305308978
DTXSID6024337	8.880361177586346	12.022784144174732	5.679729077973244	3.2602859423091797	-1.847297070988898	-1.1387914952526013	-4.8968295003927365	-3.861544997525405	0.6596694568487963	-0.8667320568667461	0.47722066862601364	-1.9335303887264106	-4.980457273153487	-0.07395240922517406	-1.2470063953348052	2.1376918912256855	-0.5368470788610911	-2.2740260462508974	-0.3970803237452508	0.3793352090092813	-2.0811150980635134	-2.627027794232939	-0.7713820645992802	-0.8043920669676148	-0.06802231143125234	0.3546865443837373	2.3716433547392706	1.0183721507446692	-1.3338923661925532	0.018697883500733124	-0.8422582183648892	-0.8871270117650982	-0.937101921023816	0.1440319285325615	-0.353780466637258	0.07762253341110914	-1.313387929721064	0.9709888298595233	-0.2226054371510699	0.49678114636626775	-0.4548564484943361	-0.1807526897744577	-0.04395161920627244	-0.2767290838516389	0.550745312262267	1.7499675900249154	-0.9089704498028753	0.2163757728133577	-0.49043293017306433	1.4908654090860107	0.7831287920610129	-0.11297142872295236	-0.1779897200461914	1.2702701177587135	1.337661770726702	0.43756439313064316	-0.15807713187417216	-0.08744419289825053	-2.2795563406433828	-0.8637036234455056	-2.1799191272624086	-0.8921298234968377	-0.9475436836730136	0.2124047963044106	0.511790408010793	0.433534164491108	-1.751457872706351	0.1857216450196013	-1.3208052522190434	0.733380358074247	1.3877802881152634	-1.8663133640684126	1.22791420635229	-0.17330652125020138	1.7137401209637448	-2.0248412062978427	1.4643206210060848	-0.8005448990608011	-0.2852195457515959	-2.127748666211258	0.4545911378475539	-0.3049945328458057	0.4495747206635955	2.620294826020025	-1.019856558209658	-2.404097130809354	1.552774269632834	-1.9112306634902598	-0.23600398727766267	0.41652323221070786	-2.030289144843175	0.11897576623209331	-1.5275301260791643	2.1986835478459525	-0.9653552164703927	0.3536543536722105	0.0062247077647770805	-1.1284567245660102	0.18990859640434862	0.8458067588705075
DTXSID6024836	18.30127176217323	-16.914208884915368	1.1777063519471553	4.088395180607672	5.4512841592393855	8.553871869508509	0.271840917048354	-2.7641241209503473	-3.0877204045653737	1.434112763491165	1.7814013470615555	0.3472927493626411	-1.4583479067111687	-0.35981097766773523	2.1403648350513427	-2.986789584846647	-2.428181641626991	0.09281201488243158	0.3478964837831179	0.06168035591117848	-0.6930040200439553	-0.5609313905857992	1.749220555348573	2.6721145857000206	-0.7987086026125393	-0.897277658823966	0.3452800003688488	1.1653038013998123	2.2851351212784627	1.143739857617299	-1.0936918174167647	-2.0379790409362144	1.9083963222946239	-1.5152912306167416	-2.6243880399905826	-0.1257217175758837	-1.7275555277615007	0.6351585842973969	-0.1463251132311134	1.871330040787178	1.7670493347467477	0.4635947649776098	-0.049016146324137436	2.429505287792918	0.2370380133811693	-0.7139187778573738	0.39716541813707495	0.02274983397883801	0.6229334065829694	0.41982457081020047	0.4133276683994286	0.6825876517568366	-0.3777645524048472	-0.5097610626367342	1.518834943392975	0.48600252957910156	-0.10276241343523868	0.056117184658773495	-1.1858649363812024	-0.14450948163398047	0.6796151507632795	0.24561911778308387	0.4933353082601465	0.5313060843094274	-1.098440157127713	0.7673691970010804	0.08676622244623682	0.0571849131957199	-0.8114341227150038	0.3099012552545905	-0.39084933184860526	-0.13517697226078482	1.174417948016281	-0.31821778597035544	0.02712685932611325	0.34860811425093036	0.3656422395542685	-0.2924857555776395	-0.10136796536614118	-0.17978159476469327	-0.3957033714733219	0.6749501897177589	-0.4767186558805765	0.5735981924586744	1.3831446604944466	-0.8406980668691165	-0.5103944293168401	-0.6065365807755861	-0.5674322898197173	1.1577731238617242	-0.2410944071006842	-0.622563733170449	-0.11521631782758393	0.15452685655515003	-0.6740850297996063	0.8137896690112989	1.051598380500644	-0.3306246556874634	-0.4131674693549565	-0.30427367663841287
DTXSID6024882	-15.484012910969827	-16.919701281449747	4.033377211016451	0.16188141025435193	-9.741643590959342	-4.247932213356587	-0.3997238067262101	1.8318038637333771	-1.7075312831646678	0.9403382454872233	-0.2333703504096389	-3.043575889526007	0.13003482068083155	2.5677700654291806	2.8590796989468505	3.417226878433613	-0.12484392184466948	-3.7622402695935175	-0.4504536447764398	-0.08642516167657532	2.0996498260179166	-0.6009721460353217	1.8199138511404047	0.5819573807884157	1.9110926885156978	1.0422054968157604	0.504604544528116	-3.1549912797259765	-2.3125040757540836	0.9972216163009728	0.6257769797336037	0.7225159338159058	2.0240632516718757	-0.2905939062960922	0.6046589202536535	0.7513626827500663	-0.08415885532021257	0.9547085589455914	0.310425379549396	1.1793387921021254	0.18564446116228298	-1.5786319738120207	1.3502118477051201	2.314073250580516	-1.304827854417771	-0.46407350258041746	0.8789955824131012	0.15675758423765684	0.9697709645941512	1.0181811507705751	0.773435214038685	2.2237957119675364	-0.9676780645718822	0.1450406814385869	-0.8268344987922412	0.7815929789043601	0.019044927895685765	0.13268588163285236	-0.6365338361207259	1.2739190264220586	-0.4857789634787636	0.5193053474582338	-0.8148420368233471	-1.3041102143982877	1.5658692908949172	-1.1032254167297917	1.1537250737565494	1.0824434558719735	-0.7044768493330285	-0.19206092995582916	-0.03383444871779583	0.5964661218955222	-1.1196584599934272	0.45372875651454775	1.5343861674475427	2.2900553983844985	0.5257698922722075	-0.08926498788814449	1.4520076277330993	-0.02316332891131005	0.6954493391181258	-0.3399622934517252	0.026729773559552302	0.2276229502493628	0.07888459072702539	1.0492581815698252	-0.574098745397419	0.8825482110391963	-0.24773381942568995	0.33249415935440035	2.008171880713644	-0.6119045596291348	0.28121285222817577	-1.3593393246444652	-1.038502005694001	0.4360988500732775	0.5248765184463401	-0.7797190427047901	1.2481814520157306	-1.1698705686455804
DTXSID6025018	19.006835478004863	-4.6048398305827885	-13.06702753915305	-2.3218802737681803	4.3349867908382995	-3.41597145716582	-0.16881805152884927	4.0986455770723085	-0.49947453412955717	-0.5183736463129681	0.6213930961845614	3.9576808348987442	0.8940942805883805	2.337753922133027	-0.1404589285772536	5.469930537369139	0.1650883934833779	0.28099619593816944	-0.5474092549875533	-2.4515734793214747	-3.4411908200926593	2.0854503869103826	-0.3078549912923111	0.48707260655896306	1.1873584945096085	-0.7795041316848349	2.642096758658226	0.2834817121064863	1.2825442247360348	-0.902866106871675	0.05760408550377771	1.217614198422493	0.618700391881287	2.3683426715940787	-0.8346788075920719	0.20181091663760323	1.5441385662497413	1.2245048544254509	0.32828237562871965	1.1758758066142283	1.329691828597266	0.12373944664581575	0.34547575390377533	0.8193368837428026	0.18891104404854844	0.5675118601149511	-0.6390152469326525	-0.5362591756124676	0.6384163101849064	-0.7570584936439544	2.1542140651277464	0.03284557573301376	-0.800303028697586	-0.9546343213642433	-1.5166979514701724	-1.3634046073615642	0.021656689057610923	-1.4035544340198274	0.7079851738394121	1.34212100761588	0.26213047622433155	0.8891551004490963	-0.6866799677036896	-0.4399296636679822	0.6124160446476562	0.8235032415659216	0.6539213884278828	0.19471598883110808	-0.7470796002135627	-0.4109998443962854	0.33968898011264853	-0.6508824852572246	0.8324984994251017	0.637348091458572	0.1617267037411551	0.4938429298010357	-1.7772504327867038	-1.301491135791152	0.06044173891319699	0.5647125323533865	-0.2630205234448116	0.4283927043094697	0.7851027123067261	-0.1579151541599631	-0.47722367936575116	-0.01371739007787878	-1.3731877399496908	0.5356280316132818	0.7659037551904294	0.7332516069481985	-0.16700308037194958	-0.11430227621211904	-0.641585509880432	0.393588111897627	0.4761254522724727	-0.2836050693010756	1.7131538402889517	-0.1653730505841665	0.7222925451159683	-0.3951344299771517
DTXSID6025068	-4.772240307634983	-9.838110917380959	11.097479602699025	15.594703308537012	5.8429768319645135	5.925123855968537	1.4359961040132452	-2.383905282887978	4.7312449420262395	-6.2781571755556875	3.462100584821548	-1.6729776562721868	2.616701477298821	2.441099884199443	0.9773043319516372	4.244204210403432	2.3623167521704054	-2.4000991433044163	1.260386875601227	-2.0016049588526523	0.9239010017812739	3.343259697204967	-0.7934806130028104	1.1191540523332448	-0.3731934350025773	1.6436608206430763	-0.16231696252794076	0.9950691708161997	1.05706726734471	-2.3767096457853487	-0.369006415391741	1.6478386278828643	-2.1305919903501063	1.2737014164460563	1.2122777364444137	-0.4071725266774632	1.3708260456891845	0.7259864549228069	-0.6769023160172575	1.3254162055789953	-1.140671170322514	0.10892628218076879	-1.542154252913443	-0.2779649268365377	1.1453079376613486	0.8625967039813992	0.3333092860389498	0.7663110309670189	3.8094179101782495	1.5286887378422667	-1.691615956154502	-1.507085284074861	0.9306514934035757	1.028879423556946	1.2177864799722198	1.133025103741166	1.1046827319035435	-0.5716684458073085	-1.6736455758841453	0.6238413832458383	-0.007441617020680897	0.8515533411216595	-0.26432937642846216	-1.1987906829607746	0.9412924617321234	0.3632472842251642	-0.4962333708830588	-0.31898140030175604	-3.105253281884038	-0.1042229534585414	-0.09542180216706318	-1.0891879793733747	-0.8178455115513683	0.0704066250167425	0.7485676250972686	1.2531161617298334	0.15135578146972745	0.41525920466668664	0.48286655183967075	0.5623758373840011	1.1738635425142256	-1.5257431161552313	0.7053847018751489	0.9858633121990565	-2.345834886269503	0.5654277693398727	-0.27033045543335005	-0.6736085039905904	-0.763661127863322	1.1924114137568722	-1.1607130037891689	0.8555413910224842	-0.9374004954583866	-1.1564362137104953	-0.14119071737372232	-0.5563086672519586	1.260983476592755	1.5930166354609108	-0.157146213893152	-0.26636785938922247
DTXSID6027050	20.595377772182516	1.1758075826482743	9.262304748173191	-10.649791148944487	1.4933559466706567	-1.6099497182887874	-3.7230198608063407	1.8448010651417805	-2.14763137395979	1.2814095754652466	2.236182023923958	-2.537007235456566	1.520909056820448	-0.6417218750817395	0.7125452552411999	-0.2567640456561186	1.141078390016634	0.6907247420479309	3.6531969890390514	-0.571084428821277	0.888988916669282	-1.4579103664485138	-0.4104238714391576	-1.4411632327284953	-1.2050823375927184	0.6708608380622757	-1.1769323352078644	1.7573452910382692	-1.3436260204655648	0.28271575067856697	-0.22195851318604248	-0.14811903892243197	2.218818843120183	0.5635550456463512	1.7842278143937897	-1.4738594235881788	1.7386045426067596	-0.7744948950289038	-0.6495002668888904	-0.5155239299038007	-0.20923776997314317	1.0957580059556695	-2.1457103213869972	1.2950710991945482	0.8413123844943647	1.0860987223297138	-0.7882203815027751	0.5142863831473011	0.3342590653526122	0.9161406705773231	1.6292613332180155	1.3978664980101472	-0.22365625585122753	0.729746878522382	1.6401750278075937	-0.27353337870039346	0.15521556721780638	-0.9153392873588182	0.5576370556104184	-0.15130347274597342	0.43606405969733353	-0.5164347231063082	-0.10976503421445222	-1.4824961406152934	-0.5351967264185548	-0.9721914239192172	-0.09496588178073329	-0.6204681739071807	0.5505800743324226	0.7921287293899925	-0.41960805692168857	0.16288263461568353	0.08850828752832993	0.46298546229900006	0.41147099593518965	-0.1269549054348611	0.7302256944206238	0.4577554264574367	-0.6196963230719499	0.5088947068448366	0.5546036951332056	0.08966451546192755	-0.18308799108532786	2.0161316426081486	0.30354891823739066	-0.12260913403493513	-0.19306554677608365	0.37206763925424735	-0.7937822616732924	0.08490763840551165	-0.2920353670541225	-0.48514181875645745	-1.0860176267027506	0.7757823286815451	-2.2971108805820757	0.4627427708886066	-0.3839323386038703	0.8620152625668558	0.5695067589877031	-0.2697152208397431
DTXSID6027921	-12.458288401980187	1.5133439034538294	0.8266124681340017	8.311386175670329	-3.2760710570438727	1.3896333676461188	-1.236573753967594	-1.6145985946993786	3.3764594873728386	-3.108237472336226	2.4422551509423034	-2.266258057743278	-1.8829710937531872	-6.455999073964316	4.258430720015106	0.8015151256438268	-2.632081569484832	-3.889329880608984	-0.45353832138068906	-1.3449570775962032	1.9447999983308022	2.145678909628332	2.55662270673739	-3.0277369368934846	-0.37592780313393365	0.7337973555463144	-1.270929023947299	-0.2746913452661598	3.9166778013008186	-1.85827222085515	-3.5617235397874376	5.144304228792571	-1.5728461313567776	3.4783654757421423	-2.5464283113154718	0.025419835005170508	0.2723676514193139	3.7506768685151055	1.7317311604121197	0.593839614894554	-0.40519153389806223	-1.3476573365751285	0.18327515611586687	1.106496447719584	0.010334647336914865	0.3577464981564633	0.893346148339826	0.0507812529263352	-1.2330358913623347	-0.09901626389184177	-2.5650627584540406	-0.5743430971490722	0.8974714625597874	-0.7931209800501702	0.6887738612068558	1.2511238436506478	1.0664524114134322	-0.5746559872096103	0.8858466898429621	1.4362281910374346	-0.15013856856084828	-1.0823783344786693	-0.8490815279055319	0.13040097416190047	-0.07203200532217469	0.10917032852254717	-1.0167788192485614	0.40942660391811253	0.18301918582605212	0.1730139659925719	0.21492795651026536	-1.0881838842576603	1.6290359419712666	0.9540434950579224	-0.36710196475934753	-0.031291294575372275	0.666781323638453	1.7239389166015786	-1.6888173989571147	-0.6957701875138388	-1.66784946674848	1.5109227755853516	0.9968369002437312	0.6855595125134798	0.5815082160529966	1.548130039085653	1.7640516262165296	1.738249746057737	-1.382584652646829	0.7045435268440378	1.1077322143789547	0.11649099783467486	0.31675108488011616	-0.6379874648991312	-0.8399354582578218	-0.06302229430028587	-1.1675571627004664	0.22209041363878504	-1.0095889510989717	0.4147488589216341
DTXSID6029171	23.212652940668242	-11.421166995732555	-4.555268240302031	-3.489252868083174	7.588567455208199	0.973220298319483	-1.1238470631400155	-0.7912678084272423	-1.1380655330878238	1.8615335074163992	0.8706612193015434	1.3751575123178366	0.7191861499822486	-0.11913164150577855	2.9160622556590035	1.324400838567104	3.2087851758413644	0.17245487252949446	-2.1918711549062473	-0.08658506935851934	-0.19080612584307405	-0.41712551544779763	1.2118124540636244	-0.5626687764502905	0.46238787036127066	-0.2324800083978517	0.600474035682083	0.3731752694851824	-0.119528290168773	0.5780886318184524	-0.3274647739745649	0.26464074407460236	-0.0742362991301188	-0.7835724241847838	-1.4068098962547668	1.22825944446123	-0.888710629447354	-0.1292145285799951	0.06932232245709283	-0.7159119649712526	-0.25678857540236255	-0.5964726562028105	0.8243017341974332	0.5611121148994371	0.3280368824994428	-1.0458465076196795	0.32128668099504093	0.81522986607735	-0.09423220705176964	0.3699559610228191	-0.16519504967109588	-1.783975505108748	0.4951487600845492	-0.7610738960268973	-0.1693989520246704	1.2184953960754061	0.5728016325102807	0.27358976078428143	-0.7500660128606584	-0.8167357503078724	0.4608770742906038	-0.04078734632360581	-1.2232282634360294	0.3466201422684077	1.5721928138717864	-0.3590809366059593	0.5856911610583148	0.02108093764510689	0.9903955835592629	0.7323237378694004	-0.7478734172600766	-0.8713643210724263	-0.24252630076971451	0.1949418780940269	0.28634692033005904	1.3269150038570083	0.18238669568983729	0.5022604470995979	0.2858240646727195	0.036068227742150814	0.08920357469317311	0.8126494057833331	0.39962911718653377	-1.1687196065709595	0.3802608573440239	-0.07817958642827232	-0.15510054657549063	-0.6541934963185929	0.20515035095028458	0.573039742783421	0.31096950836603465	-0.1912217238601226	-1.0020550838283937	-0.2752575293589951	0.6490809141745117	-0.8574478233018175	-0.20811755904789825	-1.08961357255897	-0.39835704344993894	0.13864174713572783
DTXSID6032356	16.661919615817062	1.2484926009754145	7.000043302951385	2.452668480904892	0.4621891691790728	-4.02909437406009	-2.8364572753089528	0.7210601310065949	-0.8107733129012132	2.0739990721427386	3.3670192140166484	-1.5229861198847667	-4.35082734001695	-4.810517345358227	-0.06289228230651009	0.7751596847999814	-2.512565267409627	0.1358638607132063	-1.9276305678486638	-1.8071125679952451	-1.5165365560153532	-0.8885100898153542	-3.251858209534516	-2.7039916407768585	1.966553056294172	-0.42549475106156404	0.2426896331641457	-1.651506099341501	-0.05088867761629106	0.6637831424894522	-1.222476252423095	-0.8435134410365276	-1.0741276076767796	1.9170270371702052	-0.8047223233631358	1.373048182099756	0.3675813696640171	-1.239170617365223	-0.9909083578011095	-0.22518663989533447	0.7518811871184853	-0.2934609919022152	1.4298453494941672	-0.770614820569469	-2.116177298540533	0.6176041519058255	-1.921346558563227	-0.19843253505683361	1.0000359340246208	-0.3883745956591696	0.6326895626289443	-1.1497149661905768	-0.10977579985407995	1.3050354487034597	0.8872436854723157	-0.5979024204193797	-1.2110863924406703	1.6939027017295394	-1.8357424786561165	-0.8087384145473848	0.4815603713415605	-0.22593520092707056	0.20444061156872587	-0.9128679149628001	-1.0184573687224436	-0.12965917071853475	-0.31347302117046644	-0.38755518183498977	-1.4259079342539849	-1.3015564256837138	-0.08914319064419511	0.8948372999596613	1.1880275317141387	-0.9739977434433018	0.6643716990288717	-1.210288780875983	-0.37918993016069896	1.6582800570635687	0.4964417919503752	0.9574429132980993	-0.40349521744197603	-0.7600681133094102	-1.2498579830937384	0.05129569514782026	0.26372713964027505	2.4120308967110526	1.28234675904571	-0.44368409366888223	1.9334964851796748	-1.0276756058901897	0.7145063204205614	-0.6236625372875125	1.6588465040840241	-0.23527812986389368	-1.5650353700401558	1.2733568908388657	-0.21801112566441821	-1.1496715804061373	1.1994468470363309	0.04686375392105826
DTXSID6032562	-9.31572024888049	-10.3996000808888	2.358298129602079	12.94942600385312	-3.9029939051265687	-1.743370840691302	3.4634131289320984	-1.4981446437670023	3.1977234330145894	0.9564271905884644	2.1576777015018096	-0.17914849666607147	2.252805104446787	1.0767236139074265	-1.0659850443744272	2.354808689367345	1.670023150127927	2.108228369819457	0.2109356712079698	-4.7084758647108655	3.972938370750306	2.4384467482242496	-3.920705538919699	1.6401429624131798	-0.7721365765620861	-0.9564783661566881	1.7544668848494558	1.9281175352315845	-2.74252866055477	0.7291458625410195	-2.484186107246352	0.5349277535504708	2.795416287244686	-1.4468316352068538	-2.76990627418858	-0.06185236754929372	-1.0187375511702523	-0.5416421346401781	0.3309689946366673	-0.2728958468162504	-2.6493530581053504	1.7310263396433976	0.6331682164917443	-1.066554689934983	-0.29931340741020607	0.8474712815887866	0.004443064527218189	-1.2603078471865623	-1.9842155625202165	0.4303418784163639	0.5244111654163309	3.5055917025103533	-1.248378176847034	-0.5891542398908086	-0.8556016460210519	-1.3940117679421147	-0.3186503617687569	-0.19459445161087432	-1.3380553306962697	0.9040860560337368	-1.5387981630765912	-2.123484478705424	-1.9081921434700033	-1.859868654143645	-0.5254949184795304	2.3948725831232047	-0.7322138277728055	0.3770408064928701	1.7345673375235047	-0.13120951201973555	0.7221863577948786	-0.6331345358514492	0.389285352634186	1.6833145097252873	0.7693523922917892	-0.893167170292534	0.6705219401391486	1.6161549039720693	0.08749161665263372	-1.3161017229257947	0.3408433344395532	-0.14876983976012872	-0.4059052777856332	0.6010694612837659	-0.24669871577277783	-0.058561573172472944	0.7239792620924647	0.42418802840446795	-0.13444140494815732	0.6752541614848522	0.24672031031794278	0.5465840282377419	-0.7163501583259827	-1.6411844205087696	-1.1331864493449495	1.540622802243833	-1.6708093664871604	-0.20637334898175616	-0.5599670977629683	1.3246371756722775
DTXSID6034186	-20.899056833319833	-22.459419042529795	0.7717134003069496	-8.538787055079286	-2.6949552070580554	-3.330510766274136	-3.3399211910773308	-2.968194924649696	-1.678795344088317	-1.6891897006274763	-0.975184030266292	-0.6285721499616291	-2.895266874496162	-0.7346514032021626	-1.6441234462656509	0.343560890018064	0.5797924266765845	0.8739262690526942	-1.1285090868577043	1.6330100557923928	0.747985180300122	0.6826658962155407	-0.8468902720151879	0.9879727173981824	1.1583220117948547	-0.2745487266167434	-1.0733778026914462	0.6973626167619488	0.6961000284555462	2.3211717683069644	1.7388810326296271	0.05765370104514304	-1.34274677747782	1.5614579980476435	-0.20666217917794613	-1.3019750554835903	0.1999719822274558	1.0017636461295565	1.0990293912291336	-0.43055914963584335	-0.9536123392306914	1.0393473032990133	0.43742683017873396	-0.04244459277177475	0.6967445402466167	-0.16577686480153847	0.9045810831602417	-0.6508866394754327	0.3559895175804504	-0.12647917739852127	0.3568501564986712	0.4715289468643633	0.9852038299876382	-0.629687838179439	0.3786351627318375	0.813069355923784	-0.9102265394439085	-1.711062184364038	1.3556142470493255	0.41580638686512683	0.059222401089447235	-0.9773232200460462	-0.1148063449623366	0.011849970817794396	-1.330452995417463	-0.5575274236122569	0.46371394499776997	0.20249044094140572	-1.2852608604512685	-0.7093181830618503	0.42490510701303896	-1.4711538741831438	-0.6032604298448648	-0.422031649044096	0.04260843009822345	-0.5886491376238361	0.8877265277506994	-0.09986199211181733	-1.324026279753263	0.5545014428096782	-0.3564900669274866	-0.17785479803816212	0.6800489865561611	1.2096946100567636	-2.1410820320629904	-1.2985727008088572	-0.7971247854528636	-0.5241335495323542	0.011960290275392154	-0.704349591905682	-1.7648629016082849	0.630758951725417	-0.6264847886145135	0.6304084651135717	0.6435518067930234	0.008161874677530774	-0.522551621387663	-0.33435774088876896	-0.05033840513487456	-0.09951782534949667
DTXSID6034928	-15.904478399063294	4.982808584334445	-0.6442605198410071	6.456849710142485	-2.727236962046211	1.5630584080298497	-0.6329469000965174	-3.592862599184168	-2.1548970765652093	2.9845130586278077	1.0243662093064463	1.5869370145462396	5.62582675594381	1.7227867498829503	0.10619776509456488	-0.6763435076043333	3.9023947844322953	2.287182729327418	-1.1479572971024814	0.3686291123161871	-0.7544448705426284	-1.0769748979016815	-0.7996813728858304	-3.5697632539936635	-2.3662023035376376	-0.9306940880334357	-0.0785400152633926	1.3440831570786334	-2.1419629108682234	3.926807174249644	-1.2879047073272667	-1.825062290506062	0.41692947833581556	1.9218423952901267	-1.1896594188273442	0.18041407223968756	-0.6567255144342604	-0.08843318845762088	1.5481098227218804	-0.9341335540102689	-0.835306546096229	1.0775558393164264	-1.5639626028927753	0.766411998064588	-0.6639673095152483	-0.7100549828838041	0.05687819679146942	0.09811637649521943	0.15544362021065833	0.28304421791658013	1.611552591645872	-2.328693139791116	-0.0016153257037852214	0.6370499231573145	-0.053243419803111904	0.19614887553984411	0.18457009925048212	0.03047254375183641	-0.37339936689763364	-0.8967267811971282	-0.5082693993462751	0.877089079635167	0.7651062314955717	0.43722649535118896	0.6982432694732612	0.11666451120671957	0.3637295326927746	-0.24553008436607257	-2.3735473037291666	0.2565552193324299	0.9341758848901908	0.4821257437352612	0.0547311142657207	-0.5032070613854221	-1.203091446479453	-0.01847107067061537	3.1497631559979418	-0.06269773107586862	-1.6513431947077855	0.8167758082343832	0.5750977395969322	0.6273943198105101	0.0861119681518798	1.2294858912996776	0.06805155441436642	1.503213574366591	-0.3738215807030853	-0.3367087762112307	0.6041472009530916	0.6277452813879506	-1.1499084955136039	0.4315462909863661	-0.5747738637546381	-1.7251084410217277	0.5244014239759048	0.7614749919224892	0.7056959577873734	-0.5460282011808864	0.13698214444348075	0.9462317920931727
DTXSID6034392	-1.669024932241921	16.696751335606766	-9.18115920382009	-3.7805779831592465	-1.8441731618694077	3.1361213757214284	-1.393398100700859	-8.95839758228614	-0.06832865825651606	-4.588623571099247	3.8841842034113316	0.31832762393239067	0.2101947336529284	0.21600250251580475	-3.571756176399501	-3.293155967979505	-1.032103070901655	-1.8963036651156147	-0.057202466689197116	-2.103975206293919	0.35627238954349033	-1.0521321399782173	2.586815227706346	-1.4538921231547703	-0.3548771225768216	3.113714401407197	0.06819631163805961	-2.786456849318641	0.30362083346902335	1.7206597504968388	-0.5410533549131501	-1.0392964077788702	-0.747685652718462	-1.342788020244175	-0.4777883585472236	1.507773797738067	-0.11353004440749052	0.8077238090540702	1.267214912276943	0.30020058169473607	0.09143659546583063	-0.5318940942600793	0.2988362009623414	-1.334445013682386	-0.5918706598347	-0.8586539857297087	0.1966077880537118	1.8466733464018015	-0.983771191936666	-0.6480653560948587	-0.023205424445270795	1.4954394832285023	-0.23733608286080068	-0.382927093198313	0.4120757500178592	0.8065506811062922	0.00882768563490288	2.2654672113839616	0.8478004712735727	-0.564696011391825	0.5049544468792724	0.20444099451538555	0.4393053148452852	-0.9718650875672418	-0.8283147855691766	0.1456915231109256	-1.1719770477295008	-0.26039434692236657	-1.780746967365657	0.3299930783390957	0.8985926838157886	0.45524375482211626	0.1415046422150695	-0.21122040086720112	0.8537857022281093	0.10087913593471329	0.40826099631573637	0.870630979898384	0.8490859901448775	1.3844975754239377	-0.6341749712158095	0.560235203266425	-1.316105545805037	-0.028000418115126487	0.36489500083695764	-0.6225680565927673	0.6045183338334156	-0.9271149118392182	0.5239974654969912	-0.3354033130048373	-0.191732091136239	0.5663499826454921	0.128237154404563	0.6970032395246302	0.4530889910486323	-0.5310393353073783	1.122019950910952	0.34798219207501496	1.7887612373146047	-0.47144835022922515
DTXSID6038827	16.862574354656864	6.662956296645881	9.558566091282433	-15.301290393817922	0.200305819552807	1.015357737666307	2.877855410804029	-1.206070176163695	-2.007575912514656	-4.4524969170536615	-0.016830176169785903	-2.835392835721944	2.2041528708022495	-0.13848612775168687	-0.04941760212929555	-0.12451028167547047	1.6263276472355723	1.30134595571135	4.559883499494725	-1.7519678385921167	1.1650495139453791	-1.6870266676964816	0.22356313323301227	-0.9250379796899323	0.23884554584886558	0.8280347260512393	0.13403792902625433	0.36344709933023156	-0.5084337788941693	1.2433037270644536	-0.6410334734145684	-0.10935519282902942	0.8135233306825376	1.2103671077194642	-1.7038474516873814	0.1590991142507687	0.21215947272089933	1.0716787625049333	0.5426985088627361	0.03483130140386342	0.07036569641602233	0.42710026854753236	-0.7380921826707799	-0.9298632754807481	1.1590116609393482	-1.1950510632930949	0.2533786278890437	-0.9929778171758747	-0.7679643699366524	0.1848537767501433	-0.8244317363315534	0.019764328989343816	2.0797887110877116	-0.25100144936702945	0.6934600542066879	-0.4630943826764541	-0.3260397028889283	0.7449106325480764	-0.0774272413537654	1.267674717245179	1.0280283045276593	0.2900461416569117	0.2659947355124574	-0.3299826118911642	0.29025134037344547	0.21046292367482963	0.8691799460204428	0.9930287903734404	-1.5569699352212374	0.1055659167214956	-0.951318554427461	0.827546289883914	0.9124250594374124	-0.0452714586993041	1.0833903511800707	0.5454108894883014	0.035552112719516034	0.10854935320535539	0.38383819162146726	0.37950974201208154	0.7622612071997458	1.1117324733839702	0.36158002434994285	0.31109123994206955	-0.11723050890915111	-0.17823713971374763	-0.2758964003449685	-1.0004424115323043	0.3249635229890922	-0.05135595597677063	0.4334458144552817	1.182121302741485	-0.10862275495319837	-0.5670543061793357	-1.1279461373436441	0.2834652777847125	-1.097734217366073	0.7250757852743541	0.8244445408649639	-0.2115997172251197
DTXSID6037564	-14.808459132222579	8.175092927044819	5.4437164628416586	6.531285620252698	1.6016248922991398	1.155215789700788	-0.2996559865962008	-2.5366507118168995	0.7949797990743417	-0.46859620417142406	1.2415413363288164	5.5328945883719545	3.3883694654469965	1.2512133248576576	2.6502239707464654	4.540421715229254	0.9383291915209933	1.8197052174030266	-0.5167079703262742	-0.7686136969886351	-0.8262179870108256	-1.942475335060458	1.3799763655638004	-3.4244817610327702	1.0193119918810563	-1.575630926997594	-2.0020540204172703	0.14050393291347368	-1.5133566563124514	1.172729971730743	0.6893313231556643	-0.6941101921214862	-2.1030627030372173	1.4118424324769703	-0.39314862869762823	-1.866913995748483	-1.0598949032021108	0.12926606068218416	2.415086222285263	0.2521716350845196	1.1686438794507699	2.2947196456229944	-1.6068030673966005	0.7748919386552221	-0.7574986193576633	1.1797131631202484	-0.3282386935160728	-0.28293966246556623	1.998430825270527	-2.23865325733024	-2.8971743709329427	-1.111097952764846	-0.6067608312003835	0.190638840149592	-0.07270781589300715	-1.1440152756645183	-1.0236372034100325	-0.27457878882444114	0.5355428051062252	0.8617275545153905	-1.2427066546330563	-1.6131504701674184	-0.19659898906015683	0.42732376441920394	-0.07305441952770615	0.47418754180865696	-0.5771496195217988	-2.3143554621921862	-0.7421630307386347	1.06671175342713	0.6557301154129499	1.2532947840442623	-0.11827181046505744	0.33773876153932747	-0.3607182532268922	0.5455583131950584	0.5931430495420212	0.27836893297239473	-0.96883807675476	0.08914444194918265	-0.5428727946182179	0.2571490358787387	0.09691093268570727	1.4067854415346166	2.6261453679331086	-0.14483303074629564	-0.3193141900239995	-1.2332150169990235	0.11926483447413891	0.6376294810544124	0.0018026356763424138	-0.5196415214820517	1.9486775955216693	1.4788496270886793	-1.0758953345704438	-0.6192326173374829	-0.5887673515992373	0.6732088683981261	0.8379250408390265	0.2774317786654057
DTXSID6040747	-16.963798616907503	-25.327374806959774	0.2081896703264847	-6.206754971752964	-5.899376327028484	-1.388980521036642	-2.2602797812596402	-2.224223115635019	-0.5987900231609978	-2.8205314112505535	-2.1563428577366324	2.67205556834795	-2.738482981842428	-0.8091711888829672	-0.3576932246075409	0.6259694343344494	-0.2856806704275887	0.20581904620590885	-0.7659549148893311	0.23550941073671217	-0.6464268226507888	-0.5448721584084352	-1.3661471165380106	1.3004544694362978	1.0350526765269252	-0.729554963413462	-1.1503124701981462	0.08383821802373949	-0.8573518358783196	1.9241037844211837	0.1791655817826066	-0.5849536900905622	0.06294577735402222	0.06637777453611705	0.4343620843283978	-0.0589063908636464	0.46901457881322306	0.4088233996286417	-0.5852117474853917	-0.5137426438222595	1.2031996077907943	0.7570844167456084	0.5230426296113678	-0.3331930622458683	-0.8074333591252545	-0.2528756778340025	-0.47399100246720094	-1.0646018147145275	0.5838499843686559	-0.5575236948621044	0.3017239113689241	0.2667036144667306	-0.1557577196367014	-0.2852513149450037	-0.052447711490173445	-0.02176172649392248	-0.6007881951917381	-0.4919965818311369	-0.022197829348208267	-0.6327742982342598	0.9095536596287317	-0.9056911891628553	-0.9152900624323745	1.0734348712407193	-0.00927092635435764	0.017090417607632292	1.1152667879085842	-0.13600819971777822	0.739850584499507	0.5142463224874666	0.7066474142159663	-0.6638020698870191	-0.2979179380599188	-0.37215198632045016	-0.016161913365268905	-1.1567766307357463	-1.2254351235375132	0.14233556760485072	-0.014453522028478487	-0.12559316061566853	-0.42783808615419766	0.5857809867861333	0.5189828705433865	0.31220332634036313	-0.3954476382997299	-0.9296670020709881	-1.1268712854712886	-0.1567981772966202	-0.11935017953598567	1.1445312345349414	-0.6352565593929997	-1.306376176253759	0.9540327937671819	1.0867683844998928	0.10843553954117441	-0.23582276991797108	-0.5186697277654454	0.27001647463299056	-0.5427097718941768	1.187252643944414
DTXSID6041422	10.41325840442715	0.19216365265147456	0.7147124443652704	7.90520849927924	-4.4131901313675455	-3.9705160172775646	2.9755001135949	-0.23823461961461415	-7.6810054909510255	-0.6086923494065033	-0.9376504207602014	-1.3260858376500064	1.3514108247147343	-1.8157832828651668	3.836558835827931	-2.4291109910343476	3.0959731025997206	1.7401195980810993	0.9318680257003816	1.1164095001515075	-2.568267629758227	0.11804230161692776	2.3056873725052593	1.192866133556315	-2.8140609087045725	2.7014057097758424	-2.452401695709359	-0.8090969392437409	1.5874078798002733	0.4469384311354657	1.8029918789959194	-2.3635395057093125	0.2850098520833565	-3.502784040186059	-3.887395912610767	-2.2616091167639163	-0.16765252658697513	1.7146804937307119	0.1226740322700709	0.40629367566801533	-0.3960345445483808	-2.732856030007567	2.1352437952923475	-0.15921587596292852	0.9146481967107197	0.09178307916062148	-0.6559338296631986	0.07549449337551772	-0.45231748229228935	-1.7435782371614756	1.1840146640463776	3.8982673345340606	-1.2944955933647189	2.8769250821505206	-1.586440124803182	-2.053025963735689	2.2382072379090165	1.1311199437475734	-1.731513508563599	-0.23844895243998648	-1.9477511963128242	-0.40123310147679886	-2.059445380229403	0.9004952508029791	-0.9443095151433406	-0.28145085745148396	0.8279545282037204	-0.9305638247639743	-0.41502865131588107	-1.5751133450538835	-0.5761927722401982	-1.0951073175635613	-0.3734018403910563	-2.6124142725550032	0.8069665477721415	0.4572197302413877	2.1870469088578854	-1.3386726786470309	1.6470127053491308	-0.760711764433791	1.491919673367503	-0.7998353438300921	1.8585568813836004	1.7390889233468796	0.7366864371641813	0.48890480395408203	1.3621367442081809	0.10738471298788028	1.0638702933194784	0.08943312392235034	-0.47151863154114065	0.2559244752598012	-0.022995681996067056	0.2993297101457363	0.10526987058891907	0.44053796369574605	-0.9100666633653818	0.04524123405049736	-0.7182825769049273	2.2625364000781927
DTXSID6041397	11.608046535076038	-17.849597339485626	1.6596261698426624	6.221270752770545	-3.540448387047387	6.243778636058854	2.2239495889195267	-4.972394536544487	-3.9547462646574605	3.6489495581084843	2.456339400832215	5.812189106229265	1.4010216600196128	-1.8999593789300968	2.63410461476041	-4.6691936548047135	-2.7565586774089956	-0.18353146843784857	2.6001432130209468	0.5634175644216953	-3.4887795508445336	1.0665951749071232	-0.11112630131997335	1.7778386522544072	-3.1084488144196856	-2.572564529585278	1.0126429276553006	1.0077675992351731	-0.3555961725014792	-1.9617196436104114	-1.1257957542401777	-0.708461669965074	-0.1200289320474966	-2.1664496412034975	-0.31469154604425686	1.2165433260697465	-1.6098119309921497	-0.10825462995965679	1.275577906525066	2.3718407868158087	0.6473124414820279	0.44786477142784337	0.10247929507449173	0.3509639912650359	-0.2651115974061286	-3.0170997384026212	-2.251099308668188	0.6839080471586205	1.5352868886545752	-0.8830026255038018	-1.072846981177182	-0.8606536668611839	1.1530194212385954	1.084694491651231	-0.7677263355946172	-1.4246980139401997	-2.5897940658883867	0.18977884131839348	0.5179452914339271	0.9269282047054105	2.4835194939668734	-1.6921896828285548	0.5379652134181132	-0.3165352373651007	-1.8177657035776909	-0.1218988386836471	-0.3139025644653693	-1.259836118448226	-1.1605270972283963	-0.6833255476565796	-0.39471697521617544	-2.1852734453561524	0.8228017049507339	0.637739354989601	0.5461367367066576	1.2023879850799812	0.6619406561659286	0.4082854671532138	0.23551154783840977	-1.48195025185867	-0.22510737462978972	0.9874070002404961	1.2360621545704364	-0.8848662313466034	-0.8001303346024523	0.9899073665391149	-0.12156175170976032	-1.5998453675961142	0.49076834177688955	0.45813763083618453	0.29396527413662177	0.956415062885581	-1.6794988167476137	-1.838481445813831	0.23966078358404008	-0.941019574513541	0.5974576576245508	-1.6645800803447317	-0.0041321632023156	-0.7014729591967486
DTXSID6043915	-18.525747725374856	-24.70354820932964	1.1262205580025118	-8.057894361671389	-4.8937163910241885	-2.3921631770311835	-2.274273303415371	-4.479037404898587	-2.5368954554445944	-2.2155781881243293	-0.6225156439443721	1.3347056857290798	-2.4084180727356106	0.39378470524471226	-2.070391675066431	0.8650170086841686	1.408431076564731	0.8406090114529606	-0.22375432084096653	0.605247353393028	0.6943447517428791	1.3087411597327292	0.045590084580381586	-0.18632887377254687	1.466212676472294	1.158555961716908	-0.7157775940559004	0.18916354778204714	0.2731521724060429	0.9971870082081884	0.7230901505516577	0.8406827893687566	0.2191818626000197	-0.9533028609250301	-0.48338018682741024	-1.0064309628829953	-0.6102295622509868	0.16115138650911753	0.14506654566512805	-0.8574728776101392	0.8593412940080152	1.0524389757349335	0.7798674354620911	-0.1283776650693545	-0.24337061670020024	-0.006695027068099716	1.254797280102423	0.7738232748777283	-0.79526448679674	0.8495434657422465	0.7275030587768715	-0.48447860658558756	0.43058268731461025	-0.10141657830334057	0.6294106739799319	8.745932379945686e-05	0.569343956922641	-0.5637193838432026	1.4720785107032868	0.15963511006077993	-0.5658471673918017	-0.10045769960449913	-0.7045393814460577	-0.3577808004094756	-0.983749283332469	0.3416429477619453	0.314338499882337	0.2315238688126317	-0.46111581620036346	-0.629613308276292	0.4225745577602828	0.4026148578996033	1.484461767561208	-0.020094036705547654	-1.0643436787052873	0.059535363177520395	-0.9810883460394176	-1.0039428110741575	0.08654256832961563	-0.39794209686112986	-0.17433261524632418	0.4047592412177865	-0.07088946315147349	0.5953428659387845	-0.8509017815328382	0.16993541317684777	0.7461109095398322	0.637441522566027	-0.7879937668783393	0.188702782668663	0.581161681264695	0.6778178888123289	0.0982895506745369	-0.8053553144570327	0.2481348406605461	0.38706143426939693	0.5381864929919729	-0.24064846087898364	1.0219613623707524	-0.7316504519380679
DTXSID6044430	16.644709276669353	-2.4869808898565697	-12.851247370190153	-2.06541506925816	-1.422838428413504	-4.153533953678999	3.1130874582534473	-3.2939108851540118	1.4332196699268027	-0.8520777679992552	4.005467340417508	-0.4171001387618527	3.5068462292126794	-4.235028345051157	-2.236898452621073	1.8713129356528306	-0.7376431930895369	-3.473114258609804	-1.1287343333378377	-2.0019573411846947	-1.1398760488072113	-1.8385450906778207	-0.8291051048777955	1.7073719742831197	0.9010276179550988	-1.8355296706025754	-3.273405196088226	-1.4678898028231557	0.6171590193510197	-1.2483513292650015	0.5262592896089581	-1.3909622800833619	1.5351588403886893	-0.1630753583266443	1.124754079691889	1.372130331272262	2.083665353609969	-1.7982426594976335	-2.321806449475922	-0.3065883339772732	-0.3074355600065423	1.988322672472054	-0.7096336224278565	-1.1402293922364808	-1.0602875909911331	-0.8794766557910522	-1.5218506532723601	1.8282795617700243	-2.0594110698628096	-1.0276314414831658	-0.9594259440882497	-0.06931353350638385	-2.097284635910726	0.42685527828988473	2.218185640995806	0.24941528044846642	0.7647865635028318	-0.4570336930563594	0.3008652468070114	-0.17919384279201564	-1.0723328761145323	0.17020926926624655	0.26210169629093294	0.9416183247043398	0.348860551627079	1.252700633338259	-0.17909389849821714	-0.9462865922337239	0.6732110485586607	-2.028667908908201	1.4185639069596185	1.1374783053934923	-0.8609347355861485	0.27124089755776987	0.3743044398531692	0.5179662091723207	0.3217978172190928	-1.117539389905006	-0.016918252336061194	0.06355116299071013	-0.1682802431791146	-0.735940831790295	-0.5886320702918932	-1.6324801079441382	-0.07581912420978995	-0.3713042889330653	-2.01970792890384	1.779365932448872	-1.0617159725669085	1.0142387249939626	-0.049675417356192415	-0.8148438119054663	-1.6935473793282338	-0.42904132200317446	-0.07216624826418422	-1.778578078827762	-1.1670153994548733	1.0666661798114845	-1.2189191408443423	-0.307565256683713
DTXSID6047311	-25.280428339215597	-0.8274617135354947	-1.951345661999615	-7.701749533766886	13.545731909946976	-1.808235208775708	-1.3392606223537444	-2.180630183171738	-1.4455642128602748	2.006047659789805	2.8486448313258004	-1.2638589649766587	0.6409591344986707	-0.884835867795064	-1.0344614824733929	-0.9277148789110498	-1.0645762137421975	1.358454889571969	1.2732844477976293	0.9895823354180836	-0.9941257595172327	2.59887124512211	-0.8154442568561685	0.6964176347409425	-1.5817018212441274	-0.6738597038880011	-1.1977295106656147	-0.8749638862170611	0.5262324584585001	-2.700350971099608	0.6425615654466438	0.5568195106481472	-0.19017574624739392	-0.33407149882300813	-0.012040273498493861	-2.0970858641699066	-0.14243516301011147	-1.076105002926668	-1.332411673691452	1.3709140150108932	1.170209987318156	-1.304372666162324	0.16810089076441137	-0.7936111644306998	-1.2825699647728408	0.2739554913294503	-0.010333521597852849	-1.663760078233926	-0.5546352231913632	0.038588826479301556	1.3621334507515446	0.7437960432222277	-0.5387325327878393	0.18849402375451	-1.5237946997624712	0.4604314273856888	0.7196836627931773	0.02695488988597708	-1.2192205021419034	-0.4012267751146735	-0.859044361513217	0.10239803841549122	0.21385591210440696	-0.2789268060631632	-0.4435158742889037	-0.3116045254627556	-1.0268013817919792	-2.1194800106287377	-0.45547537735854826	-0.9819141834586184	1.0490152972994593	0.2794470741527789	0.3772721455929703	-0.8560118930772356	0.02695771458932638	1.0750437339204426	-0.0861598265063898	-1.646797844559728	-1.0090257922988992	-0.7755117723747261	1.3048025362178157	1.5360737418906865	-1.7938450417436074	0.8073803477236857	-0.7753507938198372	1.4202849448338561	-0.4579083241087674	-0.06135852125953905	-2.0422124902477052	-0.01051207069729058	0.40716797892456263	0.6179721214250934	0.9438031743562959	-0.22153273897658704	-1.0650102427628516	-1.5112427979987932	-0.2937458977756012	0.3286584768350793	-0.24983230407157678	1.1845045178869313
DTXSID6047363	-21.084953610995235	2.9175283363110895	-4.679763300805756	-1.4426631010150448	10.803505183411021	-2.3144635610066424	1.0704340178403107	3.045230947038769	-0.5456258219929987	-0.840791790516964	-2.8065287421004803	-3.8005781402470458	1.9149269700500193	-1.1438966219645363	2.486034112887599	1.366690517754288	0.14215364106522793	-2.2448586845169354	3.251429634160627	-0.112197895911191	0.7774578334948423	-0.5155210528566084	-1.4730919543439673	0.5247637765307155	0.2098012494036375	0.43474265613914254	4.348075421266371	0.11750490965979661	-2.1117228950264764	-1.4336736408998174	-0.6687094579472544	-1.1428922035696987	1.1088835917542372	-0.9827910035540142	1.5022846700502668	-0.1458116395098019	0.6269292226669602	-1.395514507615041	0.4360210838730201	1.2781123561665946	1.0342736607006653	-0.38736489049134293	1.9845888166341443	0.590787196698194	0.794554668045015	-0.6208073999289699	-0.7865567506804007	0.03302601399698438	0.5686613732017967	0.4552005738453379	0.8987841207801018	-1.4543054128261383	-0.9383313469296032	0.5315165110467631	-1.0878630287280056	-0.2008264190515459	-0.4901634482697727	-1.0407541532215336	0.15675383229703094	-1.3263753660625301	-2.2243832393469543	-1.8974417130113228	-0.13428311278840943	1.471134233609074	-0.31675011708501893	1.996052791471261	1.571635334619402	-0.14806230900969947	-0.812157658894299	0.018752250225220334	-2.2946047612446496	0.5796005545616004	0.655432626234449	0.8535388465597137	0.9132939124443554	0.6895290992420109	0.029087893295285838	0.8240746321393044	-0.4181311073835525	-0.2429333119658126	-0.7617443248057143	-1.9125965435513808	0.7783628075127209	0.6956209884371909	0.8199309912127036	-0.2022893071279252	-1.868997574924665	-0.4638840788323253	-0.13825228009084062	0.581580003770615	-0.4782419543224636	0.7565598318973971	-0.06429648344510436	-0.21354531034415863	0.6543739252517656	-0.3102218181734923	1.0748917532826312	-0.3897156076639296	1.4556282430308205	1.3005657892154758
DTXSID6047525	-21.543600223042056	-19.751346507684914	1.1473104434580135	-7.606834120840597	-2.5324822843748125	-1.8452767447212244	-2.005136272966219	-0.31818820355794775	1.4616455326652713	-0.6102199842572845	-2.8864316505580074	-4.815466354485032	-0.7561658195067513	0.705068841725623	-1.0168922484918848	1.3483877180799695	-0.6592687715311709	-0.31290506338558804	-1.9161148464106716	0.5608344614600789	-1.5731703794744507	-0.5745427402276375	1.771216739562328	0.21946338862412668	-0.042779106354814106	0.1803945180967261	-0.8581317541960715	0.5726011947737406	-0.9140726863285955	0.5564114364834044	0.25973675194169443	0.13654047405623101	-0.4748825770537635	0.7069949031739289	0.515957255303471	-0.43414763049825794	0.24787754483287835	0.4870986631801899	0.6955786605134496	0.6248333134138097	-0.4016745582274838	-0.875986510280429	-0.36369357142812875	0.21390668329163454	-0.481299377391064	-1.5664779553471528	-1.8480839894029129	-0.9105074423837247	0.11844690432432058	-1.6325773038310654	-0.7416404026469856	0.9618876421214921	-0.6671567046406714	-1.1130245170687587	-0.08776984968867382	0.05677944500536909	-0.4755283262427544	0.3543739224017895	-0.23218994702240148	-1.1739052549083344	0.41482857532607526	-0.5863598451798764	-0.6598495423210442	-0.5214955954047934	-1.060857090946458	-0.43947337689981186	-0.4735934317783047	-1.0409382263155025	-0.3231525036507863	0.22850083491448878	-0.4789009672638322	-0.44733645467575905	-0.9409070247162103	0.9391229070400046	1.2044844985991656	-0.3195966458862516	0.14773566534014887	0.856583995937611	0.33361737184298706	-0.4445841542157017	0.42721622003922527	-0.2620515550640181	-0.5293450777262754	1.254772233160205	0.9728280261395583	0.33512923207732126	2.6446039357105295	0.11551721604310268	1.6165600757887375	1.0059840722372622	0.012645212983240384	0.22125603909085717	-0.0611204821210827	-0.5672066981986933	-1.7237293965752332	-0.3154811296305205	0.3370472946402298	-0.1229867088208924	-0.8255677052561101	-1.3010927667644856
DTXSID6048175	-12.834452197214475	12.440284505562445	-3.228251514796523	2.710155376686621	5.610153864988437	3.1235208359725437	4.841513054463172	2.116791046300899	-4.329947983800523	0.8007017793217542	-4.587393131697679	-2.2837292096762978	-1.6392460662002861	0.42777371555398475	-0.8449865864178517	-2.1344224899550426	-2.4058018539565467	0.9197739730166357	0.08008715787418932	-2.6374898847915293	0.061347918813576055	-0.012135299771521548	0.37437737659935	0.8954524769095216	0.4801011445011205	-1.372183395547242	0.8146072277976846	-0.10993546154827304	2.422058574679491	0.3147183297435338	2.1368650796286595	1.1790608298127943	-0.9213259734705019	1.1335551206716197	0.3731528728082306	0.19044662662058434	0.47357028323788286	-0.6604346839893711	-0.8421486490210688	-1.5730458136602052	0.4673015262166302	0.7170708466777284	0.7873579068641979	0.49260738672266835	-0.16371083488412289	-0.12388374440196692	-1.0450256995510827	-0.12040383331722831	1.3347827327326858	-1.1297793031688745	-1.4750510839936763	-0.27198540899474793	0.2977501858079157	-0.002851945089565611	1.1478434518971607	1.730835609564708	-1.1266493244626694	-0.2676623605216065	0.48685042920204447	-1.594258859460388	0.03757075807159689	-1.0497854338740285	-0.323410800683076	-0.5759960599550024	-1.1536384986491464	-2.772658020979134	0.04293502828521055	-0.27341360557098465	0.0914159496997291	2.040692110142738	1.9072931975907486	-0.5505886603904733	-0.9056754589137659	-0.7566069761808846	1.0185962216710154	-1.6749327018182605	0.12696053802810098	-1.4679023008539893	0.28551031462448584	-0.25828363932488646	-1.8791668859411814	0.007128808384656485	-0.4046792221189364	-0.4875598472631021	-0.8761050286695781	-1.0120154679235138	0.7468705334099672	-0.9559995109181725	1.3931802638045347	-0.45636909514922674	0.6462025979928219	-1.286487311193247	-0.30719098404626943	-0.30298426773691395	0.7283715363498378	-0.5564310886775243	1.7911145483999158	0.0558848016239904	-0.1615149493020153	0.20208439854096386
DTXSID6048171	-21.19886483524708	9.09572003684924	-4.678343415070643	-3.488680749112114	11.016793407794076	-0.4515179441160959	0.7635318766928466	-4.713608473792847	-2.4865589544033657	0.6275671193902681	1.4899407272638903	0.8154371096839168	-1.4794951680807427	-0.3682782088410429	-0.11059623458976192	-2.863131411353498	-1.3176471399976204	1.3524012130437602	0.5018839933778613	-0.047983073772655545	2.201946903100054	-1.5211925644733835	-1.6866942568056558	1.6030864648766703	-1.2759208539321594	1.7916218442536493	-0.8934755092077173	-0.9863549419307857	0.6532143415461924	0.06038195383410158	1.0258053831402592	1.4482879112613882	-0.17010561277702785	0.8614033588821887	0.9812981309640136	-0.0951640705603702	0.13000407063050648	-0.6863051977845923	-0.09024681890213754	0.6711690640353893	-1.5256296556848787	-1.0588699594970856	0.16049091219195605	-0.45188972516125614	-1.386201403126285	-1.1725541830127821	0.2256682885407836	-0.8689658542611197	0.942212958700581	0.2590793473739084	0.6019130614253403	1.284861059593755	-0.10262590937871877	0.5098089444183345	1.4654208882020627	0.7224661870805719	1.9317522748340725	-1.0580379853797846	-0.03817976876088301	0.588528310220416	-1.2147829002291606	0.7254298879814465	-0.9738519846178555	-1.1963159508446057	-0.40511856927149875	-0.7236306585411844	-0.8670725156249356	0.12357289297424599	0.37457531388792037	-0.5267590124347002	0.4651114298346854	-0.9922761158087847	-0.6563300481577923	0.07082558831057728	-1.4800212740516865	0.8070809830148573	-1.359778659747222	-0.15409266381766082	0.17759192387458675	0.04623138174491708	-0.23629697174986047	-0.4647748548681576	-0.5447045234094917	-0.22469603855900885	0.6001342003353407	0.2719636195354155	-0.7763940636659127	-0.05931720310184362	-0.13240317463472767	-0.6708426940736741	-0.8424549683361833	-0.07614225657204866	1.022467280415176	-0.8479163381274304	-0.8710250502430871	-0.24986527702889133	0.8543989596823335	-0.08820561136299125	-0.22702865448677706	-0.7903529855961984
DTXSID6052619	15.99058510745413	-0.9193147033379573	-9.013192858730608	1.6793390516377982	-1.9601299721200047	-5.617019298126077	5.966835956473576	-4.440473112975129	-0.2579091866055762	-2.325209381019353	2.5107938170801667	-2.103301217788939	0.17445118175563326	-1.5610625255150212	0.6726067114646711	1.3223503834774573	-2.5671175823531023	-0.6506069938816541	-1.6921738729064923	-1.6789094591192957	1.9735254406574936	1.9297687049530319	-0.3274327106872792	2.5805804946651296	0.44045583034941493	-2.4115040640806122	-2.1880620251446583	0.6994700366936545	-0.13473912362487123	1.2441890900606851	2.0106695455109698	1.0084686470971707	-1.523959313489127	-1.7336940585486922	-1.7216544882344595	-0.5313016919947866	2.777405015859132	-0.6351520921780492	1.7974867791261278	-1.7054310091804858	1.132904460426123	-1.6440391211114112	-1.0537220907061549	0.21260470350301597	-0.5733522996639703	1.7255619676526974	-1.0932314381241603	1.0380002957017251	-1.982998704055067	-0.016744513150355477	-2.2391141350868677	-2.1578245643186036	0.6500954258548277	0.8306400466429924	1.2795567899559064	-0.2523605499647642	0.9359327433801028	-0.4318203446283407	-0.1450516825108378	-0.2505337736969333	-0.9361612838175626	-2.558644451106948	-0.014136929558627082	-0.8129143181147503	-0.3453867098472855	0.6591861512801259	0.7262693231193659	-0.18621490118453515	0.1555835865729448	-1.0547501049198025	-0.014575162050496072	1.0032056644778566	1.9179531021725755	0.8978519902811949	0.6975569842781945	-0.011747047661013752	-0.04150410865735293	-0.7574476196966182	0.9821207081993896	-0.4868557795105963	-0.13016013224125886	-0.20927864572695887	0.7071807095955345	-0.649745552252957	-0.7233439509783077	0.6427710776333037	-0.07125054530741513	0.4428883326007541	-0.6288062738816715	-1.1431668070872216	-0.9063297980552033	0.7926271721185169	0.2682151282381722	-0.4290373298383642	-0.3624243038736688	0.3809507072622162	-0.11502942531556852	1.163918883234062	0.13157457915441634	0.5769874227633106
DTXSID7020182	10.887888042435277	-7.862679898746691	-10.792401159001141	4.827785411909882	-0.5030668203906896	1.443698093190215	9.402385392147128	1.330644061410722	6.379864220498428	6.649734267668733	-4.783489664373363	4.081555110456785	-0.8662518579612322	-0.3621931832997924	-4.167343208448633	1.9075899067817066	1.0976670502074934	2.170660307180346	2.5270399472389213	0.015903380912600455	1.0720630451624868	0.4266967587359206	-0.9984074951855761	-1.0986172642574652	1.3455351058239897	1.908406787627146	3.5463581748446122	0.12445838115794251	-0.37104844353207495	-2.509754478049374	0.10828036703033311	-0.04651677531865558	0.7021216230284205	0.7589983246111556	-1.9457159761870129	0.5376706963947966	1.088794787511902	2.8402730240006444	-0.37385477455193566	3.4040454401227205	1.6043462525807155	-0.7075246017752781	0.1863276176089585	-1.2457011939388523	-0.8436385401617579	-0.5714302837592742	0.4103778003733383	2.167067758359904	-0.7091710453494482	2.1494364751475743	2.753855457023671	-0.5331500152824983	1.4657614394075265	0.0617302851512489	0.6152944866172426	-0.1970749346550114	1.8613084039713295	-1.6051425119397804	-0.4838376917820648	0.15136331492237462	0.5457213356540811	0.09573220060865541	1.7225443252664348	0.040355814513187704	0.5850787897334573	-1.7735259534477434	0.3353280131848891	0.7917345670829871	-0.5380097111705292	-0.435999831530785	1.3385566995997449	-1.4954003980605286	-0.023937956555806692	-0.5603851868326096	0.022051406795040578	-0.30503105687371995	1.1653096299244816	-0.6950276466761804	0.30222898222893335	-1.480910072358674	-0.4288679187889263	0.4949259934598387	-1.9583967313612236	0.5446594993446152	-0.17077731013647313	-0.48516518348009446	1.6055506619175992	0.41115193154187	0.14640709753256026	-0.11388335839212751	0.4657286726473848	-1.0649931148405978	-0.8378976520270024	0.83632473869891	-0.5100499676189657	-0.11780384777659662	0.21684335963699322	1.5395533635897016	0.9972409727899022	0.4553428468701406
DTXSID7020479	7.645838406297761	6.213549438336194	14.977300699827978	1.383726062060753	5.8699122803175285	-5.279615361674665	-10.32668102860319	4.53462409188476	6.765529503389519	2.195023199153808	-3.0683433106065188	3.759014444346909	-1.017308390042024	-7.561303076110855	0.14149592978719497	0.5771487358667727	5.12727190829921	0.6834832854062605	1.8915028870110775	-2.47558788189864	0.1155955701049148	-2.7873511081829974	-0.07994661740742183	0.019223608630265242	-1.2449120350515577	-1.6457071662987115	0.7860079833951106	-1.1708237546925981	1.3090095906252586	0.27555930166680925	0.8935332416202891	0.3261506023655888	0.14282742400103632	-3.401883193838064	-0.4304344587262593	1.4102466479694906	1.3849064318361215	-1.6608668974215681	2.2972627868532625	0.2630237291563545	0.5103002763962385	0.48042843865221685	0.18984591167019366	-0.8940521256295799	0.08767548681936918	2.19343664124414	-0.8359689078312289	-1.782182824454716	-0.6383835432191809	2.71955567862165	-1.14235851834985	1.7975367884546145	0.6643953755854851	-0.7010793180406694	0.13179544426206308	0.013777378669643195	-0.5715979662018019	-0.841413387970398	-0.050193587385159846	0.45029067444174886	-0.7284185532720638	-0.5046153194422791	0.6346957566475082	0.4576527876578285	1.2155607815975478	-0.4804184879731539	-0.4931724022393406	0.12947311211850948	-0.8295826508292921	-0.4092153020815447	0.3746487200555262	1.1975663002426806	-0.32972050142189085	0.9100681113004455	0.7753418694402762	0.006757541901287081	-0.5143880232543939	0.27173345903581897	0.9036148299332916	-2.7222331513443323	0.2716254955496798	-1.7001717966839431	-1.0635193517674912	0.4955951728524882	0.4502104994209169	-0.891307917386609	0.8929015538109948	-0.2604262052721986	2.3460124421783846	0.5670623914933407	-0.48924550822471957	0.02593818989647166	1.4599332745950386	0.5031589215287641	0.7164325242011093	-1.2050724670496047	0.452764206484177	1.2965408709556145	-0.18277201489257314	-2.0536316575823
DTXSID7020716	22.68596467287537	-8.536170340150566	-6.5913935568357935	-3.567614354025686	7.035786885531211	-2.215304911652347	1.0845889668960076	0.4962744640582291	0.5722332704980511	3.097232488788057	-1.5276500225806329	2.277094555563937	1.4168937515262106	0.630523958437322	1.2516613665618987	1.2149365857461583	-0.24459640205635003	-1.088549074121894	-0.044053737261634994	1.188688729014718	1.4536685854324582	0.5627274005985233	1.6260594046552956	1.465073167431708	-0.849357606022986	0.6172269571598349	0.03758770198548917	-0.7129402149896235	-1.465532787247338	1.0671353619840591	0.3593422802392595	0.18440967871417954	-0.014488320597258861	1.564292864105532	-0.027264484913935974	0.15632666044935198	0.052197182401364194	-0.07387215102230182	2.3852353829948556	-0.24639591682352688	-1.0298703558283437	-0.5324811541527749	0.07549209736734047	-0.7137162956896594	0.6932641444722603	0.267077532543294	-0.5982883522090032	-0.4399663455387131	-0.613680782519589	-0.34398295438616316	0.38780628898552477	0.37871665102027013	-0.932134619786255	-0.033983273233712266	0.6448358934570694	-0.14444864601795454	-0.047448103121097374	0.043451648299638684	-0.25100802068531425	-0.17770809472791985	-1.4932224998827142	-0.6467094113170597	-0.5150626125309252	0.7720788918733293	0.7156487499068309	-0.15548304258706797	0.12830258624245014	0.12981422786801305	-0.3078987990636871	0.9939512928193329	-1.5195498522276816	0.4195511656319197	0.5529404701497901	-0.1707280707312855	-0.9319514731666872	-1.0110944612985413	0.3200852425194553	0.4848341090092919	-0.8140150263077429	1.7178204271616808	-0.9007591865812924	-0.6333602512116627	0.051634486472654006	0.9688253217690522	0.8520849026226798	0.5665307597234184	1.492434592315837	0.45193294320219857	-0.8520030543598078	1.086457703338763	0.7278609452799585	0.8026034451660997	1.28886450950439	-0.5862214099683467	0.10270326361630933	0.32686003884134074	0.6991300360571654	1.2747328842931154	-1.4617534079145642	-0.7771740293927911
DTXSID7020764	12.952204478516936	10.240540081272602	1.2189569070036474	1.9494273026948548	-2.55217793875256	-2.4014652530893383	-1.180167426787139	-6.6808422131267005	-1.7465632560874274	-3.5348917478350868	-2.8573523821620475	-3.1039236377900887	-2.9905771094575804	-1.8449860505803495	1.3003662612323716	0.6157554989732869	0.13553008804620975	-1.1749239045034026	-0.15680982747524003	3.443233472224615	-0.32572104117075573	-2.1485936062204316	-0.7185817045550007	1.71993286692155	-0.4547963364571656	-0.9665732514096246	0.9728180749111699	-1.505920757734476	2.8452969463319637	0.5737014600377267	-1.25380275690334	-0.6502691820614327	-1.3080263008019744	-0.9894170841258239	0.08693458262996982	0.3756469620682395	-0.34247643319428583	0.25728599331524127	-0.41155104993290825	-0.551101889636449	-1.6923456600093836	-0.38898397473282964	0.7527908926085015	-1.7997670227400304	-0.4613017024425666	1.2552496482991704	-1.1973021335478444	-1.04905159061744	-0.7948925945193424	-0.2481732513962004	1.1511582793775017	1.4646575573241405	-0.57029715035734	0.6467835370647335	-0.7043993470662595	0.6079459402813028	-1.4307290687055516	-0.15602483155135366	-0.6691963906771918	1.0786776164952	1.739164836045263	1.6906177446168937	-0.8882889593506647	-0.20773121222452276	2.3096608510116585	1.3403144409115146	-1.1894805660616652	0.9183591478533177	0.1828291092210902	2.2519684433203992	0.36928280949893805	-0.12604288363176003	1.1583200418663373	-0.4962576012872758	1.3463153265779502	0.32263718139359077	-1.2053922086064952	-0.6599099008316281	0.1770071302153209	1.1178105558130942	-1.2203852372860549	-1.2582802507548176	1.3113948729748812	0.1591300061461052	-1.2158978689570192	1.0291897609076033	0.683153834914959	-0.548234678843101	-0.33718589752468014	0.450154096510206	-0.15367109176377453	1.533926400992737	0.08070099400125505	-0.4975150857910801	-0.9611334191544032	-0.619986577766027	-1.5378777259674719	-0.7777329194686629	-0.9790402639309306	1.118170622227898
DTXSID7020710	19.60732864950251	-4.020860521992223	-11.5556535030057	-1.2684827246454602	2.771239579071528	-1.8736760130522478	1.7478221394669817	2.9505623893130863	0.6595364673392404	-1.3358495197708247	0.5152487689703955	2.4195998768159037	2.223661591236508	-0.8465517444535894	0.7487733672849266	3.4866552851188297	2.2553193588141385	-1.0972480640175966	-2.0083864695068043	-0.1830774474699106	-2.0093482643537324	0.6190473733884283	0.8131460793635833	1.120152224905128	2.027657962935432	1.3479096410073512	0.007552305053928904	0.8921181609598159	1.125592134745263	-0.9625630460820438	-0.0803348862274958	0.07723400271081834	0.22746313535529739	0.45562714030717194	-1.6612520162800721	-0.8392367574499536	-1.1806808893762275	-0.5369344328880771	1.0598818053477792	0.4284729845054258	0.7572421214101546	0.020625182458034387	-1.0111149902244012	0.22584633310429236	-0.4690500061709417	-0.5870174020969045	-2.026477323332135	-0.28960743440249603	0.8418857354996759	-0.25225284368979567	0.3281652249784511	-0.733055860459682	1.547545545192483	0.384974512860014	0.47323938910387736	-0.2995613368278001	0.08566793006139967	0.19652577807687896	0.10813454066750451	0.9644969596868526	-0.5774961373912784	0.6100024407657026	-0.10902512952554128	0.6463070021924974	0.232580630837308	1.0422755084639383	-0.39486526238567354	-0.21719956556204353	-0.7314527059545675	1.1501069607924301	-0.8966336078319813	0.8126637616445973	-0.48079209622022256	-0.272477761923921	-0.1994819529542546	-0.10390371747051963	-0.08634193324850996	-0.18341578075383785	0.2451486278086648	0.6276403624491811	-0.1550085413673917	0.5816136027682833	-0.9042399184443226	-0.3995902261790571	0.36844444130809123	-0.15184178207297025	-0.5469803665316791	-0.5414361704110388	1.1921234397781704	-1.136405585124912	0.9173042196685187	1.764168066349061	-0.30843378852332354	-2.053891784300365	-0.6618361990996857	-1.3370346076727395	0.3555902796544359	0.14431728796277812	-0.6208387268647627	0.46419250438678544
DTXSID7020766	17.94111987369602	2.4763063851048637	2.9463910818387493	1.9347786169677177	1.4245572066710888	-6.697519740853571	-1.7108821471144817	-4.8180246861477185	-3.1070692298041855	-1.8425371778207467	-0.39805675698532483	-1.6434156081647937	-2.9446368114526003	-5.018872650476747	2.451887225074462	0.34988830461231596	0.841778458617519	-1.2319618553019387	-2.4707355210882085	2.2435627916979293	-1.3490015777253213	1.702254314891272	0.056342177256459215	-0.45798430650256594	-0.6754349214187245	-0.3194501584617592	-1.195703784639905	1.0154547109166634	0.28137365588838803	0.7965561421941064	-1.2741547881016733	-0.7933133416312393	-0.8654156133687252	-0.7430142154733597	-0.7346948149736637	0.060359041989172	-0.1808428932140943	1.4301310393656952	0.40358339686839806	-2.6361551206413747	0.7229694197668024	0.6433975969734372	-0.603781164354302	-0.238004241616962	-0.18099085424406416	2.18594649251839	-2.5526049767410237	0.4192459376599418	0.6098611553530506	1.1001702847021317	0.38511485463322453	-0.423292845430111	0.09942465407664741	-1.7617481053951372	0.6883323349912444	-0.5518838185152309	-0.666484780189505	-0.4569336693628879	-1.4714005234281173	0.10751953554709828	-0.11539736180607373	0.1522436911672601	0.14099944463164515	0.4589352932967383	-1.596719943698848	-1.352003682479255	-0.16928253898245874	1.3370775774809547	1.2534093739650967	1.9688517770089793	-0.537519592688189	0.40584575953134694	0.09679008319274796	-0.6086726549646365	0.7151323936222357	0.4545803420994017	-0.762064384832768	-0.7732379215702272	0.283129146285057	-0.6040038824023994	-0.05938282458162468	0.3519910448460841	0.4227102070083084	1.1647747662691952	-0.382305217111338	-0.6126579416761899	-1.6037347152671164	0.22919668401880933	0.45124427108701876	-1.7806697159612548	0.6137704630508575	0.8369867274955273	0.7977393020291789	-2.2895556459015562	1.3095139317929343	-0.2547854842208911	0.15886896286492352	1.1011071049730312	0.5098105236641903	0.38347523060893624
DTXSID7020970	4.541633633632323	16.518660165958003	2.1414191268639797	-11.260357577164392	-2.8274075435825505	5.078937705350652	3.78214963980297	-1.5315143208767015	-0.35971070494564816	-5.474413512309521	0.05539849356053737	0.4959401596350988	1.4858981196696943	1.117058631734999	0.6689198225261468	-0.6228066022893862	0.8433058218860691	1.1399303299801828	2.1146342657095865	1.7042994495471426	0.6696443341743723	-0.1195381945277496	2.1054292086924455	-0.09924576354957552	1.2478039078598226	-2.4755256322742163	-0.10639723128523337	0.13020307214930404	1.1140001249579947	1.1615432891938946	-1.1818736040656763	-0.08709565816141426	0.09752304666922045	0.3110281600465169	-0.8767457849451711	1.7590172770510855	0.7217163345045269	-0.8880242863786415	2.1360711482588393	-0.19773326594481203	1.3147171830323527	0.7836240876725518	-0.6555627747773862	-1.6488231453457172	-0.2610370549434663	-0.5113453544579896	-0.03713717053698936	-0.8878840403205396	0.8043654849995152	1.9340973580792458	0.7784954178570377	2.8469295587886956	0.07642552812334316	1.097158865190295	1.7287175392438474	0.5920241110698479	0.14112989780183782	0.1850107014266047	0.6775850881973803	-2.3872179196522656	1.0699009681855345	-0.08485514110082021	1.6638863241620818	-0.8733005604762955	-0.2527836910062322	-0.23280764749458893	-0.03055051698104012	-0.7620883198626248	-0.5358045959549645	-0.7136130600779308	-0.5939260121599691	0.6560088895882047	-0.3479610098451574	0.46846049877078405	-1.1593538254512035	1.3715401257130382	-0.34176657324969273	1.6238269773365348	1.296872401484197	-0.5141147808647548	0.47100945093376717	0.2801798485022818	0.1705988826097256	-0.41574333395492763	-0.6784588773980401	0.010645196527284979	-0.0029645783371054315	-1.7656483228225328	0.5407387533586032	1.5726277938047213	0.32046375881614464	-0.10053249416871453	-0.9762616161661062	1.4307393797836938	1.0519085039124931	-0.19321102904459303	-0.7755083193975397	-0.4970895747683596	-0.22902138646987918	-0.24935212363371725
DTXSID7021152	20.547701378944026	-6.843215571181801	-10.903684330153485	-2.0106068728176174	3.229083827778657	-1.8787117626622123	2.7016716020032496	0.8154505281422668	0.5570222122324319	-0.49366040466827205	-0.20350435307386103	1.622964338281719	3.7976490819026267	0.6171173450524511	-0.18044207648822955	1.8351415105726734	0.05092328148693	-1.1143816595789087	-0.5802011081948807	0.20447431002405464	0.03310226304894244	0.48178808454394323	-0.4359977485205706	0.9626919581583561	0.30072777597632144	0.5575475414251982	0.46235849492322145	0.5107840751809857	0.9348279797337161	-1.206862528174686	0.7920190102582808	0.42745796312832396	-0.5006663258535189	1.0949584094460516	-1.0122479125484942	-1.124837844308484	0.996479398429879	-0.3221654371299904	0.5321516797265888	1.443298131010675	0.23806238991791923	-0.10023990395691001	-0.7409262512477633	-0.24919582427590523	-0.5360823710006913	-0.11826754147693852	-0.3035471889131389	-0.7020418365478749	0.09118974222016328	-0.7691862655980738	0.09764490968752781	-0.4858955292553102	-0.7185341756235402	-0.8163912397513585	0.02702375293504319	0.7914208218310024	0.9426347969890334	-0.9703125941936702	0.29522598219674223	-0.45172988288389637	1.8913656472487654	-0.16505668193213827	-1.0905689449690188	1.5214616810787938	0.4363706591015252	0.24435665331976025	-0.5402237129027617	0.84113700359384	1.6139441286318414	-0.24875241456126493	0.32460742394327935	-0.44818330480424307	0.36615464845152995	-0.13234533907833826	-0.15873875050516956	0.46049572073131406	-1.2763820005973945	0.6315648549839625	0.8298888034530744	0.45725520307193357	-0.37911967888825904	-0.036412629770553706	1.669086250999635	1.0180800173251068	0.21609625427847198	-1.5907881055017574	0.146148842408335	0.4684939557677026	0.3482479098554813	-0.3320047228042353	1.487845600353256	0.7869314244667202	0.015384907708096347	-1.3492538406013455	0.11152121088614847	-1.0628377393349475	-0.5645434438281219	0.11563162621648344	0.017179649250936267	-0.3983533854376556
DTXSID7021100	0.4242097575496034	12.631353722508884	15.805192862674176	-10.679127951670548	-2.6257518469263537	2.99733963535597	5.646588288699325	3.2912894127143115	1.9606874623725177	0.5789545058568623	0.781074736008028	4.691173594601803	-0.31200645717276765	-1.90952276637413	-1.0449479235143142	0.8610645141837221	2.4322514337486467	-0.4800805424395799	-2.850613417925518	2.598419087995613	-0.5810741573200142	-0.46242557552760755	-2.2815033155372957	1.3910917591487435	1.8273373423162054	0.053665335475979195	-0.5575981115519383	-0.04579056165673624	0.46087881439148304	-1.3045014904873937	0.21469986632439098	-0.20442507271010807	-0.5836782983625863	1.3947661819749433	-0.4155162363631182	-0.3864636685329433	-1.1063606934394652	0.19055322325463714	1.327593891239045	1.4909920059864494	1.32164262673272	0.8045358771500569	1.0318223086921232	2.4605845963168083	-0.2820904885940984	-0.2908400177240861	0.740851470148007	-0.15517427089747915	1.0988592825976835	-0.5786011678872842	0.6597287498613963	-0.3054366386961647	-0.5155860914373518	1.0416390422178574	0.30261322342557123	0.6376676219584543	-1.2538397986775296	0.9862932571845506	1.0948089475884446	-0.9379584345784941	-0.975351041396754	-1.2504592249301743	0.5136482800915814	0.15112733098567924	-1.1007091192759635	0.4466559173352265	-1.502353674057947	0.4196731358340358	-0.13913756993916593	0.6389361341152546	-0.6868437866535733	-0.04367821034562921	-0.863649114203143	1.282944919715021	-0.3123712752263002	0.34514869561360584	-0.22150272326913306	-0.8404774663231996	1.027201150504295	-0.14757528607085557	0.444584317110347	0.14837805160173578	-0.15689360216435042	-0.2778282966375846	-0.30750571460746207	0.6953308322208402	0.5982916744781671	0.9447432414050783	-1.1092869478337022	-0.14882955924891064	0.27637750892213314	-0.13725417045355992	-0.3599058105448577	-0.17506189856677357	1.1916273838301874	-0.3413363628949708	-0.9633570116193468	0.07217970276358122	0.8145322795872735	1.4422932553926666
DTXSID7021239	-3.374348743421038	-20.43639128865025	4.737888561975287	8.553917878424972	-8.278864749568857	5.392376101189857	1.0958458633752781	-2.1750034769463698	-3.1872914916593382	1.5399054675840056	1.0567485281919577	2.3817468410547424	0.8605320465815848	0.6732696229067375	-0.5270402714207849	-0.9292430948346649	-1.947232052333953	-4.459174368595606	5.555869220040053	1.8632326899994183	-2.6189205545486782	0.7056278716941476	0.208829311007291	1.3424303380881697	-1.8376734083437343	0.7333797972160391	3.101041434025012	0.5289712389301976	-0.32375794817777936	-0.5468008147554633	-0.5811289916706502	2.0297263360976427	-1.2180709198310677	-0.214252470338893	0.12196110107287371	0.6570540429677638	-0.4242936551032208	0.879763350819282	-0.33736017822593645	0.35762694021160135	0.15933021048974474	2.086109240826271	-3.5348909266350033	0.4136967495675491	-0.9152190127683365	-1.9681248168889371	0.24999624758039582	-0.5732774494082973	-1.7558199707824325	-1.0245134877877038	-3.352055360276938	-0.2693569758499308	-0.11533413117362662	0.7704556755387684	1.216273050560403	0.06381315192624605	-1.0503693050506637	-0.3245338727910676	1.7834299512492588	0.9469773163075945	0.6014919330335284	-0.7968402340010482	-0.8564715159760417	1.0550463679227375	-0.45488291659811314	-1.4132351782463017	-1.2818853983022385	-0.8637268527569435	0.7568765798110423	0.6602751581660691	-0.3138847618894581	-0.48413688787531706	-2.000868979749326	-0.6048266729216837	0.2690982802487178	1.175677017554713	2.2504209447833468	-1.4130436764883951	0.8850695218607249	0.4162288284961977	-0.19833557093109944	0.05763655008006323	-1.5105181762881212	0.24708809380356855	0.12716110529685984	-1.5744795919505026	-0.2935867477688195	-0.50687820694558	0.9238146753172116	-0.39706357382038404	-0.0857578843636433	0.5063822475349152	0.23032472046358324	0.0402235997969172	0.28273244653078927	1.3896903575282906	-0.1771580504283372	-0.49977772225612	2.6915669425802946	1.128318089727429
DTXSID7021869	23.440060179853244	-11.105680134114108	-6.224681569020648	-4.624107070288691	8.007434908167173	-0.8026750693008524	1.7827045171437041	-0.6960938663959005	0.926775231997595	3.3394793722350826	-2.5560446997655073	2.4691147736855386	0.5887406115513757	1.114596086215077	0.39326427362829736	2.7052566992894023	0.15239442955534144	0.6566622091465494	0.00036786083400483965	0.24730156600289455	1.0118990254636357	0.3206413370275806	2.1636472090869696	1.3736101341749363	-0.5536944775321163	1.4969456265924137	-0.05159835146449126	-0.7537939866609528	-0.003709022474594837	0.9814151177757632	0.018191789707017847	0.8860800950537542	0.19531663652909464	-0.7419759064465794	0.9986462319879875	-0.2992444921967954	-2.233913432129746	-0.11761589344780543	1.8036920544664223	-0.20057366818781105	-0.2750200744119187	-0.6598751427188032	0.7121056041547488	0.38074204746754775	0.32866627539693477	0.47046977038206655	0.12417439008293339	0.7773066820303725	-0.2357938487645306	-0.4100423970790154	1.6054700583768515	-0.3386546630258311	-0.3088073875122147	-0.7275527250398367	-0.5343515432810924	0.7638245137375727	0.27684612221052834	-0.527312262458949	0.4963821976918935	-0.4295203438153977	-0.2353272374565233	0.14439402405744461	0.9997833794517305	0.8345815610160787	0.79845824374495	-0.5910951531059709	-0.5315657741144021	0.5179117837271975	0.12699298202417506	0.8717374508232149	-0.4700214824376486	0.6633515507649541	0.47030590032737735	0.5304910140766199	0.35557025860402525	0.20052983317740036	-1.1893643681312096	0.3470113914905918	-0.036245056603718566	-0.6883202788179992	-0.24491667939595402	0.05520207100037944	1.5685401586005798	0.5203008881265376	0.4155546270665343	-1.673564918001777	0.8358975730765171	-0.24769639616569517	0.8998571039112436	0.27652649046225336	-1.208106974376545	0.2747466574905074	0.2460865556587891	0.7584169748411205	0.3056416666854122	1.4417935060295142	-0.7501084691953926	0.1866395233238823	-0.7348892384312665	0.6529708570111239
DTXSID7021940	18.512111587588958	-17.300606480322905	2.0068817908474834	1.7679907326501676	12.999414991595437	11.219725644181333	-1.742432147030343	1.9070314931178343	0.7264990622196807	-1.13343957205798	2.8541873870941257	1.544616229750609	-0.34220425976095736	1.9682417842683115	-0.37735107369695925	-2.204362680596118	1.0697254548565578	0.17981329344067185	-3.3439022486197176	2.188700900806122	0.30365554680446566	-3.297360850339131	3.8076355898733607	-0.5312223837599176	2.7989174532580976	-1.482935175167035	-1.1078409168698333	-0.5586787564534529	0.3843109162832221	0.19753450918895835	1.180935180705569	-0.21056593118808495	2.170916665559241	-0.20347355377228235	1.1963673606762046	-0.31847326155744177	-0.017911402384457743	0.03075193348412347	-1.92396060883879	0.036557881583348543	1.340105254049556	0.9202881926583668	0.07151033030884195	-0.671481097564217	-0.7373204419160794	0.8855633540626977	0.434436412102196	-0.9044517974005625	0.5938677348057536	-2.463389743896124	1.033808852106894	-0.5999622602989948	0.5277037687876602	-1.220113288309212	-0.976229847019089	-0.5162666432290681	-1.3579886947806636	0.5919039930006965	1.6386461926443103	1.8393609553481167	-0.5312209516140063	-0.46550669187336785	-0.5123803342744121	0.6341877194754328	0.9372242576346952	0.35528099782765715	0.19586795118850056	1.2952819191236251	1.7838348202255059	-0.002043269246817671	-0.24563071552257248	0.663540570785721	0.08578253001985245	0.053603848190041936	1.247927494202002	-1.7393009092800131	0.5261630822362509	0.07812922907544942	-0.8835334972205565	0.34412284322170134	0.36511337668051297	0.03908588094329313	-0.27979320193300705	-0.5854874250744995	-1.8848168725373773	1.6633090738135548	-1.0260441085206884	0.2550327076424915	0.11270614215134159	-1.452063944289095	0.28982215528964816	0.45162778671181547	-0.5802594747566389	-0.06869871144327139	-1.6300427405631732	0.5893383024082735	-0.251852795655414	0.31118053418318914	1.2925953651418018	0.1275771417554469
DTXSID7021948	10.0317283084573	2.830927665358099	9.225677492433832	8.783631684091914	4.021363460496848	-6.137894672886462	-4.165838611206796	1.5241782383058347	-3.030680857223163	-3.469512057738255	-6.579484189976101	-0.05697551066840648	2.348751467977513	-6.971936657649641	-0.2559116403677653	-4.302515388107617	4.692593868615601	1.0990572210577154	-1.4920724766146842	0.9247707422869672	1.552222373288013	0.32334118897160624	0.8483466815560801	1.8905225636332577	-0.35213288479840377	-0.93078437173822	2.124289943312813	3.483825479166521	-0.78634859625768	-2.2605358747884363	1.5354486976014743	-2.3479699357629746	0.2603476747484674	-0.8142790544033511	2.702232756761979	1.8752381551644839	-1.1311785275237551	-1.1778505628474276	1.9388036103951578	-0.4043467370363792	1.2970344796905826	1.749040623919818	-0.3697671696408172	-0.4477227049460772	-0.4041007940488909	0.9338876843899052	0.45245346839499445	-0.6790636501984453	-1.2501962137991158	-0.0037788579277672307	-0.7000667869724679	-1.2305752677325954	2.7829060532768857	0.9883688025954102	-1.2568156958765389	0.3320934654134389	0.9297815182944111	0.023543440830811863	-0.49505978232620945	-0.178644568995154	0.252815556118502	-2.5389752199407	-0.6436620665235253	0.7527721173681948	-1.0611016498637849	1.0705928341214972	1.2479946261332675	0.6358029923116583	-0.7693194642479183	-1.0139469240147139	-0.04884675896173812	0.3766977578551931	-1.0479680889279406	1.4199297319601496	-0.510134966548554	1.2950883465511474	-0.8366784926976822	1.2059740380662942	-1.6904660374799108	0.17181334129590312	-0.6521658071723091	1.369451121192261	-0.7240685257943867	0.20555168177393343	0.8272714800754238	-0.7190180117078447	1.7438065889918495	1.356302365316044	1.254212628637045	-0.5748533759738546	-0.8435699757088327	0.027313972747855644	1.2462304683572492	-0.4260329385531059	-0.26664496644509816	0.20511685252506667	0.02488065969685589	-0.44974113438801716	0.9937312577957602	0.7289648350287292
DTXSID7022332	20.21216412055309	-14.289360997089489	-5.896710552563995	1.1090409056845663	5.380665000256695	2.469985805521721	3.0978718480239316	-2.869284090105704	1.1645370814234501	5.574828580902897	-0.9578573734138395	3.690352253495437	-1.5025094581211098	0.1501456173232605	0.5130253990967879	0.21314241890455873	-0.7629176258612442	-0.027064637460918778	0.5439959340374448	1.8152094253873834	0.7509445982348562	-0.5504669067730807	1.531344796390237	0.27332692909924433	-0.5105114239492409	1.9356383949188811	1.747300660689371	-0.9487351841808106	0.06543725291549271	-1.1134644405685084	-0.6232626962697128	1.1069351517404804	-0.7137721613834866	-0.28623199508785824	-0.4391347021579437	-0.4154489955725889	0.5061235021049139	0.5310815222875618	0.03157964871705188	-0.18911793254466283	-0.7311987743461638	-0.13705604891942844	0.40464337835533676	0.6515603243711448	1.3083648049963976	-0.25274126174046796	-1.6916714762636005	1.7647808342334739	-1.2096530506804914	-1.6608420763096885	1.436127991022927	1.752511574425339	0.8085725166282479	0.4367232820406936	-0.49275906896886207	0.10803212356163396	-0.8649067703869603	0.844284569270149	0.12776608765732894	0.9461333187683147	-0.6124819853165597	1.1879332687202062	0.1243402737646025	0.7270048942278835	0.7999040086979923	0.22094230935286024	1.0540879377391583	0.5720796815807179	-0.7280443580824164	-1.375667981158466	-0.7422770908544385	-0.06844027303996955	-0.6460598235495011	0.1338039932577864	-0.212650075150075	-0.711965329816246	0.4167967037449451	0.9869916562186104	-0.3784990702004432	-0.28859274063923274	0.5035470077419566	-0.1713741824849594	0.3205024682949324	0.3708411277985444	-0.7267438392317968	0.5329347411533263	-0.46816653440749856	-0.4369060069189552	-0.23430301784063806	-0.06113806487628618	-0.4898155746727246	-0.34999417931313115	0.5049889419993652	-0.0752218752355292	-2.331265989406813	-0.08366737034730168	0.4065670082260406	-1.0235004846367164	0.3638411855979401	-0.3217529201041022
DTXSID7022174	0.3942239143145251	14.04413404688295	12.3477823854573	-12.97036960562235	-3.0654898535478745	2.1073204807482	5.766749660347276	3.458042195189269	2.931742102922267	-0.8244156920907008	1.2363282693065099	3.1600881449941296	-1.1952008252405801	-1.3815575954587889	-1.8550936765984345	-0.5729545969331039	-0.3023788186106885	-1.8145640210354101	-2.6143905329478327	2.3917981385088707	-0.2496468001789376	-0.6752630145536597	-0.9300748855252393	1.422082078964731	1.5942854888313385	-0.06675531289588015	0.563186242409587	-1.0618856412863633	0.9404955249651462	-1.4800514892901966	-1.7878901682667314	0.296433681856354	-0.4324426244682551	0.6125174209963835	-1.440082645831583	0.16624879630622333	0.4081380006711446	-1.2014328028862735	-0.05213090655878824	0.49909939835326433	-0.6130356112171333	0.43677973736525	1.8935159510672765	1.188203201019248	0.02254873293697022	-0.19193311906501934	0.5662874972387356	-0.4113715185741114	-2.5233615449769857	0.6643761915479355	0.06247421096445144	0.556379995719017	-1.0126340503463036	-1.1665595903015133	0.7121000634776219	1.601866843730992	-0.7849010306231213	-0.8470255368327315	1.1199688678182607	-0.44536355218597906	-0.7286801437991566	1.1607532710033264	-0.047178742509314864	1.1886877615365337	1.7373716910061399	-0.9136563400900571	0.48871935023920554	1.1454177937745575	-0.6522634054178508	-1.4087728025241972	-1.1317136665569545	-0.9338738182317523	-0.08982702386629696	-0.7496863593695368	-0.04027807650797594	-0.7256804928306892	0.969060117385864	-0.08620668451746837	-0.12112178763742376	0.8632281100290329	-0.4175789512068775	-1.0372735798420207	1.5348286303066083	0.5915399039239327	0.594933601489422	-2.153653906671974	-0.036682730383385674	0.2353972176696814	1.2397341349479478	-1.394159795023413	-1.1570486576391439	1.321385720574393	1.179524635560236	-0.45645847839127957	0.005370650550000072	-1.1096038416750829	1.503499488103218	-0.100792330068025	-0.877504341074428	-0.05746058949299924
DTXSID7024299	-13.77054538388531	-0.181082188987615	1.4271933823993908	2.289927136604317	-8.351925602392152	-4.03486479040005	-1.1179516838083547	3.8328747189716807	1.986062261829729	2.245441186307767	2.439130533673167	-1.6426964425877428	2.637618406830768	-0.2452163332120388	3.711466087694795	1.3640598011734029	0.0937577924130783	-3.090998594369422	-3.967455435188567	1.1311984683714187	0.4204229049386402	-3.904610797063863	-1.8228520504368466	-1.3625330783925063	-0.18880480266866226	-0.2631575615208286	1.1824937301245673	-2.2559563594607304	-1.6180854145171875	1.3476341160759775	-1.2039109378472828	-0.3419168179300815	1.7123725674972219	0.5269987144559811	-0.9447426975275198	0.6431019595665828	-0.9357143940013373	1.0869910895858237	-0.4201248865657702	-2.297318014550219	0.8828384335068824	-0.03266025335749198	0.6619657192644709	-4.387347214698731	-1.3577679930327347	0.20751559113611287	0.04103391380083652	3.0838084162654096	-0.6514426007616856	1.0643241501071217	-0.23727709985792073	0.0841689900713	-0.6710184294430509	1.5137910548806628	-2.225839338253581	-0.5632388636279609	0.5192147756462656	-2.338489607040881	-1.3795486641064252	-1.7798904434280427	-1.677165929263959	0.45668518752540893	1.537336352934822	-2.260985643181197	1.080365079796083	-0.5898418760382507	1.051444017104275	-0.8389628622485242	0.6042569372926515	0.8399652384186419	0.3834891161612185	0.32734128155508957	0.6289211654816269	1.6395985696065143	-1.0503482506112671	-0.7140735977209989	-0.10524832161582147	-0.04832609419485607	0.10448402472309437	0.1285649132476906	-1.6509107614217384	0.41517153424000464	1.81126803506693	-0.25954216413004055	-1.2983515965089905	0.5390387034936227	0.5909491048437414	0.1446387375963396	0.09280923889167975	-1.533581923477215	-0.15126252304844962	-0.7277984422178162	-1.0154477780277051	-1.0819921970811561	1.4658076100323134	0.15586790337055673	0.5132969323473102	-1.6970300124221225	2.5212812640875866	0.07448939594387967
DTXSID7025895	19.520774388603183	-3.2429493777301754	-11.89356396012177	-3.3302202094994553	2.412426432547446	-4.245288174181245	1.0179946459221412	4.073637794925039	0.7669703459454409	-1.8567713771341772	-0.986601524682812	1.7830507039726333	2.118529899947272	1.7039268564687513	-2.1184207892506564	2.3524620577549795	0.35771122812823064	-1.600672191332663	0.14904974378507005	-1.2641115873855304	-3.0693213650459983	0.023121418904720536	-0.8965362327547322	1.2473067210207711	-0.5087231003686835	0.9395522431566118	2.3903457959118937	-0.8495403756409343	0.9581648133509918	0.2952603443031783	0.48292848568716373	1.0462200944494746	0.25219656289888487	2.6470423814840243	-0.4836793593265821	0.21372886342756006	-1.4024755461884828	-0.11979872737772662	0.05096615513931191	0.1485319173820341	0.5523111163535798	-0.305068102951096	-0.2084309736802371	0.009385569830008883	-0.5292807331774254	-0.1989950606824911	0.7662518039849157	0.30218641622041836	-0.6224072740192402	1.410635057342794	-1.937065287519906	-0.03773292843543015	-0.9203314890694441	-0.572894635269961	-0.21065715500824714	-0.38867471656578173	0.8232226956591993	-2.1458366639720112	1.2198527813089723	-0.026178482306585735	1.4592883732994648	-0.8768472446954408	-1.9456403329152383	-0.5329984266410072	-0.6731783912138726	-0.5383693590572566	-0.3318055047372454	-1.6943819149590416	-0.23257438768710362	-0.6841973951108021	-0.6734164712531495	0.7535352939093062	0.5351899620763365	-0.8559516077782143	-0.37234665490620283	-0.293800116490339	-1.5766736645158235	-0.22088977496685072	-0.8435654253446263	-0.4662506442461555	-0.42832321183621297	0.22295479045893643	0.3740484082083325	0.2744609719220967	0.2800723937837894	0.19903643396351503	1.2053051602201448	-0.2997037904754043	-1.454802059297814	-0.7314070583350967	-0.4426342788270578	-1.1041935919808548	1.0955989019271983	1.8776312621394184	0.1998959006038102	0.1864665527292944	1.0169509138230919	0.2885254479383547	-1.2401628187825522	0.8833356177315985
DTXSID7027041	11.52020681845662	-16.495980984494285	3.1348083659313923	9.007104151201718	-1.241355600188502	9.46809083249552	2.0290829412090843	0.8853212339361529	-4.677502355570839	1.8319042802951815	0.464121483549831	-1.7954984878225924	-0.19951222461766993	-1.9176237904725204	-1.9070788906210407	-2.536397581371788	-4.534825634725783	-2.4744447972121546	2.0254887873563696	2.4067019158033807	-1.1972785961445993	-1.1076259561454553	0.5891700730901348	2.231261488385094	-0.10214160016678787	-0.025798513215426182	-0.6158535686478335	0.3809130893661269	1.5401352335129426	1.832825430896781	-1.930245596928613	-1.285040943328445	-1.728661327383292	-1.14668455864326	-0.33266636694582613	-0.936325875905293	-0.7498237866492307	0.593998575631048	-0.729888854168511	1.9188865871323892	-0.0198975025287323	0.05407082091258074	0.424711088029109	0.4042031018299374	-0.2921790181066958	-0.08771800552391046	0.8739317333870008	-1.3157686912491606	-1.168384642009924	0.04273788657907401	0.8985267121443357	-0.05214730771100727	0.06445400586085079	-1.5613935220550914	0.5905747359470812	0.8707475436141774	-1.5741878322317577	-1.1857477431254095	0.11413951592023583	-0.13046455264338988	0.757834961731271	-0.12769743944004786	1.5104087381996587	1.471430982399339	0.16699883364717977	0.8220166159314987	1.0052921274830633	0.3991478107878659	-1.3233227519367312	1.29711951940542	-0.17427445081550058	-0.29559065964124587	-0.19764583625939078	0.9337886568817593	-0.3883402803807237	1.3194326675337509	-1.6549880366180687	-1.8618503100054284	0.32421046224569616	-1.025123550119928	0.9051071074421061	0.5207616647814504	-0.23961020576545722	-0.06380967794704945	1.919238320903707	-0.019545529910870035	-0.2812103630342731	-0.1365885431862906	-2.0418070937261437	0.3902753192657465	-0.30262494870622103	-0.1669193982314343	0.36492820963955863	0.1127054756258577	-0.7249909611769678	-1.2145845767230439	0.6947792749804883	0.9294366281552036	2.0154319927846345	-0.38328575505950574
DTXSID7027461	23.43253734750482	-4.668621166997691	3.853401236563887	-5.523144577847365	7.697004286194386	-4.433468733079236	-5.969165945766806	1.4613677655608965	-0.809647373868222	2.7863302903441816	0.2790016924346368	-0.180323494514101	-1.064086665482876	0.7148729979906455	-2.10535598501404	-0.6853232021957999	1.1050809012447411	-1.6852476308411841	-0.49423023885594936	0.4960610667894016	0.40983462292652856	-0.7918606579825277	-0.27246851386324233	-1.2693732886747615	1.0503037742664538	1.523464513953269	-0.020896251732266606	-0.5680822306679981	-1.1093766235171818	2.1330822199517185	0.2452663931254256	0.4999270898955879	1.0650702580614122	1.0108722510456762	2.0968915000989563	0.8491747229382349	1.506803003068406	-0.557916609380391	-0.8246389546721382	-1.200184661812434	-2.192798255960835	1.3765543355433107	0.7061485401827188	0.21987015627617262	-0.2412400760499476	0.49544117696943113	0.9979131684972069	-0.7819801758839016	2.48923189666049	1.8843122089426743	-1.5549151040291087	0.11950533095803088	-0.06605500596689498	1.0090627659127052	-0.5998456544388687	-0.741540862447529	-0.7741712389250525	-1.3117207517923708	0.0733445226950107	0.5148202666613965	0.7844023197263147	0.7032343341096671	-1.4249675049956612	0.13335133070246283	-0.504378330787003	0.7443420176417365	-0.41104709789920585	-0.21239348916281578	0.7633548860288216	1.1538230251984063	-0.7540616195338157	-0.3284300379076192	-0.4609451863576899	-1.239384050787204	0.8019335550740717	-1.546517042340709	0.6776018413543458	0.7113033124560116	-1.3656106685863478	-0.12988241793081337	0.16649103479740637	0.05330858184666354	0.7804066072929929	0.20064671986870988	-0.09859175900029435	-0.4362835255316219	0.06448123651848804	0.8081699644878902	-0.7625224697873357	-0.7991507459436296	-1.6020882001626087	-0.3046305215111026	1.077081079209658	0.19256615502567961	0.5248246613558654	-0.35747748603973845	-0.3204901336314003	1.1464893823471929	0.5489086862352918	0.3793395953847462
DTXSID7029320	-2.4404804783108363	-9.07689616823958	8.251804314584964	15.543722805386912	1.228475647130453	4.806252927625026	3.017919367069487	1.6545033517152403	-1.8153169006342063	-3.5013500847295633	0.6013604577643675	-2.6050834046044278	0.22023300864254314	-3.0399160166915005	-3.3716792754040816	0.10353259689718132	-1.388797937109648	-0.11358108979681507	-0.5660585686415732	0.6733207504598655	-0.4620572923621594	0.6221480061049736	1.7483049598644311	-4.077992227255556	-0.00450858948076824	-0.14817578225927527	-0.9612998098764385	-1.1891339510842294	0.10804240942988327	0.4537593922305937	1.5692219327873809	0.5676351248886631	-1.2896546421263713	2.7758374581528527	0.5173672334978423	-0.5693283722772984	-0.16009913398549305	-3.934328614208395	-0.9083655051511851	-0.7637834215168959	2.0355999586727584	0.5084527045477413	3.6029041151564964	-0.9647289505843764	0.274721772206283	-2.355792722692901	-0.10715464464549697	1.396787202863233	-1.836772688732298	1.2303309310223989	-1.7586099385721035	1.1626191689882361	-0.84671770370495	0.04686743985785628	0.4008166534558268	-1.4000306642268323	-0.12665081506596232	-1.8300838714142529	0.13759489029838262	-0.5891080388987961	0.25246280075770805	-1.7259706850341978	0.9439479158389839	0.20835901815121394	-1.4029895477496845	0.7069567043440529	0.759280668429062	-0.06195009935767641	0.07278631394751256	0.5207753832471137	-2.5037375863512037	0.40622548704749006	-1.3689442310270872	1.354786090384942	-0.20618572201940372	-1.2387727337979115	-0.8901488122317398	1.6158190594349153	1.1735919654905893	0.20693042485502372	0.40007669226924564	0.31462578014035325	-2.8707282002916137	0.4360914034298763	-0.2983010523853402	-0.7856689837352466	-0.3688653131970027	-0.18761256008052196	-0.7622616719604991	1.0210589554282046	-0.20888058829414366	-0.413093542823991	-1.2634460383400308	-0.44956326441076916	-0.15579479233073573	-0.7028637505304941	-0.14789795297708674	-0.23649993402878697	-0.6256094933749106	0.15321794680782055
DTXSID7029871	-2.818264057732218	11.363355942554215	-14.831274513902951	-5.4653995697958155	0.42119031304100385	4.728747066234898	-6.106624873972765	0.37621236172814165	3.1958842634181215	-3.7228502738096187	5.2128236987776475	-0.32034244425112085	0.36783501464941704	-5.743890154270023	-2.3369456498680354	-2.182273351562862	0.9378712710759792	-5.851094018743252	2.438525793739658	-5.435013338406025	0.3632897400585688	2.7493519149783046	2.2511454290193083	0.6001183505104325	3.7881650734171606	-0.4107151585040517	0.7126850348622962	1.2756478817202226	-0.518069519377601	-0.1904291139057424	0.7210556354878698	-1.0435341512374032	-3.2071348413570258	-0.1838447102383962	-0.9403601987725788	-1.326351294711054	-0.08985609385078165	1.0152833646533503	0.37465440628743896	1.163159061266546	-0.7036445775661669	-2.054437379186273	0.6531654977470285	-1.3056047195755507	3.6991739596877116	1.6993107974875894	-0.16962359601857793	-1.6723797948054422	-1.3587101181379202	-1.465036250926211	2.017425700626319	-0.06855745444694018	2.353464247961736	1.867593510492205	-1.9763923374096755	-1.3137045225426784	-1.0046993681286989	-2.2500181045684693	-0.3878470330457137	0.9849278201325224	-0.8841553461723378	1.2699559308584147	0.967978064745496	0.19394154729714366	-0.35688605553770564	-0.20058056843264171	0.7322905155163385	-1.0650739327532353	-0.2586994750681718	0.8815694027280628	-1.8591589448302697	1.2181863700087674	-0.6054269246081351	-1.8415585215377743	-1.1360956274667757	1.8799312150299838	1.0213266873031754	-0.30623138568875785	-0.8328972360173057	-1.5258969817498214	-1.2793321253078063	-1.2162718616279968	-0.083113688742804	-0.388412977514304	-0.6038758571903255	-0.36946914794226726	0.9273360494859674	-0.0405242378190303	0.5400502188216127	-0.5785667997106246	0.28731829536680553	-0.5021748315885416	-0.5175431502870368	0.5928669842420674	-0.8782435798871362	-0.2696626241573601	-0.8702879385745834	0.6186941121709274	0.9988546088689284	-0.4929625002187211
DTXSID7029879	-24.822026813628025	0.3466103728708861	-2.557283957760727	-5.700116452425692	9.884707698759337	-1.9813860250802964	-2.1035563565416027	-0.6984463273391921	0.3588138783900264	1.6254955895703762	0.8880506007848649	-0.9435841174400164	1.2172427220550377	-1.129847046332625	0.6266941333978733	-0.3494949187929757	-0.3830749721943635	0.9079735239266693	1.0505214556426279	1.315234912909118	-0.9535686909889507	-2.032171418155519	-2.383146455686381	-0.03099578366648641	1.5277865466104632	-0.25278562053287623	-1.3848153745531895	-0.7073766374778463	-0.0696923169627921	-1.7915573512148257	1.3595077296731892	-1.4980409387288678	-1.1890492481519936	-1.100795497558693	0.10757951371672884	-1.3944980357035286	-1.1057521739450153	0.8154012657551701	0.30926703024467594	0.44908337941070103	-0.4987514033330176	-2.13931636948203	-0.05451208309523799	0.01243734326054118	-0.6000293393423571	-0.13819192895249088	0.7786713111256226	0.7650735423562591	0.5367005802612862	2.6993617673585133	-0.8162783418779319	-0.10647746889033373	-0.8452654359366919	-0.31189301316695034	-0.25739932008833283	-1.1073319012435108	0.9105614018043579	0.06709439172852319	-0.813690128606543	0.4323299246694514	0.649178415990612	-0.7911227706002504	0.2913554522213793	-0.7365845788286279	0.49066478363413973	0.6269074230150898	0.6857305657728897	0.913637648786125	0.44889424583648324	-0.21552557052135343	-0.10779730152212351	1.1460642647165318	1.6833212957703059	1.2178538078446839	0.9976386206835306	0.2739304201088364	-0.07644553153666382	0.07538198376692143	0.38424760709502803	0.15484454612683476	0.9103593245440795	1.1796886145178942	-0.003362806822407307	-0.752789552030424	1.809726129600389	-0.7629999298576403	0.5816271345869519	-0.9130772361094619	-0.02953471842364369	0.20379398833352516	0.11407890424319336	-0.28520244646424714	-0.5959806876599507	-0.14762685525540825	-0.5470447040516879	-0.07507368988807066	0.5481439094929959	-0.13673762387316798	0.39056893433823436	0.08938949193142072
DTXSID7032553	-12.235460333785877	13.489652343295973	8.292409594940917	-9.788123236716608	0.6551412552765573	5.4354001817584265	8.242907344292249	-0.5948858899672707	-1.2236128820725494	1.8463306084532989	0.3543498170671002	3.578441739860284	-2.214808614500413	0.05431333140394116	-1.688739061320677	-1.310441466100929	-1.4492575620596306	-0.5846986892979164	-2.608916143505661	-1.5223809846334997	-2.217049895775721	1.263538392266445	1.5005886019057124	0.8237472063531687	-1.0004682575687178	-2.620857696883707	0.5890083675912258	0.5059961456003893	-0.5903191064173878	-1.1034869816631674	0.4929106406682344	0.9922552070297126	-0.03831102887484612	0.09047582441206345	-0.6259667182077481	0.9678880471141402	0.814895882272476	0.22718837138593484	-1.8600451441898032	-2.857615283535649	-1.4945683266331367	-1.2278047394114993	0.20310382578289857	-0.5026551732388796	0.1852620047304455	1.8034917533694408	0.8957328916426516	-0.3739323385577189	2.2891395208724297	0.8218031244055889	-1.4037709123180566	-0.2963827392702702	-2.0686567118155597	0.17609328673367663	-1.3555680083834196	0.13338267856865077	0.6520450893060488	-0.10907000578511503	-0.3369509634396322	-0.27214101492307996	-0.32042633798550896	-0.5744674419729754	0.2954683113201423	-1.41413831410935	-0.04061285257865169	-0.9855960655807293	0.5506686619333883	-0.6504661801937138	1.0189705685753658	-0.005068539573200005	-0.42907783938901145	-0.6058585758650472	-0.13558924438837805	-0.2576102599223868	0.8369330217027461	-0.4914932956938308	0.8867344363734693	0.9374749806737596	0.21823581191634717	0.1275959809062186	-1.6101632982457565	-0.03424765593556489	-0.13045003247383857	0.7807411814280626	0.34766966407066896	0.7777211176444748	-0.2206913807582365	-0.6835923830431643	-0.9968961946394851	-0.286901777731501	0.9910382990003538	0.197808286387822	-0.732639852319631	0.11590666343026419	0.17756897640486596	-0.6304794082438078	2.70640964864639	0.7675564413795843	1.2672180435659761	-0.054819362877901824
DTXSID7032470	3.0341107672062906	1.9561536445791268	16.018578226691403	7.046377565961199	-0.6529933269914208	-1.7894271207807166	-6.1111056365944085	5.505001290192013	3.128549333857622	4.056149139005276	-1.2600804536177102	0.1196178771494215	2.7260771660927556	-2.295364542151546	-2.4663108839842067	1.9857166120625491	1.5940345405492864	0.04823062205774305	0.9382077913831014	-2.053046805863063	1.5660128704726919	-0.4563918623136869	-3.035742213266275	0.17401610550094074	-0.07633382252559072	0.5054101999152536	-2.695423272188232	0.059653747393968684	0.5661746785512003	1.545309832558306	2.7141637148770146	1.978968756994246	-1.524805475606812	-1.4139099329793483	0.533408703112232	-1.219395233244468	-1.5499336399359573	-0.828061113689973	1.413583030969433	-1.3210607124930815	-0.14229861313714026	-1.9355816646466149	-2.561504356261004	0.1482722926244751	-0.12000660745366001	0.6887404999176663	0.21883963066121817	2.6950356529591986	2.7372021675872396	0.6378736416318659	0.44834531616813994	1.2031972609880393	-2.7326981798910626	2.11484792794179	-0.7811122720852464	0.7625767820426714	-1.5824729871782177	0.6290233494424372	3.341092255763533	-1.1583442271553617	1.4491634826974282	-0.6454984639420145	0.6322934641946304	0.40949010834555954	1.4031983395888878	-1.6360097548352202	-1.2456121113802774	-2.2429257479435925	-0.8636067442989218	0.05834489154261254	-0.011565593218605275	-0.7426418564735005	-0.8438368442080665	0.2627902429792465	0.13067136101301893	2.5035066566541326	-1.7707726925413603	-0.04907558423255667	-0.6270047317812472	-0.9290319166420101	-1.066543984782468	0.7800937625953243	-0.3177990084626377	-0.5117512999074902	0.07756918096476027	0.41169313385841905	-0.1176946149902292	0.24002022479636198	0.11316122390459035	-0.4570653651008568	-0.6907439153101335	0.8598135562733732	0.13188972005738978	-0.02181554767440147	-0.9176188897818753	0.19472870982673068	-1.4357871470429417	-0.7531546013799642	-0.6199700154896323	1.2905576284795945
DTXSID7032555	-22.596281395220203	-1.1478101777265641	1.6808521311542775	0.9227590607448375	7.237507679490443	-3.7613414371689666	-2.030552554638654	-3.5717822313763055	2.238348879846712	3.6769099616182457	2.7618831135018285	-1.3390120408887123	3.480064559064788	2.2570447912584997	0.8074587728109378	-0.7463346211804852	1.1283167874869657	3.1757470732348643	0.06469333539822969	-1.7996093927889063	0.002856144154746734	-0.8261166936160798	-1.1986158833715017	-1.2694276943572083	1.1362903043102612	-1.1087616448951383	-1.292806246790398	1.9357759550383038	1.7571833342805592	1.5137829118449142	-0.4116823723733249	-0.18791549723215886	-0.563715486209093	2.4836526790730966	-1.7293858620624456	1.7552048965280402	0.3579604930228909	0.36177765832207615	-0.005061956472027344	-0.4276728087266956	0.25280301368965663	1.1673825261402022	0.24134601217786358	0.14605183711150105	-0.20298514396226372	0.5703907789517183	2.114050081573003	-1.3551472378069693	-1.771587074838962	-0.11828537422385386	0.35351777537239504	0.06136861173363701	0.8198191294742885	0.39698219741411295	0.5121631842671986	-0.8412242703444152	-0.9126444405218636	-1.9259671123601256	0.8514514231969322	0.46515831149181325	1.0144592881054388	1.3290623068386993	0.7891444033481076	0.5711717798820501	0.8034559500215224	1.0896053417779912	-0.6270523541282725	1.7329220772844989	1.0838779743523426	-0.4418311739093525	0.17207734186713788	0.1938500270119759	-0.5602174279222086	-0.277399695891547	-0.47025249182515094	0.18311805765503408	0.7798486487424086	-0.9211131439565932	-0.6315361002665968	-1.0367795564739846	-1.1183107743858325	-0.23864331386374166	1.4362010565483394	-0.5706220276312918	1.297286709702487	1.4574786592992566	-0.6504795443121003	-3.3926444911642566	-1.0799634164070762	0.6095301840963488	1.2965938419127503	0.4188167359554481	-1.4472965817280248	-0.30063812086880554	-0.21627600935160868	0.3376115333743427	-1.4335317510042496	0.5802614931545973	1.6584429137465155	-0.14315698798494797
DTXSID7034624	-6.56319780955725	17.351545152481734	-4.257015113739613	-2.8059848972777592	0.8475329958519862	9.218636250700893	-1.4639904812232163	-6.389944191631532	-2.8960540763169007	0.49281364786001597	-3.858493654873924	0.28310459899132334	-1.564750933419902	0.790520793920553	-1.9326116735976155	-0.35831724795868813	-1.4933697880305568	-2.534724792527224	-1.8047682441504906	-5.259451117649955	-2.9581173509125227	-0.20957186176111636	2.6463562871973814	-2.7891795843485134	-0.24332695634460574	-0.30137786610964107	0.7271776691072296	-1.217878644775019	-1.4015427814512156	0.9851990153407306	-1.706868791184108	-0.6127634599390565	-1.029466007726793	0.25147474708032447	-0.39698553649900004	0.17145685823082987	0.93470559269079	0.22752054489394985	0.9144222866125615	-0.3681781868241488	2.159780756773638	-0.8915962138699356	-0.49685193534325517	0.600076274110468	-1.6855584558993453	0.005055323296494153	1.595646628904957	-0.6924504935505432	-0.5090299797985092	-0.22493476349711777	0.3455836898668133	0.74010787980228	-0.5834539785152809	-0.05999359081997775	-0.9930746825021816	0.7660801093201953	1.0861150740826442	1.3526602977495363	1.115202073812069	1.48470298820834	0.6554976389433362	-0.5688174357381608	-1.5918544597787665	-1.731971040029019	-0.7914371869582099	0.21813553170615613	1.1414233109899965	-0.17813357169851018	-0.11641675379033575	-0.9904849349014685	-1.1385878134867387	0.03192043864038839	-1.8737449482636581	-0.01975571100304543	-0.1764902982796248	0.9896370392278819	0.38048527404779336	-0.8061114901895812	0.17154984053123518	-0.5616884551058624	-0.615693268721763	1.3969439476885066	0.049105176838143166	0.24219219941580739	0.16904885928884353	0.2353717999731064	-2.2027956006520024	1.9209821199534034	0.8566933213617166	0.0836323900411295	-0.6179005393203367	0.8910116463627741	0.783583440573273	0.12180661651612337	-0.3471842381556507	-0.31481207914822446	-0.4009058353179055	-1.9621365951265313	-0.37224204266103816	-0.409723722805861
DTXSID7034545	-14.78591640789312	8.561432596301643	-0.9708562917140372	6.205764710437173	2.0769582641763793	0.07646994951889417	1.0365169937893781	-0.6472461362235918	2.1365096033696247	-1.5902667286036114	1.827525494989676	2.965228480957294	-1.4402081032335836	-1.2500312148206443	1.9532592754533138	3.5061861663721428	-2.568121504782323	3.172509050766381	2.012632136032068	-1.2659637449105705	1.4715807726843557	-3.218066259340524	0.12189502102377765	0.825884062628549	-0.9898418343535519	1.4092390968294835	0.49541632419097553	1.3500428511624543	1.1233614636122053	0.22042066667640683	2.595297495216062	-1.0498425974792072	-2.3100051397979913	1.6331890819314374	0.6489977948767255	-0.8337533586117398	2.665697743273452	0.13494018702154217	0.40154824287900936	-1.7063307031591446	2.896451078970524	2.1300504718108675	0.4121012640118175	-0.4855815402750378	0.4704846178990249	0.08253560019631945	-2.339589873153449	-1.759634374158261	1.143837586685355	0.99183102041625	-0.989785759845446	2.45018205646382	-0.7752967359289616	2.5224611999311004	-0.5682459767867764	0.40432321374105895	0.27315268436912715	-1.0843213092813941	1.264640880602077	-0.6946496999487862	0.8279891472881787	1.6061684777479899	0.8655731119658486	0.4118358090197566	-0.9792316333313381	-1.3381169475515633	0.3369537727965523	0.8624166756991186	-0.25502852436720075	1.6531420876632543	-0.4205852705917072	0.17156274303753916	-0.09240702696860106	-1.9684747210162092	-2.292838565885197	-0.6169136360064493	0.4445917225968266	1.9413744842418283	0.8822045857392136	-1.546188757966592	0.02721334130819109	1.4916660183070503	1.2248373886708053	-2.4895342629694595	0.9066236437476073	-0.8097137443606459	-1.2612979778349902	0.39045066453518074	0.6373543339204568	-2.329725533177804	1.5094349491227006	0.3603092765485114	-0.7151593435862965	-0.10902982078865842	-0.27737362593140885	-1.176240335572495	-1.2506896526891025	-0.09233102176522766	-0.31439263195234446	1.0743355859814436
DTXSID7034961	12.975543673506472	5.51698189740851	-4.632979067835077	0.08824048249691895	-3.420978546903826	-2.58445003612829	-6.763943419773343	4.510309846461704	3.1020872364800844	0.5253220611848605	2.240280587740798	1.6037664085970742	-2.9562940948336554	4.285875495220996	1.771152024470456	-0.6094220262877608	1.2275184172904043	1.024436868937122	1.7314052204279093	1.7834081199741567	-2.3938544280201546	1.3621953715565773	-1.9800743857531926	-1.6142218038738712	-1.783373035171736	-0.7531346308409762	0.9494601815529453	0.9892095977604963	-1.7106979473369734	-1.8611600706315548	0.18894697656687837	0.9162851638106962	-0.34563599141288187	0.058876432945125366	0.6560410009400115	-3.3832467099600505	-3.5054430404492063	-0.8609180299088294	-1.5309979956484028	0.5940178931640977	0.15402922306585262	3.108881452342509	0.1705413867374223	1.154969663865372	-1.5290362984419497	0.3643792043349021	3.0644613401653578	0.09029566367544234	0.34728850787089216	1.685026823823238	0.7009217730239715	-1.9572583924523745	-1.8271718310179719	-0.645308511232067	-0.348411201371669	0.06870666036686922	0.30607424704042946	3.912299152078271	-2.08112430004629	1.0661807975764541	0.3436302120411129	0.577672153574087	-2.0248879843886947	-1.3966207853521833	-0.5203285516092319	2.182427878570852	-0.5744359014807574	0.06798196648092415	-0.4090481603586293	1.3504515633654046	0.816648222138102	-2.398206119179652	-0.5842136039237839	1.4272819857053969	0.3057204094102822	-0.11963937427059784	1.0806971950828033	0.5447733294432262	-0.73643461009705	0.9145434139587408	-0.6366016399378734	0.4951129397578634	0.4099602567604344	0.3394183958524359	-0.1260947405719567	-1.2955369685946696	0.25025874824073446	0.5412799569924431	-0.5736143048409047	0.12414438316050887	0.890486405631655	1.654402921623691	-0.2806075117171911	1.0935862309660058	1.0283245643035188	-1.3441436370035862	-0.695141654070951	0.08251216925018605	0.5590694307039588	0.09076223484654351
DTXSID7040362	-1.6071447229264344	17.131383775599538	6.668623695191181	-9.975138737029203	-1.6737654417318069	3.722822921254701	7.441634559954009	-0.24680399388325072	-0.17045629142443472	-2.1095454948302335	1.3599068520496949	4.150874834992482	-1.4081599348982397	0.21781832011501082	-2.4554822776234175	-1.9545020425713242	0.05234111279584226	-0.1188755096676473	-0.4165238691980509	0.8951140423989351	0.36146110900453005	-0.3651332547505943	1.341017008171976	-0.8952011889989757	1.3411585310658072	-0.06234931282595531	1.4808838659709118	-0.9740855357123313	-1.1960783716194734	0.006901464402345294	-0.29948998608034605	-0.9509566928554712	-1.5524317157491034	-2.0278774046898422	-0.8497296486948791	1.5903723288394802	0.2565762712779479	0.5916621508254457	-0.6430134949729097	-1.4018563946537377	-1.6739078112826955	0.37841220307658185	0.5951205177371427	0.8288725088663007	1.2260805640118813	0.8501638948545464	-0.03451028439003253	0.39113490185695343	0.2784688767185296	1.701070348552909	-0.583948400027249	0.6223762271740061	-0.8653465261986959	0.8571696808790904	0.24412568058321868	-0.09455100618432864	-0.4812158958680002	0.5434169506265991	-0.08739721460043025	0.17680003246847717	-0.018439506932068733	0.45650279683005013	1.2944691346388677	-0.6869979022827318	0.2652614916383969	-0.7897086223899736	-0.3242811042128515	-1.979627454594371	-0.6014071206931603	1.588553695261016	-2.387664935326926	-0.7384408392233995	-0.6142529299777542	-0.8381961681406792	-2.27419048318041	0.21279602614311466	-0.30393807313766247	0.7609616641984497	-0.16802320279742539	-0.4934788626735938	0.31441836723104105	-1.0498113378375677	0.9443091888425902	0.35212790269578725	1.13755866565881	-2.1397960985813986	-0.12943613827921843	0.8298452494522767	-0.7067658653028248	-0.7147026137984239	0.7589485974448006	1.7310018106159375	0.8797046698479122	0.5698908823309384	-0.7894129697841192	-2.3233602272571394	-1.0143943753456581	-0.4920676434347427	0.7306217203778987	-0.19303011101189851
DTXSID7041097	-12.974141499830884	11.264838616375483	-4.342614582707743	4.8652223455296	0.7600149482653591	0.8493215949763305	-0.2372169771793564	-3.432739060879066	-5.05177092681121	-0.6872869142977718	3.622962417096016	1.413014762504553	-3.2459707529284465	-1.581489395962452	-0.8206674870748062	-0.8938123011991818	-0.30595531408240795	-0.7248447153157926	-2.0532659842498138	-1.2377213852014568	3.0875650360487956	-1.6605084122427756	0.4831059269550858	-3.6967164734830793	-2.20619685242028	2.495842312729758	1.6125462414099732	0.09511084391447834	0.003419173293856858	1.776312390655725	0.9949872564611082	2.1819045460112125	-2.4485342102806955	-0.09747044136028703	0.03210217171584283	0.5442446031781527	-1.7447898503758137	-0.5323087470551533	1.006881626340164	3.4400257162819514	-1.5528474035503343	0.034468305506901706	0.37784398147817383	-1.9198946141525781	-0.3538370777652028	1.7392537715320358	-0.3091370596305694	-0.17088926132263288	0.37032338939335785	-0.31010914966832065	3.046232641332659	-0.21982769289987028	0.2517583701098043	1.3168007417334713	0.6823628502373251	1.5922558111472611	-1.2031695281606	-1.2943338054949627	1.8550072669202593	0.3906224523488283	-0.15839175037304434	-0.9698337443805467	-0.8268245615244167	0.8078164392190379	-1.431349907502411	0.7284369291715513	-0.6710038101995465	-1.6186058722691934	-0.20498490853138818	0.2811969150942634	0.09519327699913084	0.3303313559121776	-1.34651970427495	0.11761258278849546	1.4233592240320279	-0.6600670837510506	-1.3798391206840477	-0.21623839186676055	-1.910089041729008	0.8170669546196279	1.6296040744536795	-0.2268961640511986	-0.771019809374516	-2.3151628151463415	-1.8906683157641757	0.285527263035203	0.003174860821834565	0.028325254451739897	-0.3665843874891593	0.5571050845016706	0.6104077889990505	-0.7718821471594225	-0.9082221206405707	2.4006291411837166	0.7114962636470152	0.0735170866069853	-0.6233252247677741	-0.9673762534602457	-0.31764913526355815	0.5075512070392878
DTXSID7041623	6.965543500461224	11.291338801121675	-8.053755535728717	0.40577379908344446	-2.0631302327379277	-6.633253266121154	0.00653248496563658	-3.4666235784462325	3.5236910792107863	-6.275077734262194	4.192024659830182	0.41966591107246043	0.41654948097373473	-4.714151379353703	-3.546476062616571	-2.41990940335275	0.0915112311340137	-3.2941543647915745	0.5424523312997579	-0.7177029093595896	-3.0378534633618663	-0.5467772937973787	3.2551564032839106	-1.2820284060249558	-2.2440346833866816	1.143698288321853	-3.8731669458724234	0.031821583247356885	-2.0980558586794027	-1.4627577848290234	-1.6435328941822618	-0.8208821086583704	0.3470102922681413	-1.5100944782892547	-0.7500002620124759	-1.3017551043939548	0.47268607717574684	1.4628482765315713	1.3505338152092896	0.22786013284806483	-1.6449678950839637	0.95317005823504	0.8739863951849831	-0.8292871018872403	-0.18160923142941168	-0.5427928287827075	-1.745410703584552	-0.2345625618670526	1.114865693965233	0.2860914475429289	0.7525631358422434	0.507804101145827	-1.579924375282717	-0.4021569085327899	1.3349566679837421	0.9582059349476364	-0.5632483587520343	1.5179768566033411	2.4146911757064515	1.3508262323682292	-0.7335795565998975	1.316378921152754	-0.3468804522235746	0.934129580286142	-0.613793325539541	0.7080717601620692	-0.2540130080647643	0.43670593800758156	0.5234762219589233	-0.5845296402637888	0.318428966509554	0.8307609132104747	-1.538714514351228	-0.39662459336271433	0.6437246335022666	0.6181219355241158	1.3188744269971577	0.5350258012170765	0.2567599779995432	0.6920138446537307	-0.023100554700439636	-0.7739388404482079	-0.42538328259071695	-1.1260685007557143	-1.1862512225146726	0.28233380445277273	-0.7631353854117887	0.5532895311506228	-0.5735814358805196	0.5455348174355948	-0.7564292027939394	-0.5091307845647192	0.33050306326632617	1.2526545495029249	-0.3108237352333341	-0.7894073722698818	0.23136579931472606	-0.884999170425298	-0.7438056577208981	-0.25183664130313316
DTXSID7041629	-16.717238476157075	11.62764914763645	-3.0430102184603944	-1.000943656568686	4.758423853260378	-4.760035584453257	0.7780224889397256	-3.918639395979687	0.6490448457053264	-1.5571710678400148	4.330086890970568	3.587806210917696	-2.627807930477256	-2.903929686528536	-3.5163808800014333	-4.730851148563785	-0.9465161731236451	-1.8833726343382737	-0.7421607020533179	0.7189365221440093	-0.7129607470275308	1.5553249790073393	1.299998441404857	-0.11494329098024485	-3.0073319291235867	1.7114463241776134	-2.9025689693855385	-1.1041847426490163	-0.687808346633838	-0.952785204995997	-1.5114548027370756	1.7866228377802664	1.2015741927055787	0.3178937788473347	-0.28629240853984844	1.304711886770376	-1.394621858762302	2.3235800272213103	0.12579885233024668	-1.1243868246515696	0.10077656265840193	-0.032268157388768884	1.34765378876193	1.4208166189444609	-1.123701890261248	-0.7282162795660736	1.14104149742501	-0.20653761085147132	0.13866979445656577	0.01062112720249735	-0.8798088419792393	-2.3250000753703235	0.5696100321359266	-1.3346047930246585	1.3851938590134094	0.6117195289226118	0.6968376935433492	-0.24333620960293464	0.4367291352818479	2.7200734292799833	0.34503370181326054	-0.07683931357374428	-0.5596040408735101	0.6936543045903627	1.2589124318498073	-0.31151085101346226	1.1796773360134059	-0.5117608534307223	0.6999641203284986	1.8299571168814874	1.7252167875486482	-0.1657350447930278	0.5283167399747196	1.2419895162778893	0.5197396215668176	-0.6820666461029895	-0.5267976482516685	-0.11410258516940655	1.0797784993405326	-0.9088863199016887	0.2728313137323099	0.2763049283497264	-0.20217034253436922	-1.8775077384112802	0.043476505412635175	-1.3983169343534672	-0.9967044994638227	0.33954091579378926	0.23178834974083912	-1.204126616674029	-1.421104798776144	1.297669917319566	1.0166922496520918	0.5477919590916482	-0.7019033514567684	-0.444226589316528	-0.4663499508660723	0.4802505186069436	-0.28288576009040584	-0.8556464172844709
DTXSID7041544	1.6983021295147513	-17.442579822106765	-1.4987382604889095	9.060584260637519	-7.291603138878784	4.43438411245017	3.5774286404136086	-4.428723576089563	-4.321841699667308	2.9118828863284207	2.421679777749137	7.5035244794664235	3.2918717456351203	0.2207724013404375	-3.6404246045222566	-4.154833021675881	-1.6983606848487838	3.9665613033215936	4.641776172293271	0.03832449471267257	-2.006341994703872	0.9085210062946404	-1.0577429180911213	1.9457891799071128	-2.7540908780338826	1.1000418409544022	0.5164801757714214	1.3289150245531156	-0.9438186249901552	-0.6788161781531751	-4.12134157713078	0.4582048153950845	-0.7090271310304773	-1.7438019071760884	-0.692054109681095	-1.6616037549428022	2.833369443358248	-1.7038465255353292	0.9307721680068768	-1.0984424174264928	-0.5987943005482488	-1.2983897309117314	-1.5758611877239166	0.017316688567638478	0.7604871955261147	1.4655280695368047	-1.416427091271847	2.7695167188431498	-0.5839526416159274	-1.4063393535715527	-1.3641109039147936	-0.9007848611691048	2.619569039312882	1.0940226370674309	-2.7539037830249407	0.5568624131606525	-0.6485883343648622	-0.7926036324419369	-1.2521990991292242	-0.9263894397882917	0.4958175745182644	-0.993472397642478	1.7064333061776535	-2.1540700852848382	-0.8292910274145116	0.14323071635643647	-3.034399117602643	1.3391798678248215	-1.1901139152438318	-1.286674448024778	-1.0930320811970655	-0.5208896199801158	0.4525819700741468	-0.8624698179839737	2.522987889793675	-2.377692874569666	-0.8938021245748387	-0.7635848537904506	0.276660376399944	0.30632719805813474	0.5872278441788616	-0.6795069918894346	0.14534615182163332	0.6693036220584351	0.6216238285135508	1.0591415859259021	-1.0230539124129274	0.19084156594388435	0.3861628637152645	0.6118076729930327	0.6134093127774115	-2.336983646608612	-0.6953207356900404	-0.8014399492517945	0.11229692586494455	-0.8434968354505432	-1.3875194998147977	0.6743620291604465	-0.5198676506663238	-0.0153065940706349
DTXSID7042356	18.417898102478294	-8.677062164653918	-11.131415425137579	0.9417648091081896	2.910029255921992	-0.2764163473541333	1.5516017508892646	4.376181975213027	0.42006427961466863	-1.5515861954545094	0.3332670718699632	3.537683629126395	1.8599391583173444	1.0242631466495433	1.4863418731164493	2.6185487552995843	1.7807775065283535	1.0354143434965097	-1.945796453650071	0.7338272579213895	-2.3564455374226916	-0.31549638888165077	-0.7917546633326334	-0.617000574930299	0.42909135617525446	0.32101585075198746	-1.0861305824786769	-0.8587989958589756	1.068298896827096	-1.2788272505619505	-1.0507247143835072	1.5585273377274413	-0.6781270768044058	0.35106127521990793	0.6291965055401157	0.34389540117759404	0.9320120473573412	1.1828115254861653	0.10252283653234018	1.0701520927387886	1.1198878045165492	-0.8911128469274776	-2.471052618185169	-0.1398641166757836	0.15983525143662744	0.49537791372969237	0.09012548232031929	-0.0778336216759169	-0.2500217268586864	-1.6376558911355028	1.048177690425756	-0.8626840996815718	0.09235464263788515	1.5644817024872713	1.1649883051977827	0.15140100175156013	-0.49354671797634925	1.2848706477983989	0.6839221701885314	-0.008402309025278696	-0.39014409400546535	1.08724411366212	0.701064120466224	-1.7999346910557525	0.730580627093514	0.3997678914094099	0.31124269019136247	0.09640248518761806	-1.0978486643553453	-0.9614063529293545	-0.7186013431155539	0.41258290683618065	-0.6817739321490786	1.880307866787971	1.1713377485775989	2.0859715517825244	0.9137576246567315	-0.9532038194290732	1.1026340581154332	-0.30222716329019667	1.6163613419067457	-0.5419140851498014	0.14548119688370958	0.9769094155593361	-0.27733433768372	-2.179483042153188	-1.2225777378394993	0.3556817724913016	0.8173352718207185	0.701128370725078	-0.7096500620808205	0.4801864889286413	0.4086341512738692	-0.2397632574361045	0.8279397214182129	0.7896880614173545	-0.6572892845944748	-0.7423593592924511	-0.7179183337893562	0.7890135768138227
DTXSID7044718	-20.93699981612272	6.43439119254313	4.037116450599489	-6.06109366682508	6.375859957205751	-1.5579588478698068	3.6677400313026087	2.477058885004483	-0.5073566385217485	1.6978226891151262	3.6183442554883127	1.5702512758460723	-0.9037413548866725	-1.0451209081496204	-0.44129235338156997	-1.0880290120394425	-3.0937771077437177	3.225777675766314	-1.8856692908261892	4.814611573018773	-0.8227067019439213	-0.010511719370417802	1.2509368438570228	1.162192362879504	-0.32432303675023655	0.8390740943840592	-1.3880385639298238	0.822973492367992	0.11686152016921794	-2.274627427183964	-1.3137278965756265	-0.6784143714273764	-1.3990904862196276	2.5098521496391433	-0.9573664213316995	-1.908823585512053	0.8068631366981804	-0.6421334205235288	-1.4574081740489453	0.052911977437530976	-0.4034908547110238	-0.9336168609165635	0.15512126146869643	0.5548338039798858	1.2690441388851899	0.22851285202916335	0.05093352186692	1.2336013041352059	0.20787956005045038	1.5858947306763653	-0.12424794882074153	0.4697349781451277	-0.3290997065331398	-1.6094927840461344	0.5003396647080579	0.9489920461721373	0.5960731646596271	1.5673151484446777	0.3073907809879941	-0.8892918598081702	1.896502519014653	0.9081257945327675	0.68739101528538	0.9920761038459924	1.0338691685287893	1.7937136807182683	-0.37061907882591766	-1.4435128070841552	2.2933940663651087	1.462885193320465	0.1998782591317904	0.13423184071357805	0.06125056431211969	1.1556961795983403	0.836230223476299	-0.9771192946869194	0.35533991680773785	0.016532898782964843	0.647175123058704	-0.4055913716366195	0.8954053950566948	-0.1480816574954681	0.2921729221236527	-0.9052216190904975	1.1388605397605565	-0.8734457874227548	1.0753634066856361	-0.12749439963986925	0.7439467999930488	-0.4636754165986462	-0.8264613273009465	-0.6712329355176568	1.1170139352002177	-0.18825416698552666	-0.5298514094109515	0.5609633110717518	0.10999006673092045	-1.1205874974119392	-0.1538919253526663	0.1818134783189442
DTXSID7047358	-25.78553099694983	-4.055738486703409	2.8528982848153106	-5.242929647535783	7.890466295209066	-4.211210898893924	-2.1549499653897275	-2.2375634341822295	1.236174727839929	1.514046896353008	0.6186005496114475	-1.8104882376711402	1.285466102059853	1.9746814054161226	-1.1462959276901858	2.7306824799086424	-0.963627483222416	-0.5960682244348815	-0.05400567731267788	1.4202069209966321	-1.0643964166058413	-0.9151896849378969	-0.28835128343119765	0.26799037441536594	-1.1270458660347764	-0.6029127486835338	-0.9924328140465963	0.09374963202295596	-0.12153787916056477	-0.8322693025482084	0.19485185159343876	-0.8015931258525876	-0.7728791467866744	-0.625654969402031	-0.6302686646658171	0.23803441454479707	-0.8145000470981829	-0.29104836451465677	-1.4496644006705213	0.7730188745186579	-1.1914306906747687	-0.1662572347687768	-0.6226029756182452	0.14816442631509916	1.0781800122936354	-0.31719027482367174	0.11629608322387895	-0.7176797768363067	-0.2216950454516008	0.4535636119070196	-0.8511692196949946	-0.9589443691349298	-0.1032528401983086	0.7263692169719171	-1.4641761284238406	0.4897780405932231	0.7535214215753852	-0.36751560164538055	-0.4244795437707868	0.2855962215144845	1.4788436026383172	0.7193470910509049	0.15787293338184727	0.6684339278479764	-0.16043331381113174	-0.004340512664876738	-0.22518394343261247	0.778209607494284	1.3037859935687632	-1.1215540284914571	-0.2926629644825857	0.6448458801589523	1.1396212449942318	-0.8223547962238279	0.5130274829085718	0.4938737606146882	-0.2815116758961392	0.68046516161524	0.46126022289447777	-0.9111242056664135	0.8879110609374747	-1.37376111732698	1.9312346304661716	-0.6431430263804574	-0.98690209570966	0.19407780266100733	-0.6563746270516834	0.23728518864011539	-0.5493411500583142	0.32234185175683666	-0.9321185529687612	0.30724792677357243	-1.2580618616345294	0.5251869642273052	0.22033679205446122	0.2540721213640104	1.6185057226747799	-0.9494319616633108	-0.6368710755910203	-0.3711255300531648
DTXSID7052571	9.266645230858538	7.2371235050794365	-7.362417723491754	1.12322017740453	-7.567429310804507	-3.86664898258754	2.1429426979441724	-7.494161842523384	3.6654758516974755	1.6049873226511377	1.2131155018907205	-2.07905376512677	2.691728255637667	1.9874330255497297	1.8281707787551675	-0.6595801050349154	-0.6683757106762154	1.5908361452708686	-0.6915096743128942	-2.8980150583205946	-0.5272178572636912	-1.7511968573998957	-0.5443471933543167	0.479934066112418	-0.9720154097890485	-2.344517143488628	-2.278496622764461	1.0299816381753704	0.6643077607402533	1.0656499149118954	3.2657771340889443	0.29921773325063405	-1.4859644582474203	-1.8675381173158225	0.38384477527982475	-2.390274789218778	0.331105646106159	0.10967048780308514	-1.4368340929977075	2.574116760539771	-1.349298692013197	-1.638596207281746	1.1180529809689368	0.12983905585327313	-1.9219641992087602	2.154485644092701	-1.4663737253381697	0.6870342167123593	-0.45044133892927246	1.3716076402332305	-0.2042854892035106	-2.0803651850011025	-0.043410877475041416	0.47369687792659115	-1.5312488190615126	0.8734375167745814	0.020066987750750123	0.16412702626356032	1.0531404012954146	0.7265870470028044	0.49824594584258375	-2.0540476999960564	-1.06437759214214	1.0031036206409634	1.42172985893732	0.5723157899433755	-0.09645116238641756	0.05062865652860267	-1.6017801831291132	-0.31211104307090826	0.7840296251255606	0.6975446069414686	-1.9024647075629857	0.44259256491923343	0.890302014986457	-0.6278591474006929	0.2956284164525879	1.8640817892697723	-1.027076476458987	-0.33623036343528073	0.01718715535230352	-0.4226023851943434	0.33183225864089055	-0.8890990186600898	0.6611277497260698	2.6348390022143198	0.5923140490856796	-0.07146542388361264	0.5249499774312925	0.8868065609071372	1.3300052923599686	-0.8057892304612079	1.3218932925180726	0.2037868171081491	-0.7338748758226756	0.2896512030802923	0.05819051284882352	0.22336187797589027	-0.5625937067260747	0.5306984325730867
DTXSID8020628	9.7270002719032	12.677576875031729	2.370908685212634	0.6500805942465286	-1.7376060821778982	0.6470700215767299	0.3197894393599871	-5.457885524798872	-6.574325089956085	-0.03881616913254343	-5.981806526081796	-2.2774684242946805	-4.965268881351504	0.8287925655480055	-0.033308231306871355	3.283551858016306	-1.2950319177987546	-3.9286352383529133	-0.20804445581697287	-2.026736242312203	-1.108496537767703	-2.288633237550269	-1.0642621182269696	-1.1620394538387944	-1.5377566592549419	-1.337173519857198	0.3881526996620349	-0.9405702127237522	-0.19235395201747577	-1.4364313794471173	-1.6937997497897097	-2.0741075943565934	1.145422764741498	-0.7867722010617361	0.6451582528918738	0.16997321138378493	-0.798843433774649	-0.8539821015949004	-0.39307070124786747	-1.6818159325265365	0.059362553186281065	-0.9344347099857476	-1.0635575504192756	-3.051309545093552	-0.8070165024970065	1.429548954492462	0.960923218345914	0.045918171309531436	-1.3853026742661463	-0.5251550198312928	2.224088743813563	-0.25280178793866115	0.007945813189436272	-0.06352840009378126	0.6712563767341887	-1.3511916359309557	-1.0522912203965575	-1.7359851360754446	-0.49466676833406725	0.4281866572616842	2.192632368974505	1.429419493280118	-0.11186952481520093	0.6487087143806287	1.5872700092741903	-0.48823578047189964	-1.6082498626796604	0.526713451728376	-0.06980899667547391	0.6650541004072801	-0.0591917521967295	-1.9585603165629677	0.25956145669423647	-0.08202505086204176	-0.7208523864666312	0.11185674849427857	-0.015037508769948017	-0.14008266611676218	0.24539951090725476	0.680233154837126	0.33633968820795745	-0.036519774133565885	-0.6806523724756879	-0.1877626352182615	0.8839490487946752	-1.1083960908421118	0.9078926106252818	-0.06021897758306493	-0.007568430692949454	1.3481822701446171	-0.23323512818716385	0.0934538971272355	0.3817803298277809	0.44198543104673094	1.635168237674073	-0.12325352046256481	0.11679144596074238	0.3925795318672555	-0.717222148895533	0.49976512487862473
DTXSID8020759	18.128278996288444	-14.758754396888984	-1.6705652764720134	1.9618185558883396	-2.3115868385015124	1.1800458145425297	1.7149760788189783	-3.900965064089486	-3.3435169494167365	6.56232725654354	2.028011436662452	4.009431231651941	1.067093312310287	-0.19692755425289468	2.484159742276534	-3.0168561650629364	-3.1401771946351946	-0.873028260679681	1.0250148764028604	0.902263767010989	-0.3800356792645104	0.6548092900395187	-1.124994133268231	0.07184645906916877	-1.8754101963412897	-2.6303779212374794	1.0542561676050344	-2.3984968927983874	-2.2361248246759997	-0.26819753451559286	0.5889001660718173	-0.5646799999599778	-0.11695858770110502	-0.7637339759183288	-0.5627279667278399	-0.22148078307434224	-0.8634937035136273	-0.19795376009276716	1.235231101105713	0.3550342035360329	0.7540181959213839	-0.5145537874177436	0.013406933831590018	0.7943110217278572	2.9766153548033962	-1.4889854073252238	-1.4559832836244682	0.3604917468727571	-0.17483667381250823	-1.6093224260897139	-1.5673016772953465	-0.2563046595797244	0.007717273173603909	0.13464479587619144	0.40214473027340364	0.3982640725901004	-0.4506185994576502	0.5706040072639659	-0.728864050716675	0.03151322419754058	0.6440884517727907	-0.7266832601054712	0.7819088138149927	-0.6781000062580385	0.7707033163377451	0.9145513039101282	-0.22455493983312172	0.9358056379007894	0.2571295964569993	0.7527367106119578	-0.2878561565611453	-0.44299410600397404	0.975844129564586	0.06738671067755769	-0.22414700157156459	0.9700964266254205	0.715618106106328	1.1834167214209959	-1.3012491782662634	-0.8381428532569098	0.08478260246155381	1.0776953145746055	0.9121765335953207	-1.9014871288898636	0.2053911196146463	-1.2093032891163107	-0.45775370790301956	-0.12523001751484925	0.05324309773005764	-0.6466864755239344	-1.171750688450354	-1.1710801012024976	0.2835493102128926	-2.01627342792992	-1.5700820407441458	-0.5635118261775223	0.4286259752341966	-0.730511478294933	0.5662064385788039	0.2222380432665456
DTXSID8021771	18.90134838521697	-14.051090304411108	-5.454101800621365	1.3362875202623214	3.6953028427251473	3.660670389105974	2.4966790288932943	-0.542511904615343	1.2296677076770166	5.731524701401044	-0.9155054941306302	2.4392879702981056	-0.7053744180538261	0.512511851176276	0.9599509995570703	0.3821044290605133	-0.02384162332502072	1.124981074624757	-0.041295892771039226	1.7068575098507255	0.9399339231914944	-1.9039831181065436	0.6062865356740433	-0.12249365445891451	-0.028804810084041857	0.9313563070777453	0.23678280872971685	-1.2620905300879022	-0.6981255669662035	-0.9519921728929865	-0.6259942562376479	0.5609073948901694	0.5232431289761912	-1.1817620580836963	0.01788170809185484	-1.0050283829880167	0.41500408554000356	0.024080091777376075	-0.837423843890391	1.1321453780103243	0.5820022479501579	0.464436597446176	0.7494599963030021	-0.3449912561150767	0.5977077564720157	-0.2560941164491065	-1.2861685774756637	1.4256858967880566	-1.937188898835968	0.4812272017107658	1.6015699520564441	-1.2259127009805928	0.6816968859346659	0.5114156911182477	-0.22077096581403202	1.0011234326243772	-0.08962614572593824	-0.22914193184279533	-0.5902314135332761	0.6046753000309302	0.5713287781762657	0.6778025139508443	1.3530922628438837	-0.1117602182652478	-0.29475049479773013	-0.4104882484023745	0.5548885853829567	1.2636814333590989	-0.7479948755041587	-0.5027335389520623	-0.5761312178023259	-1.1633027826766	-0.32783967620384646	-0.026622481165303687	-0.35174839324308027	-1.6434471986535144	0.8518028012623398	0.8616812851263185	0.9316142139480468	-0.26887578192894074	0.47898918171676286	-0.018701145467213274	0.4837811767812921	0.29590925030470366	0.5809921513679378	0.7357532923596501	0.40478337982069584	-0.2745368931865915	-0.30969760213412906	0.6377425234759854	-0.4753955284395248	-0.7737101449858634	0.7687349629005419	0.4334660632537829	-0.05877866943020844	0.6773355636568021	-1.2272472904286578	0.1437046314203197	0.5719343968653675	-0.9328820969256758
DTXSID8022111	17.205970607924765	7.508646088612787	-2.3456250267831256	-2.7227109479849085	-2.4187199410301536	-2.0063901953971905	-2.7271064459242886	-6.846279160641068	-0.32872211890879377	-2.3265176378600607	-3.106692721389879	-3.0470239035828	2.0722453442820137	0.496728537639977	-0.30061790773056657	2.9830120225594228	-0.8247687761593121	1.7091282395306364	-0.10201872754228755	2.0738094837893937	-0.1625870166655305	-1.51624104568705	-1.0614290736944918	0.9591754513955341	-1.1032624990454067	-0.11100800881144555	0.9122659767583978	-0.03473776589189712	-0.06940077123011781	-0.07498973705428216	-0.08030477863232155	0.9534703150303803	-0.5672187604671928	-0.21999935796582024	-1.8465290204348683	1.4827175012648754	1.2314739761384255	-0.37075634221866316	-1.5163358234414452	-2.4315207107802723	0.3463454056533981	-0.2015597271553439	0.6357906171604574	0.4830431022143751	0.24978491665316457	0.5827161804611404	1.429430071563011	1.7857099316507528	-0.11532395227956278	-1.6472167752671183	0.8238760979725115	-1.1908270377564298	0.6177687815829886	-0.33946873516081305	0.13771363748086027	-0.5173536488278164	0.25223313217357396	-0.4318050105713567	1.2948142958706939	2.5570529195682075	0.6773747012776417	0.3912468564183826	-0.29150976463640593	0.4336931475893069	0.38915914507418475	0.7010415418235095	-0.6111079588617107	-0.9903943166071756	-1.9548619314977913	-0.07580945564872049	0.9770296537560177	-0.21844836123618258	-1.2162856585970863	-0.10089742860312728	-0.1915578924761716	0.9395229086733478	-1.250853104660403	-1.1269354158190108	-0.14635254505649087	0.4556378160907136	-0.8169141865975453	-0.08521883786170681	0.24452249767117046	-0.4169637748919757	0.40466707761703896	0.9261873910690492	-0.04663192335443506	-0.7981530375149228	-0.4223241506282576	0.3657507323598569	-0.2057452307309559	-0.8511548474735494	-0.12405777428214779	-0.1461002532986571	0.24873501914917176	-1.2425625697781444	-0.4836297091972388	0.6222728065313547	1.2289092508089916	-0.9575207400535082
DTXSID8022325	7.864926800354162	7.70262363954369	-7.790263373490832	1.775941376641826	-6.510441675653235	4.809701634998636	-0.5178928583911226	-2.096048823735436	7.967013029175455	1.2060892549118378	-3.00170290436329	-3.5126921676387504	1.7714124639976452	1.3892916005968907	-4.992444108862377	1.4521234315028342	-2.0957153675646656	2.1095682952349732	1.1275442365879425	2.1036668258982263	-1.7383062702174554	-2.125604539662404	-1.0419418575958546	1.988215621025268	3.4508004123612337	0.47438416134429284	-0.36796796299039325	-0.7549070720552957	0.772922200555657	-1.2325561005969838	-1.2168171068490914	-0.8051809580226124	1.5506002964758765	-0.6058606641874361	0.3399967277304724	-0.35556881304111265	0.12049480223726493	-0.5244951880582228	-0.5047852846313614	-1.1512793703564321	0.4580432447920301	0.8003579857582811	1.5908289489610974	0.9056904953563345	1.1615825663502861	-1.543034148969565	1.012978955171186	0.5597650600748025	-1.2384830672062805	0.23712614870143078	-0.9158009236795377	1.2042343049799005	-0.829064973454949	0.8409141112594138	0.5140611621312474	0.807831197007613	0.2600175679854152	0.06144907290309883	0.8834767894616471	-0.4768767199194951	-0.8245708324994281	0.08841031179034664	0.8047848232172499	1.5917830086098381	0.9094475847737417	-0.5983808291893477	0.23368328458364693	-1.433907794505736	-0.7103627010488903	-0.5005758272551047	0.6181442920426129	-1.7633059143996697	-0.011232159322774452	-0.03529109071338242	0.38769444454361274	0.4703945287953625	-1.2304245460534993	-0.16387627560928994	-2.5075470703561544	-1.0343327874010448	0.40063521939596997	1.9372927867756486	-0.9570329246767154	0.41546671169531846	1.0856794961620273	-0.9917336442325542	0.04489403081342016	-0.24610626976995453	0.5842465196429647	-1.134479935058101	0.9191207876955824	0.5920957047403832	1.3466229303617763	-0.09707613863832401	0.0004659724949736895	2.5879628325049358	-0.2612336293820147	-0.12653231835535403	-0.7605067676408606	-0.2949632013534569
DTXSID8022828	-1.0864487910895846	8.307725114143903	0.5585569203592456	-3.6356624313883454	-5.4782833258505885	2.959541314615108	-0.9633118097854096	9.757672142053591	6.0967481066084215	0.9303366522194477	-8.048578517258967	-5.125597777826959	0.6743714606835219	1.698104763127249	1.2735172660223635	-4.4234446663034666	-2.230521374486445	-1.5374258800503071	-0.5206153475824422	0.7072736846098472	-1.0320122440827313	2.1025400334930606	-0.9723616113669901	-1.4374410011470213	-2.0251741420771427	-1.9466842467591108	-2.536741922863979	-1.6286043300994193	3.200972608430953	-0.7106767945528705	-1.4184895450276138	-1.540711892052621	-2.5829363423516707	-0.6073471326499794	3.3004718421930996	0.6624314902513592	-1.490914999336897	-0.8966281568807354	1.9020279767084207	0.4994644695406147	0.46450702132770544	0.5860044934849354	-1.639104485436726	1.1402895956209584	2.8831423647751206	-0.8180462799166583	-2.452677038176695	-1.855937844455248	-1.4891583081585358	0.7815026407040435	-0.913983249891509	-2.6819326966197554	3.2679958632834367	0.14080748597228515	-2.707463596110712	-0.9893248282053169	-0.011350611360169629	0.12442282440959752	0.3250253095792108	-0.4675576590988786	-0.4888586739395467	1.0379189710024894	-0.5185212606163195	-0.5414241021566937	0.1859948989705872	0.8913854880596194	-3.0757939451138645	-0.89091902137855	0.12605909574678065	-2.2694745518444037	-1.2239173183789394	-1.643370264283385	-0.8000874357905697	1.9020113364304616	0.5880126030863547	-0.0008955162562610506	-1.8539060883551652	-0.6280702408527894	0.27303384546599907	-0.40184106448099915	-1.772203084388426	-0.04762502259344254	1.202409903965652	-1.3731199317679184	1.419347884378248	0.02026336551778925	-0.809734267274694	0.8688053029848393	-0.3085831577195501	0.26523023787545386	-0.6552913368343385	-0.07243390143471252	-0.5385753585842581	0.9892039635862219	0.5618643167052393	2.5401902747263	-0.42099807974644493	-0.7655781577310333	-0.04775914245671262	0.5782180236079736
DTXSID8024107	-7.303692057006026	14.56494090116502	-4.1592289500723325	2.6683382447020723	0.9810098990725897	2.3895917717590223	5.732940689071957	-1.4368246022909639	-4.287095456237571	0.19557361488704134	-3.4988607313117384	0.10363449570946735	-3.302953574852804	2.0162619247416873	2.0584144222691183	0.5954104512316979	0.28317724888979046	-2.7088631337642948	-2.2624958225562706	-3.9910089612942894	0.7423516919477094	-1.926689630102814	-0.8408710640166724	1.462432473789614	0.5729957050489204	-0.18329817711146104	-2.346449050936604	2.288062102234734	0.06065338280829367	-0.5713063964882183	0.00011960474817651643	-0.6678425206186868	1.0585984046382353	-0.69124897545331	-0.8904018517016413	-1.8390037777187167	1.6113418828916364	-0.1872752757971345	0.7608350329796438	-3.5191212074113167	-1.3471635294858368	0.2656827767296431	0.4546560212904795	1.5416631461285293	0.8678131064081172	-0.21365074538333567	0.5073072740047541	-0.8544793979103928	0.02689216785311268	-4.675116947605328	0.7462327913754805	1.762457779938021	1.084956957493033	0.38177305105829695	0.3748625467373042	0.5044225745030488	-1.0271478819161548	-0.3900210366353284	0.6420252096907575	0.12525669082485555	-1.9538148535795843	0.3532704297768381	1.1255752989997507	0.43354332988797734	1.2776681608835587	1.7540867950267587	-2.3932572915123362	-0.2764750199659505	-1.4099822806702869	0.24640066762489884	-1.2568410625262116	0.6204057030279405	-0.31698551954550225	0.5608247134119114	0.01245269662024031	0.2513715038162699	0.48210297004318475	0.6119396818879654	-0.010369945064625123	-0.2165267938414217	0.4852059338373222	1.3233724210171363	0.06141555646647823	0.3533391908268576	0.308128211714097	-0.8332552233706667	-0.08971233602632882	1.3483071519423357	0.13031965588722147	-1.3848497913847495	-0.1530161638883696	0.011365437307746903	-0.9307824870037017	-1.0890115203099937	-0.569673672147961	-0.39737911308589546	-0.3550047913456938	-1.9596578108013665	0.02611444500838606	-0.6935628253894319
DTXSID8024234	-1.9775614715737402	17.625064398850974	-0.4758772243353181	-0.18971572524206037	-0.6814080667776725	5.412677059286535	2.612715338442463	-4.129697726498655	-4.625803884561259	1.0796824315869382	-4.2270232046489165	0.10508835156467121	-1.4237150446683873	4.196536081403158	-0.5077239184421812	-0.5315005826365842	0.15786855617020568	-2.3705295138266997	-1.2678464027032095	-6.689306847584412	-0.3545664612196095	-0.3117182364918432	-1.209714436909776	0.4707556374083721	1.6371759169583833	-0.9959287458524791	-0.8967522952142788	1.5391832229113105	0.7641408333480854	-0.7609012299145218	-1.231435802662446	-1.3341869161906437	2.1023677215844216	-0.4431375874441447	0.9035035618897262	-0.6108121739021943	1.2993936587029902	-0.4651165369391624	1.5874716319196236	-1.6728445615469876	-0.9179881159404601	-0.6511957284152874	2.6526157717349075	-0.8144173994228101	-1.521958589687356	-2.109878506523118	0.43119043438858506	0.5170610721416626	-1.041674076346748	-0.33551871700287267	0.8727854549456108	0.8380554932958542	1.4319355047365554	-0.5941002508949207	-0.8763190548621457	0.8020550785649075	0.07873968030724438	-0.12696927980338932	0.12849623047936354	-0.9894562034219931	1.4343114319765118	0.7324855758583826	-0.013444894542515351	-0.16640806477796719	1.3077183204266845	0.4229111968455617	-0.7995617380243961	0.39468572239112115	0.5412700667131403	-0.9091706998561598	0.6370436106876012	0.6747456929099533	-0.962580414524759	0.029762784234551802	-1.0671126489931235	-0.7579371724977071	0.1619402600985317	-0.39807879160193993	-0.9052469779644368	-0.35229180061627036	0.3207580754251577	1.0986644213030246	-0.2260569066895925	-0.15057055817125697	0.18337159753183413	-1.1054026325819033	0.7275035262388897	-0.24256176351696623	-0.2112141796174038	-0.49689692401868746	-0.512745086240086	-1.3935887992222804	0.2768437988214617	-0.6684334840901212	1.106702529534906	-0.07465467714391054	0.0046799031301047	0.019693957684592936	0.6908481006550079	2.265287214452386
DTXSID8024109	-6.578891023901116	13.665496848279389	-0.623628581943349	6.535798859209919	1.9143867416277651	0.6420032559699845	3.504368863877648	-3.1227848138871157	-7.522058553620468	-0.930775366653652	-3.873888237713127	-0.5913874414026082	-1.965299104992791	0.5132575088860386	-0.8298867414693211	0.4418437633963826	0.665127928278096	-4.0260877252432135	-2.170180927749276	-2.294524457413271	0.9366479872371075	-3.1653945788039297	-1.3148061227622296	-1.5976493136393364	2.064198371941255	-0.13503976304179113	-0.5851996768354286	-1.3730674943547725	1.8746564094612947	-0.7148113164615403	-1.438613840352466	-1.7529321455622129	2.6660460443184593	1.3150039775515978	0.024237452543176538	-1.420972894963517	-1.7510912054874914	-1.0336656026477327	0.7396266613717005	-0.35862345136859974	1.3499734352949215	-0.8953663930086976	-0.6216198567713058	-0.91262424583545	2.4469611456749867	-1.319050324229942	0.4691719424262434	1.758391309832973	1.4926454353271652	0.7638312693794397	-0.794966558348544	0.909033012043152	0.004404413086749746	0.97528528745792	-0.3487570652725724	-1.7623816659814646	-0.39579172655425815	-0.23953983298401912	0.8149552407195655	-0.011263739834279005	1.1383314085736242	1.5243874004377496	0.15608063700577918	1.6715777551493578	-0.45286153368865867	2.194456145446196	1.125137661612632	-0.9283229840854886	-0.603663072320383	-0.8796977257106675	-0.8427819675017724	-1.3687193844582186	0.8864460330850261	1.5218600356253145	-0.02471850014687039	-2.123797020966921	1.3889439580313299	0.07377963604208126	1.1312517126555808	-0.11661371881262499	-1.1091226344064287	-0.5317329206568117	0.12039123442016303	0.1765738312478563	-0.4608748727060992	0.21068170694426477	-0.7164271039505518	0.1901087628398912	-0.3231201229209671	-1.1378898608406551	0.225216891352151	0.8369693736511252	1.071297830744676	-1.2960814746767857	0.38947597110520893	0.3409839583057704	-1.1260691642768927	1.9406950059187027	-1.302908766011212	0.34697485262321615
DTXSID8024151	1.388605937529214	11.308627048574422	-8.78185542748986	0.957435488926066	-3.937504396980687	8.429028579802711	-5.441881035836783	-0.4556975544562731	1.2799818289966924	-1.50614557669621	1.2627740218624315	-2.3706398737265317	2.266118018196723	-2.881581041325683	1.1914305101368143	1.7807284967555468	-1.36046443015963	2.3680298887453697	0.2432206368723518	-0.9797161118575075	0.5867164112502381	-1.0413810434177868	-1.2826949247867308	-0.4995942347304177	1.2064610756654994	1.2339621448320952	0.1329954571688167	0.3214821983437619	-0.4295663398557107	1.3279560255418135	1.4522641564960523	0.8033506481807667	0.3788715019078453	-1.4950042867999942	0.7398229075153308	-2.5886894702930405	-0.5493798593957343	-0.03558561421243401	-0.1637694217756731	-4.022367296846118	-0.9384907422513307	1.53599962709079	-1.0263062943728491	-1.4081509223178583	-0.9913218175866223	-0.20267695793518492	-0.5628405358579885	-1.9363048196537989	-0.8932670300979761	1.142191166747856	0.3102542258717765	-1.980799656837516	-1.4532266141147268	-0.34137148593091843	1.2857353011763173	-1.571661783640939	-1.6151397741805884	0.23023470772864132	-2.1751080944060486	1.7667032657063508	0.7070093486031916	-0.41967393499350264	2.885931970798942	-1.0859029200203156	-0.057693420903268254	0.43892454104874995	-0.21018838351154026	1.693569510586491	2.1571801325448288	0.20390688621776296	-2.9388593640736733	-1.696562605780417	2.5253820988088704	0.5249617695289263	1.4671789447356416	0.406151010766119	1.0714707527500928	-1.3371557394132778	-0.5850750864157457	-0.5679170099905486	0.0077854371705537205	-0.32722879022120754	-1.736689242436781	-0.6359730703198729	-0.7468529444704106	-0.9155898842180406	-0.8691624919919102	1.2759956666305168	-0.9322287236574529	0.4368279318031708	-0.6748092785298193	-2.701493075997473	-0.8263526371737523	-0.09440745712299387	-0.1425311641073776	0.33929439719631355	1.08683992531902	-0.3195696382948551	-0.4776367837750274	1.029370065746656
DTXSID8024159	-15.636781711581143	3.4636582098502453	4.928419861119949	9.619649740102771	4.91345137174309	-5.1666048557680515	0.6495171445029071	-1.0122256165439156	3.09876075047557	-1.3522432285710053	-3.762023239642161	3.9324135395179596	3.1474793868300566	-1.4549249246728715	2.602651101751904	1.682121556707728	0.4959098255298249	1.4446385113808136	2.5704169558621124	-1.1822800153902249	0.7828699105771411	0.5257149235562706	2.8817360316894813	-0.5946469508179548	-1.6373043318699603	0.05879664433529831	-0.7807865192901025	2.511745221350704	1.3125313592944117	3.5938522505562336	1.2532139463615963	0.4820479528959933	3.0257628967085752	0.4974822042423339	-2.7515876891989555	-1.2193186924637254	1.0273481570832723	0.09296892112238123	-1.1066590035788992	0.9798899832231546	0.13440172784119966	-1.8932423183417153	3.4948722694856404	0.8990834346634649	1.1572637096111265	1.110373440976604	3.2713273791349824	-1.8867716906101704	2.8001964712103584	-1.1015269127957164	-2.6998664521825013	0.38617116621200825	0.27962406246276084	1.0653300287372736	1.7195809229475798	-0.8302924877472948	-0.7210493316133719	-0.30912213006580175	-1.0857735900235341	-2.254808940200102	1.3253468678501907	-0.7155726951836812	1.9381087425294576	1.1153069200586687	1.1702778944880177	1.787699395726998	1.0053506519203268	-0.20967137322096002	-0.7053880646052664	0.8122286782735244	0.3374057692629361	0.23107605423201272	-0.9419697811045925	0.18594993556932876	1.4242664473910105	0.21665521610417615	-0.5967977305976504	0.5780096216259475	0.7941404705947128	-1.4765842031815555	0.9443072453627386	0.8922386734821338	0.14153159981249414	-0.9590824420004667	-0.8524479092728664	0.8791890023761766	1.0657526350689914	1.284041427519282	-0.6557791996295274	-1.134773092320175	0.75691522533694	-1.5103331370863349	-0.8800717769463363	1.1856642473689067	0.4278256847813853	0.1315476899217185	-0.2360435959709199	-0.028129275742996868	-0.2947368049026853	-0.1315990468292357
DTXSID8024315	-6.276174317362871	7.5133893481554335	-10.788328483604984	0.7129314117231997	-3.476903110254934	9.37716051086441	-2.474266144772919	1.621571269687977	2.2181418768035286	1.7850250804827121	1.2464203201118154	-3.314202138405856	-5.56250195191299	-0.721348814306797	3.6331863897875105	4.441035127118813	2.912085825917024	1.5892215838743884	0.8276612709660961	0.5108920062798209	1.754114185214681	1.4529975348385518	0.1960762308994911	3.365753068667731	-4.3178244507691055	-0.35803507168958765	-1.698042802230967	1.2986298051741965	-1.3277702268375582	0.9241638686905234	1.7490801352725174	0.15668995115421377	-1.8129868716598074	-0.32010474101976855	-0.5058527581505631	1.0623994861251238	1.4322970200615677	-2.746235210169875	-1.643543832386181	1.04590871157281	-1.0698571723186252	1.6743147993185767	0.935582653206504	3.3036955531571754	-0.8010786015812092	-0.3578722495212354	0.4416810579841556	0.36337934621350887	-2.9902676780849724	1.3016873197751768	-2.298607639341868	-0.12530445434937937	-0.40341605960592597	2.0218680090110537	0.5167347383701364	-1.8665426420655602	1.2609785833184461	0.9897081443523145	2.06711108267285	0.19220128108383833	0.5454048879590063	0.9030115528088558	-1.0188387315496077	-2.012570390524334	-0.02735592940133874	2.0175388875064053	-0.6507802021477652	0.2812066259466814	-0.3525839341357824	2.294654450839227	0.576204333378118	0.42234017635658405	0.45328267551699986	1.3622081752285118	0.2625842895694224	-0.7152214604905645	0.1917172798032974	-2.839382684158945	-0.9940500503556566	-0.5586061135057233	-0.5075284515470558	-0.2298873229164774	-1.0693828152410056	0.6497458139024725	-1.8309092896635608	0.37236557700655565	-0.6701230485391093	0.9827653589903764	0.27724959876274197	0.5032067205797656	0.8640016226015795	-0.2107220501479966	0.3509618084057693	-0.967430181600396	1.3662740490056025	-1.278428553511521	0.21205373614812928	-0.8078904499697555	0.07527722053195227	0.11825701989927802
DTXSID8024280	-11.997338510608564	12.164952334510133	-8.107055692103302	1.6696832793808576	1.0441355782525648	4.380674076048378	-3.7509706589413465	3.60952680378504	2.56672569263529	-0.5600673791875865	-1.0881075267442004	1.922636748356674	3.779235850916378	0.15787533080522417	2.7943373645753327	-1.7307562649414965	-0.35538336398892856	-3.3721989650156	1.4454497853972934	2.8882261858613063	0.41465491387524495	-0.9598018829500812	-1.2969393449890063	-1.723029707223439	1.0769257737983435	0.6283339224902224	0.7324569724241012	2.1108712596165438	-0.6742601449475594	3.4924450074142865	1.5728706166940474	-1.7165907299375376	-0.042002958235180084	0.5486743133983927	1.3605993596583388	0.10449373021553195	-0.9974629497778807	-0.8798860757586339	-0.1413091167851307	-0.9522179646011935	-0.01352809735122313	-1.8023683141927653	0.9904999998318382	0.6006816462982862	0.9309042422363886	-1.2760326504731765	-1.5827995004237296	-1.0265802043602907	0.13587036789307816	0.9624301648152566	1.290228248172432	-0.8890196914612645	2.9858533486156276	0.6830454248139608	0.5992208314579791	-0.9603444282392386	0.23283273987486125	0.7908694931634439	0.2853536009682071	-0.7966583978121863	0.15244824348738004	-1.2054072833130511	1.7396369989014282	-1.6547491346921843	0.7369916485368122	-1.749835267701056	-0.5231471608719187	0.923044971785122	-0.5810126535281946	-1.906743588277473	0.2242006142090781	1.2186212145505044	1.2901017617096855	0.05363600822192044	0.764927168264064	0.4703089471872756	-0.965245277855843	-0.6429202631716514	-0.15261451169374163	-0.2739061472467533	0.4829426411794143	-0.37584122137438347	-0.09949082021118166	-0.22978620885271567	-1.1316300733481803	0.5770129636322187	-0.2254838531120871	0.19284537177182257	0.6041400691123163	-0.6437500414507155	-0.8282110278171595	0.051399297427269106	1.0995500427948466	-1.0061709619372305	0.014190356916912887	-0.6468939981443808	-1.0378035819086708	0.7183038947007886	-0.2920849529069899	-0.20651532627035496
DTXSID8024523	-10.460112081660913	-26.35381703642482	-0.0444616300554134	-4.315755239540023	-10.590534934260205	0.8405545259689841	-1.01553426965607	-2.663353135045485	-1.27358216267683	-0.8074827416048692	-1.548178811241737	3.9778074899638685	-1.9025468633431077	0.10476204490565282	1.2894756064488195	-1.3497043368755774	-1.2882642591910836	0.06467427407469947	0.5948594163531182	-1.8120689519774436	2.1352054038743966	-0.3503454689144285	0.3311149515227358	-1.1962464578928511	-0.366247847368127	-0.13532495622268895	-0.7669650642813622	-1.9004109880969093	-2.0205186704535962	-1.7237790237187691	-0.08787446326759332	0.6999615657424016	-0.1912015373085932	-0.6218080728315918	1.6683645034845669	-0.5010653098994637	-0.426857295790117	-1.1217997023960202	-0.18481419369858954	0.4918167864369147	0.7104952774095763	0.048885486122588015	-0.6382962694081556	0.9177299815347597	0.5235192966381607	-0.5345525251091606	-0.15130670134682336	0.017009427502895556	0.5469696607885466	0.24158538772855176	-0.7766657413806834	0.24675294428751596	-0.5639602751265882	-0.13613717270059095	0.7118602735276303	0.35819629050448054	-0.2594382084550568	-1.0867514641510725	1.6564236487026607	0.6178438621415615	-0.2383022804497975	-0.7725584458583404	-0.29190120616497833	-0.1669366045636104	1.924528578716261	-1.5696888913836575	-0.2597412839934309	-0.26230356939333116	1.696874779079511	-0.9112735605133813	0.5306729583841668	0.6161869178441014	-0.9887613348331619	-0.068402779805603	-0.1534363801147192	-0.5242989754233047	-0.31944435718399883	-0.54585721400351	-0.19999649926053575	0.1214917755320128	1.2335122730580004	-0.638123249253561	-0.002310244383609219	2.0499003470988217	-0.7608797002079108	1.0210925264352855	1.1558511331670058	-1.7583353298395592	0.5882165754870824	-0.09313282804234167	-1.506013261184427	1.0258635911823566	-0.23231063335959276	0.2057136812501013	0.4333770545949586	-0.45930512744098434	-0.33446949260329484	-0.07959169834032224	2.6274813536094284	-0.07708940709407551
DTXSID8025096	11.895575181951827	-8.975280915971691	14.239317696251426	9.910677624088317	7.426019035105043	5.062240359062011	-1.3155534311081545	-4.586747639058071	4.980004167576117	-1.9601633125582647	1.272658890370619	-3.8968998454861863	-2.893628114394635	-3.4625888702899217	0.7977889400977229	-1.1836378274250954	-0.32446292280459443	-0.7956724848360129	1.235039727667914	-0.34800629288808216	-0.7462398785376689	1.845476071134533	0.3321183011538658	1.2858739633116412	0.9420963216072552	-3.8865458348315274	1.6565560942426139	-0.4256962599169444	0.9466628843281011	1.9744884238741185	-0.10451536841363124	0.8774633679020113	0.13709734657844075	0.7339536606707007	1.4277250653287799	-1.4233509929264223	2.1117567395488903	-0.7880046155211572	2.270704886873967	2.049644693305169	-1.2263031379418077	-0.37344092272909984	-0.8065653858209377	-0.02533780378916035	-0.31176347048261877	2.54090599233595	-1.6004240403461312	-2.1346208974559118	2.207622851327287	-0.48751860669021646	0.9194250183598368	0.23200892367700737	-1.4311590213149477	0.707396335378855	-0.8072253386265434	-0.43302429859783803	1.4101342255293743	-1.136709600353745	0.9069038747237941	1.0176209049842917	-0.34274548712367026	2.548657604447146	-0.20226508701306167	0.0135422347227305	1.6240795058456734	0.4111914488588426	1.3397836270745442	-1.0665616476077182	0.14786126246743792	1.0664074550459761	0.6367496738605379	-1.5540241367115448	0.31776532275425445	-0.7696263327291353	-1.314696150389599	-0.5681904868275461	1.1164411047103444	0.6060671876295047	1.8388976593089525	-0.011219257204774883	2.2768565335139734	-0.4371008910614311	-1.5169543138765942	-2.2157966878341093	0.03908214172986138	-0.03844404433298146	-0.028982977905953094	-0.4876381452283785	-0.2918091772196913	-0.154645859172116	-1.0146889518378772	-0.7002143958362423	-0.6305267195966034	1.036804466370516	1.2621233824996205	-0.565660195427365	0.6355998644508858	-0.7795492787111513	-0.4885391066327896	-0.15524592655549443
DTXSID8027240	12.21658657047912	8.514255158475004	12.250236061312082	-17.25995107310841	-0.2448136574316754	1.4812971310631171	8.881285952147444	0.8488376309975318	-2.6236794152128264	-3.7515121431338128	-0.09707896144011882	-0.6166224169797203	0.26159803756032557	0.33339774477531847	-1.0810938107877093	0.874962082532503	1.9493314472292638	-0.1446946577046306	3.093452256810076	0.14277158973145768	0.433181497918408	0.24151630704388394	-1.4806555983703904	-0.3073003598210074	-1.0525347219430397	0.1040951380537259	-0.15131025489660008	-0.2808825467715581	0.2996519860224195	0.6536693307654609	-0.4162748804972013	0.6916746752321211	0.3973599938410843	0.3400438286289527	1.085744821994665	0.2977939167990558	-1.6327219102986377	0.6001564236483962	1.4654754348961534	0.9452767810453319	-0.8473410327380893	-1.5162633461618265	0.8981282945803931	-0.6039529862051658	-1.0746840786118332	-1.029532924588674	-0.08159742014211464	-1.1361625716808885	-0.4201779065680567	-0.5522431526906797	0.183675127612888	1.1498997260862511	1.1976306679979918	-0.11734302476679918	-1.1008352154175634	-0.6587036397087976	-0.09071021603229684	-0.6471150867281453	-0.8616212097147626	1.14738396115034	1.1683447669156617	-0.05076531661767064	0.5936165706784423	-0.04473771946202599	0.6381245134316532	0.5072661491657335	-0.08821502372647448	0.9307881203214384	0.4575769268410156	-0.7241653014187425	-0.6512603456852202	0.5102765046295759	0.0936426798500622	0.33597457606643694	-1.1577238811618193	-0.9286762099169004	-0.3796831173371023	-0.9821636312636159	-1.154422569198015	-2.0328414856034653	-0.6068719924168421	0.7744671929493092	-1.1692961898375982	-1.2716244462508113	-0.716189697930284	0.6308344175730328	-0.5601411552428482	-1.4864188955767192	-0.19696600762459138	-0.029319955655392662	-0.6586134299403872	-0.21207446064514532	0.7752966619880349	1.3439905548967601	0.4607464749680592	-0.4641269212257621	-0.6816968978920898	-0.001806861611666016	-0.38917045118307614	0.6036301842666065
DTXSID8027323	12.390256892257979	10.417918913054685	1.3087367944658208	-12.17535996081671	-2.538815725283871	-1.0601502799617628	7.135597905836124	1.686501882977699	-1.7788021393745759	-7.062475987900855	2.136355445591336	0.1426722166440131	0.029352256863337017	1.0997374633970536	0.9720356435731248	1.5836627533085084	-0.004551490458589724	-0.9258710529265152	1.9219944298083957	1.6976530606529494	1.3457877388914832	0.6690576105379811	-0.9391877553790059	0.037061602684728585	-0.15764987817600018	-0.6864534862611195	-0.7449228626271618	-0.4551940396831753	1.8717092619382207	-0.40030063199601174	-2.5427911781852934	1.8726126132407144	0.5874202417951426	-1.5651182595018471	-2.276467264674192	1.5797825541888746	0.4914668739082554	-0.7872162164852046	0.0927507888405098	-0.1164483381197352	-0.6751251284422536	0.17710559034092377	-1.756888047070253	-2.3426615342037587	-0.7371958405184934	-1.3096109937218692	1.1471776045551623	-0.8416681208774839	2.0351302802860998	0.790085925617688	-0.5655838526409904	-0.35029017746625296	0.9498896261984234	-2.6819501335318376	-2.562544216763967	-0.5373305176133718	0.6556775834739669	-0.6762339699230607	-1.1062520462348873	-0.26117849053046205	-0.5083195969792051	-3.093452325418319	2.037032766928182	0.018955275655363535	-0.9713783958697688	-0.6736278264197714	0.06496594117027325	-0.2782851497177289	-0.7181445072158145	-0.5832304614274151	0.43145147033618564	-0.11333717253726595	-1.3450051938094034	0.32210152867483316	0.2028611871827677	-0.45530415673372077	-0.8558803710918315	0.695359742221837	-0.6205908695319721	-1.1448397789421587	1.4520894646884694	1.1859469176286168	-0.3777850674204983	1.3615383474617269	-0.4528526967199528	-0.14856574495761585	0.04453727587471903	-0.8553548350251006	0.02337055444618255	0.2988630701727217	-1.8151773566458727	-0.6036595157793091	1.0721419537063106	0.05168730917916314	0.35330039433708216	0.7510693139974465	-1.3892555169082939	-1.826236225144049	0.2535749658834907	-0.48439757042829157
DTXSID8032548	-5.666030239462318	10.436536648916967	-14.324466541887702	-1.9277639488614626	-2.006296698909435	5.012925617773616	-2.2031328310725735	5.828125319355347	2.695521056390855	-0.10687822934116153	4.343014079825229	-1.3241601510580756	-2.1995221785357213	-1.8766471607163109	0.5194895418364476	1.842582149861685	3.236817253350113	1.0911375899624065	2.751387898298604	-1.8758635249922442	2.2083552569918914	3.8036693437269204	1.0487179607512338	3.841615707214454	-1.2237117552769654	-0.638691330359322	0.6336977809891978	1.1324103611907528	-0.9125807722167569	0.22920524454656072	0.36645802707880865	-3.772660088072518	-1.3046247369957957	-0.9103493652911858	0.49971731826118604	-0.9174326527726744	-0.7448433374959383	-0.4784013641729672	0.38704714206892454	0.5389205340467031	-0.13426615453858753	0.7659234349378183	0.9915683327454942	0.20438742823265926	-0.1525564358666677	0.9653014954473675	1.636858839830602	0.5298069925914238	-0.02702961715919875	-0.601588219665648	-1.7523332289116307	1.163991204992342	-0.3563457069792686	-0.01395132045063414	-0.26388298557465656	0.19572118050332038	-1.079095553431025	0.8168236592185272	0.8704115822169236	1.5001676838956677	0.29608107741422385	0.8163547606087038	0.7567567619266492	-0.27800459196969085	-0.5420834808538582	-0.2102218866886689	0.03317134740860432	0.021108759299418117	-0.6265947386613633	-0.9797263067532421	-0.16392071503493294	0.17556774881123824	-0.483718042437258	1.1261911549468375	0.14122767525438729	-0.7961053861479216	-1.4216869886046235	0.4936689809533561	-0.8697655015793575	0.947273475737054	-0.18019047192532775	1.124064946675335	-0.5700442480430192	0.2775552229543304	-0.8240604684548015	0.28660322689534856	-0.2604593822353431	-0.6525101016056655	-0.8045760872023909	0.32235836382028904	-0.07918494073456829	-0.7069713347918416	0.8735883514155327	-0.09207738616572608	-0.5895340035817949	0.5914648907654931	2.462543018375416	1.6006975590536006	0.286298209398338	1.9506382199790353
DTXSID8034871	-16.58517131524239	11.224438630408454	0.5705648365397298	1.1960236958552501	5.48949282836449	4.658492720801082	-0.11857355319255872	-3.030159640195901	-2.0841131825464663	1.8090377495706762	-4.208068921813801	-0.6708968195423491	3.569583432903225	0.2112885298989199	1.3376900721080913	-1.9201140635313778	-0.2684634895359872	2.6714293047593856	-1.1670800522151612	-3.9750352635825377	-0.44617275604251216	1.656821947877574	0.11442309334521968	-2.9929257909359226	2.0805974040383184	-2.8931407492479604	1.6610180651803756	-1.1669931683856978	-0.3791879825468655	-1.5192007551737134	0.16876505771481184	3.3360252717361476	-1.0722044523263135	0.2617121187997629	-0.6312983840809976	-0.9958213395145599	0.032256913967979826	1.95175429308745	0.6336777927585114	-1.437398207916588	-1.083396544476739	0.7154923658608302	0.2160971671295353	2.8116764658420363	-0.6287480070419494	0.1932849653895155	-1.5993206126026	0.7562460403960806	-0.7495788703215215	1.7251430006308583	-0.2703487869405193	0.6978919374563012	-0.5923203314267479	-0.566443471823638	1.5950654962466433	-1.9375536328953564	0.4448591326901287	-0.6362273997743887	0.6596988609445585	1.174804114879913	-0.06246007216182996	-0.1751651602892695	-0.9923077464427454	-0.48164108964081775	-0.5149418115649526	0.42624619213336273	1.1710321455068287	-0.9035642328916941	0.27809078107733154	0.19133685468572217	-0.7999568244486691	1.257200073108053	0.742216695046497	-1.4178275943899348	-0.1664228116781893	-0.18379397539475728	-0.32529274409351583	1.1408328315019793	0.06180773534199636	0.4577542080500685	0.26072264750722357	-0.07565660162535726	-0.6714064587095377	-1.377595459316389	0.29263149916385983	-0.13304241489424454	1.6831804866593267	-0.4011584062054263	-0.9771683238274554	-0.30697057332306704	0.11785717413478967	0.9347313862436586	-1.1704079558463714	2.0025647681951737	-0.6147415022969919	1.046101901311015	-0.051526596680109386	0.5242322030936508	1.8367433279198697	0.2716838829793349
DTXSID8034956	-7.445855434700029	15.343285165957145	-9.38016212869477	-3.9076966942877167	1.0426787537935578	10.884309540669008	-5.264051191408427	-2.176094963773739	-0.9906946385791779	2.5849763485019093	-3.2641830517095487	1.1924795130353592	-0.9267156914151479	-1.9717062347556207	0.01752681963108002	1.5231257137244705	1.3112820278696127	-3.795979660195642	1.2266789604324497	-1.141883983678445	1.699510872870124	3.7178181582258363	0.11632488918519134	0.8947257665157687	0.6656204682112395	0.49951495476403523	1.7391630466195132	0.4162676649753747	0.18608153088835208	0.9563473475572575	1.7099425141475963	-0.41630214199565335	1.8437545150952088	-0.577144644320798	2.5014375801836515	-0.5563801088109326	-1.001485544637223	1.6463606878145276	-0.2657269654063007	-1.7818088462222543	-2.114441136713141	-1.523692118257764	-1.9459426041986019	-0.6796247984526345	-0.3683118796929909	0.8240553073205203	0.054016164883858665	-1.3698758092579868	-0.8266086945076978	2.3319531076205915	0.026090814012903085	-1.1051427277194696	-0.9846151402409158	0.4928010154229731	-1.0389098320174153	0.06691560867464715	-0.4741270543787043	-0.12517407024660795	-0.34685951972390644	0.3131595544565244	1.47371438987216	-0.6876858772100437	0.3728054706118814	-0.6217814433594795	-1.538574087192532	0.2961784602729219	2.4325670658224365	-0.8522370245356625	-1.1030728078863419	0.4957921466154271	-0.5483621789557727	-1.3265458435444435	-0.49106184048374785	-1.460366200225292	-0.7211021560309121	-0.001487364426170532	-0.5303942272442945	-0.5130091367487642	0.4995884416249718	-0.1862207465925512	0.2322213741787936	1.0661145140076032	0.6824457045023256	-0.132341184710632	-0.061421724618636236	0.9979918038949973	1.2496206296047152	-1.1480094325340244	1.4797820845158784	-0.41408690799642756	1.0920472005472606	0.36642368274111436	-1.8369582234257484	-0.585212937859697	-0.2990539580695214	0.3241242845284019	0.6729361791085018	-1.568627810029137	0.27324042989226077	-1.5842629791709169
DTXSID8037752	-5.017878053059882	9.634785196699603	-5.019450709753762	8.697190581358274	-2.3374971184584505	-9.304928303248655	4.404165179134822	-2.998079641365445	0.7842189417979624	-5.513098952587586	1.2091154609868997	2.0964217760357355	0.4042954291062954	-2.2687462383699275	-2.323835467481764	-2.579993444222851	1.0833850782668255	-0.5234969977533149	-0.2333713493826702	2.2038376340698926	-0.5146121866536011	-0.9554042110139654	1.3672927784930005	-0.08357157713737036	-0.38281499408264763	-1.2354908424963944	-2.684390861193778	1.0089518769972727	-3.539309338238466	0.49628643514965654	-0.8048665031361484	0.4401413597324523	1.8854822075347726	0.0487365258607795	1.7238085504426839	0.21286169222128168	0.04746534125997661	-1.688602637005539	1.1101212703169974	1.0378629208227899	-2.14095364175214	-0.23230434514011197	1.1696380534144548	2.4593262459786214	-1.928500084218729	1.9988666816772072	-0.054234429795741106	-1.1018329158326896	1.6507885137164835	-1.6611167526961168	-1.2153184799722698	-1.2249293660126748	0.11613314555354257	0.4960051012214403	0.47750211208455934	1.967715729509257	1.7759134555422063	0.6937503697373851	0.916330107886142	1.2589145502696255	0.6810561161437299	1.26922332194662	0.0011500697431940346	-0.6946970782979043	-0.5826457267713079	-1.4000155548968989	2.102629697137694	-0.4106738987436296	-1.01652490268886	-1.4854017120825092	-1.4490056732678085	-0.15450834800681224	-0.2960155759997669	0.622228342670969	2.0281936069960773	-1.39276595023361	0.5375280999163322	-2.134489764433948	-0.5601386774162073	-0.8079167359046266	0.7187532940093558	-0.40290854421765543	0.2939323286407835	-1.2193844212075098	1.1643362996303939	-1.0549744236496568	1.0386297367358095	-1.608454501462379	-0.3269800923761063	0.04705094425438313	-0.42058710918797837	-1.7445253916814538	-0.9323916587138746	-1.5301714951350742	-0.38878529148918517	0.6999497809758806	-1.2158677728330338	-0.019619552520119363	0.3044795057475939	0.07465597793733454
DTXSID8037754	5.317928352874033	-5.738912473234944	9.172760432007337	10.914774547096947	2.7793396540998225	4.502925363178871	-2.8372053177261254	9.025692896605142	0.6790931744516523	-3.32849279660027	-0.7383887357449931	0.7339399952030217	0.8617016218699967	0.04342575227288173	-2.6914782007399705	0.9686651845934492	-2.651883497789327	1.9341236000057678	-1.213739697886207	-1.2318341206957268	3.023529903414965	-1.6097810518524545	-0.6407529260860657	-0.7021000093869184	-0.37778444114772924	-2.171268090273871	-0.6473296112469924	1.2711013534267612	-1.7776197460609797	0.3144229120432771	2.329044106870236	-1.0484670027529241	-1.182034740424096	0.028738282949354453	-4.88623268557881	2.1280914043657537	0.47960064618643805	1.0957391779056764	2.591483199161752	3.7271068847853512	-5.301733124118685	1.453844231564283	-1.4058108565236624	1.2525150168099217	-3.9842509197258784	-2.474222071927075	2.0362502242420044	2.0959467562322556	0.8351209301879136	1.2157889645998368	0.6221210065145178	-0.48497505614052455	-1.4981306318838414	1.5435907078976354	-0.19797322929345237	0.32298936311176724	-2.210208326099389	-1.071970473631374	-1.4176895729442047	-1.9646584521006771	-0.2691579779917626	1.4045885638801079	0.015940453203171417	0.1419918113210535	0.5002764946116353	-1.1140792361795722	1.1948257638111188	0.8451924902440965	-0.5555581817559897	-1.5942608932999427	-1.7394431421916943	0.8193112627063217	1.2770737577850797	-1.7953784047846453	2.4481395375439483	-1.917200958799157	-1.181581023922432	-0.1409615506883789	-0.1299922117724026	-1.7682300273395972	-1.5350383753723105	3.6478669379906616	-0.24262967128244092	-0.9997352710532312	0.8576868571145635	-0.9930363259236544	-0.7574564738870206	1.760440617631051	1.266894382514243	1.4307189658838182	-1.0215039732535198	0.8951611500254016	-0.689849046714523	0.8269058134672068	0.5061609030331105	-0.7570137739889988	0.3779881846218192	-0.22239131533976372	1.3403518438870818	0.07519127788265619
DTXSID8040484	-20.083256420762414	-22.085763085322466	1.2339982121294788	-7.707055426124901	-3.6740886148560445	-1.7174600004765197	-2.2698771590477698	-1.7515072994608534	-0.22272066264573026	-1.927955065453843	-3.3658498544369584	-1.884378490266841	-1.178026158503146	1.0875174228298166	-2.08151802999631	0.7870241144076932	0.561152305375095	-0.020079911737756653	-0.6294595690001469	1.1933094050008908	-0.6068181460193957	0.4067173050539516	2.0110124147897914	-0.5064006328657552	0.4967221034199123	-1.1073661564721182	-0.06361517376688941	0.6130902492326279	1.355663682537044	1.572961733598734	-0.5202131399182639	-0.6433210774003546	2.418925256831764	-0.06489596194100712	-0.8856888685863498	0.2895612957543582	-0.0909693808812879	-0.20795714387625702	-1.5924009657474338	0.5245333881283145	-1.3830726680532108	-1.5036825198328783	-0.023879409698465106	0.6678232754806273	0.0007195373180636014	0.037976198167753016	-0.9670178680494091	0.8597619230660313	0.46395471612798966	0.09870839104556255	-0.7586471129130234	-1.0161235833481603	1.0865141048910139	0.7658743610816217	0.5807975653975842	0.20604800927377048	-1.7062022692763479	2.0070269335118054	-0.2111149116714957	1.249481078148454	-0.2719194545654868	1.359728781704068	-0.8574467887348278	-0.10975381351237794	0.16572712810628265	-0.5976136543594359	-0.5757757581298096	0.47395537215280825	0.1642711606966397	0.0663560402617944	0.809591104933814	0.14090964449234386	1.337664548428477	0.5199112798783997	-0.6811973442639673	1.0019860184142948	-1.6748311432591372	-0.11477049437673793	0.8106486476882093	-1.613213981680627	0.6659892728503072	-0.010979354471870015	0.7312261666439513	0.39937216581358265	0.7103232425499487	0.9802844373255091	-1.1208674765472528	1.2670320022674881	0.3966242469613978	-0.5313916366001511	1.1051338455107933	-0.8981037086063997	0.6412971842730973	-0.2561485925334994	0.25781814597346536	-0.9194750528464601	0.30914392188860923	0.9016835687990952	0.4825472617248575	0.3657468484000793
DTXSID8040721	18.02557452629258	-8.48168680932661	-12.315021920601827	-1.4505026022886178	0.6462622190876858	-2.5745644687345126	2.8629515155987013	0.4423202340092264	0.4227152718265209	2.1296548698698183	2.1428221778694914	3.5776808081765212	2.865516853367666	-0.8311812566307798	0.6718770561205869	1.846419454975016	-0.02656799107611314	-1.586976886217736	-0.7458462101310197	-1.3290528676389644	-0.7382652652453776	0.41502189703613024	-2.2335813120903945	-0.5358827384599937	-1.4477605313161226	-3.376500327320218	-1.6164792949450113	-2.1568659151775282	0.8670873281927868	1.1636408322684646	1.580491267386242	-0.5141070938379786	-1.2321141665711473	1.0701171255154596	0.9007533433040843	1.2918614750779118	-0.05681769257431033	0.43232499553767884	0.2601136207438481	0.15882072409257303	-0.49223139411901556	-1.1447816266619089	1.2933670172013527	-0.7149255958056192	-1.0687197163194	-1.419392484731681	0.632372583992411	-0.3098136565125219	-0.052192244226423774	0.529930283640263	0.3694056901770955	-0.4568063866448841	0.8701548651414261	1.3535535174356097	1.332215530500485	-0.13208822114149493	0.859094764063843	1.1769843129411464	-1.2979226751668302	-0.7401315096109314	0.6171085037455405	-0.2294799282535931	0.2507981428557489	-1.4651724187759683	0.0684589324064876	-1.361459494123296	-0.6755169723566493	-1.5043616799332753	1.0966919115767317	0.022131258466346802	-1.336718640205648	-0.49235451457457396	-1.2647686704904038	0.06507438846929622	1.2893543003045613	-0.16373203100966138	0.33914928185117016	-0.374316600943976	-0.3515040407627377	-0.5392449200919245	0.8251156222315179	-0.06414411804196898	-0.3992730567696017	-0.48470888523679884	-0.25646386784611264	-0.5043384479147834	0.9907403217251481	0.9575763452190096	-0.7437573572636625	-1.2365705887998428	-0.1892936329677421	0.738838458696448	1.495366308164978	0.5308984711460117	1.1619864693826658	0.2655168194740475	-0.016568711232747325	0.05711684989509051	0.7585345814794134	0.30606618998139135
DTXSID8041246	22.993745115014946	-10.982312278493556	1.1367930879407304	-4.1909012390155675	10.422124157685396	4.248164094171116	-3.83511780037986	1.076153463973399	-1.4386139058200742	0.8643350683651918	2.3978958147106484	-0.7378835077992624	-0.5956929463516734	1.3249404585290512	0.4209713525717316	-0.9285931095443889	3.418499502092209	-0.2683091330410803	-1.4937694054227024	0.4716878668248479	-0.09414700731296792	-1.8293710352986765	2.5963727857203107	-1.5498973544466823	0.9217288500167967	-0.4636496450841967	-1.3652978755293121	0.923243608252093	-0.500968030693127	2.949491094387529	0.15333448296466276	0.22617434832532377	0.5995098966316047	-2.43689734301798	0.5419352996194852	0.5263091212537919	-0.4205526091904003	0.7803123537748284	-1.2250094338594488	-0.27972078451907545	1.103436881412038	-1.1305809540241705	-0.28458184456167	0.8702359031272876	1.1503565090122176	-0.839575278668549	0.9843196505662356	-0.782484846110731	1.9967922922727297	0.9977197253548181	0.4824447745362221	0.9491829801871092	-1.1641720856355389	-0.5604376583996968	-0.49255586884297015	-0.6000863745556951	-0.20280542967830778	0.746489952495088	0.2605527462831862	1.897360004196658	-0.3354120064456339	0.03270505343099461	-0.7875977020247035	0.3481348264999397	-0.9359037439135837	-1.1284987197357441	-0.47027717511749995	-0.3819718697626568	1.9373259267440934	0.5749772947858748	0.5007495747637987	-1.3054830125512877	-0.14594150435316108	-0.4711663621229809	1.2147813889783197	-0.1218772103294159	0.6925657364873969	1.0020639960456226	-1.5580120056769815	-0.7704750977820808	-0.2559313126898544	-0.5840212535712767	-0.05905620847216303	0.5189899233904337	-1.1471230433087225	-0.37748048490153246	-0.19835420396799452	0.009940281514259526	1.0718768878784957	0.5113094484631845	-0.7238986675781278	0.2179250023177991	-0.2807305848347593	-1.4396704306170998	0.25634294644048916	-0.5863836788017073	-0.08987312556743114	0.035723851833624906	1.3021674059403525	0.9402772016096339
DTXSID8041745	10.26914558972165	3.799824762098393	-8.666014566555532	3.477401304196797	0.013937607606772397	-4.261549785105212	2.6122078618467452	6.537788945687169	-1.2729417945647994	-5.451617715174036	2.8115138193746594	-0.20183186492357902	-3.028508443718473	0.9073270988486271	-3.160244626418673	1.9478451601517972	-5.389827220722101	1.8895112985582103	-0.7870278953653507	0.06916624299875071	-3.369085322471692	-0.046370916174128245	-3.8522180744514767	0.0034739918626152766	-0.6399929249372301	-0.31848725599346067	-0.5707405384574462	2.5047924855515533	3.2195922994586486	0.04997343633246856	-1.389746805528727	0.34326629877220416	1.3148819198271473	0.9188418190574517	0.8746107298958563	0.9930852415758588	-2.3062776072654065	-0.0824184513735538	1.5636088960845897	-0.6738067844464833	-0.6536075325300064	-1.8033358964591446	-1.749933956937122	2.1294853732277277	-2.388521506459011	2.4446503264480923	-2.458919643016246	-0.26297360695155925	0.9245840477976722	0.2007372235354215	-1.2410403951853868	3.3731149416733	1.0419253560307693	-0.16973590797181487	0.9881852983350848	-3.9143592198663524	-0.4776098523523662	1.5125379367867673	1.7791799351944797	-1.6565234569751077	-1.764324769130674	-0.058637216937841574	1.9949062961596982	-0.5880436919677154	2.0183849205382973	-2.4025425358884656	0.44108358984729573	0.7863070962807411	0.36122956086289637	1.0161825094755401	0.858905271455808	0.6734422282555205	1.1356216011163234	-0.053196327219196815	0.3312857049085953	-0.7211919340733172	0.8477398921993017	-0.1730851936500025	-0.30565816576018146	1.4894722782916552	0.3620478766781951	-0.5624976100381328	-0.11554130255958991	-0.42005973299833854	-1.1249713768187641	0.5664691699453596	0.934905278412344	-0.7010185766569978	0.4640785680304389	1.652547145941075	0.8325703664329694	0.9905168537775874	-0.6688842932084401	-0.5799475085478346	-0.3939644474257965	1.6568455411905365	0.18564106588702145	0.12940189446324515	-0.4152729225689618	0.31411474303324644
DTXSID8044416	23.787493033239436	-10.917908280638	0.5904099133310963	-2.7179125842952585	10.363488749956197	2.7030659108424993	-2.3466458577255764	-1.1766765527361611	0.13839996694518855	3.6481748936207494	-0.4778330408306056	-1.3920997965857305	-0.3479852005702746	0.1709396823965185	-0.43734100062722453	-0.9692665036777816	0.6403181562568412	-0.9216645478578078	-1.0618330434364673	0.1180097879953077	0.3418055121251142	-1.50540917956611	1.3181562559040394	-0.42790408117302503	0.4032441014692778	0.7387430565452349	-1.7955588742129795	0.8862819582070999	1.5368761820730696	1.0104764632997785	-2.543685851654821	-1.0640476862605435	0.2915797383686406	-1.1898010680461493	2.1246875807448204	1.4260288742563927	-1.612874339338618	-0.32442777558215424	0.8557180247342528	-0.3656428026209901	-1.584675793699057	1.0700249218991496	1.0195576142259493	-0.09710130050939368	0.1490602107436205	0.45176120204437503	-0.08893082921934074	-1.2594210351379407	1.033546227886938	-1.036026385144797	-0.826889642876774	0.5127425474235467	-2.3876253556503606	-0.8330523380145047	-0.2966702971539526	-1.6471896340902876	0.8178913084433261	-0.43973281834631117	0.4368813729909192	-0.34116672733196457	-1.5102108861934684	-1.4418505098995955	-0.23953410373157058	0.17839613757073544	-1.324138216117328	1.1268335751742198	-0.5375890341309016	0.6500715192721032	0.1536338188126295	-0.6477281376495118	0.4453918102547907	0.5659150161749502	-0.6003544665156115	-0.469086974723077	-0.185733707767127	-0.008360389720245552	-0.4128112737872976	0.8268837220416669	0.00011498175394398355	0.8550695411765026	-0.29205594085262265	-0.014150281078625707	-0.1299776572788851	-1.087509767932412	0.2539052195376624	-0.6520445437672139	-1.043914256734159	0.2999104372469917	-0.830176537909394	-0.0060066995847572035	1.0693118955207928	-1.2301557685604743	1.4891728310226666	0.6434356096926829	0.35793227868260646	0.1775340741749144	-0.8615718303508956	-0.39121783914881253	0.752741690346994	-0.5595826069343683
DTXSID8047264	-18.616376615885123	-4.38003712890239	-7.930150799575024	-0.9752168974875793	0.3058230084610028	-3.5077420355216145	0.9043369718478317	6.82486287979852	3.332637283630083	0.6956684507381147	-3.1583967744138746	-3.275280472681457	2.1493988915745303	-3.642543387538244	2.346351190280065	-1.4999517137823974	-0.8703470447260383	-0.6279391347355004	1.5697666644556785	0.24577655826393072	0.7860368359198066	-1.4275216961478039	-2.163050020504596	0.41645327651079256	3.939438329049718	0.3591852253137621	2.7500513781428606	1.144703022940137	-1.171091659155032	-1.2544322805685688	0.46101933462442524	2.250951565276775	3.0174027635044522	-1.3808324914616674	-1.8832032886864474	-1.358514507168862	1.243652478929794	1.15317790850717	-0.14261003784410647	0.5860724991783441	-0.8201191807139158	0.7877544048456276	0.17940444637943706	-0.8902204243058318	3.40370906401792	-0.29112400591053295	0.20541933966136341	1.0514965353351324	3.1542492785732685	0.3322082202762221	-0.8215083597883329	0.963708407208052	0.9619338489620401	-2.8041917398234326	-0.13480664403134074	2.0571373343547283	2.177676734034812	1.3799957416876572	1.0419730746211457	0.4196395595625547	0.5636521061365803	1.7281547680518599	1.620236892131726	0.7527561135269537	-1.760133346561691	0.2898078715109199	-0.4470479016212977	0.05855097483850617	-0.36375515347719745	-1.5256988990915707	-1.4235213043216888	0.21852770592839674	-0.6404965759579785	-0.06598783244780737	0.7028797860870134	-0.164011729564146	-1.2715328764598566	-1.725471028702326	0.436420693970191	0.4425710509765313	-1.311100953879732	-1.848638718767232	0.884498030517027	-0.037839408135383	-2.0605603412804143	0.3436088556965188	0.17027412524225746	-1.904704987949056	-0.37027515928729793	0.9308075304854739	-0.22390069805932766	-0.6689658649944584	1.975649055915845	-0.21352139373994355	1.4610063018713393	-1.7116613379537118	-0.08353074422424815	-2.2341521378297435	1.324524337484681	0.9018197238038203
DTXSID8047341	-24.519688506790693	1.6395868940176053	-1.9626793840716532	-3.4602164985528656	10.144161219394615	-2.1579471224569144	-0.677221452460888	-0.9220508545468802	-0.9596436161718412	0.49543244570438455	1.6657012189135993	-0.2987002220549615	0.1428400691367669	-0.6504300877513953	1.4591127875360865	1.1284238363001406	-0.5689526079498828	0.5816447591425403	1.3661570870892368	1.417393089300381	0.8260572051304315	-1.4255418694096151	-1.0276334468599304	-1.2356574460376177	0.040167634303294314	0.22908807373497916	0.12219959685786547	-1.2231856829501602	-1.8594577720126497	-2.2715630453697657	-0.511280752092733	-0.23853011002930938	-0.10437922266920303	-0.45381345677449436	0.04878829681071416	-0.4123424074338565	-1.1614920955601238	-1.2531371800010753	-0.5969631472980825	-0.17153410585084153	-0.08618294037274024	-0.916225555451677	0.7967016523793179	0.158951987294429	0.3921642649555078	-0.2965157364653514	0.6429147575199162	-0.01619853328352251	0.41463231398217826	-0.30098211063680075	-2.440025784347125	-1.5229791274463433	1.0085594116292167	-0.04056310510304055	-1.8745096492628415	-0.8680639502890389	-0.601321461605902	-0.5166272582812808	0.2952688309583661	-0.7200650248288333	-0.6731326533180751	-0.40157059260862027	-0.9223034275026301	1.3091791002933262	-0.4038884609533985	-0.6412104769434251	0.2830745839636197	-0.9583107382773443	0.460435765553954	0.9647076282478905	0.8460502982051031	1.2801208435029627	0.5324433867488648	0.3610715069015939	-0.0025885803718622767	0.47861620524826526	0.037199963159577805	0.004590041155519053	0.48545887314099573	-0.21508766735980403	1.7597082964433874	-0.38020528315291374	-0.1815345884828071	1.5042254452158195	-0.10213729001236935	0.4328662073363012	0.18687822783543442	0.33799059347082644	0.9697778593489759	0.5131979374926824	-1.086698846256192	-0.6632070206402586	-0.744605257359889	-0.033713939196521936	-0.01638623065651968	-0.37212874371147336	1.089063835755943	-0.46797252064037176	0.5206280372857767	-0.6553380839124725
DTXSID8047349	-23.759257568534345	-1.947405481739854	-3.872246378945449	-4.056553858996912	10.758249431227345	-1.45493568293217	-0.15618246556197793	1.927758956811428	1.7127085138208258	1.427967588673805	-3.5924125677183625	-2.6637327123973065	2.364566083141981	1.5594323465160949	1.697551895596096	-1.9464369986290724	0.6206640167494072	-0.854946503396825	0.5416820346181105	1.222240527128406	-1.9608248242231205	2.0334770089730902	-2.1837331009429164	-2.0137252812357422	-0.6097143066400168	-1.5950427556816174	1.9168166403069393	-0.7500241768327641	1.430645919630535	-0.2536533956052458	0.39024718988343293	-0.3630482092636699	0.03738898730741453	-2.03659140977654	0.69833668438426	1.7322202940013975	0.6891435551185534	0.9618766214614121	0.2762506916897666	0.21092016905331704	1.7029284725727598	-0.914045522880511	-1.2258776523775383	-0.44209395877217617	-0.3943002399460247	-0.0846220701883108	-0.9895545074930497	1.6186616707973458	-1.1797468365922128	-1.2301430762227643	0.3698346048803141	-0.3187022529223718	-3.4615951173843005	1.0481619167828307	1.0065231425223984	0.6127028722338574	-0.709185657114339	1.8502798662852538	-0.6153413634793692	-0.035924898487439426	0.7836364798007096	0.63767222391819	-1.448752029722226	-0.1449560004408824	-0.719295291167626	1.0659690003548452	-0.8430585162630174	1.6021394109079985	0.47575655221992513	-1.3705509351362264	0.54354236061047	-0.5772001342295915	0.36721851028491853	-1.1274105725105152	-1.3494286416666126	-0.9224503923867831	-0.3491013479556884	0.8450142587507179	-2.0204445915495883	-0.44480711813831497	1.0789100299860006	-0.2750141230312124	-0.5202939848918329	1.6425020452856018	-1.0957148053742822	-0.6232633398095271	-1.2851598504454829	-0.5001308676167606	-0.47229866340560217	-0.06289254282143907	0.14364851497026357	-0.7589681053692523	1.3554509840810662	1.0824723630371655	-0.612975402946141	-0.16653482875148612	-1.188080245105915	0.718584749142485	0.8254814689072795	-0.6532665648899039
DTXSID9020089	10.132046223108347	14.716576673362182	-4.041953654093186	-3.0822927831313542	-0.13629474033845998	0.8434006137688087	-6.531109223440559	-1.5312901885394417	-2.394157725334431	-6.0374894659530955	-2.8709993339367132	0.6758328951210681	0.7083740443538142	4.437711154090712	-2.286934338961675	0.7178575665319528	-2.688689411979697	-0.7627106605572199	0.3125568564489419	-1.252653883288171	1.591093563227703	-0.9815801797185475	-0.43532966983060567	0.14270373787793672	-0.9854276057896172	0.12958742433706558	1.2609416302172791	2.1673546156747925	-0.4552208058690778	-1.4672057172845494	-0.5899651821661495	1.8590068677139926	1.4529780430939505	-3.077344273774978	-1.5870320548172114	-0.13118707652308295	-0.7622605073582062	-0.47450358621808103	-1.4293859671505522	0.712939826623922	-0.5500870660854846	-1.1678104756770284	0.11093529285121585	3.2955951958355962	-0.4406570700957562	-1.471108824469272	-0.12298929013113159	-0.5364951019931187	1.1554889268581676	-0.46882089428842266	0.17734288236566675	-0.5851172332414953	-0.9623792900095087	0.08496221991875617	-0.4254861187981029	2.749897150642965	1.3495248005050675	0.3186398576742168	-0.7978553223103102	0.8253247183783717	-0.6641618560743408	0.2907298405514515	-0.4344045022478	-1.6837798422500683	-0.41306021542433163	0.33953520047979974	0.4934478713094611	0.20598042544220985	0.7627156820875937	0.20631366076368832	0.07405422834781587	-0.4079249788077692	-0.7657699118278796	-0.9440514562876005	-1.8870288160951725	0.6391747010190314	0.6114634324479186	0.7879620002446065	0.024513963655351308	0.6963647576068913	0.24987063252927047	-0.23498320345664778	-1.1515818845162333	-0.3745878502349604	1.5009569131430074	0.5815622227939553	0.12952698134614413	-0.0465772215460487	1.060964918311545	0.2701158759571435	1.8698244496347112	-1.2012952203316871	0.25091114264669745	0.48019091738097835	-0.3040368725684837	1.316623791561664	-0.34507145942428546	1.1415976456682018	-0.7262496571398649	0.03837957529447463
DTXSID9020110	-20.812362437155798	4.535989200898236	-7.234026288732977	-5.223377032059995	15.158789927708154	-2.6635591225386146	1.3995482135707382	-0.5737854186392455	-1.687631371837937	-0.24430759548538922	3.8595912755410016	-0.6649394081761992	0.5773483483325761	-3.3485108869550864	-1.4345484703271336	-3.4150856790883912	-0.6073086151688027	2.8291318791085724	3.032518138494165	-0.754510512055667	1.7665280556395406	-0.5153280105423067	-5.7353173496886365	0.9569274891119025	1.56394061129797	2.200367798241044	-0.04461327274179538	-1.7362926581581903	0.5894823938151961	-1.156102564801852	-0.5482790937094677	-0.17613321752341352	-0.4813633420271472	-0.1359959693413899	2.37888289741791	-1.8190280988266088	-0.7562018858381437	-0.06678446963333645	0.24227491134218848	0.7765147329062679	-0.7502767842096132	-1.5280398835659967	0.9438486120250568	-0.942874790059953	-2.144196426448505	0.292402011205103	-0.632576809208352	-1.626554964394231	0.1619084162069077	0.6296806343973096	0.26707085771868183	1.5849514660116544	1.1361749930850649	2.056488458956258	0.14030768760469017	0.7485412859926114	-0.49464089881298245	-1.1912024676051227	-0.21025610563135044	-0.3739856922608179	0.9283339766924156	0.6929356098515489	-2.087610806632341	-0.20162825467373333	-0.6052395726343615	0.5780717717402825	-0.2540742962461693	-1.2267191008660292	-0.10599665590731108	-0.46526727688814556	0.07940465862313596	-0.147018518299928	0.3426685564950332	1.0023610602425892	0.7464988929106356	-1.2765802852360035	0.5583086691052925	1.0113839404041824	0.887300672143855	0.029529463515156288	-1.1037815692208088	0.22845148607170204	-0.24658690814766454	1.7889032996074032	0.8456415866247095	0.396891104493355	-2.242601331616296	0.7962866437829276	1.3616721657217798	-0.5171090828052268	-0.893091528232623	0.6653489578958667	-0.4733915518403389	-0.474256322188125	0.6847062999997192	-0.07031286134125907	0.10085797857150565	-0.7010439418858081	-0.687175380738997	-0.49617846691654555
DTXSID9020114	4.739926201511411	8.59157622534946	-5.730432807525561	6.353810047417058	-3.87382938737964	0.7566370222930159	-1.531978197520362	4.360053996712003	-5.057031105004894	-2.0333288029397134	0.45111954628681594	-1.5264455248559512	-1.7154640603421751	-2.1339342574981557	-1.4495104699414576	3.378229438249697	-2.1108916700162044	4.86521806716947	3.1914046743587603	0.3428282554763184	-3.7474690078070263	-4.063781958517144	2.6006770375503536	-0.27474315835804813	0.2966300745177133	1.1642158153980333	-2.259609823919679	-1.7839842061070732	0.5259534507575845	-3.952588103560752	1.6599869077402096	3.174316717704593	-0.31292669117294497	-1.092296890019083	0.5755321951600202	0.21223390355848307	-0.8578720910435691	-2.2586974837666483	1.4451815552380731	-0.15096095594024161	-0.7328476165153752	-1.3673698660634201	0.94960133632582	-1.163319564377855	1.1214669057522493	0.005069487963135649	2.023736755866656	0.3019178919472961	-1.9311650036702486	-0.23720191744533553	0.5270305589751374	0.3498637530134192	-0.854400058331841	-0.3348954620612415	-1.5644912561624313	0.47613098611825316	0.17518061624557263	1.0599534001559279	1.1723948704418914	0.023199983859078673	-0.4573548012185141	-0.017794301356153005	0.3509909690302235	-0.9298614157584973	-1.2901544451249707	-0.3894532738923542	1.1667089965469564	0.4373029742041717	1.463467997971351	1.7257336227371722	0.6971381143779636	-0.24882326369586266	-0.8866413526703967	0.352167524699851	-1.8563253549968228	-0.5716378746222965	1.6200110101299954	0.6511963430770489	0.16003408402483021	0.15353449891263796	2.2735872049410055	-0.7186134942748966	1.5687398125347736	0.9639107837156526	-0.4671243384722699	-0.06381244628976805	1.3643173995009954	-0.39406968777018736	1.5775327701696817	-0.6404571321429755	1.7823219657167897	-0.3338756060697389	0.4568632311469734	0.10320536217829213	1.472070222432281	0.6505786583520647	-0.2586511005080043	-0.9832469606894931	1.2960010040417136	0.5134890110923753
DTXSID9020249	6.692242982889011	1.7369738332759137	7.311604823139145	8.417331754697544	-4.198893692320397	-7.18118676144943	-1.579421881836066	0.7633299203732179	-7.047952597172593	-1.128358100466966	-4.8479996875933224	-2.4969219313014928	5.074801261360953	0.6569531020579469	-0.5349862917468787	-7.580544911907536	5.7113623299982965	1.2118992805153401	-0.583534744541219	1.07388362562854	0.8318354007227763	2.827452087096341	1.0125824238635452	4.378926182999081	2.4667243760991515	1.6245086251189136	-1.0848482117739726	0.15772553002826462	-0.24767617966182523	-1.5625966097791562	-1.528381740719511	-1.372621851194609	-3.5369770689177136	2.1978451947945867	0.5214500760058012	-1.0794790149020195	0.007047656215009376	1.8698588832007017	-0.5823465811558596	-1.3429557291502119	1.1996795531930333	-0.8862287047310378	0.868141948304932	1.6659840179818808	0.5437046499568454	0.13938877205413325	-0.6545134384835313	1.1328509801553146	-1.9423066447718749	0.6097857104199849	-0.28940917665807825	3.565583980141133	-0.6251362541901094	0.5337119298751604	-0.05631536412860531	-0.5424161450027151	0.06838442223805846	-0.2724793923183938	-1.526412260414391	0.3331664270045974	-0.23210819248590872	-0.7797189237960959	2.3103984651354446	0.5796740471153337	-0.07202726234719753	-0.7767545094319414	0.9804038259256999	-0.9716240391590066	-0.043789613553279684	0.3071061426966749	1.5313297310151468	-0.5017752109653499	-0.29350418412580387	-0.5788205039105986	2.2805550431688024	0.11684911695710953	-0.5581208458792031	0.20503640219705363	-1.1271384044757795	0.06452622740055765	0.7470121948392869	0.9944161808123728	0.22124776777850327	-0.1769194283632613	0.37252215914078	-0.01876430139102629	0.2853803351694204	-0.0015735685225554059	0.07727632455448533	0.8283371139840859	0.45435837920110056	1.3131207522901578	-0.09955062488964202	0.17081541268186218	1.4322925442766956	-1.7382571994648777	-0.4871692750944894	-0.8487089360262392	0.05070290386192752	-0.7519102985035729
DTXSID9020247	14.502125655665886	6.243995379825911	2.9237233855359217	3.9903002869445827	2.59951906535027	-8.702374991063	-1.5975742990314203	-4.934808711992172	-3.1819785849874025	-3.2204274368877184	-5.328027753675757	0.7954890121868092	-0.4471411950172176	-3.448042125403634	1.8237067605493313	-1.2820948119200506	3.681001164008971	2.9220764669193056	-3.692956954872929	2.5827434533109335	3.2253993708493662	2.576162410742265	-0.5501970555058205	2.7263055692829647	1.018510922443303	1.170220129635	1.1623181195141508	1.0196623373102007	-0.7977031357234332	-0.7599591356527009	-2.77105577042433	-0.09014313686853972	-1.304623749921277	-1.4267036078888045	1.4460872553548978	-0.147732116696384	-0.9457802953169946	-2.611479307735625	-1.5410576135352103	0.43688767272677265	1.7068952933484487	-0.2324462401272706	-2.145414615279428	-0.029477022125901472	-2.810646641560371	-0.9852637639808177	1.2025268618165819	-1.0830642142883888	-0.23512269101694788	-0.8115795761590592	0.1278458155184077	-0.4642484079977633	0.8573682912387977	1.4081687599914872	-1.4391652922902936	0.2172565913709101	1.3043744028345778	0.7720761596916041	-0.21970826878896887	-0.15208772704152693	-0.36841411822755593	1.114584639290499	0.29817447089101445	0.9262719491102535	-0.5351270490827659	0.0791288835638989	-0.2669359646120714	-1.7018445843945291	0.2825819613157799	-0.23635659762916109	-0.8031359911302691	1.2962579998831156	-0.13264032901599263	-2.2953276294751475	-0.30357979250952916	-1.2310625337691083	-0.03215841170446913	0.3653796739910302	0.3778253527147371	-0.18079981059013875	-1.386167728713162	-0.556804525012803	1.2292901697785434	-0.14405589783880407	-0.46070867252076203	-1.786892947021691	0.25109115399999976	-0.10327864496655524	0.19200236414708755	0.34827509220763575	0.3527645607516452	-0.057558338621282804	1.0909301807902574	-0.03831259241518873	0.8734843306372467	1.0564935252478946	-0.28411648350336416	0.5673161288099304	-0.3137159530997574	0.26410510184711394
DTXSID9020243	2.494213341286017	10.5321741085051	3.3144633000634207	3.1466382965142596	-8.568111368630348	2.142439216725832	-6.017771750283394	-6.378449280040616	4.412471524243465	5.665704609758224	0.19247226897145328	2.072622054142424	6.422968241847739	1.8063022952908268	0.9946389683837855	-3.3516726118430817	-0.5206216609685514	1.044520347163429	-3.25417063335075	0.5678228205141401	-5.136249137183449	0.5977134181070026	-2.259264739516701	2.724731798118023	4.536519245157248	0.015079315760994794	-0.7620668449421919	2.0350256416496304	-3.4971444552418802	-0.6478775949064358	2.646838716008876	1.5865742818707305	2.885523820501195	1.6859015237826815	0.7463034955140843	1.2205971944189231	0.8406848071550836	1.018464620717231	-0.2511230371472156	2.4972615150731996	-1.2628259956740826	0.06201852430614425	-0.659758127936331	-0.04340794602449643	-1.2936600213831917	-1.8692331997802953	0.49445094255881755	-0.2665408606724243	0.779752062621126	-1.9241442812315537	-2.8108407155267536	2.3235157497857606	0.5857971040052747	0.06995569977480721	-2.8797853726784197	-0.2839443853006765	-1.8976875762582335	-1.1661321827045303	-1.8517965176656896	-0.011875011197218652	-1.4685972477695362	2.073887456425039	0.10377975713930257	0.17095655665444232	0.6769657288699772	0.26269313244205944	0.058449759687028216	-0.11046954413433878	0.2191404486725521	1.0484911156887582	1.4921742340843964	-2.415916538759896	-0.12408071553879742	-0.7673438735855947	-1.531732240589017	-0.16222433808717462	-1.2154376382733028	0.18598489072925675	1.5892209491844556	-0.36091959020743586	-0.3972671094587374	-1.1420546826469473	-0.5527756303899097	1.082010379653118	-0.7007578426910465	-0.019153225584740818	0.0012327589310213625	-0.29199167376589474	-0.2811067378706354	-0.6635080588652502	0.32502346053266185	0.8765441300311346	0.06350731118010741	0.8562957368315155	-0.4724656336608224	-0.47157205098938276	-1.2870088215795532	-1.067237252153	-1.2454357163366727	0.1419841753996249
DTXSID9020451	15.136654296323298	4.980318758927843	-5.80054410055897	-5.146942450993235	-0.15281084108778478	-8.712508856396454	-5.040428185642087	3.2170595328736358	2.290245514916139	-1.3980653931033067	1.7971119287603052	-0.1658778802218278	2.5039844045567046	-3.153341704485676	-4.504173121094408	-1.8450625021019782	0.5764661468655733	-3.129168559943668	-1.4334336649193422	-1.8401598063130793	-2.1285264617169637	-0.8712576171037191	-2.76202942203449	1.303387839965191	-4.220063850650613	1.5856038712105476	-0.9146405594547333	-0.6502126523366615	-1.808692814821696	-2.2612988278653154	0.03561795997001643	0.39662664502638467	0.7068304981953953	1.4018526225148682	0.35803868536193895	1.811626029289374	2.2299921591982095	-0.34370859293061584	-1.9450659614557086	-2.288181073058059	2.2224379111818333	2.0067910982720374	1.722179510905057	2.2220106721269794	-1.5426889390052254	0.019355771485779546	-0.19319816238636064	0.6277174189729948	0.0437291066747748	-0.21418295807790247	-0.14157959665090453	1.2167379203575308	0.025969931077656067	-0.46390379511942914	0.5189803089424645	-1.1490418479180102	-0.07326681114641215	-0.08717541806513127	-0.6367840079893794	1.4137322032682023	0.49316602489677624	-0.21941949572044034	0.28173642141179195	-0.49634864981848625	0.33350076536367845	-0.3852757848049921	-1.0326562168834421	0.5462315396436624	-0.9002771942043216	-1.2371485936943756	0.41003530443790054	-0.6161923907341911	-0.8516867677887981	-0.2223440178172472	0.37196408733433545	0.4151194205838087	0.963425342582052	0.7692311690296743	-1.5769593071527066	0.7296167836790213	0.3204344926265888	0.5246070030225561	0.016988300217645975	-0.5174255290775158	0.22609125054616472	-0.1946897666619445	-0.7021584619303026	-1.181228871875822	1.6068485923993316	1.1407678778963337	0.700582422128657	-0.736340006828666	-0.6170921368000127	1.424010420785359	1.5696104724216673	-2.1172984166916295	-0.9492399809264731	-0.541582872308533	-0.6296776450272717	-0.18528986707208892
DTXSID9020740	-11.580156323228177	10.183039194774594	0.7845945807936006	6.937982448104318	1.7084235073577765	-1.2921090899266516	1.0037308871343873	-0.6511126127961893	-1.0851009732563037	-1.3035623833541634	-2.9505648770443376	1.692462776846564	-3.6777629413427	3.752076559315232	4.71990202152549	3.2600998238813923	-2.282237759693044	-3.9193371325212283	2.3073288485333263	2.9430718772573567	1.03261465476771	-4.379545414894801	-4.357143978205511	2.912251731827356	0.40401134203082645	4.567366104081418	-2.2595222989877612	1.4930722594716554	1.6479458818799493	0.4998213341910625	2.0266257002395585	2.558248484667722	-0.9438304951708942	-1.5849306799128824	1.0162056718298933	1.5487190512440479	0.6887692273992304	1.376768886278209	-1.326125674058344	0.056887730849827005	-2.272032706638365	0.021829053786314962	-0.44592315425770207	-0.3727944208363117	0.53780238072165	-0.5626179649322983	-0.8058610127448598	0.15589012469528996	-0.9948899983064035	1.244780215816259	0.2798858656789754	-2.452730330344051	1.0057414959218698	-1.1345065785901725	-1.7651788241748376	-0.2934664928947224	-0.429318494257423	1.3308450273779417	0.0012468469616680868	0.8167326037572279	0.9154649703123874	-0.29787554593535487	0.531758670875518	0.07341721612676935	-1.1294862752849193	0.7785567328066162	1.397953066246509	-0.9927820979376433	0.7940052018425522	-0.3220150637142338	-0.5025294361948919	0.8305325248176328	2.584050598283797	-0.9915282231219454	1.7054480932218625	2.282927503775757	0.5642088986695826	0.565406549820693	-0.48500749338726457	-0.6622651910652145	0.0012184237146533818	-0.03213095838719199	-0.6884134366414368	0.29514058966322565	0.14766944698597337	0.5953963082977308	-1.2516122091802786	0.9461941044935607	-0.34535276909535284	-0.7875892991776053	0.13308690247920218	2.0435390509374396	-0.9663216187488467	1.1368052083129938	-0.7356555254330623	-0.23798533872640998	-0.37262771758364194	0.021355799483344196	-1.3803413565902667	1.3363680516390435
DTXSID9020794	6.18477510343827	6.440162425567659	5.728262068980816	-12.875565214234307	-7.09344870477466	-0.9567089263662878	0.7939182059983764	8.242526168404357	5.375958166448907	1.2613264334124836	4.5763579643429155	2.165782874497637	-0.11513065623978212	2.905529848701735	1.8849184910389876	-2.9234463937895123	0.2855720647783836	0.07854716885057346	-0.48634930189818665	-0.01647438931338408	-2.0047672336075735	0.9448166515297964	-1.2767453109648148	-0.5219581420100425	-2.3466401971540853	0.41771542987561366	-1.6294574152896186	0.8827598651915441	2.2723902066726653	1.5791267956251134	-2.2033470994580058	0.6592256577032362	-0.9527741209386441	0.6385620029239155	0.5600512468621266	-4.292690916341991	-0.3755542422854065	0.8116147924857154	-4.4177167855286505	0.37311810390151967	0.1500790777641178	4.223182706103039	-0.01587159200981798	0.40687491128315095	-0.6164261851085764	-1.1740677601252314	1.0949417687004213	4.802583029595777	0.29531647520974685	-0.3279951130650643	1.9207746689354184	1.962173698537505	1.2772839166463634	-0.2530626675462509	-0.35160304675434256	-1.0146514433935976	0.6319059051204202	-1.1649970139924104	0.8876759832547254	0.163954951353676	-1.452146014116575	-0.36282600973652684	-1.599043905055741	-2.3479096236659562	0.20963046718470774	-0.20405686807823759	-0.3258380865013219	0.5299049263667265	-1.156629147062808	-0.5523072153879025	-0.49865058292966313	1.819555206552475	1.5290696571773503	-0.3141271295581593	-0.7704287217769022	0.20522095814408686	-0.0864322469812691	-1.227059824566946	1.3219926976022318	-0.6104661308128708	0.4132449976329449	-2.334373832566692	0.4196741041084999	-1.1711543898370749	0.6913999296540198	-0.3142862601009979	0.7387032841887882	-0.31022761837088036	0.7232762113050349	0.40397160081575145	-0.3999104290827522	-1.4076072503840156	0.2547864626179882	-1.2840481208905712	0.41869979980757416	-0.11652732560519756	0.8324740355958202	0.35337466611076684	1.3930367227734652	0.6177595659011983
DTXSID9022100	21.710228336946745	-9.651311714150125	-7.453851448105148	-3.8799513225305944	5.849664234662097	-0.34389049730275467	3.5614640416304186	-0.9049225279253721	2.3954488616405047	4.424196902308563	-2.886202118263502	2.443798675530361	1.3222097644426964	0.7969931193135883	0.3806105237705591	0.7311345719717657	-0.4943734373336873	0.3525505173502514	0.11444643313242671	0.7678065339711001	0.8991420802308621	-0.3624494763117852	0.10548991119114558	-0.4246257843768059	-0.983202593241525	2.214592864622722	-0.7161497941834092	-1.7508893004627084	-0.6559993269389999	0.8866062053708301	-0.5590742163055715	1.1838184687684106	0.508551767552134	1.1000860527583556	0.21354152849355187	1.1813192825840193	-1.3417181656931103	-0.8554828250363528	0.07770835581926028	0.6851563095785663	-0.5264137342268922	0.020533889276911955	-0.33518387523145643	-0.17701301975125477	0.29444284900881523	-0.5603015941566595	0.08643711689678416	-0.8797332209064908	-0.18243751592879112	-1.6994853656287379	-0.18426708047304668	0.13179525658336938	-1.2667311383133049	0.3843211758510087	-0.796682021271161	0.4192397276815459	-0.44354283534411443	0.1638016048395764	-0.1279645750895081	-0.31245115508931653	-1.2061282970229232	0.695909473038429	0.35044234213737974	0.014617061262037517	-0.3754075319103169	-0.206514771149787	1.5168723505554693	0.656909614625344	-0.48852659199107534	-0.3678574142478557	-0.23702886820581365	1.2175642995995877	0.023940947055112672	0.07572086990390808	-0.6570391368302949	0.3367019810682802	-0.9043849394298605	-0.8552768175020335	-0.5952460439912777	-0.5849684707823868	0.8736199340388217	-0.7195359413242441	-1.4881216370942396	-1.2276379180447852	0.2788213285006615	0.01700754202397051	1.5567173187399628	-0.20765257425799813	-0.167254818452706	-0.25163221912192896	0.8683288498619806	-0.4202793122535746	1.0773669628341414	0.18105424720090274	-0.2995284581143587	0.014613966850197342	0.6274020375315228	0.44492189112473407	0.8803987125079623	0.27724680274912095
DTXSID9021928	19.55655255912898	-8.581288353310882	7.901987939003357	2.9366793214041698	5.708710445475047	0.872984870706866	-2.558541544489612	0.41448120353267975	-2.2533538148831287	0.863619027271696	2.1408815615414856	-4.116989029786604	-0.9314050550681799	-1.9406776315070595	1.4971490449431932	-0.37920976590319727	0.4271707710422005	-0.6958752458285475	-1.3373920818701515	-0.6808756122818036	3.7401362193697745	-0.19272849201214529	1.406049739255569	1.8010402472525446	1.5317758379798103	0.7658135187228863	1.6998824100843097	1.078228982521449	-1.2898813624106151	0.053344915855113306	-0.9428621907273004	-2.743985576568017	-0.9154589982869065	0.7626045464063113	-0.7458281036191283	1.3006064910158939	0.8938704554260488	-1.2392847984823097	-0.8000293255832328	0.6126423002639054	-1.8796612742472	-0.805691699411582	-1.1769394397531556	-1.3245274761741763	-0.4299729851415829	-1.1441564575512406	0.8997866771559618	-0.551380789306107	0.5114583724058355	1.0253562193468593	0.6993230931853027	-2.262208946012926	0.5583933968646093	0.02876005393509697	1.3513412965665004	-0.09379342204372797	0.9816362246583047	-0.9933897056060671	2.0618888402431192	-1.3208325383152466	0.46629582342449055	-0.34480667618283833	-2.0320509957172965	-2.405720107968519	-0.08469016375575361	1.3651773603889636	0.5663731910896257	-1.382998042277903	0.24694393042794613	-0.4976234189389626	0.6318924078214362	-2.0564663869660005	-0.07370362666583843	-0.7758216235693758	-1.0125196914603136	0.4923881872971716	0.743366452743098	-0.0924920701518451	1.2723858223945832	-1.2733990466403384	0.9767845385877183	-0.4227646406746692	-0.034533464321081675	0.32541510074043817	2.581612640131534	-0.002582965777810958	0.5907077716362424	-2.0737903006379272	0.18695678141248312	-0.4012694594377209	0.5695717419618929	1.206829234671147	1.0748062320244673	-1.2389230224881989	0.770733587085582	-1.5727086162364536	0.29474114388226064	0.3101090338143589	0.3240824630722647	1.3731794171774132
DTXSID9022526	11.573560073654168	1.460632391249987	-7.319783095416953	3.7488735330768472	-1.1080113106980995	-3.8934805395268146	8.280132665051834	-3.9948074993669485	7.464122354379382	3.2262662212463615	-5.1937295980661755	0.03818803145225689	-1.8360594763027316	-4.435045593106115	-3.5564161813760977	0.5330740778487669	-0.32390811705944955	-0.6620340757068717	0.7282903856026699	-0.6540992553006427	-0.6210442404182672	0.3802749919818441	0.061400196867217656	-2.428380721141555	2.219168063586968	-1.2741723852584332	-1.727605431402173	1.253216237339416	-0.0994239778106035	0.1745273959164559	0.9420337911186006	-2.329172689512007	-2.7175218470120632	-0.28027672741069765	1.1552553383526496	-0.2958244450513458	0.28781018939013225	2.077519193037412	-1.880992725119937	1.3118776024291374	-2.496812713597087	1.9924646434896882	-0.7687087735487035	0.7144552324759135	0.9699921354762272	-0.6311220387808625	1.6900102434789852	0.058641359480504196	0.4215066376820392	1.6699102318250243	0.4845510413449485	0.5564201188809688	0.6941723549736896	1.2333706071894692	-1.6432691023691859	1.935841623605616	-0.33179543496546193	-0.3587531782757283	-1.5327170013828626	-0.4275789985315442	-1.587635267507776	1.0750784974412366	0.09705235016138378	-1.3979121623705086	1.133393815531996	-0.5308026224345402	-0.45214753988316253	-0.5800246362964079	-0.3602825635138213	1.30869608034424	2.968957707001543	-0.7582990587433626	0.04677334822467953	2.269514026358368	-1.285468155512523	1.2340915722364398	-2.0551827222052763	-1.6181072961016487	-0.529391044692965	-0.16958116046748317	0.8843844755849204	0.6033322897379617	-0.008799466487813769	-0.4100185721661006	0.22963095940500594	0.8858702989301203	-0.1561826209957529	-0.1586958312715056	1.3317806455652805	2.063527517027281	-0.5287458223564143	-0.29224843236864845	0.37527073835670866	-1.2015730662000426	-0.04441285734050971	0.6055150680484518	0.5638399899128292	-0.61469956379375	0.2512328365035452	-0.6317844707628091
DTXSID9022528	20.125628750050375	-7.173529051630343	1.8387016402676941	-0.2878566711877976	3.654762314094385	-1.7478614390896428	5.378796902097032	-4.593592123055286	3.1031620443100754	2.3335966697697303	-4.106122439047116	-4.63302432403691	-2.0049812167412315	-2.831019902997974	0.07395494243918457	0.4731378297074346	-0.9183069291132948	2.062575462951073	-0.2893712491776466	-0.37361216607397096	3.125819718669722	1.5168089717340616	-1.4879347628981883	-1.116852818224479	-0.6743284619494861	1.678822212791454	0.8846419403651484	-1.5341791629191532	-0.9599684198277927	0.6267470375321718	0.2861438737107443	-0.5617263288806001	-1.3595371117891681	0.019931405384567634	-2.216471519205284	1.04051854632009	-0.8156207200618305	-0.644601802377642	-0.26557713887354795	-1.2560284567965287	-0.5723764535636846	-0.8497356539535909	-1.0335764961995288	1.7032106536884037	0.2279910613109549	0.25600915381163286	-0.49766229628703007	-1.4363576405889718	-0.3029498750320827	1.622817812545666	-0.11143420721899228	-1.1879431325302452	-0.7617379430131238	-0.8275156743159704	-1.3918210863497489	-0.3221598741205297	-0.2931554583368361	-0.2122522365353374	0.8436973368203541	2.0923092802970658	0.045197374939203214	-0.8571414869849945	-0.5329631360404691	-0.4856825081159633	0.6959404164618762	-1.3548182679851346	-0.21528718007607112	-0.36331860271820254	-0.42234425742509046	-0.5991479499283712	0.2515581262306457	0.08351888226866079	0.8072175759241187	0.6827497714094805	-1.7068091859535297	-0.11364840986284391	-0.3446891996399836	-0.8791486603735178	0.9417339175515557	-0.30002484162905946	2.058556108789547	-2.2542909601504535	-0.3576501539537059	-0.2931441061132809	-1.0790874293745616	-0.8004874062010748	-0.11346259827720044	-0.8895085753498579	-0.7297772982377676	-0.29911588481451445	0.31606963822222217	-0.16519973707898739	-0.2701021090233595	0.07870843861355646	0.14699427109297847	-0.5634781948425619	-0.2113685508608401	-0.7113392785660171	-0.7070274303223766	0.2841184609592864
DTXSID9022817	-24.81321296913373	-11.782818784265926	1.080068167469393	-8.536496536969157	5.056583034107753	-4.4129200211330115	-2.5538674739196217	-2.0506794668935635	2.5451700375976882	0.15331871544105702	-3.764151602429529	-3.884415424940892	-0.37227412659928516	1.8342568453901356	-1.4099563503270556	1.5161333265238812	-1.232624928816617	-1.3703989250153474	-1.0089424006974232	2.2705608700990014	-3.9235725190911106	0.6607660861693856	0.692041056614043	0.17047649550022437	-2.186170353810473	-0.5392660187154393	-1.3094103530212184	3.148054077555903	0.5699460181094838	-0.5662015594560957	0.826789767599946	-2.015477511341082	1.0580935810644239	-0.8496073560305667	-0.34855318465442064	0.5661191547679089	-0.8834862525042528	0.8686945218380272	0.001506326184885467	-0.9131221977110819	-1.3083020449960308	-0.9727529558170819	-0.16104843023543156	-0.7304246016768925	-0.1286076775007147	-2.1649107319478933	-0.3656178298403139	1.7763180306385808	-0.021591587206043046	-1.6939219578007156	-1.60371263416782	-0.4971109233218404	1.3491913876022026	-0.22291489884473836	-0.6874831707403083	-0.6813462709384691	0.28881041313816486	-0.6657591690765547	-1.1176371447884064	0.3146521847913064	0.02262487973682333	-1.1317625358561552	1.0845684908352893	-1.0756672939061467	-1.5150792912496889	-0.1737482048891727	0.647695217235366	0.7714932334694705	-0.713957405478565	-0.25875909137455705	-1.8665249824318737	0.22335618124699308	-0.8353293000065556	-0.33662080036258474	0.6308421978965877	-0.9635241860182365	0.5012277003823205	0.9723785223942782	1.3531295099250125	-0.37227600771163044	0.4262634863582091	0.43899379299703745	0.663682618208595	-0.9794343382259199	0.3515282156994775	-0.3652013542174599	0.4144298848231962	0.7232329471156973	0.39454146457118894	0.9335218037448905	0.6940110988914658	-0.5655033226636523	1.499892506815883	1.221316815631742	0.11325441491615929	-0.9298102279273268	1.0590028838853744	1.0267584161562233	0.05738885454703632	0.8234454297911659
DTXSID9023380	-13.779648267496949	-26.885013992732517	-1.7246615823098213	-5.487581949995066	-7.086548360123942	0.26842575285309384	-2.2638792674795596	-3.0135736488946527	-1.3822876140048668	-2.38685377494525	-1.8554849329152299	4.462917497278736	-1.8520401910598965	-0.5861172496501387	-0.1678793526403157	0.20452551546902756	1.9216965991951624	0.6497113682595784	-0.620379669718965	-1.7738630150057895	0.5797455715422652	0.8137314470661697	-1.1446182664764808	-0.5757640608810115	0.8539792294977797	-0.40573104465900645	0.9491626886888637	-0.28641325688939423	0.06949758710771672	-0.00853680072552168	1.058384683126543	0.002061801632491954	-0.3869570437332585	-0.4585927176436408	-0.6352392207522968	1.398350480543339	-0.4338961075557783	-0.426764425189413	-0.25052065788543626	-1.0698975041903591	2.4469610391425465	-0.01704789941296692	0.8693786017072639	0.5214527186323475	-0.22967797778396817	0.0383569470136395	1.210706035121276	0.672209460835655	0.5794464779348876	0.8668497991053399	0.6156054416682262	-0.5537866767823152	-1.3966832217053593	-0.6396207557147168	0.6949078964894162	-1.0799528758559183	0.6587196683547073	-1.321313760020359	0.4868643689430236	-0.03092531311892752	-0.4117324631545684	-0.4834634619689701	-0.27248458364709666	-0.18238694173715667	-0.6163065282004303	-0.6292121439055205	-0.3354600988286758	1.261389075003931	-0.5996730558175454	0.19089694158484558	0.7258428865983438	0.3537646010593217	-0.07954662253600572	0.7726159301017913	0.9390051789902171	0.36308907779547017	0.171607103855631	-0.412040515671226	1.3770006714081973	-0.970425754150201	-0.15668371441672685	0.8267720672455671	-0.9544339710906441	0.4935027486979775	1.3425974021055693	1.0068388585558863	-0.2159690059422597	0.4326231579692803	-0.3241891629190261	-1.1562349341017502	-1.357901071509102	1.016142735613018	-0.5540478633998013	0.14047126282168249	-0.7176802817560275	-0.014074881147825562	-0.35483487412303183	0.1870330831181158	-1.5160600685465242	-0.2158604941342013
DTXSID9023881	4.2184066024576055	15.562395837597522	-8.463313676819572	-2.985737678135692	-1.3207713296309271	4.517775551193231	-6.324062104483905	0.17069590911506569	-0.7806714098012952	-6.257280249890257	2.0042367496201456	4.102676542091601	0.2897797677690445	0.4344182075369058	-1.2626479907515393	-0.37265988756072405	-3.1438954476822034	-2.739223150639404	0.6345084626785693	0.7848565640945171	3.2417415333884447	4.990686984095194	0.9632413279296371	-2.362815457401946	3.2979249481037565	1.8626333145870733	0.022325489920886683	2.625856603775092	-1.288909561128351	-0.4409088281323942	2.2563522507401963	-0.842343763276852	0.9690116241834775	-2.2415857313206393	-1.5440789320719959	0.45939444832758	-1.500795093794697	0.38639791621013475	-0.3037560420246277	-0.5266524762555074	1.7531204600287853	0.5495786242916142	-0.1105439862394942	0.02107990752157152	0.32204422480709416	-1.752292472439138	-2.5156790270074443	-0.511334714558092	0.22156712991488758	-1.2669202357388287	1.5663374950279934	-1.8520087419988318	-1.288359211346058	-1.155547170529147	-1.0076134201490072	0.4328953352691688	0.7184848668364435	-0.000577318986380554	-1.6255681958788404	-0.5737458078900491	-0.9457907522929206	-1.2364412037911137	-0.5026991810606553	-0.5731380448499657	0.6194984529393307	1.5992830595533736	-0.6702414066219001	-1.2574999432051397	0.7642304889602342	0.6428833740956442	-0.739589588284338	-0.4113269786039504	-0.25173988263446617	0.16239563030119838	-0.37048509637142724	0.3177561388691348	0.5793575945240479	0.8315060920745663	0.5563629760065225	-1.9163082364765325	2.4300219332511164	-0.5987652764913795	0.8806700484308906	-1.2840426344337823	-0.5939538754195991	-0.5719001607501493	-1.1493287256536713	1.7622103789528756	-1.159352387015243	1.3405136752975615	-0.3083821436375279	0.314237761482277	0.9750217385741611	-1.3227512353038904	0.8207494564970572	0.9247338463460034	0.5687475968793854	0.6825876727191517	-0.016453152635064274	0.114913141382371
DTXSID9024304	-7.237961217993885	-15.504406386873555	4.035758361707092	10.610146327423763	-4.712427568258963	2.8160796341562166	0.34069637620737275	4.594610970773859	5.229483314139687	-3.7517222132852193	2.1661452361472384	0.42789591610334127	0.39327569482055597	2.56280272491156	-2.7435255019317464	-0.535645709973309	-1.8097126772844128	-0.111013868159802	4.247408325778379	-0.9069099996990168	-1.7550801752159424	1.9079576533577183	1.030054556011536	-0.42720627990040677	-1.882462350755234	-2.8404762314978957	1.805666647066997	1.9555709150135143	-2.1005849862253907	1.9793071825719881	-0.7706074797087005	1.2504093690518043	1.7321616459610483	-0.5580709832756225	-0.5457491075787542	-0.35919443959872005	-2.088836917453328	-2.1663648542135356	-2.673863612141781	-2.1262238383083094	1.2734538376555171	-1.3386580072009475	0.8460027421168775	0.2675280926320487	-0.3317285199214931	-2.65657995151406	-0.03402072491682671	-1.5973066184068452	-0.549059195855983	-0.22671464674808567	1.0525997023241342	0.2537039754200905	-3.459885609370866	1.3106248917089343	-0.5082188991265099	-1.34777139653455	-1.328831078620876	1.2245804033862688	-0.5811972484650552	1.8401995051481834	-0.2962052689916766	0.2683525682309879	0.5161283461792215	2.0225263972077805	-1.27233200421572	-1.2492164751382666	0.12107060320241915	0.33278410918990686	-1.0291070454301865	-0.10196558326687175	0.5411180295161223	1.5844980992716675	1.9554462105340704	0.17652260110039952	-0.6225948996758425	-0.7401820888560371	-1.0638253945836633	-2.6753090101798165	0.3342476793336191	0.49673218699695393	-1.1783612193857314	0.506775256643494	-0.7048733744259095	1.2262716243147609	1.5317584003254672	-0.02345749177574635	1.5306205648945146	1.1902370019079278	1.9147074037815046	0.7505936080743221	-1.4553005959533503	2.8335176224137304	0.5680321829220096	0.2175111276762522	0.5752647137777248	-0.9741778437358142	-2.0068709357547414	0.23662327986874096	-1.1918219166521151	0.41304603336032664
DTXSID9024485	16.49524244522391	3.2020252359754116	-3.401574147294837	1.4138240126000174	2.0224623930223404	-5.305434203769265	-3.054678400666883	5.422166436333919	1.5494129254063111	-5.190919398364882	-2.9337961167837565	-0.6347322654240372	-1.5288014069586526	2.965156773211709	-0.3638019536184038	-1.4560722388731033	-2.8723333825176063	2.7863400738357313	0.22762367088824167	0.03800250761477444	3.039575500245984	1.3376763708109778	0.3997125728576363	2.149099758386611	1.1479589343443826	-2.307244193529926	1.5639517560187384	-0.5595756457087669	-2.1265571619756636	0.5815755595722615	2.0199887408438726	2.2488939184260675	0.24051133436537855	2.0242733696832236	1.9945039945419365	-0.6501401094454472	-0.5695379761093612	1.3221333332289622	-0.5155157115020673	-0.12865197276819518	0.7497759963670871	-0.21817792563942984	-1.6685819346584818	2.3919152612790904	-2.1356400576400585	0.36372830816086343	1.2007328260247783	0.9318801106620238	-1.1641656267845535	1.6937628745630084	-0.3109706705540572	0.8082722308367412	1.9837910631952633	0.895321393301707	-0.7438002436111143	1.2666655888521594	-0.897105985363961	0.38250932915692004	0.42082433087014726	0.06749705454353583	0.15477754138372657	-2.343250635129551	1.8291651039917487	0.3172797212063346	1.0971904542227153	1.7792053550288065	-0.6278552471516564	0.49284773223519834	0.7797365973738786	1.0616232136016293	0.7576860757256186	-0.46598173217046657	0.5318491832022023	-1.1106484361662163	-0.7194620377134433	0.944656593804306	2.5221899914538115	0.268777061917454	2.0091177562454887	-0.5308744304501013	-1.0971871389925483	0.19069451290578748	1.1661746626149156	0.40533022827140003	0.8362436130220314	-1.019293371794387	0.4318711227257984	0.8401804950448457	0.4630035203786531	-0.7200673830285412	-0.40339237341980627	-1.127497247717625	0.4670251762194605	0.23689164588760006	-0.4189429750510458	-1.6673125658901036	0.9038695837185874	-0.46066919017065683	-0.8282183079252986	-0.24864813101898334
DTXSID9025401	9.109348000018773	-14.139843587013633	13.910721539301857	12.627096619589732	5.866566788958256	7.189393596959582	0.25056734909298783	-1.5508172857815339	2.754312045051246	-1.5649638558254884	2.146068098300872	-3.056488962412917	-2.2262004710951637	-1.5924138900848208	1.7844896135234554	-1.5403459746977042	-0.3732684885020944	-2.5558020441043574	0.3145088090299651	1.8240656496690628	0.9479038652060823	0.6020809356455695	0.04186995065660735	1.9752518606360567	1.623154778456976	0.0857898650452927	0.8925658008543327	0.7037147378393979	1.590619588859377	0.4638157394985856	-0.3978125110340115	-0.5464228065210183	0.33277394748810213	0.3824794431937268	-1.7735411412496305	-0.2829877797442471	0.17096586059975724	-0.10969456197313293	1.4961405089625037	0.0498913166094354	-1.391252705000157	0.08030192425782844	-1.0466507908919531	1.0608384463523215	-1.1896533172355972	-0.28287113890414944	1.7772164743238257	1.065196109993833	-0.6678751661684694	0.8374092389193167	2.3253262926085196	1.4053110874876984	-2.0066277433835005	-0.4651099073220924	-0.2683937771212769	-1.5797040998043475	0.4016905229161431	-0.38111657712146785	0.21168246828553972	0.1717841512853315	0.07629774132721064	-1.14563163294056	1.6156862209385596	0.9298014104529431	-0.04334362363193972	-2.4362106614585475	-1.0305091448597217	0.7412073843778975	-0.784120022873555	0.9221705728964947	0.0499709986201697	-0.2428569338742604	-1.0712981158261243	-0.7298321909636413	-1.5806349359662306	0.21597683290731587	0.33896860505200055	-0.1798542855260238	1.4691451525485157	0.6141912414079007	-0.3074471237413575	-0.42482483871165233	1.17423649982096	-0.6468619335568576	0.14191226171292828	0.6935666233327223	-0.937315114481623	-0.397149576038385	-0.007126753785035465	0.02102262057886666	-0.938748076665731	-0.7641364742683082	1.6070633751236947	0.72836026931004	1.9157005493927233	1.15668150318847	-0.33487546249707184	-0.22709214688462917	-0.7867522838049351	-1.0085083289069243
DTXSID9026926	12.301000349448842	-18.127861762333815	3.1897774469763287	5.122674612272897	12.730984712245352	15.713785845767978	-1.035484150459623	1.6413041318667525	0.8500495384874989	-5.408638281350678	4.154260274917291	-1.6889231266381948	-0.2566719233188005	3.048109026008024	-0.016359476755784502	-3.792380749009739	2.6137473294089646	-1.2128664623944936	-3.8067407047615713	1.4552739124633287	-0.14147759271495214	-4.677329601879381	0.5806777075163737	1.1183070647561717	1.6368188093114837	-2.1682195962562076	-1.3727997446761382	0.3067364621231756	0.3623189543689349	-2.7146490729767447	3.0046321814291224	-0.26057705153195565	1.4948866905489233	0.5930541789519941	-0.2579925199268755	1.6086471468546346	-0.858469621701919	1.0877607344980977	-1.7831131105363835	0.5646877980875988	1.580765515185681	-1.852613664705158	-0.41905733852455845	-0.361411804632208	-0.554390048752292	1.3444030536061944	0.5010565368778922	-1.290674150664134	-1.7655493147221342	0.737251989943664	-0.9478800793785815	0.7882415099170932	0.925859788396428	-0.6292265823821882	0.21903470289896623	-0.7935578931981636	1.6188546084249775	-0.5011363114022716	2.1139585233000724	-1.3730066410956823	0.4900764545014819	-0.022242115065205816	-0.6910765103028144	-0.9820467883399706	0.6141142020182149	-0.30708489283620716	-1.3457531682902304	-0.7077821073699501	-0.7240507498215086	-1.2424125272183328	-0.013351387268960836	0.7261885922359769	-1.7072779328083763	0.2812974531404369	1.6526738744501914	-0.36392667656904554	0.6299549923830021	0.031058288969124014	-0.7549812408596618	-0.49248240249838654	0.5195587753371217	-0.7090090600402513	-0.4657892597473691	0.9188941292644806	-0.330354814349062	1.012612095567643	0.2507919988421741	0.8550902141079065	1.3271594919367886	-0.29597484703556154	-0.9980466969378403	-0.8491296145183964	-0.6578620360703958	-0.6311070594680352	-0.11150527989697923	-0.6458975523668813	-0.3070805758673079	0.32370574173455213	-0.7328783545539989	-0.20091967582526435
DTXSID9032113	-3.0301410210291673	6.3727119908734915	-10.26476405077796	1.7936810326164414	-9.006336448097077	6.4186378649164935	-1.7048740797125335	4.6846119737470335	-2.676951582958655	4.2624907530475244	1.0068930601694337	-1.6601905272445185	-4.736204966437392	1.3663398178813477	-0.3896009866799284	2.0599598731551043	5.739452567098182	-0.9501915365457916	0.5053593047169518	3.978195159052631	1.1246394175713288	1.0493811573202951	-0.4373894127201583	0.6013976965544737	-1.3760865351268012	-1.264030918404604	-1.7264808500931876	-1.1373353428565103	-0.35770696113203515	0.37561914096139726	-0.8281350369883096	-0.9757958966398078	-0.15955703918323344	-0.18110706777524202	1.5220161705337754	-1.0595403142214517	0.4787864530094608	0.7094517146888173	-0.4382799650118474	-0.823492463120936	0.9892156325792827	1.50674355881311	1.7095843365963406	1.820639023800339	-0.14491916932086066	0.2481820544325438	-0.7332958573445733	-1.8225508632890342	-0.06931884277003024	-0.7712998594015971	-1.1670447707485203	2.6724406083886736	-0.13982336575291845	0.32543103330292683	1.489053587472219	-0.01897644761980609	1.0996397431495626	-2.572358841757814	-1.4795491806316456	2.430489197828651	1.814885010275037	0.6525969194615815	0.9888164553823807	1.0355750402963377	-0.7638769782773766	-1.4050754664774905	-1.2842900884294348	-0.6200759195399822	0.5603324738378567	-0.2878283560382597	0.1493660545555718	0.5709156713965217	1.6981230945518746	0.7168462647187301	-0.24067040885162216	-1.2124801739338602	-0.0897813490940083	1.165465567097871	-0.42970854945637105	-0.3491459873613818	0.36903975794127325	-0.011768738303791219	-0.20980434714068777	-0.14179574523626798	0.9608010301963305	-1.3577614704102081	0.5840285979532173	-0.31199490078148023	-1.598583613625694	-0.01619979143698645	-0.660405572528354	-0.07945049696062635	-0.07959747817408883	0.3304686613266546	-0.658215906618367	0.9017992031593589	0.35632091647169584	-1.51130122719077	0.3705906567104706	1.3382697315267469
DTXSID9032327	6.132078766285128	2.865674991568092	9.402206307197824	6.970121444288105	-1.3418244866211149	-4.493990862329793	-2.428255132975101	3.6733640083866494	-6.407199250743005	-1.899035089924653	-9.131607808982364	-0.5962657364102579	7.06949487600219	-0.970110095938969	-1.5648228061489173	-6.89108340478025	4.728326163202436	1.9346506934150884	-0.9270206218662193	0.8211048302935446	1.5827828670509567	2.32454008875996	0.686137536948428	5.23429971211416	3.7250331597858457	1.7243168124248838	-1.3392865637326978	-2.3320584900209558	0.6599603739062487	-1.9588499481451596	-2.15011716733818	-1.0198952040920146	-0.13272245598858684	3.466472540074758	-1.4133161952747217	0.24649656253758936	-2.6449977151326225	1.2925252722929106	-0.27619575040576455	-0.07700961277179075	-1.4762277744136416	0.3020057234411821	1.2655718889650476	-0.6306862160594631	0.23230382285936604	1.1948458013282717	0.9339346872641948	-2.276698462265911	-1.6375225534970723	-1.5657446496923701	-0.34911490614183033	-0.7184894985088899	-1.1407565461769231	0.5659271011359994	0.2885405848269826	-1.85138568241682	-0.7869971367082742	4.808844430109325	0.5935993038757676	1.6151013697169128	1.1283939202062838	-0.11543905266512272	1.3722077651762827	-2.1398981866481837	0.861185926180401	-1.4169599075840573	0.7952644355707552	0.31918530214078794	-0.005916753556817926	1.5493132574109423	0.8269825823380078	-1.4032244914935024	1.0473000393990264	1.5166130074715687	0.04833496194800329	1.6069297629482218	-0.3767547074295001	1.843055937767871	-1.1358279680284427	-0.49226388265832954	-0.6182004222438348	-1.4925371064264836	-0.6474697953458158	-1.7501904706508522	-0.62212709300496	0.2047579468676934	-1.7185073115184517	0.9866513737789432	0.2998634917495927	1.9958493918305946	0.18085520010310047	-0.37125431030584266	-0.02452206340188787	-0.5067493373552127	-0.3653755404622824	-0.3616886557129387	0.8695696051256059	0.9328493864387146	1.1760163564070487	1.5628205957388868
DTXSID9033923	-4.787963128542229	10.702184264890287	-5.3221882506256915	5.138748659209057	-8.300867911573317	1.004736014334566	-0.5921443859703456	-7.192464123915617	1.0940169678153369	1.6774172731369428	2.409609578832578	-2.297194859281322	0.09128679549024155	1.4602930843791204	2.2686365811855236	1.0594551688665845	1.4750195481342105	1.7078147260140963	-0.28084439916135323	-0.42115189198293573	0.12657772853074706	-4.761528505679115	1.5599365443937623	1.6169717907407346	0.43351778300752414	1.0584125887936848	0.46557500516763517	1.111531477943796	-0.8582598500380052	-1.7808178162922905	0.7667771610382358	0.15491667580425594	0.10837577470944747	1.3259140456775251	-0.23872453181308825	-0.21418358285161712	-3.094917885390032	-0.8653777660331902	-0.28900785531388445	0.2721658972624266	0.16665602581766978	-0.29355109960650616	-0.8721189740906877	-0.4656111867223574	-0.8642685304190688	-0.6520836659553957	-2.448842093013125	-1.9991597161641526	2.5495605880328736	-1.2909847051192729	-1.7224382281898434	1.6798634615031658	1.3168042491923049	0.30266140554666093	-0.2157433497160866	2.747588985993898	0.15171804611842069	0.9702765216282572	1.859995964553474	0.5542260827140525	-1.6626218034131144	-0.9887757715140727	-1.1694374880924647	-1.0744275826737961	0.9877733813689558	0.028343467340417584	-0.5819053234798416	1.2988971069655684	0.6022400309762833	-1.0429268218170789	-0.30404475358385186	-0.6224814286030524	1.8214747552964026	0.6968099136130539	-0.009697673676917852	-1.1185508872039405	0.28052659295231724	-0.052795978997324335	-0.5430230909093178	-1.7002509186372476	-0.9165621243269224	-0.7312977960396819	1.7214128669888276	1.1319813757982256	0.04277101726677854	1.8838105958219957	0.14456410888213633	0.37904275147213745	0.6863543480403645	-0.2446431567024268	-0.8408466361907196	0.7189387832048392	0.459579611620194	1.6009664268442512	-0.2792375825926827	-0.3916729066810349	0.978152743660334	1.8934215732939523	1.8102687450968213	-0.8354055258862482
DTXSID9036515	-17.227872540915527	-24.880278664419535	0.4996138677343148	-6.438837458513549	-5.82873140930201	-1.5241061039244577	-2.5500803766806364	-4.697760992592652	-2.157163986435237	-2.8980857112504195	-0.16177661618372882	1.3474715770601617	-2.4681620554065553	-0.28133073034886785	0.027269472900240316	0.032712342658216355	1.539430441616778	-0.04758956205479477	-0.1825268940540609	0.1706609819086906	-0.8469681178596912	0.04566483943280409	-2.505680522494055	-0.4832086664862962	0.9705706961531572	-0.11050400550220134	-0.6594377477748499	0.6981259786425433	-0.30248272444776736	0.3502616995741797	0.12036646843767362	0.062082429145367636	1.0523505493173357	0.620367568512022	1.233310720913911	-0.3487098980281715	-0.4872034553321936	-0.4403404954127424	-0.1394561259780599	-0.06829111926463691	-0.2046440606990923	-0.648596092965593	-0.6952442608525807	0.9959305930910911	1.017948720212557	0.9465149433292177	0.4718947239182246	-0.8765286913395766	1.1161819412795717	-0.6235825406788659	-0.7184649803619227	-0.9299057154357311	-0.998563620182234	0.32136760201041054	0.8147773751702252	1.3145237019845368	0.4402122827459792	-0.4435057926568027	-0.4247837467394353	0.7116066850590744	-0.05303113114932449	1.0985079328094283	0.3293112766450115	-0.328723994255103	1.3921580982203419	-0.7850690021255408	0.9961554851610817	0.02662710626628002	0.4895187785395866	-1.1517166375424686	0.4647615798263896	1.1200817569249102	-0.9598327220170376	0.9235815704764396	-1.1911546048700483	-0.7517378634047867	0.9353545120983439	1.390667961857324	0.5770510808444428	-0.10449985875010563	2.254734421327701	-0.16107519606241785	-0.3809948522314774	-0.6810039298516584	1.0778540340316227	-0.850931362292399	-0.18309388613212244	-1.3196523937654292	0.5172804656782124	-1.0552005749829643	-0.16933210109345165	-0.23586418245681007	-0.9960752829845269	-0.42370205314533377	0.7774394189292901	-0.02925405989317747	0.31744564998042785	-0.16436572647275935	-0.20665433294740185	1.3054554064503183
DTXSID9041653	15.274308247495512	-4.6419156805109765	5.088419677828854	8.510253553337105	-3.233851254029088	-2.7340174529084575	4.283129667019449	-4.45140662008451	-0.9113809154906694	2.736170529861788	-1.4692761631078095	-1.1123478339421327	1.5052212278495771	1.404963585289379	0.804034696793879	-2.9838082495451896	-3.0285807850509703	0.9920364999102144	1.4964924980430647	3.5202456632321617	0.06666672034644495	2.7474255673786683	2.0490759305174167	0.1542928035566275	1.6304907849905013	-1.7375921050965482	-0.14671505094172804	0.40625595524884306	-0.1296779900998993	1.2214759550565177	1.590446355988784	-0.4671878786454242	-0.5096567127797605	0.3531899357463866	1.9079504190620191	-1.1749816333422478	-1.1523433922798532	-1.630702854056552	0.19535052133006492	1.4020009817504544	0.3619292609793375	-1.8719900430404206	1.8464827559863135	-2.3122463250336733	-1.8287398745172982	-0.4707909887680125	-0.8537593516677545	0.27757940193736697	-0.24370356913507876	0.6592748415753839	0.34320197960850857	0.5246836052780516	0.6115648524107433	0.23512838767253413	-1.1370802921778569	0.9560986276251178	-0.09513531779096145	-2.404874094886618	1.4207143617415185	0.9793068702904446	-1.0014081237298313	-0.33688742920519266	-0.24199560184769026	-0.0810598787321503	0.8652685077496233	0.5535091890657139	-2.3389677483929305	-0.18851902398619777	0.25652733172734826	-1.516512354079786	-0.9036124863207373	-0.16924269832300304	-0.39822796868305466	-0.7633090101125465	-1.272322878425564	-0.01264074431048967	1.5057911455901347	-1.4673662869785407	-0.5968527676973859	2.0378697834311557	-0.16704798122222206	1.076623000753284	0.6265367342980064	-0.5749598925607778	-0.2928443328685017	-0.2333008232443771	0.6200620538220489	1.0753445806624344	-0.255195809749767	-0.3752062985842206	-0.24580938773005273	0.24240439934259117	-0.23298675971638552	-0.7623461190562494	-1.2254242584945332	-0.3458494958178466	0.13306834711491194	0.5376399721156199	-1.6470780164646095	-0.07555496985334442
DTXSID9044164	19.270977109890822	-14.775242804311219	-4.274604046823084	0.548955785064556	6.618558274812621	4.792336282785167	5.4906899420694355	-2.077192353787183	3.379925925401015	3.6095828270531554	-2.502605334004394	1.4157465522548187	-0.033506595832439354	1.248803774538674	-0.6523626727942866	0.8714722252267713	-0.15399697661274458	2.545437748450539	-1.2686513624960296	0.22531758306681615	2.8268711863953584	0.7998298609591115	0.9677113015655511	-0.5750660628602813	-0.28253026126491715	1.614455633427505	-0.11375677100951671	0.7234477027172926	-0.6383486225755466	-1.8726644159406014	-0.34100009204788784	1.205803449250332	0.9890083435774768	-1.1388093323849562	-0.5836831676311072	-0.08695321560181428	-0.5131120348035907	0.8187640351890205	0.3819904758824865	-1.1660065665975012	0.4816038766737397	0.34825234242376046	-0.8439748370495831	0.8436391885880546	-0.509829528118547	1.7486573929324951	-0.5052346488105147	0.9438568866927338	-1.5861464552672144	-0.8129162562578781	0.4835634293752432	-0.30327002902832595	-0.5772850403862604	0.04388453744313807	-1.5029023943542423	-0.10770237429400363	0.19688714011346592	1.390571081442044	-0.25747645646751127	1.3564949735229241	0.43100590683289725	-0.05800057504088124	0.3104538858152041	0.009663409491132462	-1.1282434355659967	-0.8341977018448694	-0.04773871891567781	-1.5288007953605252	-0.1662508553492946	-0.29108992691414176	2.0496036468539365	-0.6881630074869588	-0.1907857136622564	0.8655400301333153	0.6082881432202129	-1.3099551273084409	1.7793631372476513	-0.5858983457899873	-0.4196818522577032	-1.0608325107796681	0.050853390798464695	2.195806411043274	-0.8980152782093388	0.4383547961962139	-0.6595693434419011	0.20785246435073254	-1.0665991814000257	-0.08585922303489506	-0.5926766908230537	0.3769089690729061	-0.2529042372234063	0.9626472838336342	-0.6235560504357376	0.6761068076227322	0.08540518734413782	-1.0488030165624411	-1.0461196175030114	-0.5744578782655192	0.5795146390812633	0.6340565170422017
DTXSID9047259	4.41224652613353	7.911818691203175	-10.782809904825374	-1.0957794084736807	-5.787949574613296	5.260152388775684	-9.52909961909144	3.34068152750255	5.880616850300585	-1.9748491104939134	1.8583414938477147	2.0549272402615046	-2.103135021158753	2.6272798112932083	1.3251185189659336	4.471902644184343	1.2799277510002693	1.9754029524941228	0.967365211111721	2.3188377393813506	-0.7160214728370721	0.036814480922751976	-1.1227986147548872	-2.1841842758527936	0.5289496648104527	-1.1271184655394908	0.1946170173558276	-1.0236941950607505	0.8221298520784198	-0.756322188683374	-1.4822541692709856	-1.9298936075080748	-1.4143736035387275	2.585886450118641	-2.5267918241176424	1.0025438198882313	-1.19353342523924	-1.1041224033135133	-0.17612109641857343	-1.0268942996256376	-0.18646245044684986	-0.5290378479077001	-2.199939978740783	0.7269640907898988	3.089916454009204	0.6051124442815233	-0.8174569475627983	-0.14140747081927016	1.8358696910571386	-1.4156752140861253	0.5711039255414939	2.092139875844566	0.4688229104785702	1.349028095734869	-2.478198369293308	0.7837702337533339	0.3775620960948809	0.507321732761211	0.5914876612097857	0.14905482917744894	0.11296365975200368	-2.4339613307072736	-0.4845875146722784	3.1496622510427628	-0.6770413296801838	1.230072852199632	0.9072406886640221	-2.0380352307969445	2.573140866710002	0.4073596468262106	0.12497283450916225	-1.5515245666982527	-0.8068320485230001	-1.7484336911229257	0.0016175164961186388	-1.5599912719667526	0.4392524964578424	-0.6144018652794212	-0.9282219294789508	0.6127776374595407	0.17922215461731436	-0.6500852692725058	-0.7334193619040464	0.4979504630383889	1.8564309087887705	-0.11028927104729329	-1.587448358584857	0.891021628386981	0.049183002224486294	0.14134434062575216	0.5870862805136537	0.7226790675826079	0.12021091820389182	-1.1650801124709416	-0.7092043595999937	0.5854557936647737	0.01870704031363558	0.3681482170280724	-0.05383025653064802	-1.7519897736372447
DTXSID9047253	-18.893843473090584	-9.451050283031126	1.1726938322784815	1.1163669125864282	-2.8579549809843012	-2.8438131225835663	0.8985396942717679	2.443136595198313	1.570737952183588	0.2917914317059495	-0.4329629993881843	-3.940415182914922	-0.509067964151016	0.8977250341624178	7.358280876733105	2.616001619753802	-1.8126483383434981	-1.4411297051189444	0.9697372571869776	1.0998601331044617	-2.4079028145405847	-3.392348135417188	-0.7781527256218917	-0.2510576024760276	4.082317217255451	1.7918206286150897	-1.1553859582629198	0.34281160537004063	0.06946073864240099	0.8113804366399715	-1.4678489208142564	-1.4524061201543383	-0.5831358020218623	-0.18528558668732767	0.16698231482923526	-0.12028177765963953	0.5101375858917512	-0.8116064587818016	1.1644725910898017	1.2839145461311299	2.392151312443861	-0.602590021404966	-0.25371556853865346	1.4785482937871013	-1.519568827684931	-2.227418599306166	0.023170313245197492	-0.39691937662556664	-2.281356157264362	0.5577862758228405	-1.181835290233102	0.48535775861957603	-0.8402496108162661	-2.614238919138461	-1.7863376721753146	0.3661601317970003	-0.41667831743976286	1.6648621659148148	0.007025757214242824	-0.1690749530525941	-1.572401340966664	0.5239912839282845	-0.1591410886102762	-1.5038310000702302	1.632451381389092	-0.05056698546114447	1.2563185208560215	0.6940232085644613	-2.364591042188795	1.8007335153173956	0.4026975055144092	-0.6479552041413472	-2.1792327480772573	-0.7666967295224189	0.7512360642514292	-1.2201511584494853	-0.7786802891007769	0.08451322656229229	-0.2829134466096145	-0.8120053737153536	0.7151639695419314	0.7483421071447531	1.1221056633638151	-0.10812726211598528	0.26338789125130985	0.7344165940897011	-0.0195168520776056	-0.9021802935491219	0.1563427259419398	0.4963628052535393	0.25432163369339983	-1.0077169973834599	-0.7231831418852692	1.4125760620919452	-0.2687928521339641	-1.0024925693136584	1.0448770136731529	1.1507537306142377	-0.5285809138978673	0.11752340088123159
DTXSID9047330	-19.160169850395434	9.567539679774914	-6.861415250891408	-2.0169539678790276	8.077826530773686	3.2703909192439724	-0.006095001227982034	0.2866149598668711	-4.601795748580898	3.334348865456302	1.784508168394147	-1.5863800510122024	-1.8961017299877407	0.5330305587394168	-1.3424597156425744	-1.966443426166621	-0.3259152072963507	0.30910293504716907	1.0614310007938355	-2.9300123350095255	2.359827728359598	3.3705967434460424	-1.9697018688289722	1.9907841669315254	0.02478442422298918	-1.3190179179997132	1.2257618841375106	1.1951489172682759	0.8700957555342952	0.394628095883111	-0.1417152713935988	-0.30324262560592996	-2.053422554261495	0.031734585544970516	-1.0309722412568547	1.036635989329597	0.6501257281913051	1.71783720672081	-0.18494073050196214	2.676202474487956	1.6262112134413371	1.2445110633296328	-0.17054058772880787	-1.769342922500367	-1.5079962100786009	1.61651710694725	0.29868942090181927	-0.9120847378008715	-0.612623819760667	-0.16627462917536062	-0.8573726492612916	-0.4027632728243978	-0.2640654159171548	-0.33166861941760695	-0.7696310436686987	1.4374936042108941	0.04028029672452868	-0.189107933187436	0.039376271343791305	0.5189898091087869	0.22237480148097774	0.30841809397489056	-1.467803636932789	0.43058664610441716	0.3584529131777233	0.2031857190207444	-0.15962997622262912	2.667081272827521	1.8334136869228206	1.142363920714629	-1.7207945140854874	0.6730945860526211	-2.0598632093264793	-0.16327664901430688	0.7228875148811281	-1.6148998676025739	-0.060440272803096544	-0.4014907765359975	-0.08302600887742843	-0.7671549007966416	-1.041347044850761	0.1520145948122592	0.504835612574873	1.734201014421762	0.7704139631063139	1.101841042611201	-0.3220484588000497	-1.0328744640970555	1.7720439783373683	-0.20889071133298046	0.02737830414834862	-0.07071094597707896	-0.4314147833451444	0.8025302855419246	-0.14872897300888943	0.4708455037177393	-1.2074700447291178	1.3473580690371794	0.3470475382146593	0.20899440961043084
DTXSID9047338	-2.284401892732225	6.183831043571967	-14.199709331378678	-0.47617990706782787	-6.772558259029894	1.6344784697646493	-3.4873659136923667	1.8183069627906188	5.26196616008211	-0.14972198159326935	0.1786789910639582	0.3272624963407248	1.2322181321101098	-0.963673827000547	0.4238463334088039	-3.6317346354158726	2.1488782545747553	2.0850545080224374	-1.3968146064551779	-2.897952719662212	-2.0145617005042458	-2.619278911703099	-3.3841404678090763	2.3801123657308216	-1.1802864458079634	0.12632198902343447	0.5450391501394007	2.58163975853987	2.8664920439236505	1.115154923815928	2.1178037770907343	-1.8979307150459674	-3.4149371842248346	2.0420244370381444	0.14910849328928424	-2.2322765851002533	-3.815504345977506	-3.8539152647764974	-0.31604109842602884	-2.2344385750805937	-1.0944223274396463	-1.5155147715438302	-1.4069123513873478	-0.8393805835522945	1.601788678475203	0.19491681038518294	0.8670711354097814	-0.6074351975706411	0.9485564461030067	-3.0581245569449784	0.05365748607250692	-1.8409512942245838	-2.0833519268012126	-3.2731252794110337	1.1502801893212693	0.7063708814635302	2.300852964839599	0.5158467831216643	-2.1722365229205334	-0.11229312625299234	0.9522096613910144	0.3504242324833187	-0.8291802142803592	2.642208776427776	-0.060629249526231443	-2.113008141005639	1.1772142850863585	1.3953165027967311	0.09915062521333227	-0.531328400268719	-0.01792775110108751	-0.5989886047814748	0.6313939852027095	-0.22459057021659126	0.7402835586680855	-0.0725785411420472	1.774270918966351	1.560141060030033	-0.7525289005068032	0.6721895731192946	-0.8135901169642992	0.10948461676809317	-0.9134828877490773	-0.4564735984038632	0.6793855720752981	0.9529543110972774	2.8096625035609115	-0.22958871934678493	-0.9291954826808632	2.1458024734243626	-1.1294223049282315	-1.3968574030031873	-1.0885550966845983	0.46300723072879346	0.6964162430588552	-1.7760831582930026	-1.1002562810162693	-0.9698884878443337	-0.25406320538893723	-0.8465585513574263
DTXSID9047334	-18.4894302851377	-3.1663312057686475	-4.860634927561024	-4.462470372947605	-1.2383075298795163	-1.0770678629763542	0.5165302947872908	8.140002194359834	2.4574365538486145	-0.13309350797524844	-0.8325301751771228	-4.1562853167956515	-0.5409355187749746	-1.8263011096496164	3.350833550542597	-1.7447269346844076	-1.2321992469036454	2.550570095385244	-4.036348599613207	-1.2216873484959696	-0.14373248087230978	0.8912107129134893	4.589387531694821	0.0584502170290987	-1.3063934042328702	-1.836793231892007	2.789845666852675	-1.406202842955406	-0.03803581262614677	-0.04577458605653442	-0.659333741573555	-2.2989165353025065	1.9214999349796775	-1.3062648250644153	-0.719499526924942	0.4714503632186196	0.9545039481967769	-0.5131900832407791	0.8786029480404701	0.3892759568614821	-0.3028294099925495	1.931821599796124	0.41850370114164714	-2.9673136601338244	-1.39467079445715	-1.5521087658466548	0.5868202181117715	0.9153634257901546	0.8810123885144944	-1.3469635830803017	0.8329402827830982	-2.3146917274461574	0.375521974445985	-1.4706542008887045	-0.5197026392067765	-0.6362058606809624	0.06700804630213308	-0.17232896978999898	1.2166327086314936	1.8217754834364293	-0.44969825435087524	0.44029824853137406	0.23743853922874514	1.251888762051066	1.688921447024689	-0.6912021929570363	-0.31840753253107495	0.24953386057154256	-2.6117918404410627	1.0236944767407348	-1.2846731406317504	0.4729960758040721	-1.8576772754628506	0.5409379716753103	0.8510372999372401	0.2833243596419659	0.7677442425022113	0.9373180060164747	-0.15858593708941038	-0.32468108772884235	-1.8695516446754517	-0.15821511135471122	-1.343745790839128	0.5050968934692397	-0.20500489871039992	0.7006083326410161	1.037357745802831	-0.03599465125324385	-0.6489347551227341	-0.5630043147068337	0.48231584287090745	1.0714758984373445	0.03615928720226957	-0.7025882405995187	-1.1510964388138318	-1.2539923193538833	-1.3390215003612802	-2.5169204418040567	-1.2140660591369588	0.20725961873573567
DTXSID9048510	-19.551561809568074	6.553614504250458	-2.332299253405562	2.1698181996481254	10.494578401327715	-1.1113037133459216	3.012334005588724	-0.6903708932161474	-4.1316404745162885	1.8318091765229023	-4.793698937267964	1.1377075123191658	1.6937552690958104	-0.6097155708523995	2.120447947577542	-1.0154455725079363	1.6726465405489017	-1.7034714141036982	2.2931455217186065	-1.8417871452120755	-1.4369131322913127	-1.3107930658548932	-0.3133540610949918	-2.6920960052566176	3.1873424972303717	-4.075168703367998	0.586848307636152	-1.0936125758807962	-0.05375312972766757	-1.5590129194017026	0.9922044013999757	1.401021100376231	-0.5063130256221047	-2.126844912019705	-1.050554698054925	0.07933506021606622	2.313350987511679	2.0023083405429127	0.4205900336933946	-2.463202147758551	-1.019531308989256	2.5573028095932706	-0.6007543793016367	1.6869716899280216	0.45684996236784325	-0.9529762177971665	1.57777478675415	2.1597836036183526	0.8687093851986687	-2.051789172876878	-0.6610410163848882	2.302305243120322	-0.4686415587238929	-0.519225159552276	-0.3460920168627444	0.010414847929188994	-2.5014106710619846	0.6847626434492579	1.721802848296352	-0.391658341015976	-0.37711823858387183	-1.529360957176244	-2.4507482846048	-0.4402069506551508	0.014081057684356031	-1.1430500708852493	0.7531259359333488	-0.8224408259721671	0.8625742858338714	-1.7581485996555433	0.38605727537560436	0.16845236036949596	-0.6004209925112431	-0.7746851040727882	1.3553321548602009	-0.23074033400303756	-1.9366129752241377	-0.4215506997561857	-0.8430290787832909	0.28033983921498107	0.8037353678193424	-0.8449357714920873	-0.232803832175331	-2.4612507255978637	0.8375916828983468	-0.8200428990127574	1.164991753610198	1.5177580507993178	0.35870948387461454	0.6921070901465566	-0.30464364519581144	0.2696165355209691	-0.30594773414696236	0.2962936908532344	0.8369832482682773	0.49009209357261213	0.8699172612809797	0.2781712919332688	-1.9273322214106312	1.249326513858635
DTXSID9048514	-16.811756566107228	7.001671025733447	5.471677662850148	-1.0939148957855638	-2.046960007655363	0.10415604423867762	3.944180861269155	1.1949371274482963	-1.7319360363162166	1.716457739319452	5.848600680784166	1.8440946739996862	3.9412374567020074	-0.6405671438199679	1.9832115702612072	2.2992050893540634	-3.0994782795334315	1.8118700150871907	-1.9573703619327119	2.1649018378027765	-0.0600762535375947	0.43990193359238217	4.31563361943239	2.1629284092637127	0.5379496285691188	1.1432925918596422	2.484479034808458	0.4751931092645474	0.4652728830840204	1.0131690185109252	1.3998342578453018	-0.8758904282583857	-0.30952486425064407	-0.23241478845448504	1.3397960831521822	-0.9150858017252816	1.5912583574195356	-0.8555165661485415	-1.025583585556413	0.49493163445219474	0.14923092586448516	-0.21109331796947328	-0.6305090922551639	-0.5452776076904362	2.3405759910063075	1.9970078674243754	-0.5482135580217765	-1.3386600486817197	-0.13945745116626307	2.7526743639016136	-0.2137385708191626	-0.6383393578587961	-2.157484045341858	1.5686088178257998	0.8840606919037937	-0.04555965300912218	0.9098247815646835	0.6112382110865394	0.9606164206726124	-0.6985913407812026	-0.3957913729039933	0.7959787719712497	-0.45320387574568416	0.19281905695462007	-2.2403923139935014	3.373115877705922	-0.3350141584879665	1.5328490219869857	-0.9306982590618534	-2.775919152381195	3.226478442581546	-0.9459332102105898	0.03162285586829581	1.1355257079489354	-0.47633035185000205	0.4963006171129629	-0.30015821442376894	-0.8288257518269355	-1.217370703312842	1.572083190711508	-0.33000111912380237	0.9310186271341855	-0.7020713025267894	0.014943769140367786	-0.04786579283941625	-0.725518324311434	0.12400712039537902	-0.31265563964482873	1.0480332137599322	0.8526846000181031	-0.935378776796268	0.29439688077760406	1.7583649137952264	-0.2537348266404898	0.18357638731806022	-0.31501823608331514	-0.14620854988693371	-1.5520313170764544	0.27226682432606375	-2.002817641547188
DTXSID0020573	-13.423003965826126	-25.93294221171363	-2.964558273243399	-5.051170642220518	-7.52944792468282	0.5794930295268865	-0.9850581298632471	-1.7257216713385835	1.4077886301473894	-3.0603857347414722	-1.7534810745373177	2.876417628260861	-2.0801573540514773	-0.6561839636187667	-0.27079796572382603	-0.030824508591915063	0.3058268715541963	1.8824821922426291	0.02311541338947629	-2.4371262855583358	0.023613148779570173	0.37057734524762087	0.08408410116847008	0.1259094117477349	0.3532658849915715	0.4652626088238089	1.8392446432892915	-0.3916982836877236	-1.404557964766783	-1.0077173655792486	-0.025392921991968298	1.197716034015294	1.3118465490947315	-1.36310758114347	1.6282368455095506	0.1996492637944208	0.2449969182792017	-0.5502531016186807	-0.4194388494169505	0.06822112764765623	0.44568239029044043	0.15052913626883252	-0.6462262195281107	0.43664291678132616	0.4044523784873503	-0.23435290689766364	0.3451234242116815	-0.02703046713268997	-0.7085165409807849	-0.6036472083269664	0.7804920277500671	-0.7649357485907365	-0.4843263338710869	1.1515740820772582	-0.029768203071843278	-0.0841871680062423	0.10277917509425	0.24942441534204837	0.41234418083093693	-0.4661140351966997	-0.15769976729350813	0.5214086468213044	-0.02021194590185932	0.23312717018641935	0.2510652076398639	0.6846404987381899	-1.0438424786801368	0.5985477117096892	-0.8924798604054186	-1.0798311789291295	-0.18546874351898524	0.6153745520157055	-0.05141137313339513	-0.19587231908099184	0.45957067204947144	0.1298331166177814	-0.4129928842561122	0.16840742063170555	-0.5719620682266847	0.5472806390929403	-0.12080605345119369	0.14375434248990882	-0.5594059187986071	0.10436255823340493	0.30119299164399715	0.2464759779393187	0.37679330054644816	-0.10761451396358467	0.21583367511258822	-0.1716260632903855	-0.16748529420006525	-0.4705628017502227	0.26517382397299083	-0.3058143747225256	-0.7990298669134052	-0.031120735109145085	0.5922927872391011	-0.5275080519705776	-0.1460070161185721	0.1683480721166085
DTXSID0020943	16.854030156295472	6.0733230067541655	11.40332348784257	-15.425459194866384	0.15060617838619475	-0.7929378323474977	6.211730282501243	-0.14092847010363355	-2.2293658702040777	-2.9434041239159563	1.6260906360265104	-2.568382215398856	0.44041499513283366	0.6393843631793011	0.7328018420513931	0.09867814018787656	0.34551695870705923	1.0154510883850831	3.5664143262862886	-0.4944937298483415	1.471259091156552	-0.2677976773272208	0.26257025215418683	-0.9168085275214329	-0.33134327160367927	0.06501200346178222	0.2630001840714433	1.3641116715770554	0.427706875938743	-0.6600464910342748	0.06427889450184843	-0.22546891574637942	0.3189531380580117	0.8943150155509267	-0.969066500116829	-0.139240457838521	0.050793611172551344	0.8421009628134126	-0.47070198099448185	1.0039560843705375	0.9119930550283699	-0.04612642888362385	0.168715355852217	1.0679735319439234	0.2701378793157987	-0.21294725019038743	-1.3403845067085864	-0.996382310019245	-1.2070588078479763	-0.12964862440802624	0.10704282733281849	0.6810960921348161	0.6262502233268359	0.25109213119450713	0.11682065436973864	-0.7104137363271508	-0.45278797654572006	-0.09095599086541847	-0.09563646889822479	0.06590926955713763	1.2241490180280543	0.34479584358163723	0.13345752915394365	1.0633647049556356	-0.4994724194200266	0.3738921462650106	0.7141786901116216	-0.710917536428441	0.5080643966476429	0.7862953875242228	-0.24228809040506172	0.14854342304581347	-0.5048882628936919	-0.019848601795591943	0.1857346121284342	0.004491112187225535	-0.4721578310380273	-0.02665768985698045	-0.09730679621677374	1.2710783226440596	0.5527670152760155	0.47251751589632235	0.2965598986866286	-0.08026175877253347	0.5372445145400878	-0.034933534518103854	-0.7324831143034288	0.02648929480297902	-0.6620023024689031	0.3557932001727837	-0.025809505874590116	-0.1982676182523428	-0.31709034399269276	-0.06019289029438046	-0.4569137097420488	-0.3150598850482839	0.15525795250897817	-1.0804222901989804	-0.5374971453280375	-0.5528140941831283
DTXSID0021094	16.880328683286535	-2.352677881341227	-10.106582433730317	1.7682738151371091	3.2852707994296857	-4.209639561042515	0.7621775135298964	4.9938723461834424	2.8888904418750947	-1.087381743260167	-2.691671487664582	0.8323857906489376	-1.4691965037584767	0.02460897234204688	-1.065677979960305	-1.4363993069169751	-2.8539888586482176	0.7312004285724861	1.1283205829537377	-0.4086976571610526	-1.5034877968437215	-0.8150640792682778	1.1324663835132291	2.6666671916117424	0.0438187351023023	-0.6152222171233547	0.5099189508826613	-1.2108645671041993	0.7020087952504246	1.9613635894999528	1.5174554562500817	1.481690502207479	-0.2924363699041051	1.63992824060051	-0.9946492715145465	-1.1715261080198933	-0.3253584592022327	0.6844492442643727	1.3390689989926763	-1.2588637721531573	0.6830143056764372	0.7544146652358146	0.11212805270601835	0.0964326438011108	-1.21512369744167	0.13185360432056295	1.6666611110673015	-0.9149146982179889	0.0982650581840414	-0.34650572267986696	-1.2641823735533242	-1.1653794272400404	-0.3451206178523254	1.9121070521081875	1.3722521446627014	-0.6449370195509045	1.740759092015861	0.47476485043451866	-0.37802390520840656	-0.1240429732308603	-0.2180526976889521	-0.2156009727977926	-0.39814647602134395	-0.450108914400456	1.346659711851415	0.5351618657844632	-0.7423943551338139	1.7394799133773207	-1.0375802795265638	0.6222063571148275	0.3367455906621423	0.3194686367082957	1.470480202938239	-0.37521651001698303	0.6285384670006474	0.48804856328552104	-0.5642952006422676	-0.5816512076067528	0.7420456896224946	0.5152786921081997	0.5850289529606291	-2.093367945606132	1.0428889263565877	0.6770841099500734	0.1735004889945774	-0.17291173107961114	0.4088633618174535	-0.9996164583550416	-0.5423773879569621	0.15113154200250492	0.2584824027543954	1.25167728899335	0.1600690688267553	0.02391935609901613	0.09941926658781558	-0.04514103160786525	-0.08070353553256564	-0.44135740060278983	0.02018692978393372	-0.6095206407918097
DTXSID0023907	5.079129966271226	3.0482921949000352	-16.091078118559533	0.05723522833099227	-0.9479658638167381	-0.007667939896214458	0.34192348177884735	6.361612979826296	1.7281582156712725	-5.881547882719923	1.9523294819653827	-1.4964986537366562	-1.0941102414396333	1.67286825188765	0.04443700109088311	-1.9607497254949338	1.1157603121460555	1.59030369796632	-0.9891506215585197	-4.121115203481175	-0.807886610030865	3.247122226619516	0.8666501690480507	0.19546768195166447	2.2095524092155374	-1.6453489057052466	0.9132771972826425	-1.0289957131521656	0.7234036651545861	-0.7615372115446143	0.6926789287384064	1.6138807834199527	-1.076594979456996	-0.08761951694886365	-0.9874621236405647	0.6172776134977493	-0.31283577919114536	-0.3323261713718965	2.0017045367058026	0.24507642816176473	-0.030452751151468026	0.21146430021400853	-1.3203530664866303	-1.9888512005236332	1.9178598988104456	0.6212196822586732	-0.7312604748895943	-0.052545756607586536	-0.1161766656259735	-0.5574344542248272	1.7264207805071137	-0.04579779814864507	1.6657261919659634	-0.44667787203752557	1.1234079983127954	0.094692687099678	-0.4224521646897477	-0.23682889436239316	-1.5460543015035164	1.450593645356181	1.505532155592902	-0.14797909996480757	1.9851728746240636	0.6070864945441237	-1.0309105189885672	0.6921313619894697	0.6492658407602717	-0.6463369606157566	-0.11584160288692652	-1.2852281129987846	0.6364192695190897	-0.36953324329505677	-0.7681416466505817	0.19578724557797997	-0.22239386041707998	1.2197535831617352	0.7461043288881157	-0.5559492019700398	-0.8011255313809004	0.141481116164716	0.6582843000731489	0.07358314603379024	-1.2914199574957157	0.24170869440505133	0.7528924095982735	2.253468768627301	-0.08528053303494314	-0.4965965003710577	1.4717842946496735	-0.9907828367325174	0.6829038788559558	0.6368563129292251	0.3434027604818931	-0.9255766151992936	1.0908039748884488	0.6910737122465116	0.5042284438196596	1.808036058406141	-0.6472311690671998	0.5163459720537992
DTXSID0038700	15.152241489181552	8.891802704333223	11.089814502978712	-12.737946551339519	0.6552341445151442	0.3614511628394107	5.913268768766812	1.1665230040124699	-0.7726508066853441	-4.162356683199875	0.397103702779957	-0.8660932591563522	0.29335546724871214	-0.1399712044817755	-0.44201893068316495	0.22323678055930554	1.994777445294577	1.0498053424496996	2.5949273966713973	1.5456446902330625	2.767143070675207	-1.7682421045497614	0.5239326878360956	-0.8937130433383901	0.5009364672744651	-0.08780131262065442	-0.21075357723882848	1.2025773624547682	-0.3814446807412769	-0.20507984768712562	0.48092042949183195	-0.292845584308978	0.15813723400703533	-0.5487045826063633	-0.2731835610144162	0.3441509991286368	0.7383268130959879	0.2761218262963205	1.0113901106307963	0.19250590664935457	0.7960031538294206	0.9039457111616113	-0.04561803122170875	-0.1229963961210182	0.6556009936260786	-0.37477043074856387	-0.5262638472766262	-0.5330282827755596	-1.0174096255800968	0.14158109355743037	-0.5008588433649025	-0.9460823287477355	0.9012556262708346	0.45052075819774096	-0.14819696529102658	-0.25971927472522466	-0.15994053605845965	-0.12523895255471798	0.5710939489661138	0.1534067203599754	0.5408247667649274	0.4294344016609352	-0.1318443814642814	0.5149033724117544	-0.7623128212361437	0.12764613880906567	-0.3605592968412653	-0.510337777386865	0.8364527613614813	-0.6891817501691079	-0.11898019312180051	-0.9185139018888419	-0.685793323426644	0.09246670610804436	-0.32175009761784257	0.1784049252056274	0.2824123028064261	-0.12594733815017145	0.13986050595569033	0.4350759144586877	0.17697692160453546	0.1857794209141922	0.45519007335412465	0.4485103989380142	0.39335880904774767	-0.20204287327571033	-0.7493781668805579	0.7385438028725937	-0.5598281965777753	0.20976720331646678	-0.4184862732331168	0.019392908487298563	-0.3692116051902624	0.05993265606668043	-0.2709723103541072	0.19464903896703406	-0.16655620551790512	-0.39658629712946064	-0.49825651142271404	0.09807668051336042
DTXSID0051493	23.252546500906107	-5.868159496529403	-3.1858964412519226	-4.873890361555819	6.358566540649484	-2.1973059232859518	-1.4440138267483813	2.4778564252162276	0.4650308574262332	1.6679563720758597	0.3085291256993391	1.5141748514503621	-0.5988602169915255	1.779082146946864	0.5875116553571076	-1.6697415008613885	0.20687766535318036	-0.6139118188651103	0.07032514100215422	1.2943377538037	-1.1479484113566611	-1.5802215681659264	1.968732854799845	0.3376371574918526	-0.47175516351887503	1.2099164529593431	-1.0490325274568837	-0.013712422779727493	0.754397034024028	0.879851060096445	-0.2302010768963922	0.1860762643603102	0.38700653540914176	-0.23762462011015695	2.1745521379623995	1.148728666212143	-0.49739405446595897	-0.7420154458423637	0.6288317172066565	0.493851570327949	-0.26832505875124474	1.7599168215564003	1.3320476848796474	-0.005249263083571483	-0.08104859090124547	-1.3654311312481298	0.79282578803546	-0.7180037098693507	0.5679356979141887	0.6816259752302273	-1.2069274912321852	-0.051830542305754304	-1.1841835311902162	0.25683890579970586	0.017221457084987703	-0.5498500310556271	-0.20442496749006028	-0.514848047856188	-0.4647550780122093	0.4354174304402548	-0.08290791968328375	-0.623482551675047	0.3383339122851107	0.8851601361246069	0.44782042625702917	-0.8146912891427923	-0.4332331891558737	0.7715659737958594	-0.0027930131232273606	-0.6143938251292579	-0.032108442906435324	0.6224863933766039	-1.8428252427342309	-0.122343601745238	0.8771249737437472	-0.6469240781620329	-0.6462030435658714	0.3088794308888843	0.2959977184915482	0.256863297760573	-0.0842494356202714	-0.2925844859989113	0.7139078099816125	0.6758569301408688	0.3440171809477465	0.6231921585843936	0.6329405306356989	-0.18179926257728474	-0.4314649279163027	-0.7289781537365482	0.33292900446832435	-0.012276006286039878	0.6318230546473419	1.195989432939101	-0.3654911271700819	-0.39196598719119913	0.06156108051819343	0.04337350127789148	0.3724458164483603	0.023629653996948212
DTXSID0051574	18.94371687770674	-15.352316014762525	3.242600732721863	0.7096614284532722	10.49821954533866	9.546382556779305	-3.4918421414662943	4.213804735226182	-0.5360868122873822	-2.140799736509408	4.055761233742982	-0.4226554134130581	0.12785303383083368	1.4265101807407485	0.10219604303084331	-1.1324727591164285	1.1169073557388556	0.35561424839849315	-2.415041410635804	1.2813016550112553	-0.17322847356757626	-3.5586283193756767	1.7373737541847878	-0.24466014009651688	1.7779933478033418	0.3244192250801382	-0.14043010755153407	0.5322562622964528	0.50333049127344	1.2612683586541997	1.496339547639427	0.5521461789452043	0.40413539323536374	-0.2413444426875496	0.4659714382833532	1.6626959484999504	0.13264424901259944	1.0354743614467425	-1.8588761018130555	0.5069781761415312	1.706228424651683	-0.11229873942247033	-0.27299955526330916	-0.6607577459936403	-0.9768797543427633	-0.15389429365546134	1.3993602945867085	-1.3064844660784072	-0.1926809387597559	-0.34409528341306733	0.5096388797269386	-0.19740674472887287	1.1724268710444385	-0.05766827616897825	0.1133721731894172	0.10919645062241819	-1.1062621473791874	0.518573271026877	1.1667844836026888	0.342798067111207	1.557856277198038	0.38761146697763543	-0.015705204912268178	-0.6967951309403858	-0.8440387626009492	-0.6408470608512608	0.692130646632607	-1.1045694842881983	0.29718115348053376	-1.0469435636285056	-0.5381820672479953	-0.05805611641119936	-1.0963004366370561	1.1842734989195498	0.8162215826506628	-0.6963616609944501	0.40158057567848887	0.09890124549803517	0.38883800107483335	0.3326786567133507	-0.20233810663022553	0.6545591932936863	0.5170173390891732	0.818497531726377	0.4025578444573042	0.22627972370635316	0.7940654791125877	0.3625626192526557	0.174794435148122	-0.1946204839841687	-0.3125093209470894	0.36504979419800065	-0.21835664523934753	0.10743929053521473	0.47545606472531565	-0.7089728657839462	-0.13911006463363268	0.5256274446440075	0.5077069992898271	-0.09573415016281821
DTXSID0051782	23.37943508108291	-8.427246713676006	-3.73307355782343	-4.740842756850871	4.336985393591661	-1.2098856500293214	-0.9264900463889535	0.44896173975152454	-1.1021493183742708	3.9843824387524296	-1.1347394782613403	0.419090379470637	0.4036259117404442	1.3697805140467685	0.8414582316425523	-1.2832392026728707	0.5036432289916726	-0.06479058726234803	-0.17672636208744633	-0.32656461264654046	0.9841898337044954	-0.8938756520576971	1.0017082946622191	-0.19789397591122226	-1.301304488367943	0.5671605737670292	-0.9605243562512167	0.2482442027374802	-0.06093408508174449	0.500769190184772	1.3906503303199131	-1.4123324359724292	-0.5112641200307677	0.0815981541885114	0.46689647253270816	0.372670837077601	-1.3595610882288272	-0.2086328889360717	-0.22786884662121965	-0.27058293089340785	-1.1187107377682022	0.26712241051546964	0.8017006664758388	-0.28028729221347737	-0.4151398480953041	-0.7029214070172273	0.5574958504532431	0.48040789669530526	0.7677913562497937	-0.1349294781445875	-1.1571676063047172	-0.08179058142677138	-1.0773254800737844	-0.325981304186895	0.007250677169236188	0.21767151150301767	0.3518326646075345	-0.15855518601866733	-1.607107681845235	0.1942606266903147	-0.14866755742885032	0.10322037562737545	-1.0238376777664344	0.07054574771344355	-0.0707586790800723	-0.6992042507751636	-0.20053406384035533	0.26474335864425674	0.05006035654501204	0.7318165470531143	0.32803305534632177	0.3115603803804144	-1.4818459301313793	-0.02225124937564493	0.14861809249784752	0.34149358066317437	-0.7984218404613086	0.42376016624448787	-1.6136629530605506	-0.6315475689106375	0.6053548131217097	0.10090476620933331	0.7138577812405222	0.07062707566901705	0.39544199084611337	0.19520285110935373	0.6383323871268384	-0.1979977995483208	-0.07809301743709907	1.3861408811543119	0.9665746482998601	-1.114180362010677	0.8727142495062422	0.13562384008868883	0.10854423701002519	-0.16201163800670954	0.8812453185096004	-0.8420592391396027	0.3696667413630416	-0.20157070238837566
DTXSID1020350	23.70516574716146	-7.617814866457061	-1.5201596221812643	-2.6194374358555597	6.909004515669459	-0.3123858535372286	-0.26637675299620606	-0.8887226052440298	-3.042991745618629	0.8107553606699501	-1.4991698402734688	-0.3641155300474491	1.858616343032694	-0.355265115342203	0.8166437889284186	0.7854639782152341	-0.9023971789554923	2.0183865977021593	0.10513945845748815	2.210774431174903	1.8617603363746347	-0.3350228192771073	1.2937848905215057	1.6169090846261853	-0.649144891141709	0.43055280256682327	-0.1354740962897325	0.8170470718701277	-0.17991783929330588	-0.1653639051103402	0.5979848528825836	-0.29634694760004543	1.4119289441242107	-0.8511247249902353	2.233475231289456	1.033770999526283	0.8548557830728164	0.4185755954693381	-0.3647826211203136	0.7337369721402854	-0.06317810504983426	0.2011785743031993	-0.04648621664787557	0.4830211510724795	-0.24888830899511274	-0.08004654221062824	-0.21279237030756984	-0.9184076283286879	0.0006841425045194168	0.2735386106461762	0.9346778792610799	0.279450915389361	-0.30018111202987363	0.18750425621305583	0.3148720299808879	-0.1119700109037514	-0.27360571307977616	0.6181128113486911	0.18734583639089455	0.15638735873303858	1.4035457151307278	0.17949547971229682	0.8573875017100023	0.8449136760547307	-0.15632039825519412	-1.1644431279506815	0.55509181619624	-0.019381749485230294	0.8648290421127299	0.4363833427589832	-0.19374596493608542	0.1519134675363984	-0.1323618258834024	-0.7621710536502548	0.6529277296552182	0.3857713175036932	1.0172051668821316	0.7828049008712191	-0.27901406115018085	-1.0983232243701049	-0.31516753560189764	0.12826360301818213	1.656307271080687	-0.15086254875786603	-0.013151051245938765	-0.20730690894857526	0.04714289958201608	-0.14357773997795803	-0.2516073335393557	0.3666865298904507	1.0515088280668328	-0.288492813672953	0.12057530727431101	1.2668476206213966	-0.3804550351105296	-0.12276138943147077	0.11300993364854546	-0.43699173151799836	-0.7882556915302754	-0.20810475735834608
DTXSID1020510	16.02374160224656	-3.5117701853398824	-12.815824458048343	-0.6645974302608411	-0.762524958834015	-1.3197473076924064	3.502333435400374	1.45853562131363	-4.0435716076573085	-2.785850686999044	2.2715355924837235	-0.6030172639357317	3.440189437507795	-0.7837954938697477	1.415647639538438	0.10988812699730609	0.8080557640157255	2.523598761576401	-1.9005158005794025	-1.1309379313018864	-1.371211508337168	-0.0011993445476992013	-0.014388620276846974	2.296444031414704	-1.9115968872077957	-1.2853419004958433	-0.7914244040425971	1.687192094547703	0.6077490936329265	0.09839647631927584	0.8968912947100237	-0.8690138698355335	0.5150699246922864	-1.6244522689541703	-0.5643309842200122	-0.3098217678479222	0.46753716418384317	-1.4140779195522235	0.22802541408072385	1.2781224419027724	1.2191000784021144	-0.5645487121643694	0.0309395675353759	-1.6068752904231076	-0.16028170484237117	0.267306020586721	-0.030031596253732216	-0.959928931225667	-1.7053786634999817	0.969401647204267	1.1642815255015624	1.768939373528453	-0.38547273817458544	0.2102647878425145	0.8042631236330154	-0.1250390938373936	0.4732338217186816	-0.14777393191780702	-0.08397985098131337	-0.6034890039743316	0.75167342940844	-0.6797720235757445	0.597826196203023	-1.5092157971405769	0.4014881621986168	0.3415735952596391	-0.012821598716403686	-0.4416671164506673	0.2620272908684917	-0.024604713074518093	0.4909789191116872	-2.2832492147338272	-1.3287290079842342	-0.34434602703085126	-0.29617097371115897	0.24159681400988942	1.1447681464535986	0.7348929869093206	0.6817602539032961	0.4471351859729785	-0.3488948714629606	-0.4514979381184341	-0.4795682126426606	-0.7787423658133446	1.089252346418171	0.33347146408988276	-0.19861486811373122	0.1964122360290445	-0.047549186566222756	-0.6401955604621159	0.35834267102314843	0.2868937743534151	0.26321294331585243	0.3199841170977377	-0.11967885571533227	-0.691664528799082	0.07315114117128169	-0.15709646113969902	0.10348531392617696	0.3559345416499206
DTXSID1020485	-1.3167406179982448	11.768707809930412	-3.381527733020216	5.129574946149731	0.23714996111014142	2.744879090622677	-3.6213447029423746	3.4296359373384333	5.771972129355295	-2.8744642595428935	-3.8923924048523793	-2.1864070588944413	2.0590188087081103	-0.4020716259229809	-1.2769700881514285	0.06921902902218792	-2.1633227750221176	4.796407422597506	1.8650909248108456	0.09781001810499085	-0.15732970587278222	-1.1036802268682857	2.544290117226102	-0.3290634193280915	-1.3012917894562452	-1.114889754601326	-0.09357751498013916	0.4120479543626583	1.7108729884356153	0.6265455853168411	0.901934078233609	-0.6317165630361354	0.5969578599030149	-1.2828687343540786	1.1828698207433916	0.41945465498903545	0.2991782901524719	-0.3277683181133227	-0.01378531240963821	-1.301843041969847	-0.3224593404995536	-1.0392797987389777	0.04077698308041257	0.25012249526368674	-1.5604775888586475	-0.8837161929978439	0.8571136552339954	-0.06892632834585438	-0.5210536415030277	0.06817593683698518	0.8790561182732746	0.07806308228308538	-0.4900357348826751	1.5805208061775093	-0.370377527467235	-0.9924261498123172	-1.7027510616067756	0.7202252291328108	0.9749071194684403	-1.7488259316062504	-0.5331056964391957	-0.18267995464930542	1.9079348937380753	0.19914949006032515	-0.13643335347550353	1.7308911392438886	0.7851092221975623	0.577397485079248	0.9702179645136242	0.7604850253252476	0.8895721737760306	-0.43598284172735535	1.5348294244920235	0.334948780403535	0.43144873599915523	0.3994082633716621	-0.9085056357822274	-0.7367427572691407	0.4662800328347701	0.46329446499611493	-0.5982674601694695	-1.8837809958573348	0.6587167714024669	0.047907863932092065	-0.31919812697869776	-0.7776878850963821	0.3472356081040145	-0.6853433850410207	0.14127195277284477	-0.061027457714090926	-0.018899190815879607	-0.4489455098704742	0.036525862958032035	0.47124296369066065	-0.5615757700177475	0.5655733083163986	0.45922858939944045	0.10342432961736993	0.28391585029995264	0.24422623933975818
DTXSID1021166	-8.080463534962405	-11.783136277233998	0.7796205500558816	10.55329352999685	-0.21810457658896668	2.8646604883628544	2.2548316555753933	5.551937908994546	3.3641355683630367	-4.5880125454825285	2.57478543032036	1.6735275622421266	2.5641129990745917	-1.8467558210188548	0.4481673727988424	-1.4098630872742675	1.2821975440366453	1.1095109175238111	-0.5513435733225815	-0.9068236669854164	3.357003970894308	-0.48147758499744525	-2.705138152060874	-0.11244397074714922	1.4514458204130956	-1.2694076315994747	-0.18800832707037118	-0.08546221020105325	-3.2501963923739945	-0.007799313080180363	0.6644790776574769	0.8530977474652115	-3.1104571310311764	0.46124527806990334	-1.6291353196369136	0.9128153122432604	0.8523803749516983	-1.1846737873782625	-0.5289761306845481	1.0037880565850177	0.07235619961695658	-0.5998911091532891	-0.37486795569622866	-0.7138258118161616	0.42483585546359803	-1.6593193627836689	0.9690639349789957	-0.6412964607382023	0.0557804920992142	-0.72661847844422	-0.2978267716916266	0.7762287476122862	0.07269200309094814	0.5240343013155797	-0.3457413843217872	-0.9720110430808018	-1.9176477747553546	-1.069854338975949	-0.34534948947032157	-0.5472126214268449	-0.08577106063132582	1.0588363958708822	-1.0236908978312345	0.21458689664313904	1.097448676617654	0.8942333906688872	-1.4427979385159615	0.7270709358573139	-0.25432933520104367	1.6610693511908727	-1.7385927038968207	-2.199488128304331	-0.07229807168446747	-0.6147303356735069	-0.9457676458332237	-2.002577272076346	-1.6555057034124936	0.9421390568600783	-0.4977250364221204	-0.618800135338194	-1.1121299603402552	-0.8744151403513098	-0.4784846654369715	0.7103274047353098	0.6116612938166371	0.03911633626050283	0.1366901776292648	1.1831653279819743	-0.5224218885512656	0.6123547156931066	1.2163404266832176	-0.35394433995391783	-0.39279779773218015	0.23617044117289915	-0.979296438776733	-0.3642121116846873	-0.3042928564475137	0.21907520487097834	-0.3683107228855906	0.4648218035099961
DTXSID1022396	2.2692891477620214	1.3484785650045668	-7.174380588854918	8.025361412158734	-4.78867050116399	-3.1364026979752695	9.861110538803153	-2.6907588847477966	7.438013344041341	3.834546680801341	-6.041863195068553	-0.42552915799679814	0.4884806212599435	-0.23916940256608185	-2.9597581529331674	-3.120426137456682	1.311934364919628	-0.17086570641977625	1.9022509178302218	1.2364475203898222	1.1818275111106757	-1.4884848476818924	-1.9157133818068255	-0.26608218440049697	1.1720750474795925	1.829793206700951	-2.687200571685979	3.1148224063416494	-1.1997506259439432	1.7736287582379415	0.06574542555977025	-2.0967506227179777	0.778809290607869	-0.5207041231676883	-1.3037714829024916	-1.248723302457213	0.3718756745998063	0.7259658549517362	0.2615117530382177	0.3028984846763638	-1.7633643980259501	0.35680187640209604	-0.3137204618634281	0.7286850921301002	-0.7051504755271626	0.7991442893092201	-0.39301565619623685	-2.0714654228988945	0.06281303940422682	-2.2147035199189493	-0.8458363514714521	2.0904412783325954	0.4218474372408346	-1.3875513431435285	-1.432038935197135	0.5652627514779269	0.8715639359092621	0.551457673173036	2.3372035216227767	0.42971487025350863	-0.5872174654303612	0.2923722906915737	-1.416667309613303	1.9001508136973528	-0.9033982688386905	0.7379570503448746	-2.1203492914209594	0.08706584078200665	1.1347385473689209	-0.8343252682073473	-0.5160012129785301	0.08600031907342652	-1.2788498557861683	-0.14701773219997338	-0.42858514984908047	-0.5151558896721802	0.03586227975679459	0.1635376286407795	-0.8367470295337296	0.7121162286351416	-0.5109856465716146	-0.7549988180540586	-0.7284070769199096	0.03884982388018271	0.3401996740369874	-1.0288387375453976	0.5886010999925388	0.3715441766442024	-0.008552385563986324	0.8842352482432937	0.7842768590802811	-0.5855064195087499	0.5078180820818906	-0.053484539034905854	1.1605426734771296	0.5362325697353795	-0.4974556302607569	-0.1716459940176607	1.1560511399493794	-0.11588551409356128
DTXSID1022394	-0.8854092031320525	3.6364793516791094	-1.558888293474582	7.322401835834432	-1.9537746909663543	-5.537356572430833	11.230034484203902	-1.0929224354634892	6.969655059713377	1.8049098297392956	-5.8619946909420335	-0.333995393398362	0.9435061455664007	3.1039626463762855	-5.814343081168914	-2.989693074293171	-2.284491033585488	3.8076851098696336	1.4794374202152039	0.12853821815394556	1.7825891780685006	-0.2253363055851455	-1.0251250666506628	0.577797681795687	2.8522023701991586	2.8444558574366985	-0.8417097261436877	2.9698577631928265	-1.6612616285877553	0.6835276684788398	2.385386872429006	-1.307151850956801	0.1641161938294315	0.2192683849838359	2.0168025237324465	0.8486120999004179	-0.026338397080554705	1.7854274423509646	-0.7095076277428302	1.34636831304553	0.541187242321843	-0.01541456590007929	-0.04937109755372897	1.4270745404097918	0.39138705154114173	-0.8388852073668503	-1.2071669162671803	-0.6160686005548156	-0.7476023135353456	1.1617267318081528	0.35945931566178874	1.4147495734522022	-0.40716636336001677	-0.4094313298959202	-0.016184703457157255	-0.2758515490519283	0.619036559333912	-2.213590939756912	-0.2517126006703314	0.8984918328373214	1.1457358553262975	-1.3260214013944425	0.8265675578370593	0.2949397683605133	-0.2260903914995643	1.041287617984977	-0.36429752769911977	0.4258555318755492	0.679624123118263	1.1216725364765934	-1.5715762544987006	0.09204780111269546	-1.2749967644493385	-0.550169919677751	-2.108184090192051	0.8706602828884528	1.834165172755844	0.16786037376879484	0.00496029199133486	0.47408644781108406	1.4055640296059397	0.8205854426605824	-1.7494659465313707	-0.6595922722898651	0.15070868348615055	-1.138882457994745	-0.8465319865622504	0.6250641263153909	-0.29365158898696353	-0.7571692279240078	0.7164360420612768	0.3886324061266676	2.058494731627539	1.006765625522663	-0.6983393757568701	1.2698912390038963	0.2882986400627778	-0.02400304739827132	0.8853282958296192	0.1752073824393732
DTXSID1023817	17.81605545839184	-0.06922663425417733	-8.964181103604583	-2.244891255925044	-0.3030044180001244	-6.082129426582988	-4.225007305862997	-0.9643647498727331	0.9510344424533343	-0.7599505983429197	1.6998905802598732	1.2829526544985979	1.9993971164623652	-5.2817189288915	-0.05745182739741103	0.5708751414666338	-1.1645707287933769	-1.7550720803568844	-1.4632666167480939	0.19441928181522536	-1.533309294316713	0.3830564244939051	-0.9351651287780512	1.561178367719783	-2.316777335509902	0.5037300202486344	-2.4673358133735532	-1.1907377086604773	1.5289414994580293	-2.040426945443559	0.26674560079115656	-0.32100463519840755	-1.1328977202625414	0.7768871283325505	0.3898714121463431	-0.029397444649272502	-2.202437660357254	-0.061283499474131316	-0.1608042531111063	-1.6358710646196548	0.25489131014094935	3.017110456689663	-1.2097690789353872	0.960780305920591	-0.542660141922295	-0.013476554477013184	-0.843300805045898	0.22505457753270214	-0.030864907503040946	-0.3375943845329107	-0.26697020600017113	-1.0632299332213342	-1.3155330816982698	-0.36900265933651805	1.1300123675697782	0.06212564455921839	-0.5513547083468369	-0.8761692869005027	-1.0069775218356398	-0.3005356199035111	0.5032220745842841	0.3235798035581689	-0.5511739122986317	0.06809466008225448	0.8513343848578654	1.0513890727860509	-0.36419466613728535	0.5104550365780766	-1.2819043005108133	-0.5222827910002547	-0.18233081431327886	0.49142122944359834	-0.5503615404913583	-1.2360441359156593	0.8258123295083345	-0.435606704699381	0.9750273709711839	-0.26795050504803924	-1.1658614145805004	-0.1387217998351105	-0.017754938819272256	-0.4920595567393499	0.9085199489882168	-0.04310914580846484	-0.35509274040412053	-0.8263936010887021	-0.21022426399177077	0.453704832235845	-0.3032199179237615	0.8879783065785761	0.2196675713601028	0.5664541212922676	-0.09960360073957336	-0.2909170739714681	0.3627275915949508	-0.3004767997107245	-0.17551440675776214	0.615085877056409	0.13541655807489075	0.3442866791866982
DTXSID1023869	11.981375841528056	3.7625961330962787	3.808099081291584	4.777822410856032	2.7539065319472074	-2.199693919925042	-8.048035078540423	10.311808310376108	-5.262456456784134	-3.3813867054785236	-3.0833855130234484	0.11722337556220154	-2.747836407619821	1.2042931727553443	-2.8084896873765817	0.7665811707982384	-0.766463249333253	1.4853002060741685	1.3481607539822966	-1.2252377648536692	-0.7424311933331246	0.2132057175897925	1.1549934910974926	-1.8821996306586182	-0.7392458818165527	-1.5782612640119578	0.6604676614889164	1.3209523914768246	-0.9949725220231673	0.6208000183483141	0.1868550491529667	-0.6407564627036624	-0.8263687093834583	-1.955589949052603	-0.8925127181829211	0.539716872843598	0.8704371016408835	0.8558459009200116	0.0606063782196663	0.6669443889403492	-0.36474891505997536	-1.2285686367628772	-0.010341293307143461	-0.560653805268092	0.8951391676915074	0.4285146942807776	0.23980073761078322	0.3189560212546888	0.027459412462842885	-0.5852739443190604	-1.094719352771636	-0.17318458048345167	0.907458359338575	-0.5232620252965308	0.4256209981973949	-0.45905334626217725	0.6297828527428876	-0.6913025515649348	0.7354728249865328	0.14759273696088018	-0.4373294626701864	-0.13813959805992415	1.1788461106181714	-0.28792353066750875	-0.18520329896072488	0.6729484008008587	-0.187147991240553	-0.04580285539133949	1.4541718605095535	-1.5381102538765068	0.5721859758168841	-0.16665065755346276	-0.10414933289052056	-0.2620718341774027	-0.2615536990282258	-0.573342792618893	-0.06359932697686657	-0.016106121736902547	-0.8297282467025572	-0.6745333893452123	0.5939952580200771	0.994422087406336	-0.04804696215985975	-0.46893427478814637	-0.7988250254726315	0.2645598791002135	-0.3752171818074052	1.1487570335706045	-0.5467009824925869	-0.6416394350749087	-0.16401219474981216	-0.38603688861554575	1.3080669275471548	-0.3895088749511315	-0.2455112727631092	-0.006353165867974265	-0.2907928948172758	1.1126477024911756	0.8976268367312595	-0.5910207352999459
DTXSID1026792	23.491202701843854	-7.792647151086187	-4.214404298930676	-3.7533885013399306	7.75452951298509	-1.799583693911971	-1.3501015516181387	0.8766191112058164	-0.5156011501674754	1.3713028987772973	-0.16756557474650532	1.5209396555710033	-0.014015448682018915	1.0520128751885347	0.3527091962956735	0.8718500364925456	-0.45856654029315724	1.1638599020493874	-1.3112797865444008	0.5253918304753066	-0.5131924375424403	-0.6350906609817868	1.2941431153201537	0.015278741713016086	-0.03669950467127789	0.7318679550205203	0.365475150924809	-0.3118922537924896	-0.15295748610656693	1.7425335908450494	-0.5421580656610467	1.0857015175963787	-0.2118610309800723	0.15749230223278105	0.209079601321675	-0.170845705503507	-0.8555855459572422	0.4659571267093973	0.30537281372386876	-0.6373667586219761	-1.1528413180773562	-0.013286444327821622	1.3458725745752056	0.8549259186416652	0.384658158383181	0.0015155707662839152	1.5110398244179677	-0.5458734690616804	1.4840779964076285	-0.5300120877026565	-0.6267875942600404	-0.7520811784404807	0.3154489457639176	1.3759373225143132	-0.21763387783736834	0.29529417670205627	0.47032262450258916	-0.3785389060240095	-0.6938345651184731	-0.33723900728495554	0.18279126958376726	-0.6812568898865179	1.1623630860284604	0.4526628959245625	0.3558311097604792	0.43982240516154963	-0.4015032168075674	0.9193501514719656	1.086894383899966	-0.6727795317207576	-0.3817296330618473	-0.9748418251862891	-0.3630060278188688	-0.21196007405012746	0.1600491440103935	0.36877970429359874	0.16510293658609126	-0.026551911868814206	-0.5261039689161737	1.0119939981953006	-0.7440262140213807	-0.3183722614064619	0.3856621254321417	0.007972102541950871	-0.4391238135310023	-0.44374649092199364	-0.35509417693678774	-0.103415802328803	-0.28289373739244145	0.9261139515356714	-0.36920863303999	-0.6803945927368991	-0.449112347507107	-0.13729703849153546	-0.739523800370237	-0.15361999951763505	-0.07504167166583912	0.619751082291496	-0.169699009001407	-0.41377282214767575
DTXSID1026900	12.180602508867088	-11.601716544194717	9.681293531063357	-1.2565725546670916	-3.3950372396257307	11.436088059211276	-0.03131822724221003	4.634379306154379	-1.424546279995599	0.22406787914290022	4.207905023605959	-5.004057603766741	3.008142727360532	-1.7724559027060782	2.2412654040247157	-1.0122779315158548	-1.4303386679753212	1.5793109659230602	-0.609279834438645	0.252760811480788	0.13238991849589976	-1.9157580893115975	0.9202342143332422	0.5262991600138228	0.43937773261875646	0.7907304745546276	-2.5410733704980077	0.5195119279573107	-1.5145431102910423	0.6388438694733793	-0.10780387143879411	0.5191494552306352	0.17414628576999314	-0.020833449607127887	0.9662053287946737	-1.099191161723399	0.5329520192617367	0.3116370144734201	0.07913809060942834	-1.1061820579012125	1.83286011005836	-1.2558375796242174	-1.2627520874366192	-0.5704776243913335	0.04798929593818322	0.18982839291652737	-1.0589036843187378	1.4173341565719837	0.9000800014269165	1.9123654217167299	-0.22095321905311835	-0.09607039783360012	-0.8772792655370724	-0.321885182379917	0.3971971614332695	-0.12312659904787214	0.41902991970594144	-1.1970170999610306	0.9452124028257392	-1.1673851331924663	-0.7900904036224548	-0.30207144501542516	-1.2061444761598534	-0.6222388976894773	-0.6217521767767814	-0.8697891200621838	-0.48004031968662997	-0.6450489241606	0.21248978312939576	-0.3535156165862501	-0.041041564425124126	1.3121921340975011	-0.7086730118214475	0.7814648843930403	-0.3757045550114875	0.8015461681124942	-0.9939231336554515	-0.43875466575051913	-0.40945430459522214	-1.1953446309918176	0.8190424938870603	0.38825405817766434	0.9352179128876024	0.5843661115568697	1.1217159063938271	1.239081236370755	0.9255929905914625	-0.09609502203889135	0.7043231473482123	-0.6972546551737752	0.3748297488827941	0.34719518122649773	-0.9888238955456691	0.1962705268265787	0.9289892070116255	0.3069529329937462	-1.0798215841765684	-0.17010300464894837	0.8226557772588373	0.4378605147191492
DTXSID1026906	12.406911409090918	-18.53031934231702	3.502654562611304	7.093048600186069	8.574201568277207	14.018723297586828	-1.139012863071609	1.5218900765369439	-1.7631527252450925	-3.1413208266064565	3.0720423073284913	-1.4811812785887273	-0.3414723482752322	0.8854342250539676	-1.044130357978399	-2.3466013115565953	0.10254588805911301	-0.10198063759648494	-1.0918437594128156	1.353797790674567	-1.3418732724872506	-4.8724463903956	-0.11969141605564444	0.9590584028299806	0.5426793748743532	-0.6935805090043006	-1.8242553018903098	1.175006947177103	-0.3089758160553925	0.255045923637936	2.1196158677724535	-0.2941748347486983	-0.5899226002169872	-0.5703073358780449	0.0840001647459672	-0.040126656037284415	0.8829225514212086	0.9479789967820855	-2.1488367765344556	0.8922624565972875	1.418816352108022	0.4135574457239698	0.5411126772158814	-2.6525403007628	-0.6405519635385462	-0.08773879183941607	1.6574862965283506	-0.8787896610839561	-0.3732966929748018	-0.38690346480089766	0.3396184689222485	0.7304737503106926	-0.2106975872977375	0.5309332303664142	0.295319039427311	0.10763911818974221	0.18416059407999968	-1.0332174326739958	-0.6767778406082469	-0.019046924701999177	-0.11680387503231719	-0.3102420139656176	0.0894077516632708	-0.2246344012953508	-0.9610828928972965	0.4095044628833324	0.7811558617586981	0.33428792867286544	-0.7123988703066272	-0.5182051398547104	0.29920364875642436	0.5030199520736207	0.371437348879616	0.333789843424484	0.4550036242508592	0.3720406776835211	-0.5327195929985833	1.2627531455990677	-0.009455496076455731	-0.06851616503220627	0.03614625019017074	0.75942945497103	-0.27509799200914775	0.7546885261817994	0.8421907829808336	-0.2554857819143002	0.3336144336315127	0.5902253227175513	-0.03144504914364987	0.6482250957118224	0.5646136769896711	-1.662083869582082	0.762928594998265	0.38119516704225775	0.4823235457959112	0.4097250193999104	-0.7613012140961164	-0.34689192153215326	1.2542948129827611	-0.22086205653821575
DTXSID1032511	17.622570812370718	-6.137623185276778	-1.440401037727654	3.5350283105823843	1.331063310416866	-0.5859046483690116	-0.30948335765462776	5.462185852789469	-2.2596514246383492	0.2355064779789711	-0.2287925851364458	1.5918334544301869	-1.939598518356712	-0.6459169137390922	2.6331154347960997	3.342321189052189	0.7946829212247182	2.0156982277411783	-1.6201134324997901	-0.04456215458576852	1.74577188207192	0.8109464088331474	-1.0985687691779542	-2.749938463473331	0.03417123253187035	-1.2466454924949548	1.7897519764589684	0.08784167027910134	0.5478948411907235	-1.0574391505036527	-0.8029850659854953	-3.5520805563097215	-1.9042072453009182	0.5056491118062728	-1.0920461776708335	1.0917314707627077	-2.107209293137463	0.034631865101686525	0.18644613908545826	0.46187727329005007	-0.3880346704684762	-2.866370185322162	0.5530194575541906	2.764940375961172	-0.8575156438575398	-0.9127113724091515	0.9463089588511215	-2.52016815955293	0.9349490950029471	-0.9419913867194066	-0.058211165915266164	1.5714796629646481	1.1862114406299409	0.030037917876388962	0.4067776012415606	0.47267838153921987	-1.738579429427646	-0.32717141511353287	1.1899339708881531	-1.3001095745638738	-1.0256015006932484	0.22852603405291935	0.2595702639851669	0.2566823212631048	-0.11379129720020242	-0.6709825720760456	-1.2256308177274016	-0.6414856752619406	2.449662673121588	0.42928211787120013	1.43734480768631	-0.5265505704978795	-0.13986859779706054	-1.0784695597614793	-0.39020001793464	-0.09581396564659483	-0.01892315259186299	0.8196024928692469	0.7501791183291884	0.23471139440818162	-1.0571301854126773	0.2777728081084298	0.13386231319179945	-0.018984375739109157	-0.04977236874452079	-0.4060213294998473	0.45690843206532944	-0.06932871576378817	-0.39650717291462073	1.0618923762726868	-0.24211603814377092	0.41424374369825145	-0.09619319768894857	0.9228935601301799	0.13806720356669921	-0.15874024500959721	0.704907392188487	-0.42842369375587075	0.6974422305566024	-0.33126169691578367
DTXSID1034187	-4.727918935671859	2.823651402509621	-8.359722496235587	7.574743866186476	-4.419266481159213	4.229590502847892	2.1099635306740843	4.4207776433114505	-0.31580588953087707	-1.1739277469011802	1.2803811652235173	0.5242982926627283	-0.2775650013960548	-8.64899287043223	0.6549369682738461	2.1179690511118876	-1.1611059374169765	0.5987852179960093	0.8759904068445483	-0.3133179790617565	-0.8382086184618602	-0.6492401480709326	1.0667915444975502	-1.0673398030714119	1.093198573532418	1.6968523323355522	-3.0741145799492724	-0.3984651633999762	-2.301875667779459	0.03211924549488385	0.9105355604783018	2.4690580864644742	0.02878291620186634	-0.8781617091375944	-2.4988558090754114	-0.0751193018457371	0.9774723511686613	0.3177740359542088	-0.4881531598214546	-0.3683977879235351	-1.4434765297843852	-0.059891805359449116	-0.24471744365650516	-1.2514109698364053	0.13229671710248234	-1.352939968412879	1.0183078130133245	0.4496914794389595	-0.04274398967036977	-1.6177567338613046	-0.6679958443830849	-0.7016783343991679	-0.5567181807018892	1.9617278895708505	0.9493839296552657	0.4648636031833378	-0.39953842179424	0.34577688847186777	0.3429397289157317	0.7001118695229888	-2.6093887803725564	-0.9532510284271689	-0.2588851211707032	3.2312759961309574	0.6827275679805747	-0.7718502138539264	0.21277959995607854	0.042497466421152666	-0.8796182830073529	1.0213141208228862	-0.6145080680643369	-0.4704421869965564	1.3837717597568475	1.3736397402130978	-0.38115963422214916	-0.5462063807936391	0.6693503551072294	-0.7207786981365361	1.1260902004484061	-0.2751722656442213	-0.38357404976094817	0.5151661829921385	1.1089562335749503	0.09536881043206302	0.08870177977448182	-0.9026328671428113	0.9096433105615426	1.2636036123077599	-0.40655558897857	0.39419012287650584	0.8474477974434552	1.7270252488254698	-0.32692856880368687	-0.5773068434686723	-1.1541511166667138	-0.38252579854502866	0.49626723181754967	0.4262679339485876	-0.4469392568984786	0.3623485660372098
DTXSID1034181	-19.638288998085144	4.229227889252991	-8.589709432265787	-0.26332265292157175	6.09285383628646	-0.162552418805059	2.190623462104898	1.5919150203336243	5.966127462089827	2.3984127444013392	-1.4426913773318277	-1.0632607479581726	-0.39598727541643286	-1.646185079289293	-1.5565770568917938	-1.331775199340244	1.4768879733153935	-0.12718290118514547	2.833904348980222	1.4805545177376513	1.3626734055935859	1.6768823427977857	-0.08494893565448537	-0.6776954678726247	0.8133881874034224	0.7421953635334181	2.0232471444094347	0.9783968132178625	-0.4544577061525621	0.33427589642132616	0.6064833365691837	0.37066056156585375	-1.077486615633571	-0.6421379808514565	0.24485963954397186	1.7091366210288266	0.6066096364198147	0.7261971895612666	-0.9740543551080268	-0.10951421305449319	0.36858354875976007	-0.5533350712474904	-0.16007198972420705	2.359531042699405	-0.15549805006907344	-0.34867374946528024	-0.15016631207045064	-1.2759895120336373	-0.5946746559551017	-1.270681726968617	0.8204514488180749	0.6125830665134573	-0.5681669312911568	-0.2466408418006003	-1.1215505893849917	-0.019228621990131686	0.7922247973056616	-0.4177602599426637	-0.4609506868313526	-2.111201631189463	-0.3980331674240336	-0.21966198071878157	-0.20547411536541255	0.7245513470939364	0.8271957970381801	-0.16485252608079576	-0.47064491283733695	-0.7840082993642613	0.527819904644998	0.74846214662789	0.07208076493043065	0.7179946237138684	0.515869636044211	-0.23908530929314334	-0.7733559246178493	0.18451944628972572	0.6263402967622711	0.32712640702594087	-1.4473278042310993	0.436880041496079	1.216391668278675	-0.6125690399951483	0.30278786082547066	0.6386825252666335	0.6943449321072644	-1.0696225046338224	-0.12702119935110165	-0.27536258488937104	-0.3214996334139842	-0.5571992796340329	0.14184484010354492	-0.2058605829691419	0.5743717761809005	-0.05050318709488072	-1.0933973286313428	1.0594097461667242	-0.1523744295041068	-0.7514655362135678	0.7997850917954225	1.0648591233092526
DTXSID1038298	11.798165176740115	-11.973149363665938	-13.629382045612395	-0.3282294187353335	0.1846661418358134	-0.02780043592454563	5.078246035656576	2.037402849845183	3.218401547535194	-0.09278355966637428	0.5035034025996501	4.561517334268582	2.1066711421832176	0.6499187124296111	-1.1758877305784525	-0.8839327326906624	1.7262506044676162	3.668319791224768	-2.6419292881129914	-2.0036855128619417	-1.2571493093057	-0.36416711401092505	-0.9325478834664302	1.0005909941626914	1.6058079815028783	-1.4412504571393514	-0.3368478578511266	1.7531664134973588	-0.03942638431808256	-1.6900218439904235	-0.8084101624327283	-0.27990652672589056	-0.7349924589351066	1.2995796075242088	0.03515260504256161	0.27812239050857307	-0.64269161129121	-0.9889684490368981	-0.23425736110470824	2.1558462197666404	-0.8139690710523307	-0.6875367416720748	-1.824679038925856	-1.1567290501591359	1.4700585683344274	2.3798355861832685	-1.4516992890786535	0.4794121138575627	0.7298477539103234	0.4641363550032092	1.6121313415300218	-0.15838931836471964	-0.7840236405895309	0.19861728322077463	0.5934792454526544	1.8394025052177774	2.1909091598103205	-0.037245068762949	0.39617359372716376	0.26491881535753364	2.0479262216597314	0.19947731296631632	1.504470579955071	-0.8389815373927064	-0.014918270353759033	0.4189258494666394	0.12408314159728052	0.17092267001343925	-0.20788535742335318	0.6441740514339855	-1.84533873619992	-0.504844419974609	0.47812817116201684	-2.1250479771081645	0.17907258309018123	-0.5327946968458751	0.4085483856336154	-0.9429361202520128	0.16191431045134425	-0.6161642170348076	-1.0592512207720148	1.0254609577197187	-0.02300335920773142	-0.5368381401001284	0.5319607347025325	-0.9449623617767648	0.9448870276239885	1.0943410391825306	0.2942451680391467	0.23278758751139392	0.6232060123892801	1.0315062531872747	-0.1622942080504388	-0.016971547895222594	0.6092718133837962	0.10438802793070541	1.9031578005160108	-0.38978578777705875	-0.6019064149918038	0.6116452948804003
DTXSID1043910	-1.474079022292623	2.598637205278532	7.11609950725935	4.329340611048961	0.8271898982553886	-0.0735667478836859	-2.704185767646803	9.071957327139753	8.264896740423971	-1.997379634436018	-4.440017680091242	2.722372004594706	3.8625898815706505	-6.159320454884934	2.0145635841976683	1.0216223560221893	-1.3958189752275547	1.968716915023486	-0.9046920743126052	-2.405734285865689	5.5450663050901134	-1.6143301608910305	1.165174404352112	1.3321335731135153	0.7389924683954351	-1.4257328072239261	-2.7629317854511797	1.735912418163048	1.136170910770162	1.4805432010248034	0.09596137178678282	-2.250364824621049	0.5759355590041095	-2.065362834233121	0.33975207110674893	0.7347892949569809	1.1070767086742948	1.1903891073082165	0.9167046956292081	2.080047731507707	-0.9471655616029027	-0.7210878586609524	-0.5144739183885051	1.1459458144284034	0.3156213832536888	-0.07003910500003013	0.13791827306627977	0.9618705896331312	0.9877430899213943	2.4998924969091902	0.5903299576306548	1.4475979722791703	-0.5241511955969977	2.2307821466473654	-0.048414237990488086	-0.8730242367634042	-0.8437694323148764	-1.2099829708068974	0.6003574230418285	0.00983523835741126	2.109094932931167	1.2537676497350303	0.42927386979821563	-1.5013845169275744	1.2127480274961244	0.4444960837008019	-0.6018877513665222	0.49948005700658576	0.5162010991206508	0.025089040174247144	-1.945917966044098	-1.1688429087950836	-0.3811063915433728	-0.7944487107567075	-1.634170464104656	-0.38108159236929284	-0.21990346706817332	0.2615680574495224	0.7260720464636901	-1.0457723965486319	0.04790217442207904	-1.53265163670396	0.6578226105637548	0.6779533601292571	1.112023802259516	0.5187440511449634	-0.8823497472847639	0.6269821585217283	0.5237989566173068	0.6799656323433242	1.6242133091462825	-0.6659273493271384	-1.3333665547088043	1.815442314315319	0.2595031011407313	0.46898043404777695	0.19337442201009009	-0.31624137852387096	0.42282473568666523	-0.8254574776866468
DTXSID2020137	17.26104254433703	-1.9720250639650843	-10.582850842909725	1.6989113311603523	2.6419261772925244	-2.8215210754087394	1.8008124326295945	3.5164856828768825	3.198521643497595	-1.2454516828742062	-1.1560710694951206	-0.2786056450420665	0.15933397689621637	0.325015278485072	-1.4568045407756025	-1.1799283863731977	-2.0621947964593756	0.8937962366232582	1.4317602841538575	1.0840960954493983	-2.9648997074917016	-0.6929430563956702	0.8892617781684804	3.2646036458331915	-0.3844039026647192	0.4802218947702534	1.0912796687068262	-1.2290541109685784	0.33123376406104066	1.9371768209588627	2.2047791781681827	0.34423804941862624	-0.46323119775764277	1.2785166840223186	-1.1391538388114202	-1.2072654143916663	-0.9843162833729541	-0.0005179883334882097	2.0416532629769217	-1.0216791854467173	0.151813030822777	0.6195369783966421	1.2325320427406599	-0.7467456663551089	-1.496532820500955	-0.38565311705273425	1.0416415992629107	-0.06140414353327707	0.1011503217928602	0.135747547320147	-1.8372057257152061	-1.8297453242617299	0.1988053426345324	1.4506897207669958	0.6755012884723096	-1.9088140702638194	1.6503781340638353	-0.6649126095666137	1.4544546389444413	0.0009262428195964915	-0.1599576035577821	-0.7972130421219453	1.1452088134266918	-0.36066203420916276	0.859367296088555	-0.4699345543651434	-0.8065640895075038	0.38743463156892805	0.28040535786587806	-0.7079009335299628	1.0939777472669787	0.8375886520129638	0.32736694487442086	-0.6865320585738474	-0.8451222067508362	-0.10193693966546113	-0.3966501423182782	-0.696610027539212	-0.2767929412818195	0.5658154009359977	-1.0712079051167294	-1.501982342737725	0.5763444567118707	0.20313768636188168	0.5285429361137012	-0.27139011155420106	1.0522974489814607	-0.5329200416147654	-0.6674787987746477	0.6641648599371971	0.08405715547152347	1.0875832199239677	-0.8551207764543863	0.24955878824526354	-0.12327106647897512	0.014748134592403046	0.4133209824541105	0.3855403386058482	0.7793078341062528	-0.956658197841507
DTXSID2020921	22.383165921852033	-5.390304313141091	-7.456974411750549	-5.412695690200655	5.971239940257246	-2.522966514218619	-0.19019519286854428	2.2040355318228237	-0.6167858143001257	-0.9375391834770787	0.7051528929219688	1.7188092347036534	1.3281671667903812	1.5120648910788452	0.9907168401405412	1.0870153976741546	1.4638448152620982	0.2863648081568245	-1.4233102769133104	0.9426270244605559	-1.0006798917187352	0.46905593522638706	0.21312087171001678	-0.021844863025388895	-0.8040054257483975	0.1018185209695281	-0.858079387598838	0.7991846237119048	1.3439766821902894	0.4255867145550021	-1.4394445615820117	0.33934717015020044	-1.114938830156112	-1.6171648589112815	1.3564585294946672	-0.09053154147819602	-0.3042404067416691	0.7341906762181545	-0.24120297336909086	-0.8106056388226384	0.5213211523137893	0.778668415125581	1.4818100248350559	-0.8057040553796311	-0.12051503216828865	-1.9778570600071463	0.6283970162690481	-0.5984565442051475	0.5902474331070116	0.12397578797365004	-0.9727839384634603	-0.13934068173826653	-1.039487789220303	-0.21630784061901642	-1.2176493341058123	-0.15098494904516568	0.2197052106944219	-0.13704465382508899	-0.19566182345725613	-0.12993678348759186	0.23843413876315442	0.68073874352331	0.6842510705728498	-0.2498828305614478	0.0706356033807331	0.3748409874856516	0.3996090849811473	0.10012235142587496	-0.38001394233942554	0.08984985093423299	0.3488092832743521	0.5127311731452587	-0.9191192363374275	-0.4602216128215573	1.3158951986487935	0.11918197243608852	-0.2537263575689736	0.40988378300915784	0.8617716135915982	-0.019403423296525762	-0.5084184365005745	-0.19264586979395681	-0.05360131821841352	-0.5247495290018912	-0.3318392788338496	0.20270136606225628	-0.8892277789682292	0.39905963323950067	-0.7638655558958442	0.12148535428753761	0.2865422202658564	-0.009411073489149616	-0.04361007523168545	0.8602163801220649	0.13736670268017004	-0.09975798562702115	-0.27321107125746225	-0.5711046155538735	-0.5905019186643113	1.1641306601927028
DTXSID2022254	4.922597151961847	0.02366827607189201	13.652012447391058	3.379874012538933	-3.297476172051649	2.517555496394395	-8.564420660131955	8.621288580584997	0.14662890870247505	2.9873948315924332	2.026130135493481	0.1993909982406853	3.5190385263655317	-5.205353400992632	-4.917088959436432	0.6092846066402297	-1.0841065716644054	-1.505537009134054	-0.20969053102263177	0.3352552042103134	2.547734675532843	-0.5748061716104798	-1.1639837655364953	-1.262621484470713	1.0672907375545901	0.8276127490671724	-1.6439144064807703	-1.1749126183038532	1.2565042753939597	0.5707895355779388	0.7493141935907867	0.6973804482754381	-0.595783972007653	-0.9196700676635705	-1.9818427725835084	-1.3545468215451526	0.6624951926795074	-1.9094605434919734	0.2077544860409582	-1.5907337230383594	0.9249885772167958	0.48186577108878886	-0.18123472907666136	-0.3045315215318048	0.9221231735270866	-0.4271294208184742	-0.5122367021763793	0.6491887780090257	1.3774579566803662	2.039709204404323	1.190352676087886	0.20496872146694142	1.7888075887150707	0.2569510598566762	0.10258960375093351	0.25152466086293745	-1.6907381060492706	-0.24191626135386687	1.0359232224324384	0.2404875417132976	-0.7746128721688943	-1.0225481163596464	-1.305104921842224	-0.25194824585081455	0.2694379302916539	1.096294666162755	-0.04377676421311223	-0.16544709741365177	-0.3209411879302152	-0.3916353567318151	0.6718464276644548	-1.451113249369023	1.5598862259616482	0.6455910629357653	0.4213232153793486	-0.44760857909279433	0.11868653405241086	0.27394707377671457	0.6032451054976911	0.2089060289139344	-0.839823864914385	0.3499868729914557	0.4912453064709926	0.32326106285914225	0.3063355387894337	-0.9046667468312772	0.9115535061200291	1.666882382059107	0.022811992725918495	-0.25404816947355197	-0.22909453422917148	-0.6827843847196587	-1.744160481964264	-0.19718251071318832	0.2281328716710267	-0.6655479836818265	0.045381169541827505	0.8001867888128948	0.1446902010660113	0.16080676514682557
DTXSID2023309	2.7770180078911517	0.5323447781258754	2.0844011741522133	12.493883023347097	0.934204952690888	3.2425456646658932	0.32538821754683267	5.856352048218527	-5.136583538475472	-2.515953322293655	-2.212296123084645	-1.4344162516146162	2.9203588090970127	-2.011211876603577	-2.9692434323685415	-0.2567676849220087	-0.4458718871230025	-1.5121298147746933	-1.0984140624614063	0.8441080947841335	0.9467248584482051	-0.9235139535664171	1.129929154257707	-2.5696155504375673	-1.2761631173106733	-0.8136148016427927	-0.8466759589965432	0.9874019222924647	1.821745672901177	0.25728905804884594	0.6102310446837251	-1.6732939853553814	-2.151719894081497	-1.7543012910088003	0.24798397314983814	1.5032001390298109	-0.25199217135393204	-1.555224673819371	-0.14246982999064198	0.9102862367649728	-0.0954019513211389	0.7435696669606957	-0.5421901754083256	-0.5673118309550623	0.5324001701417173	-0.23901249589688228	-0.45885569650590147	0.031566509004821414	-0.6081824196227371	0.18728450260441593	-0.2525082965017454	0.3404410329259065	-0.5035677484058007	1.1046138962676901	-0.8187225477162202	0.9789577673609487	0.8148805975276637	-2.162146638912112	0.5819604145117622	0.022347606369780625	0.27022815904282277	-1.5458803176792704	0.03571213053054141	0.36363966130109293	-1.068061353917483	0.581977249080993	-0.4591402646808574	-0.7914030537256818	0.47970246451687554	0.275531956811265	-0.06369865325766265	0.07389596070672548	0.49592828749260515	0.1982166233669153	-0.971703172054111	0.5133423071153966	0.4210409475903175	-1.0970335084246108	2.090123956201769	0.1565694953684463	0.43203387396534776	-0.6935014534148652	-0.1317780774165064	-0.09487173105323388	0.5890242658542838	-1.6696518110178038	-0.60937681631233	-0.3771919346664489	-1.2693816982426547	0.5781131433203374	2.092538562615255	0.9040574865381074	-0.15985148040838779	0.4146328278004724	-0.8672792499923996	-0.6933722772251815	0.4202430264885831	-1.6503070754128593	-0.6817024015762301	1.121885683604416
DTXSID2024086	-4.534716458015953	-0.0027106984632468112	15.941036226150656	3.785923655842696	1.8517714805241283	-2.092645983397605	-9.296995350939737	9.306714730764154	5.324531215897727	2.7972913354412525	1.7008888880234212	5.265792798832514	4.792081287828001	-3.5771695247266124	-5.136357372931933	3.262084592534774	-0.3352077551837658	-3.3346324289143254	-1.182036690240953	-0.17418280065708713	4.23391475756114	-0.4458553244810147	1.342692423782838	1.3830407695687894	0.5490585075425356	-0.5899564857206755	-0.37946636431801384	-1.910582631012179	3.0562259562252283	1.6435077841015455	0.774375636802154	-1.5810523928818767	-0.06763943383413368	-2.4484545548900307	-1.7814353142849253	-0.8796875847551794	0.19114929832774732	-2.5433086046878723	0.10658826660041842	-1.9603146384144334	0.2127426670542997	-1.189544845078673	-0.08330775987120438	0.1533075359345723	-1.5182511585174694	-1.3933658197872163	1.937352332998976	0.6155079890225003	0.12003272328742641	-0.04432903861269361	-0.9444347547388535	2.5125691367996263	-0.2203245834916732	0.13685304686988337	0.9461812925585674	-0.08451460058191572	-1.4766220112294233	1.6938303472681082	0.335538645197342	-1.6600613085198903	-1.3282398234789266	1.317684199736772	-2.706731242208828	-0.21259753221221514	-1.1400664519222092	2.2123594982426273	0.5032551109579418	-0.4988386978073169	0.6242456442175692	-1.4021877083759189	-0.08689252157638429	-0.34801480306802407	0.45545177941061754	0.1898415841670416	0.059549689407271116	-0.787136494997552	-0.8091950429137647	0.2589520655596289	0.45126243096595364	-0.8656882969976616	-1.1986084405029591	0.7812752597896906	0.3148842562495035	-0.5303466976253114	-0.3090304313384392	1.7018052964579482	0.14283629847478432	-0.3403044455166052	0.09019039121021699	-0.8037857952462194	-0.8613552457627847	0.5361428573204832	-1.302376716969004	0.1331116805866222	0.900696100789128	-0.22496618020237072	-0.23345993981341934	0.8267332601224286	-0.43110677321296365	-0.21911686528555255
DTXSID2024793	18.66903984847543	5.898068085288017	-2.1002301159968777	-3.371984226799266	0.36453716846590006	0.9349479414237106	-5.320620081821191	-3.0166017496390216	3.7016022674491635	-1.844457782544497	-3.5641761590389254	-2.8271914341090967	3.048374517889208	-0.9439119300990857	-0.49151897895978774	2.3092416212832623	-2.712769882386791	4.600984613482563	2.245399282345479	-0.8063624484609625	1.0614010293245308	-0.3060628400725245	1.7224341604305506	-0.8020445561031445	0.27507340133359204	-1.3754895442487234	2.0273363676518343	-0.4679065125981811	0.43621442120476794	-0.9201172580535355	0.5084817682358679	0.8052680458749844	-0.1844819248185131	-0.5271393976318943	-0.33359708405252037	-0.19224364705031535	-0.8135742525863914	0.22787208238461498	-1.7561523961462757	-0.016628840687755334	-1.1468531307389846	0.025749926352782716	0.8428201400165954	1.5154658256383093	-0.06229861376043619	0.38881289301286304	0.19207145311854643	-1.3061421517884406	0.7809613273136794	-0.7208173192970525	1.7790532505248637	0.48201887808297955	1.0951281299920574	1.5187846894473973	-0.17089434589472266	-0.18649095109464525	-0.7777154514214255	0.13056166193879612	0.7370473021946626	-1.3066190771222321	0.4052523485263448	0.12927871052538759	1.272933979883867	0.5783391377153321	0.4802151011167928	-1.37695268734097	-0.15288917502511576	-0.5089014924514366	0.13994428622304722	-1.2314302195274567	-0.3276770350113318	-0.06682401018807398	0.8052505816595311	0.23692642071186087	-0.3278218935352575	0.632398001687476	0.9902371802000696	0.8178181591364534	0.3574472295885623	0.9765164114459146	-0.8112836694059042	0.13473657549137985	-0.303157772116381	-0.27865886423366687	-0.33290587569362445	0.7654695791710372	0.23490511713477188	-0.2255476869307017	0.6393752187913612	-0.3485945413718146	0.5120342131858521	-0.8949029865158062	-0.9151079680978385	-0.2608028312731678	-0.09821113555817444	0.27988309640393805	0.19034844444571206	0.9407583154043808	-1.0103813691880672	-0.4802115308630436
DTXSID2027333	10.889735361033042	-9.62340657513257	11.886084969757487	2.6222183118922455	2.3425599942571558	7.110153655950706	-5.105530206294834	8.817807533954184	5.290351909103533	0.8235278022525927	3.1026897294009443	0.8847571990010111	0.9191037446312578	-2.2327339170128733	0.04628659523370482	-1.1480348719175895	-0.26132415989545943	-0.8683054956563018	1.3745320380101629	-0.2641515746288404	3.446418502460216	-2.4948359324809233	-1.166339600176579	-1.1155358612014805	4.048510637615967	0.32417560849572036	-1.6666918335303538	-0.6511285221623048	1.8084831203923066	1.995901896657013	-0.7066181678570181	-1.07189928341539	-1.0379232710021233	-0.23011988286177684	-0.7742708498623487	-0.5352385946312611	-0.3067388645298452	-0.494412671258101	1.9106947910893413	0.027201870168477662	-0.6243714130386948	0.9928351825855161	0.20172761453826699	0.814707394962689	-2.108311502935535	-1.5354873839529044	1.739646844328672	0.03351707686448352	0.3876711966036271	2.470649306962344	1.0074826711643519	-0.0016512752774510814	-0.1381343554500776	-0.4452497199941361	0.27845806573469173	1.6048484547606177	-2.1968689448295113	0.010217181155449034	1.6033388630797458	-0.026614621348128736	0.35376935113675395	0.0045415000327258285	-1.6929220522538233	-0.6439211831734144	-0.2269180656955358	-1.3780740733453394	0.4173470724027309	-0.06193986536757039	-0.2510831755963463	-0.4068386885911112	-0.7936281720305866	0.06116996157532399	-0.7029471506395545	-0.20757566488321455	-1.0833812416509734	0.7149680489171462	-0.7175284580499196	-0.9218297545132487	0.7692603139402777	0.7305513582532521	-0.16467047357874717	0.2518512960739554	-0.542294273051169	-0.09830031007521713	-0.39075455542019544	0.33724146065593913	0.10283483556249624	0.5271149412676361	1.4043797006351202	-0.6160552265330236	0.9642887226292759	-0.5543788901045148	0.5031987966905813	1.3386755187646617	-0.24056946624203693	1.095745782216451	0.4567819323619557	0.7033982190489033	-0.6482859848827563	-0.8181634888923457
DTXSID2029246	1.4270137123996478	-13.00071740797086	13.189365563408643	6.935352778284258	2.5415690704147	8.20393352911675	-3.1859752490866775	8.390002135591725	5.164364052795718	-2.5231984514644266	2.461487364907406	1.4681146330467776	4.488658239245288	-1.0852148513341235	-1.286004252041575	-0.33456646845918203	0.1630816521908347	-2.781592417800127	-0.02041022124198613	1.8681336042742949	5.212854091825454	0.20079839246708375	2.365011823536027	-0.3826790597087177	2.1117039513841465	-1.0377630109124363	-1.8210913235762294	-1.7758460899684392	1.6658322570186024	1.038709675394916	-0.1396838589075583	-0.6348954541673165	-2.650819168677229	-1.6348834079362717	0.35981259851993697	-0.2485757925737602	0.03503069855344835	-0.849375860350752	0.6634258401172296	-1.3557455058068935	0.5408163991806088	-1.3127293955200767	0.8776137525204234	-0.15443437392962062	-1.6026774546850155	-1.680293239902094	2.0502361651176657	-0.6875550186540275	0.367852373729119	1.8837395900172458	-0.1911735188288352	-0.048273309741793696	-0.4318424204733061	1.9125210457664938	0.7881642665585691	0.07032659872431536	-3.071885375611962	0.4187697628085638	0.9854551852121324	-1.9671029041762618	0.7897409419370178	-0.1034889821430004	-1.44355524905085	-0.9458721238658551	-0.0156930209308227	0.09145083266149094	-1.1824025254412445	0.5535073542296401	-1.1104850208920263	-0.006054419203822027	0.06577438167552793	0.8265796763233364	-0.7397566120443908	0.8453839574288878	-0.40867214800374363	-0.6455862462912851	-1.6179098937830974	-1.468100740149416	0.6458433474945985	-0.42512975637328815	-0.38841181904760885	-1.184673160171841	0.6409320147945325	0.8339568307016566	0.9311365068866279	2.011476282837565	1.1137307809679258	-0.13278369348547225	1.020507927400776	0.6458813719161342	-0.24026940998207097	0.507580898809311	-0.23378018424305333	0.4754564309376306	-0.37589525811449376	-0.6798082325501731	-0.8305795443399469	-0.22677103513965494	0.09794701661563018	-0.4087625363578864
DTXSID2036299	16.76215040694906	-17.40611655155982	4.013271552643909	5.136297649970871	8.202078872599774	10.569114358396185	-2.2050501836826393	1.2804200574944675	-2.9608717328833487	-1.2395857428855273	3.5015664739188717	0.13002561829289883	-1.2700816752203181	-0.10657364023210326	0.36006626935937064	-2.206688999508438	0.17805339978764767	0.16531607757267516	-0.9909674056801555	-0.11960990315631184	-1.6164798831974776	-2.252297223557891	1.373797418616476	0.45964367063860007	1.0622912689271853	-0.45346418986767206	-1.2232618335843704	-0.28899611391045327	-1.3564830086412822	-0.3501872186657764	0.9664196626986848	-0.7322742008599205	0.08721440909278809	-1.5153191017012384	0.21971032221322348	0.30888934749703184	-0.9680658965236659	0.7605942147639996	-1.3229230663538087	0.2532085515645265	0.19401356218580904	0.07384740632540292	-0.4580778312403904	-0.18143829205501727	0.6940933638457722	0.3438898289631242	-0.08916029138584321	-0.25282067632510175	-0.9931360749564289	-0.3665470183754393	-0.3007138292950579	-0.5905560714021096	1.0580399020732576	-0.5898020276172387	0.437424459783663	-0.3490251559717032	-0.6909092065357368	-0.05414158901061242	0.8182137952580718	-0.2860333025806438	0.44324753167755143	-1.00268770865647	0.491587605739359	-0.09232010674277266	0.4020432791135899	0.7830603525297513	0.3209045471340712	0.2003323162788298	1.243474252217926	-0.7900324556058033	-0.50798610199816	0.9386374040713069	-0.06804926900056024	-0.4558899446387545	0.10950303882550838	0.18089630169834303	-0.04161023686177509	0.9418267519881839	0.788860841474712	0.7157244802924154	0.04933382291262004	0.7442541443384009	-0.3755288771960874	1.1753119911783216	-0.4457016663348828	-1.223402143344158	0.06292621409825412	-0.4654325725556321	-0.18453836742062482	0.450314628128502	0.3795757278916594	-0.24737575337233952	0.1412977607644215	0.28195177234616575	0.16711564146332913	0.5580474248585204	0.330687033288038	0.38624060658956355	0.32455851361791144	1.0710595431034413
DTXSID2036588	8.184476618963034	-16.437177658635584	-0.18752398410240181	8.997764307290346	6.893349783905063	11.608458969337846	2.6572184700648607	1.6771814640629812	5.319141071950138	-4.198710057706554	1.2779674486097032	1.0170861611416282	-0.1214563727691461	1.0806632395807885	-0.6485350714423768	-0.9921308399587098	0.3922315419802165	1.1832128375731912	-1.6046123979052258	0.444628878448585	2.226859289099742	-0.4319144177905532	0.39652503829234187	-1.628503068685693	0.009844085668678617	-1.0273633050672655	-1.1991842791682126	0.5711231946516986	1.1922638429412884	-2.763667048439985	1.6981461864422718	1.2710506271118778	-0.962446587247706	-0.42725782443446525	-1.3718407769398206	-0.4993521024392008	0.9429630524168114	0.4961409316492828	-1.2237699086354763	-0.5320197546583131	-0.8290261576492267	0.07197185365486984	-2.8357921675976945	-1.8939720556526514	-0.36872545623094	3.1715816898190656	0.845491400430641	0.12870585502703605	-1.6004488108495991	1.022605285010594	0.6859919559392365	0.5547875639632088	0.45945521037576853	0.5230235425863581	0.18315599201729763	0.2762882024580161	0.4417266887415465	-1.0024830763782595	-0.18532214955198054	-0.3675697955158222	-1.064829556931755	-1.24170508782341	0.4546498856315299	-1.2703701635445586	0.5639371874893885	0.3760056075818688	-0.3761194502178828	0.5583170833966621	-1.2967175975094252	0.3755817502920678	-1.9104848920601707	0.9033445542131529	0.662312388940547	1.3920203211889266	1.371668159632387	-1.4140333495371142	-0.8743205443740296	-0.6548160064395803	0.46113467455607976	-0.054254903633602185	1.1299270648969497	0.06581486292284697	0.0095802626720054	-0.4704340448216846	-0.8321217674764664	0.6618013353382051	-0.38195883881719556	0.06131681636586878	1.477184142691476	0.08121511812946637	-0.29804788186333475	0.12430914419366344	-0.5714967907434066	-0.8493820935534404	0.6702582233740608	0.45553099609279785	1.1970968775903126	-0.2999268898690765	-0.8193641746409925	0.38681851869022865
DTXSID3020093	23.616452129457333	-1.8832665778048567	-2.8087889625107776	-3.4535639514959424	5.134498228477723	-2.0129699116433146	-3.4045368963942586	-1.2519143037776304	1.1732861672844588	-0.12344566591860529	-1.6155762597735592	-1.6936901041120087	1.077547717117556	-0.3761946839874509	-0.6656673419042405	0.5564032050692462	-1.8898293838583402	0.8498615945139276	3.074711671376182	0.5473856753411377	0.5222018425834087	-0.4275732160711237	0.5882956133382992	0.19185071592183406	-0.9019940102400222	0.4669543756649089	-0.5734257648480661	-0.33585517702295653	-1.4832922805250237	-0.3433481721792637	0.21074511020714304	0.3976003310151496	0.9639654509197109	0.2404432492953931	0.6050370054999713	-0.5246945956414212	-0.6602154314615386	0.13881781342272204	0.11362444278576977	0.6527873960332846	-1.359361129567977	0.5618618887911485	0.9696579686836077	0.8793064451208664	-0.003405215634470626	0.6126626928014697	0.8456714881918077	-0.5499181791750531	-0.19650310028428136	0.008991233832027313	-0.49070807476422235	0.1409355998807808	0.3456393267920762	0.27793484752732117	0.9327181232160914	-0.24749137577941788	0.5699320007374356	0.3066427482630305	0.7591709907760685	-0.02913569965505428	0.49673103192743323	-0.6186717253691942	0.625901062204161	0.7256434390453018	-0.05161042521728484	0.5883375409938764	-0.7673663950430027	0.004579723903062903	0.16790095862567117	-0.6598876021395975	1.3410194662844412	-0.17567046888823748	-0.5138254685380915	-0.6085716365607223	-0.7010702754730135	0.22629137891344508	1.079461343703885	0.34785163527115487	-0.10983264549289662	0.14196805479693808	-1.2836257826059145	-0.6467490629448859	0.47061696424600324	-0.1559409829322594	0.8990557920437642	-0.8692313953473121	0.6781505026774957	-0.27239820116979657	0.05234334700556794	0.39867866840055644	0.3654254602514312	0.1299311378710069	-0.30280776973254453	0.13612826338698564	-1.1658524889479935	-0.7171872146792119	-0.3291989743275386	-0.11663455318046838	0.8126967590126636	-0.636389439475684
DTXSID3020625	-20.36728083339807	-21.741287011310348	0.5551206632208919	-7.513175824134199	-3.911596013864841	-1.9229906050925267	-2.489511462921204	-2.7259934305225864	-0.1999542239652488	-2.6400646884068486	-1.5969455359078368	0.08475110548856961	-1.209078723835333	0.6777933188711426	-1.1462331138038655	1.426143894021672	0.1363139539203096	0.5027897081305858	-0.6930048135294442	-0.05432397722585581	-0.1770279271629001	1.522381088171589	-0.7009815224235093	-0.2273015110257256	0.3469610771174485	0.08608854154832742	-1.1769007369838238	0.6550866638375075	0.9835611924451287	1.1763265982265254	0.42782917367898504	0.02270608801088667	1.12340449809093	-0.24022379861940515	0.16950712871087198	0.1250205371954032	-0.24905802572196126	-0.5117660426989502	-0.0003229860998261756	-1.0893186181666394	-0.2753679852618472	0.6024585472310636	1.4487566667988667	0.6324520459864927	-0.3731318962820719	1.1248181379361075	0.2327963894854664	0.6133334796005575	0.7961985691180518	0.5051614591325934	0.19281145978682424	-1.0556494421930898	0.06034697454325561	0.046035741693284796	-0.34185898928754704	-0.08814721687468495	-0.403435182596045	-0.8759988495126247	0.5908838498595317	-0.013034156453520216	0.36615680987957505	0.6860383084723052	0.66879150855182	0.5865314455229489	-0.761245584211079	-0.6243283523048669	-0.688970961871431	0.3608513372066709	-0.7810044762179643	-0.13525574264524284	0.8345857099459206	-0.023174781118489626	0.1146144767934096	0.03870581722833455	-0.9680983495943821	-0.19951783762948794	-0.2335629338703083	0.057976491539268225	0.4189423334176673	0.4598642495003789	-0.386299505742726	0.48735896389369404	0.19763925456024303	-0.07899469177036031	0.2800247638872851	-0.6717443500867986	-0.2761886603572458	-0.25993000307017305	-0.4136771734646542	-0.29234516395745724	0.11889728595528203	0.4241403743908834	-0.16765285766790314	0.7962434997972366	-0.27494922995874627	-0.32510538399016836	0.19966604577455338	-0.5519868865417886	-1.1260674081405326	0.2637744746686513
DTXSID3020916	20.40056805515223	-4.477121563964407	-5.9874091317122575	-0.5392837878474225	5.2821607709556195	-1.0475153757767852	-1.29779071582094	3.9857609881797487	2.329075559088043	-2.2470001202273657	-1.7483354282103887	-1.5274639458434232	-1.5717555623406678	2.5082269401564172	0.03811040524285908	-2.395992705312616	-0.10428352673828815	-0.08314476674172837	-1.1294317768363553	1.2330582351864756	-3.767045430492262	-0.1834336978025693	0.2879693118922544	2.4076215000797	0.4533788670310888	0.8421978289781815	0.887396813794614	-1.1000840597197292	1.1173009446919457	2.5291848472599887	0.2604030217635533	0.2662107122401026	0.13102915594400172	0.38544110507712287	-0.1064393236052985	-1.4932801750298208	-2.723679678646665	-0.5798561835279579	-0.668093154227307	-0.2714557011580821	-0.3781591642651313	-0.06974553885106434	1.9020838606234531	-0.35247686642845855	-0.1528390181894971	-1.2489776796191752	1.3524164691598393	-0.4426011563912218	0.8166052675260655	-0.0070811404918997385	-0.6754990094408706	-0.2036922510916535	-2.2414480529074265	2.270124079618143	-1.2508000562212402	0.10865267897370924	-0.03080718913191921	0.7530951629419804	0.7271318577957183	1.0542183016058047	-0.3598702452717897	0.4151435807885171	0.23668451711674832	1.0981738612926657	0.4268157886913831	0.022215089884703294	-0.016692275393414484	0.18404218188999652	1.2321220742429806	-0.7267777815605155	-0.822393436421148	-0.0389510915039747	-0.49400818897614784	0.39211393929704585	0.20848719356152284	-0.718991999346225	-0.982567665693714	-0.18317365596117038	-0.23292225823414836	0.1600893175933842	-1.745491692549763	-0.33869969760253593	0.4994060712652124	0.4405702665052265	-0.06043487575729331	-0.36011635223466715	-0.29329309385096614	-0.26499980541297935	1.575362716580322	0.8146273593343167	0.5379446358666272	0.5235028340203971	0.3023171422929459	0.2575786381221167	-0.938174954533106	-0.4923851220875068	0.7330063918548259	-0.2851641464206751	0.24337613554275817	0.11152371819888883
DTXSID3021196	12.309304176563806	7.612001903017067	-0.12147767710077254	2.7011166046624018	-0.452485347890985	-0.4206052113828141	-8.220706914019937	5.744308034474234	-5.416457151701335	-1.9721130871758692	-3.832380327116354	0.7152294741378739	-1.640753693537551	2.0495499218273165	-2.139171055118481	-1.35730321102142	-2.1382208014899997	1.3106922325606165	1.456917298836622	1.220075984196295	0.2423749929261138	-0.5489773762996835	0.5972139992141863	-1.5393365243641532	-1.7110179322920718	-1.7751222423409143	-0.9024288882378426	-1.7588133627784022	-0.5004977646244517	-2.02974843419233	-1.5266844058744833	-1.004158341596328	0.14689018251780472	-0.9873734177056643	-1.6490299987280919	0.40688294724311375	-0.4261648518685855	0.8360426456498136	0.8451979152462551	1.199378309514751	-0.7666812404707566	1.1939537761020336	0.25331050261065674	-0.5950595500094806	0.7218744655892119	-0.9156912435333624	0.9644537538087848	0.09805274936497721	-0.31544395288066485	-0.9147270704821321	1.356944189993401	-1.2113922916081052	0.003474873125852086	-0.5935182228482482	-1.3593532716694674	0.4360741152213084	0.13280252023981753	0.07491683726418966	0.08451925569561618	0.8371298897959875	-0.1355964588584009	-0.8018625363691132	-0.31170382922115164	1.0707597662741057	0.6319053236958043	0.4452800100302454	-0.3828679977451586	-0.5490526897903564	-1.2076751175659708	-1.5862857001220612	1.1661073636389665	-0.24673973452700337	-0.5254067316952925	-0.4998099304201817	0.039393646033717526	0.2776461007945358	-0.18026636609574453	-0.37654731580836925	-0.27595437734898143	-0.07255599997793653	0.3803097552775038	0.2799891300037207	1.2993153663189632	1.0776389244945368	0.5203608371566428	0.4302226902395064	0.3498358911583656	0.4691421012303576	-1.28419496723105	-0.029940394310462786	-0.33113496079585275	-1.0556891163600504	0.3835936233332118	-0.06273716349858591	0.6625302111811342	0.37946671876389976	0.3695798926859719	-0.537810648557484	-0.3216080832044209	-0.2797131003382008
DTXSID3021641	15.866896485835056	-13.598739872233393	6.604151519883628	7.709994630687543	6.417023782261874	7.150389776129375	1.0858816395199096	-1.348717911904573	2.891452969666365	-0.32291663490276074	0.8217639043180806	-2.6676769351384766	-0.2078287107436475	0.5480858342791978	0.6751248340219517	-1.6793461914729733	1.9160673722538295	-0.6100947188776139	-1.2272712111023667	2.2736658369081417	-0.5729195621009097	1.5152696866274604	0.24276738999042094	0.9237477903218435	1.4489863774092282	0.16273971358816672	0.19073839926886338	-0.34042188692705067	0.10370011579513891	2.2062432817123185	-1.1235382835912753	-0.036129029078350215	0.2754131857796688	-0.9791929444269862	0.07171945559570574	-0.2965800034141253	0.1302411955455807	-0.5741137143173904	-0.34836424706910163	-0.10586091593805175	0.7734820847578272	0.12667371561933038	-1.222630092378961	-1.7508968607196227	0.1885173746157834	0.5408417367976147	-0.250610024429057	0.5608848651007411	1.3605130365796527	0.22115600582015243	0.8826867734849615	-0.03440794192600484	-0.06480925833810627	0.07061635552876765	-0.918410291819698	-0.05455557288205773	1.434469363940077	-0.24211654901719545	0.956502776933469	1.2472233860562305	-0.8352948639445674	-0.002097707317296691	-1.9341660346781258	-0.23667627250434303	-0.45193460402959545	0.1877010900508536	-0.008063534739664185	0.48858656045986243	0.3519407517326736	0.31444249664709006	-0.44608841455014686	0.8246021731944038	-0.7080883581920902	-0.07795317235531157	0.038231098354830316	0.49189493130036416	0.004019065707009894	-0.38089598966530913	0.061776576404419754	0.08061163312534797	0.26322022670620554	0.30331043069244873	-0.29730570990650707	-0.36535609024100996	-0.4355843429843769	0.5983633039996247	-0.20983149975001228	-0.5868896978266895	0.6630978499683933	0.045387054343420656	0.589932153103707	-0.2986846246505771	-0.6407249439192503	-0.3743621061660866	0.257220752514448	-1.11205597360529	0.7321323129854858	0.7822862672319434	0.14270278449635768	0.7431852154345984
DTXSID3024104	11.882560848731273	-2.1736352578060694	-15.745846138631684	-1.1607063879254151	-1.7450760952149431	-2.155829372862326	0.05410737592692822	5.265220770686413	1.4121949226403356	-5.06459133457604	2.041142032400701	0.9452133040579163	1.8667284626165954	2.0170659710590364	-1.4579772316479647	0.18596588576064763	0.9286924025336254	0.21402695938345165	-2.3743916010003954	-2.47196920353299	-0.9211545049824438	1.4832138612910968	-0.042481490208694926	-0.06955195581208044	1.9754201388424713	-2.412902215544097	1.9938537695115692	-0.24257625321933413	1.7190955760933395	-1.9948555463497248	-0.2630643492484901	1.2000018905085839	-2.7960586021662523	0.31515556986406773	-0.38302017372509994	-0.13289313631168082	-0.536114905019533	-0.6642647343184638	-0.6029165727868084	-0.5129976450162387	-2.194980141731858	0.256098215548148	-0.3043090960215437	-0.9578843048865405	0.22594046428916512	0.19869712523461147	-0.10245367963108966	-2.0153815000840343	-0.39627955911373913	-2.0915176749499054	1.4450087270017755	1.3398752603245476	0.7522243055377478	-0.7104631686632908	1.2436368652614567	0.10782308140159864	0.29823650751935266	-0.510868976720369	0.25463928209590464	1.0954568649360301	0.6416894911916926	-0.06804539349736101	2.6315937951119936	1.50347235647152	-1.828973384664188	0.4145330055366102	0.18335011990486036	0.9905137755935457	1.0187362813973662	-1.7978284259957307	0.3248917043807845	0.23695428583365047	1.311288558835706	-0.5296463379412112	-0.19009640876850298	1.1323804548621443	0.5628879550647659	-0.11637337844186443	-0.6907094425163942	0.3415030554944663	0.5089796073960349	-0.6186576122969764	0.15103913214596243	-0.5377400810390682	0.598583277403335	0.9475146005988522	-0.1799694674094632	-0.013465721051025774	1.6709613026696075	0.029304531716877764	0.8149899586148428	1.2385119701016776	0.5065206264830537	-0.4503697310077656	0.1784747183039372	0.3504187876451886	-0.23024485250273524	1.6204841219837058	-0.7617667334811002	-0.7706131939674148
DTXSID3024289	15.458173083798933	-13.18115407948824	-11.996122124832262	-0.052751423016100356	0.9510613681621474	-1.2384844374539206	1.8547411785246541	0.34792107168159264	1.04624733032068	1.1659529016180836	1.8142041404970932	5.892654483179761	2.705055293045471	1.5511090262131182	0.863003313969339	2.046047854272992	0.5760220009305548	2.332836801500925	-3.2554589989420886	-1.9837262860487446	-0.4775641280029879	-1.9780297245711296	-0.4626248729085485	-0.5253300570041509	1.624133328590004	-2.949097049858465	0.7867894919523348	-0.921292197186163	1.1353497641220185	-1.125771961739407	-0.548792994283275	1.3641937553182313	-1.159342546570165	2.251228480453122	-1.3383864576642672	0.6091728343995837	0.12561115595895803	-0.5683730382230376	-0.049233339381831054	0.17792591550156084	-1.4637643152561601	-1.6847667384546272	-2.1405073882910237	0.5061879434844121	0.9749528226518529	3.3893356861250257	-0.5987017652422798	0.3092944215804957	1.5059504744766123	-1.320734585514128	2.3060439248837885	-0.4745160584964671	0.3250325525885256	0.08472591894900915	0.1821645283090497	0.9987384145096702	0.8116675079971031	0.48026764254576537	-0.6354674399165932	-0.16281703321233204	1.9557824380584559	-0.6044837480654267	1.0203034864164968	-1.1182937159677602	-0.6453042317593422	0.21961704572256924	0.09428718669103693	-0.03291892998980579	0.6457769187689169	0.23530224066382444	-1.8442615771315374	0.5023819023364302	0.5035716861077097	0.1734981604765349	1.0922484450129573	0.5895336098422231	-0.07594115399429945	-0.26995041393389807	0.14264483794747168	0.6804267434485917	-1.3551797141496267	0.6245543745495146	-2.1700826112679454	0.29453134488226557	-0.6414520450184079	0.5930915916737407	-0.31597161208865543	1.4800691307174896	0.4408625167742821	-0.5779297437837816	0.04130346565429615	0.07416288698610639	0.3668927290467554	-0.37947010671271025	0.5696107314025655	-1.0614470503464393	0.538198564312978	0.26128842890308773	-0.5480086415272208	1.6279276742269337
DTXSID3025091	6.665837451035451	7.314206285808037	-2.603400077971115	6.775109449436405	1.2695080357044493	-2.6190250709625515	2.2371393561984116	6.684279312091767	2.377140010918661	-5.717799192034783	-4.8178366131200825	-0.22222296824950447	-1.2123740678293116	-0.3025730376830055	-0.4404159828075053	1.2173949899419956	-2.340335973829841	3.2948373350066853	1.6502857383279093	-0.05145389099591236	0.7964136921259407	-2.2145675826685287	1.210921753860264	0.35833759955849287	0.8889691381461126	-2.289964133924321	0.2912721209464784	1.2761689980787578	-0.9977428951751518	2.321588943981684	2.1717597968766627	0.2045290139734087	-1.8915917247609775	-1.2567538982996862	0.5884303790734207	-0.6947311900198598	-0.31594903184696826	0.7981011469773162	-0.7392068644213915	-2.2520623452065487	0.08763148422797504	0.5974396102164687	0.6354228324250483	0.015922352290404843	-1.5148736398463258	-1.4770380101587803	2.8003963814061286	-0.22543649105975846	-0.3701695972400642	-0.41937060955209626	-0.3705934645505079	-0.9824795075604742	0.2743501206543068	0.3652812055527946	1.3118462453771356	-0.23150239907721692	-0.9980575054388346	0.834132450152051	1.581214517296497	-1.0857475140111235	0.667930804047036	-0.19960984271689342	1.0316780378760186	-0.40781218743618847	0.26213940052888834	-0.5599888998945566	1.0672776428031854	1.0329024788027306	1.330223706658785	-0.07588141421230646	-1.1790542685383483	0.04079904556211954	1.1238589571141324	-1.474330998225705	0.11816705335008604	0.24463308856272295	0.8328553299752333	-0.14105506112436986	0.36130300114331687	-1.1189143066004938	-1.3732931929525516	-0.13203428459964467	1.033342040593615	0.8361387142692035	0.331365709000414	-0.033920568378601065	-0.22906579556717435	0.11471880555171791	0.5994024796899537	0.5870166726313197	0.19153389414164698	-1.3949960045930072	-0.7638373366676626	0.5765051001571206	-0.5130618670559552	0.4445468411593168	0.3823596277701829	0.2276152086098013	0.8320387946918048	-0.8167174789072487
DTXSID3025881	22.650980567898767	-4.692959285822874	-2.495847642056015	-4.3955523009392	7.259115729782064	-1.6596874733956974	-2.556757336393818	1.8106396393483277	-1.0533714660741036	0.7028717932970338	0.20354038961557971	-0.5730316142142148	-0.5351696177020859	-1.0796456310381943	-0.5229832531382391	-0.0686962809783212	2.1444606218002753	-0.18236708803756987	-0.4024783837759982	0.5471407493893273	-2.6416949609566096	-0.6218881073057319	2.461495300816199	0.15361470798335725	-1.254204706905458	0.8708178295387649	-0.958768898312396	1.6039222852181874	-0.32314913604699685	2.033053417572482	0.42871911073292956	0.6802473112056582	-0.14873034299160534	-0.536906921027538	3.514960231220904	0.05314418577124055	-2.0858677782203427	0.3867470802552541	-0.3770520148209815	-1.191636230951026	-0.23307948440255374	1.6677018125923722	0.8861237099669893	0.9592533931829358	-0.4515721750438607	-2.5596413860622693	0.38794784025157636	-0.6649011999692293	1.3661011660255091	2.345653556929248	-1.6106002445682304	-1.2933860836181907	-0.06911388613928351	-0.6223086109929746	-0.09763945265015891	0.5818713851747446	-0.6543903665746462	-0.4451587613319465	-0.024025697822479306	0.8418387335995966	0.7095727117715496	-0.8444496069844658	0.2397138745645419	-0.05630666491888578	0.3682445803358182	-0.38588122348226267	0.20131518960954728	-0.03211813749518326	-0.6009666877468645	0.1368014764938781	-0.9263642607651085	0.48362159460980725	0.03161009312850336	0.2758647616426304	0.13758887209787263	0.8752053098862667	-0.29136214973946445	0.6737925245154588	-0.43975451786085185	1.2455225708979614	0.8986341027311565	-0.5855404952155056	0.9732064257853498	-1.0220224703910206	0.2326892114529522	0.13134601880723842	0.2811157428970343	-1.1922761894047234	0.42909758216790794	0.032028823747953926	0.5818384297705189	-0.7901100410925787	1.019727301162552	-0.44959059848919597	-0.1793255969733367	-0.49179101200749303	-1.4019455593901364	-0.9063617160525773	0.22885244979148606	0.3828971220011681
DTXSID3036525	-12.980420468140634	-26.656039002599954	0.24700063615265525	-6.442712315373141	-9.046155507539266	0.21296430159490592	-1.6648231954778314	-0.9679353429693788	-0.7732400747273314	-2.316653468491711	-2.2666410474930205	1.6497351149178017	-1.8239318265746327	-0.606716208836673	0.43202863378009715	-0.5832643334268632	0.3122065742424859	0.44127176135684115	-0.6419360322817931	-1.2769492143418557	0.5129095811896459	-0.029977978687327978	1.1353168103604727	0.48258262784407285	0.317705996864709	0.5178066382690054	0.8241754520845329	-1.7831261037077495	-0.0004726493974684339	0.07359267908719822	-0.4934991708550558	1.0319833937226404	-0.8185343393035888	-0.7315718604769231	0.4265705887775779	-0.4460967836810564	-0.21429674969828447	-0.12841001526098286	-0.12748714452579257	0.15108289217067777	-0.22039046870768572	0.510984086563514	-0.07468662400230565	0.5216500328952182	-0.1266246029659769	-0.4400822311185142	0.32677506897553055	0.44736642279987204	0.2091928519185695	1.047028347378404	-0.3619212996977203	-0.829609501216134	0.612769033318643	-0.025185963822787216	0.8204526191868768	-1.1470238872087155	-0.36970075360193105	-1.1100673911223828	0.9083745162568194	-0.15054221337355564	0.0670664798589108	-0.24307148570457543	0.8199065142122097	-0.16934073737302258	0.028381570041487003	-0.4528416518022269	0.0027982982465455555	0.16929218700857823	-0.42523976015036713	1.1208845014781736	-0.08063383662492567	0.1142547275065131	1.7224573957867708	0.5643326402530559	-0.8915738337145435	-0.03229993653328106	-0.14943344095699568	-0.8597441331068392	0.09691180049052245	0.19447791283470775	0.9187299154027773	-1.3135372810100518	-0.15505188565127165	-0.40516934796056847	0.6623332483879949	0.2882197880204977	0.30140005118444646	-0.4240030305619737	0.5006950581592267	-0.17901240210744757	-0.28224249880595753	0.012996509293049338	-0.01811929325095227	0.1291524448941978	0.06117186506868399	0.8832103508773596	1.4621988007780566	-0.16500541327898188	0.18146283710895483	0.06806890118739099
DTXSID3037094	-7.5192575359634795	-4.562574876905964	-7.3397775305163355	8.746902625080889	-1.2716824637268145	2.5739235919739096	9.370352573544839	3.2733779245457164	6.282300669909525	2.386442283929947	-3.951083342305819	0.03944916952419097	-0.6815777270481016	-3.2564282187318274	-4.660312362960123	0.35139422417593663	1.3610514925913946	2.3010339599480476	3.662242641501534	-1.440295030087389	-2.496371684120368	-1.8564379746070805	-0.7933063274359025	-1.4426132285504787	2.2721737108626843	3.7649888653943693	3.2942589452343007	1.1043934926108836	-0.2831061250787642	-1.0986467200384553	-0.6250397943098652	0.5649764615418542	0.6509300133008864	-1.4182475561190373	-0.7560800385634178	-0.4583084615127591	1.165036448972384	1.573439431348784	-0.2760119080580927	0.6668261239888403	0.24160176611648262	-0.4458472259373414	-0.16410098958947827	-0.14586538123015177	1.0066747504819946	-2.6845531173353443	0.06783854194471638	-0.03790536908012432	-0.48493240183839625	-1.4081301608788392	-0.18676029616065115	-1.2288239341891614	-0.016034760101844927	1.0289821188929873	-0.7934953856025274	-1.2299066861640195	0.15133966109622088	0.4844436279852802	-0.923352422695445	-0.5642309726787673	-1.3996613073489008	0.5176745976491847	1.1871113991479842	1.1667977471434199	-0.21204115703723664	1.290282072937561	-0.5203647685771112	0.11987314526939193	0.4187314384001998	0.35884098380138835	1.0959567774968102	-0.455263865651931	0.4301865566444728	0.2266943979399022	-0.7733990084900891	-0.5946754277087476	-0.6757790840801771	0.33267034616780167	-1.1345146060031879	-0.32803819201247436	-0.3732183766815889	0.3150640100693942	1.341982561253147	-0.33417587040075414	-0.20604791077166099	0.43540575764275474	0.6038752959935835	0.2770895202274338	-0.5109273248691341	1.1826053673973413	0.4002754703015846	-0.19258359759153107	0.47879287677640814	-0.12326770399558994	-0.3872464903738553	-0.17375589845881584	1.066440543843572	0.07844235666296713	0.9744708350607366	0.36182982719643486
DTXSID3037541	-10.055857487323323	11.76057648146192	-1.351390552744197	0.09577883369837527	-6.560875514026247	3.874370845932223	-6.990633009635596	-5.656865556696365	5.433612982048942	3.6521104611211075	-0.2829406018851677	1.1786921919197086	1.6937264128106644	1.4435505794024757	3.1472880779368495	-0.2746903168958919	-0.7581570141628469	-0.16668363447012446	-0.5722558117968541	1.0784179640168121	-1.9806177085465673	-0.3434229480339881	2.23082497875958	0.8815294216296025	-1.7203228356604863	0.18978042721472219	-0.8349737443819718	2.705185346238355	-0.8589610140757808	-0.35818447294045785	-1.7256193983687251	-1.584235165078241	0.391241425044676	1.4445927232723177	-1.0424575657260757	1.3646997354880774	-0.9149541347408484	1.4946900139329713	0.4071683413173399	1.153807479084439	-0.05636657029621407	0.9226982885247167	-0.7471465746904885	-0.8957723627362102	-0.26427401631847414	1.2680113431919042	1.1291803681179857	-0.8134721981646931	2.23296407424125	-0.5888306453343427	-0.01209420306741453	0.11161262083413807	1.4081001184513107	-0.5938856979150635	1.1167161016933362	0.10681045278082173	-0.4604070777479436	-1.032968156726863	0.4810369154940762	-0.7834237526717981	-0.6144363502820263	0.23572649693239972	0.9873032610067581	0.28219767364305814	-0.26868224642680033	-0.9474552756296817	0.912247045003353	-0.408131405557734	-0.24305263177320513	-0.9752010387440722	-0.4365755894320989	0.612112415043573	0.2589276994184033	-0.5879925295266171	-1.5337751344562436	-0.39897612054766485	0.17158704726849527	-0.6360861872040262	1.4243307589931093	0.9381332583469775	-0.44251119800679084	0.01620813657553682	1.1084153537590122	1.668661700852437	-0.38433636218192185	-0.7460158617299798	0.4251798792661448	-0.37937438191567086	0.5678054472345607	0.916713751569862	0.4105078690152949	0.21724082966336175	-0.6509481704294651	0.14759949199656247	-0.19157814647387772	0.46701282873459987	-0.9095919693395946	-1.0887105496725311	0.6703001100677416	-0.1345277272954543
DTXSID3044203	-17.161377867091264	10.854918793977788	-0.30143845210586895	1.9166792005344293	3.8188979155308873	-2.834493145630967	-2.18753442055534	-1.2697719733965154	2.089746046373758	1.6036685745124317	1.7707484103702167	2.8016205500524674	1.8822454224122438	2.2562038661715302	0.17220424952920754	-0.6076914083344359	-0.610642051339459	1.8309486352368016	0.8515823652173667	-0.03798485332729285	1.1646857314896777	-1.955200744873661	0.568015967068331	0.9024114362489937	0.3169970654849027	2.6473092224537647	-0.14706059530499893	-0.5938374259929419	-1.185916707834867	-0.5319703343955642	0.06077531549015597	-1.4787918893457448	-0.3112636989579362	1.070294618776804	-1.0118498463716372	0.8734952040685167	0.1719506124409337	-0.2834715626136221	-1.7056127367727194	-0.33892625999341214	-0.9865795482354939	0.8559559838459331	0.6664705641251532	1.0884538769883831	-0.2857479684277976	-0.7780823445403278	-0.30215269847904647	-0.5935899210136089	-1.1334792095886548	0.8559353772597414	0.9379372254523352	-0.6640337370999525	0.04688206649685287	0.29901170204762556	1.2098637758332906	-0.10435850359619604	0.8743542351316754	-1.5031218108373792	1.0034990884741988	-0.20256725637700332	0.510011405416367	-0.24794212601095805	0.11312248761375593	0.8365917397960518	1.0385979440231279	-0.8660000796405275	-0.10179985274619031	0.010500964872584864	-0.31813685936982183	0.6059476097127352	-0.27281749707901537	0.45578471959210276	1.9669858234693884	0.8696292249616854	-0.4262885634279102	-0.6989960241573833	0.6026899055905764	0.9497229472594104	-0.41342548156909104	-0.5011403389520172	-0.5592725337849112	0.20464809101774628	1.5168740249395767	-1.0995282721570092	0.7489481125778604	-0.3813655618295372	-0.948800932726643	-1.064467527101237	-0.2912777230030414	-0.07112491294292993	-0.568113414379796	-0.7366012390864144	-0.7985776277416646	0.45527970985847666	-1.016698798884827	0.9177093409615886	-0.19626866694455708	0.28273693815496664	0.6780281528063191	-0.033868212446308284
DTXSID4020371	6.0944526568269755	8.65354597938298	2.062185401405368	1.9062456795365612	-1.3554612125063723	-6.631922890204598	3.344560546681139	2.3804870503607143	3.305437465128292	-3.3925745322714045	0.40802523335484864	-2.1430626330456	-1.1347136253399666	3.19642292854377	-0.3822284732978009	0.4873303227776585	0.3288109660368368	-2.0202776044805297	0.8293637476882494	-0.06373738041076601	1.3294515560936815	-2.034658641083079	4.765952934880497	2.5810780974380245	0.4437650356901476	0.6359213304771105	0.011925099387986506	-2.7635468002647356	-0.38654748504215247	1.6821935602132478	2.919395000661761	-2.2220322343662513	0.8536113783353436	1.3505863910991978	-3.1795900403928363	-0.06226930734941045	1.9262966868548266	-2.3127975371302947	-0.49603951358983045	1.5291621881534048	1.6876394514518345	0.789935687211225	0.08673532297163793	-0.2648771251160052	-0.9411098862280012	0.4238802536157679	-0.6211428156569346	0.021010668991634954	-0.5874250911252146	2.8692178314734464	0.02604413550491652	-1.8227443557106888	0.07765903131876209	2.5830193682736584	2.2602742822707276	0.8235653525609099	0.30782101895883934	0.29548516899281213	1.3742407261757204	0.3531769177318377	-0.40105385615185307	0.5971490987061798	-0.06408626040822518	-0.9347391645199805	0.11791722743535624	0.4381906222095039	-0.5299815734708659	-0.10665720321658838	0.31180837854131177	-0.8497650925479796	0.45309172462304215	0.19375850405533177	-0.5905765205032187	0.15127041070442127	-0.5257414664222105	0.8461658695566211	0.28016081770594853	-0.38754765606756353	-0.7528892277399488	-0.3182158016388737	0.7283916066436427	-0.770906012505396	0.6881254940306504	-0.27345211311918277	-0.637365302542427	-1.3598063495254897	-0.29455006465463945	-1.1658528999112838	-0.10380175157835228	0.7021991643729989	0.6132623186991064	-0.3035558899145308	-1.5800914694392239	-1.7669488365711379	-1.694197578698323	0.32086447105450205	0.8379574150106163	-1.2184503521895482	0.17911794081657403	-0.7591903817280485
DTXSID4020379	-11.995755681663656	-25.605292391431988	-0.9226361950164698	-5.061074402966648	-10.389919762651324	0.4573573302979851	-0.46480352265694513	-1.1364428266910216	-0.4618132566628748	-1.3292295757311368	-0.8132519046397393	2.8415140039299365	-1.6485042028505417	-0.3190487052042428	1.0196205149030302	-0.8560238064085413	-1.0382923674878355	0.8886715272045692	0.6151701046304577	-0.881821151458991	0.9932046242509358	0.21265005902766665	0.7963907271741584	-0.3434249850551566	-0.8011226807767123	0.20244397793435862	0.029178543621249393	-0.8998130674645867	-0.4606747734886101	-0.41477866057636203	-0.5940586272687248	1.144201489008305	0.9600528944589855	-0.8783829212896686	0.9456874201313343	-0.38702520798832074	0.306177385730646	1.0299143549486398	-1.1668257321348714	0.2676976963299815	0.7843919532332494	-0.817946389583112	0.29432996240874154	0.5252126115629816	0.6202975290788978	0.15419255117798852	1.3275260960381166	0.672908394840477	1.2352871050245418	0.9478703627674182	0.2477425558677024	-1.3168842156833835	0.1751392980945232	0.052385505361704554	0.025093542128724524	-0.13488369234844755	0.09358304259367739	-0.4705798064763555	-0.05948619131131938	-0.40703356133538104	-0.16263384213724263	0.18365362087789397	0.8209852576613332	-0.00448159905435444	1.1326033320270803	-0.24389247857352225	-0.40470428768912775	-0.8684376423154495	-0.5507561435562147	-0.8455256231836837	-0.1389984687027852	0.9564161202077239	0.4631318323937074	-0.08952419670359985	0.21494835430298737	0.05591947718341439	-0.35813498229049495	-0.37828839965897454	-0.47681743910611596	0.251504136779893	-0.34856849289092523	0.31599785780349965	-0.35543343774408026	0.8153910057460112	-0.6285083270054735	0.7667227729430253	0.08211225089309415	0.343536590475098	-0.5337160967665534	-0.0666753668525369	0.27042286175894803	0.7541276227480934	0.8892313517019298	-0.12140886454421723	0.42899891755273645	0.1569978722452272	0.16684936813953655	-0.683682680945338	1.0398125301978423	-0.5420071408960468
DTXSID4021135	17.90162353060724	0.3623628535154111	-8.526757472061163	-2.5828586975637946	0.2799646941349805	-3.127342324168408	-0.7472646513249389	2.772486209278635	2.2303695463661595	-2.5909990486732184	-1.2280321131598857	-0.3854674729964799	1.7642956253552589	-0.10746514517896137	-2.9858562793434773	-1.8902847532670173	0.7650051112477326	-0.2959647569912821	-3.0631226673804455	0.02783971586121641	-1.2044868646707516	1.395999759992363	-0.2334809709103234	-0.5613327707018694	-1.3531930385912414	1.3610458769672245	0.4467963633659235	0.45580727108541585	2.483126137426113	-0.8689198692951794	0.06783110839739154	-0.1934676184615335	0.42639656552500826	-0.6532004513456504	1.340687327844738	0.3289613582137725	-1.0910995827079324	0.5229814053751987	-1.392229804448415	0.47275729246853376	-0.14475500779055114	1.3909993212637042	0.2698546523205197	0.8714946280094678	-0.15828708310580905	-2.181802106976766	0.9706385543962656	0.3267069449280121	0.3595532679901373	2.3670927261553945	-0.5375683073744663	0.9077084502867139	-0.8564515618079153	-1.329049455607541	-1.2149083946800285	1.3659448301001431	-1.0159442307190887	-0.34776268668355576	0.0773855286596117	-0.11904258342386481	1.7109282112785047	-0.008490975279388224	0.03524474552595799	1.61452372029687	0.02718002535030145	-0.05576588043149517	1.4467407996531894	-0.6642804797987394	0.0041198015717606685	-0.027116283709843904	0.06668910805225582	-0.37185537030175897	-0.3004207018691006	-0.03398644821509733	0.5395565074593981	0.388687676057745	0.15929694352146356	0.6393356292328258	0.03328241395148395	0.579798829072609	0.47509681794826114	0.06204124649876356	-0.2283583187430405	-0.7720656955609908	0.48755216321455497	-0.02219732356905511	-0.4757187880609042	0.14108327915626795	-0.5521122545503373	-1.2577038664341362	0.2711441070393601	-0.23413692335521422	0.7752826549231704	0.20085726853407687	0.1610228291611313	-0.013528517713333292	-0.44761787670249015	-0.3148326434830567	-0.11724497166978273	0.4654145532819364
DTXSID4022367	-14.055124140347596	-25.494933878876722	-2.5375869410045357	-4.9273952489027995	-6.548693547157745	0.12798545159782304	-0.6231099204674307	-2.1412223353755664	1.3832502880104038	-3.167094273239679	-1.595404850752774	2.3963457161629695	-1.6755215077795282	0.28207401896384093	-0.8662526210893745	-0.7066395797828088	0.6875299445055372	2.262316079350404	0.2620620184901129	-2.175680862856966	0.5711607284704872	-0.41244784137241547	-1.5373983921173606	-0.37648090369210174	0.46275081825931097	0.9234040071380301	1.2277883157162002	-0.1823939448028359	-0.6804009521671933	-0.3542241245909121	0.41061661489889917	-0.38904996815532944	1.5443298868651318	-0.19799547865691783	0.9889601651724673	-0.05523705954660222	-0.07048955478928064	0.594591168757997	0.846888154043565	0.489288998867408	0.7434568999121378	-0.6923952912274203	-0.8012433126078032	-0.11103805136989889	0.7859974635591123	1.282251057863779	-0.06819994231237587	0.5995627347174589	-0.1427307910038682	1.058368783835801	1.7290829475622087	-0.7575240993393559	-0.6016760780436456	0.2590965601446094	0.14742099622569635	-0.009653011899570171	0.3674884012396835	0.4199261404412819	0.06399952419315179	-0.09899935586685002	0.11211373417692262	0.4664140622771633	1.9096812995090529	-0.1584247757260219	0.836096305639021	0.3544259312032732	0.09892703656545605	0.5713684103539532	-0.009126466182391107	1.1054188883889082	-0.3049955501440582	0.26958745652142757	-0.7561427521969748	-0.37344915729572453	-0.5702715478092243	-0.5790324575891919	1.4639399412444791	0.5090078281806807	0.38311881420647853	0.32591239768969776	-0.567976190162438	-0.22825576324267124	-0.24726043811289622	-0.2025807263454297	0.7586639766982958	0.19270302167927966	-0.15325964622645236	0.04804789117761888	-0.13604891749663994	0.222727985217579	-0.2992484023011712	0.003054187308130771	-0.10872144129266068	-0.3001014486064402	0.3843305988814475	0.5131648788823722	-0.2769858752518774	0.2782844580009023	0.5674796738223007	0.7478118244430065
DTXSID4024272	10.639019633524025	3.5964007111279725	3.6052319709519116	5.776182172618611	2.558198588815849	-2.988365659042815	-4.879049393663639	10.498146342058618	-8.541206981434158	-2.7535837713405167	-5.089675706034209	-0.36544960903818685	-0.7806276554895645	3.2118832947186107	-2.8333570866548747	-0.7406904778471688	0.41592386201665243	-0.14188388223995155	-0.7828417278740097	0.05822099260648555	-0.8165584867117159	0.10009331375646015	0.8522219503842526	-0.60260441370429	-0.7607918012597851	-1.975863677322947	0.7398903316450163	-0.5982245723702947	-0.49932774614368913	-0.03283842716303806	2.5062729500657372	0.5424016456328894	-0.8524014497024556	0.4382325689276171	0.11515654514725292	0.4748380202022652	-1.0930192679144264	0.660462910619088	0.3702107787738943	2.7275081140270068	-1.0483806700024345	0.8045146565648459	-0.8998304991660294	-0.30780420015102145	1.4442159332824178	-1.3528704694184501	0.5340350329964972	-0.34942128131549144	0.6433195762233581	-0.2221102136375457	-0.7748324736739847	-1.6754509005234952	1.1914925522968232	0.38463594326872935	0.12263704534606654	0.11300008667798571	0.9477443061411106	-1.1644445942672155	-0.6018330473100415	-0.7453533785843628	0.4946175661640162	-0.32595626693366636	0.6158072420174965	-1.0746899818553883	-0.6283775773415254	1.2233559508077008	1.0160569561584816	-0.6418513968825305	-0.6041406554234269	-1.5487549732830237	0.7589829997158469	-0.8405316963571555	0.2570733594566977	0.4028340739502586	0.6423665451756972	-1.1218985158922492	0.8794873694294147	-0.2564264319431428	1.5279695988984772	-0.28151998940728246	-0.39983051748442755	0.30826466690023885	0.775801060745423	-0.6056970654693403	-0.9504791981228764	0.17202077356849702	-0.18115342673229543	-0.6276815271732039	0.22432421891635532	-0.30290183363208456	0.6595985987475637	1.1327727576413475	-0.0677251331223688	0.19831326878834646	0.466595327378547	-1.277107592200498	0.9025812950451447	0.8817622025150504	0.5762953641703751	-0.2161113971857808
DTXSID4027494	22.893960846015347	-5.428326215553817	-3.4873248104729266	-2.3241607701877696	4.6919013008399855	-2.512291352435912	-2.129245749764299	2.4275000797370545	-1.7135258313668618	-0.5648358028348582	0.0782873874658925	0.6829954592521578	-1.2429650086937987	1.927398212439672	0.3087261002659238	-0.38028362030302626	-0.8627469662601637	0.9977533769825969	-1.0386245895459003	0.5574434831388144	0.30747934499273816	0.0008727747260859988	2.192856447101673	0.9704863717841727	0.6473048541689767	1.185391714677442	0.5210185329189365	0.2574164565925258	-0.9315223734581343	0.254569618605378	0.3819929389054288	0.29179269262073426	-0.5298075194770555	-0.6557261137899659	0.24961456783616456	-0.6659948349966958	0.023777532383643794	-0.8510238103165181	-0.07586007517538804	-1.8669946545213039	-0.16023557585882078	-0.6927878706514891	0.3705066336493162	-1.0530845072994135	-0.030615440809261006	0.06562213707998271	1.4250023913298326	0.33138223048606463	0.4575746822834797	-0.9707926275401182	-0.46930896364466895	-0.9180950105093718	-0.8063105278892444	1.236579005098738	-0.10161362390010312	-0.5268513888985575	0.9219531885292581	-0.47368262249432314	-0.7679048509519945	-0.32507349639839345	0.2238543914874158	-0.8143175478066431	-0.3222399063507284	0.28755616368584896	0.332377823942997	0.20493841793195083	0.5002131886197868	0.8829037500405384	0.7081409566834866	-0.5954005091800196	-0.5305749406755949	-0.5136229268750905	-0.45869631478554884	0.9305682943448642	0.1199689163445567	-0.11513567660927637	-0.9222421191096215	-0.7271789651106143	0.0329628037210944	0.43511042824533586	-1.1755037240712956	0.016635024485346258	1.0526228253983252	0.9027831684332097	0.24349020940264768	-0.24892401744745193	-0.22625276701194016	1.285967333227567	0.3232126558550823	-0.2497655269522626	-0.6342537674096489	0.13203773097120547	-0.37216818246284455	0.5922589319987435	-0.5093621155232586	-0.5030441356875226	-0.19478454070441087	-0.6040944574747172	-0.049769493786693236	0.25352160388404
DTXSID4032611	7.208295098095338	-2.400126767371502	17.958321516188363	4.879391424428908	3.519863458574557	2.5615284157010314	-7.883089298080828	4.503350905222308	5.460183160709454	1.1746756072429425	4.160209878318254	1.1511410393687804	0.9212682540320123	-1.7830864294605504	-2.565402551369262	0.7725681274198007	2.7575608639500855	-2.7173727578218116	-1.1063451988507562	-0.5202556243108304	0.2624705752681768	-0.22869245478060052	-0.4810125331258913	-0.0168263119308167	3.303531946334573	-0.6682894531346638	0.9857551582800214	-3.311163228630871	2.2296543683180516	2.3857625760287027	0.006324540317005861	0.0006590120233937776	0.6280192646331428	-0.40931795410635496	1.4288060850660473	-1.0968655532002722	0.29179065910382673	-1.3099396354727753	-0.6177763067082471	-1.409163863088939	0.6957154086822042	-0.4078008435576055	-1.448460360383128	-1.8125655479228997	0.8861538087421028	0.12435655453285943	-0.5147967269803443	-0.03508443054563423	-0.12553135956161765	1.7756197237482312	0.05202226765176389	0.3029591488837842	-0.6520590062657261	2.3718402573856063	1.6853970887336955	0.20356751265590417	-1.084067263850007	1.0326178398464072	1.478435191960379	0.5020322796746454	-0.8553952254363872	-0.03687527386798789	-0.34885740601168186	-0.899473693107175	-1.5840039696001587	1.5607435662590032	0.27919858884364734	-1.0586017627463673	-1.2637890786091566	-0.10648595875206426	-0.904762374882266	-0.6811756354451702	0.68501804759936	0.3469064412056143	0.1170118875416315	-0.04030444933598332	-0.14358624134549977	-1.2886348883325778	-0.035653603972334295	0.58236897431337	-0.1288335093042143	-0.0739093887018678	-0.20381051736016237	0.08939138588684575	-1.1531476990925418	0.8534157060952989	1.0409463148211373	-0.10128307955493428	1.005277425237188	-2.2024547446637235	-0.41064054087186264	0.6952738476107538	-1.8645495486449974	-0.547073894948959	0.08703739352000187	-1.101400898933103	-0.6318709786235147	-0.5914899033528158	-0.7049486516328817	-0.25085997093860846
DTXSID5020233	-16.61042457149029	-24.998882831784876	0.18915846084338003	-5.533992420405836	-5.020381482075915	0.9890384771880859	-2.9985977301425253	-0.37556861117209756	-1.5545217294578046	-1.571474323592316	-1.2674882326317922	-0.2926591605305822	-0.5081118614365925	-0.41418317591480963	-2.4769095365659575	-0.6419136150746396	0.4720556002694468	-0.5533259922982852	-0.42827991667302023	-1.1305884422831816	0.6224095544452571	0.09529315760246095	0.34462976081592667	-0.2819660240828059	-1.2665555314840227	0.5837022752267916	0.6633832772835087	0.03735058541962179	0.8502998507025414	-0.9624622380612113	0.16705700062854495	1.179174516294726	0.793340809200002	-0.6555685747393906	-0.3664361021918877	-0.2875605711746036	0.21717637856339297	0.7665508815261546	-0.05624625812424777	-0.06535319144254481	-0.9291756956315915	-0.3771502058054029	-0.410366519296879	0.428332216626308	-0.6965462856733727	-0.33233336231379956	-0.5380747976980452	0.0012937999055129303	-0.3962686970414916	-0.017155589095950118	-0.35651957122999683	0.4041021223094881	0.9846846459758143	-0.4507674504041238	-1.151909534235013	0.3327181205069365	-1.4030205324756697	0.10398842980055574	-0.4129796452992453	-1.1952507438047275	0.5573290258430589	0.8783306305488006	-0.5637914460713077	0.48218034115408204	-0.15934323669771727	0.1953797903105827	-0.15678551996795878	-0.057068707762612345	0.4228045345780765	-0.1480396127729076	-0.12218849999523555	-1.0638680020494058	0.5706560325140407	0.6845261032948461	-1.148187139548273	0.34368095423815914	-0.32003997148978464	1.3483112263717523	-0.4120248582750844	0.557551438855553	-0.2936033775224908	0.4171583208437946	0.5457548268833041	-0.6784764046508069	0.8652245589630189	-0.2114871550980341	0.6602671059884918	-0.22012738700325046	0.14565186628848986	-0.7769039972944919	-0.030219352302627633	-0.4333930046139056	-0.34464020581298854	-0.10981084785800338	-0.8392714136036784	0.6841169558432398	0.0802067459348136	-0.30637799071342936	-0.5255045479367897	-0.24070829401259444
DTXSID5021126	16.960664855263097	-0.222252245876385	-11.733456877926269	-3.262053074527407	0.538738493302386	-4.804929328839791	-3.3264484130881913	3.1027518000730128	0.6421232614424103	-4.575180886051024	2.0099179638361058	1.6085370228830798	0.8340077323985683	1.687022684423969	-2.0251562234596903	2.359209022274579	-0.7177986109536201	-1.113334278010117	-0.8417042003112464	-1.847770406761634	-0.5383232254383049	-0.33563856322026264	-0.24187431621759933	-1.0492875334352065	1.6876322095028153	-1.619025653154961	0.3794846708871804	-1.3496391931166551	1.2606060724308428	-0.7907685122781343	-0.4895640105919406	0.7587774374980004	0.12046499696641437	1.5143067744031795	-0.12721551042303483	0.43200911775122536	0.057634676901436206	-0.5954819264767172	0.3915724591916626	-1.6527204670955955	-0.6991883276328803	0.25977527208667783	-2.047558778627918	0.10815700158223918	0.6251754885876674	0.8804133016697951	0.03423770474413421	-0.013536784453439196	-0.915399710902296	-0.4767343708031397	0.1847778758211115	1.7211366949442968	0.2919194362507652	-0.5159512054188364	0.08388206461966355	-1.5062643815661023	-0.26524589843305707	-0.6322054200100908	-0.5494321140092912	-0.3968863968332561	1.672967923420202	-0.5215610094398461	1.5125856016264405	0.13723787769475468	-0.7793750533225677	-1.3251713886893386	0.6613636953297187	-0.09597748895424672	0.1947627977151149	-1.1737882051414965	0.07980139272423888	0.00421713738627337	0.018121562243127918	-0.23295299898402771	0.029857352687862614	0.49421541135519365	-0.36302686994936634	0.11936747659974059	0.08823231797898418	0.10398303019991813	-1.7086741756114905	-1.0595624517846973	0.22245634303162648	0.06608308885132234	-0.015074258807067557	1.1040951723681192	-0.5927165959729351	0.3142373616063041	1.0760072110376315	-0.841102685120369	-0.6018729520369052	0.984153285816177	-0.09781235621157078	-0.15974607922519685	-1.1798214220911905	-0.49275676872282875	-0.6265230046849847	0.15425416037571202	-0.7593399470951976	0.15188710949144846
DTXSID5021910	23.936490742091408	-10.458825369298928	-4.57055492612687	-6.778164806740007	8.38855197794949	-0.7905305937633728	-1.7567175230679832	-0.4398178085506053	-1.4940256365319247	1.064134391187293	-0.6415385730941149	1.6701519027632654	0.9799957172546344	1.1299116368970288	2.497897101138786	1.6175035883201256	0.5312112664054145	-0.6357104477198742	-0.26580743513342925	-0.17369721652072717	0.5326461728016854	-0.7485611710561508	1.3942075577340167	-0.3672955981633269	-0.7943783623728858	0.6748645809301534	-0.8256646060379746	-0.5598588762682251	0.23436875514079433	0.8979911894986488	-0.451944795634954	0.6424748317223798	0.5748477012372806	0.6142005049237166	1.0377170282474282	-0.022779605764561266	0.2668889893700508	0.12082244125357139	1.7096694022855783	-0.8901251883822557	-0.35770079490899087	0.4865098930474122	0.9210799045521105	-0.2676446439864377	0.2920603011815441	-0.692937440293382	0.019020134138283372	0.33252742529078133	-0.10789348959337748	-0.5432152102007676	0.05471779114623673	0.7192462769549631	-0.5977110594158334	-0.43292945828007007	-0.02387548636062398	-0.12385982317776632	-0.20323131974397013	-1.021300621176158	-0.8204280121532352	-0.2453807418033707	-0.03481015501144673	-0.057555153587078495	-0.7648144569070829	0.6861488390346351	-0.6036540559540533	0.7066592966135871	0.32208266508999606	0.008101872594867787	0.3778317322231549	0.5906407685510628	-0.09519785156324843	-0.9243734333511913	-0.31249234898386113	-0.009221989913364727	0.5808596598477099	0.006248554424687194	-0.9892100208143089	-0.1991225923064119	0.29952855533051337	-0.6506369034188089	-0.5395837808745552	0.153425006181946	0.15892939575716658	0.7922494626489336	-0.3244355284594205	-0.3217589668694429	0.63183315710625	-0.013229805121159677	0.7794111099565262	-0.3773892823580064	-0.060703719304152866	0.22673903648720595	0.5983278850580424	0.6169386771102386	-0.10184610676821082	0.014882779488380522	-0.007412563078721003	0.1479256125298339	-0.43860394098244004	0.6759507922073424
DTXSID5022308	-1.312080740223906	2.802768090012492	-5.187901937129163	8.655953121935948	-3.452905751360869	-2.3308672124571808	11.163298806862773	-1.0083161975446024	8.317004904168869	4.041361675453389	-6.805572770114434	0.6103926064672828	0.0654843244845706	2.2531443763679135	-4.060237315607377	-3.0745065268990843	0.03698256422070366	1.1952187241608692	1.0229336361692454	1.27025679335421	0.09967820171778156	1.1124042011797328	-1.1784675925207204	0.06319183904348387	2.6755364083734157	1.7273467697511342	0.3927292827184129	3.6179806332150397	-0.7072356926225501	2.3085974326623555	-0.6102631533361764	-1.944134987913355	0.6759571053777214	0.8597024626680093	-1.141835258204047	-0.7438710411230959	-0.5097350417708645	0.7618303437531645	-0.05147208020585192	0.13898671916166333	-0.06703519556262266	0.7246605235177912	0.7948985564921837	-1.1891675609401786	-0.3971046288473415	-0.7605358744735603	0.9176834275056119	-0.10552982843078507	0.5680151451280466	-0.43673336039524563	0.11141486564346723	0.8749335698646702	-1.0619180376839417	-0.9690622899263501	-0.33205173733265453	0.9347822680852362	1.007276285549558	-0.4748904458834974	0.30186500957962614	-0.4586807821533293	-0.2403783493040507	-0.9643517812982161	0.14733700128273608	0.788633958869515	-0.7370574380574864	1.3286535822392365	-0.9073739782306403	-0.6189605542999518	0.7490811246386007	0.996223931229015	-0.9048492866394952	-1.287300811475684	-1.6684912817894997	-1.0495978199897689	-1.2050248361949305	-0.41018488489357496	-0.10909183732057626	0.007757900888900959	-0.8882771306431674	0.08743093412488391	-0.35996667092446993	0.3676005821657329	-0.7616036837535789	-0.6172705291184486	0.5048626013142239	-0.6202687590748613	-0.4855590032316815	0.39600469602985433	0.1576645390432463	-0.8960356721213342	0.573427153492111	-0.29063002983578057	-0.06261730180555833	1.1356627500564898	-0.33347758479264866	-0.03170464753714113	0.2788214093096932	0.19060021811647324	0.8369489810995251	0.3396050337525859
DTXSID5023902	1.1719289297648818	-1.9264888595852852	-15.729349192703651	3.363123367642269	-2.0994547109888524	-4.58313092119031	3.0305293467500345	3.643370777356205	1.5187271609196014	-1.700149835972998	3.2134424354190436	2.3872244937372122	-0.1593568460318614	1.074617328098743	-2.4103124404655762	-0.8783269968014046	2.4848486681121047	3.3001994934676997	-1.3339941199144867	-2.2108428192891325	-1.099043886396274	-0.5977662351040958	-3.2807604193037703	-0.5923782775265214	2.4116811779855425	-1.6842478258211306	2.0382277239144173	1.4367752496098634	1.791333267552864	1.3023107459341272	-1.5244586656802774	0.10598320645801922	-2.5359588033126146	0.5537247959222509	-0.5335383392343712	-0.019728984401093535	-0.8158061117543184	-0.03328781282557262	-0.388882749148288	-0.09192253459384886	-0.6219950218523426	-1.598742688797474	-2.0077132297073543	-3.6358513586787375	0.6177363579935224	2.747991452140376	-0.36064763637250175	1.0355129862405001	-0.7947481084402426	-0.7977862024149844	-0.010266266404158009	1.1619703206419882	-0.015267532130828276	0.7412133498292351	-0.6592678222225669	0.8524382485809591	1.0591054135221722	-2.309388370563237	-0.5742826719317315	0.6111795563565638	-0.6072748207109206	2.2915756807556855	-1.7581793322048704	-0.4231953368512511	-0.18638712797265294	0.9011408803237814	-0.6614698119401542	-1.1296606952259656	0.8131341096059599	0.9482958555198501	-1.5974389098783062	-0.94918180023245	-0.3293878214577083	-1.1510397389241185	-0.4942008322195445	-0.8631030255769766	-0.7188149046432698	0.08224325916258393	1.554467114171743	1.2878933759866444	-1.1956014654664042	0.855467606993093	-2.094730902100605	0.24378674065947564	-0.9941270088998752	1.038573720961898	-0.5920994388135018	1.0757102918833186	0.2121737527874203	-0.9729580670439859	0.278239768125946	0.8129319915265427	-0.007342718086687047	-0.20665505064707468	1.0312616421592256	0.8283610202288313	-0.11480019130390022	0.7990624102344912	0.728552677565801	0.9216597967471756
DTXSID5026706	16.226952227760226	-1.263231197337824	-10.492721674989422	1.193868267289935	1.9155582526196784	-2.533448686285625	2.343998101069263	3.628602012914402	1.3479009904870995	-4.893730894772722	-0.24709094868330292	2.2599174370913278	2.764734858387759	-0.2766355406338282	-1.9793747509638842	3.4765606037275667	1.0888975365439832	-0.9097205053415093	1.3432730748654542	-0.8768285871982285	-0.7429568924267681	0.8245069166877661	0.38411049661000823	-0.2768821745674566	0.37722081041419553	-2.2678261739723777	0.09223875229312858	-0.6581741149443101	0.46131939033750635	-1.1767812567217515	-0.612802928376234	0.4967017241839381	0.5261164537549767	2.228099849374383	-1.3305031751300336	1.650138894617423	1.2554980187003024	0.8450708719595065	1.2849118471309993	1.5145826130839204	-0.6208075936577196	-0.14109569209164474	-1.3024076762511934	0.485531321316749	-0.1090111452485604	1.6178563207892172	-0.010310343444536095	-0.7930032272645032	0.21856759107805446	0.04512254683515337	0.4624300110307638	-0.38297004007542296	0.3439008214578473	0.8293116045307949	-1.9143458488815073	-0.7237210287214011	-0.16385117472202054	0.818144506444094	-1.034794844722486	0.9234693277091833	0.5274845567809208	-1.008626278441659	0.343408482656031	-0.6598995674651982	0.3586201714146862	-0.6762224079054945	-1.4263716601534728	-1.021219899395271	0.6531595450704317	0.214459791812976	-0.22499569101848663	0.5821281005812844	1.5957178197542288	-0.21549428902823153	0.5560174144160337	-0.34792844413143276	-0.28140949024650647	-1.0636957584823765	0.9226228165122516	-0.31596223474403723	0.5305162221145773	0.30422965516291045	-0.9841841342562685	-0.7320940862714694	-0.42322270098221954	0.5399271641540422	-0.2720857067646046	-0.41222111073562373	0.24325116419654763	-1.5005920457936277	-0.016244533021498597	0.13476523711314048	0.06046683654449475	-0.8540280630490955	0.1496962303629973	0.5943927560857536	0.20074033105019057	-0.3995861105562007	0.9015033297174989	0.6317432534638104
DTXSID5027061	23.273444879590773	-6.969252723561233	-8.002263996422485	-4.689718978379433	5.9120514210656445	-1.1195720111918148	-0.25386322606965384	-0.9464260931890185	-1.289194915557314	0.1644838318347268	-1.4667240481079082	1.5354285645554684	1.5379688739956339	0.20245188730397554	1.0853591683944568	2.086919802254436	0.7451041192664951	-0.32589578778353934	-1.29445946189398	0.5490918815081548	-0.8085242032399781	0.1645095384982621	2.8342177822508665	1.3005757322284741	-0.36234716188739985	1.9355623690749357	-0.6239737052559525	-0.03885926649056365	0.22823751765582725	0.5564675692910702	-0.1130901725542004	0.9656834793830522	-0.016797564045133283	0.2528572700113587	0.8244558724563824	0.03138343866413753	-0.5399855868031086	-0.5606092805408962	-0.02570436328978951	0.4103715521898996	-0.38307817813199885	-0.32043413521368136	-0.28637941718401916	0.7371087801982088	0.2562103938393267	-0.8339794464569182	0.7504776519732675	1.2922918074630507	0.020869980327948477	0.5179432720528002	-0.6511875902628452	-0.07544348155639853	-1.2198144320327033	0.7037405312988045	-0.7436061471259977	0.03382738291315719	-0.5138491519020955	0.1125492943831389	0.3073407749169993	-0.08727660145881186	-0.21094609622987778	0.6412640327192183	-0.1608609637180995	1.4016292370960675	1.2979504744038968	-0.27889203690849723	0.9578375860783737	-1.0270635701909536	-0.5470765181419518	0.4591457285284606	-0.877180786077726	0.3622232258021768	0.3944860028426728	0.10693136674663638	0.10613065100495912	-0.16441308165912183	0.30587889462146095	0.12210858200508637	0.5218280250852073	0.4593017425505868	-1.0590877935393765	-0.169923630901322	0.10495910395848998	-0.18359779876863414	-0.4989027487150271	0.0410256237134108	-0.05973676760945799	-0.051194837835281275	0.29492951574718346	0.45044174242644713	0.36628998728880446	0.2959709287795424	0.7674567960368666	-0.5195983575622273	-0.5391870817999338	0.4418351145847375	-0.017011145310286403	0.40174182274267894	-0.11664349920804065	1.097421367992626
DTXSID5037494	17.559302692978683	6.066330622010178	-0.7724545591851955	-0.4860281474258752	1.2732224084085122	-4.067883054803255	-8.123586179105553	3.2684646457182494	-2.126461956131262	-1.1386652691645982	-2.8768280427115007	-1.059262425675726	-2.4783882710669065	1.9080421341436746	-1.1978891400572709	-0.7407344668773693	-1.271025814292329	0.30188857268268493	0.8205131618070182	1.8690508693240135	-0.5229664055102253	-1.1502263864507183	-0.449708132639283	-0.3701939858523771	-2.2869373575994274	-1.4140260965066216	-0.11457840471875425	-1.0983626130876136	-1.78311056229574	-0.005626200454690892	0.07586100707103305	-2.043317021295393	-0.5531562923784563	0.16516474864975364	-1.2786936305463195	-0.7323958049457909	1.225283690567432	0.6495803156480903	-0.14798534838067595	0.3848215964241372	-0.20937739427289506	0.2941474256403186	1.0714386520922998	0.6860902699401112	0.2912704038899008	-0.9569492141630731	0.709793127614213	-1.0962613497309237	-0.2641706706794209	0.39991615506136763	-0.5126393142227393	0.4180586337930186	-0.7244134271650831	-0.8568874410883804	0.17065742145899881	-0.31915678542935916	-0.047912911359853594	0.23027835363545926	0.09725430188194291	-0.7921517014169165	-0.050860735125780016	0.05159516402980885	-0.17836111373482483	0.550674321539492	0.985642027157568	-0.5698532363557887	-0.49132223589736845	0.5631977588430803	-0.9684527993618537	-0.7411747222236055	0.9644819090417788	-0.09838752859380233	0.3242342477187641	-0.1971290876875183	-0.4464456444244794	-0.4912485136728587	0.4382819704199487	0.27395695406882936	0.6505454262889457	-0.29449783993356204	-0.07875382832912427	-0.7414215602990646	-0.40915217628468653	0.7655115388929292	-0.36478307296387275	-0.4488011210647835	0.15018895243710134	-0.871599220804569	-1.1692276149686205	-0.19014582539936445	0.5232565395035088	0.15578038694830434	-0.8304052458246325	0.18969956440550512	-0.7834295321212923	-0.6427409245675726	-0.12161060514290133	-0.29421527333155323	-0.23093020977261539	-0.22517037602752754
DTXSID5041514	17.152014588467985	-18.337386279782287	3.850988118538531	4.273902606380567	9.296534245242462	12.010399054286673	-2.1117234875955355	-1.065461114604247	0.5398778431595038	0.3957959224064599	3.3893847402354367	0.10903112449510695	-2.9705765253721967	-0.16573652123468105	0.43188519333392	-2.227507774459893	-1.435459028772418	-0.5715036673489196	-1.0343157577326991	1.0126129729023123	-0.3670874208816732	-2.226757067360833	0.8083728077325226	1.1644929089707428	0.301434775207536	-0.9524876838203741	0.7958171453049623	0.528502043243091	-0.9250019383121509	-1.0455454804711342	-0.4509003460315946	0.9183149752672499	1.00840551783086	-1.4645676396368201	0.19205340338475083	-0.20495177577542892	-0.4477669828971752	1.1134986236642614	-0.7230848652437286	0.023781348044192904	0.4752920239117701	0.22379116271463712	0.2408944814512785	0.8239175753342066	0.2823701558366388	0.5391620374187834	1.0391177381079852	0.36039899431044586	-0.6505950727712582	-0.9249224136696664	0.8225771916709443	1.6661793171145622	0.501468972473941	-0.055838212144983704	0.5573051021205576	-0.41536166500552135	-0.5537258087411293	-0.6769655068555457	-0.4304505486476178	0.4564747361835525	-0.6109832373086445	-0.09871587358385353	0.3705137807298901	1.1642325514118834	-0.6515275091879329	-0.17828400998296692	1.0276399212201806	0.0411189594104633	-0.3500890261969688	-0.06501995390456031	1.0675845684830156	-0.08423688254826615	-0.4871927668050821	0.28631264906154663	0.3105845391804528	-0.09437624199512573	0.5917545880053183	0.011587644396527506	-0.31763737532611297	0.1640403847221967	0.6318121659862427	0.10589404752781417	0.03196427438071417	-0.6051302197229917	0.030069232761766457	-0.5510980832613508	0.919424575308392	-0.7386274901901324	-0.6741861954579427	0.6053645395898979	-0.13375261824560203	0.10960365792677428	0.5933884285199126	0.18873422820614322	-0.14988930079339435	-0.9731466413773759	0.011145242844045677	-0.9295285720281221	0.058982211124112664	-0.5209945978221129
DTXSID5051575	21.386229802415485	-14.245648346549734	2.209372148235587	-0.28515633851181255	11.092638615293001	7.343754905459253	-1.922842064685255	1.3627556006899775	-2.127943532273263	0.9254140787868061	2.541846482934547	-0.5470177662461612	-1.7871013076275715	-0.03500993466214527	1.0730326282434695	-1.5976000298037871	1.074913630583298	0.4173897667135162	-1.4753341659995471	1.4589298877342474	0.5814422545809015	-2.5782146180945915	2.3215739808432674	-0.20697910751865975	0.786299249197243	-0.7129591536886034	-1.437513460985365	1.4402765217344629	-1.5115020385807145	0.3646712403734855	0.6694441070108109	0.30679086475742046	0.829553768360926	-1.0891084009916505	0.8457487862641929	-0.3573661747337465	-0.6400807949482371	1.0992492891892505	0.1260523903343418	1.3995517528891335	0.06806751961898999	0.5767945818220009	0.2264134703115358	0.47738175196522387	-0.8767128139671265	-0.1707136068918839	0.3879250412378612	-1.196770964807138	0.3848318124414297	-0.4253941448132251	-0.6538801962548368	0.015491997381942223	-1.216758336650551	-0.09788192269317926	-1.0410657873171107	-0.8308052550159619	-0.5065320843588359	0.3028237380645842	0.65866764814946	-0.4677064026242255	-0.5125552333324461	0.22670009722003392	-0.11190861502876295	0.18968992406800722	0.14920600375561316	-0.6929777656422701	0.24358148801104565	-0.23229954816737336	1.0451025819900974	-0.7885563664784017	-0.03826230372500893	0.2473552127549453	-0.9786004637609773	0.5388455324419359	-0.060176289206707485	-0.48383928631372586	0.4607481551128923	1.1612627204890382	0.35759830584228625	0.9992897338833459	0.07302885367188493	-0.06743008270252987	-0.010870148542330387	0.07841303813779926	-0.518455541163498	0.25089234518046805	0.3727680631961899	0.48723423720307474	-0.16178464874481263	-0.9863055133912899	-0.18485998772576548	-0.2754722688958543	-0.2870410564277337	-0.9672751030056655	0.21287475891115937	0.4556318203613838	0.21934125389869846	-1.4197155350846389	0.9929505767818946	-0.3875346670030268
DTXSID5051650	-12.925093383863505	3.4439209812702907	-11.498444553514487	2.9751434572351716	6.616224095456735	-1.257410003512599	3.545833590518195	9.016913924183445	1.0839731592154596	-2.3741283190578875	1.3920956715330812	-2.2028264731557976	0.12096929070188138	-1.6481541141384901	-3.4773444609723043	-1.3963033733223176	0.3875870684527464	2.8467084092350774	4.873228183111389	-0.7881738120134169	-0.9451774086262396	0.48989749691724904	1.5285436118878994	1.2736470700887426	1.690955705374203	-3.2860342903855226	2.991496062461846	-1.660119300334984	-2.164355832714006	-0.13040703625866315	0.6089219468115044	0.3484207908839644	0.098523481091134	-0.015855176945471873	0.1575722853788355	0.5993376835979596	1.576618242295921	-0.017621423055387334	0.9165879013491323	-0.5942999939796473	1.7022169436305448	0.8426602610565816	0.49368211661822753	-1.0890763902150935	0.06859490162570422	1.151936662725662	1.0126490725166892	-0.4287570776927763	0.25098256679230624	-0.2945910434538167	0.7661646932690804	0.2957746394396815	1.5932775382313689	0.6159517836237851	0.7353434621912783	-1.0155984522497867	0.3002107617026965	0.32886470319166655	-0.6003340035331046	-1.335896994313523	-1.459312520149128	-0.163290697290447	-0.17408095277711005	0.25759716555561063	-0.5134625046849713	1.5862110426464753	0.20266011584244384	0.3395066603676474	-0.38314334826056284	1.1047890729902652	0.01935975275800107	0.04389107100664634	1.9896296449214064	0.5559191329103663	0.380990721126121	-1.371073321761821	0.45057501579259135	-0.560953982337285	0.8319290788643434	1.2272863897626982	0.4152805631318271	0.695930005147586	0.9017397143022604	0.9313336952254613	-1.0903644890575224	-0.6184764170573687	0.06499460433119959	0.9506979799709082	-0.48909875061405755	1.0299465265720846	-0.37549037210320013	0.8161927771395768	-0.37134836279504363	-0.3411036100590315	-0.2685115037286978	0.3389023346268351	-0.9869039691292298	-0.00875194656156135	-0.686035418919951	1.3823674966482125
DTXSID6020561	-21.97612143731152	-19.160964557715765	-1.4524756976713982	-10.229632229967594	-3.1325609614902	-2.6991260118441684	-5.477628616879564	-4.141679240458375	2.7950070638095204	0.1298274227844887	-1.2650726767969196	-0.5535914351660487	-0.951544461079542	-0.7689263528964398	-0.970476297636367	0.18144680056809226	0.13837609617373325	0.6659528665858063	-1.9205492801930835	-0.7478267292883344	0.31897300349719726	-0.029709428736911504	-0.09656130731074379	0.048096535876823256	0.5248397640149784	-0.8956622563800868	-1.3280278712506888	1.535292458288705	0.9085539353272705	0.6490256468130002	-0.38212398014040433	-0.2170525048353855	1.3332779054292097	0.7238471581498114	-0.20852135908194794	-0.10653301753889126	-0.4734569842076561	1.3391532269344284	0.4485860207109168	0.1024749606294309	-0.5141917130739921	-0.46811120109144305	0.09104229099162535	-0.34894818062774585	0.2710728898734326	0.7538224350910183	-1.23762518975814	1.245566764813974	0.7160299979811842	0.3316197096382199	-0.21569431116273657	-0.23018084171258799	-0.23323019451740276	0.46762759535702547	-1.1450406220263323	0.4350949011435533	0.6334653135802701	0.4353627743752491	-0.264289881080615	1.120232871924165	0.04102349324074668	0.6822491052762799	0.6006861387428655	-0.09103263744372889	-0.04331568301130617	-0.7433844424576642	0.1400025466820161	0.12230384337155904	-0.23885166052771298	0.3318352184801879	0.5880973856460504	-0.07824159233991002	-0.8575133556877679	-0.23667853318319768	0.02200249013512611	-0.019001677999253782	0.5553803202553034	0.07667070192554046	0.286540030696239	0.5521769120792508	-0.5814476819182066	-0.0034473521231696866	0.33266268443817626	0.05006448907860661	0.4259180551078571	0.14387893058264134	-0.24736326003354073	0.5829528673317615	0.033237687090589295	0.3047205437697467	-0.059280030053105455	-0.4057329938773897	-0.16203642822760522	0.21046825211218284	-0.19204469960938253	0.6991899277302422	-0.4020608102299585	-0.23732383309190105	0.20853319632588244	-0.5400448581855626
DTXSID6020939	12.04223641368567	-0.03224028249608482	11.094041377843087	5.862486896804818	0.38664984867124297	-2.6330596519016285	1.8543066355635676	-1.70036744989359	5.317194664246182	1.9933669589918868	-4.099639216315553	-2.9275425490767866	-5.405577170050276	0.661649429913123	1.3342742683460282	-1.7240167927753276	0.1612996561546034	-0.9066338381475366	3.1796805160326733	3.27364883388028	-0.24827874853417647	0.4642304414365064	-1.2887075538941313	-0.13038875679606055	1.29722563260979	2.3301662397377516	-1.5796225147570007	-0.5367862198634229	0.48372865519090863	1.1645195734782372	1.154677142349259	-1.9125587573457898	-0.26286751090362165	-1.6656225904807331	1.2879452814403132	-0.30953607620012086	1.4905659129599078	-0.10677538963160166	1.7745520949459976	1.3510760390104677	-2.1203320950973157	1.007251255501665	-0.33847498826859307	0.7655862854176859	-1.7996978029754465	0.3349177680155856	-0.30236393707233766	-1.9490490365848596	-0.2371028105845036	-1.0597079640419866	1.1000509400295213	-0.7699939051467428	-0.7116895805952086	-0.5465835770880589	-1.0780497289243893	0.31349838362589305	2.0520695174457337	0.8341001468136244	1.2368710551227275	0.723948487306526	-1.1006152931113218	1.0150310348630174	0.3119096140144308	1.4883959619940474	0.5070894635151243	-0.47876743210825645	-0.9794805072835172	2.111091082547421	0.46166832310491507	2.0426604493327134	-1.0698489540279816	0.7682829907214843	-0.8879450899189834	1.5682093924223608	-0.7974646969522535	1.9963695498798109	0.5865899607488836	-1.429730436743416	0.5996338290481824	1.0235884447488144	0.13504964201047284	0.02437813597523719	-1.856501389369909	0.1503572870776217	1.577413792210454	-0.3686889246398854	0.5281223311081286	0.09140196185190998	-0.041122255626976745	0.05367714967204442	-0.10699720339626277	1.2730097946781382	0.6061775651229273	0.3153636409291764	-0.1782009591234655	-0.31423795135360744	0.34907064954522055	0.3117356624818499	0.6354795803514846	-0.3196277202403801
DTXSID6022391	-3.3655241313636046	2.6502949543049423	-5.757274989694601	8.444145388655377	-0.9729377719255539	-2.599326230886486	10.337158579140734	-0.6133613017324738	8.329772586962797	2.5549086457824473	-6.348506272757477	-0.917824115132529	0.8991428528173374	0.9666324929171127	-4.167606551299312	-3.0437081442185994	1.7423260139546137	-0.4610719278719154	2.232472483662885	0.43764190417635285	-0.7520479144289883	-2.5632598531511053	-2.1383481738075285	0.2121830162012236	3.877123886931108	2.3059484544009043	0.45025744298411735	3.5773651949467453	-0.40939811773569196	2.2369106984041673	-0.00897926633359114	-2.9162468466882707	1.2967003545508466	-0.0032376589903688555	-1.039871611495514	1.1271807424648728	0.7405568472937579	0.7739298607735733	0.6192170853723701	-0.5204044143072308	-0.04613858834251052	-0.09523122350018659	-0.3228333110997936	-0.8773399551561354	-0.7239159151880589	-0.42037932985052356	-0.8131159730985474	-0.7494853495626173	0.3057869966351746	-0.5182551849133378	-0.605019758896473	1.4702659021818658	-1.2646959005792795	0.09737395040646141	-0.7155345809059136	-0.19758948867413373	0.8240658970692071	-0.7991955589958855	0.762030053351241	0.04108730228037268	-0.21143940608383383	0.47262076486356047	0.4271567150148709	0.8169072786076104	-0.4665447956727912	0.8764810334818927	0.5837028741002993	0.16003318315772505	-0.39652040519933557	0.7074591584995734	-0.9565055145250743	-0.3946309706761223	-0.20057190148481094	0.03836901446841917	0.015806089491559906	-1.3241785662342052	0.22924097674598626	0.07195166836584502	0.5236077787907224	0.22840415891016544	-0.5579510248538995	0.3196557416037423	-0.38627514319681794	-0.34379405978596395	0.2341003951529389	-0.611735065613203	1.048170157155204	1.0692636048645854	-0.11954600611150824	-0.4012761605558129	0.41248553364674473	0.09002246270104887	3.292241474914021e-05	-0.7164441163204249	0.14414090951219305	-0.8931650425069421	-0.237254053716136	-0.049684953485220104	1.9806703503664784	0.7265745487856119
DTXSID6022341	10.595012415438736	2.5109265516949115	2.975051829470263	7.30971284100338	1.6476511504851932	-2.7060690225548294	-2.6979947875130765	10.38604677360211	-7.153382500887115	-2.4833633527679186	-5.25030715739806	-1.0689253913899883	-1.1661360731703825	0.804016231641746	-3.154448303906336	0.3657091063674334	-0.5859693191793203	0.5237025063727602	-0.05237960120446746	-0.7212165714830413	-0.046200330401915415	0.5816632570850914	1.1722617466073335	-1.8290105547478555	-1.96095950229322	-1.5283234958587557	-0.9844043808474554	-0.5417242196582046	-0.2147399408184232	-1.1110623115287566	1.003851269390401	0.21108818929257786	-0.09665145246089786	-1.0464538135279764	-0.41391756857592676	0.4926122610195142	-1.2275370975130775	0.3142619514737508	0.26779840989419423	2.310355478871641	-1.2817652211185402	0.507525381021798	0.030444396988399892	-1.0702921852466547	-0.13328708398114206	-0.5776480358152211	0.9560170181082188	-0.47129997477273705	-0.2321394318732105	-0.3279500520787935	0.059065428979746676	0.6465380366739799	0.8940653490135559	-0.7407585392673617	-0.31495330722978016	1.1928770272043776	0.5566443713752701	-1.1775268473081617	0.2921630289549284	0.5977290521802381	1.0322699803476594	0.3016263390087715	-0.1266353258021466	-0.6376050075483978	-1.0014459684508494	0.5423069941254709	-0.1551110008556215	-0.30161086301775336	1.2029973350300018	-2.1615002345546124	-0.27020998046734235	-0.4739323894305548	0.7002100414474827	0.09849409273624982	0.402880181837034	-0.08814143570862762	0.2888157130709727	0.5430830771092297	1.271545712325198	-0.033120292936435404	-0.5375005776285017	1.51651383661726	-1.0005303765991702	0.20931232859348112	0.2821095127898489	-0.9482544607901828	-0.6759645728498521	0.15523164215605645	-0.4946130603634841	-0.8779020118154852	-0.8462494866917916	0.959852458972427	1.5082713130005927	0.29879716614343693	-0.2080679050469815	0.9652651941187085	1.1414675733025148	-0.4491246140961279	0.053608559989473635	0.4535914783742657
DTXSID6022422	16.61686486940672	-3.5488927498863636	-12.251535566622657	1.3881867129971213	2.8718381039078635	-2.598832372677445	1.7022810009689322	6.8724977490949435	2.1630017044700094	-1.503406874645123	-0.8426958298032395	1.3830746934191236	-0.16780364891380217	0.8942752556910731	-1.219472005804129	0.1761783733615702	-0.028192984404372134	-0.22560429200741086	2.9732910722218455	-1.0928129849083386	-1.6090734305051657	-0.08765620394433458	0.7637917204694665	2.1943191138462166	0.2765332403380646	0.5881995506455352	2.0245918254109916	-0.09847378452120485	0.3363964436881758	0.6147446186245101	1.4313426570237837	-0.0578267069622166	-1.2422106741874945	2.358346945782576	-1.3866829151208324	-0.14100446729901606	0.23183424310079795	1.8244698630995662	-0.20674126245160396	-0.4060407270131938	1.258563411126881	0.39016366084223336	0.6963619058946976	0.3916625629323804	0.27594820366367645	0.3812377792068452	2.0043981841322003	0.48398557190505237	0.5731484432121381	0.6776325113726086	-0.13709223798234638	-1.371869824859591	0.21866130341707823	2.04695433160578	0.2610027519165428	0.03516385587250205	-0.03899243647277556	0.010320195385124603	0.21015815730590787	-0.7779813670543415	0.725932550600842	-1.9468739046085108	-0.1405357336902416	-0.37320579374646157	1.2140876816737103	0.6361590794578919	-0.2360123487172718	1.2521949913564607	-1.0348345022483558	-1.8723677279417736	0.4425729828998845	0.41935318428432616	0.5509581137057362	-1.1376858402675567	-1.922625506946648	0.6974576049666866	0.9536212280688281	-0.07738630777135794	0.09275471733776755	0.8149079332702691	-1.2167736247126613	-1.2170035014027143	-0.18839598702687776	1.2498822014813935	0.019447167078732203	-0.3040103305141036	0.4748166863489538	0.2843084363619476	-1.362885549763956	-0.6491105350433544	-0.33787952931384313	0.8208943693385959	0.2801985603667549	-0.14939101037947938	-0.9906568093807162	-0.37159772333568303	0.3422284666003997	0.6390717171473246	0.4149652891909229	-1.1068975743580747
DTXSID6023810	-15.871869111024317	-1.6277157748820383	-1.6128619998367768	2.7950897783914135	-4.896273821667154	4.1389515868912685	1.148683774939536	5.9649836490869	-4.687463103430451	3.13885239210316	0.2025820503448834	-2.389738679953831	3.5306763556365066	-3.4644075897052367	-1.651889961965821	1.5032272455495967	-0.5636319154300913	-0.9068981926264703	-3.3411162912375083	1.4059085299915257	1.0555344556743325	-1.07522413053327	0.4823831953669223	0.6640792691397558	0.20610111017299257	0.01021861795252162	-1.548044483225382	-0.6647514294152469	-1.2607029028876202	2.1245752222436463	0.663669818397954	2.9569706329873378	-0.5238582428983108	-1.91295087139557	-1.1235058597955625	0.1008121315518239	1.1993875943190178	1.7397013557057703	1.9399547306592655	-0.9304641262585092	0.2452187824543864	-0.5731821248811977	-0.33228744939422933	1.0290224197766198	-0.870240602482132	-0.3437319707028499	-0.41746373259414304	0.8856419024026335	0.2842865455810709	3.3845382029529203	-1.5500880147704454	-1.8315896838056953	-0.2295333582742302	-0.19310309159336636	-0.8524086807476029	0.24584539026275964	-0.1910119059486132	-0.7543797139145737	-1.6745803778722068	0.791873903587036	1.4067738239984575	1.4782179322088251	0.10244383888885819	1.7736738677246702	0.35808168370898286	-0.1010396580391031	-0.19435544988709888	0.8837793669849235	-0.7264603331419821	2.065787869474799	0.42026377319036257	0.5334154812216336	0.07218640053431688	-0.6964062121537611	-0.1065551592190227	0.25011353488883437	0.15508532072694464	-0.18325160749344638	0.9518131609447322	-0.41422213937834423	0.47460606306938874	-1.0673474734648614	0.31401315845627376	-0.01276165641068452	0.21158663622893828	-0.29812752615668264	0.1085808773579698	-1.185648064828103	1.1424843797369282	-0.3374298336865078	0.7546897880099768	-0.2503825880124685	0.5068270987560567	-0.13087344836393527	-0.7986371503459332	1.1881527439029789	-0.10111093378221674	-0.09964574535434693	-0.5301734555509672	0.09651219864875095
DTXSID6024254	18.325019695994122	-8.649911564439813	-13.39606818152706	-1.4666004896759857	1.6476393339644224	-0.8566166635688849	0.01742419539331772	2.3515186873949085	-0.06914551986930216	-0.4861272504560464	0.9110379284018029	4.427609797132882	0.1047144636846908	0.9147690516014464	1.4584045469524547	2.5349055730236945	0.6613687063368687	1.166240598986034	-1.84913336425371	-0.061096653861177914	0.0931985056572094	0.11308633918869739	-0.6520001686645095	-0.4284173521565315	-0.15912257366522162	-1.6261507319166615	0.40961583124376133	-0.4187399489661865	1.170233915049085	-1.7249105958089257	-2.4433751084336595	0.03287059756774461	-1.496071344019139	0.803419483980869	-1.4401906016257195	-0.20475503041100626	0.9128569209598704	-0.5565231076313589	0.7898566374203982	-0.12459329555563142	-0.5057505122182187	-1.0549569512233106	0.13087819741541531	-0.0003701303639987881	1.3833107758895642	0.9313023297372001	0.1774702505179996	-1.4024249631688008	-0.7996322325743767	-0.5861456833169677	1.339997564318022	0.4980599364239549	0.832688702138348	1.5752533662736743	-0.9507732807850425	0.5501032951437823	-0.5888443151892336	-0.3003089928044286	-0.832892336716977	-0.16186988476069422	0.38459077108280726	1.4662229588162132	1.6325313406021604	0.7380555250710507	0.4593068526040566	-0.2471455327434533	0.47308658909824447	0.159417874361314	-0.38176140115398516	-1.2600302561653702	-0.7370941127462897	0.24944244371518529	-0.13115430271613834	1.3412156367295611	-0.8365153721796601	0.8271777389255646	-0.4240025063966712	-1.242173079296761	-0.06675943530570748	0.3924553991577692	-0.6005101850395405	-0.5894571374074624	-0.053536975775950346	0.181503054624629	0.024804883476863965	0.16275224171106675	-0.521684635273133	0.1041323261433146	0.35326702163923224	-0.9133642084610333	0.31053374799077327	0.4449093766008615	-0.4999473871532441	-0.01620074310564351	-0.6860919430306526	-0.8670786957105534	-0.18099654233538714	0.119731242527457	-0.061431456777313126	0.08659371187631043
DTXSID6024460	17.512146396620665	1.3107844672932027	-8.702537485155927	-1.8812930709502167	0.8561996860633292	-6.524158008642013	0.7529416076803898	4.087659723174715	0.32599844820475854	-1.5387733390026248	1.4051675859269277	1.0999874864362071	-0.4768056009237387	2.790220212685655	-2.0911393427746043	-0.9372969172588433	-1.1930744059165979	-1.7118972034752993	-0.1534597890732212	0.13524145444418012	-3.1026785246573714	1.8241622138798776	-1.1620287490757646	0.6147402064081632	-2.04159526411175	1.742139667094089	0.4462237292827709	-0.25705636525581915	2.6755611420063974	0.8778751184133867	0.3652075678389318	-1.1295379170208908	2.017192401487867	1.1188248148406126	1.5051483900235025	0.03269617753221775	-0.867455164856182	-0.6359958586575742	0.20701672163217635	0.2971601989923331	0.11702073606957444	1.3930707558675646	0.06485958100416635	1.2270838577710241	-2.1059945914574127	-1.223421648760711	0.5059438618126876	-0.4922051321203017	0.06683975936254226	1.15243803286727	0.2517834242429209	0.4321488692716368	-0.2932986090006955	0.5479681977882473	-0.5516154435771059	-1.888386197148666	0.046625828575036554	-1.66456489195232	-0.15466258710156094	0.3902239806200204	-0.048013168943770765	0.03618614870652953	-1.4810612541959538	-0.6739719119090914	0.37399144075315655	-0.23182684640118661	0.00199935259919411	0.7013512682032398	0.32564293857681237	-0.7426468910250207	-0.8064544048398145	0.21695322996823566	-0.18084070730546206	-0.8396287370445058	0.48996007698681454	-0.42300470037182847	0.4134289657524564	-0.3963370150371859	-1.9213920835158425	0.7133524435611902	0.7847745678131348	-1.326321224802263	-0.3426937266779965	0.09038788256778081	0.21015774068589013	0.7488878271682339	-0.272356506238169	-0.7312680265328172	-0.37569322117260134	-0.22566773997039166	-0.00966835676104506	0.9137993764050228	0.5151504551816628	0.6692921373806698	-0.25301584865314963	0.4711635957083794	-0.39882256412609124	-0.23590323927718773	0.48126661279690364	-0.13300423383459434
DTXSID6025648	16.433287840259357	-6.292028018280993	-12.996940279924319	-1.3752037425069257	0.9941913549907937	-0.12938014493832628	2.835703908920941	0.5012359235988496	-0.9105472698671093	-4.114097886242168	1.0273252705878584	0.08644641198627943	2.9066436109081972	-0.671362809404354	0.3720386523390244	-0.9477983524096084	0.8740543085932091	2.782435779864503	-3.2839879536229133	-1.6700520176171605	-1.1396624753632623	1.3358162364946728	-0.7071917329099398	2.050506059656311	-1.362878017711011	-0.28684413575728374	-0.8537699093545263	-0.06771477162473137	-0.13584328518490218	-1.1543029781286955	-0.831334797847478	0.02920383855067041	0.24807072155213888	-0.9297798775616877	-0.18156343533224809	-0.8202948348921985	0.9154260979087443	-0.01066103494695424	-0.903247728036994	0.1525641891628029	-1.503391940952435	-1.4055213254114174	-0.5704498514966166	-0.7280493031540989	2.0515684228177014	0.5301039387568827	-1.0321524074367914	-1.181858467875732	-2.0336526744398236	0.16504682389044195	0.3398414847607992	1.7285004277767668	-0.6136447045977518	-1.8464775886331395	1.28415084097754	1.0181753922660617	0.00028241513451626596	-0.15531004430351364	-0.9039776197260969	-0.8000436518962717	1.9892410802329858	0.050354231502254196	1.1880368773808982	-0.36384810269026935	0.49168316117480765	0.19972037523401326	-0.2148109881513398	-0.5885721210560011	0.14534940336571311	0.662754830652542	-0.05368734668303448	-0.23708300120731848	-0.37683372912634594	0.40390203628075355	0.3150582689414708	0.3957874969271389	0.030512177716643895	0.13327285367628763	0.6656994273378283	-0.9967026594024736	0.3503285767303615	0.3289723205420311	-0.920357124682174	-0.22219088488680078	0.034257746689193874	1.3807249857339225	-0.7265068234476494	-0.5048692155003865	-0.36587282999047577	-1.9848645829143545	-0.3678747927197391	0.4940045146934436	-0.5143932921447236	-0.4776209593741221	-0.7410208902666737	0.4413416303838415	-0.5437891291257186	0.6592956399156622	-0.7507840834426971	0.8721825314220442
DTXSID6043709	-20.663444766793415	-22.555335346695276	0.3495895561213721	-9.805115914292237	-2.047686358968313	-2.346287330317602	-3.110098228975322	-2.1707054425344516	0.7952636688100416	-2.825162163832029	-1.9985950257299017	-0.6806043837242873	-1.4247644576453924	-1.0764008225257646	-2.5618286145209597	0.25976797162636395	0.9655767798186374	1.6333502232005919	-1.3280062534584056	0.41735507856001325	-0.3761785753092723	0.6228597248395664	-0.8227634437271539	0.8317115075720697	-0.08652841740715353	0.38382844303813685	-0.12347159430400823	0.8299420404993793	0.5784046948320416	0.8149550947754822	-0.005671372016441856	-0.6972754421604841	1.3025989433661436	0.09711608883177004	0.38487141822644283	0.13558335996487145	0.7370808969532969	0.6857067800207526	0.27008895360598606	-0.29181510144771566	-1.0802098498088448	0.4554151276414282	-0.33118550383396106	-1.2956754066055505	0.5250872736384523	-0.20716716200829577	-0.2912976670254298	0.004978363588207139	-1.609848845679772	-0.14286873316014032	-0.27539862464233805	0.23407326726429756	0.819243242209166	0.7698963370897262	0.8104155873335804	-0.4567492327669634	-0.07814184298314814	0.02832237065761961	-0.4845130954584253	0.021706385540076003	-0.5061760254339706	-1.1831787221223218	0.3110851271613229	-0.38613277431537185	-0.8185709373237452	-0.5115910281109081	-1.092435020969897	0.7169770653752467	0.5039135417916083	-0.1562398498881355	0.17745462530868633	0.15660259901877324	-0.34607159503615703	0.4896258912267783	-1.3457461979625678	0.34272370533027363	-0.10973086147296	0.8294185434225776	-0.14720058764272437	1.0543591347723862	-0.048245170753265364	1.066349249685296	-0.06983760113024318	-0.7432152340312936	0.020830917856353076	-0.30970158609074394	0.10350418817743486	0.8147411405174737	0.4106617028982896	-0.04153928935922433	0.35560071788911013	0.37273647145776834	-0.21008482071711418	-0.6222730759847029	0.10673408076076149	-0.6832279027943087	0.2697616520608825	-0.10072027798549081	-0.31175213065480345	0.3546154575763781
DTXSID6052112	19.360778871830135	-16.026482489351956	3.6002031966355297	0.9929361368739023	11.177242778162574	8.064816249034648	-3.378180410827807	1.2556164801586143	-0.9661014442240046	0.17063365728411944	1.9090596806170994	-0.6896808568289723	-2.6131930195526727	-2.2964577756986184	0.6423206992563762	-0.7839169846296848	0.9889115136357076	0.1579481908430916	-2.2961529349822243	0.34066517326233875	3.046256076789591	-2.371020505864714	1.930878915017064	-0.5990811008755997	0.18421818093758308	-2.0032146152299894	-0.6925900229371115	0.8424966287203686	0.8917674874288561	-0.11333018318381108	0.3048774206064325	-1.217259741649406	-0.1604437411965933	-1.288501245435325	0.22839589252468254	0.39666604221506724	0.24824365916663363	0.3335620175371046	-1.2167383749750411	-0.046330075634187125	-0.9206856856978007	0.6210067772638183	1.0019547136197884	0.865277540902586	-1.3743628018275105	-0.10258871456022313	0.0012261340037860518	-0.8914612626554883	1.595340905546518	0.4100855032708551	-0.26112253716657824	0.2957871920544434	0.22574966435504648	-1.142719766269007	-0.12789762873501068	-1.3641483693007441	-0.6586245003859764	0.5336821904830168	1.0608278573196268	0.01809024070813883	0.7702326464133405	1.3364001604324678	-0.4349967429593088	0.3538733155388963	0.8047198807832189	-0.30319616523320597	0.21102122491638625	0.45057856766631915	1.4003245233357247	-1.2402609771323694	0.5838234233106866	0.1508357384352751	-0.11193716470795576	-1.3651427275298422	0.7924582878381593	0.12173397854133339	0.21946056710086476	0.6926310436013885	1.1239350872347178	-0.09335061813500688	-0.21031768984827814	-0.5088201546526145	-0.5565148295659377	0.9573782766343967	0.6221461824810551	-0.6081371233559064	1.2354741280480113	0.2189589992657664	-0.4026929627674347	0.7956710603862464	0.8537210722402756	0.4770883802324116	0.37218406852829766	-0.3205664487156209	-0.49321848910564864	-0.41640206650953926	0.2134328844964017	0.7882972776275805	-0.5897750649579222	1.4184703920501196
DTXSID6051560	21.05360309912197	-8.566821939119322	-2.547128871220032	-0.771251966850581	1.3342613417838018	-1.6488555504783213	-1.8935506145178922	2.001946744091649	-4.233695914988889	1.9284018288631493	-1.4370591512890132	1.0062537087384948	0.454455822080941	-0.08839413101366328	3.5898610710519367	2.5500171693504585	1.2906567795874322	0.5103037993305746	0.6416668057807223	-0.8190306282823389	0.36099592675225944	-0.06931988165698588	0.2926377208534252	-2.0039056027467526	-2.166350174625517	-0.5040564112732304	1.413749235437488	0.6753122671830243	0.8654375486247654	-1.3980124382857104	0.09227903971131324	-1.370835461695825	-0.5563158819437461	1.728006089656155	0.9543335051335186	1.1538414431814874	-0.6904383244668383	0.5587248010299172	0.8690925454857653	-0.3254921433367327	-1.7548348390713238	-1.7259895466554633	-0.24789110309056303	0.5435450308398782	0.6418889403791262	1.1742761291184078	0.7613875033434921	-0.7382519200252935	0.4037787212767949	-0.6472625852199817	0.1105420164580116	-0.2889883244679416	1.4298242562370593	0.43604930959274074	-0.3844627541241704	0.7757907203332313	-0.17706917740397948	-1.1312433673172042	-0.7902419786232066	-1.055514939922913	-0.02003483073897842	-1.2110522279436853	-0.2060430839262401	0.24969207008217462	-0.1463990195052448	-0.528459342372774	0.08534815363728988	0.32334115281502596	1.1657569540798642	0.19593295108700304	-0.09386389006018159	0.1557757891070859	0.6358991719114264	-0.9445509059565257	0.39012010053352175	-1.6151719990094087	-0.22725867720657772	0.914630986917899	-0.20106616254587706	0.5707545351561472	-0.6704435089588834	0.033572287883215646	0.30367816519917606	-0.2263278793883678	0.7826692925710191	-0.02106603665152409	-0.30364262087783095	-0.5668446850568106	0.4016591906111522	-0.2903662164876936	-0.2690949671698277	-0.8436365611429886	1.1941975397728655	-0.38952255324599366	0.20586701291963178	0.0926765539412741	0.6912313111357499	-0.5172374776659899	1.1284632607856508	-0.3343669476469293
DTXSID7020687	11.149443205749023	13.729123476839284	-2.9694625188300163	-6.193602787152962	-2.877801679870256	5.351710818796631	-8.880141666492825	-5.541463072753828	0.9583325083512818	-3.2251274222122843	-2.1572962240416462	-1.0898875509198025	3.692031352409262	2.2454755027555384	-2.6273120032129285	1.084662447450665	-3.175403291515857	2.425892284719625	1.0645250871620593	0.1482166426373983	0.4847286921850801	1.3431076612976391	1.9815589444811874	-0.7053897291513033	1.5111179277447924	-0.4698485778081652	2.609921905188565	0.17948149041582906	-0.764201393483819	0.7737415751630781	0.4968156394431195	0.29610410415480015	-0.5276602505252751	-1.5655845944785627	-1.7254796619303798	-0.2351607112303176	-0.24943402170006226	1.4192302613055636	-0.7962437379172168	-0.7540227191487311	1.2436076492339434	-0.28075509741148763	0.8034112363936765	-0.11574322947430779	0.3291315469465953	-0.28973920996463165	0.9676635695729382	1.086507186426123	0.0869762015262102	-0.9502763427435575	0.294536202708991	1.0628174954331806	2.5271962704773663	-1.0155172948582611	0.12050483828829503	1.4362837135397166	-0.8116914127239642	-0.6861760025759851	0.4018910535982517	-1.004199610693697	-0.8157757954275051	-0.27474795218867193	1.18705534436301	0.970000837985284	-0.28056125748869915	-0.021400580983543426	0.3974339764345528	0.13513374819350565	0.5433782610779159	-0.11591148880458949	0.41264612132290335	0.12334962662650971	-1.6611752139246367	0.3434951973540919	-0.4881579461552562	0.9968656608660018	0.9219005821883373	-0.5432636854996655	0.6334010731708016	0.9503701709708439	0.2060605525133453	-0.3537109035905464	0.06197945337073435	0.16663150985773906	-0.42727531474751745	0.7282490711363792	0.08339107948902331	0.11009452047448533	0.7039091397124766	0.8587364419337239	-0.0407026915652107	-0.44478938120061695	-1.3065612710782164	0.09535529557338554	0.1161980567143296	0.785981702905321	1.0603535399833348	0.12994868194919865	-0.2337736872305565	-0.394916343100259
DTXSID7021815	21.39987657031868	1.9327351606592242	-6.37178471605491	-5.289609362951817	1.6614924312741488	-1.7087622007346146	-4.631296106760096	-2.1664480269987196	1.285832386661914	-1.2525639665414006	-2.5520660247844074	-1.098077003942038	3.431445693072987	2.0107637273959953	-1.2464563560930064	2.365875785468874	-1.5374898984245027	-0.06498020556265942	2.0522124444364684	0.26495406051216197	-0.7473156564291	0.0806482960219271	-1.2429030938444767	-0.9341149921294666	-1.107279378609427	0.23103041775045766	0.25942450516821997	-0.041926767641779175	-0.06872479580132415	0.2026108851203761	-0.25656609241164763	0.23049260875496955	0.6550828555873592	-0.39598495047238946	-0.2918643927124516	0.3632347584764665	-0.28104925158265004	0.660374929646073	-0.055391795222041296	-1.0528510690625195	0.8365559589927468	0.13452351918267236	0.2504241267216651	-0.017599548138437667	0.4643529339158981	-0.48485518408492073	0.26438217920517026	0.12981610823038875	0.07993831816829687	-0.7658281863050016	0.7729074901656452	0.9912050370848509	0.15664812260255281	1.2480613209109856	0.03337465530325003	-0.019242144059464224	-0.6566008575591329	0.586255442531837	0.33685972871590997	-0.02563379597772925	0.1923305047150362	-0.8369087740470627	0.6667595690680757	1.5361494738028414	0.5124908161767527	0.5192630019438345	-0.3025289241248697	0.7038284259889451	0.32975793124473646	0.2635878339944142	0.3017198490432325	0.03681849839126529	-0.48339440648544807	-0.10766902724152244	0.5405502727562824	0.7145036630998353	-0.26627796538620824	-0.7739482059985097	0.3002786183336584	1.109073026755834	-0.24736164938035907	-0.5759344339860375	-0.0016991080855173779	-0.18098389748042504	-0.232453674112256	0.25402559853065015	1.2543699630369212	-0.5401164627015349	-0.276762349299382	0.37998974969094856	0.05257981658692099	0.5450280937820807	-1.2549470533281781	0.1607670329222201	0.16081096488910107	0.32581107058664094	-0.443312238463263	0.3346640334746414	-0.5482677740210873	0.6693804761775343
DTXSID7031458	23.35583786907928	-7.612492169324911	-2.7339404143150805	-4.444842887498406	5.43385544887683	0.38507024068510975	-1.0537705445012422	1.1487553740292287	-0.15690312137071394	1.3881463662918867	-1.4303759097527713	-0.16189308948261594	1.444206055612237	-0.17002654171754564	1.3620269968578673	1.5882550180498534	1.6096052778176047	1.0426347733533141	-1.3227073522838986	-0.5558482691775134	0.6021792547783207	-0.15587157153440975	2.3409686039675046	-0.2717946668568932	-0.8596542049165173	0.4278406016447509	-1.512015689944463	0.24248543899858233	-0.5010553383947887	1.0305622564821153	-0.06591308562691772	-0.22203077761004322	-0.8141409198808565	-0.8773582158701703	1.3298625659739798	-0.32953874613713013	0.24444465741065705	0.8675213657857136	-0.48533157085376194	-0.4123126247733656	-0.04353693945356248	-0.057282427442838915	0.3579917617615429	0.09096224743196932	-0.20848268227637892	-0.6512161347636657	0.432450988671673	-0.4885404835794196	1.034227119402589	-0.19100825091021362	0.007117786477241317	-0.3588232347177133	-1.021982305709908	0.3110744696200566	-0.04358693192782121	1.2895820539964062	-1.1246648159239516	-0.5505884953151513	0.15047420131580264	-0.3317252123132842	-0.6213879190025768	0.9760997250806496	0.13654307991537	0.758182400154626	-0.15101678254389272	-0.7536954490726684	0.5198322960696283	-0.08463190012112208	-0.7054156431490634	0.6773279378517975	-0.2693186566166885	-0.25283807292293414	-0.14731988473976523	0.6944253662619594	-0.05258190534202845	-0.3305531619330686	0.02216745707018265	0.2481324810756502	0.7466667029435663	1.0347032282627415	-0.6692896003892794	0.3479784330605614	1.2641789382153878	-0.21445311326580824	0.5277371863937915	0.3601888179326479	0.5272509590430147	0.9965659462499636	-0.09221153799184478	0.02538462675898869	0.6831005281223806	0.16815500542308937	-0.18253650568245794	-0.7664421627421599	-0.4371867002941418	0.14797800544117123	-0.6181085947758711	-0.12178343916295818	0.5839030061000751	0.03181914820883138
DTXSID7032630	7.091216031138864	4.627523847880312	-9.894225219314205	0.7360362842747622	-3.814487987193983	-3.7100768950790837	0.3011742248432876	9.17845690687811	-1.7823781104551348	-3.6014497494189364	0.35045590088945766	-0.16838347306946283	-0.9597570740474142	3.9456727712878505	2.9661572422702265	-1.8322206714470424	-0.03533887931920539	0.3869895797338431	-2.4952781002159155	-3.737757130632514	-1.6884531232218953	2.4138317907156788	1.7858931600808081	-0.4414652350697877	1.9201257384041464	-0.3426123092294393	0.8369380618246884	0.061189623757822456	1.654143885603902	1.2415178895372683	-0.7199670956041553	-1.7079580277535031	1.5662468698604106	1.1269681797325288	1.0759866911590419	-1.5643842789896145	-0.006554398581805268	0.02044882684567145	-0.8637650015525314	0.7090243425300128	1.027838467355766	0.5569434204443426	-1.2301812765432834	-0.5772144897686116	-1.7223832688228233	-1.1704867199468303	0.980808851737445	-0.6396056677934975	0.8314279814520821	-0.18182408981213755	-0.4493798158427515	0.06413799338222767	-1.3045767493464728	0.2920243919055712	-0.8457919430719671	0.2641536265133046	0.08304911773170587	0.07775700332717958	-1.2406520259720357	1.115959879190076	0.07084418507210179	-0.7029964382202125	1.0908505919605038	0.6912725862899938	0.8734673075083796	-0.7596311243690493	-0.7458723603677133	0.3172005969561483	-0.4418731900041444	0.40632897171765425	-1.1063829406359722	-0.7149621393919257	-0.6435143494643878	-0.7178854605677621	0.1875179840956953	-0.046516962272834	0.260884303074615	-0.09305747499175791	-0.028455242987910745	0.2579972269930343	1.4620175287042618	0.5100796076430446	-1.7237832744442756	0.7132340580939851	-1.44823040325329	0.5738260309537387	-0.03907696328076208	-0.05545242825092311	1.5119537338643396	-0.42241928303903253	-0.3404999169830586	0.40917614362767274	0.17780526383674963	0.11921798744006723	-0.3741264561147755	0.1838571354640381	0.8739657376781449	-0.7688484873851825	0.38161829126601465	0.3611059453325358
DTXSID7042190	14.995358824334946	-6.385367262775196	11.436670456723567	-2.309092077279792	1.0399750639934728	9.409245226273004	2.8442897076483744	4.189032758110699	-0.37665349117767694	-2.1942370351882574	4.494765396399446	-3.5313195484925055	2.3328902253407255	-0.7355260914184942	1.5445668406189066	-2.0110561299976246	0.7308501626305057	0.3716587281852259	-1.3563580284800247	0.20307855853045753	-0.5089745133009818	-1.2850515562990985	0.8346737867933961	-2.0001748436346487	0.4552069999117098	0.76945548872854	-2.236648603544871	0.2299033619276368	0.5149267441420058	2.681384814793815	-0.6366642160403895	-0.0948121838598944	1.0061802262197281	-1.0902297021076774	-0.2705290120042338	0.9206066774841158	0.09418985828470151	0.9626315134318111	0.2882055462605943	0.832244459056614	2.0858055593552383	-0.552522600863849	-0.4890480535479287	-0.9933535212713139	0.2622922990064309	0.3383665450187227	-0.6202654728388981	0.8679709878619992	-0.42737310249822874	1.828004787984247	-1.520373864859001	-1.6860551022111872	-0.5438006179420902	-0.7060021124800651	1.5645854171141265	-0.7594582905442586	0.4819057918075255	0.5262281444723879	-0.3219225244658661	-0.31704259108304517	-1.26215737487169	-0.1530724806036269	0.6473777001709193	-0.27769376627304554	-1.152112114196675	-1.2253067357968244	-0.44611291478967235	-1.3474698541600554	0.9993283791433917	0.5281844731842747	-0.6317628994200659	0.05547064858901565	-1.027738103060861	0.01765765918158019	-0.482797443179497	0.5815560971144595	-0.4795926834154816	0.14699874249615377	0.8128270839959528	-0.01818201946264437	1.0570097543025938	1.3576819817715509	0.08895536777610985	0.8682428591398682	-0.7381962947454072	1.5944843172629972	0.147406887242391	-0.24653890041756665	0.19920426847846776	-0.043423776917279604	-0.4931821681197437	-0.5608869207537514	-1.342479004090234	-0.16920938835466237	0.14501774994373262	0.33141972955045845	-0.4350121048822965	1.4514455663025443	0.9948883121750444	-0.02141417391920617
DTXSID7047433	-12.922676551651767	-22.018462341488252	-2.667380846416046	-1.5013755768998416	-8.232678618407228	-1.022079417615076	0.0543948975475061	0.3358774276667696	4.757291340292764	-0.6145003299090598	-1.8689574738026535	2.1976869803566546	-2.013793112062236	1.1129824924670413	0.5735125373291066	-0.6917743737316925	1.6822414351208672	1.4042085893213025	0.6661967835608015	-2.911550055165599	1.1645107033743975	-1.6489401977596003	-1.216917739225392	-1.2574456942816348	1.362509289910404	0.9259149121654616	2.4325655871829888	-0.4949423424571515	-1.0662123145023235	1.1764911786909105	-0.08768813521803545	0.39972127795878715	0.991539505177039	-1.8603942293419196	0.5320064032184724	0.6957765647312626	0.28177713655299835	0.7899678627809398	-1.9514547905507145	-0.44446466350321007	-0.6264714573382231	0.3986926740010718	-0.9965593784926065	1.1934915687802452	-0.665007749393821	0.6473889665738245	-0.5703085393415771	1.4910924413303073	-0.2501575078453744	0.08421454798035481	0.8811989620960381	-0.008653645874444406	-2.6207859248603587	-0.2164274685038258	0.21592379354865612	0.9506801966607609	0.9257106359354181	-0.7572291848559541	0.49305093047072496	-0.06633174595641741	0.6865023807761154	1.1690601579341244	-0.994651297819347	0.4163590298589887	0.5948031085389902	0.17187720774678691	-0.5420171001080248	0.6378430760735784	-0.19676181497636264	0.0036229768269138915	0.5160226054908996	-0.16000919444425155	0.217194118774641	-1.2253631569307382	0.265988226229253	-0.6615873925542424	1.4308706521905714	-0.34621566590239716	-0.09673278561759302	0.1613243907937178	-0.19920628718435568	-0.20550477640563697	-0.6010697500146425	-1.399824248343967	0.9894681332130498	0.2748769321828248	0.3572956235747637	-0.13931717353396106	0.17169163978801455	-0.2829011390266099	-0.783130219612875	2.1806177907307456	0.6342739916302447	-0.20374010741984805	0.9885260385816461	0.3282842890845979	0.4033849747192458	-0.13899968993315517	0.22679780881919404	0.45466144386462615
DTXSID7051557	22.96220900882586	-7.393160934289542	-5.4877546606905465	-4.6275982417965	5.117848326771377	-2.176476231848041	-0.17752344475986967	-0.6748213396733155	-4.501195642345527	-0.2513532596269799	0.9261044276664298	-0.443322371177456	2.5910811137511547	1.1230097481559709	1.08341350209909	1.9397704038007864	-1.228173651506232	-0.3572468087896141	-0.9220576852026183	-0.31382595247993483	-0.13556346961788773	0.7766094971048213	-0.33230404930671575	-0.9994323457360015	-0.3470853706843753	0.3690503948489315	-0.3106890562911548	-0.4178307355528536	-2.002468626077985	0.4193648046394724	0.8166643504825892	0.29151929067962035	-0.1608043010143246	-0.5027686025892639	1.2223370040405406	0.2638417722191893	-1.1592025388281386	-0.7628047288211599	0.14625997232025034	-1.0089375821438187	-0.32106934150919586	-0.4585214643416729	0.5024316274934005	-0.3962070816595629	0.5287604059606267	0.00597699098409021	-0.1612344238753983	-0.007267557666367049	0.10655749189332013	-0.6045016911759381	-0.9874815484547703	-0.7193446482490512	-0.18797990668632172	-0.5413746727444275	1.2864448251948943	-0.024445646256013212	1.0538309252363225	0.054429414030271045	-0.41687598588520214	-0.2103297923631555	0.4080291028043774	0.21119099814788184	-0.5080482840936004	-0.0793675695257943	0.03687860718138361	-0.5309775584544462	0.19602967789421435	0.013905669801363551	-0.3891020815740151	-0.5560373371107028	-0.8654371842640068	0.501820725435013	-0.04221083853668527	0.7143842067452392	0.24368538907294737	0.22812569841106234	0.029042594703645824	0.6013709517881338	-0.4539682272310793	-0.39813497993948693	-1.1095195599251702	0.07408106784005508	-0.14766511780304212	0.31474572794225475	0.7884623655692043	-0.886470428726077	-0.08494044880477915	0.4489366014860975	0.051030662053002926	0.33472451439270234	0.831461463900313	-1.4622442761618144	0.32254611911582864	-0.5273580907315775	-0.2570515486170842	-0.33179016329094296	-0.13641844958239407	-0.21428486340895683	0.07815359278864567	0.7193746039811922
DTXSID8020337	-20.264536588387745	-5.68984159786709	3.4724095850575165	5.870307562323449	4.882997932406129	-0.352646701141211	1.635415497881925	-0.3797004569000222	5.6185861879653665	0.25418721763209123	-2.970799583311941	-2.918064941841001	0.3354604853330934	2.253761425853196	2.2337372281509946	4.678862272179158	-0.8179836805523831	-2.8328659994807945	3.3619263495556666	2.0031172389987386	-3.258584960681663	0.05061261325559697	-1.5454999322307452	-0.9440907705253849	-0.21045043458228893	1.8790761893638663	-1.4688440637391305	0.6687120005999564	-0.6696259888292597	-0.7253614285325463	-0.6872621290294837	1.0744785372268513	-1.6415625698917515	-0.07307311041294028	0.5061648320462309	0.7351795127531329	-1.075722867758499	-0.6322242158104892	0.8874518792465965	-0.1868447778897468	0.44379882362920986	0.7032783938125898	-0.12759255419317922	0.20491475620489047	-1.7945399517736942	-0.17395990221740532	-0.2679840068349041	-1.8913067654795956	-0.5808348776881547	-1.1672527427692412	-1.309065063289098	0.7379221641702548	0.02024604538075839	-1.3274664616330825	0.15080931305532083	-0.7897856295849142	0.09336776832324173	-0.1471006681508927	-1.142883205383737	-1.1237558206852851	-0.5560914978879221	-0.6945145303464008	-0.3074036302471093	0.6195058744001388	1.1501043100003148	-1.0058968955125678	0.5193961669122259	0.6552063123795395	-0.6268127588922022	-0.06948567953757237	-0.8595335122348412	0.038370843921929174	0.39734401409177955	-0.08097062703627998	0.747403055212298	-0.2946248161651895	0.08107737393416954	1.94842551076577	-0.8882407433558734	-0.01953885426862038	0.9224093800927724	-1.370894123127569	1.4848585800437166	-0.180277636036541	0.38879720372151627	-1.0588743072492037	-0.0484635972072156	-0.004956630096765634	-0.44654298432006695	-0.03350298926856863	-0.17297421640752403	-0.2838136317946829	-0.015679670469498534	-1.0219839254907042	0.6251216345113311	0.8257175037935572	-0.0013399941085027148	0.25395686162317016	0.5597091664177107	0.5503411867980411
DTXSID8020541	5.444403551102499	4.582277167340843	-5.10337007855299	3.4538099302852765	-7.516429967500848	-8.766528949733011	3.5513130741586245	0.8103271807075667	0.39963351045102247	2.7246806933502885	1.759483686160695	0.7057644392751438	0.00806615326165462	3.7546477363676463	1.9054602054370904	-2.8516633077269566	1.4037946085886799	-5.234970572016657	-2.1508531863910436	-1.9517505256719492	-1.7191179049091068	2.1827990944861084	-2.875010158619088	0.8887393449277478	-0.42832291339731227	-0.8430866925012681	0.24333218420867653	0.6795765179748611	-0.5147484423210786	1.6819417208856562	2.7066243205581078	-0.3282751733117186	-4.8729576431868935	1.168126079362514	-2.4118128358067747	0.8030828523467752	-0.41919177590948714	-0.4744550894808443	1.8487678161765502	0.37765465531904124	0.8928928191544667	0.6119611992072113	0.9800708360255661	-1.6222646953800393	-1.8290577588267383	-0.9312859195452189	2.188144648700663	-2.746056758323645	0.26590884989951924	-2.979216192014884	0.7250717888725717	0.04216279730927884	0.6648250321630176	0.5234305600452303	1.6887019589158783	-0.15064496773493224	0.6477693251712581	0.7086963766669134	0.14700825810817575	-2.367260295764204	0.2430797013300325	0.6130989956635005	-0.2956038418895112	-1.59707045815591	-0.3922517166771354	-0.5527084705603095	-0.9812547451212116	-0.7220903368084298	1.1327026435654688	-1.8904050898238909	0.20505647321264145	1.5875420416953943	-2.045061946645312	1.613818841549328	-0.391072777523151	-0.0539046618449992	0.5359067255897868	-0.5595334629190003	0.5084988579079647	-0.44181438438718185	0.8666608664382985	1.584604681932526	-0.2176014830571908	-0.45384655863640627	-0.1685064565038005	-0.04268437251133862	-0.6187047683405844	1.036910013187179	1.299697231759972	-0.33726280826985955	-0.23618641551318967	-2.190640671622133	0.33335726944907357	0.7256228793147129	-1.3894824226913733	1.5904994668131933	0.7958876858476128	0.18751926556845946	-1.0926218184859475	-0.6730602994620767
DTXSID8021301	-19.521446599919138	-5.258877412253117	2.0224732286498837	6.461898775522323	2.8984041778989162	0.7815526065907593	1.8152073600758172	-0.317040586918703	3.783565227892045	-0.0819850886283841	-3.5506262673650113	-3.0361882530809634	-0.17333905539827177	0.7136245257438787	0.5516832600776422	3.601796403481859	0.669721132442868	-2.507866513759917	1.761597554700573	1.0834866716370306	-3.697603120461375	0.17101816478415854	-0.8340757122961849	-0.8453166609874663	-0.11412221583674491	0.7901504933280905	-1.574598474701924	1.5013419652597302	-1.4892913433946462	1.956312059146983	1.108772461653325	0.7441192662625183	-2.5932894578222276	0.6344626221764705	-1.5772403597925126	0.7738663965866397	0.3301322107402812	-0.32099630674809043	1.1123849660307839	-0.6302034341886924	-0.21115406321671995	1.611732198901582	-0.5455439999630173	0.6378944864368484	0.2776006176740671	-0.9761672531997369	0.13692494189739732	0.860188918629747	0.9170933270078445	-0.1995794590575828	-1.321031549547093	-0.6805433836698267	-0.603832827014002	-0.41102654206168493	0.6361753668582264	0.04480323817680511	-1.1808270108308674	-0.8411779182765706	-0.28913382929092823	0.300105985659617	0.2167169578814204	0.6319581279532472	0.4371434134774131	1.424818298699735	1.768292966828018	-0.8003284022717415	0.5382342451621099	-0.04013568158809054	-0.9576699328801096	0.624687418676304	-0.17582943048679828	0.2851044069485267	-0.32144987747196463	-0.5211418717577181	0.8268690309612999	0.5852053846258262	0.9014882301190523	-1.3425341242172637	-0.05158680252810854	-0.6369562776761475	-0.28703667928204407	-1.8496531027221967	1.00661623630958	-0.0799373263402206	-0.5320843921811401	-0.7986463971540994	0.3706461849432236	0.5904560185071478	-0.6827265571123579	-0.9792799817988799	-0.03141227748182777	-0.09495280118568199	-0.45818536270118226	-1.0584109080482604	-0.8353621085172513	1.4164253125580204	-0.5375171042565164	0.27854184718338965	0.6366725467170088	0.14468767053810744
DTXSID8022377	-13.909717834250497	-25.234299452764525	-2.1574986277986588	-6.012114539300274	-7.015667133459319	-0.1000830822282164	-1.5303889236259756	-0.4719308469663482	1.1057701805195954	-2.599678888651158	-2.7361608495093757	1.4044608053076986	-1.4610697985406933	-0.6656607470568895	-0.31475051886133626	0.32441977308753994	0.7572360689567733	1.1671238244725117	-0.1357227920179601	-2.769443146044181	-0.348242584468564	-0.29637495400295744	0.04741500832502674	-0.9085289482058033	0.07818802275605878	0.300339425952249	2.5551913552285876	-0.7293417833002147	-0.4299979008884087	-0.28264656146749256	0.83602639463287	0.6651483338585972	1.3571063944895587	-0.4733913612568225	1.0150915818861326	0.5598293152513861	-0.21258499759569469	0.44912715731159475	-0.2711698808288759	-0.5074179059691785	-0.06901237755172282	1.2704639165230762	-0.5848440699904048	0.0490717742544567	0.997084794997367	-0.13417240607752604	-0.7276771495658177	0.3932627527401188	0.04797585550027449	0.3691483460200988	0.6718876906170804	0.3129534140568964	0.4607319433812329	0.26171059472695546	0.1735703106842114	0.6555778882641916	0.395833275082168	0.30680802952355685	-0.2903051246009156	0.36296410083020536	-0.4071223095881724	0.5183458386357176	-0.6314993632064763	0.5709984381284298	0.3630459193979582	0.25088078754804305	-0.13628185096642437	0.1909729536586739	-0.13771283129429635	0.08635187500675315	-0.7001915144717504	-0.5205957507080017	-0.32190887799671486	0.28676792498420256	-0.6846882537174902	0.2989201780404871	0.5553241356859585	0.6235814378952663	0.04268066073209743	0.2669374628120706	0.6481025735165339	0.6157129671060068	-0.497859820156488	-0.17994862776907958	-0.6136363213590351	0.11909310723857992	-0.804017435649009	-0.23714989899669447	-0.38597835283568127	-0.7382569672279959	0.640613764747585	-0.026373862907063853	0.4426938680067485	0.6992802935616634	0.17803984179930024	-0.058864204607868724	0.1753619178038259	-0.3830235420810771	0.03120343836321646	0.37408812355565174
DTXSID8023719	-19.855685996177396	-1.356324434979518	3.156532394965712	3.313360161795801	1.9819649480727084	-3.8005871470246504	2.448376448679261	0.039852402098049314	-0.6470399214838328	1.2930515363790236	-1.7681004727890512	0.005916534407814801	5.369335243172905	2.512337692811712	-1.4404459111533936	0.8062528626645867	0.5605354005010591	0.31647861725533083	0.29605700009446945	2.1724266884215417	0.6765771222234401	-0.3249087410540601	0.3170844828127728	1.3468314200652265	0.7860428025621725	1.618792783459651	-0.14086991791630016	0.7907493438718164	-0.035854797395551384	1.004336937774462	0.10025831891396286	-1.4492778554858305	0.02331766073068441	0.6433064029716493	-0.7698715191594372	-0.6638101702204282	-1.3439309924203433	-0.2315088621542477	-1.8314691230722868	-0.5190443035737218	-1.317946186375914	0.8088583589384274	1.496036010153122	0.4171237938753719	0.3244263811308806	-0.014137581516507184	-1.2665565809571084	-0.46154927639809307	0.4304288327954774	-0.05051614116033149	-0.9515384949840171	-1.0848115305631543	-1.7638740143744231	-0.4677549353796803	0.9518411291330756	1.0705361445787331	1.7006357349951722	-0.5184912141634961	0.42555150776311235	1.843445870044838	0.84475148976887	1.282897652211099	0.5393323063283558	0.059756912064637596	-0.4130288255364942	0.04654484885307839	-1.2239241383619393	0.917070919361518	0.1463920415237633	-0.5331804848024928	-1.3587727849290536	-1.5708145020170432	-0.08396014270196603	1.3775848645476567	0.38095165958319477	-0.7861792103576659	-0.18053675720867352	-0.06921935475979038	0.12214293551410754	0.7549288155716969	-0.6508942794167959	0.2574076361141433	0.4393070934232382	0.6062922806598268	-0.3715924506763455	-0.09282680483256035	0.2108402419763379	-0.504189923617638	1.4598254917831675	0.44583381291917723	-0.746591684019362	-0.0035964584783134755	-0.9481275457065307	-0.10761966856116095	-0.5947298039029021	0.6708704600108765	1.1388226720117176	-0.189240122127614	0.6597524359154715	0.5333209353045689
DTXSID8025707	2.195721982624006	-13.920901224160886	-3.8194865458928655	5.406956703291706	-9.698588162659835	1.3306530440186979	0.852295716320444	-0.33163387976229414	-4.076621082982452	3.155024899188597	-3.0074408651286806	4.84199490019467	4.363929765397669	-4.248236754694723	-0.5908767386109569	-4.264940625270321	0.5091183536459866	-0.7795404413581267	2.08693314530135	1.3432992632781189	2.9155457603932966	-0.035597391982231046	-0.5747345886436976	-2.3519665080671963	-4.097707908537811	-1.037999869137739	-0.8711641475863391	0.6364419526170417	0.542288711931632	-1.8131424086537093	-1.4010923175839078	0.11283850617541483	-2.6210420636165397	0.8429896322681599	-0.5472230073115185	1.9166529570053321	-0.05063800365750457	-0.8093215056896148	-0.9018494163554012	-1.1724597620984956	-1.0232345702506676	-1.935639702278445	1.2378488929907026	-0.644351687934095	1.105496881782325	0.021760675093270395	1.5355168253614009	-1.6625231512556002	1.3717467897533155	-1.2752804826990347	-0.5785263984808435	-0.7900873604984328	-0.8024938033192964	-1.0519779518091628	-1.1617984295587571	-0.08887167843116976	0.6596128332368496	-0.8841690331530903	0.37500374997612984	1.104150658653181	0.16910907584523316	0.9056716960923568	1.8976364035783404	-1.2513205547179886	0.4935371544463852	-0.6217823276218928	0.060113795236932124	0.9937003390449026	-0.2608074593085366	0.21756258477960896	-1.0711993253085705	-0.49455564832056553	-0.36225707697752596	-0.4755694420284368	1.3328256480828982	0.45733742042789194	0.040564451106455075	1.061068867390808	1.134602420727853	-1.1665810552455467	-0.06916470644408029	-0.7767360514447273	1.1582986899243375	-1.818643975265987	-1.848005624985443	0.8899968039508109	0.6652083114830823	0.42774887478043355	-1.3086214699757506	0.9267343434346901	2.6149352200918083	0.018163440233188236	-0.3306911787435766	0.7337356800654719	-0.023389135439986004	-0.43468988276243686	0.8741988961829775	0.9225184890399586	-0.10858492028036706	-0.6750187863573401
DTXSID8026307	23.5052559005316	-7.141982795454865	-3.7726158041404796	-3.9334422319643645	4.755310973957675	-1.8514224726223252	-1.1220026855322676	-0.5584526726548892	-2.802919089097463	1.3350982967890026	-0.14818388901200222	-0.1735616035187616	1.6093983189786365	0.9670572453622307	0.12220011775186071	1.670631360247898	-0.5096194047059036	-0.347670725406755	-0.6559183732032721	0.5050496379411772	0.9086062862738398	0.6722165653868438	1.5697125815103554	-0.26840654125267344	-0.6965606007800128	0.0024904118006739036	0.23938493669798444	-1.153556848930896	-1.4468032731315112	0.24474882093345304	0.34699155349088284	-0.21106968549624663	0.5158429808204864	-1.5012267826516754	0.8980013150245946	0.1980165315671249	0.004670226560491006	-1.0299395221628662	-0.6638540159881698	0.21495540135901164	-0.873005409177253	-0.0419114906057297	-0.47356769495989676	-0.9750370087550273	0.34022798730059167	0.34120157297266385	0.19134619314448242	0.027833540887262868	-0.8850273904867481	-0.3213499249885898	0.8732182177324341	-0.022427051443631062	-0.004014132810835316	0.23509476492807121	0.11859192164308005	0.7802291924650535	0.13561063703960047	0.017181088824421847	-0.22340687976499657	-0.18385574317327644	0.7509239937342925	-0.6194064151188112	-0.014715481584189338	-0.6519169630688537	0.18827409477519813	-0.4762181428768849	0.27090232965021527	1.2872894699206372	0.7696415669318933	0.24779187836097627	-0.09412422234713179	0.85672093724765	-0.3958499832538578	0.2973425661068088	-0.12308279029354115	0.5836508112941788	0.6686877953114383	0.5430828873015328	0.11213378155688525	0.45749018377170647	0.023422773561648045	-1.0283648962277836	0.19273957364207206	1.119484136520859	-0.35769381568284314	0.2015918216033913	-0.43020048905931596	-0.3547011767269179	-0.12677376988349343	-0.4645922738548326	0.40666912497410435	0.12178402668942238	0.5218016840274945	0.2672796722056782	-0.5649600579666118	-0.29301334080558833	0.21673219006055694	-0.0437113817194751	0.27915551370438707	0.8598813692342338
DTXSID8027292	15.211213123335963	0.8583932150233011	5.213072049813608	-2.3933780075392592	1.1932953929419854	10.838708843339228	-9.258584197463758	3.2918350670093983	4.082629056944677	-0.2092130519934936	2.828149650138481	-5.244441262473716	2.6813693665983633	-2.258167561753264	0.20324841645993644	0.3974203461427867	-0.8411255639492218	-0.21312042458344552	1.8892465031878247	1.421616814576554	1.9324490170125206	-1.738979641133322	-1.6990601287307594	0.1398641494889799	1.8034230431054386	1.2226518942992155	-0.7992157726398715	0.28078406409917234	-0.013994348228043097	-0.047736984413581214	-3.1304618579539376	-1.3332778644637986	-0.668865083036311	1.090016204179014	-0.3986733664216467	-0.9491318222604921	0.47765279603245253	1.1156463789255264	-0.30429337264112144	0.48129706660285143	1.9465198081678126	-0.5509373233846715	1.4934752860892189	-0.024135012835106436	0.6026962194695191	0.5781394011672036	-0.20519634553981722	0.47443619400200604	0.2424074407864382	1.7183053428194508	0.3615556997760431	-0.7573021581720569	1.519890161954534	0.15290539619240484	0.1823258544228244	-0.3675334925933416	0.03631350650033632	-0.006312728527094941	1.1339168376796622	-1.2174454698306632	-0.7493631729179988	-0.5206400590660651	-1.3947704948145514	0.1584273343951477	-0.24069452233419758	-0.5522977987210204	0.4575352393463119	-1.336328884491945	1.49821699486093	0.0019898569666952567	-0.23097166066630462	0.6027308129632041	-0.5946318410615155	0.14642948135119088	-1.0932743036553751	-0.030271404156912426	0.3336149065357296	-1.3564025478340986	0.02557364119665185	-0.6581950094057678	0.1393194618911051	-0.17792891759216756	1.1634485963591523	1.7080311769445677	1.4089070511505362	-0.1309693744920627	0.25292940320335006	0.8829113633168801	-0.5952600540214924	0.7868508629677295	0.26608695727564013	0.3677015002061372	-1.5583023605500332	-0.06713325115482921	0.006550719407167054	-0.14192051647982334	0.23232710953887065	-0.13689086483132887	0.2715824235363747	-0.7273358020890571
DTXSID8035001	13.990166144910894	-15.345450786019711	8.143273269866897	7.430751220943836	8.305603772828649	10.91856479745473	-1.305768753284909	-0.09998268655978058	2.532508864444047	-1.8969452389646957	2.3376055582885895	-4.3648461814480095	-2.275437219187562	0.2717103533349813	1.2646044300143484	-3.3605499926706424	0.8226375229375498	-1.1775178827308115	-1.8604803953920896	1.108658212556783	0.8713851582743705	-1.426677494396213	0.0024486633397015414	3.043994188189331	0.7518487312125098	-0.4542435395622631	-1.063190683809597	2.2603936505058306	-0.03989788953741382	-0.3535439899850745	-0.6608325081917451	0.20678955316982803	-0.7923706126795069	0.5124335957600177	-0.663263702215314	0.6876445753907495	0.021965078310013007	0.6091723177831531	0.08427384354277408	0.720537103089481	0.5176000473673736	0.12489770335873322	-1.5586142484436447	0.44778755468938286	0.08760255879259535	-0.13808546458845322	-1.152162504656215	0.03610974810184173	-0.1763422874509618	-0.9574043090833123	1.204900821372794	-1.323980758969928	-0.3640990709450389	-0.1279005721375051	0.003973932757882961	0.3884201726016186	1.6250581848006744	-0.8149771966027498	0.6479872491892433	0.11318909270918162	-0.02937573576748013	-1.0566918256261644	0.4229205825817834	-0.29494761637999045	-0.8363442691762696	-0.4537597097533263	-0.13068382072680831	-1.3890536753017038	-0.40516646905572723	0.42014732047954945	-0.0978029206601672	-0.13090714664030445	-0.5980002831919375	0.5600132751464946	-0.6319774697017178	1.129444963528258	-0.6722827443284815	-0.02545819570094896	-1.263302565474703	-0.658652982957072	1.3965925862765172	-0.057087963352440596	0.13098867304745004	0.25064025851643995	0.8383450020184777	0.07381713645185899	-0.12383759902198348	0.26767183464387595	-0.10909206662981735	-0.05348426576402863	-0.4492737126819407	-1.0436066019686179	0.0312711166087879	0.72252233024429	0.24637729858776353	0.8208578208664105	-0.045390536481051895	0.9875256657406326	-0.70560532492605	-0.455054001016556
DTXSID8041901	-2.7018792992546663	2.7373053488621797	18.987918065775048	1.107771018423824	2.435516548261644	-1.2361794069731515	-5.643412403035896	7.074252842877957	6.390525832200973	3.037836660506218	3.0657685553594503	3.643559516615722	2.68681147262523	-2.1798994856803104	-3.4964692332455427	1.8534159069409177	1.38652097331857	-2.925634424632154	-2.403351746534642	0.36219260865564173	4.639730802773414	-0.7740654649238716	0.6192802893518667	0.5121742342050509	2.5205315512906585	1.2703126602795365	-0.06442736196289878	-4.223362150869891	0.5082061276822567	2.3958582960368453	-0.43779691825273626	-1.1994592346396085	-0.06453079441465355	-1.3452007175986993	-2.7755430152292666	-0.7674098778874617	-0.6109750574363777	-0.7743116937853777	-0.931610666853841	1.0095224428840084	1.27062987872276	-1.1405851932004023	0.6870725665858983	0.9455734465802376	0.4028350123668232	-0.13649293503250887	-0.4174744471576858	-0.415020002957057	-0.6745024824718096	0.011821297431008949	0.5718758418929563	0.8342683800532821	-0.4044585634449016	1.4256044998785034	2.019100694521663	0.7269501067789764	-0.28964089651113323	1.2497823016584628	0.655410809468405	0.5201800321263873	1.4925305239962223	0.4308432471085542	-1.4548473452747925	0.07595241280774778	-1.6581806752375068	0.916061450149687	0.19859578334228498	0.7760941296030047	0.8500350707626212	-0.524376869394585	0.3964300946491307	0.033693127147813626	-0.30736666628065273	-0.03815911041218001	-0.056661876886276004	0.9750025778550027	0.03718832429204547	-0.11888428565030054	-1.3743805718069664	1.5372512830035914	-0.16133016833393596	0.550817517379904	0.8343570403441742	1.1479370238876776	-0.7729324741603573	-1.1653560745278053	0.7006410622149094	-0.15902657128878117	-0.2101238234518177	0.7636158261999904	-0.5885409029572295	0.9681676610803772	-0.6228091090870427	-1.3710575759089654	-0.6823860834776649	-0.1620109653401453	-0.8594986344448626	0.3102360302562999	-0.6915627068280007	0.1355252615299877
DTXSID8047769	22.96717706645059	-10.396626943168894	-3.9048246473113775	-2.6633663420362614	4.153812496512676	-0.3702078153209093	0.5510248473326104	-2.7607434808712172	-4.041925542714359	1.4298376616158603	1.1783719897810148	0.43447544493959855	2.0257153974290736	0.4736395625789656	0.4714722997241743	1.827907575169463	-0.24421485033315224	1.038687213784758	-1.2156882350509433	0.6868187162097694	0.0027974816224672484	-0.5872706777417757	1.8051173600008967	1.559100717771603	-1.4166369690732499	-0.7424881227498792	0.4801459566454763	-1.0851674495325254	-0.0238745717495086	1.5848945461822472	-0.6087550117921798	-0.07952651116679268	0.4619728874547299	-1.1253639600303662	0.2560984080632245	0.4458003626626077	-0.1304070707008815	-0.47916546566306395	-0.004421824179467852	-0.3897091632790007	0.3069900941365736	-0.5364589600784881	0.5779747983934977	0.24647551876479676	0.9011897332857923	0.33176958694589465	-0.6799468838443037	1.2300667155788978	-0.6495263732269974	-0.4925663853471662	-0.33984987157339974	0.7368325430643053	-0.4056119530347506	0.06176231443593204	0.2833408275242204	0.7591081843847893	-0.11071208114414682	0.4587098109520682	0.3422263890719588	0.25054777095828734	-0.12371451483532996	-0.627577568939589	0.27995245855325707	-0.03508707299836297	0.6790605336231449	-0.00563762220497439	0.6384748971993841	0.8117810086469688	-0.31714796734070644	0.5911921840498578	-0.6318690769494348	-0.49491347241999845	-0.6273430246972492	0.4712092639992988	-0.11662499357350886	-0.10075549399838313	-0.0074328397284724075	-0.3757317140237997	0.299111989194056	-0.07519925346113217	-0.5382004600390248	-0.13500747647023154	0.25494024956102407	0.259506232820748	-0.6734988732486177	-0.028935487097851192	0.6881815565515769	-0.0018271776070781993	-0.6123259486798108	-0.22616896241108167	-0.6227571759868493	-0.441950199798829	0.34257216429247817	0.07007222167424401	-0.6540571295571558	0.8514742403749092	0.18556438354808297	-0.21077770765854267	-0.8381925173566023	0.4897481885709594
DTXSID8051914	-2.1026799327464616	6.561232936209439	-11.309880336645945	3.9840943823049395	5.725458585711378	-2.282947567908651	3.0353166268709715	11.582896591705683	-0.7048689531460202	-2.7546245443884376	-0.8228321713970869	-1.3754970101185258	-0.5984422646939979	-0.09353372655379096	-3.700809135078897	-1.9119155904274128	-0.5439050562566908	0.29249712359482066	2.5690192808015557	-0.9216722401896257	-1.2980193326649276	-0.39811773033919834	-1.0831646007133722	2.996014902688807	2.800403922557008	-2.4962546115270325	1.6738086900860445	-0.027002419660614105	-0.5464631213853864	-0.5322799844161927	1.6415855153966206	-0.016898134522780685	-1.1888678320992356	1.2067237061145635	0.09943728741757628	0.9158662219269879	0.39767305136645326	-0.579179897257338	0.8736152468318108	-3.060216350675206	0.8513127064156232	2.4419619231356444	1.7165321257530735	-1.935133275044032	-1.2849182844666496	-0.3449804146615891	-0.5015434830523957	-0.4676936885800383	1.2572888419850086	-1.4604233903429313	-0.8731469694564129	0.8865319075969335	0.08605715196722766	0.3364717968164187	-0.3449889240520655	-1.0293722843227409	1.0694691486336092	0.25086378048756247	0.5178260446612459	-1.2545284875702354	-1.3026034504410857	-0.22043899187866012	-1.1217496375957854	0.4830853203865022	-0.012338052455126036	1.1491755513365096	-0.5802628063585954	1.2335976531545392	0.0856891063573465	0.2619311948794736	-1.3674845943563485	0.28832309785053484	1.2365041253057756	0.34896830460089495	1.0925251324012117	-1.4317337726003005	-0.9360575410987747	-0.9094949505942267	0.48754669167393205	1.0819346671809718	-0.287404958851579	0.413679220523948	-0.25200203456557874	0.49520207905943575	-0.7745984537097612	0.6150267214329421	0.8650816839792993	-0.9411301035744941	-0.00831766293245617	-0.25960614277707833	-0.8936426942786031	0.8132686118206082	-1.9943449597538851	0.6122557751273833	0.7685566304781215	0.9444845621261256	-0.6696346450528555	0.3632394001143524	0.571072749106935	-0.06637666561012033
DTXSID8052198	20.814335136092833	-14.022952875191358	1.5351802342080278	2.037789399227188	5.182978047660819	4.426435357260005	-2.1056266140909594	0.08041761933895587	-5.883257068078477	1.586771557260074	2.628920261725196	-1.794717850375073	-0.4699734129329248	-2.3692880643461707	0.7118988686940182	-1.2283372453744619	-2.2459624124558384	-0.17119191439077605	-0.09762404573516234	0.422280731091916	0.12919943469896827	-0.9384252156563102	1.9926594907150155	1.084435539707063	-0.1236904514024691	-0.5615940986893214	-1.6220645211234366	-0.05679642825730695	0.9910301873274707	0.9956663042073806	-0.05411283190479568	-0.8707180471111925	0.0997456806791993	-0.8797571150260133	-0.010234264350282976	0.23388955369510986	-0.5705632391802332	-0.31408320768195314	-0.5852150978694984	-0.7730691609635344	0.2726317312277595	0.9820140773338962	0.6326299438442962	0.37436136102538553	0.6909224975931164	0.6662043711918516	-1.1418249248953682	-1.259299189400832	0.670342277323271	-1.4254833712748973	0.4497583893684693	-7.412629740317709e-05	0.46629949227381795	-1.2752957809606513	0.32426830290459124	-0.10170238721547191	-0.5794219715569503	-0.17580345925682303	0.8396951356768896	-0.6086963302355517	-1.0467871842607408	-0.06166804607715362	0.5903356155277846	-0.9511897571682553	-0.29277678495495857	0.8635730740864899	0.6829629063858247	0.12367200148901521	-0.1403132327768824	0.23512838780834797	-0.03260314738094078	0.4729658920765776	0.1396848037564327	-0.33923298350907033	-0.296611628836872	2.015169743764782	0.6073272695682482	0.10282350175965585	-0.1149859947594814	0.2891344681003189	0.23518429216646444	0.5989791875319262	1.334827814464052	0.9823086472428597	-0.10803962655567864	-1.1584917596819209	-0.1325981161143557	0.6062306256284175	-1.5669300733562708	0.5636897088157493	0.8056556111771858	-0.2534937548344598	0.6732573671845519	0.9714040726288665	-0.17359416944065165	0.29333957248583653	0.7063215008569997	0.4066396101306723	-0.5231933547042166	-0.5419670187594461
DTXSID9020112	13.226390611939268	8.370240135913345	2.6330106498467023	1.3369355666876501	1.5363579157617346	0.7991256649184924	-9.609617754625663	4.6436607210944	-4.911546833037505	-2.0498781395828014	-3.1573991156300956	0.7144938544516454	-2.4301047279533963	4.502149029998893	-1.8462739143524918	-0.15223048383460566	-2.424748147822065	1.5437151674741552	2.1255682582104134	0.37577681661976003	0.8427736961271384	0.3656722019442358	-1.000808877690963	-2.8597266093811173	-0.966989405267349	-0.562963386234562	-0.30642295621565074	0.2022272854236155	-1.2185819931118824	-2.94891987579204	-1.6605833215702301	-1.95378651492253	0.7894896417782252	8.591245763102909e-05	-3.0783805471644436	1.73760389890643	1.082664825953319	1.9199731092691597	0.7734663106962606	1.334645341953015	-0.6945629975071472	-1.3308139557539629	0.7986609604056433	-0.9098239220373849	0.5021197725755502	-0.8195254014518925	-1.8849387292037791	-1.0150108670329256	-0.4404338578897633	-1.1171397937030894	0.2861016319906804	0.7225638090328651	-0.39437114303476845	-1.1233392832834896	-0.539648722027882	-0.07517317837894512	1.712356801307801	-1.1535905620653724	0.2717866887022446	0.7779360398209761	-0.3485800312665494	-0.14774713431505168	1.2911127381043195	0.0777687220199215	0.8325603869178343	0.001966872963675825	-1.348870398983635	-0.2194531980356214	1.1166741653343522	-0.6300362337810527	0.7396849235066899	0.022794047704948597	0.14273148899039442	0.2889871453224518	-0.6169737709578699	-0.26504694070722357	0.7797505726033647	-0.15466704131066042	-1.3882810109824377	-1.6660387955236575	-0.1594623368969755	0.15584211728646824	0.01740966859055459	-0.538531424041675	-1.5261821776432853	0.37381958367527696	-0.7437063150605605	0.977365255140677	-0.8327108740329695	-0.8279170739286498	-1.0330735499383052	-0.02499995678593875	-0.31650930820531215	-1.3510030519030856	0.21084377729995205	0.11579889305606585	-0.09227075114699969	0.6120116684205885	-0.02209827216996493	-0.469283441337461
DTXSID9020295	22.751023972601075	-2.651806408329125	-7.01868493635318	-6.406605999589944	4.124167538695252	-2.5144592925189033	-3.205311686194035	-1.1563613291824186	1.1493748536023558	0.0259509927353241	-2.307641063747839	-0.43823375936952214	2.3114197795256572	1.2360942713665761	0.1254495540247144	1.6456094276419715	-0.6126366989905594	-0.9292618432597705	0.6502294428696409	-0.6340604298595564	0.3954573754590944	0.36970436636427984	0.10655161594165334	0.42075130349769607	-0.5880952758561645	-0.1226202819237701	-0.46696987059627537	-0.5681171691361235	0.7066369363246137	-0.33225720982051615	0.12404816817879338	0.4288543464885999	-0.924493825858054	1.2277438519784314	-0.19848408408340204	-1.2271835611004804	-0.49861815799111014	-1.297871302692689	0.5437361005874118	-1.143997365105581	-0.5780711462928824	1.2492806391638136	-0.3068706876943997	0.30485588217386334	-0.2551349164944184	-0.6158260960779162	0.28227638278162437	0.7220296113135567	0.378540637256135	-0.8390175841226587	-0.4706474333301237	0.08967611236568689	0.45256117996335943	0.398583386746577	0.4322555176237837	0.7666218391600711	-0.39236447949270054	-0.15617671302556643	-0.9298604073183125	-1.0498259007028374	-0.12042573816477518	-0.5463273340701174	1.0605194786072674	0.14580336022192028	0.03822528817498633	0.07113657349811973	-0.05332887113282363	0.05214626399589624	-0.29045427470526497	0.3921391941890996	0.37880678690736336	1.0067429804066677	-0.6009867600892068	-0.09363847799291528	1.2088405267121456	0.23962053804389416	0.5765884207250722	-0.2713319667122208	-0.4113695271588804	-0.1944990448587119	-0.7908781213356519	-0.4465588978369308	-0.36834918444928794	0.46741550493121253	-0.01821259309105369	0.11402470831422933	-0.19583636144780744	0.12735813957301373	-0.3207585183987254	1.0779647831374417	0.12834166757739063	-0.9172265120013787	0.2238076063816823	-0.21112830301324392	-0.16135294550702778	0.7147400364094891	0.5774447339653925	-0.8789369870718161	0.6770129289454053	-0.7019078291551825
DTXSID9020370	18.095205532233283	-3.9301681601581087	9.285979429511077	3.868240554969619	3.6430135795872576	-4.376867113351187	-3.2460465176204627	-2.739761769706166	-0.9622701047784632	2.4421202898775487	0.11760244399106787	-2.605267066586843	-6.264015902209474	-0.3099520016272191	0.6430334266923338	-1.3728311850480979	0.7415670883606477	-0.6580972697867615	0.9862155254227659	2.0597910570885554	-1.1294477801444363	0.8203112010241309	1.79703479783859	-0.6940862446930153	0.5699123576241575	1.3124824907723518	1.8485958154066229	-1.1578723580754882	1.8541058418544534	0.11965320353476575	0.8455458062514377	-0.056537057337702555	1.0551205972818845	-0.5097367040537079	1.8449783551727543	1.2900248685239268	1.6708757174613136	-1.4572116062467637	-0.014555251794498236	-0.48659149240608196	-0.06741306162952548	-0.3071739648255125	-1.240854640907767	-0.15812408319009294	-0.2235709656278794	0.9029944595424266	0.010493413225429273	0.25631960987945596	0.6982080783826581	0.08963681154880858	-0.1992666749190995	-1.3923132801638087	-0.6119300103359478	0.3075576893088053	-2.0059394294692927	0.4090737033677492	0.5956547017261892	-0.6673603662962173	0.6141348903527133	0.8408242054216803	-0.1058008097670559	1.0273582007459163	0.6694608701163642	-0.04762751314779409	1.0892196174129556	-0.08755878411077124	-0.07107767926460411	0.5563628047216763	0.3073673969863571	1.2289030436060864	-0.262435085822938	1.31828479814769	-0.3343001398465518	1.0497088287121639	-1.0945081812292876	1.6178209342505219	0.23862372944075877	-1.3229158434485535	0.2505099979516697	-0.6654559707628901	0.7304511189756517	-1.1605807208367196	-0.30065740958336024	0.026220941740076612	0.5819397361981821	-0.172196641299231	0.12303776420351138	-1.0653178021070107	0.06784531658518302	0.38443811283428636	-0.9171234026401928	0.0015589409766166716	-0.10184842487849098	-0.7722489828124797	-0.2863218424051393	1.088113781843853	-0.7427125731196922	-0.6690135795432508	0.19681730993192462	0.3190567223233455
DTXSID9020582	12.746753265604173	-9.274948734794886	-3.0371063240970595	7.033992102929698	-7.469557232633521	1.0730952477900797	0.4939349113274622	1.284991183057603	-5.778418353426231	0.5289171558354506	0.4127225983752649	0.7375160356235635	4.709603817449904	1.896580550481612	-0.2390838133712214	-1.425505155066698	-4.913133479049425	1.896602275298882	1.113220578280019	0.2194371124790989	-0.1540420471412814	-2.619121807589459	-1.9003699304099932	3.6815793541892976	1.137746939295869	-1.0788153036403079	-1.047299530210151	0.45107687416908493	-1.40660280077996	-1.8636524913929164	-2.0112809027749354	1.817198985313743	0.3252404160316016	0.34415231507666755	-0.17823048326827012	-1.319030158678049	0.6352520953865137	0.01911186077524912	-1.2447793895248391	0.0303227989635747	-1.9426642070084317	0.15428658702280892	-1.6086737328804395	-0.4308429861154941	1.3204487502340005	1.1149060988433623	-0.8297502125031572	-0.2528139096519774	-1.0110197664258207	-2.2367653427370695	1.7586918363620219	1.7342687763670246	-0.2313102999133926	-0.004727605138299906	-1.0836528577736861	-1.1537667779179268	-1.2932292095475215	-0.4561728947032519	-0.6911393399726236	0.5488079424403365	0.4990853903944204	-2.2518001309096385	1.35463548912022	-0.01076992355785017	-0.5406581108410505	0.5234341531579219	0.4588636163869116	-0.14419131184436437	0.8904324511279951	0.21405135267630312	-0.03567366274013128	-0.5251132345092487	0.24194482439980167	-0.2801097529764843	-0.34192016851861406	0.5446124208477378	0.3897374149559411	0.06301329725759716	-0.5521998021437436	-0.6192173560994326	-0.2246549692548244	1.2862491121497397	0.09709600675699576	-0.13624511718949056	-0.9556335019458794	0.9338122188624564	-0.6873360234429008	0.8395675268002235	0.01795092033852473	-0.3764769723225435	0.6374960608011561	0.6712507850243797	0.5462505556094858	0.22280057990417557	-1.3318211544952503	0.8258606760019054	1.3897901027963382	1.3790548108123337	-0.6124526141616035	0.28666648251600524
DTXSID9021138	24.068838833735672	-7.621782257451278	-4.427719626735011	-5.369002238772696	6.877328889459494	-2.5876716037100707	-2.0814673403303092	1.5869299422068437	-0.27638499809694134	1.724108738519383	-1.0206537561143474	0.7623545271104217	0.4403941761676054	1.1728184620141404	1.1099611920835608	0.34632308939495327	-0.1162030578904563	-0.8729147184058067	-0.4810608533739021	0.15656342370051834	-0.6750692433257555	0.3656886548833022	0.008476996727759457	0.5621651337547702	-0.3812109653080553	0.610364066858019	0.277208649424905	-1.1670068743611226	-0.31590521959242956	1.924110278192551	0.3322877114508508	1.3879059025874998	-0.7205098456733061	1.157231941947802	1.5814242947998571	-0.7516607403312403	-0.3903356388634873	-0.511743993920654	0.5648512042571477	-0.714340299983209	-0.7897610880155382	0.8442135099718928	2.112344733835332	0.5255012402809853	0.16533094102755827	-0.9780937513713417	1.0268549929278934	-0.3793902276218182	1.0252789242314568	0.0646771500693976	-1.5009912045523688	-0.4091825490246353	-0.9698798743264774	0.7071093258558592	-1.039731326859736	0.36250274927973497	0.1514206600494245	0.19791018564083288	-0.10230543705199598	-0.9524094117119651	-1.1006566387808663	0.5259152419062835	0.45129410556496496	-0.22963003528913287	0.1926469991406437	0.4202482816346702	-0.5047383611888514	1.0949329358907467	-0.21639754486137475	-0.41163016151371296	0.3361074243176633	-0.2069577670936312	-0.9255026251866343	-0.5427367547916505	0.2059901786876719	-0.6329402502022219	-1.2007887484344386	0.08959497271085301	-0.7427934296204438	0.04488053580223229	-0.7780711319864209	-1.0902784155082925	0.4591410345491409	-0.9653293593215915	-0.33566815324907423	-0.4681110516209486	0.01465351670636896	-0.5385141718566884	-0.08554140233006458	0.13582961438242472	0.011494967544122447	0.13672201368224224	0.485859505134596	0.23404959468570635	-0.6250647918432404	-0.2211205104321042	0.08359543759721295	-0.5864233846755049	1.4339046806593152	0.3430777059383807
DTXSID9022310	-1.1487449345149834	-0.41332691012248374	-7.357541866202528	8.855205844559006	-3.0850932441670404	-3.130955831000391	11.77504615663152	-0.6305954941782586	6.8531067026920915	3.7199989520094574	-6.3493383433676325	0.8954350480970062	1.682486327492259	0.6603085244911999	-3.1561178507983385	-3.4493483719780054	1.364342831621034	2.6272345485590036	1.4167396137756476	0.7194156381608385	0.05182194355371074	-1.3698590736275678	-0.8274272262834996	-0.7670503624763856	2.8711849776076797	1.982270866131894	0.43416230344372303	2.010050799665132	-0.7500726098205817	1.8236926895723442	0.40672928730884506	-2.0207471480025947	0.8661468123066177	-0.39713602811712584	-1.0861521103020488	-0.37616676291654005	0.9446338170689115	0.767655120662767	-1.097623408591141	1.6512039892471873	-0.9825300177077982	0.9653882878662893	0.08359041089740636	-1.9084077193946023	-1.1418846393961735	0.32004572354864297	0.9724023086756671	0.008798129777495898	-0.023329355687611193	0.28440009453320825	-0.12184409183692374	1.1691890111474892	-1.2831059507422868	-0.994896642053964	-0.5121207978759991	-0.25447660835384467	0.436171758723275	-0.8487627542660225	0.8688820046628148	-0.8953979977861879	0.5387930637746351	-1.0905374123646745	-0.41755841459945414	0.9784082205592899	0.3610420720112218	0.04849735037182556	-0.7762308192917512	-0.04985520367794609	0.4147694538392867	0.8158134607048014	-0.22301777972979975	-0.3221594610963111	-1.6378129670187205	-1.5407610031721064	-0.08537793649755518	0.22160879898590669	0.2557064615610674	0.4522638200386513	-0.7066705623602012	-0.646670569883258	1.3346768322131348	-1.3536615782920043	-1.1954462401689177	-0.5707946471414176	0.13234885188974976	-0.4609394744084723	0.9754171867848004	0.11628539405947315	0.008400366411535834	-1.169682295721527	1.0854831179154316	0.17831343821123996	0.05695694408440902	-0.39694517823620074	-0.5606282971687693	1.130000894596193	0.5193069197367682	-0.32735444250536755	0.5745475542219952	1.2096209331321794
DTXSID9022364	-14.263029334514638	-24.604206470047952	-0.4534631556299473	-7.110322508071219	-9.932191337707458	-0.4540336399290988	-0.7704765644989122	-0.21381443723676982	-0.24705264985657507	-1.2746208182642502	-1.6286231876559019	1.6574555658232581	-2.3936073627321086	0.28331816099993085	0.6869839318978685	-0.3363354986752301	-0.06852628069818385	0.29219620651797784	0.057587303457068174	-1.3921808798749629	1.1172086452146588	-0.39653183682646626	0.8086438878512591	0.21613547240978354	-0.22794824396925475	-0.18594125219132254	-0.623525636630059	-1.6444603978017465	-0.10679228042742911	0.7159624267834421	0.2558956106792211	0.2105940885996441	1.309864917007073	-0.49327478236028205	1.057799282138813	-0.3025023966520011	0.023776745221840166	0.9385937805967839	0.10140443704999025	0.7434714445878026	-0.03989381517412601	0.16605855324046603	-0.2817184992174278	1.4570671395106107	0.7018304376919219	0.1096072699760707	0.6557695203196258	0.5874106447408896	0.1974990610183327	0.3914568159549629	0.5668099563832556	-0.642962992634746	0.5440510351591078	-0.1578075290176702	0.23702078883571662	1.0839059431874443	-0.8683342991463799	0.9916175195669207	0.5822547807418569	-0.2770376915583542	-0.12167328653203167	1.1864806891027635	0.42765352867464723	-0.29940271189670914	-0.3524540556140979	-0.25568630878026566	0.7653153628715907	-0.2290167632079389	0.6408961828870399	-0.1831032997333639	-0.003262244066797527	-0.33596916334444676	-0.01190748657062193	0.12887893760449956	0.48236291415113186	-0.05229246121996789	-0.8076047563241741	-0.2614446391625957	0.01719970842409658	0.6139660480795046	0.3835401769684565	-0.6411756450787977	-0.05358310931760968	-0.06597283534717263	0.12481231787316485	0.6475568038323491	0.14217983090043937	0.429875538595333	0.22319379158020183	-0.013444869946476815	-0.43995881064454045	0.38413652257533737	0.12903215608751575	0.1494192666456697	-0.019444011492308684	0.8972257230790353	-0.6696398601186813	-0.22737386884216557	0.2927003698337499	0.280227176529405
DTXSID9022366	-14.983027018947336	-25.056531394455043	-1.8703982924357216	-5.860747919751988	-6.519350244285814	0.43767485916650173	-1.0261891341673397	-1.5373232808599218	1.2600227167470641	-1.700944081534404	-3.633077618496696	1.0570913851518708	-1.7655675968129176	-0.26031655583194463	-1.0812611651951298	-0.9584210925502898	1.748670830483174	1.2926788044289605	0.06978788168031727	-1.9679676268826851	0.32231865525756914	0.39538125021074855	-0.209687730252648	-0.3065257043933088	1.255074398834064	2.331108119038802	0.6975187709870402	-1.8553504817708273	-0.5687568033244681	-0.9767498293522554	0.20213177430153662	-0.8768119924010825	1.7840125138636056	-1.5737977131586307	0.9101417110117478	-0.3710445395526218	-0.17924883629618824	0.3874777451923628	0.21033864274288122	0.11394178633876319	-0.0755433491351021	-0.7771076805753201	-0.8464987679981391	0.6139739506439795	0.10085681844714131	1.1956371339822045	-0.9080956426934635	0.2729401937258039	0.4744744793553033	0.8495773774506103	1.67391259690848	-0.6703608786855778	0.05918856513672586	-0.6567439037356457	1.056650946182432	0.2975853969702798	0.3121703452656314	0.3953362616859738	-0.5634395247092653	-0.03823126058786228	-0.26619817189858375	0.24116439586485722	-0.3397982869889013	0.04597379906738805	-0.2111409713645434	0.5928828462610933	-0.34841486985578723	0.4269929864285889	0.49998044619465337	0.24061730117337995	0.30745845592761656	-0.5240057797116363	-0.043592137836182786	-0.37120469933469785	-0.09685878285586524	-0.16084230940392197	0.5886684467747592	0.06672746305883462	0.2595585823831127	-0.3933747805278256	-0.2137553330864321	-0.3997142852022383	-0.036163290477249255	-0.14063767747533085	0.36577277727407653	0.16480603066324948	-0.22251353760205744	0.5435569225200763	0.4513758594418236	-0.405740721882774	-0.15364890262486663	0.49024258761907435	-0.473028404001544	-0.7513661816621438	-0.5068785300506747	-0.6657777009429646	0.08779136337526201	-0.5559860369042098	-0.48143245899478276	0.11016671876138474
DTXSID9035175	5.359083561466423	7.47302687192341	-9.056001215302706	1.1335587642571823	-0.22603016471014858	-4.322085946971882	0.26488663866661694	10.713069095550921	-1.7593856846831843	-4.6083552862367325	-0.36537121282663665	1.6844214519259637	-1.306378624608017	3.1663281522549256	2.2700441518977565	-1.5747021075366137	-1.0135932724719794	0.9200425807180731	-1.9240846667749598	-1.6430031952065687	0.2797831730512161	1.6403404656074074	1.4828387937177412	-1.2805046688805883	0.7704304172928539	-1.5666957375061128	-0.8645308550094473	0.1916792526169562	2.0896888718400257	1.136858679359411	-1.420686278354888	-1.186989134588014	1.5061931080079058	-0.9893722511831816	0.3777101478233591	-1.5574518579403214	0.7102107359631005	0.5669469386694138	0.766879896277802	-0.5785963555931437	-0.5845466932289456	1.848551101782016	-1.8774741913985635	-1.0431406685942042	-1.475395662185543	-1.654602564050216	-0.5803594103594092	0.4494213765077416	0.8667190292843663	-1.0233659249135498	0.3588085104211175	1.2219959480972935	-0.054303305934160655	-0.4979671876886255	-1.3456538453537148	-0.1752165786623786	0.6742145230057995	-0.06052526875790737	-1.7427576184988784	0.8725643315792841	1.380784371946035	-0.38403373696752735	0.560229730705924	0.16888213513869815	0.6718163322996512	0.6718839661653085	-0.13777703053831417	0.09096234844167952	0.004029712074400639	-0.7849124956436174	-0.014258503267162562	-1.1607058050876957	-0.603776516361128	-1.2905384174264012	-0.3288978546675546	-0.4976748403149825	0.25563457571423703	-0.7521178135547426	0.9577204963270898	0.3259666917263346	0.34073430012607386	0.43282180315073565	-2.0295802807799372	0.0582028984013111	0.10431913758337454	0.5602051754941757	0.8976209957400124	0.04976819182806156	0.9189959456047759	0.17783196793469966	0.16362889860650545	-0.610892961495216	-0.1425622999369258	-0.5753880480992725	0.053101251446273805	0.7944596892435949	0.7578829896109379	-0.033111270624667774	-0.5399514011323461	0.5946185273670587
DTXSID9037539	-17.44048520798438	-12.143563845706943	-1.3669197295365847	-6.580925784422096	-9.891988546638782	-0.4224159241365454	-3.2648887312985084	-0.09957450635366587	5.409490435545715	0.8040784201855532	-0.6088417758350191	-2.235616457514361	2.3442291434916163	0.02789495537463031	3.8180875910546876	-1.4523007008151034	-1.4509983164401368	0.669729650031178	-3.330748183263318	-1.8858963287031876	-1.2095004744086204	-1.4409244824952805	1.8395266602197144	0.033096881915691385	-0.18229646215716125	-1.0927556234518294	0.20364819503794995	2.7846109268132664	0.7327738347283946	0.7475076572810898	0.14336094213897171	-1.0158648588179997	0.37733638033901334	2.7151065173462996	-0.8966269131837148	1.0954509219708455	-0.7703716433783979	1.9269211534884862	-0.21677850223821094	-0.04668214264844845	0.3094750878745693	-0.7060508424764163	-0.8379636528904423	-2.4956970965216456	-0.8015757071159619	0.5911599480490831	-0.2934229431549461	1.1081650230083542	2.3013173110646266	-0.05976273204843758	-0.824927064410294	-0.8673332925803696	0.4832224831491656	0.5743838060258551	1.7961163405454479	0.28877645739125196	-0.4877246564617684	0.6290447875501335	0.5340442012084624	-0.8908306365513722	0.35428323916349036	-0.5063678154119906	1.1421812607877029	0.15150079879463546	-0.42839610115121934	-0.14443123052289147	1.5319247515007	-0.07935807625322581	0.6710543411738187	-0.2799320689544032	-0.08844161037287633	-0.10354347007151916	-0.5896634204815758	-0.3883588758041529	0.6921059637317426	-0.3043752528609144	-0.08237918387788339	-0.26416311861356223	0.9942923426696941	-0.339630803231096	-0.33743839543725884	-0.444257717978568	0.454929728068071	0.5233620099486176	0.03124570936793833	-0.3182488402075386	-0.2957010637371463	-0.24261988292539338	1.187692240346209	1.0911470855745082	-0.11134894005191999	0.226439899689014	-0.9592126985087871	0.4743700422817276	-0.3365983890727134	0.3613205573587282	-1.2017980996924846	-1.1215054865947172	-0.4286122253598035	-0.029773826606621402
DTXSID9042209	11.052200106948634	-18.339529635658558	4.269780011439748	6.355792313873668	9.759335209640795	14.00718847516746	-0.849847315212115	2.9139598593823415	-2.209069389641157	-5.604316993069547	4.037621350315897	-0.5694085258959448	-0.7051661178368542	1.548170358713744	-1.1997082816251652	-3.241458789564845	1.771341964247081	-0.2580074475313439	-2.40544669190458	2.6983854964213463	-1.0705448836849505	-3.274409275835208	1.269799454767335	0.18276379866604053	0.5995648682712874	0.4126386937800246	-1.166130320310487	0.2732929956758873	1.3826540653072024	0.36484844864997307	2.429328098207545	1.152514748447037	-0.4412334897358871	-2.154219410411614	0.4566459653237723	-0.5500358351940176	0.0020053688634730418	-0.32826805326303604	-2.3266669866201157	-0.7740936638947672	1.5014181257045147	-1.2696021530502313	0.09618821552629946	-0.38525383815726016	-0.5765255710441849	0.5440557987049607	1.1109644918247785	0.47560055279339863	-0.0501398586562768	1.348995617008147	0.12581049932098248	-0.03164194346848194	-0.7659564648583941	-0.3549279977017448	-0.6313291195874439	0.7160361458405884	-0.22139344120215138	-0.06281862703076654	0.3828881140448088	-0.2648330083927344	0.0065133357476121635	1.4034872860289664	0.5817053249139374	-1.2205819850571047	0.2552436390494888	-0.3830262130556145	0.17616588194810753	0.3502313614616293	-0.819999211110425	-0.6477663963046304	0.5757967162005824	0.8257947359209593	-0.27853129819120404	0.4392154656483932	-0.25016073724654087	-0.622042723396303	-0.06334676529691335	0.23838212296063335	-0.015781536827019653	0.012176349398109179	0.1473068560578027	-0.6712672975101166	1.3238274959131935	-0.48251562184997654	0.7339921817631625	0.6681670004685993	0.6625518091775925	0.11159643003221166	-0.10487704270592901	0.013402313236144789	0.5772777675673231	0.4559145566592754	-0.6145990275175964	0.6538741797084866	0.32821849358920474	0.03388308915177502	0.4247496087673048	-0.060670934925617884	-0.16318690531438684	-0.1617740988596161
DTXSID9051618	22.103581558395142	-8.274869491969891	-4.839944922905799	-0.6284559817899636	3.870294007499493	0.13181317243626822	-1.095678044839683	2.01633349764831	-2.8988142521982745	1.6722024858581617	-1.2205558079867005	0.9169238378907137	0.21761722754655083	0.011133629796509444	0.83423950399301	2.4648458166459895	-0.11364923397519087	0.896386523688839	0.8002939761114871	1.29619718484967	-1.6500306636535518	-2.2114888298952566	0.8548019081085839	0.4616915170128742	0.2597810721171371	-1.1788403394309044	-0.3154897753415789	-2.083931969787951	0.5782614402691781	-0.26820786546192504	-0.5923410256479122	0.20503384096719335	0.4982783373620872	-0.6136388315805144	-0.3198870876461788	1.1643849972962985	-0.2541289259576768	0.5715877499074457	1.0378721560039115	0.0003423589618388142	-1.6144856936900194	-0.7856984221005834	0.325425564317328	-1.0324764599119511	0.5061554802429579	-0.48010832498392086	0.8950085787026244	0.13999400257745742	-0.7102350544826692	-0.5509923551016909	0.33096315085967104	0.4808483561235713	-0.0694709255325762	0.5805431367235485	0.5250414244665449	-0.09609642469192396	0.07042764138347019	-0.10060673186082593	-0.0006670735205679555	0.1331255199118689	0.7358011248026383	-0.5323126708354565	-1.0620629051562007	-0.47576654469894986	-0.17576377130215126	0.0969775286857703	0.5816985564386974	0.054634957237437096	0.29636457393481924	-0.02417214123756465	0.690154014521113	-0.2819079339998544	-0.17190671030332347	0.1087782386495936	-1.2400437595472573	-0.32912350670729773	-0.3895403650931542	-0.2711589535380303	0.6030059078836727	-0.4290052339026131	-0.4636600423028921	-0.2576945072372558	0.9259463928815863	-0.6316531316449906	0.17417842338070672	-0.3408485735808826	0.12994945731293267	-0.468685231377825	-0.9929360739740224	0.7757981045477854	0.18083097965573547	0.9335544160330673	0.0075833960157845924	0.13402901440125867	0.3604853142572139	-1.0772187531243467	-0.38768529119239786	-0.35006936333501526	0.1309142254316047	-0.3126403165149219
